ST_CASE,VEH_NO,PER_NO,YEAR,P1,P2,P3,P4,P5,P6,P7,P8,P9,P10
10607,0,1,1987,0,0,18,0,0,0,0,0,26,0
10607,1,1,1987,0,0,0,0,0,0,0,0,0,0
10608,1,1,1987,0,0,0,0,0,0,0,0,0,0
10608,2,1,1987,0,0,0,0,0,0,0,0,0,0
10608,3,1,1987,0,0,10,0,0,0,0,0,0,0
10609,1,1,1987,23,23,23,23,23,23,23,23,23,23
10610,1,1,1987,0,0,0,0,0,0,0,0,0,0
10611,1,1,1987,10,10,10,10,10,10,10,10,10,10
10612,1,1,1987,19,19,19,19,19,19,19,19,19,19
10613,1,1,1987,18,18,18,18,18,18,18,18,18,18
10614,1,1,1987,17,17,17,17,17,17,17,17,17,17
10615,1,1,1987,0,0,0,0,0,0,0,0,0,0
10615,2,1,1987,0,0,0,0,0,0,0,0,0,0
10616,1,1,1987,17,17,17,17,17,17,17,17,17,17
10617,1,1,1987,0,0,0,0,0,0,0,0,0,0
10617,2,1,1987,15,15,15,15,15,15,15,15,15,15
10618,1,1,1987,40,40,40,40,40,40,40,40,40,40
10619,1,1,1987,11,11,11,11,11,11,11,11,11,11
10620,1,1,1987,0,0,0,0,0,0,0,0,0,0
10621,1,1,1987,6,6,6,6,6,6,6,6,6,6
10622,1,1,1987,0,0,0,0,0,0,0,0,0,0
10622,2,1,1987,0,0,0,0,0,0,0,0,0,0
10623,1,1,1987,0,0,0,0,0,0,0,0,0,0
10623,2,1,1987,0,0,0,0,0,0,0,0,0,0
10624,1,1,1987,27,27,27,27,27,27,27,27,27,27
10625,1,1,1987,25,13,20,18,0,18,11,13,17,17
10626,1,1,1987,0,0,0,0,0,0,0,0,0,0
10627,1,1,1987,0,0,0,0,0,0,0,0,0,0
10628,1,1,1987,0,0,0,0,0,0,0,0,0,0
10629,1,1,1987,0,0,0,0,0,0,0,0,0,0
10630,1,1,1987,12,12,12,12,12,12,12,12,12,12
10631,1,1,1987,0,0,0,0,0,0,0,0,0,0
10631,2,1,1987,0,0,0,0,0,0,0,0,0,0
10632,1,1,1987,0,0,0,0,0,0,0,0,0,0
10632,2,1,1987,0,0,0,0,0,0,0,0,0,0
10633,1,1,1987,0,0,0,0,0,0,0,0,0,0
10633,2,1,1987,0,0,0,0,0,0,0,0,0,0
10634,1,1,1987,31,31,31,31,31,31,31,31,31,31
10634,2,1,1987,0,0,0,16,0,0,0,0,0,32
10635,1,1,1987,0,0,0,0,0,0,0,25,0,0
10636,1,1,1987,0,0,0,0,0,0,0,0,0,0
10637,1,1,1987,14,18,15,7,18,8,8,23,22,30
10638,1,1,1987,0,0,0,0,0,0,0,0,0,0
10639,1,1,1987,0,0,0,0,0,0,0,0,0,0
10639,2,1,1987,0,0,0,0,0,0,0,0,0,0
10640,1,1,1987,0,0,0,0,0,0,0,0,0,0
10640,2,1,1987,0,0,0,0,0,0,0,0,0,0
10641,1,1,1987,15,15,15,15,15,15,15,15,15,15
10642,1,1,1987,22,22,22,22,22,22,22,22,22,22
10642,2,1,1987,0,0,0,0,0,0,0,0,0,0
10643,1,1,1987,21,21,21,21,21,21,21,21,21,21
10644,1,1,1987,0,0,0,0,0,0,0,0,0,0
10644,2,1,1987,0,0,0,0,0,0,0,0,0,0
10645,1,1,1987,15,14,11,15,19,8,11,11,22,13
10645,2,1,1987,0,18,7,0,0,0,0,0,0,0
10646,1,1,1987,39,14,18,12,28,27,8,0,21,21
10647,1,1,1987,0,28,17,22,30,33,16,6,11,17
10648,1,1,1987,0,0,0,0,0,2,0,0,0,0
10648,2,1,1987,0,0,0,0,0,0,0,0,0,0
10649,1,1,1987,24,15,0,19,42,13,11,8,3,7
10650,1,1,1987,4,4,4,4,4,4,4,4,4,4
10651,1,1,1987,12,12,12,12,12,12,12,12,12,12
10652,1,1,1987,20,20,20,20,20,20,20,20,20,20
10653,1,1,1987,0,25,20,0,0,18,0,0,23,26
10654,1,1,1987,0,0,0,0,0,0,0,0,0,0
10655,1,1,1987,4,4,4,4,4,4,4,4,4,4
10655,2,1,1987,0,0,0,0,0,0,0,0,0,0
10656,1,1,1987,32,0,0,0,26,0,0,0,0,0
10657,1,1,1987,0,0,0,0,0,0,0,0,0,0
10658,1,1,1987,0,0,0,0,0,0,0,0,0,0
10659,1,1,1987,14,34,36,16,21,14,21,16,28,18
10660,1,1,1987,0,0,0,0,0,0,0,0,0,0
10660,2,1,1987,34,34,34,34,34,34,34,34,34,34
10661,1,1,1987,11,11,11,11,11,11,11,11,11,11
10662,1,1,1987,18,18,18,18,18,18,18,18,18,18
10663,1,1,1987,0,0,0,0,0,0,0,0,0,0
10663,2,1,1987,0,0,0,0,0,0,0,0,0,0
10664,1,1,1987,0,0,22,29,24,15,16,15,0,13
10665,1,1,1987,15,15,15,15,15,15,15,15,15,15
10666,1,1,1987,0,0,0,0,0,0,35,0,0,0
10666,2,1,1987,0,0,0,0,0,0,0,0,0,0
10667,1,1,1987,0,0,0,0,0,0,0,0,0,0
10668,1,1,1987,0,0,0,0,0,0,0,0,0,0
10668,2,1,1987,0,0,0,0,0,0,0,0,0,0
10669,1,1,1987,0,0,0,0,0,0,0,0,0,0
10669,2,1,1987,0,0,0,26,0,12,0,0,0,0
10670,0,1,1987,0,0,0,0,0,0,0,0,0,0
10670,1,1,1987,0,0,0,0,0,0,0,0,0,0
10671,0,1,1987,0,0,0,0,0,0,0,0,0,0
10672,0,1,1987,0,0,0,0,0,0,0,0,0,0
10672,1,1,1987,0,0,0,0,0,0,0,0,0,0
10673,1,1,1987,12,12,12,12,12,12,12,12,12,12
10673,2,1,1987,0,0,0,0,0,0,0,0,0,0
10674,1,1,1987,12,12,12,12,12,12,12,12,12,12
10675,1,1,1987,4,4,4,4,4,4,4,4,4,4
10676,1,1,1987,0,0,0,0,0,0,0,0,0,0
10677,1,1,1987,30,30,30,30,30,30,30,30,30,30
10677,2,1,1987,0,0,0,0,0,0,0,0,0,0
10678,1,1,1987,6,6,6,6,6,6,6,6,6,6
10678,2,1,1987,0,10,0,17,0,0,0,0,0,15
10679,1,1,1987,0,0,0,0,0,0,0,0,0,0
10680,1,1,1987,18,27,9,35,13,10,28,9,12,25
10681,1,1,1987,24,33,7,0,15,24,0,0,13,24
10682,1,1,1987,0,0,0,0,0,0,0,0,0,0
10683,1,1,1987,21,21,21,21,21,21,21,21,21,21
10684,1,1,1987,2,2,2,2,2,2,2,2,2,2
10685,1,1,1987,20,20,20,20,20,20,20,20,20,20
10685,2,1,1987,0,0,0,0,0,0,0,0,0,0
10686,1,1,1987,0,0,0,0,0,0,11,0,0,0
10686,2,1,1987,0,0,0,0,0,0,0,0,0,0
10687,1,1,1987,0,0,0,0,0,0,0,0,0,0
10687,2,1,1987,0,0,0,0,0,0,0,0,0,0
10688,1,1,1987,17,17,17,17,17,17,17,17,17,17
10689,1,1,1987,36,36,36,36,36,36,36,36,36,36
10690,1,1,1987,0,0,0,0,0,0,0,0,0,0
10691,1,1,1987,16,16,16,16,16,16,16,16,16,16
10692,1,1,1987,0,0,0,0,0,0,18,0,0,0
10693,1,1,1987,20,20,20,20,20,20,20,20,20,20
10694,0,1,1987,26,26,26,26,26,26,26,26,26,26
10694,1,1,1987,0,0,0,0,0,0,0,0,0,0
10695,1,1,1987,0,0,0,0,0,0,0,0,0,0
10695,2,1,1987,0,0,0,0,0,0,0,0,0,0
10696,1,1,1987,0,0,0,0,0,0,0,0,0,0
10696,2,1,1987,0,0,0,0,0,0,0,0,0,13
10697,1,1,1987,25,25,25,25,25,25,25,25,25,25
10698,1,1,1987,0,0,0,0,0,0,0,0,0,0
10699,1,1,1987,0,0,0,0,0,0,0,0,0,0
10700,1,1,1987,9,19,21,18,16,13,18,4,11,20
10700,2,1,1987,0,0,0,0,0,0,0,0,0,0
10701,1,1,1987,0,0,0,0,0,0,0,0,0,0
10702,1,1,1987,0,0,0,0,0,0,0,0,0,0
10702,2,1,1987,0,0,0,0,0,0,0,0,0,0
10703,1,1,1987,0,3,0,0,0,0,0,0,0,0
10703,2,1,1987,0,0,0,0,0,0,0,0,0,0
10703,3,1,1987,0,0,0,0,0,0,0,0,0,0
10704,1,1,1987,0,0,0,0,0,0,0,0,0,0
10704,2,1,1987,0,0,0,18,0,0,0,20,0,0
10704,3,1,1987,0,0,0,0,0,0,0,0,0,0
10705,0,1,1987,15,15,15,15,15,15,15,15,15,15
10705,1,1,1987,0,0,0,0,0,0,14,0,0,18
10705,2,1,1987,0,0,0,0,0,12,0,0,0,0
10706,1,1,1987,0,0,0,0,0,0,0,0,0,0
10707,1,1,1987,18,18,18,18,18,18,18,18,18,18
10708,1,1,1987,0,22,0,0,0,0,0,0,0,0
10708,2,1,1987,0,0,0,0,0,0,0,0,0,0
10709,1,1,1987,1,1,1,1,1,1,1,1,1,1
10709,2,1,1987,0,0,0,0,0,0,0,0,0,0
10710,0,1,1987,0,0,0,0,0,0,0,0,0,0
10710,1,1,1987,0,0,0,0,0,0,0,0,0,0
10711,1,1,1987,16,16,16,16,16,16,16,16,16,16
10712,1,1,1987,21,21,21,21,21,21,21,21,21,21
10712,2,1,1987,0,0,0,0,0,0,0,0,0,0
10713,1,1,1987,26,11,0,4,0,17,0,0,0,0
10714,1,1,1987,0,0,0,0,0,0,0,0,0,0
10715,1,1,1987,0,0,0,0,0,0,0,0,0,0
10715,2,1,1987,0,0,0,0,0,0,0,0,0,0
10716,1,1,1987,3,3,3,3,3,3,3,3,3,3
10717,1,1,1987,0,0,0,0,0,0,0,0,0,0
10717,2,1,1987,0,0,0,0,0,0,0,0,0,0
10718,0,1,1987,12,12,12,12,12,12,12,12,12,12
10718,1,1,1987,0,0,0,0,0,0,0,0,0,0
10719,1,1,1987,0,0,0,0,0,0,0,0,0,0
10720,1,1,1987,0,0,0,0,0,0,0,0,0,0
10720,2,1,1987,0,0,0,12,0,0,0,0,0,0
10721,1,1,1987,23,0,0,31,0,14,0,0,14,0
10721,2,1,1987,0,0,0,0,0,0,0,0,0,0
10722,1,1,1987,13,13,13,13,13,13,13,13,13,13
10723,1,1,1987,0,0,0,0,0,0,0,0,0,0
10723,2,1,1987,14,14,14,14,14,14,14,14,14,14
10724,1,1,1987,0,0,0,0,0,0,0,0,0,0
10724,2,1,1987,0,0,0,0,0,0,0,0,0,0
10725,1,1,1987,0,0,9,0,0,33,9,0,0,38
10726,1,1,1987,0,0,0,0,0,18,0,0,0,0
10726,2,1,1987,0,0,0,0,0,0,0,0,0,0
10727,1,1,1987,0,0,0,0,0,0,0,0,15,0
10728,1,1,1987,31,31,31,31,31,31,31,31,31,31
10729,1,1,1987,0,0,13,0,0,16,0,0,0,0
10730,1,1,1987,0,0,0,0,0,0,0,0,0,0
10731,1,1,1987,0,17,16,15,16,43,12,32,25,16
10732,1,1,1987,26,26,26,26,26,26,26,26,26,26
10733,1,1,1987,0,0,0,0,0,0,0,0,0,0
10734,1,1,1987,0,0,0,17,11,0,10,15,0,0
10734,2,1,1987,0,0,0,0,0,0,0,0,0,0
10734,3,1,1987,0,0,0,0,0,0,0,0,0,0
10734,4,1,1987,11,0,0,0,0,0,0,0,0,0
10735,1,1,1987,0,4,0,0,0,0,0,0,0,0
10735,2,1,1987,0,0,0,0,0,0,0,17,12,0
10736,1,1,1987,0,0,0,0,0,0,0,0,0,0
10736,2,1,1987,0,0,0,0,0,0,0,0,0,0
10737,1,1,1987,0,0,0,0,0,0,0,0,0,0
10737,2,1,1987,0,0,0,0,0,0,0,0,0,0
10738,1,1,1987,26,12,24,16,15,38,18,0,0,15
10739,1,1,1987,0,0,0,0,16,0,0,0,0,0
10739,2,1,1987,0,0,0,0,0,0,0,0,0,0
10740,1,1,1987,18,20,0,0,19,0,21,22,0,7
10740,2,1,1987,18,18,18,18,18,18,18,18,18,18
10741,1,1,1987,15,3,13,13,7,16,3,15,21,10
10742,1,1,1987,0,11,18,17,18,0,0,0,11,11
10743,1,1,1987,0,0,0,0,0,0,0,0,0,0
10744,1,1,1987,21,21,21,21,21,21,21,21,21,21
10745,1,1,1987,0,0,0,0,0,0,0,0,0,0
10746,1,1,1987,0,0,0,0,0,0,0,0,0,0
10747,1,1,1987,0,0,0,0,0,0,0,0,0,0
10747,2,1,1987,11,11,11,11,11,11,11,11,11,11
10748,1,1,1987,8,8,8,8,8,8,8,8,8,8
10748,2,1,1987,21,21,21,21,21,21,21,21,21,21
10749,1,1,1987,20,20,20,20,20,20,20,20,20,20
10750,1,1,1987,30,30,30,30,30,30,30,30,30,30
10750,2,1,1987,0,0,0,0,0,0,0,0,0,0
10750,3,1,1987,0,0,0,0,0,0,0,0,0,0
10751,1,1,1987,0,0,0,0,0,0,0,0,0,0
10751,2,1,1987,0,0,0,0,0,0,0,0,0,0
10751,3,1,1987,0,0,0,0,0,0,0,0,0,0
10752,0,1,1987,0,0,0,0,0,0,0,0,0,0
10752,1,1,1987,0,0,0,0,0,0,0,0,0,0
10753,0,1,1987,0,0,0,0,0,0,0,0,0,0
10753,1,1,1987,0,0,0,0,0,0,0,0,0,0
10754,1,1,1987,0,0,0,0,0,0,0,0,0,0
10754,2,1,1987,0,0,0,0,0,0,0,0,0,0
10755,1,1,1987,0,0,0,0,0,0,0,0,0,0
10756,1,1,1987,0,21,0,0,0,8,0,0,0,0
10756,2,1,1987,0,0,0,0,0,0,0,0,0,0
10757,1,1,1987,33,23,21,21,27,24,18,5,21,13
10758,1,1,1987,0,0,24,0,0,12,0,16,0,0
10759,1,1,1987,0,16,29,0,0,10,0,0,0,29
10760,0,1,1987,0,0,0,0,0,0,0,0,0,0
10760,1,1,1987,14,0,0,0,0,0,0,0,0,0
10761,1,1,1987,0,0,0,0,0,0,0,0,0,0
10761,2,1,1987,0,0,0,0,0,0,0,0,0,0
10762,1,1,1987,0,0,8,0,0,19,0,0,0,0
10763,1,1,1987,0,0,0,0,0,0,0,0,0,3
10763,2,1,1987,0,26,0,0,0,0,0,0,0,0
10764,1,1,1987,25,25,25,25,25,25,25,25,25,25
10764,2,1,1987,0,0,0,0,0,0,0,0,0,0
10765,1,1,1987,15,15,15,15,15,15,15,15,15,15
10766,0,1,1987,20,20,20,20,20,20,20,20,20,20
10766,1,1,1987,0,0,0,0,0,0,0,0,0,0
10767,1,1,1987,0,0,0,17,0,0,0,0,0,0
10768,0,1,1987,0,0,0,0,0,0,0,0,0,0
10768,1,1,1987,6,16,22,14,13,10,28,17,4,0
10769,1,1,1987,22,22,22,22,22,22,22,22,22,22
10770,1,1,1987,31,4,0,0,0,0,0,9,0,16
10771,1,1,1987,6,6,6,6,6,6,6,6,6,6
10772,1,1,1987,0,0,0,0,0,0,0,0,0,0
10772,2,1,1987,0,0,0,0,0,0,0,0,0,0
10773,1,1,1987,0,0,0,0,0,0,0,0,0,0
10773,2,1,1987,3,3,3,3,3,3,3,3,3,3
10774,1,1,1987,16,16,16,16,16,16,16,16,16,16
10775,1,1,1987,0,0,0,0,0,0,0,0,0,0
10776,1,1,1987,16,16,16,16,16,16,16,16,16,16
10776,2,1,1987,0,0,0,0,0,0,0,0,0,0
10777,1,1,1987,23,23,23,23,23,23,23,23,23,23
10777,2,1,1987,2,2,2,2,2,2,2,2,2,2
10778,1,1,1987,0,0,0,0,0,0,0,0,0,0
10778,2,1,1987,0,0,0,0,0,0,0,0,0,0
10779,1,1,1987,4,4,4,4,4,4,4,4,4,4
10779,2,1,1987,6,0,0,0,0,0,0,0,0,0
10780,1,1,1987,24,0,0,25,20,18,19,10,3,0
10781,1,1,1987,0,5,14,7,22,25,20,0,12,10
10782,1,1,1987,13,13,13,13,13,13,13,13,13,13
10783,1,1,1987,0,0,0,0,0,0,0,0,0,0
10784,1,1,1987,0,0,0,20,0,0,0,18,34,29
10785,1,1,1987,0,0,0,8,0,0,0,0,0,0
10785,2,1,1987,0,0,0,0,0,0,0,0,0,22
10786,1,1,1987,0,0,0,0,0,0,0,0,0,0
10787,1,1,1987,19,19,19,19,19,19,19,19,19,19
10787,2,1,1987,28,0,9,18,37,0,0,8,20,0
10788,1,1,1987,0,0,11,0,0,0,0,0,0,0
10788,2,1,1987,0,0,0,8,0,0,0,14,0,0
10789,1,1,1987,29,29,29,29,29,29,29,29,29,29
10790,1,1,1987,0,0,0,0,0,0,0,0,0,0
10791,1,1,1987,6,27,9,29,29,17,7,17,10,4
10791,2,1,1987,0,0,0,0,0,0,0,0,0,0
10792,1,1,1987,0,0,0,0,0,0,0,0,0,0
10793,1,1,1987,20,20,20,20,20,20,20,20,20,20
10794,1,1,1987,0,0,0,0,0,0,0,0,0,0
10795,1,1,1987,18,11,31,26,20,20,26,20,33,20
10796,1,1,1987,2,2,2,2,2,2,2,2,2,2
10797,1,1,1987,20,20,20,20,20,20,20,20,20,20
10797,2,1,1987,0,0,0,0,0,0,0,0,0,0
10798,1,1,1987,0,0,0,0,0,0,0,0,0,0
10799,1,1,1987,40,21,36,13,7,23,32,13,11,16
10800,1,1,1987,14,14,14,14,14,14,14,14,14,14
10801,1,1,1987,6,6,6,6,6,6,6,6,6,6
10801,2,1,1987,0,0,0,0,0,0,0,0,0,0
10802,1,1,1987,24,24,24,24,24,24,24,24,24,24
10803,1,1,1987,0,0,0,0,0,0,0,0,0,0
10803,2,1,1987,0,0,0,0,0,0,0,0,11,0
10804,1,1,1987,17,17,17,17,17,17,17,17,17,17
10805,1,1,1987,0,0,0,0,0,0,0,0,0,0
10805,2,1,1987,0,0,0,0,0,0,0,0,0,0
10805,3,1,1987,0,0,0,0,0,0,0,0,0,0
10805,4,1,1987,0,0,0,0,0,0,0,0,0,0
10805,5,1,1987,0,0,0,0,0,0,0,0,0,0
10806,1,1,1987,7,7,7,7,7,7,7,7,7,7
10807,1,1,1987,18,18,18,18,18,18,18,18,18,18
10807,2,1,1987,9,0,0,9,0,0,0,20,0,0
10808,1,1,1987,22,22,22,22,22,22,22,22,22,22
10808,2,1,1987,0,4,0,0,0,0,0,0,0,0
10808,3,1,1987,0,0,0,0,0,0,0,0,0,0
10809,0,1,1987,15,15,15,15,15,15,15,15,15,15
10809,1,1,1987,17,15,15,16,8,5,19,5,15,12
10810,1,1,1987,15,15,15,15,15,15,15,15,15,15
10810,2,1,1987,0,0,0,0,0,0,0,0,0,0
10811,1,1,1987,0,0,0,0,0,0,0,0,0,0
10811,2,1,1987,0,0,0,0,0,0,0,0,0,0
10812,1,1,1987,15,8,0,13,0,0,0,0,11,1
10813,1,1,1987,0,22,0,0,0,0,0,0,0,0
10814,1,1,1987,9,14,0,8,0,29,0,0,0,29
10815,0,1,1987,13,37,6,0,0,0,31,13,0,16
10815,1,1,1987,0,0,0,0,0,0,0,0,0,0
10816,1,1,1987,26,26,26,26,26,26,26,26,26,26
10817,1,1,1987,20,20,20,20,20,20,20,20,20,20
10818,1,1,1987,6,6,6,6,6,6,6,6,6,6
10819,1,1,1987,3,3,3,3,3,3,3,3,3,3
10819,2,1,1987,0,0,0,0,0,0,0,0,0,0
10820,1,1,1987,0,0,0,0,0,0,0,0,0,0
10820,2,1,1987,0,0,0,0,0,0,0,0,0,0
10821,1,1,1987,0,0,0,0,0,0,0,0,0,0
10822,1,1,1987,17,11,18,17,0,15,30,12,10,28
10823,1,1,1987,15,15,15,15,15,15,15,15,15,15
10824,0,1,1987,0,0,0,0,0,0,0,0,0,0
10824,1,1,1987,0,0,0,0,0,0,0,0,0,0
10825,1,1,1987,0,0,0,0,0,0,0,0,0,0
10826,1,1,1987,0,0,0,0,0,0,0,0,0,0
10827,1,1,1987,24,24,24,24,24,24,24,24,24,24
10828,1,1,1987,0,0,0,0,0,0,0,0,0,0
10829,1,1,1987,9,9,9,9,9,9,9,9,9,9
10830,1,1,1987,0,0,0,0,0,0,0,0,0,0
10830,2,1,1987,0,15,0,0,0,0,0,0,0,0
10831,1,1,1987,0,0,0,0,0,0,0,0,0,0
10831,2,1,1987,0,0,0,0,0,0,0,0,0,0
10832,1,1,1987,22,22,22,22,22,22,22,22,22,22
10832,2,1,1987,0,0,0,0,0,0,0,0,0,0
10833,1,1,1987,0,0,0,0,0,0,0,0,0,0
10833,2,1,1987,0,0,0,0,0,0,0,10,0,0
10833,3,1,1987,0,0,0,0,0,0,0,0,0,0
10834,1,1,1987,0,0,0,0,0,0,0,0,0,0
10834,2,1,1987,24,24,24,24,24,24,24,24,24,24
10835,1,1,1987,22,22,22,22,22,22,22,22,22,22
10836,1,1,1987,0,0,0,0,0,0,24,0,0,0
10837,1,1,1987,19,19,19,19,19,19,19,19,19,19
10838,0,1,1987,20,20,20,20,20,20,20,20,20,20
10838,1,1,1987,0,0,0,32,0,24,25,0,0,0
10839,1,1,1987,15,15,15,15,15,15,15,15,15,15
10839,2,1,1987,22,20,14,4,12,0,22,15,18,15
10840,1,1,1987,0,0,0,0,0,0,0,0,0,0
10841,1,1,1987,0,0,0,0,0,0,0,0,0,0
10842,1,1,1987,22,22,22,22,22,22,22,22,22,22
10843,1,1,1987,0,0,0,23,0,0,0,0,0,0
10844,1,1,1987,19,19,19,19,19,19,19,19,19,19
10845,0,1,1987,0,0,0,0,17,0,0,18,0,0
10845,1,1,1987,0,0,0,0,0,0,0,0,0,0
10846,1,1,1987,0,7,13,14,8,11,12,23,11,20
10847,1,1,1987,18,18,18,18,18,18,18,18,18,18
10848,1,1,1987,0,0,0,0,0,0,0,0,0,0
10848,2,1,1987,0,0,0,0,0,0,0,0,0,0
10849,1,1,1987,21,21,21,21,21,21,21,21,21,21
10850,1,1,1987,0,6,0,0,0,0,0,0,0,0
10850,2,1,1987,0,0,0,0,0,0,0,0,0,0
10851,1,1,1987,0,0,0,0,0,0,0,0,0,0
10852,1,1,1987,0,0,0,0,0,0,0,0,0,0
10852,2,1,1987,20,20,20,20,20,20,20,20,20,20
10853,1,1,1987,0,0,0,0,0,0,0,0,0,0
10853,2,1,1987,0,0,0,0,0,0,0,0,0,0
10854,1,1,1987,0,0,0,0,0,0,0,0,0,0
10855,1,1,1987,37,37,37,37,37,37,37,37,37,37
10856,0,1,1987,0,0,0,0,0,0,0,0,0,0
10856,1,1,1987,0,0,0,0,0,0,0,0,0,0
10857,1,1,1987,0,0,0,0,0,0,0,0,0,0
10857,2,1,1987,0,0,0,0,0,0,0,0,0,0
10858,1,1,1987,0,0,0,0,0,0,0,0,0,0
10858,2,1,1987,0,0,0,0,0,0,0,0,0,0
10859,1,1,1987,0,0,0,0,0,0,0,0,0,0
10859,2,1,1987,0,0,0,0,0,0,0,0,0,0
10860,1,1,1987,10,10,10,10,10,10,10,10,10,10
10860,2,1,1987,0,0,0,0,0,0,0,0,0,0
10860,3,1,1987,0,0,0,0,0,0,0,0,0,0
10861,1,1,1987,0,0,0,0,0,0,0,0,0,0
10861,2,1,1987,0,0,0,0,0,0,0,0,0,0
10862,1,1,1987,0,0,0,0,0,0,13,0,0,0
10862,2,1,1987,0,0,0,0,0,0,0,0,0,0
10862,3,1,1987,3,0,0,0,0,0,0,0,0,0
10863,1,1,1987,0,0,0,0,0,0,0,0,0,0
10863,2,1,1987,0,0,0,0,0,0,0,0,0,0
10864,1,1,1987,9,9,9,9,9,9,9,9,9,9
10865,1,1,1987,24,5,15,10,21,12,0,21,20,27
10866,0,1,1987,0,0,0,0,0,0,0,0,0,0
10866,1,1,1987,27,12,17,0,29,16,15,0,19,18
10867,1,1,1987,0,0,0,0,0,0,0,0,0,0
10867,2,1,1987,0,0,0,0,0,0,0,19,0,0
10868,1,1,1987,4,4,4,4,4,4,4,4,4,4
10868,2,1,1987,0,0,0,0,0,0,0,0,0,0
10869,0,1,1987,0,0,0,0,0,0,0,0,0,0
10869,1,1,1987,0,0,0,0,0,0,0,0,0,0
10870,0,1,1987,17,17,17,17,17,17,17,17,17,17
10870,1,1,1987,0,0,0,0,12,0,0,18,0,0
10871,1,1,1987,24,20,15,10,0,26,6,0,31,21
10872,1,1,1987,0,0,0,0,0,0,0,0,0,0
10872,2,1,1987,0,0,0,0,0,0,0,0,0,0
10873,1,1,1987,0,0,0,0,0,0,0,0,0,0
10873,2,1,1987,0,0,0,0,0,0,0,0,0,0
10874,1,1,1987,13,4,7,18,24,0,11,18,32,18
10875,0,1,1987,0,0,0,0,0,25,0,0,0,0
10875,1,1,1987,7,0,0,0,0,0,0,0,0,0
10876,1,1,1987,0,0,0,0,0,0,0,0,0,0
10876,2,1,1987,0,0,0,0,0,0,0,0,0,0
10877,0,1,1987,0,0,0,0,0,0,0,0,0,0
10877,1,1,1987,0,0,0,0,0,0,0,0,0,0
10878,1,1,1987,0,0,0,0,0,0,0,0,0,0
10878,2,1,1987,0,0,20,0,0,0,0,0,0,0
10879,1,1,1987,0,0,0,0,0,0,0,0,0,0
10879,2,1,1987,0,0,0,0,0,0,0,0,0,0
10880,1,1,1987,0,0,0,0,0,0,0,0,0,0
10880,2,1,1987,0,0,0,0,0,0,0,0,0,0
10881,1,1,1987,18,0,0,0,0,0,7,0,0,0
10882,1,1,1987,0,0,0,0,0,0,0,0,0,0
10882,2,1,1987,0,0,0,0,0,0,0,0,0,0
10883,1,1,1987,15,15,15,15,15,15,15,15,15,15
10884,1,1,1987,28,28,28,28,28,28,28,28,28,28
10884,2,1,1987,0,0,0,0,0,0,0,0,0,0
10885,1,1,1987,18,18,18,18,18,18,18,18,18,18
10885,2,1,1987,0,0,0,0,0,0,0,0,0,0
10886,1,1,1987,29,29,29,29,29,29,29,29,29,29
10887,1,1,1987,0,0,0,0,0,0,0,0,0,0
10887,2,1,1987,0,0,0,0,0,0,0,0,0,0
10888,1,1,1987,17,17,17,17,17,17,17,17,17,17
10889,1,1,1987,0,0,0,0,0,0,0,0,0,0
10889,2,1,1987,0,0,0,0,0,0,0,0,0,0
10890,1,1,1987,0,0,0,0,0,0,0,0,0,0
10890,2,1,1987,0,0,0,0,0,0,0,0,0,0
10891,1,1,1987,12,24,18,7,4,12,10,9,19,31
10891,2,1,1987,0,0,0,0,6,0,0,22,0,0
10892,1,1,1987,0,0,0,0,0,0,0,0,0,0
10893,1,1,1987,25,12,21,26,7,16,17,28,15,14
10894,1,1,1987,29,29,29,29,29,29,29,29,29,29
10895,1,1,1987,0,0,0,13,0,18,0,0,10,21
10895,2,1,1987,0,0,0,0,0,0,0,0,0,0
10896,1,1,1987,0,0,0,0,0,0,0,0,0,0
10897,1,1,1987,18,18,18,18,18,18,18,18,18,18
10898,1,1,1987,0,0,0,13,0,0,0,0,0,0
10898,2,1,1987,0,0,0,0,0,0,0,0,0,0
10899,1,1,1987,18,0,6,14,10,13,10,5,11,7
10899,2,1,1987,0,0,0,0,0,0,0,20,7,0
10900,1,1,1987,0,0,18,0,0,27,3,0,0,0
10901,1,1,1987,13,13,13,13,13,13,13,13,13,13
10902,1,1,1987,0,0,0,0,0,0,0,0,0,0
10902,2,1,1987,0,0,0,0,0,0,0,0,0,0
10903,1,1,1987,3,3,3,3,3,3,3,3,3,3
10904,1,1,1987,19,0,0,18,0,10,0,23,0,0
10904,2,1,1987,0,0,0,0,0,0,0,0,0,0
10905,0,1,1987,0,0,0,0,0,0,0,0,0,0
10905,1,1,1987,0,0,0,0,0,0,0,0,0,0
10906,1,1,1987,18,18,18,18,18,18,18,18,18,18
10906,2,1,1987,0,0,0,0,0,0,0,0,0,0
10907,1,1,1987,7,7,7,7,7,7,7,7,7,7
10908,1,1,1987,0,0,0,0,0,0,0,0,0,0
10908,2,1,1987,0,0,0,0,0,0,0,0,0,0
10909,1,1,1987,4,4,4,4,4,4,4,4,4,4
10910,0,1,1987,0,0,0,0,0,0,0,0,0,0
10910,1,1,1987,0,0,0,0,0,0,0,0,0,0
10910,2,1,1987,0,0,0,0,0,0,12,0,0,0
10911,1,1,1987,0,0,0,0,0,0,0,0,0,0
10911,2,1,1987,0,0,0,0,0,0,0,0,0,0
10912,1,1,1987,23,23,23,23,23,23,23,23,23,23
10913,1,1,1987,37,37,37,37,37,37,37,37,37,37
10914,1,1,1987,0,0,0,0,0,0,0,0,0,0
10915,1,1,1987,31,31,31,31,31,31,31,31,31,31
10916,1,1,1987,0,0,0,0,0,0,0,0,0,0
10917,1,1,1987,0,0,0,0,0,0,0,0,15,0