ST_CASE,VEH_NO,PER_NO,YEAR,P1,P2,P3,P4,P5,P6,P7,P8,P9,P10
10918,1,1,1987,8,8,8,8,8,8,8,8,8,8
10919,1,1,1987,24,24,24,24,24,24,24,24,24,24
10920,1,1,1987,23,23,23,23,23,23,23,23,23,23
10921,1,1,1987,0,0,0,0,0,0,0,0,0,0
10921,2,1,1987,0,12,27,0,22,0,30,7,18,0
10922,0,1,1987,0,0,0,0,0,0,0,0,0,0
10922,1,1,1987,0,0,0,0,0,0,0,0,0,13
10923,1,1,1987,19,19,19,19,19,19,19,19,19,19
10924,1,1,1987,5,5,5,5,5,5,5,5,5,5
10924,2,1,1987,0,0,0,0,0,0,0,0,0,0
10925,1,1,1987,12,12,12,12,12,12,12,12,12,12
10926,1,1,1987,0,0,0,0,0,0,0,4,0,0
10926,2,1,1987,0,0,0,0,0,0,0,0,0,0
10927,1,1,1987,29,29,29,29,29,29,29,29,29,29
10928,1,1,1987,0,0,0,0,0,0,0,0,0,0
10928,2,1,1987,0,0,0,0,0,0,0,0,0,0
10929,1,1,1987,12,12,12,12,12,12,12,12,12,12
10930,1,1,1987,0,0,0,0,0,0,0,0,0,0
10930,2,1,1987,0,0,0,0,0,0,0,0,0,0
10931,1,1,1987,0,16,16,32,26,16,23,20,29,18
10932,1,1,1987,16,16,16,16,16,16,16,16,16,16
10932,2,1,1987,0,0,0,0,0,0,0,0,0,0
10933,1,1,1987,24,24,24,24,24,24,24,24,24,24
10933,2,1,1987,0,0,0,0,0,0,0,0,0,0
10933,3,1,1987,0,12,0,0,0,0,0,0,0,0
10934,1,1,1987,20,20,20,20,20,20,20,20,20,20
10934,2,1,1987,0,0,0,0,0,0,0,0,0,0
10935,1,1,1987,0,0,0,0,0,0,0,0,0,0
10936,1,1,1987,0,0,0,0,0,0,17,0,0,0
10937,1,1,1987,0,0,0,0,0,0,0,0,0,0
10938,1,1,1987,0,0,0,0,0,0,0,0,0,0
10939,0,1,1987,22,22,22,22,22,22,22,22,22,22
10939,1,1,1987,15,12,12,15,27,20,14,19,20,10
10940,1,1,1987,0,0,0,0,0,0,0,0,0,0
10941,1,1,1987,0,0,0,25,0,0,9,31,0,0
10941,2,1,1987,0,0,0,0,0,9,0,0,0,16
10942,1,1,1987,0,0,0,0,0,0,0,0,0,0
10942,2,1,1987,0,0,0,0,0,0,0,0,0,0
10943,1,1,1987,14,14,14,14,14,14,14,14,14,14
10944,1,1,1987,15,15,15,15,15,15,15,15,15,15
10945,1,1,1987,0,0,0,0,0,0,0,0,0,8
10945,2,1,1987,14,14,14,14,14,14,14,14,14,14
10946,1,1,1987,13,13,13,13,13,13,13,13,13,13
10947,1,1,1987,11,11,11,11,11,11,11,11,11,11
10947,2,1,1987,0,0,0,0,0,0,0,0,0,0
10948,1,1,1987,0,0,0,0,0,0,0,0,0,0
10949,1,1,1987,15,15,15,15,15,15,15,15,15,15
10950,1,1,1987,0,8,0,0,0,0,0,0,0,0
10951,1,1,1987,0,0,0,0,0,0,0,0,0,0
10951,2,1,1987,0,0,0,0,0,0,0,0,0,0
10951,3,1,1987,0,0,0,0,0,0,0,0,0,0
10952,1,1,1987,18,18,18,18,18,18,18,18,18,18
10953,1,1,1987,24,24,24,24,24,24,24,24,24,24
10954,1,1,1987,0,0,0,0,0,0,0,0,0,0
10955,1,1,1987,34,34,34,34,34,34,34,34,34,34
10956,1,1,1987,0,0,0,0,0,0,0,0,0,0
10956,2,1,1987,0,0,0,0,0,0,0,0,0,0
10957,1,1,1987,6,0,32,0,20,24,10,0,0,0
10958,1,1,1987,0,0,0,0,0,0,0,0,0,0
10958,2,1,1987,0,0,0,0,0,0,0,0,0,0
10959,1,1,1987,27,27,27,27,27,27,27,27,27,27
10959,2,1,1987,0,20,0,0,0,0,0,0,0,19
10960,2,1,1987,0,0,0,0,0,0,0,0,0,0
10961,1,1,1987,12,12,12,12,12,12,12,12,12,12
10961,2,1,1987,0,0,0,0,0,0,0,0,0,0
10961,3,1,1987,0,0,0,0,0,0,0,0,0,0
10962,1,1,1987,19,19,19,19,19,19,19,19,19,19
10963,1,1,1987,19,19,19,19,19,19,19,19,19,19
10964,1,1,1987,1,1,1,1,1,1,1,1,1,1
10965,1,1,1987,0,0,0,0,0,0,0,0,0,0
10965,2,1,1987,0,0,0,0,0,0,0,0,0,0
10966,1,1,1987,0,0,0,0,0,0,0,0,0,0
10967,1,1,1987,11,11,11,11,11,11,11,11,11,11
10968,1,1,1987,0,0,0,0,0,0,0,0,0,0
10968,2,1,1987,0,0,0,0,0,0,0,0,0,0
10969,0,1,1987,30,30,30,30,30,30,30,30,30,30
10969,1,1,1987,0,0,0,0,0,0,0,0,0,0
10971,1,1,1987,0,11,0,0,0,0,0,0,0,0
10971,2,1,1987,0,0,0,0,0,0,0,0,0,0
10972,1,1,1987,0,28,18,12,18,0,29,0,0,12
10973,0,1,1987,0,0,0,0,0,0,0,0,0,0
10973,1,1,1987,0,0,0,0,0,0,0,0,0,0
10974,1,1,1987,0,0,0,0,0,0,0,0,0,0
10975,0,1,1987,34,34,34,34,34,34,34,34,34,34
10975,1,1,1987,0,0,0,0,0,0,0,0,0,0
10976,1,1,1987,20,20,20,20,20,20,20,20,20,20
10977,1,1,1987,0,0,0,0,0,0,0,0,0,0
10978,1,1,1987,0,0,0,0,0,0,0,0,0,0
10978,2,1,1987,0,0,0,0,0,0,0,0,0,0
10979,1,1,1987,12,12,12,12,12,12,12,12,12,12
10980,1,1,1987,0,0,0,0,0,0,0,0,0,0
10980,2,1,1987,6,6,6,6,6,6,6,6,6,6
20001,0,1,1987,16,16,16,16,16,16,16,16,16,16
20001,1,1,1987,18,18,18,18,18,18,18,18,18,18
20002,1,1,1987,0,0,0,0,0,0,0,0,0,0
20003,1,1,1987,0,0,0,0,0,0,0,0,0,0
20004,0,1,1987,0,6,0,0,0,0,0,0,0,0
20004,1,1,1987,0,0,0,0,0,0,0,0,0,0
20006,0,1,1987,18,0,0,6,0,0,16,0,0,0
20006,1,1,1987,0,0,0,0,0,0,0,0,0,0
20007,1,1,1987,0,0,0,15,6,0,0,0,0,8
20008,1,1,1987,13,13,13,13,13,13,13,13,13,13
20008,2,1,1987,4,4,4,4,4,4,4,4,4,4
20009,1,1,1987,0,0,0,0,0,0,0,0,0,0
20009,2,1,1987,0,0,0,0,0,0,0,0,0,0
20010,0,1,1987,15,0,38,3,23,15,26,23,33,30
20010,1,1,1987,14,14,14,14,14,14,14,14,14,14
20011,1,1,1987,0,0,0,0,0,0,0,0,0,0
20011,2,1,1987,0,0,0,0,0,0,0,0,0,0
20012,0,1,1987,0,0,0,0,0,0,0,0,0,0
20012,2,1,1987,0,0,0,0,0,0,0,0,0,0
20013,1,1,1987,3,3,3,3,3,3,3,3,3,3
20014,1,1,1987,26,26,26,26,26,26,26,26,26,26
20015,1,1,1987,0,0,0,0,0,0,0,0,0,0
20015,2,1,1987,0,0,0,0,0,0,0,0,0,0
20015,3,1,1987,0,0,0,0,0,0,0,0,0,0
20016,1,1,1987,0,0,0,0,0,0,0,0,0,0
20016,2,1,1987,0,0,0,0,0,0,0,0,0,0
20017,1,1,1987,15,15,15,15,15,15,15,15,15,15
20018,1,1,1987,28,28,28,28,28,28,28,28,28,28
20019,1,1,1987,0,0,0,0,0,0,0,0,0,0
20019,2,1,1987,0,0,0,0,0,0,0,0,0,0
20020,1,1,1987,34,34,34,34,34,34,34,34,34,34
20021,1,1,1987,24,32,0,0,19,18,0,16,30,24
20021,2,1,1987,0,0,0,22,0,0,3,15,0,0
20022,1,1,1987,0,0,0,0,0,0,0,0,0,0
20022,2,1,1987,0,0,0,9,0,0,0,9,0,0
20023,0,1,1987,22,22,22,22,22,22,22,22,22,22
20023,1,1,1987,0,0,0,0,0,0,0,0,0,0
20024,1,1,1987,1,1,1,1,1,1,1,1,1,1
20024,2,1,1987,18,18,18,18,18,18,18,18,18,18
20025,1,1,1987,0,0,0,0,0,0,0,0,0,0
20025,2,1,1987,0,0,0,0,0,0,0,0,0,0
20026,1,1,1987,2,2,2,2,2,2,2,2,2,2
20026,2,1,1987,0,0,0,0,0,0,0,0,0,0
20027,1,1,1987,0,0,0,0,0,0,0,0,0,0
20027,2,1,1987,0,0,0,0,0,0,0,0,0,0
20028,1,1,1987,0,0,15,0,0,0,0,0,0,0
20030,1,1,1987,5,5,5,5,5,5,5,5,5,5
20031,1,1,1987,23,23,23,23,23,23,23,23,23,23
20032,1,1,1987,0,0,0,0,0,0,0,0,0,0
20032,2,1,1987,0,0,0,0,0,0,0,0,0,0
20033,1,1,1987,9,9,9,9,9,9,9,9,9,9
20034,1,1,1987,0,0,0,0,0,0,0,0,0,0
20036,1,1,1987,0,0,0,0,0,0,0,0,0,0
20036,2,1,1987,24,24,24,24,24,24,24,24,24,24
20037,0,1,1987,22,22,22,22,22,22,22,22,22,22
20037,1,1,1987,15,22,27,9,12,21,7,14,16,7
20038,1,1,1987,0,0,0,0,0,0,0,0,0,0
20038,2,1,1987,6,6,6,6,6,6,6,6,6,6
20039,1,1,1987,20,20,20,20,20,20,20,20,20,20
20040,0,1,1987,40,40,40,40,40,40,40,40,40,40
20040,1,1,1987,10,10,10,10,10,10,10,10,10,10
20041,0,1,1987,23,23,23,23,23,23,23,23,23,23
20041,1,1,1987,11,11,11,11,11,11,11,11,11,11
20042,1,1,1987,0,0,0,0,0,0,0,0,0,0
20042,2,1,1987,0,0,0,0,0,0,0,0,0,0
20042,3,1,1987,0,0,0,0,0,0,0,0,0,0
20043,1,1,1987,12,12,12,12,12,12,12,12,12,12
20043,2,1,1987,6,6,6,6,6,6,6,6,6,6
20044,0,1,1987,0,0,0,0,0,0,0,0,0,0
20044,1,1,1987,0,0,0,0,0,0,0,0,0,0
20045,1,1,1987,0,0,0,0,0,0,0,0,0,0
20046,1,1,1987,0,0,0,0,0,0,0,0,0,0
20046,2,1,1987,0,0,0,0,0,0,0,0,0,4
20046,3,1,1987,0,0,0,0,12,0,0,0,0,0
20047,1,1,1987,0,0,0,0,0,0,0,0,0,0
20047,2,1,1987,12,12,12,12,12,12,12,12,12,12
20048,1,1,1987,2,2,2,2,2,2,2,2,2,2
20048,2,1,1987,0,0,0,0,0,0,0,0,0,0
20049,1,1,1987,0,0,0,0,0,0,0,0,0,0
20049,2,1,1987,0,0,0,0,0,0,0,0,0,0
20050,1,1,1987,0,0,0,0,0,0,0,0,0,0
20050,2,1,1987,0,0,0,0,0,0,0,0,0,0
20051,0,1,1987,0,0,0,0,0,0,0,0,0,0
20051,0,2,1987,0,0,0,0,0,0,0,0,0,0
20051,1,1,1987,0,0,0,0,0,0,0,0,0,0
20052,0,1,1987,22,22,22,22,22,22,22,22,22,22
20052,0,2,1987,33,10,24,0,7,15,14,0,6,33
20052,1,1,1987,0,0,0,0,0,0,0,0,0,0
20053,1,1,1987,0,0,0,0,0,0,0,0,0,0
20054,1,1,1987,0,0,0,0,0,0,0,0,0,0
20054,2,1,1987,0,0,0,0,0,0,0,0,0,0
20055,1,1,1987,27,27,27,27,27,27,27,27,27,27
20056,1,1,1987,12,12,12,12,12,12,12,12,12,12
20057,1,1,1987,6,6,6,6,6,6,6,6,6,6
20058,1,1,1987,0,0,17,0,0,0,0,0,0,0
20058,2,1,1987,0,0,0,0,0,0,0,0,0,0
20059,1,1,1987,0,14,13,7,16,0,0,0,0,0
20060,1,1,1987,19,19,19,19,19,19,19,19,19,19
20061,0,1,1987,28,28,28,28,28,28,28,28,28,28
20061,1,1,1987,0,0,0,0,0,0,0,0,0,0
20062,0,1,1987,19,19,19,19,19,19,19,19,19,19
20062,1,1,1987,0,0,0,0,0,0,0,0,0,0
20063,0,1,1987,0,0,0,0,0,0,0,0,0,0
20063,1,1,1987,0,0,0,0,0,0,0,0,0,0
20064,1,1,1987,0,0,0,0,0,0,0,0,0,0
20065,0,1,1987,0,0,0,0,0,0,0,0,0,0
20065,1,1,1987,21,21,21,21,21,21,21,21,21,21
20065,2,1,1987,0,0,0,0,26,0,0,0,0,0
20066,1,1,1987,0,0,0,0,0,0,0,0,0,0
20066,2,1,1987,0,0,0,0,0,0,0,0,0,0
20067,1,1,1987,15,15,15,15,15,15,15,15,15,15
20068,0,1,1987,22,22,22,22,22,22,22,22,22,22
20068,1,1,1987,0,0,0,0,0,0,0,0,0,0
20069,1,1,1987,12,12,12,12,12,12,12,12,12,12
20069,2,1,1987,0,0,0,0,0,0,0,0,0,0
20070,1,1,1987,32,32,32,32,32,32,32,32,32,32
20071,0,1,1987,0,0,0,0,0,0,0,0,0,0
20071,0,2,1987,0,9,15,0,9,0,0,6,0,0
20071,1,1,1987,0,0,0,0,0,0,0,0,0,0
20072,1,1,1987,19,19,19,19,19,19,19,19,19,19
20073,1,1,1987,18,18,18,18,18,18,18,18,18,18
20073,2,1,1987,0,0,0,14,0,0,13,0,0,0
40001,1,1,1987,17,15,32,19,18,19,4,14,2,18
40002,0,1,1987,11,11,11,11,11,11,11,11,11,11
40002,1,1,1987,17,20,19,9,0,15,15,0,9,17
40003,0,1,1987,31,31,31,31,31,31,31,31,31,31
40003,1,1,1987,14,8,15,11,5,17,9,10,9,12
40004,1,1,1987,25,25,25,25,25,25,25,25,25,25
40004,2,1,1987,0,26,0,0,0,0,0,0,0,0
40005,1,1,1987,0,0,0,0,0,0,0,0,0,0
40005,2,1,1987,0,0,0,0,0,0,0,0,0,0
40006,1,1,1987,0,25,0,9,0,11,16,23,21,0
40007,1,1,1987,8,8,8,8,8,8,8,8,8,8
40007,2,1,1987,25,25,25,25,25,25,25,25,25,25
40008,1,1,1987,0,0,0,0,0,0,0,0,0,0
40009,0,1,1987,0,0,22,23,15,31,14,17,37,18
40009,1,1,1987,10,0,0,0,0,0,0,0,0,0
40010,1,1,1987,0,0,0,0,0,0,0,0,0,0
40012,0,1,1987,0,0,0,0,0,0,0,0,0,0
40012,1,1,1987,0,0,0,0,0,0,0,0,0,0
40013,1,1,1987,14,35,19,22,14,0,24,19,3,17
40014,1,1,1987,0,0,0,0,0,0,0,0,0,0
40015,1,1,1987,26,9,0,0,10,6,12,22,4,0
40015,2,1,1987,0,0,4,0,0,0,0,0,0,0
40015,3,1,1987,6,0,16,28,11,8,8,15,2,0
40015,4,1,1987,0,0,0,0,0,0,0,0,0,0
40016,1,1,1987,0,0,0,0,0,0,0,0,0,0
40016,2,1,1987,0,0,0,0,0,0,0,0,0,0
40017,1,1,1987,0,0,0,0,0,0,0,0,0,0
40017,2,1,1987,0,0,0,0,0,0,0,0,0,0
40018,1,1,1987,0,0,0,20,0,0,0,0,0,0
40019,1,1,1987,0,0,0,0,0,0,0,0,0,0
40020,1,1,1987,0,0,0,0,0,0,0,0,0,0
40020,2,1,1987,0,0,0,0,0,0,0,0,0,0
40021,1,1,1987,19,19,19,19,19,19,19,19,19,19
40021,2,1,1987,0,0,0,0,0,0,0,0,0,0
40022,1,1,1987,0,0,0,0,0,0,0,0,0,7
40023,1,1,1987,28,11,4,19,9,16,20,17,5,19
40024,0,1,1987,0,0,0,0,0,0,0,0,0,0
40024,1,1,1987,0,0,0,0,0,0,0,0,0,0
40025,1,1,1987,0,0,0,0,0,0,0,0,0,7
40026,1,1,1987,0,0,0,0,0,0,0,0,0,0
40027,1,1,1987,44,17,21,15,32,37,22,28,31,17
40028,1,1,1987,4,4,4,4,4,4,4,4,4,4
40029,0,1,1987,26,26,26,26,26,26,26,26,26,26
40029,1,1,1987,0,0,0,0,0,0,0,0,0,0
40030,1,1,1987,0,0,0,0,0,0,0,0,0,0
40032,0,1,1987,4,0,27,0,0,0,0,18,0,0
40032,1,1,1987,0,0,0,0,0,0,0,0,0,0
40033,0,1,1987,0,0,0,0,0,0,0,0,0,0
40033,1,1,1987,0,0,0,0,0,0,0,0,0,0
40034,0,1,1987,0,0,0,0,0,0,0,0,0,0
40034,1,1,1987,0,0,0,0,0,0,0,0,0,0
40035,0,1,1987,26,0,22,0,0,0,11,10,16,13
40035,1,1,1987,0,0,0,0,11,8,0,0,0,0
40036,1,1,1987,0,0,22,0,0,0,0,0,0,0
40036,2,1,1987,0,0,0,0,0,0,0,0,0,0
40036,3,1,1987,0,0,0,0,0,0,11,0,0,0
40037,0,1,1987,0,0,0,0,0,0,0,0,0,0
40037,0,2,1987,0,7,0,23,5,0,0,5,0,0
40037,1,1,1987,34,12,18,9,14,28,11,8,10,20
40038,1,1,1987,32,13,19,18,13,26,12,16,18,25
40039,1,1,1987,0,0,0,0,0,0,0,0,0,0
40039,2,1,1987,0,0,0,0,0,0,0,0,0,0
40040,1,1,1987,0,0,0,0,0,0,0,0,0,0
40040,2,1,1987,0,0,0,0,0,0,0,0,0,0
40041,0,1,1987,20,20,20,20,20,20,20,20,20,20
40041,1,1,1987,0,0,0,0,0,0,0,0,0,0
40042,1,1,1987,21,0,0,0,11,17,0,0,15,0
40042,2,1,1987,0,0,0,0,0,0,0,0,0,0
40043,0,1,1987,18,18,16,19,36,17,11,25,18,13
40043,1,1,1987,0,0,0,0,0,0,0,0,0,9
40044,1,1,1987,0,0,0,0,0,0,0,0,0,0
40045,1,1,1987,0,0,0,0,0,0,0,0,0,0
40045,2,1,1987,0,0,0,0,0,0,0,0,0,0
40046,1,1,1987,0,0,0,0,0,0,0,0,0,0
40046,2,1,1987,0,0,0,0,0,0,0,0,0,0
40047,1,1,1987,0,0,0,0,0,0,0,0,0,0
40047,2,1,1987,0,0,0,0,0,0,0,0,0,0
40048,0,1,1987,0,0,0,0,17,0,0,0,0,0
40048,1,1,1987,0,0,0,0,0,0,0,0,0,0
40049,1,1,1987,19,19,19,19,19,19,19,19,19,19
40050,1,1,1987,0,0,0,0,0,26,0,0,0,0
40050,2,1,1987,0,0,0,0,0,0,0,0,0,0
40050,3,1,1987,0,0,0,0,0,0,0,0,0,0
40051,0,1,1987,28,28,28,28,28,28,28,28,28,28
40051,1,1,1987,0,0,0,0,0,0,0,0,0,0
40052,1,1,1987,0,0,0,0,0,0,0,0,0,0
40053,1,1,1987,0,0,0,0,0,0,0,0,0,0
40053,2,1,1987,0,0,0,0,0,0,0,0,0,0
40053,3,1,1987,0,0,0,0,0,0,0,0,0,0
40054,1,1,1987,20,20,20,20,20,20,20,20,20,20
40055,1,1,1987,21,21,21,21,21,21,21,21,21,21
40055,2,1,1987,3,3,3,3,3,3,3,3,3,3
40055,3,1,1987,0,26,0,0,9,0,0,0,0,0
40056,1,1,1987,18,18,18,18,18,18,18,18,18,18
40057,0,1,1987,24,24,24,24,24,24,24,24,24,24
40057,1,1,1987,7,16,17,17,13,17,11,14,11,15
40058,1,1,1987,0,0,0,0,0,0,0,0,0,0
40059,0,1,1987,23,0,0,0,0,0,0,0,13,0
40059,1,1,1987,0,0,0,0,0,0,0,0,0,0
40060,1,1,1987,0,0,0,0,0,0,0,0,0,0
40060,2,1,1987,0,0,0,0,0,0,0,0,0,0
40061,1,1,1987,21,21,21,21,21,21,21,21,21,21
40061,2,1,1987,0,0,0,7,0,9,0,0,9,0
40062,1,1,1987,0,0,0,0,0,0,0,0,0,0
40062,2,1,1987,0,0,0,0,0,0,0,0,0,0
40062,3,1,1987,0,0,0,0,0,0,0,12,0,0
40063,1,1,1987,24,0,0,0,0,0,0,0,0,0
40063,2,1,1987,0,0,0,0,0,0,0,0,0,0
40064,0,1,1987,7,0,0,14,0,13,3,31,17,31
40064,1,1,1987,0,0,0,0,0,0,0,0,0,0
40065,0,1,1987,15,18,36,33,16,15,11,20,27,0
40065,1,1,1987,0,19,18,0,0,0,0,0,0,0
40066,1,1,1987,8,0,0,12,0,0,23,0,0,0
40067,2,1,1987,0,0,0,0,0,0,0,0,0,0
40067,3,1,1987,0,0,0,0,0,0,0,0,0,0
40067,4,1,1987,0,0,0,0,0,0,0,0,0,0
40068,1,1,1987,0,0,0,0,0,0,0,0,0,0
40068,2,1,1987,15,0,5,0,11,0,0,0,0,0
40069,1,1,1987,0,0,0,0,0,0,0,0,0,0
40069,2,1,1987,0,0,0,20,0,0,0,0,0,0
40070,1,1,1987,0,0,0,0,0,0,0,0,0,0
40070,2,1,1987,0,0,0,0,0,0,0,0,0,0
40071,1,1,1987,0,0,0,0,0,0,0,0,0,0
40072,1,1,1987,13,16,11,27,0,24,8,0,24,26
40072,2,1,1987,0,20,7,15,21,7,14,24,16,16
40073,1,1,1987,0,0,0,0,0,0,0,0,0,0
40073,2,1,1987,0,16,22,16,26,6,31,25,7,16
40074,1,1,1987,15,19,11,19,16,32,20,18,16,25
40074,2,1,1987,0,0,0,0,0,0,0,0,0,0
40074,3,1,1987,14,0,0,0,11,0,0,0,0,0
40075,0,1,1987,0,0,0,0,0,0,0,0,0,0
40075,1,1,1987,0,23,0,0,0,0,0,0,0,0
40076,1,1,1987,19,19,19,19,19,19,19,19,19,19
40077,1,1,1987,21,6,36,0,14,34,21,14,29,17
40078,1,1,1987,21,21,21,21,21,21,21,21,21,21
40078,2,1,1987,0,0,0,0,0,0,0,8,0,0
40079,1,1,1987,12,12,12,12,12,12,12,12,12,12
40080,1,1,1987,0,22,0,0,13,0,0,0,0,0
40081,0,1,1987,0,0,0,0,0,0,0,0,0,0
40081,1,1,1987,0,0,0,0,0,0,0,0,0,11
40082,0,1,1987,16,20,21,18,0,17,9,12,40,26
40082,1,1,1987,0,0,0,0,0,0,0,0,0,0
40083,1,1,1987,0,0,0,0,0,0,0,0,0,0
40084,1,1,1987,0,0,0,0,0,0,0,0,0,0
40085,1,1,1987,4,4,4,4,4,4,4,4,4,4
40085,2,1,1987,0,0,0,0,0,0,0,0,0,0
40086,1,1,1987,0,0,0,0,0,0,0,0,0,0
40086,2,1,1987,0,0,0,0,0,0,0,0,0,0
40087,0,1,1987,23,21,25,29,19,20,12,0,23,0
40087,1,1,1987,0,0,0,0,0,7,0,0,13,0
40088,1,1,1987,20,7,14,0,6,13,0,11,15,0
40089,1,1,1987,0,0,0,0,0,0,0,0,0,0
40089,2,1,1987,0,0,0,0,0,0,0,0,0,0
40090,1,1,1987,10,0,0,0,0,0,0,0,0,0
40090,2,1,1987,8,8,8,8,8,8,8,8,8,8
40091,1,1,1987,0,0,0,0,0,0,0,0,0,0
40091,2,1,1987,6,6,6,6,6,6,6,6,6,6
40092,1,1,1987,25,25,25,25,25,25,25,25,25,25
40093,0,1,1987,8,12,49,36,28,8,16,13,17,0
40093,1,1,1987,0,0,0,10,0,0,0,0,0,0
40094,1,1,1987,13,13,13,13,13,13,13,13,13,13
40094,2,1,1987,0,0,0,0,0,0,18,16,3,0
40095,0,1,1987,0,0,0,0,0,0,0,0,0,0
40095,1,1,1987,14,44,14,0,33,0,0,0,15,0
40095,2,1,1987,16,24,5,6,4,10,19,12,7,22
40095,3,1,1987,0,0,0,0,0,0,0,6,0,0
40095,4,1,1987,0,0,0,0,0,0,0,0,0,0
40096,1,1,1987,14,15,9,19,26,4,16,22,10,16
40096,2,1,1987,0,0,0,0,0,0,0,0,0,0
40097,1,1,1987,0,0,0,0,14,0,17,0,9,0
40097,2,1,1987,0,0,0,0,0,0,0,0,0,0
40098,1,1,1987,0,0,3,0,0,0,0,0,0,0
40098,2,1,1987,0,0,0,0,0,0,0,0,0,0
40098,3,1,1987,0,0,0,0,0,0,0,13,0,0
40099,1,1,1987,18,18,18,18,18,18,18,18,18,18
40099,2,1,1987,0,0,0,0,0,0,0,0,0,0
40100,0,1,1987,0,0,0,0,0,0,0,0,0,0
40101,1,1,1987,28,28,28,28,28,28,28,28,28,28
40102,1,1,1987,16,22,27,13,26,14,18,32,13,28
40103,1,1,1987,0,0,0,0,0,0,0,0,0,0
40103,2,1,1987,0,0,0,0,0,0,0,0,0,0
40104,1,1,1987,0,0,0,0,0,0,0,0,0,0
40104,2,1,1987,0,0,0,0,0,0,0,0,0,0
40104,3,1,1987,0,0,0,0,0,0,0,0,0,0
40104,4,1,1987,0,0,0,0,0,0,0,0,0,0
40105,1,1,1987,0,0,0,0,12,0,0,0,0,0
40105,2,1,1987,0,0,0,0,0,0,0,0,0,0
40106,0,1,1987,0,0,0,0,0,0,0,0,0,0
40106,1,1,1987,0,0,0,0,0,0,0,0,0,0
40107,0,1,1987,0,0,0,0,0,0,0,0,10,0
40107,0,2,1987,0,0,0,0,0,0,0,4,0,0
40107,1,1,1987,0,0,0,0,0,0,0,0,0,0
40108,0,1,1987,0,0,0,0,0,0,0,0,0,0
40108,1,1,1987,13,15,0,22,10,21,14,13,14,16
40109,0,1,1987,9,12,0,53,0,0,4,14,0,0
40109,1,1,1987,0,0,0,0,0,0,0,0,0,0
40110,1,1,1987,0,19,0,0,0,0,19,0,0,0
40110,2,1,1987,6,6,6,6,6,6,6,6,6,6
40111,1,1,1987,31,31,31,31,31,31,31,31,31,31
40112,1,1,1987,0,0,25,0,19,0,0,0,0,11
40113,1,1,1987,0,0,0,0,0,0,0,0,0,0
40113,2,1,1987,7,7,7,7,7,7,7,7,7,7
40114,1,1,1987,16,16,16,16,16,16,16,16,16,16
40114,2,1,1987,0,0,12,0,0,0,0,0,0,0
40115,1,1,1987,19,19,19,19,19,19,19,19,19,19
40115,2,1,1987,0,0,11,0,0,0,0,0,0,0
40116,1,1,1987,0,0,0,0,0,0,0,0,0,0
40116,2,1,1987,0,0,0,0,0,0,0,0,0,0
40117,0,1,1987,0,0,0,0,0,0,0,0,0,0
40117,1,1,1987,13,18,17,8,23,29,12,8,15,21
40118,1,1,1987,21,9,9,7,14,26,25,11,23,10
40118,2,1,1987,0,0,0,0,9,0,0,0,0,0
40119,1,1,1987,0,0,0,0,0,0,0,0,0,0
40119,2,1,1987,0,0,0,0,0,0,0,9,0,0
40120,1,1,1987,15,15,15,15,15,15,15,15,15,15
40121,1,1,1987,0,0,0,0,0,0,0,0,0,34
40122,1,1,1987,22,22,22,22,22,22,22,22,22,22
40123,1,1,1987,10,25,21,0,15,0,14,42,36,0
40124,1,1,1987,22,22,22,22,22,22,22,22,22,22
40124,2,1,1987,0,0,0,0,0,0,0,0,0,0
40125,1,1,1987,0,10,0,0,16,0,14,0,0,0
40125,2,1,1987,5,5,5,5,5,5,5,5,5,5
40126,1,1,1987,0,0,0,0,0,0,0,0,0,0
40127,1,1,1987,0,6,0,0,0,0,0,0,0,0
40128,1,1,1987,0,0,0,0,0,0,0,0,0,0
40128,2,1,1987,0,0,0,0,0,0,0,0,0,0
40128,3,1,1987,0,0,0,0,0,0,0,0,0,0
40129,0,1,1987,0,0,0,0,0,0,0,0,0,0
40129,1,1,1987,0,0,0,0,0,0,0,0,0,0
40130,0,1,1987,12,12,12,12,12,12,12,12,12,12
40130,1,1,1987,0,0,0,0,0,0,0,0,0,0
40131,1,1,1987,7,7,7,7,7,7,7,7,7,7
40132,1,1,1987,0,0,0,0,0,0,0,0,16,0
40132,2,1,1987,0,0,0,0,0,0,0,0,10,7
40133,1,1,1987,13,13,13,13,13,13,13,13,13,13
40133,2,1,1987,0,0,0,0,0,0,0,0,0,0
40134,1,1,1987,12,13,26,11,3,19,9,21,12,27
40135,1,1,1987,22,22,22,22,22,22,22,22,22,22
40136,0,1,1987,0,0,0,0,0,0,15,0,0,10
40136,1,1,1987,0,0,0,0,0,0,0,0,0,0
40137,1,1,1987,0,0,15,0,0,0,0,0,0,0
40138,1,1,1987,0,0,0,0,0,0,0,0,0,0
40138,2,1,1987,0,0,0,0,0,4,0,0,0,0
40139,1,1,1987,0,0,0,0,0,0,0,0,0,0
40140,1,1,1987,1,1,1,1,1,1,1,1,1,1
40141,1,1,1987,0,12,15,0,0,28,0,0,0,0
40142,1,1,1987,0,0,0,11,0,0,0,0,0,0
40143,0,1,1987,0,0,0,0,0,0,0,0,0,0
40143,1,1,1987,0,0,0,0,0,2,0,0,17,0
40144,0,1,1987,32,32,32,32,32,32,32,32,32,32
40144,1,1,1987,18,17,0,58,18,18,27,20,42,0
40145,0,1,1987,0,0,0,0,0,0,0,0,0,0
40145,1,1,1987,0,0,0,0,12,0,0,0,0,0
40146,1,1,1987,7,7,7,7,7,7,7,7,7,7
40146,2,1,1987,0,0,0,0,0,0,0,0,0,0
40147,1,1,1987,0,0,0,0,0,0,0,0,0,0