ST_CASE,VEH_NO,PER_NO,YEAR,P1,P2,P3,P4,P5,P6,P7,P8,P9,P10
40148,1,1,1987,29,29,29,29,29,29,29,29,29,29
40148,2,1,1987,0,0,0,0,0,0,0,0,0,0
40149,1,1,1987,0,0,0,0,0,0,0,0,0,0
40149,2,1,1987,0,0,0,0,0,0,0,0,0,0
40150,1,1,1987,0,22,21,22,0,15,0,15,0,17
40151,1,1,1987,0,11,0,0,12,0,0,0,0,0
40151,2,1,1987,0,0,0,0,0,0,0,0,0,0
40152,1,1,1987,30,30,30,30,30,30,30,30,30,30
40152,2,1,1987,0,0,0,0,0,0,0,0,0,0
40153,1,1,1987,32,32,32,32,32,32,32,32,32,32
40153,2,1,1987,0,0,0,0,0,0,0,0,0,0
40154,1,1,1987,0,0,0,0,0,0,0,0,0,0
40154,2,1,1987,0,0,0,0,0,0,0,0,0,0
40154,3,1,1987,0,0,0,0,0,0,0,0,0,0
40155,1,1,1987,4,11,0,6,0,0,10,0,31,0
40156,0,1,1987,0,0,0,0,0,0,0,0,0,0
40156,1,1,1987,0,0,13,0,0,0,0,12,0,0
40157,1,1,1987,43,16,16,7,0,0,13,18,23,12
40158,0,1,1987,19,19,19,19,19,19,19,19,19,19
40158,1,1,1987,0,0,0,0,0,0,0,0,0,0
40159,1,1,1987,12,12,12,12,12,12,12,12,12,12
40159,2,1,1987,11,0,0,0,0,0,0,0,0,0
40160,0,1,1987,26,26,26,26,26,26,26,26,26,26
40160,1,1,1987,0,0,0,0,0,0,0,0,0,0
40161,1,1,1987,0,0,0,0,0,0,0,0,0,0
40162,1,1,1987,0,0,0,0,0,0,0,0,0,0
40162,2,1,1987,0,0,0,0,0,0,0,0,0,0
40162,3,1,1987,0,0,0,0,0,0,0,0,0,0
40163,1,1,1987,15,15,15,15,15,15,15,15,15,15
40164,1,1,1987,0,0,0,0,0,0,0,0,0,0
40165,1,1,1987,16,16,16,16,16,16,16,16,16,16
40166,1,1,1987,13,13,13,13,13,13,13,13,13,13
40167,1,1,1987,13,0,0,0,0,0,0,20,0,6
40167,2,1,1987,0,0,0,0,0,0,0,0,0,0
40168,1,1,1987,19,19,19,19,19,19,19,19,19,19
40169,1,1,1987,1,1,1,1,1,1,1,1,1,1
40169,2,1,1987,0,0,0,11,0,0,0,0,0,0
40170,1,1,1987,0,0,0,0,0,0,0,0,0,0
40170,2,1,1987,0,0,0,0,0,0,0,0,0,0
40171,1,1,1987,0,0,0,0,0,0,0,0,0,0
40171,2,1,1987,0,0,0,0,0,0,0,0,24,0
40172,1,1,1987,20,20,20,20,20,20,20,20,20,20
40173,1,1,1987,0,0,3,29,0,12,27,2,10,9
40174,1,1,1987,4,14,31,5,0,12,5,11,8,14
40175,1,1,1987,0,0,0,0,0,0,17,20,0,0
40176,1,1,1987,19,19,19,19,19,19,19,19,19,19
40176,2,1,1987,0,0,0,0,0,0,0,0,0,0
40177,1,1,1987,0,0,0,0,0,0,0,0,0,0
40177,2,1,1987,0,0,0,0,0,3,0,0,0,0
40178,1,1,1987,8,8,8,8,8,8,8,8,8,8
40178,2,1,1987,27,16,10,16,5,12,13,17,17,14
40179,1,1,1987,7,16,24,15,17,6,11,27,8,7
40180,0,1,1987,0,0,0,0,0,0,0,0,0,0
40180,1,1,1987,0,0,0,0,0,0,0,0,0,0
40181,0,1,1987,0,0,0,0,0,0,0,0,0,0
40181,1,1,1987,9,16,22,7,17,36,11,14,17,26
40182,1,1,1987,23,23,23,23,23,23,23,23,23,23
40182,2,1,1987,0,0,0,0,0,0,0,0,0,0
40182,3,1,1987,0,0,0,0,0,0,0,0,0,0
40182,4,1,1987,0,0,0,0,0,0,0,0,0,0
40183,1,1,1987,0,0,0,0,0,0,0,0,0,0
40184,1,1,1987,0,0,0,0,0,0,0,0,0,0
40185,0,1,1987,23,23,23,23,23,23,23,23,23,23
40185,1,1,1987,0,0,0,0,0,0,0,0,0,0
40186,0,1,1987,23,23,23,23,23,23,23,23,23,23
40186,1,1,1987,0,0,0,0,0,0,0,0,0,0
40187,1,1,1987,16,29,10,25,18,0,48,20,24,11
40188,1,1,1987,20,20,20,20,20,20,20,20,20,20
40189,1,1,1987,0,0,0,0,0,0,0,0,0,0
40189,2,1,1987,0,0,0,0,0,0,0,0,0,0
40190,1,1,1987,0,0,0,0,0,0,0,0,0,0
40190,2,1,1987,0,0,0,0,0,0,0,0,0,0
40191,1,1,1987,0,0,0,0,0,0,0,16,0,0
40192,1,1,1987,0,0,0,0,0,0,0,0,0,0
40192,2,1,1987,0,0,0,0,0,0,0,0,0,0
40193,1,1,1987,28,0,0,0,20,11,0,11,0,17
40193,2,1,1987,0,0,0,0,0,0,0,0,0,0
40194,1,1,1987,0,0,0,0,0,0,0,0,0,0
40195,1,1,1987,0,0,0,0,0,0,0,0,0,0
40195,2,1,1987,0,0,0,0,0,0,0,0,0,0
40196,1,1,1987,0,0,0,0,0,0,0,0,0,0
40196,2,1,1987,0,0,0,0,11,0,0,0,0,0
40197,1,1,1987,12,12,12,12,12,12,12,12,12,12
40197,2,1,1987,0,0,0,0,0,0,0,0,25,0
40198,0,1,1987,27,27,27,27,27,27,27,27,27,27
40198,1,1,1987,0,0,0,0,0,0,0,0,0,0
40199,0,1,1987,21,21,21,21,21,21,21,21,21,21
40199,1,1,1987,0,0,0,0,0,0,0,0,0,0
40200,0,1,1987,22,22,22,22,22,22,22,22,22,22
40200,1,1,1987,0,0,18,34,0,8,20,0,8,20
40201,0,1,1987,27,0,7,12,37,18,15,53,46,13
40201,1,1,1987,0,0,0,0,0,0,0,0,0,0
40202,1,1,1987,0,0,0,0,0,0,0,0,0,0
40203,0,1,1987,0,0,0,0,0,0,0,0,0,0
40203,1,1,1987,0,0,0,0,0,0,0,0,0,0
40204,0,1,1987,0,0,0,0,0,0,0,0,0,0
40204,1,1,1987,0,0,6,0,0,0,0,0,0,0
40205,1,1,1987,0,0,0,0,0,0,0,0,0,0
40205,2,1,1987,0,0,0,0,0,0,0,0,0,0
40206,1,1,1987,3,3,3,3,3,3,3,3,3,3
40206,2,1,1987,0,0,0,0,0,0,0,0,0,0
40207,1,1,1987,18,18,18,18,18,18,18,18,18,18
40208,0,1,1987,27,23,0,0,0,9,0,16,28,0
40208,1,1,1987,12,38,13,0,0,25,0,0,0,0
40209,0,1,1987,33,33,33,33,33,33,33,33,33,33
40209,1,1,1987,0,0,39,0,0,0,0,0,31,0
40210,1,1,1987,14,14,14,14,14,14,14,14,14,14
40211,1,1,1987,0,0,0,7,0,0,0,0,0,0
40211,2,1,1987,0,0,0,0,0,0,0,0,0,14
40212,1,1,1987,0,14,0,0,0,0,0,0,8,9
40212,2,1,1987,0,0,0,0,0,0,0,0,0,0
40213,1,1,1987,24,24,24,24,24,24,24,24,24,24
40214,1,1,1987,19,19,19,19,19,19,19,19,19,19
40215,1,1,1987,19,17,9,12,0,9,20,13,18,21
40216,1,1,1987,3,15,18,7,17,7,12,3,23,6
40217,0,1,1987,13,13,13,13,13,13,13,13,13,13
40217,1,1,1987,0,0,0,0,0,0,0,0,0,0
40218,1,1,1987,0,0,0,0,0,0,0,0,0,0
40218,2,1,1987,0,0,0,8,0,0,0,0,0,0
40219,1,1,1987,0,0,0,0,0,0,0,0,0,0
40219,2,1,1987,0,0,0,0,0,0,0,0,0,0
40220,1,1,1987,10,9,0,28,11,20,0,22,18,30
40220,2,1,1987,0,0,0,0,7,0,0,0,0,0
40220,3,1,1987,0,0,0,0,0,0,0,0,0,0
40221,1,1,1987,22,22,22,22,22,22,22,22,22,22
40222,1,1,1987,22,8,9,19,8,13,17,18,25,19
40223,1,1,1987,0,0,0,21,24,0,0,0,19,0
40224,1,1,1987,0,0,0,0,0,0,0,0,0,0
40224,2,1,1987,0,0,0,0,0,0,0,0,0,0
40225,1,1,1987,0,0,0,0,0,0,0,0,0,0
40225,2,1,1987,0,0,0,0,0,0,0,0,0,0
40226,1,1,1987,21,21,21,21,21,21,21,21,21,21
40227,1,1,1987,21,21,21,21,21,21,21,21,21,21
40227,2,1,1987,0,0,0,0,0,21,0,0,0,0
40228,1,1,1987,10,10,10,10,10,10,10,10,10,10
40229,0,1,1987,0,0,0,0,0,0,0,0,0,0
40229,1,1,1987,0,0,0,0,0,0,0,0,0,0
40230,1,1,1987,0,0,0,0,0,0,0,10,0,0
40230,2,1,1987,0,0,0,0,0,0,0,0,0,0
40231,1,1,1987,0,0,14,0,0,0,0,0,0,0
40232,0,1,1987,0,0,0,0,0,0,0,0,0,0
40232,0,2,1987,0,0,0,0,0,0,0,0,0,0
40232,1,1,1987,0,0,0,0,0,0,0,0,0,0
40233,1,1,1987,0,0,0,0,0,0,0,0,0,0
40233,2,1,1987,0,0,0,0,0,0,0,0,0,0
40234,1,1,1987,27,27,27,27,27,27,27,27,27,27
40234,2,1,1987,0,0,0,0,0,0,0,0,0,0
40234,3,1,1987,0,0,0,0,0,0,0,0,0,0
40235,1,1,1987,11,11,11,11,11,11,11,11,11,11
40235,2,1,1987,11,11,11,11,11,11,11,11,11,11
40236,0,1,1987,23,13,13,36,17,20,19,22,24,15
40236,1,1,1987,0,0,0,0,0,0,0,0,0,0
40236,2,1,1987,0,0,0,0,0,0,0,0,0,0
40236,3,1,1987,0,12,0,0,0,0,0,0,0,0
40237,1,1,1987,20,20,20,20,20,20,20,20,20,20
40237,2,1,1987,0,0,0,0,0,0,0,0,0,0
40238,1,1,1987,0,0,0,0,0,0,0,0,0,0
40238,2,1,1987,0,0,0,0,0,0,0,0,0,0
40239,1,1,1987,16,16,16,16,16,16,16,16,16,16
40240,0,1,1987,2,2,2,2,2,2,2,2,2,2
40240,1,1,1987,0,0,0,0,0,0,0,11,0,0
40241,1,1,1987,0,0,26,0,29,32,15,16,0,26
40242,1,1,1987,17,17,17,17,17,17,17,17,17,17
40243,1,1,1987,26,26,26,26,26,26,26,26,26,26
40244,1,1,1987,17,0,21,24,18,0,25,31,0,0
40244,2,1,1987,3,3,3,3,3,3,3,3,3,3
40245,1,1,1987,0,0,0,0,0,0,0,0,0,0
40245,2,1,1987,25,25,25,25,25,25,25,25,25,25
40246,1,1,1987,15,15,15,15,15,15,15,15,15,15
40247,1,1,1987,25,25,25,25,25,25,25,25,25,25
40247,2,1,1987,0,0,0,0,0,0,0,0,0,0
40248,1,1,1987,0,0,0,4,0,30,0,18,0,9
40249,1,1,1987,0,24,22,18,19,23,8,13,29,28
40250,1,1,1987,18,18,18,18,18,18,18,18,18,18
40250,2,1,1987,11,8,13,12,6,6,19,22,8,21
40251,1,1,1987,15,15,15,15,15,15,15,15,15,15
40252,1,1,1987,0,0,0,0,0,0,0,0,0,0
40252,2,1,1987,0,0,0,0,0,0,0,0,0,0
40253,1,1,1987,0,0,0,0,0,0,0,0,0,0
40254,1,1,1987,24,16,13,29,11,11,21,10,23,23
40255,1,1,1987,40,0,0,23,31,31,25,24,0,17
40256,1,1,1987,0,0,0,0,0,0,0,0,0,0
40256,2,1,1987,0,0,0,0,0,0,0,0,0,0
40257,1,1,1987,0,0,0,9,0,0,0,0,0,12
40257,2,1,1987,0,0,0,0,0,0,0,0,0,0
40258,0,1,1987,3,12,27,0,28,0,11,14,16,25
40258,1,1,1987,14,8,18,11,4,12,11,15,19,0
40259,1,1,1987,0,0,0,0,0,0,0,0,0,0
40259,2,1,1987,0,0,10,0,0,0,0,0,0,0
40260,1,1,1987,16,0,0,0,0,0,0,0,0,0
40261,1,1,1987,0,0,0,0,0,0,0,0,0,0
40262,0,1,1987,0,0,0,0,0,0,0,0,0,0
40262,1,1,1987,0,0,0,0,0,0,0,0,0,0
40263,0,1,1987,0,0,0,0,0,0,0,0,0,0
40263,1,1,1987,0,0,0,0,0,0,0,0,0,0
40264,1,1,1987,23,23,23,23,23,23,23,23,23,23
40264,2,1,1987,6,6,6,6,6,6,6,6,6,6
40265,1,1,1987,11,12,21,8,22,16,25,10,11,12
40266,1,1,1987,21,21,21,21,21,21,21,21,21,21
40267,0,1,1987,34,34,34,34,34,34,34,34,34,34
40267,1,1,1987,0,0,0,0,0,0,0,0,0,0
40268,1,1,1987,0,0,0,0,0,0,0,0,0,0
40269,0,1,1987,0,0,1,32,0,0,38,18,0,23
40269,1,1,1987,0,19,0,25,0,0,0,9,28,0
40270,1,1,1987,0,0,3,0,0,0,0,0,0,0
40270,2,1,1987,0,0,0,0,0,0,0,0,0,0
40271,1,1,1987,19,19,19,19,19,19,19,19,19,19
40272,1,1,1987,0,0,0,0,0,0,0,0,0,0
40272,2,1,1987,0,0,0,0,0,0,0,0,0,0
40272,3,1,1987,0,0,0,0,0,0,0,0,0,0
40273,1,1,1987,0,0,0,0,0,0,0,0,0,0
40273,2,1,1987,0,0,0,0,0,0,0,0,0,0
40274,1,1,1987,0,0,0,0,0,0,0,0,0,0
40275,1,1,1987,0,0,7,0,0,0,0,0,0,0
40276,1,1,1987,0,0,0,0,0,22,0,0,0,0
40277,1,1,1987,22,22,22,22,22,22,22,22,22,22
40277,2,1,1987,0,13,18,21,0,23,0,0,0,12
40278,1,1,1987,0,0,0,0,0,0,0,0,0,0
40279,1,1,1987,0,0,0,0,11,0,0,11,0,0
40280,1,1,1987,0,0,13,0,8,0,0,7,0,13
40281,1,1,1987,0,0,0,0,0,0,0,0,0,0
40282,1,1,1987,17,17,17,17,17,17,17,17,17,17
40282,2,1,1987,0,0,0,0,0,0,0,0,0,0
40283,1,1,1987,0,0,0,6,38,29,0,10,0,19
40284,0,1,1987,31,31,31,31,31,31,31,31,31,31
40284,1,1,1987,0,0,0,0,0,0,0,0,0,6
40285,1,1,1987,0,0,0,0,0,0,0,0,0,0
40285,2,1,1987,0,0,0,0,0,0,0,0,0,0
40285,3,1,1987,0,0,9,0,0,0,0,16,0,0
40286,1,1,1987,0,8,0,8,0,0,0,0,0,0
40286,2,1,1987,0,0,0,0,0,0,0,0,0,0
40287,0,1,1987,11,0,15,0,0,0,0,0,7,0
40287,1,1,1987,18,18,18,18,18,18,18,18,18,18
40287,2,1,1987,0,0,0,0,0,0,0,0,0,0
40288,1,1,1987,0,0,0,0,0,0,0,0,0,0
40288,2,1,1987,0,0,22,13,0,0,0,0,0,0
40289,1,1,1987,26,26,26,26,26,26,26,26,26,26
40289,2,1,1987,0,0,0,0,0,0,0,0,0,0
40290,1,1,1987,0,0,0,0,0,0,0,0,0,21
40290,2,1,1987,0,0,0,0,0,0,0,0,0,0
40291,1,1,1987,0,8,0,0,0,0,0,1,12,0
40292,1,1,1987,0,0,0,0,0,0,0,0,0,0
40292,2,1,1987,0,0,0,0,0,0,0,0,0,0
40293,0,1,1987,21,21,21,21,21,21,21,21,21,21
40293,1,1,1987,0,0,0,0,0,0,0,0,0,0
40294,1,1,1987,9,9,9,9,9,9,9,9,9,9
40295,1,1,1987,0,9,0,0,10,12,0,19,6,0
40296,1,1,1987,0,0,0,0,0,0,0,0,0,0
40297,1,1,1987,13,13,13,13,13,13,13,13,13,13
40298,0,1,1987,35,35,35,35,35,35,35,35,35,35
40298,1,1,1987,11,10,0,29,19,23,19,0,32,0
40299,0,1,1987,0,19,0,7,0,0,17,8,13,14
40299,1,1,1987,13,13,13,13,13,13,13,13,13,13
40300,0,1,1987,25,25,25,25,25,25,25,25,25,25
40300,1,1,1987,13,0,0,25,0,22,0,13,0,0
40301,1,1,1987,0,0,0,0,0,0,0,0,0,0
40301,2,1,1987,0,0,0,0,0,0,0,0,0,0
40302,1,1,1987,0,0,0,0,0,0,0,0,0,0
40302,2,1,1987,0,0,0,0,0,0,0,0,0,0
40303,1,1,1987,0,0,0,0,0,0,0,0,0,0
40304,1,1,1987,0,0,0,21,11,8,0,0,0,5
40304,2,1,1987,0,0,0,18,0,0,0,0,0,0
40304,3,1,1987,0,0,0,0,0,9,0,0,0,0
40305,1,1,1987,8,8,8,8,8,8,8,8,8,8
40306,1,1,1987,0,0,0,0,0,0,0,0,0,0
40306,2,1,1987,0,0,0,0,0,0,0,0,17,0
40307,0,1,1987,0,0,0,0,0,0,0,0,0,0
40307,1,1,1987,0,0,0,0,0,0,0,0,0,0
40308,1,1,1987,0,0,0,0,0,0,0,0,0,0
40308,2,1,1987,0,0,0,0,0,0,0,0,0,0
40309,1,1,1987,23,14,14,0,21,19,17,0,0,0
40310,1,1,1987,18,18,18,18,18,18,18,18,18,18
40311,1,1,1987,24,17,14,14,6,18,7,14,12,13
40312,1,1,1987,11,11,11,11,11,11,11,11,11,11
40313,1,1,1987,27,27,27,27,27,27,27,27,27,27
40313,2,1,1987,9,9,9,9,9,9,9,9,9,9
40314,1,1,1987,0,0,0,0,0,0,0,0,0,19
40314,2,1,1987,18,18,12,3,22,0,21,26,6,13
40315,1,1,1987,20,0,0,0,0,0,0,0,0,0
40315,2,1,1987,0,0,0,0,13,0,0,0,0,0
40316,1,1,1987,26,26,26,26,26,26,26,26,26,26
40317,1,1,1987,0,0,0,0,0,0,0,0,0,0
40317,2,1,1987,0,0,0,0,0,9,0,14,20,0
40318,0,1,1987,0,0,0,0,0,0,0,0,0,0
40318,1,1,1987,0,0,6,0,6,16,4,0,5,5
40319,1,1,1987,8,8,8,8,8,8,8,8,8,8
40319,2,1,1987,0,0,0,0,0,0,0,0,0,0
40320,1,1,1987,13,13,13,13,13,13,13,13,13,13
40321,1,1,1987,43,43,43,43,43,43,43,43,43,43
40322,1,1,1987,24,20,18,29,19,19,13,6,16,25
40322,2,1,1987,3,3,3,3,3,3,3,3,3,3
40323,1,1,1987,0,0,0,0,0,0,0,0,0,0
40324,1,1,1987,12,12,12,12,12,12,12,12,12,12
40325,1,1,1987,5,5,5,5,5,5,5,5,5,5
40325,2,1,1987,0,0,0,0,0,0,0,0,0,0
40326,1,1,1987,0,0,0,0,0,0,0,0,0,0
40326,2,1,1987,0,0,0,0,0,0,0,0,0,0
40327,0,1,1987,12,0,11,0,11,0,0,0,8,0
40327,0,2,1987,0,0,0,0,0,0,0,0,0,0
40327,0,3,1987,0,0,0,6,0,0,0,0,0,0
40327,1,1,1987,10,6,10,31,20,32,14,20,16,2
40328,1,1,1987,0,0,0,0,0,0,0,0,0,0
40328,2,1,1987,0,0,0,0,0,0,0,0,0,0
40328,3,1,1987,0,0,0,0,0,0,0,0,0,0
40328,4,1,1987,0,0,0,0,0,0,0,0,0,0
40328,5,1,1987,0,0,0,0,0,0,0,0,0,0
40328,6,1,1987,0,0,0,0,0,0,0,0,0,0
40329,1,1,1987,17,17,7,8,2,19,7,5,11,13
40329,2,1,1987,23,12,0,11,17,16,17,13,0,11
40330,1,1,1987,1,1,1,1,1,1,1,1,1,1
40331,1,1,1987,0,0,0,0,0,0,0,0,0,0
40332,1,1,1987,0,0,0,0,0,0,0,0,0,0
40332,2,1,1987,0,0,0,8,10,0,0,10,0,0
40333,1,1,1987,20,11,19,24,14,21,31,0,27,24
40333,2,1,1987,0,0,0,0,0,0,0,0,0,0
40333,3,1,1987,0,0,0,0,0,0,0,0,0,0
40333,4,1,1987,0,0,0,0,0,0,0,0,0,0
40333,5,1,1987,0,0,0,0,0,0,0,0,0,0
40334,1,1,1987,11,18,16,15,15,9,13,17,7,10
40334,2,1,1987,0,0,0,0,0,0,0,0,0,0
40334,3,1,1987,0,0,0,0,0,0,0,0,0,0
40335,1,1,1987,13,13,13,13,13,13,13,13,13,13
40336,1,1,1987,0,10,10,14,20,9,37,14,0,20
40337,1,1,1987,10,18,23,18,12,17,8,0,12,12
40338,1,1,1987,15,15,15,15,15,15,15,15,15,15
40339,1,1,1987,0,0,0,0,0,0,0,0,0,0
40339,2,1,1987,0,0,0,0,0,0,0,0,0,0
40340,1,1,1987,25,55,12,23,18,22,0,15,37,12
40341,1,1,1987,0,0,0,0,0,0,0,0,0,0
40341,2,1,1987,0,0,0,0,0,2,0,0,0,0
40342,1,1,1987,16,16,16,16,16,16,16,16,16,16
40343,1,1,1987,0,0,0,0,0,0,0,0,0,0
40345,1,1,1987,0,0,0,0,0,0,0,0,0,0
40346,1,1,1987,0,0,0,23,0,0,0,0,0,25
40347,0,1,1987,0,0,0,0,0,0,0,0,0,0
40347,1,1,1987,0,0,0,0,0,0,0,0,0,0
40348,1,1,1987,37,0,0,0,0,0,0,0,0,0
40348,2,1,1987,0,0,0,0,0,0,0,0,0,0
40349,1,1,1987,0,0,0,0,0,0,0,0,0,0
40349,2,1,1987,0,0,0,0,0,0,0,0,0,0
40350,1,1,1987,0,0,0,0,0,0,0,0,0,0
40351,1,1,1987,0,0,0,0,0,0,0,0,0,0
40352,1,1,1987,16,16,16,16,16,16,16,16,16,16
40352,2,1,1987,0,0,0,0,0,0,0,0,0,0
40352,3,1,1987,0,0,0,0,0,0,0,0,0,0
40353,1,1,1987,0,4,6,10,19,12,10,11,13,11
40354,1,1,1987,0,0,0,0,0,0,0,0,0,0
40355,1,1,1987,12,12,12,12,12,12,12,12,12,12
40355,2,1,1987,0,0,0,0,0,0,0,0,0,11
40356,1,1,1987,0,0,0,0,0,0,0,0,10,0
40357,1,1,1987,0,0,0,0,0,0,5,0,0,0
40357,2,1,1987,0,0,0,11,0,12,0,11,9,18
40358,0,1,1987,20,20,20,20,20,20,20,20,20,20
40358,1,1,1987,0,0,0,0,9,27,0,0,20,0
40359,1,1,1987,0,0,0,0,0,12,6,11,0,0
40360,1,1,1987,22,22,22,22,22,22,22,22,22,22
40361,1,1,1987,6,6,6,6,6,6,6,6,6,6
40362,0,1,1987,0,0,0,0,0,0,0,0,0,0
40362,1,1,1987,16,16,16,16,16,16,16,16,16,16
40363,1,1,1987,0,0,0,0,0,0,0,0,0,0
40364,0,1,1987,0,0,0,0,0,0,0,0,0,0
40364,1,1,1987,0,0,0,0,0,0,0,0,0,0
40365,1,1,1987,0,0,0,0,0,0,0,0,0,0
40365,2,1,1987,0,0,0,0,0,0,0,0,0,0
40365,3,1,1987,0,0,0,0,0,0,0,0,0,0
40366,1,1,1987,0,0,0,0,0,0,0,0,0,0
40366,2,1,1987,7,0,22,0,0,0,0,0,0,0
40367,1,1,1987,0,0,1,0,0,0,0,0,13,0
40368,0,1,1987,0,0,0,0,0,0,0,0,0,0
40368,1,1,1987,0,0,0,0,0,0,0,0,0,0
40369,0,1,1987,0,0,23,0,0,0,0,0,0,0
40369,1,1,1987,0,0,0,0,0,0,0,0,0,0
40370,1,1,1987,0,0,0,0,0,0,0,0,0,0
40370,2,1,1987,0,0,0,0,11,0,0,0,6,0
40371,1,1,1987,22,6,6,26,16,4,12,7,15,12
40372,1,1,1987,0,0,0,0,0,0,0,0,0,0
40373,1,1,1987,0,0,0,0,0,0,0,0,0,0
40374,0,1,1987,0,6,0,17,0,13,0,0,0,11
40374,0,2,1987,0,15,16,10,15,0,0,8,4,19
40374,1,1,1987,18,18,18,18,18,18,18,18,18,18
40375,1,1,1987,7,7,7,7,7,7,7,7,7,7
40375,2,1,1987,0,0,0,0,0,0,0,0,0,0
40376,0,1,1987,7,7,7,7,7,7,7,7,7,7
40376,1,1,1987,0,0,0,0,0,0,0,0,0,0
40377,1,1,1987,25,25,25,25,25,25,25,25,25,25
40378,1,1,1987,0,0,0,0,0,0,0,0,0,0
40378,2,1,1987,0,0,0,0,0,0,0,0,0,0
40378,3,1,1987,0,0,0,0,0,0,0,0,0,0
40379,1,1,1987,0,0,0,0,0,0,0,0,0,0
40379,2,1,1987,0,0,0,0,0,0,0,0,10,0
40380,1,1,1987,18,18,18,18,18,18,18,18,18,18
40380,2,1,1987,0,0,0,0,0,0,0,0,0,0
40381,1,1,1987,26,26,26,26,26,26,26,26,26,26
40382,1,1,1987,0,35,0,0,0,0,0,0,0,0
40382,2,1,1987,6,6,6,6,6,6,6,6,6,6
40383,1,1,1987,12,23,21,8,32,28,25,2,25,6
40384,1,1,1987,0,0,0,0,0,0,0,0,0,0
40384,2,1,1987,0,0,0,0,0,0,0,0,0,0
40385,0,1,1987,0,0,0,0,0,0,0,0,0,0
40385,1,1,1987,0,0,0,0,0,0,0,0,0,0
40386,1,1,1987,7,7,22,7,11,6,9,9,0,0
40386,2,1,1987,0,0,0,0,0,0,0,0,0,0
40387,1,1,1987,0,0,0,0,0,0,0,0,0,0
40388,1,1,1987,0,0,0,0,0,0,0,0,0,0
40388,2,1,1987,0,0,0,0,0,0,0,0,0,0
40389,1,1,1987,26,26,26,26,26,26,26,26,26,26
40389,2,1,1987,12,12,12,12,12,12,12,12,12,12
40390,1,1,1987,13,23,15,28,14,23,10,18,4,34
40391,1,1,1987,20,20,20,20,20,20,20,20,20,20
40392,1,1,1987,0,0,0,21,31,0,20,0,15,9
40393,1,1,1987,21,21,21,21,21,21,21,21,21,21
40394,1,1,1987,0,0,0,0,0,0,0,0,0,0
40395,1,1,1987,0,0,0,0,0,0,0,0,0,0
40396,1,1,1987,0,0,0,0,0,0,0,0,0,0
40396,2,1,1987,23,23,23,23,23,23,23,23,23,23
40397,1,1,1987,24,24,24,24,24,24,24,24,24,24
40399,1,1,1987,0,0,0,0,0,0,0,0,0,0
40400,1,1,1987,14,0,0,0,8,0,0,0,0,0
40401,0,1,1987,0,0,0,0,0,0,0,45,0,0
40401,1,1,1987,0,0,0,0,0,0,0,0,0,0
40402,1,1,1987,24,0,0,0,0,13,0,0,9,0
40402,2,1,1987,0,0,0,0,0,0,0,0,0,0
40402,3,1,1987,0,0,18,0,0,0,0,0,9,0
40403,1,1,1987,24,24,24,24,24,24,24,24,24,24
40403,2,1,1987,0,0,0,0,0,0,0,0,0,0
40403,3,1,1987,0,0,0,0,0,0,0,0,0,0
40404,0,1,1987,13,13,13,13,13,13,13,13,13,13
40404,1,1,1987,9,19,0,0,0,8,0,0,22,0
40405,1,1,1987,0,0,0,0,0,0,0,33,0,0
40406,1,1,1987,0,0,0,0,0,0,0,0,0,0
40406,2,1,1987,0,0,0,0,0,0,0,0,0,0
40407,1,1,1987,17,17,17,17,17,17,17,17,17,17
40408,1,1,1987,0,24,4,11,0,0,7,11,0,0
40408,2,1,1987,5,5,5,5,5,5,5,5,5,5
40409,1,1,1987,32,16,21,0,24,21,0,3,31,0
40410,1,1,1987,0,0,0,0,0,0,0,0,0,0
40410,2,1,1987,0,0,0,0,0,0,0,0,0,0
40411,1,1,1987,30,30,30,30,30,30,30,30,30,30
40412,0,1,1987,7,7,7,7,7,7,7,7,7,7
40412,1,1,1987,0,0,0,0,0,0,0,0,0,0
40413,1,1,1987,30,30,30,30,30,30,30,30,30,30
40414,0,1,1987,31,13,25,3,27,13,24,41,11,21
40414,1,1,1987,0,0,0,0,0,0,0,0,0,0
40415,1,1,1987,19,19,25,17,25,0,25,28,4,18
40415,2,1,1987,0,0,0,0,0,0,0,0,0,0
40416,0,1,1987,16,16,16,16,16,16,16,16,16,16
40416,1,1,1987,0,0,0,0,0,0,0,0,0,0
40417,1,1,1987,4,23,13,13,19,14,9,23,33,6
40418,1,1,1987,10,10,10,10,10,10,10,10,10,10
40419,1,1,1987,0,0,0,0,0,0,0,0,0,0
40420,1,1,1987,0,0,0,0,0,12,0,11,0,0
40421,1,1,1987,14,17,8,7,14,0,11,6,0,7
40422,1,1,1987,16,16,16,16,16,16,16,16,16,16
40422,2,1,1987,7,0,0,0,0,0,0,0,0,0
40423,1,1,1987,21,21,21,21,21,21,21,21,21,21
40424,1,1,1987,5,5,5,5,5,5,5,5,5,5
40426,1,1,1987,15,15,15,15,15,15,15,15,15,15
40426,2,1,1987,0,0,0,0,0,0,0,0,0,0
40427,0,1,1987,0,0,0,0,0,0,0,0,0,0
40427,1,1,1987,0,0,0,0,0,0,0,0,0,0
40428,1,1,1987,14,14,14,14,14,14,14,14,14,14
40429,1,1,1987,24,24,24,24,24,24,24,24,24,24
40430,1,1,1987,0,0,0,0,0,0,0,0,0,0
40430,2,1,1987,0,0,0,0,0,0,0,0,0,0
40431,1,1,1987,24,24,24,24,24,24,24,24,24,24
40432,1,1,1987,0,0,0,0,0,0,0,0,0,0
40432,2,1,1987,0,0,2,0,0,0,4,0,0,0
40433,1,1,1987,0,0,0,0,0,0,0,14,0,0