ST_CASE,VEH_NO,PER_NO,YEAR,P1,P2,P3,P4,P5,P6,P7,P8,P9,P10
40433,2,1,1987,14,14,14,14,14,14,14,14,14,14
40434,1,1,1987,14,14,14,14,14,14,14,14,14,14
40435,1,1,1987,0,0,0,0,0,0,0,0,0,0
40435,2,1,1987,0,8,0,0,0,0,0,0,0,0
40436,1,1,1987,0,0,21,0,0,0,0,0,0,0
40436,2,1,1987,0,0,0,0,0,0,0,0,0,0
40436,3,1,1987,0,0,0,0,0,0,0,0,0,0
40437,1,1,1987,0,0,0,0,0,0,0,0,0,0
40437,2,1,1987,3,3,3,3,3,3,3,3,3,3
40438,1,1,1987,14,14,14,14,14,14,14,14,14,14
40439,0,1,1987,0,0,0,0,0,0,0,0,0,0
40439,1,1,1987,0,0,0,0,0,0,0,0,0,0
40440,1,1,1987,18,18,18,18,18,18,18,18,18,18
40440,2,1,1987,0,0,0,0,0,0,0,0,0,0
40441,1,1,1987,0,0,0,0,0,0,8,24,0,0
40442,0,1,1987,0,0,0,0,0,0,0,0,0,0
40442,1,1,1987,0,0,0,0,0,0,0,0,0,0
40443,1,1,1987,0,0,0,0,0,0,0,0,0,0
40443,2,1,1987,0,0,18,0,0,0,0,0,0,0
40444,1,1,1987,16,18,0,18,28,0,19,0,21,16
40445,1,1,1987,0,0,0,0,0,0,0,0,0,0
40445,2,1,1987,0,0,0,0,0,0,0,0,18,0
40446,1,1,1987,6,6,6,6,6,6,6,6,6,6
40447,1,1,1987,0,0,0,0,0,0,0,0,0,0
40447,2,1,1987,0,0,0,0,0,0,0,0,0,0
40448,0,1,1987,0,0,0,0,0,0,0,0,0,0
40448,1,1,1987,0,0,0,0,0,0,0,0,0,19
40449,0,1,1987,21,21,21,21,21,21,21,21,21,21
40449,1,1,1987,12,18,0,0,0,17,0,17,0,0
40450,1,1,1987,21,21,21,21,21,21,21,21,21,21
40450,2,1,1987,0,0,0,0,0,0,0,0,0,0
40451,1,1,1987,0,0,0,0,0,0,0,0,0,0
40451,2,1,1987,16,8,0,15,0,0,0,0,0,0
40452,1,1,1987,22,22,22,22,22,22,22,22,22,22
40453,1,1,1987,0,0,0,0,0,0,0,0,0,0
40453,2,1,1987,0,0,0,19,0,0,0,0,0,0
40454,1,1,1987,0,0,0,0,0,0,0,0,0,0
40454,2,1,1987,0,0,0,0,0,0,0,0,0,0
40455,0,1,1987,10,10,10,10,10,10,10,10,10,10
40455,1,1,1987,0,0,0,0,13,0,0,0,0,0
40456,1,1,1987,5,5,5,5,5,5,5,5,5,5
40457,1,1,1987,0,0,0,0,0,0,0,0,0,11
40458,1,1,1987,15,11,26,9,24,14,17,24,46,0
40459,1,1,1987,20,20,20,20,20,20,20,20,20,20
40460,1,1,1987,22,22,22,22,22,22,22,22,22,22
40461,1,1,1987,0,0,0,0,0,0,0,0,0,0
40462,1,1,1987,0,0,0,0,17,30,0,11,0,24
40463,1,1,1987,0,0,0,0,0,0,26,0,0,0
40464,1,1,1987,0,0,0,0,0,0,0,0,0,0
40465,1,1,1987,11,22,15,0,13,0,9,10,0,8
40466,0,1,1987,0,0,0,5,0,0,11,0,15,5
40466,1,1,1987,0,0,0,0,0,0,0,0,0,0
40466,2,1,1987,0,0,0,0,0,0,0,0,0,0
40466,3,1,1987,0,0,0,0,0,0,0,0,0,0
40466,4,1,1987,23,0,0,0,0,0,0,0,0,0
40467,1,1,1987,37,37,37,37,37,37,37,37,37,37
40468,1,1,1987,0,0,0,0,0,13,0,0,0,0
40469,0,1,1987,0,0,0,0,0,0,12,0,0,18
40469,1,1,1987,0,0,0,0,0,0,0,0,0,0
40470,1,1,1987,3,12,27,14,19,12,28,7,26,30
40471,1,1,1987,1,1,1,1,1,1,1,1,1,1
40472,1,1,1987,0,0,0,0,0,0,0,0,0,0
40472,2,1,1987,0,0,0,0,0,0,0,0,0,0
40473,1,1,1987,0,0,6,0,0,0,0,0,0,0
40474,1,1,1987,18,18,18,18,18,18,18,18,18,18
40475,1,1,1987,16,13,12,3,28,18,22,27,0,26
40475,2,1,1987,0,0,0,0,0,0,0,0,0,0
40476,1,1,1987,9,9,9,9,9,9,9,9,9,9
40477,0,1,1987,28,13,13,10,33,18,20,29,26,10
40477,1,1,1987,22,22,22,22,22,22,22,22,22,22
40478,1,1,1987,19,19,19,19,19,19,19,19,19,19
40479,1,1,1987,0,0,0,0,0,0,0,0,0,14
40480,1,1,1987,20,23,15,24,8,38,5,0,13,10
40481,1,1,1987,0,0,0,0,0,0,0,0,0,0
40481,2,1,1987,0,0,0,0,0,0,0,0,0,0
40482,1,1,1987,0,0,0,0,0,0,0,0,0,0
40482,2,1,1987,0,0,0,0,0,0,0,0,0,0
40483,1,1,1987,0,0,0,0,0,0,0,0,0,0
40484,1,1,1987,0,0,0,0,0,0,0,0,0,0
40484,2,1,1987,0,0,0,0,0,0,0,0,0,0
40485,1,1,1987,24,24,24,23,25,19,12,12,32,28
40486,1,1,1987,0,0,0,0,0,0,0,0,0,0
40487,0,1,1987,30,30,30,30,30,30,30,30,30,30
40487,1,1,1987,0,0,0,0,14,0,28,0,0,0
40488,0,1,1987,22,22,22,22,22,22,22,22,22,22
40488,1,1,1987,0,0,0,0,0,0,0,0,0,0
40489,1,1,1987,0,0,0,0,0,0,0,0,0,0
40489,2,1,1987,0,4,0,0,0,0,0,0,0,0
40490,1,1,1987,8,26,9,33,0,17,26,12,21,17
40491,0,1,1987,37,37,37,37,37,37,37,37,37,37
40491,1,1,1987,0,0,0,0,0,0,0,0,0,0
40492,1,1,1987,0,0,0,0,0,0,0,38,0,0
40492,2,1,1987,25,42,14,29,12,17,10,47,11,13
40493,1,1,1987,18,18,18,18,18,18,18,18,18,18
40493,2,1,1987,0,0,0,0,0,0,0,0,0,0
40494,0,1,1987,27,27,27,27,27,27,27,27,27,27
40494,1,1,1987,15,0,11,0,0,0,0,0,0,0
40495,0,1,1987,0,0,0,0,0,0,0,0,0,0
40495,1,1,1987,0,0,0,0,0,11,0,0,0,0
40496,1,1,1987,23,23,23,23,23,23,23,23,23,23
40496,2,1,1987,0,6,0,0,0,0,0,0,0,0
40497,1,1,1987,0,0,0,0,0,0,0,0,0,0
40498,1,1,1987,0,0,0,0,0,0,0,0,0,0
40499,1,1,1987,0,0,0,0,0,8,0,0,0,0
40499,2,1,1987,0,0,0,0,0,0,0,0,0,0
40500,1,1,1987,0,0,0,0,0,0,0,0,0,0
40501,1,1,1987,18,18,18,18,18,18,18,18,18,18
40501,2,1,1987,0,0,0,0,0,0,0,0,0,0
40501,3,1,1987,0,0,0,0,0,0,0,0,0,0
40501,4,1,1987,0,0,0,0,0,0,0,5,0,0
40502,0,1,1987,0,0,0,0,0,0,0,0,0,6
40502,1,1,1987,0,0,0,0,0,0,0,0,0,0
40503,1,1,1987,0,0,0,0,0,0,0,0,0,0
40503,2,1,1987,0,0,0,0,0,0,0,0,0,0
40503,3,1,1987,19,21,21,25,5,22,16,19,19,8
40504,1,1,1987,15,0,0,15,0,26,22,0,0,9
40505,0,1,1987,0,31,20,15,0,21,0,0,0,0
40505,1,1,1987,0,0,0,0,0,0,0,0,0,0
40506,1,1,1987,6,0,0,0,0,0,0,0,0,0
40506,2,1,1987,0,0,0,0,0,0,0,0,0,0
40507,1,1,1987,0,0,0,0,0,0,0,0,0,0
40507,2,1,1987,0,0,0,0,0,0,0,0,0,0
40508,0,1,1987,0,0,0,0,0,0,0,0,0,0
40508,1,1,1987,0,0,0,0,0,0,0,0,0,0
40509,1,1,1987,17,17,17,17,17,17,17,17,17,17
40510,0,1,1987,13,24,21,17,43,38,22,25,8,25
40510,1,1,1987,25,14,16,16,22,0,19,19,26,11
40511,1,1,1987,0,0,0,0,41,17,29,37,0,0
40512,0,1,1987,0,0,0,0,0,0,0,0,0,0
40512,1,1,1987,0,0,0,0,0,0,0,0,0,0
40514,1,1,1987,2,2,2,2,2,2,2,2,2,2
40515,0,1,1987,20,20,20,20,20,20,20,20,20,20
40515,1,1,1987,0,0,0,0,0,0,0,0,0,0
40516,1,1,1987,0,0,0,0,0,0,0,0,0,0
40517,1,1,1987,5,5,5,5,5,5,5,5,5,5
40518,1,1,1987,23,23,23,23,23,23,23,23,23,23
40519,1,1,1987,16,0,14,15,19,16,12,30,7,23
40520,1,1,1987,14,14,10,0,8,13,23,0,9,0
40521,1,1,1987,0,0,20,0,13,0,28,0,10,0
40521,2,1,1987,0,0,0,0,0,0,0,0,0,0
40522,1,1,1987,18,18,18,18,18,18,18,18,18,18
40523,1,1,1987,0,0,0,0,0,0,16,7,7,0
40524,1,1,1987,0,0,0,0,0,0,0,0,0,0
40524,2,1,1987,0,0,0,0,0,0,0,0,0,0
40525,1,1,1987,0,0,0,0,0,0,0,0,0,0
40525,2,1,1987,0,0,0,0,0,0,0,0,0,0
40526,1,1,1987,19,19,19,19,19,19,19,19,19,19
40527,1,1,1987,0,0,0,0,0,0,0,0,0,0
40527,2,1,1987,19,0,0,0,0,0,26,14,0,0
40528,1,1,1987,0,0,0,0,0,0,0,0,0,0
40528,2,1,1987,0,0,0,0,0,0,0,0,0,0
40528,3,1,1987,21,21,21,21,21,21,21,21,21,21
40529,1,1,1987,0,0,0,0,0,0,0,0,0,0
40529,2,1,1987,0,0,0,0,0,0,0,0,0,0
40530,1,1,1987,15,15,15,15,15,15,15,15,15,15
40531,1,1,1987,28,28,28,28,28,28,28,28,28,28
40532,1,1,1987,12,12,12,12,12,12,12,12,12,12
40533,1,1,1987,17,17,17,17,17,17,17,17,17,17
40534,0,1,1987,11,11,11,11,11,11,11,11,11,11
40534,1,1,1987,11,13,21,0,24,3,14,21,12,17
40535,1,1,1987,0,0,0,0,35,0,15,0,0,0
40536,0,1,1987,0,0,0,0,8,0,0,13,0,0
40536,1,1,1987,0,0,0,0,0,0,0,0,0,0
40537,1,1,1987,0,0,0,0,0,0,0,0,0,0
40537,2,1,1987,0,0,0,0,0,0,0,0,0,0
40538,1,1,1987,19,19,19,19,19,19,19,19,19,19
40539,1,1,1987,0,29,8,5,11,16,20,0,15,15
40539,2,1,1987,0,0,0,0,0,0,0,0,0,0
40540,0,1,1987,0,0,0,0,0,0,0,0,0,0
40540,0,2,1987,0,6,0,0,0,0,0,0,0,0
40540,1,1,1987,0,0,0,0,0,0,0,0,0,0
40541,1,1,1987,2,2,2,2,2,2,2,2,2,2
40541,2,1,1987,20,20,20,20,20,20,20,20,20,20
40542,1,1,1987,30,30,30,30,30,30,30,30,30,30
40543,0,1,1987,5,0,15,9,41,22,31,29,5,19
40543,1,1,1987,0,0,0,0,0,0,0,0,0,0
40544,1,1,1987,0,0,0,0,0,0,0,0,0,0
40544,2,1,1987,17,17,17,17,17,17,17,17,17,17
40545,1,1,1987,14,14,14,14,14,14,14,14,14,14
40546,1,1,1987,10,10,10,10,10,10,10,10,10,10
40547,1,1,1987,7,7,7,7,7,7,7,7,7,7
40548,1,1,1987,36,10,10,22,8,16,16,19,9,19
40549,1,1,1987,15,15,15,15,15,15,15,15,15,15
40550,1,1,1987,17,17,17,17,17,17,17,17,17,17
40550,2,1,1987,0,0,0,0,0,0,0,0,0,0
40551,1,1,1987,0,0,0,21,4,0,41,0,0,0
40551,2,1,1987,0,0,0,0,0,0,0,0,0,0
40552,1,1,1987,16,16,16,16,16,16,16,16,16,16
40553,1,1,1987,0,0,0,0,0,0,0,0,0,0
40553,2,1,1987,0,0,0,0,0,0,0,0,0,0
40554,1,1,1987,0,0,0,17,0,18,19,18,18,18
40555,1,1,1987,0,0,0,0,0,0,0,0,0,0
40555,2,1,1987,0,0,0,0,0,30,0,0,0,0
40556,1,1,1987,0,0,0,0,0,0,0,0,0,0
40556,2,1,1987,0,17,0,0,0,0,0,0,0,0
40556,3,1,1987,0,0,0,0,0,0,0,0,0,0
40557,0,1,1987,36,36,36,36,36,36,36,36,36,36
40557,0,2,1987,5,25,30,18,14,22,17,10,34,17
40557,1,1,1987,0,16,5,0,11,11,0,0,0,0
40558,1,1,1987,0,0,0,0,0,0,0,0,0,0
40558,2,1,1987,0,0,0,0,0,0,0,0,0,0
40559,1,1,1987,0,0,0,0,0,0,0,0,0,0
40560,1,1,1987,0,0,0,0,0,0,0,0,0,0
40560,2,1,1987,3,3,3,3,3,3,3,3,3,3
40561,1,1,1987,6,0,5,10,10,3,21,18,9,10
40561,2,1,1987,0,0,0,0,0,0,0,0,0,0
40562,1,1,1987,12,32,17,0,6,8,8,7,0,16
40562,2,1,1987,0,0,0,0,0,0,0,0,13,0
40563,0,1,1987,28,28,28,28,28,28,28,28,28,28
40564,0,1,1987,26,26,26,26,26,26,26,26,26,26
40564,1,1,1987,0,0,0,0,0,0,0,0,0,21
40565,1,1,1987,16,16,16,16,16,16,16,16,16,16
40566,1,1,1987,0,0,0,0,0,0,0,0,0,0
40566,2,1,1987,0,0,0,0,0,0,0,0,0,0
40567,0,1,1987,0,0,0,0,0,0,0,0,0,0
40567,1,1,1987,0,0,0,0,0,0,0,0,0,0
40568,1,1,1987,0,0,0,0,0,0,0,0,0,0
40568,2,1,1987,0,0,0,0,0,0,0,0,5,0
40569,1,1,1987,16,16,16,16,16,16,16,16,16,16
40570,1,1,1987,21,13,27,27,6,7,6,10,2,16
40571,1,1,1987,22,22,22,22,22,22,22,22,22,22
40572,1,1,1987,0,0,0,0,3,0,0,0,0,0
40572,2,1,1987,0,0,0,0,0,0,0,0,0,0
40572,3,1,1987,0,0,0,0,0,0,0,0,0,0
40572,4,1,1987,0,0,0,0,0,0,0,0,0,0
40572,5,1,1987,0,0,0,17,0,0,0,0,0,0
40573,1,1,1987,0,0,12,0,0,27,0,0,0,0
40574,0,1,1987,0,0,0,0,0,0,0,0,0,0
40574,0,2,1987,0,0,0,0,0,0,19,0,21,0
40574,1,1,1987,14,28,0,16,0,13,25,7,11,4
40575,1,1,1987,0,0,0,0,0,0,0,0,0,0
40575,2,1,1987,0,0,0,0,0,0,0,0,0,0
40576,1,1,1987,0,0,0,0,0,0,0,0,0,0
40576,2,1,1987,0,0,0,0,0,0,0,0,0,0
40577,1,1,1987,0,0,0,0,0,0,0,0,0,0
40578,1,1,1987,8,8,8,8,8,8,8,8,8,8
40579,0,1,1987,0,0,0,0,0,0,10,0,0,6
40579,1,1,1987,0,0,0,0,0,0,0,10,0,0
40580,1,1,1987,0,0,35,0,0,0,0,0,0,0
40581,1,1,1987,0,0,0,0,0,0,0,0,0,0
40581,2,1,1987,0,9,0,0,0,0,0,0,0,0
40582,1,1,1987,0,0,6,0,0,0,0,0,0,0
40582,2,1,1987,20,20,20,20,20,20,20,20,20,20
40583,1,1,1987,13,11,13,10,0,31,20,10,17,10
40584,0,1,1987,26,11,0,18,17,15,4,20,22,0
40584,1,1,1987,21,17,0,43,0,23,0,0,0,11
40585,1,1,1987,0,0,0,0,0,0,0,0,0,0
40585,2,1,1987,0,0,0,0,0,0,0,0,0,0
40585,3,1,1987,0,0,0,0,0,0,0,0,0,0
40586,0,1,1987,0,0,0,0,0,0,0,0,0,0
40586,1,1,1987,0,0,0,0,0,0,0,0,0,0
40587,1,1,1987,17,17,17,17,17,17,17,17,17,17
40588,1,1,1987,0,0,0,0,0,0,0,0,0,0
40588,2,1,1987,0,0,0,0,0,0,0,0,0,0
40589,1,1,1987,7,7,7,7,7,7,7,7,7,7
40590,0,1,1987,28,0,6,0,0,0,8,0,0,0
40590,1,1,1987,23,0,0,0,13,0,0,0,0,0
40590,2,1,1987,0,0,0,0,0,0,0,0,11,0
40591,0,1,1987,0,0,3,0,0,0,0,0,0,0
40591,1,1,1987,0,0,0,0,0,0,0,0,0,0
40592,0,1,1987,22,22,22,22,22,22,22,22,22,22
40592,1,1,1987,0,0,0,0,0,0,12,16,0,0
40593,1,1,1987,9,9,9,9,9,9,9,9,9,9
40594,1,1,1987,3,3,3,3,3,3,3,3,3,3
40595,1,1,1987,0,0,0,0,14,0,0,0,0,0
40596,1,1,1987,17,20,19,15,22,21,14,27,6,23
40597,0,1,1987,32,32,32,32,32,32,32,32,32,32
40597,1,1,1987,0,0,0,0,0,0,0,19,0,0
40598,1,1,1987,23,12,26,14,18,11,11,6,21,25
40599,1,1,1987,0,0,0,0,0,0,0,0,0,0
40599,2,1,1987,0,0,0,0,0,0,0,0,0,0
40600,1,1,1987,24,24,24,24,24,24,24,24,24,24
40601,0,1,1987,9,19,28,7,17,15,28,23,24,10
40601,1,1,1987,12,21,11,28,23,13,17,10,11,11
40602,1,1,1987,0,0,0,3,0,0,0,0,0,0
40602,2,1,1987,0,0,0,0,0,0,0,0,0,0
40603,1,1,1987,0,0,0,0,0,0,0,0,0,0
40604,1,1,1987,20,20,20,20,20,20,20,20,20,20
40605,1,1,1987,0,0,0,0,0,0,0,0,0,0
40605,2,1,1987,20,20,20,20,20,20,20,20,20,20
40606,1,1,1987,6,6,6,6,6,6,6,6,6,6
40607,1,1,1987,17,17,17,17,17,17,17,17,17,17
40609,1,1,1987,0,13,25,19,19,11,16,15,16,11
40610,0,1,1987,0,0,0,0,0,0,0,0,0,0
40610,0,2,1987,0,0,0,0,0,0,0,0,0,0
40610,1,1,1987,28,9,14,9,16,11,17,17,0,9
40611,1,1,1987,4,4,4,4,4,4,4,4,4,4
40612,1,1,1987,0,0,0,0,0,0,0,0,0,0
40612,2,1,1987,19,19,19,19,19,19,19,19,19,19
40613,1,1,1987,24,24,24,24,24,24,24,24,24,24
40613,2,1,1987,0,0,0,0,0,0,0,0,0,0
40614,1,1,1987,15,15,15,15,15,15,15,15,15,15
40615,1,1,1987,11,0,10,0,0,0,0,0,0,16
40616,1,1,1987,0,0,0,0,0,0,0,0,0,0
40617,1,1,1987,20,20,20,20,20,20,20,20,20,20
40618,0,1,1987,23,0,26,0,22,0,17,0,0,0
40618,1,1,1987,19,13,22,22,5,0,14,8,15,23
40619,1,1,1987,18,18,18,18,18,18,18,18,18,18
40620,1,1,1987,0,19,28,20,13,0,14,11,28,23
40621,1,1,1987,0,0,0,0,0,0,0,0,0,0
40621,2,1,1987,0,0,0,0,0,0,0,0,0,0
40621,3,1,1987,0,0,0,0,0,0,0,0,0,0
40622,1,1,1987,13,7,0,19,18,7,4,9,8,31
40623,1,1,1987,0,0,0,0,0,0,0,0,0,0
40624,0,1,1987,26,9,16,23,0,12,39,11,13,32
40624,1,1,1987,24,24,24,24,24,24,24,24,24,24
40625,1,1,1987,0,0,0,0,0,0,0,0,0,0
40626,1,1,1987,16,15,21,11,10,29,34,0,20,7
40627,1,1,1987,19,26,0,14,10,0,0,0,0,34
40628,0,1,1987,15,0,0,0,16,0,0,0,0,0
40628,1,1,1987,0,9,0,0,9,15,17,21,3,0
40629,1,1,1987,13,29,30,0,19,0,0,44,0,21
40630,1,1,1987,6,8,0,0,0,3,0,0,8,69
40631,1,1,1987,0,20,0,0,0,23,0,0,0,22
40632,1,1,1987,10,22,0,0,14,0,17,32,9,26
40633,1,1,1987,23,31,0,0,0,42,16,14,8,0
40634,1,1,1987,11,19,19,32,17,28,19,28,19,16
40634,2,1,1987,0,7,0,22,12,37,0,12,30,19
40635,1,1,1987,27,0,18,0,24,21,10,20,5,14
40636,1,1,1987,0,0,0,0,0,0,0,0,0,0
40637,1,1,1987,13,5,17,11,19,35,32,11,43,20
40639,1,1,1987,0,0,0,0,0,0,0,0,0,0
40639,2,1,1987,8,8,8,8,8,8,8,8,8,8
40640,1,1,1987,18,18,18,18,18,18,18,18,18,18
40641,1,1,1987,4,18,18,8,27,7,14,17,15,14
40642,1,1,1987,22,31,28,27,47,17,17,19,22,19
40643,1,1,1987,0,0,0,0,0,0,0,0,0,0
40643,2,1,1987,4,4,4,4,4,4,4,4,4,4
40644,1,1,1987,14,14,14,14,14,14,14,14,14,14
40645,1,1,1987,0,0,0,0,0,0,0,0,0,0
40646,1,1,1987,0,12,23,0,0,0,0,0,0,0
40646,2,1,1987,0,0,0,17,33,0,24,0,0,20
40646,3,1,1987,0,0,22,0,0,6,0,0,0,0
40646,4,1,1987,0,0,0,0,0,0,23,0,0,13
40647,1,1,1987,28,28,28,28,28,28,28,28,28,28
40647,2,1,1987,21,0,0,0,0,0,0,0,0,0
40648,1,1,1987,31,13,20,18,0,5,9,15,21,12
40649,0,1,1987,12,0,0,18,12,10,6,19,4,0
40649,1,1,1987,0,0,0,0,0,13,13,20,0,0
40650,1,1,1987,0,18,6,0,0,0,0,0,0,5
40651,1,1,1987,15,15,15,15,15,15,15,15,15,15
40652,1,1,1987,11,11,11,11,11,11,11,11,11,11
40653,0,1,1987,0,0,0,0,0,0,0,0,0,0
40653,1,1,1987,23,23,23,23,23,23,23,23,23,23
40654,1,1,1987,16,10,0,10,19,0,6,0,22,15
40655,1,1,1987,0,39,0,0,13,26,13,58,30,11
40656,0,1,1987,31,0,30,18,14,25,0,10,19,22
40656,1,1,1987,26,19,30,0,0,2,0,0,11,0
40657,1,1,1987,0,0,0,0,0,0,0,0,0,0
40657,2,1,1987,0,0,0,0,0,0,0,0,0,0
40657,3,1,1987,0,0,0,0,0,0,0,0,0,0
40658,1,1,1987,0,0,0,0,0,0,0,0,0,0
40658,2,1,1987,0,0,0,0,0,0,0,0,0,0
40659,1,1,1987,11,0,22,16,0,0,27,0,10,9
40660,1,1,1987,18,18,18,18,18,18,18,18,18,18
40660,2,1,1987,0,0,0,0,0,0,0,0,0,0
40661,1,1,1987,0,0,0,0,0,0,0,0,0,0
40661,2,1,1987,0,0,0,0,0,0,0,0,0,0
40662,1,1,1987,0,0,0,0,0,0,0,0,0,0
40663,1,1,1987,16,0,0,10,30,0,11,0,25,0
40664,0,1,1987,0,0,0,0,0,0,0,0,0,22
40664,1,1,1987,0,0,0,0,0,0,0,0,0,0
40665,1,1,1987,18,18,18,18,18,18,18,18,18,18
40665,2,1,1987,0,0,0,0,0,0,0,0,0,0
40666,1,1,1987,17,18,0,20,0,0,0,29,0,23
40667,0,1,1987,6,6,6,6,6,6,6,6,6,6
40667,0,2,1987,0,19,0,8,3,0,0,3,15,0
40667,1,1,1987,0,0,0,0,0,0,0,0,0,0
40668,0,1,1987,21,21,21,21,21,21,21,21,21,21
40668,1,1,1987,0,0,0,0,0,0,0,0,0,0
40669,1,1,1987,14,14,14,14,14,14,14,14,14,14
40669,2,1,1987,0,0,0,0,0,0,0,0,0,0
40670,1,1,1987,9,0,0,0,0,0,0,0,0,0
40670,2,1,1987,16,16,16,16,16,16,16,16,16,16
40671,1,1,1987,16,16,16,16,16,16,16,16,16,16
40672,1,1,1987,16,31,0,17,19,22,15,17,15,8
40672,2,1,1987,0,0,0,0,0,0,0,0,0,0
40673,1,1,1987,17,17,17,17,17,17,17,17,17,17
40674,1,1,1987,6,6,6,6,6,6,6,6,6,6
40674,2,1,1987,0,0,0,0,0,0,0,0,0,0
40675,1,1,1987,17,17,17,17,17,17,17,17,17,17
40676,1,1,1987,0,0,0,0,0,0,0,0,0,0
40676,2,1,1987,0,0,0,0,0,0,0,0,0,0
40677,1,1,1987,14,14,14,14,14,14,14,14,14,14
40678,1,1,1987,17,15,15,0,0,19,0,0,0,0
40678,2,1,1987,0,0,0,0,0,0,0,0,0,0
40679,1,1,1987,22,22,22,22,22,22,22,22,22,22
40679,2,1,1987,0,0,0,0,0,0,0,0,0,0
40680,1,1,1987,0,0,0,0,0,0,0,0,0,0
40680,2,1,1987,19,19,19,19,19,19,19,19,19,19
40681,0,1,1987,30,0,7,0,0,0,0,26,0,10
40681,1,1,1987,0,0,0,0,0,0,0,22,0,0
40682,1,1,1987,13,13,13,13,13,13,13,13,13,13
40683,1,1,1987,0,0,0,0,0,0,0,0,0,0
40684,1,1,1987,19,19,19,19,19,19,19,19,19,19
40684,2,1,1987,0,0,0,0,0,0,0,0,0,0
40685,0,1,1987,0,0,0,0,0,0,0,0,0,0
40685,1,1,1987,0,0,0,0,0,0,0,0,0,0
40686,0,1,1987,0,0,0,0,0,0,0,0,0,0
40686,1,1,1987,0,11,0,0,0,0,0,0,0,0
40687,1,1,1987,9,17,18,0,16,22,19,13,28,17
40688,1,1,1987,0,0,0,0,0,0,0,0,0,0
40689,1,1,1987,0,0,0,0,0,0,0,0,0,0
40690,1,1,1987,9,17,0,14,0,13,0,17,0,0
40691,1,1,1987,0,0,0,0,0,0,0,0,0,0
40691,2,1,1987,0,0,0,0,0,0,0,0,0,0
40692,1,1,1987,0,0,0,0,0,0,0,0,0,0
40692,2,1,1987,0,0,0,0,0,0,0,0,0,0
40694,1,1,1987,11,0,30,0,27,15,14,0,21,11
40694,2,1,1987,0,0,18,17,12,0,0,8,0,23
40695,1,1,1987,0,0,0,0,0,0,0,0,0,0
40696,1,1,1987,14,21,26,12,6,8,16,0,9,4
40697,1,1,1987,0,0,0,0,0,0,0,0,0,0
40697,2,1,1987,0,0,0,0,0,0,0,0,0,0
40698,0,1,1987,15,15,15,15,15,15,15,15,15,15
40698,1,1,1987,0,0,0,0,0,0,0,0,0,0
40699,0,1,1987,19,19,19,19,19,19,19,19,19,19
40699,1,1,1987,0,0,0,0,0,0,0,0,0,0
40700,1,1,1987,5,0,0,0,0,0,0,0,0,0
40701,0,1,1987,19,19,19,19,19,19,19,19,19,19
40701,1,1,1987,0,0,0,0,0,0,0,0,0,0
40702,0,1,1987,0,0,0,0,0,0,0,0,0,0
40702,1,1,1987,15,0,57,0,5,27,0,13,6,3
40703,1,1,1987,26,26,26,26,26,26,26,26,26,26
40703,2,1,1987,0,0,0,0,0,0,0,0,0,0
40704,0,1,1987,0,0,0,0,0,0,0,6,0,17
40704,0,2,1987,0,0,0,0,0,0,0,0,0,0
40704,0,3,1987,0,0,0,0,0,0,0,0,0,0
40704,1,1,1987,0,0,0,0,0,0,0,0,0,0
40705,1,1,1987,0,0,0,0,0,0,7,0,0,0
40705,2,1,1987,0,0,0,0,0,0,0,0,0,0
40706,1,1,1987,0,0,0,0,0,0,0,0,0,0
40706,2,1,1987,0,0,0,0,0,0,0,0,0,13
40707,0,1,1987,33,0,0,0,25,0,0,0,0,0
40707,1,1,1987,14,14,14,14,14,14,14,14,14,14
40708,0,1,1987,34,0,16,14,35,19,20,12,14,13
40708,1,1,1987,0,0,0,0,0,0,0,0,0,0
40709,1,1,1987,17,20,17,26,17,17,10,21,13,30
40710,1,1,1987,0,0,0,0,0,0,0,0,0,0
40710,2,1,1987,0,0,0,0,0,0,0,0,0,0
40711,1,1,1987,1,1,1,1,1,1,1,1,1,1
40711,2,1,1987,0,22,0,0,0,0,3,0,0,0
40712,1,1,1987,0,0,0,0,0,0,0,0,0,0
40713,1,1,1987,25,25,25,25,25,25,25,25,25,25
40714,1,1,1987,6,7,10,10,20,15,10,0,13,9
40715,0,1,1987,0,0,0,0,0,0,0,0,0,0
40715,1,1,1987,0,0,0,0,0,19,0,0,0,0
40715,2,1,1987,0,0,0,0,0,0,0,0,0,0
40716,1,1,1987,20,20,20,20,20,20,20,20,20,20
40717,1,1,1987,0,0,0,0,0,0,0,0,0,0
40717,2,1,1987,0,0,0,0,0,0,0,0,9,0
40718,1,1,1987,0,0,0,0,0,0,0,0,0,0
40718,2,1,1987,15,15,25,33,16,14,17,36,27,0
40719,1,1,1987,0,0,0,0,0,0,0,0,0,0
40720,1,1,1987,0,0,0,0,0,0,0,0,0,0
40721,0,1,1987,24,24,24,24,24,24,24,24,24,24
40721,1,1,1987,0,0,0,0,0,0,0,0,0,0
40722,0,1,1987,19,0,0,0,0,11,0,0,20,0
40722,1,1,1987,0,0,0,0,0,0,0,0,0,0
40723,1,1,1987,13,17,19,5,13,13,26,28,14,11
40724,1,1,1987,0,0,19,0,9,0,0,0,0,0
40724,2,1,1987,0,0,0,0,0,0,0,0,0,0
40724,3,1,1987,0,0,0,0,0,0,0,11,0,0
40725,1,1,1987,19,19,19,19,19,19,19,19,19,19
40726,1,1,1987,0,0,0,0,0,0,0,0,0,0