ST_CASE,VEH_NO,PER_NO,YEAR,P1,P2,P3,P4,P5,P6,P7,P8,P9,P10
40726,2,1,1987,11,0,0,0,0,2,0,0,0,0
40727,1,1,1987,0,17,5,7,0,18,14,14,0,6
40727,2,1,1987,0,0,0,0,0,0,0,0,0,0
40728,1,1,1987,0,0,0,0,0,0,0,0,0,0
40728,2,1,1987,0,0,0,0,0,0,0,0,0,0
40729,1,1,1987,19,6,20,18,29,8,16,3,7,18
40729,2,1,1987,25,13,15,9,12,12,11,6,0,9
40729,3,1,1987,11,0,0,0,11,4,0,0,0,0
40729,4,1,1987,0,0,0,0,0,0,0,14,0,0
40730,1,1,1987,29,21,14,17,22,19,23,43,11,23
40731,1,1,1987,21,21,21,21,21,21,21,21,21,21
40731,2,1,1987,7,0,0,0,13,0,0,0,0,0
40732,0,1,1987,0,0,0,0,0,0,0,0,0,0
40732,1,1,1987,0,0,0,0,0,0,0,0,0,0
40732,2,1,1987,0,0,0,0,0,0,0,0,0,0
40733,0,1,1987,15,15,15,15,15,15,15,15,15,15
40733,1,1,1987,0,8,0,0,0,0,0,0,0,0
40735,1,1,1987,0,0,0,0,0,0,0,0,0,0
40735,2,1,1987,0,0,0,0,0,0,19,0,0,0
40736,1,1,1987,0,7,21,0,0,24,0,7,8,10
40736,2,1,1987,0,0,0,0,0,0,0,0,0,0
40736,3,1,1987,0,0,0,0,0,0,0,0,0,0
40738,1,1,1987,0,0,12,24,13,20,3,6,9,15
40740,0,1,1987,11,0,18,12,13,19,22,0,32,0
40740,1,1,1987,22,22,22,22,22,22,22,22,22,22
40741,0,1,1987,21,0,0,0,0,10,0,35,22,0
40741,1,1,1987,21,21,21,21,21,21,21,21,21,21
40741,2,1,1987,0,0,0,0,0,0,0,0,0,0
40743,0,1,1987,15,0,0,0,0,11,0,12,0,0
40743,0,2,1987,0,0,0,0,13,0,0,0,0,0
40743,1,1,1987,0,0,0,0,4,0,0,9,0,0
40744,0,1,1987,0,0,18,0,11,0,39,24,4,35
40744,1,1,1987,0,0,0,0,0,0,0,0,0,0
40745,1,1,1987,16,16,16,16,16,16,16,16,16,16
40746,1,1,1987,0,0,0,0,0,0,0,0,0,0
40746,2,1,1987,0,0,0,0,0,0,0,0,0,0
40747,0,1,1987,0,0,0,0,0,0,0,0,0,0
40747,1,1,1987,0,0,0,0,0,0,0,0,0,0
40748,1,1,1987,0,0,0,0,0,0,0,0,0,0
40748,2,1,1987,0,0,0,0,0,0,0,0,0,0
40749,1,1,1987,1,1,1,1,1,1,1,1,1,1
40749,2,1,1987,0,0,0,0,0,0,0,0,0,0
40750,1,1,1987,0,0,0,0,0,0,0,0,0,0
40751,0,1,1987,18,18,18,18,18,18,18,18,18,18
40751,0,2,1987,19,20,0,3,20,20,22,17,25,0
40751,1,1,1987,9,0,11,12,23,28,27,25,6,19
40752,0,1,1987,39,39,39,39,39,39,39,39,39,39
40752,1,1,1987,0,0,0,0,0,0,0,0,0,0
40753,0,1,1987,47,47,47,47,47,47,47,47,47,47
40753,1,1,1987,0,0,0,0,0,0,0,17,0,0
40754,1,1,1987,19,28,13,15,19,31,36,30,19,29
40755,0,1,1987,17,29,12,0,37,33,18,29,8,33
40755,1,1,1987,14,24,26,0,7,0,0,0,0,22
40756,0,1,1987,0,0,0,0,0,0,0,0,0,0
40756,1,1,1987,11,0,12,12,10,19,14,7,13,20
40757,1,1,1987,31,31,31,31,31,31,31,31,31,31
40757,2,1,1987,0,0,0,0,0,0,0,0,0,0
40758,1,1,1987,19,19,19,19,19,19,19,19,19,19
40758,2,1,1987,0,0,0,0,0,0,0,0,20,0
40759,1,1,1987,20,26,0,20,16,10,28,19,10,0
40759,2,1,1987,0,0,0,28,20,9,11,19,26,33
40760,0,1,1987,27,27,27,27,27,27,27,27,27,27
40760,1,1,1987,0,0,0,0,0,0,0,0,0,0
40761,1,1,1987,20,20,20,20,20,20,20,20,20,20
40762,1,1,1987,0,0,0,0,0,16,0,0,0,2
40762,2,1,1987,0,0,0,0,0,0,0,0,0,0
40762,3,1,1987,0,0,0,0,0,0,0,0,0,0
40763,1,1,1987,0,0,0,0,0,0,0,0,0,0
40763,2,1,1987,13,13,13,13,13,13,13,13,13,13
40764,1,1,1987,0,0,0,0,0,0,0,0,21,0
40765,1,1,1987,0,0,0,0,0,0,0,0,0,0
40765,2,1,1987,0,0,0,0,0,0,0,0,0,0
40766,1,1,1987,0,0,0,0,0,0,0,15,0,0
40766,2,1,1987,0,0,0,0,0,0,0,0,0,0
40767,1,1,1987,0,0,0,0,0,0,0,0,0,0
40767,2,1,1987,23,0,0,17,0,0,0,0,0,0
40768,0,1,1987,25,25,25,25,25,25,25,25,25,25
40768,1,1,1987,24,4,0,14,12,13,0,0,0,0
40769,1,1,1987,19,3,18,11,0,2,20,8,9,14
40769,2,1,1987,0,0,0,0,0,0,0,0,0,0
40770,1,1,1987,0,0,9,0,0,0,0,0,0,0
40771,1,1,1987,0,0,0,0,0,0,0,0,0,0
40771,2,1,1987,0,0,0,0,0,0,0,0,0,0
40772,1,1,1987,0,0,0,0,0,0,0,0,0,0
40772,2,1,1987,0,0,0,0,0,0,0,0,0,0
40773,1,1,1987,50,12,0,0,13,17,0,12,15,32
40774,1,1,1987,0,0,0,0,0,0,0,0,0,0
40774,2,1,1987,0,0,0,0,0,0,0,0,12,0
40775,1,1,1987,0,7,17,18,3,0,10,0,0,6
40776,1,1,1987,20,20,20,20,20,20,20,20,20,20
40777,1,1,1987,24,7,19,13,17,24,7,8,22,29
40778,1,1,1987,0,14,0,26,0,0,0,9,0,0
40779,1,1,1987,0,0,0,0,0,0,0,0,0,0
40779,2,1,1987,0,0,0,0,0,0,0,0,0,0
40779,3,1,1987,0,0,0,0,0,0,0,0,0,0
40780,1,1,1987,0,0,0,0,0,0,0,0,0,0
40781,1,1,1987,0,0,0,0,0,0,0,0,0,0
40781,2,1,1987,9,0,6,12,0,0,0,0,0,0
40781,3,1,1987,0,0,0,0,0,0,0,0,0,0
40782,0,1,1987,0,0,0,0,26,0,0,9,0,0
40782,1,1,1987,26,0,0,0,0,0,13,0,0,0
40783,0,1,1987,34,34,34,34,34,34,34,34,34,34
40783,1,1,1987,0,0,9,0,0,0,0,0,0,18
40784,1,1,1987,29,29,25,29,10,22,15,15,18,22
40785,1,1,1987,16,16,16,16,16,16,16,16,16,16
40786,1,1,1987,0,0,0,0,0,0,0,0,0,0
40786,2,1,1987,0,0,0,0,0,0,0,0,0,0
40786,3,1,1987,0,0,0,0,0,0,0,0,0,0
40786,4,1,1987,0,0,0,0,0,0,0,0,0,0
40787,1,1,1987,0,0,0,0,0,0,0,0,0,0
40787,2,1,1987,19,19,19,19,19,19,19,19,19,19
40788,1,1,1987,0,0,0,0,0,0,0,0,0,0
40788,2,1,1987,0,0,0,0,0,0,0,0,0,0
40789,1,1,1987,0,5,0,8,19,4,0,0,0,11
40789,2,1,1987,0,0,7,0,0,0,0,0,0,0
40790,1,1,1987,10,0,28,13,0,22,0,0,0,0
40790,2,1,1987,10,10,10,10,10,10,10,10,10,10
40791,0,1,1987,25,25,25,25,25,25,25,25,25,25
40791,1,1,1987,0,25,0,0,0,21,4,0,15,0
40792,0,1,1987,0,0,25,10,14,0,10,11,17,0
40792,1,1,1987,22,0,31,7,13,26,15,22,10,6
40793,1,1,1987,8,16,15,10,16,11,8,2,14,18
40794,1,1,1987,5,14,10,12,24,11,22,21,11,21
40795,1,1,1987,0,0,0,0,0,0,0,0,0,0
40795,2,1,1987,33,33,33,33,33,33,33,33,33,33
40796,1,1,1987,0,0,8,0,13,0,0,0,0,0
40796,2,1,1987,0,0,0,0,0,0,0,0,0,0
40797,1,1,1987,16,21,43,5,17,0,16,25,29,14
40798,1,1,1987,30,30,30,30,30,30,30,30,30,30
40799,1,1,1987,12,12,28,26,17,0,12,23,18,15
40800,1,1,1987,7,14,20,2,22,7,16,7,28,8
40801,1,1,1987,0,0,0,0,0,0,0,0,0,0
40801,2,1,1987,0,0,0,0,0,0,0,0,0,0
40802,1,1,1987,16,16,16,16,16,16,16,16,16,16
40802,2,1,1987,0,0,20,0,0,0,0,0,0,0
40802,3,1,1987,25,0,0,0,0,0,0,0,0,0
40803,1,1,1987,0,24,20,0,13,10,0,0,4,6
40803,2,1,1987,11,0,0,7,2,15,0,0,5,0
40804,0,1,1987,30,30,30,30,30,30,30,30,30,30
40804,1,1,1987,0,0,0,0,0,0,0,0,0,0
40805,1,1,1987,0,0,0,0,0,0,0,0,0,0
40805,2,1,1987,5,5,5,5,5,5,5,5,5,5
40806,1,1,1987,0,0,0,0,0,0,0,0,0,0
40806,2,1,1987,0,0,22,0,19,0,0,0,0,0
40807,0,1,1987,9,9,9,9,9,9,9,9,9,9
40807,1,1,1987,0,0,0,0,0,0,0,0,0,0
40808,1,1,1987,0,0,0,0,0,0,0,0,0,0
40808,2,1,1987,0,0,0,0,0,0,0,0,0,0
40808,3,1,1987,0,0,0,0,0,0,0,0,0,0
40809,1,1,1987,0,0,0,0,0,0,0,0,0,0
40810,1,1,1987,0,0,0,0,0,0,0,0,0,0
40811,0,1,1987,3,0,0,0,20,0,0,0,0,10
40811,1,1,1987,10,17,24,27,22,28,9,0,16,0
40812,1,1,1987,30,0,0,15,0,0,18,0,9,17
40813,0,1,1987,21,25,39,4,22,21,0,26,33,30
40813,1,1,1987,0,0,0,0,0,0,0,0,0,0
40814,0,1,1987,7,0,18,17,11,12,24,33,28,35
40814,1,1,1987,0,0,0,0,0,0,0,0,0,0
40815,1,1,1987,23,23,23,23,23,23,23,23,23,23
40816,1,1,1987,0,0,0,0,0,0,0,0,0,0
40817,1,1,1987,0,0,0,8,0,41,0,0,0,0
40818,1,1,1987,17,22,0,13,0,16,7,0,10,23
40819,1,1,1987,0,0,0,0,0,0,5,0,0,0
40821,1,1,1987,27,0,0,25,31,10,0,20,0,14
40822,1,1,1987,16,26,13,9,25,0,10,13,14,24
40823,1,1,1987,0,26,0,0,0,0,0,0,0,0
40823,2,1,1987,0,0,0,0,0,0,0,0,0,0
40824,0,1,1987,22,10,0,0,30,18,16,0,0,12
40824,1,1,1987,16,21,15,18,15,7,18,0,27,13
40825,1,1,1987,39,16,12,15,15,18,0,25,16,28
50001,1,1,1987,0,0,0,0,18,0,0,0,9,0
50002,1,1,1987,15,13,32,8,11,21,14,16,19,30
50003,0,1,1987,0,0,14,0,7,0,0,26,19,24
50003,1,1,1987,0,0,0,0,0,0,0,0,0,0
50003,2,1,1987,0,0,0,0,0,0,0,0,0,0
50004,1,1,1987,0,0,0,0,0,0,0,0,0,0
50004,2,1,1987,0,0,0,0,0,0,0,0,0,0
50004,3,1,1987,0,0,0,0,0,0,0,0,0,0
50004,4,1,1987,0,0,0,0,0,0,0,0,0,0
50005,1,1,1987,0,0,0,0,0,0,0,0,0,0
50005,2,1,1987,17,0,11,0,14,16,0,0,15,23
50007,1,1,1987,20,16,0,0,21,17,16,17,14,6
50007,2,1,1987,27,5,0,22,0,0,20,19,23,11
50008,1,1,1987,0,0,0,0,0,0,0,0,0,0
50008,2,1,1987,0,0,0,0,0,0,0,0,0,0
50008,3,1,1987,0,0,0,0,0,0,0,0,0,0
50009,1,1,1987,32,32,32,32,32,32,32,32,32,32
50010,1,1,1987,0,0,11,0,0,0,0,0,0,0
50010,2,1,1987,22,22,22,22,22,22,22,22,22,22
50011,1,1,1987,0,0,0,0,0,0,0,0,0,0
50011,2,1,1987,0,0,0,0,0,0,0,0,0,0
50012,0,1,1987,0,0,0,0,0,0,0,0,0,0
50012,1,1,1987,0,0,0,0,0,0,0,0,0,0
50013,1,1,1987,0,0,0,0,0,0,0,0,0,0
50013,2,1,1987,15,10,0,9,0,18,24,23,7,9
50014,1,1,1987,13,27,12,3,16,17,34,17,21,32
50014,2,1,1987,0,0,0,0,0,0,0,0,0,0
50015,1,1,1987,0,3,0,0,0,0,0,0,0,0
50015,2,1,1987,0,0,0,0,10,0,0,0,0,0
50016,1,1,1987,0,0,0,0,0,0,0,0,0,0
50017,1,1,1987,3,3,3,3,3,3,3,3,3,3
50018,1,1,1987,0,0,0,0,0,0,0,0,0,0
50018,2,1,1987,0,0,0,0,0,0,0,0,0,0
50019,1,1,1987,0,0,0,0,0,0,0,0,0,0
50020,1,1,1987,0,0,0,0,0,0,0,0,0,0
50020,2,1,1987,17,17,17,17,17,17,17,17,17,17
50021,1,1,1987,0,0,0,0,0,0,0,0,0,0
50021,2,1,1987,4,4,4,4,4,4,4,4,4,4
50022,1,1,1987,0,0,0,0,0,0,0,0,0,0
50022,2,1,1987,0,0,0,0,0,0,0,0,0,0
50023,1,1,1987,0,0,0,17,19,15,0,0,0,15
50023,2,1,1987,0,0,0,0,0,0,0,0,0,0
50024,1,1,1987,0,0,0,0,0,0,0,0,0,0
50024,2,1,1987,0,0,0,0,0,0,0,0,0,0
50025,1,1,1987,19,26,25,27,35,22,28,11,8,30
50026,1,1,1987,24,12,16,0,26,7,14,13,16,18
50027,1,1,1987,0,0,0,0,0,0,0,0,0,0
50028,1,1,1987,10,0,6,14,0,6,3,0,9,18
50029,1,1,1987,0,0,0,0,0,0,0,0,0,0
50030,1,1,1987,20,0,0,0,0,0,0,0,0,4
50030,2,1,1987,6,18,21,24,14,8,16,11,10,14
50031,1,1,1987,13,23,16,6,37,20,0,19,30,17
50032,1,1,1987,32,32,32,32,32,32,32,32,32,32
50033,0,1,1987,0,0,0,0,0,0,0,0,0,0
50033,1,1,1987,0,0,0,0,0,0,0,0,0,0
50034,0,1,1987,0,0,0,0,0,0,0,0,0,0
50034,1,1,1987,21,4,5,23,10,10,17,7,10,8
50035,1,1,1987,0,0,0,0,0,0,0,0,0,0
50036,1,1,1987,0,0,0,0,0,0,0,0,0,0
50036,2,1,1987,0,0,0,0,0,0,0,0,0,0
50037,1,1,1987,25,25,25,25,25,25,25,25,25,25
50038,1,1,1987,0,0,0,0,0,0,0,0,0,0
50038,2,1,1987,0,0,0,4,0,0,0,0,0,2
50039,1,1,1987,22,30,19,18,19,22,12,0,19,19
50040,1,1,1987,0,0,0,0,23,0,0,0,9,0
50040,2,1,1987,0,0,0,0,0,0,0,0,0,0
50041,0,1,1987,0,0,0,0,0,0,0,0,0,0
50041,1,1,1987,0,0,0,0,0,0,0,0,0,0
50042,1,1,1987,18,20,12,12,18,9,12,30,8,32
50043,1,1,1987,0,0,5,0,14,12,16,0,0,14
50043,2,1,1987,0,0,18,0,0,0,0,0,0,0
50044,1,1,1987,0,0,0,0,0,0,0,0,0,0
50045,1,1,1987,14,0,0,4,15,8,22,13,21,11
50046,1,1,1987,0,0,0,0,0,0,0,0,0,0
50047,1,1,1987,9,0,0,0,0,0,11,0,18,0
50047,2,1,1987,0,0,0,0,0,0,0,0,0,14
50048,1,1,1987,10,0,25,25,28,10,4,15,13,20
50049,1,1,1987,25,25,25,25,25,25,25,25,25,25
50049,2,1,1987,0,0,0,0,0,17,0,0,0,0
50050,1,1,1987,0,0,0,0,0,0,0,0,0,0
50050,2,1,1987,0,0,0,0,0,0,0,0,0,0
50051,1,1,1987,0,0,0,0,0,0,0,0,0,0
50051,2,1,1987,21,21,21,21,21,21,21,21,21,21
50052,1,1,1987,0,0,0,0,0,0,0,0,0,0
50053,0,1,1987,16,0,0,0,0,0,0,0,0,0
50053,1,1,1987,0,0,8,21,22,14,0,0,6,0
50054,1,1,1987,4,4,4,4,4,4,4,4,4,4
50055,1,1,1987,0,31,46,0,0,0,26,34,0,0
50056,0,1,1987,0,0,18,0,0,0,0,19,6,12
50056,1,1,1987,0,0,0,0,0,0,0,0,0,0
50057,1,1,1987,0,0,0,0,0,0,0,0,0,0
50057,2,1,1987,2,2,2,2,2,2,2,2,2,2
50058,1,1,1987,0,0,0,0,0,0,0,0,0,0
50059,1,1,1987,0,0,0,0,0,0,0,0,0,0
50059,2,1,1987,0,0,6,20,21,0,25,16,33,17
50060,1,1,1987,0,0,0,0,0,0,0,0,0,0
50060,2,1,1987,11,11,11,11,11,11,11,11,11,11
50061,1,1,1987,13,13,13,13,13,13,13,13,13,13
50062,1,1,1987,13,0,18,31,0,0,11,24,5,20
50063,1,1,1987,0,0,0,0,0,0,0,0,0,0
50063,2,1,1987,0,0,0,0,0,0,0,0,0,0
50063,3,1,1987,0,0,0,0,0,0,0,0,0,0
50064,1,1,1987,14,14,14,14,14,14,14,14,14,14
50065,1,1,1987,7,7,7,7,7,7,7,7,7,7
50066,1,1,1987,8,8,8,8,8,8,8,8,8,8
50067,1,1,1987,0,0,0,0,0,0,15,0,0,0
50068,1,1,1987,13,13,13,13,13,13,13,13,13,13
50069,1,1,1987,18,18,18,18,18,18,18,18,18,18
50069,2,1,1987,19,5,25,12,5,13,12,32,0,4
50070,1,1,1987,21,21,21,21,21,21,21,21,21,21
50070,2,1,1987,0,0,0,0,0,0,0,0,0,0
50071,1,1,1987,27,0,0,0,0,0,0,0,0,0
50072,1,1,1987,0,0,0,0,0,0,0,0,0,0
50073,1,1,1987,33,18,26,34,16,18,25,15,15,3
50074,1,1,1987,0,5,6,28,19,9,14,19,13,7
50075,1,1,1987,0,0,0,0,0,0,0,0,0,0
50075,2,1,1987,12,27,0,0,16,18,10,18,15,0
50076,1,1,1987,19,7,21,14,0,25,21,10,21,0
50077,1,1,1987,0,0,0,0,0,0,0,0,0,0
50077,2,1,1987,0,0,0,0,0,0,0,0,0,0
50077,3,1,1987,0,0,0,0,0,0,0,0,0,0
50078,1,1,1987,20,0,0,0,0,0,0,0,0,0
50079,1,1,1987,0,0,0,0,0,13,0,0,0,11
50080,1,1,1987,20,20,20,20,20,20,20,20,20,20
50081,1,1,1987,0,13,0,0,0,0,0,0,0,0
50081,2,1,1987,0,0,0,0,0,0,0,0,0,0
50082,1,1,1987,17,17,17,17,17,17,17,17,17,17
50082,2,1,1987,21,19,17,17,22,8,16,18,19,17
50083,1,1,1987,9,12,0,10,11,24,9,0,21,14
50084,1,1,1987,17,11,31,28,24,30,27,12,21,10
50085,1,1,1987,0,0,0,0,12,0,0,0,0,0
50086,1,1,1987,10,18,21,19,6,19,16,50,32,18
50087,1,1,1987,26,26,26,26,26,26,26,26,26,26
50087,2,1,1987,0,0,0,0,0,0,0,0,0,0
50088,1,1,1987,0,0,0,0,0,0,0,0,0,0
50088,2,1,1987,0,0,0,0,0,0,0,0,0,0
50088,3,1,1987,0,0,0,0,0,0,0,0,0,0
50090,1,1,1987,0,0,0,0,0,0,0,0,0,0
50090,2,1,1987,19,19,19,19,19,19,19,19,19,19
50091,1,1,1987,15,15,15,15,15,15,15,15,15,15
50092,1,1,1987,21,14,12,8,28,17,4,17,0,30
50092,2,1,1987,19,19,19,19,19,19,19,19,19,19
50093,1,1,1987,0,0,0,0,0,0,0,0,0,0
50094,1,1,1987,20,20,20,20,20,20,20,20,20,20
50095,1,1,1987,16,16,16,16,16,16,16,16,16,16
50096,0,1,1987,0,0,0,31,16,0,13,0,0,26
50096,1,1,1987,0,0,32,16,0,0,0,0,37,24
50097,1,1,1987,23,23,23,23,23,23,23,23,23,23
50098,1,1,1987,2,2,2,2,2,2,2,2,2,2
50099,1,1,1987,17,17,17,17,17,17,17,17,17,17
50100,1,1,1987,26,14,22,23,0,19,0,7,0,7
50101,1,1,1987,0,0,0,0,0,0,0,0,0,0
50102,1,1,1987,0,0,0,0,0,0,0,0,0,0
50102,2,1,1987,0,0,0,0,0,0,0,0,0,0
50102,3,1,1987,0,0,0,0,0,0,0,0,0,0
50103,1,1,1987,32,31,0,15,19,17,18,13,11,18
50103,2,1,1987,0,0,0,0,0,0,0,0,0,0
50104,1,1,1987,22,22,22,22,22,22,22,22,22,22
50104,2,1,1987,27,0,31,9,19,9,0,11,0,19
50105,1,1,1987,0,0,0,0,18,0,0,0,0,0
50105,2,1,1987,0,0,0,0,0,0,0,0,0,0
50106,1,1,1987,0,0,0,0,0,0,0,0,0,0
50106,2,1,1987,0,0,0,0,0,0,0,0,0,0
50107,1,1,1987,0,0,0,0,0,0,0,0,0,0
50108,1,1,1987,18,18,18,18,18,18,18,18,18,18
50109,1,1,1987,7,11,6,9,15,36,9,16,17,31
50110,1,1,1987,0,8,15,0,0,0,0,7,0,7
50111,1,1,1987,0,0,0,0,0,0,0,0,0,0
50112,1,1,1987,21,30,17,9,26,16,11,16,23,17
50113,1,1,1987,7,7,7,7,7,7,7,7,7,7
50114,1,1,1987,16,16,16,16,16,16,16,16,16,16
50115,1,1,1987,16,16,16,16,16,16,16,16,16,16
50116,1,1,1987,0,0,0,0,0,0,0,0,0,0
50116,2,1,1987,0,0,0,0,0,0,0,0,0,0
50118,1,1,1987,12,0,22,16,24,15,20,14,8,7
50119,1,1,1987,12,3,26,29,43,21,0,25,20,21
50120,1,1,1987,19,13,10,11,32,10,12,0,15,0
50120,2,1,1987,0,0,0,0,11,15,0,0,0,0
50121,0,1,1987,10,16,14,34,18,27,0,0,0,18
50121,1,1,1987,0,0,0,0,0,0,0,0,0,0
50122,1,1,1987,0,0,0,0,0,0,0,0,0,0
50123,1,1,1987,0,0,0,0,0,0,0,0,0,0
50123,2,1,1987,0,10,9,16,10,11,0,0,0,13
50124,1,1,1987,19,11,18,19,15,16,9,8,21,9
50125,1,1,1987,21,21,21,21,21,21,21,21,21,21
50126,1,1,1987,0,0,0,0,0,0,0,0,0,0
50126,2,1,1987,0,0,0,0,0,0,0,0,0,0
50127,1,1,1987,0,0,0,0,0,0,0,0,0,0
50127,2,1,1987,0,0,0,0,0,0,0,0,0,0
50128,1,1,1987,0,0,0,0,0,0,0,0,0,0
50129,1,1,1987,8,0,22,0,7,15,0,0,0,0
50130,1,1,1987,0,0,0,0,0,0,0,0,0,0
50130,2,1,1987,0,9,7,9,0,0,0,0,5,0
50131,1,1,1987,11,11,29,10,13,20,7,9,10,22
50132,0,1,1987,28,31,19,21,0,22,24,15,39,42
50132,1,1,1987,0,0,0,0,0,0,0,0,0,0
50133,1,1,1987,0,0,0,0,0,0,0,0,0,0
50133,2,1,1987,9,16,16,27,14,0,20,8,12,18
50134,1,1,1987,0,0,0,12,0,0,6,0,0,17
50134,2,1,1987,0,0,0,0,0,0,0,0,0,0
50135,1,1,1987,10,10,10,10,10,10,10,10,10,10
50136,1,1,1987,13,29,12,17,22,34,18,33,19,13
50137,1,1,1987,4,0,0,13,18,9,0,14,0,0
50137,2,1,1987,0,0,0,0,0,0,0,0,0,0
50139,1,1,1987,16,16,16,16,16,16,16,16,16,16
50140,1,1,1987,0,0,0,0,0,0,0,0,0,0
50140,2,1,1987,0,0,0,0,0,0,0,0,0,0
50141,1,1,1987,0,0,0,0,0,0,0,0,0,0
50141,2,1,1987,0,0,0,0,0,0,0,0,0,0
50142,1,1,1987,0,22,0,0,20,0,0,0,0,10
50143,1,1,1987,24,19,12,23,20,19,27,14,13,18
50144,1,1,1987,0,5,2,0,0,0,0,0,0,0
50145,1,1,1987,0,0,0,0,0,0,0,0,0,0
50146,1,1,1987,23,23,23,23,23,23,23,23,23,23
50147,1,1,1987,0,0,0,0,0,0,0,0,0,0
50148,1,1,1987,29,29,29,29,29,29,29,29,29,29
50148,2,1,1987,0,0,0,0,0,0,4,0,0,0
50149,1,1,1987,15,15,15,15,15,15,15,15,15,15
50150,1,1,1987,0,0,0,0,0,0,0,0,0,0
50151,1,1,1987,21,21,21,21,21,21,21,21,21,21
50152,1,1,1987,16,16,16,16,16,16,16,16,16,16
50153,0,1,1987,0,0,0,0,0,0,0,0,0,0
50153,1,1,1987,0,0,0,0,0,0,0,0,0,0
50154,1,1,1987,0,0,18,0,0,8,0,5,0,0
50154,2,1,1987,0,0,0,0,0,0,0,0,0,0
50154,3,1,1987,0,0,0,0,0,0,0,0,0,0
50154,4,1,1987,0,0,0,0,0,0,0,0,0,0
50155,1,1,1987,3,3,3,3,3,3,3,3,3,3
50156,1,1,1987,23,23,23,23,23,23,23,23,23,23
50157,1,1,1987,0,0,0,0,0,0,0,0,0,0
50157,2,1,1987,17,17,17,17,17,17,17,17,17,17
50159,1,1,1987,0,0,0,0,0,0,0,0,0,0
50160,1,1,1987,13,13,13,13,13,13,13,13,13,13
50161,1,1,1987,0,0,0,0,0,0,0,0,0,0
50162,1,1,1987,8,0,0,0,0,11,0,12,0,13
50162,2,1,1987,12,12,0,0,0,11,13,0,0,0
50163,1,1,1987,12,7,0,21,0,31,4,28,20,15
50163,2,1,1987,0,0,0,0,0,0,0,9,0,0
50164,1,1,1987,0,0,0,0,0,0,0,0,0,0
50165,1,1,1987,20,24,19,28,17,12,8,33,17,21
50166,1,1,1987,0,0,0,0,0,0,0,0,17,0
50167,1,1,1987,0,0,0,0,0,0,0,0,0,0
50167,2,1,1987,21,22,13,21,7,23,18,29,14,17
50168,1,1,1987,0,0,0,0,0,0,0,0,0,0
50168,2,1,1987,0,0,0,0,0,0,0,0,0,0
50169,1,1,1987,0,0,0,0,0,0,0,0,0,0
50169,2,1,1987,14,14,14,14,14,14,14,14,14,14
50170,1,1,1987,29,18,22,24,13,26,11,25,35,33
50171,1,1,1987,3,15,25,8,12,22,14,17,17,0
50172,1,1,1987,0,0,0,0,0,0,0,0,0,0
50172,2,1,1987,34,34,34,34,34,34,34,34,34,34
50173,1,1,1987,0,0,0,0,0,0,0,0,0,0
50173,2,1,1987,0,0,0,0,0,0,9,0,0,0
50174,1,1,1987,31,31,31,31,31,31,31,31,31,31
50175,0,1,1987,58,21,26,22,27,13,13,37,31,24
50175,1,1,1987,11,0,0,0,0,0,0,20,5,0
50176,1,1,1987,0,0,0,0,0,0,0,0,0,0
50176,2,1,1987,0,0,0,0,0,0,0,0,0,0
50177,1,1,1987,0,0,0,0,0,0,0,0,0,0
50177,2,1,1987,0,0,0,0,0,0,0,0,0,0
50178,1,1,1987,17,17,17,17,17,17,17,17,17,17
50179,1,1,1987,0,0,0,0,0,0,0,0,0,0
50180,1,1,1987,19,7,0,0,0,22,13,22,0,0
50180,2,1,1987,0,0,0,0,0,0,0,0,0,0
50181,0,1,1987,14,14,14,14,14,14,14,14,14,14
50181,1,1,1987,0,0,0,0,0,26,0,0,14,0
50182,1,1,1987,0,0,0,0,0,0,0,0,0,0
50182,2,1,1987,0,0,0,0,0,0,0,0,0,0
50183,1,1,1987,0,0,0,0,0,0,0,0,0,0
50183,2,1,1987,0,0,0,0,0,0,0,0,0,0
50184,1,1,1987,0,0,0,0,0,19,11,20,0,0
50185,1,1,1987,0,0,0,0,0,0,0,0,0,0
50185,2,1,1987,0,0,0,0,0,0,0,0,0,0
50185,3,1,1987,0,0,0,0,0,0,0,0,0,0
50186,0,1,1987,0,5,8,0,0,0,0,0,0,0
50186,1,1,1987,0,0,0,0,0,0,0,0,0,0
50187,1,1,1987,12,12,12,12,12,12,12,12,12,12
50188,1,1,1987,12,12,12,12,12,12,12,12,12,12
50189,1,1,1987,14,14,14,14,14,14,14,14,14,14
50190,1,1,1987,13,13,13,13,13,13,13,13,13,13
50191,1,1,1987,0,20,0,0,0,0,0,0,0,0
50192,1,1,1987,1,1,1,1,1,1,1,1,1,1
50193,0,1,1987,0,0,0,0,0,0,0,0,0,0
50193,1,1,1987,0,0,17,10,17,20,18,11,8,14
50194,1,1,1987,0,0,0,0,0,0,0,0,0,0
50194,2,1,1987,5,5,5,5,5,5,5,5,5,5
50195,1,1,1987,15,15,15,15,15,15,15,15,15,15
50196,1,1,1987,0,0,0,0,0,0,0,0,0,0
50197,1,1,1987,9,9,9,9,9,9,9,9,9,9
50198,1,1,1987,0,0,0,13,33,22,0,0,0,0
50198,2,1,1987,0,0,10,0,0,0,17,0,0,0
50198,3,1,1987,0,0,0,0,0,0,0,0,0,0
50199,1,1,1987,2,2,2,2,2,2,2,2,2,2
50200,1,1,1987,20,2,9,14,8,22,25,32,18,11
50200,2,1,1987,0,0,0,0,0,0,0,22,0,0