ST_CASE,VEH_NO,PER_NO,YEAR,P1,P2,P3,P4,P5,P6,P7,P8,P9,P10
50201,1,1,1987,0,0,0,0,0,0,0,0,0,0
50201,2,1,1987,9,9,9,9,9,9,9,9,9,9
50202,1,1,1987,7,16,0,11,18,0,0,8,16,6
50202,2,1,1987,0,0,0,0,0,0,0,0,0,0
50203,1,1,1987,0,0,0,11,0,0,0,0,0,0
50203,2,1,1987,0,0,0,0,0,0,0,0,0,0
50204,1,1,1987,10,13,22,16,0,24,23,18,20,6
50204,2,1,1987,0,0,0,0,0,0,0,0,0,0
50205,0,1,1987,27,27,27,27,27,27,27,27,27,27
50205,1,1,1987,16,12,7,28,16,0,0,0,0,24
50206,0,1,1987,6,9,0,0,0,28,13,0,0,0
50206,1,1,1987,0,0,0,0,0,0,0,0,21,0
50207,1,1,1987,21,30,10,0,10,30,17,24,19,31
50208,1,1,1987,14,14,14,14,14,14,14,14,14,14
50209,1,1,1987,3,5,14,4,3,22,0,10,11,0
50210,1,1,1987,0,0,0,0,0,0,0,0,0,0
50211,1,1,1987,19,21,27,18,30,12,12,37,26,22
50212,1,1,1987,0,0,12,0,9,0,0,2,0,0
50213,1,1,1987,20,20,20,20,20,20,20,20,20,20
50213,2,1,1987,21,21,21,21,21,21,21,21,21,21
50214,1,1,1987,5,5,5,5,5,5,5,5,5,5
50215,1,1,1987,20,20,20,20,20,20,20,20,20,20
50216,1,1,1987,0,12,23,0,9,0,22,4,0,0
50217,0,1,1987,14,21,22,49,19,19,31,12,19,11
50217,1,1,1987,14,0,9,0,0,18,27,18,4,27
50218,1,1,1987,0,7,22,23,0,9,32,20,13,19
50219,1,1,1987,15,15,15,15,15,15,15,15,15,15
50220,1,1,1987,0,0,0,0,0,0,0,0,0,0
50220,2,1,1987,24,24,24,24,24,24,24,24,24,24
50221,1,1,1987,0,5,0,0,0,0,6,0,16,0
50221,2,1,1987,5,5,5,5,5,5,5,5,5,5
50222,1,1,1987,14,14,14,14,14,14,14,14,14,14
50223,0,1,1987,0,0,0,0,0,0,0,0,0,0
50223,1,1,1987,0,0,0,0,0,0,0,0,0,0
50224,1,1,1987,0,0,28,0,0,4,0,0,0,0
50224,2,1,1987,0,0,0,17,0,0,0,0,0,0
50225,0,1,1987,0,0,0,0,0,0,0,0,0,0
50225,1,1,1987,0,0,0,0,0,0,0,0,0,0
50225,2,1,1987,0,0,0,0,0,0,0,0,0,0
50226,1,1,1987,13,0,0,0,0,0,0,0,0,0
50226,2,1,1987,0,0,0,0,0,0,0,0,0,0
50226,3,1,1987,0,0,0,0,0,0,0,0,0,0
50227,0,1,1987,0,0,0,0,0,0,0,0,0,0
50227,1,1,1987,0,0,0,0,0,0,0,0,0,0
50228,0,1,1987,25,21,38,11,13,26,39,15,13,36
50228,1,1,1987,0,0,0,0,0,0,0,0,0,0
50229,1,1,1987,0,0,0,0,0,11,10,0,0,0
50229,2,1,1987,0,0,0,0,0,0,0,0,0,0
50229,3,1,1987,24,24,24,24,24,24,24,24,24,24
50230,1,1,1987,4,0,0,25,11,0,14,12,14,5
50230,2,1,1987,13,5,0,0,11,22,5,0,3,12
50231,1,1,1987,0,14,15,25,25,11,26,18,18,0
50232,1,1,1987,0,0,0,0,0,18,0,0,0,0
50232,2,1,1987,0,0,0,0,0,0,0,0,0,0
50233,1,1,1987,0,0,0,0,0,0,0,0,0,0
50233,2,1,1987,0,0,0,0,0,0,0,0,0,0
50234,1,1,1987,20,20,20,20,20,20,20,20,20,20
50235,1,1,1987,0,0,0,0,0,0,0,0,0,0
50235,2,1,1987,0,0,0,0,0,0,0,0,0,0
50236,1,1,1987,0,0,3,18,14,11,30,15,14,0
50236,2,1,1987,0,0,0,0,0,0,0,0,0,0
50237,1,1,1987,0,0,0,0,0,0,0,0,0,0
50237,2,1,1987,0,0,0,0,0,0,0,0,0,0
50238,1,1,1987,16,16,16,16,16,16,16,16,16,16
50239,1,1,1987,0,0,0,0,0,0,0,0,0,0
50239,2,1,1987,0,0,0,0,0,0,0,0,0,0
50240,0,1,1987,0,0,0,3,0,21,0,30,17,14
50240,1,1,1987,13,21,0,19,4,31,5,7,5,48
50241,1,1,1987,0,0,0,0,0,0,0,0,0,0
50241,2,1,1987,0,0,14,0,0,0,0,0,0,0
50242,1,1,1987,7,7,7,7,7,7,7,7,7,7
50242,2,1,1987,0,0,0,0,0,0,0,0,0,0
50242,3,1,1987,0,0,0,0,0,0,0,22,0,0
50243,0,1,1987,0,11,0,0,0,0,0,0,0,0
50243,1,1,1987,0,0,0,0,0,0,0,0,0,0
50244,0,1,1987,0,0,0,0,0,0,0,0,0,0
50244,1,1,1987,0,0,0,0,0,0,0,0,0,0
50245,1,1,1987,28,28,28,28,28,28,28,28,28,28
50246,1,1,1987,0,0,0,0,0,0,0,0,0,0
50247,1,1,1987,0,0,0,0,0,0,0,0,0,0
50247,2,1,1987,10,0,15,29,5,0,2,13,30,16
50248,1,1,1987,3,3,3,3,3,3,3,3,3,3
50249,1,1,1987,0,0,0,0,0,0,0,0,0,0
50250,0,1,1987,0,0,0,0,0,0,0,0,0,0
50250,1,1,1987,0,0,0,0,0,0,0,0,0,0
50251,0,1,1987,0,0,0,0,0,0,0,0,0,0
50251,1,1,1987,0,0,0,0,0,0,0,0,0,0
50252,1,1,1987,0,22,0,19,15,19,20,0,0,5
50253,1,1,1987,0,0,0,0,0,0,0,0,0,0
50253,2,1,1987,0,0,0,0,0,0,0,0,0,0
50254,0,1,1987,8,23,10,25,28,28,0,20,34,22
50254,1,1,1987,0,0,0,0,0,0,2,0,0,0
50255,1,1,1987,12,12,12,12,12,12,12,12,12,12
50255,2,1,1987,0,0,0,0,0,0,0,0,0,0
50256,1,1,1987,26,19,10,26,18,14,12,16,23,18
50257,1,1,1987,0,0,0,0,0,0,0,0,0,0
50258,1,1,1987,11,11,11,11,11,11,11,11,11,11
50259,1,1,1987,17,0,0,0,22,0,0,6,0,18
50260,1,1,1987,10,10,10,10,10,10,10,10,10,10
50261,1,1,1987,0,0,0,0,0,0,0,0,0,0
50261,2,1,1987,5,5,5,5,5,5,5,5,5,5
50262,1,1,1987,3,3,3,3,3,3,3,3,3,3
50262,2,1,1987,0,0,0,0,0,0,0,0,0,0
50263,1,1,1987,0,0,0,0,0,0,0,0,0,0
50263,2,1,1987,0,0,0,0,0,10,0,0,0,0
50263,3,1,1987,0,0,0,0,0,0,0,0,0,0
50264,1,1,1987,25,17,13,16,20,20,0,8,19,11
50265,1,1,1987,0,0,0,0,0,0,0,0,0,0
50265,2,1,1987,0,0,0,0,0,0,0,0,0,0
50265,3,1,1987,0,0,0,0,0,0,0,0,0,0
50266,1,1,1987,0,17,2,9,0,3,16,10,0,0
50266,2,1,1987,0,0,0,0,0,0,0,0,0,0
50267,1,1,1987,6,6,6,6,6,6,6,6,6,6
50268,1,1,1987,26,26,26,26,26,26,26,26,26,26
50269,1,1,1987,9,9,9,9,9,9,9,9,9,9
50270,1,1,1987,22,11,0,0,0,0,0,0,0,0
50271,0,1,1987,0,0,0,0,0,0,0,0,0,0
50271,1,1,1987,0,0,0,0,0,0,0,0,0,0
50272,1,1,1987,0,0,0,0,0,0,0,0,0,0
50273,1,1,1987,7,0,19,12,17,16,13,29,11,3
50274,1,1,1987,0,0,0,0,0,0,0,0,0,0
50275,1,1,1987,0,0,0,0,0,0,0,0,0,0
50275,2,1,1987,0,0,0,0,0,0,9,0,0,30
50275,3,1,1987,0,0,0,0,0,0,0,0,0,0
50276,1,1,1987,0,0,0,0,0,0,0,0,0,0
50277,1,1,1987,14,0,0,0,0,0,0,0,0,0
50277,2,1,1987,24,24,24,24,24,24,24,24,24,24
50278,1,1,1987,22,4,27,0,12,9,22,20,0,11
50279,1,1,1987,0,0,0,0,0,0,0,7,0,0
50280,1,1,1987,0,7,0,0,0,0,0,0,0,9
50280,2,1,1987,0,0,0,0,0,0,0,0,0,22
50281,1,1,1987,7,7,7,7,7,7,7,7,7,7
50282,1,1,1987,12,14,27,26,0,27,20,10,0,23
50283,1,1,1987,5,9,0,10,18,14,19,15,0,9
50283,2,1,1987,21,11,13,3,4,6,11,9,15,13
50284,1,1,1987,15,39,15,7,7,22,30,26,26,21
50285,1,1,1987,0,0,0,0,0,0,0,0,0,0
50286,1,1,1987,0,0,0,0,0,0,0,0,0,0
50286,2,1,1987,0,0,0,0,0,0,0,0,0,0
50287,1,1,1987,22,22,22,22,22,22,22,22,22,22
50287,2,1,1987,0,0,0,0,0,0,0,0,0,0
50287,3,1,1987,0,0,0,0,0,0,0,0,0,5
50288,1,1,1987,0,0,0,0,0,0,0,0,0,0
50289,0,1,1987,0,0,0,0,8,0,0,0,0,0
50289,0,2,1987,0,0,19,0,0,12,0,0,11,0
50289,1,1,1987,0,0,0,0,0,0,0,0,0,0
50290,1,1,1987,0,0,0,0,0,0,0,0,0,0
50290,2,1,1987,0,0,0,0,0,0,0,0,0,0
50291,1,1,1987,0,0,0,0,0,0,0,0,0,0
50291,2,1,1987,3,0,12,0,8,14,11,9,14,0
50292,1,1,1987,0,0,0,0,0,0,4,0,0,0
50292,2,1,1987,15,15,15,15,15,15,15,15,15,15
50293,1,1,1987,8,12,2,23,10,10,16,10,15,16
50294,1,1,1987,0,0,0,0,0,0,0,0,0,0
50294,2,1,1987,0,0,0,0,0,0,0,0,0,0
50295,1,1,1987,27,27,27,27,27,27,27,27,27,27
50296,1,1,1987,23,23,9,7,19,18,14,20,19,20
50297,1,1,1987,0,0,0,0,0,0,0,0,0,0
50297,2,1,1987,0,0,0,0,0,0,0,0,0,0
50297,3,1,1987,0,0,0,0,0,0,0,0,0,0
50298,1,1,1987,0,0,0,0,0,0,0,0,0,13
50298,2,1,1987,0,0,0,0,0,0,0,0,0,0
50299,1,1,1987,0,0,0,0,0,0,0,0,0,0
50300,1,1,1987,0,0,0,0,0,18,0,0,0,0
50300,2,1,1987,15,17,13,37,14,25,16,27,18,0
50301,1,1,1987,0,0,0,0,0,0,0,0,0,0
50302,1,1,1987,19,19,19,19,19,19,19,19,19,19
50303,1,1,1987,1,1,1,1,1,1,1,1,1,1
50304,0,1,1987,0,0,0,0,0,0,0,0,0,0
50304,1,1,1987,0,0,0,0,0,0,0,0,0,0
50305,1,1,1987,0,0,0,0,0,0,0,0,17,0
50305,2,1,1987,0,0,0,0,0,0,0,0,0,0
50305,3,1,1987,0,0,0,0,0,0,0,0,0,0
50306,1,1,1987,0,0,0,0,0,0,0,0,0,0
50307,1,1,1987,0,0,0,0,0,0,0,0,0,0
50307,2,1,1987,0,0,0,0,0,0,0,0,0,0
50308,1,1,1987,0,0,0,0,0,0,0,0,0,0
50308,2,1,1987,0,0,0,0,0,0,8,0,0,0
50309,1,1,1987,0,0,0,0,0,0,0,0,0,0
50310,1,1,1987,0,0,0,0,0,0,0,0,0,0
50311,1,1,1987,0,0,0,0,0,0,0,0,0,0
50311,2,1,1987,0,0,0,0,0,0,0,0,0,0
50312,1,1,1987,0,0,0,0,0,0,0,0,0,0
50312,2,1,1987,0,0,0,0,0,0,0,0,0,0
50313,1,1,1987,27,13,18,21,4,19,19,28,21,10
50314,0,1,1987,15,11,12,17,35,22,24,17,39,24
50314,1,1,1987,27,8,17,0,0,39,0,0,0,0
50315,1,1,1987,0,0,0,0,0,0,0,0,0,0
50316,1,1,1987,16,5,3,16,7,13,12,16,7,17
50317,1,1,1987,15,15,15,15,15,15,15,15,15,15
50317,2,1,1987,0,0,15,22,14,0,18,0,0,0
50318,1,1,1987,10,8,6,24,18,10,18,10,13,16
50319,1,1,1987,0,0,0,0,0,0,0,0,0,0
50319,2,1,1987,0,20,4,0,15,16,6,4,17,2
50320,1,1,1987,0,0,0,0,0,0,0,0,0,0
50320,2,1,1987,0,0,0,0,0,0,0,0,0,0
50321,1,1,1987,0,0,0,0,0,0,0,0,0,0
50321,2,1,1987,0,0,0,0,0,0,0,0,0,0
50322,1,1,1987,36,7,7,29,24,14,15,13,19,24
50323,1,1,1987,0,0,14,5,0,0,0,17,0,12
50324,1,1,1987,15,15,15,15,15,15,15,15,15,15
50325,1,1,1987,6,6,6,6,6,6,6,6,6,6
50326,1,1,1987,15,14,17,18,14,13,0,20,19,12
50326,2,1,1987,0,0,0,0,0,30,0,0,0,0
50327,1,1,1987,0,0,0,0,0,0,0,0,0,0
50327,2,1,1987,0,0,0,0,0,0,0,0,0,0
50327,3,1,1987,0,0,0,0,0,0,0,0,15,0
50328,1,1,1987,28,28,28,28,28,28,28,28,28,28
50329,1,1,1987,4,9,0,11,18,9,0,0,14,0
50330,1,1,1987,11,7,26,13,10,10,10,10,8,10
50331,1,1,1987,0,0,0,0,0,0,0,0,0,0
50331,2,1,1987,0,0,0,0,0,0,0,0,0,0
50332,1,1,1987,0,0,0,0,0,0,0,0,0,0
50332,2,1,1987,0,0,0,0,0,0,0,0,0,0
50333,1,1,1987,0,0,0,0,0,0,0,0,0,0
50333,2,1,1987,0,0,29,0,0,0,0,0,0,0
50334,1,1,1987,0,0,0,0,0,0,0,0,0,0
50334,2,1,1987,0,0,0,0,0,0,0,0,0,0
50336,1,1,1987,0,0,0,0,0,0,0,0,0,0
50336,2,1,1987,0,0,0,0,0,0,0,0,0,10
50337,1,1,1987,13,13,13,13,13,13,13,13,13,13
50338,1,1,1987,2,0,0,0,0,0,0,0,0,25
50339,1,1,1987,0,0,0,0,0,0,0,0,0,0
50339,2,1,1987,0,0,0,0,0,0,0,0,0,0
50340,1,1,1987,0,0,0,0,0,0,0,0,0,0
50340,2,1,1987,0,0,0,0,0,0,0,0,0,0
50341,1,1,1987,26,21,5,15,12,10,29,10,20,24
50342,1,1,1987,18,18,18,18,18,18,18,18,18,18
50343,1,1,1987,17,17,17,17,17,17,17,17,17,17
50344,0,1,1987,13,0,0,8,0,17,0,0,25,0
50344,1,1,1987,0,0,14,0,0,15,0,0,21,0
50345,1,1,1987,0,0,0,0,0,0,0,14,0,0
50345,2,1,1987,0,0,0,0,0,0,0,0,0,0
50345,3,1,1987,0,0,0,0,0,0,0,0,0,0
50346,1,1,1987,14,14,14,14,14,14,14,14,14,14
50347,0,1,1987,0,0,0,0,0,0,0,0,0,0
50347,1,1,1987,0,0,0,0,0,0,0,0,0,0
50348,0,1,1987,2,2,2,2,2,2,2,2,2,2
50348,1,1,1987,0,0,0,0,0,0,0,7,0,0
50349,1,1,1987,18,14,22,23,14,8,13,17,11,10
50350,1,1,1987,1,1,1,1,1,1,1,1,1,1
50351,1,1,1987,0,0,0,0,0,0,0,0,0,0
50352,1,1,1987,9,39,33,25,18,16,22,15,0,26
50353,1,1,1987,9,25,13,12,0,6,0,28,11,7
50353,2,1,1987,0,0,0,0,0,0,0,0,5,0
50354,1,1,1987,0,0,0,0,0,0,0,0,0,0
50355,1,1,1987,22,22,22,22,22,22,22,22,22,22
50356,1,1,1987,21,13,13,11,12,7,20,25,17,0
50357,1,1,1987,0,0,0,0,0,0,0,0,0,0
50357,2,1,1987,0,0,0,0,0,0,0,0,0,10
50358,1,1,1987,0,0,0,0,0,0,0,0,0,0
50358,2,1,1987,24,23,9,10,7,0,8,18,12,0
50359,0,1,1987,13,13,13,13,13,13,13,13,13,13
50359,1,1,1987,10,10,10,10,10,10,10,10,10,10
50360,1,1,1987,12,10,0,24,0,0,0,0,11,0
50361,1,1,1987,0,0,0,0,0,0,0,0,0,0
50361,2,1,1987,0,0,0,0,0,0,0,0,0,0
50362,1,1,1987,16,16,16,16,16,16,16,16,16,16
50363,1,1,1987,21,0,29,0,16,9,12,0,24,19
50364,1,1,1987,0,0,0,0,0,0,0,16,0,0
50365,0,1,1987,0,0,8,0,0,0,0,0,18,0
50365,1,1,1987,0,0,0,0,0,0,0,0,0,0
50366,1,1,1987,0,0,0,9,0,0,0,21,0,0
50367,0,1,1987,7,15,32,7,35,17,33,30,12,48
50367,1,1,1987,0,0,0,0,0,0,0,0,0,0
50368,1,1,1987,9,32,16,34,16,26,13,7,15,25
50369,0,1,1987,0,0,0,10,0,12,0,0,7,0
50369,1,1,1987,0,0,0,0,11,0,35,6,0,0
50370,0,1,1987,17,0,13,25,23,17,23,13,24,16
50370,1,1,1987,0,10,0,0,0,0,0,0,0,0
50371,1,1,1987,0,0,8,0,0,0,0,0,7,0
50371,2,1,1987,0,0,6,0,14,3,0,7,0,5
50372,1,1,1987,0,18,15,0,0,0,0,0,0,0
50372,2,1,1987,0,0,32,0,0,0,0,0,0,0
50374,1,1,1987,35,35,35,35,35,35,35,35,35,35
50374,2,1,1987,0,0,0,0,0,0,0,0,0,0
50375,1,1,1987,12,12,5,20,14,7,6,16,13,22
50376,1,1,1987,0,7,0,0,13,0,0,2,0,0
50376,2,1,1987,0,0,0,0,0,0,0,0,0,0
50377,1,1,1987,0,0,0,0,0,0,0,0,0,0
50378,1,1,1987,0,0,0,0,0,0,0,0,0,0
50378,2,1,1987,10,10,10,10,10,10,10,10,10,10
50379,1,1,1987,0,0,0,0,7,0,0,0,4,0
50379,2,1,1987,16,0,20,21,14,16,18,6,10,29
50380,1,1,1987,10,20,17,11,10,33,11,19,0,12
50380,2,1,1987,0,0,0,0,0,0,0,0,0,0
50381,1,1,1987,0,0,0,0,0,0,0,0,0,0
50381,2,1,1987,0,0,0,0,0,0,0,0,0,0
50382,1,1,1987,18,0,0,0,0,6,17,11,11,5
50382,2,1,1987,3,3,3,3,3,3,3,3,3,3
50383,1,1,1987,0,28,0,0,21,0,0,0,0,0
50383,2,1,1987,0,0,0,28,0,0,0,0,0,0
50384,1,1,1987,0,0,0,0,0,0,0,0,0,0
50384,2,1,1987,0,0,0,0,0,0,0,0,0,0
50385,1,1,1987,21,21,21,21,21,21,21,21,21,21
50386,1,1,1987,0,0,0,0,0,0,0,0,0,0
50386,2,1,1987,0,0,0,0,0,0,0,0,0,0
50387,1,1,1987,0,0,0,0,0,0,0,0,8,0
50387,2,1,1987,15,15,15,15,15,15,15,15,15,15
50388,1,1,1987,0,0,0,0,0,0,0,19,0,0
50389,1,1,1987,3,16,11,17,6,10,9,23,3,9
50389,2,1,1987,0,0,0,0,0,0,0,0,0,0
50390,1,1,1987,17,7,28,19,24,21,21,10,15,18
50391,1,1,1987,19,19,19,19,19,19,19,19,19,19
50392,1,1,1987,0,0,0,12,0,0,0,0,0,0
50393,1,1,1987,19,15,9,22,15,32,21,15,0,17
50393,2,1,1987,12,12,12,12,12,12,12,12,12,12
50394,1,1,1987,0,0,0,0,0,0,0,0,0,0
50394,2,1,1987,0,0,0,0,0,0,0,0,0,0
50394,3,1,1987,0,0,0,0,0,0,0,0,0,0
50394,4,1,1987,0,0,0,0,0,0,0,0,0,0
50395,0,1,1987,25,14,34,25,34,0,0,14,0,19
50395,1,1,1987,0,0,0,0,4,0,0,0,0,0
50396,1,1,1987,4,4,4,4,4,4,4,4,4,4
50396,2,1,1987,0,0,0,0,0,0,0,0,0,0
50397,0,1,1987,23,0,0,14,0,0,0,0,0,0
50397,1,1,1987,0,0,0,0,0,0,0,0,0,0
50398,1,1,1987,0,0,0,0,0,0,0,0,0,0
50398,2,1,1987,0,0,0,0,0,0,0,0,0,0
50399,1,1,1987,0,0,0,0,0,0,0,0,0,0
50399,2,1,1987,0,7,22,27,19,0,14,25,4,32
50400,1,1,1987,0,29,16,21,22,18,13,15,0,0
50400,2,1,1987,7,2,7,5,0,12,9,14,19,15
50401,1,1,1987,0,0,0,0,0,0,0,0,0,0
50401,2,1,1987,0,0,0,0,0,0,0,0,0,0
50402,0,1,1987,42,33,28,7,36,0,26,46,15,27
50402,1,1,1987,0,0,0,0,0,0,0,0,0,0
50403,1,1,1987,21,19,0,0,21,0,21,0,0,17
50404,1,1,1987,0,0,0,0,0,0,0,0,0,0
50405,1,1,1987,12,0,0,20,15,4,15,0,0,2
50405,2,1,1987,0,0,0,0,16,0,0,0,11,0
50406,1,1,1987,7,0,0,0,0,0,0,0,0,0
50406,2,1,1987,0,0,0,0,0,0,0,0,0,0
50407,0,1,1987,0,0,0,0,0,0,0,0,0,0
50407,1,1,1987,0,0,0,0,0,0,0,0,0,0
50408,1,1,1987,0,0,0,0,0,0,0,0,0,0
50409,1,1,1987,1,1,1,1,1,1,1,1,1,1
50410,1,1,1987,0,0,0,0,0,0,0,0,0,0
50410,2,1,1987,0,0,0,0,0,0,0,0,0,0
50411,1,1,1987,24,24,24,24,24,24,24,24,24,24
50412,1,1,1987,0,0,0,0,0,0,0,0,0,0
50412,2,1,1987,13,13,13,13,13,13,13,13,13,13
50413,1,1,1987,21,20,12,0,15,22,21,21,47,23
50414,1,1,1987,17,17,17,17,17,17,17,17,17,17
50415,1,1,1987,0,0,0,0,0,0,27,0,0,0
50416,1,1,1987,29,9,23,17,11,11,17,0,16,72
50417,1,1,1987,19,19,19,19,19,19,19,19,19,19
50417,2,1,1987,0,0,0,0,0,0,0,0,0,0
50418,1,1,1987,22,5,14,19,8,6,27,0,8,17
50419,0,1,1987,8,0,0,0,0,23,0,0,0,0
50419,1,1,1987,0,0,0,0,0,0,0,0,0,0
50420,1,1,1987,0,0,0,0,0,0,0,0,0,0
50420,2,1,1987,3,3,3,3,3,3,3,3,3,3
50420,3,1,1987,0,6,0,0,0,0,0,0,0,0
50420,4,1,1987,0,0,0,0,0,0,0,0,0,0
50421,0,1,1987,1,1,1,1,1,1,1,1,1,1
50421,0,2,1987,18,18,18,18,18,18,18,18,18,18
50421,1,1,1987,0,0,0,0,0,0,0,0,0,0
50421,2,1,1987,24,0,0,0,0,0,0,0,0,0
50422,1,1,1987,0,0,0,0,0,0,0,0,0,0
50423,1,1,1987,0,0,0,0,0,0,0,0,0,0
50423,2,1,1987,0,0,0,0,0,0,0,0,0,0
50424,1,1,1987,14,12,0,8,0,0,0,0,0,0
50424,2,1,1987,0,0,0,0,0,0,0,0,0,0
50425,1,1,1987,14,14,14,14,14,14,14,14,14,14
50426,1,1,1987,0,0,0,0,0,0,0,0,0,0
50426,2,1,1987,0,0,0,0,0,0,0,0,0,0
50427,1,1,1987,0,0,0,0,0,0,0,0,39,0
50428,0,1,1987,27,32,36,10,14,10,26,36,13,13
50428,1,1,1987,0,0,0,0,16,0,0,0,0,16
50429,0,1,1987,0,0,0,0,0,0,0,0,10,9
50429,1,1,1987,0,0,0,0,0,0,0,0,0,13
50430,1,1,1987,0,0,0,0,0,0,0,0,0,0
50430,2,1,1987,0,0,0,0,0,0,0,0,0,0
50431,1,1,1987,0,0,0,0,0,0,0,0,0,0
50431,2,1,1987,0,0,0,0,0,0,0,0,0,0
50432,1,1,1987,16,32,28,0,24,20,20,16,15,0
50432,2,1,1987,0,0,0,0,0,0,0,0,0,0
50433,0,1,1987,18,18,18,18,18,18,18,18,18,18
50433,1,1,1987,0,0,0,0,0,0,0,0,0,0
50434,0,1,1987,12,41,26,17,27,23,15,39,37,22
50434,1,1,1987,15,10,2,20,9,13,3,17,7,0
50435,1,1,1987,0,0,0,0,0,0,0,0,0,0
50435,2,1,1987,0,0,0,0,0,0,0,0,0,0
50435,3,1,1987,0,0,0,0,0,0,12,0,0,0
50436,1,1,1987,0,19,23,12,21,12,24,21,35,30
50437,1,1,1987,6,6,6,6,6,6,6,6,6,6
50437,2,1,1987,0,0,0,0,0,0,0,0,0,0
50438,1,1,1987,0,0,0,0,0,0,0,0,0,0
50438,2,1,1987,0,0,0,0,0,0,0,0,0,0
50439,1,1,1987,0,0,0,0,0,0,0,0,0,0
50440,1,1,1987,3,0,12,19,4,12,4,24,12,15
50441,1,1,1987,23,19,18,16,0,0,4,12,17,17
50441,2,1,1987,17,10,2,18,0,7,14,13,12,0
50442,1,1,1987,0,0,0,0,0,0,0,0,0,0
50443,1,1,1987,3,3,3,3,3,3,3,3,3,3
50443,2,1,1987,22,22,22,22,22,22,22,22,22,22
50443,3,1,1987,11,11,11,11,11,11,11,11,11,11
50444,1,1,1987,17,17,17,17,17,17,17,17,17,17
50445,1,1,1987,0,0,0,0,0,0,0,0,0,0
50446,1,1,1987,0,1,15,0,16,0,0,11,0,0
50446,2,1,1987,4,17,28,6,19,39,0,14,14,13
50447,1,1,1987,19,22,14,12,14,12,21,21,12,24
50448,1,1,1987,0,0,0,0,0,0,0,0,0,0
50449,1,1,1987,20,0,0,0,0,0,0,0,0,0
50449,2,1,1987,0,0,0,0,0,0,0,0,0,0
50450,1,1,1987,17,30,16,14,11,43,8,40,12,12
50451,0,1,1987,0,7,0,0,0,30,0,0,0,14
50451,1,1,1987,9,0,0,0,0,0,0,0,0,0
50452,1,1,1987,10,12,20,11,4,17,14,26,12,23
50453,1,1,1987,0,0,0,0,0,0,0,0,6,0
50453,2,1,1987,23,10,21,10,20,0,9,16,19,19
50453,3,1,1987,0,0,0,0,15,0,0,0,0,0
50454,1,1,1987,35,20,28,16,0,22,0,5,0,13
50455,1,1,1987,16,15,18,0,8,9,6,12,17,12
50455,2,1,1987,12,6,0,4,0,10,22,6,7,5
50456,0,1,1987,0,0,0,0,0,0,0,0,0,0
50456,1,1,1987,0,0,0,0,0,0,0,0,0,0
50457,1,1,1987,0,0,0,0,0,0,25,16,0,0
50458,1,1,1987,0,0,0,0,0,0,0,0,0,0
50459,1,1,1987,0,0,0,0,0,0,0,0,0,0
50459,2,1,1987,0,0,0,0,0,0,0,0,0,0
50460,1,1,1987,0,0,0,0,0,0,0,0,0,0
50461,1,1,1987,0,0,0,0,0,0,0,0,0,0
50461,2,1,1987,0,0,0,0,0,0,0,0,0,0
50462,1,1,1987,18,21,25,0,0,10,0,7,0,23
50463,0,1,1987,0,24,18,0,10,29,0,0,0,5
50463,1,1,1987,0,0,0,0,0,0,0,0,0,0
50464,1,1,1987,0,0,0,0,0,0,0,0,0,0
50464,2,1,1987,5,5,5,5,5,5,5,5,5,5
50465,1,1,1987,0,4,19,14,5,0,16,12,20,0
50466,1,1,1987,0,0,0,0,0,0,0,15,0,5
50466,2,1,1987,0,0,0,0,0,0,0,0,0,0
50467,0,1,1987,38,15,12,17,38,27,27,10,21,17
50467,1,1,1987,0,0,0,0,0,0,0,0,0,0
50468,1,1,1987,7,0,0,0,0,0,0,0,0,0
50468,2,1,1987,0,5,0,0,0,0,0,0,0,0
50469,1,1,1987,0,23,0,0,0,0,0,0,0,0
50470,1,1,1987,33,4,24,23,29,23,25,8,2,12
50471,1,1,1987,0,0,0,0,0,0,0,0,0,0
50471,2,1,1987,0,0,0,0,0,0,0,0,0,0
50472,1,1,1987,2,15,4,18,5,11,15,0,6,4
50473,1,1,1987,27,0,0,14,0,0,7,0,0,12
50473,2,1,1987,3,0,0,10,9,0,0,8,0,11
50474,1,1,1987,8,10,10,23,7,10,15,18,11,15
50475,0,1,1987,0,0,22,0,0,0,0,0,0,0
50475,1,1,1987,0,0,0,0,0,0,0,0,0,0
50476,1,1,1987,0,0,0,0,0,0,0,0,0,0
50476,2,1,1987,11,11,11,11,11,11,11,11,11,11
50477,1,1,1987,15,32,16,13,21,14,12,19,33,28
50478,1,1,1987,7,10,15,19,14,3,0,7,0,0
50478,2,1,1987,7,10,0,6,0,0,20,15,0,15
50479,1,1,1987,0,19,21,12,15,31,26,0,8,8
50480,1,1,1987,11,27,18,39,17,11,13,22,14,0
50481,1,1,1987,0,0,0,0,0,0,7,0,0,0
50481,2,1,1987,9,11,8,0,0,0,9,0,19,0
50482,1,1,1987,0,0,0,11,6,0,0,0,0,0
50483,1,1,1987,38,14,16,0,0,16,24,35,10,0
50484,1,1,1987,16,16,16,16,16,16,16,16,16,16
50485,0,1,1987,16,12,21,5,40,10,17,11,23,8
50485,1,1,1987,10,11,14,15,21,10,14,5,0,4
50486,1,1,1987,0,17,24,16,18,14,9,5,25,23
50487,0,1,1987,0,0,0,20,0,0,12,0,0,0
50487,1,1,1987,0,0,0,0,0,0,0,0,6,0
50488,1,1,1987,30,20,10,21,7,34,0,0,9,21
50489,1,1,1987,9,6,11,10,16,13,17,15,11,13
50490,1,1,1987,24,24,24,24,24,24,24,24,24,24
50491,1,1,1987,0,0,0,0,0,0,0,0,0,0
50491,2,1,1987,0,0,0,9,0,0,0,0,0,0
50492,1,1,1987,32,9,11,25,17,15,11,24,24,15