ST_CASE,VEH_NO,PER_NO,YEAR,P1,P2,P3,P4,P5,P6,P7,P8,P9,P10
50493,1,1,1987,0,11,5,17,4,16,9,19,19,21
50494,1,1,1987,0,0,0,0,0,0,0,0,0,0
50494,2,1,1987,0,0,0,0,0,0,0,0,0,0
50495,1,1,1987,0,0,0,0,0,0,0,0,0,0
50496,1,1,1987,0,0,0,0,0,0,0,0,0,0
50497,1,1,1987,0,0,22,0,19,0,20,20,0,11
50498,1,1,1987,0,11,0,0,0,0,0,0,0,0
50498,2,1,1987,32,32,32,32,32,32,32,32,32,32
50499,1,1,1987,0,11,10,9,0,15,14,0,0,22
50499,2,1,1987,21,21,21,21,21,21,21,21,21,21
50500,1,1,1987,15,15,15,15,15,15,15,15,15,15
50502,1,1,1987,0,0,0,0,0,4,0,6,0,0
50502,2,1,1987,0,0,0,0,0,0,0,0,0,0
50503,1,1,1987,0,0,0,0,0,0,0,0,0,0
50503,2,1,1987,0,0,0,0,0,0,0,0,0,0
50504,1,1,1987,29,29,29,29,29,29,29,29,29,29
50504,2,1,1987,8,0,0,0,0,0,23,0,17,0
50505,1,1,1987,0,0,0,0,0,0,0,0,0,0
50506,1,1,1987,9,16,8,18,14,10,6,11,11,0
50507,0,1,1987,28,28,28,28,28,28,28,28,28,28
50507,1,1,1987,0,0,0,0,13,0,0,0,0,0
50508,1,1,1987,0,0,0,0,0,0,0,0,0,0
50508,2,1,1987,0,0,0,0,0,0,0,0,0,0
50509,0,1,1987,5,20,13,9,15,9,8,26,20,22
50509,1,1,1987,0,0,0,0,0,0,0,14,0,0
50510,1,1,1987,10,0,9,16,19,4,13,6,8,18
50510,2,1,1987,0,0,0,0,0,0,0,0,0,0
50511,1,1,1987,0,0,0,0,0,0,0,0,0,0
50511,2,1,1987,0,0,0,17,0,0,6,0,0,0
50514,1,1,1987,10,10,10,10,10,10,10,10,10,10
50515,1,1,1987,0,0,0,0,4,4,9,0,0,0
50516,1,1,1987,0,0,0,0,0,0,0,0,0,0
50517,1,1,1987,12,13,16,19,5,9,14,14,3,0
50518,1,1,1987,9,7,16,19,0,11,2,26,0,6
50518,2,1,1987,0,0,0,12,0,18,0,6,26,0
50519,1,1,1987,0,18,13,18,8,0,0,45,9,20
50520,1,1,1987,18,33,43,12,27,28,34,14,19,20
50521,1,1,1987,22,22,22,22,22,22,22,22,22,22
50521,2,1,1987,0,0,0,0,0,0,0,0,0,0
50522,1,1,1987,4,18,21,5,15,5,9,20,25,17
50523,1,1,1987,0,0,0,0,0,0,0,0,0,0
50524,1,1,1987,0,10,0,8,13,0,0,0,0,3
50525,1,1,1987,29,0,17,0,15,0,0,0,0,8
50526,0,1,1987,11,0,0,0,0,0,0,11,0,0
50526,1,1,1987,7,25,0,10,0,13,0,0,41,25
50527,1,1,1987,17,17,17,17,17,17,17,17,17,17
50528,2,1,1987,0,0,0,0,0,0,0,0,0,0
50528,3,1,1987,0,0,0,0,0,0,0,0,0,0
50528,4,1,1987,0,0,0,0,0,0,0,0,0,0
50528,5,1,1987,0,0,0,0,0,0,0,0,0,0
50529,1,1,1987,0,0,0,0,0,0,0,0,0,0
50530,1,1,1987,12,20,13,22,11,16,29,9,11,13
50531,1,1,1987,16,16,16,16,16,16,16,16,16,16
50532,1,1,1987,11,7,6,22,0,0,12,7,18,3
50533,1,1,1987,26,32,29,19,18,0,21,17,27,24
50534,1,1,1987,0,0,0,0,0,0,0,0,0,0
50535,1,1,1987,11,12,0,20,0,20,7,26,13,7
50535,2,1,1987,9,24,0,11,0,35,0,11,0,21
50536,1,1,1987,0,0,0,0,0,0,0,0,0,0
50536,2,1,1987,8,0,0,0,0,0,0,13,0,0
50536,3,1,1987,0,13,0,0,22,0,0,0,0,0
50537,0,1,1987,0,0,27,0,0,20,0,0,0,15
50537,1,1,1987,0,0,0,0,0,0,0,0,0,0
50538,1,1,1987,11,23,15,39,11,13,11,22,17,25
50539,1,1,1987,8,15,15,14,33,9,27,14,24,27
50540,1,1,1987,23,20,27,13,30,7,16,6,23,16
50541,1,1,1987,0,0,0,0,0,0,0,0,0,0
50541,2,1,1987,0,0,0,0,0,0,0,0,0,0
50542,1,1,1987,0,0,0,0,0,0,0,0,0,0
50542,2,1,1987,0,0,0,0,0,0,0,0,0,0
50543,1,1,1987,9,9,9,9,9,9,9,9,9,9
50544,1,1,1987,0,0,0,0,0,0,0,0,0,0
50544,2,1,1987,0,0,0,0,0,0,0,0,0,0
50545,1,1,1987,0,0,12,0,0,0,0,0,0,0
50545,2,1,1987,16,6,13,17,14,8,19,12,19,11
50546,1,1,1987,0,0,0,0,0,0,0,0,0,0
50546,2,1,1987,13,10,39,6,0,10,14,4,15,9
50547,1,1,1987,8,8,8,8,8,8,8,8,8,8
50548,1,1,1987,0,0,0,0,0,0,0,0,0,0
50548,2,1,1987,0,0,0,0,0,0,0,0,19,0
50549,1,1,1987,0,0,0,0,0,0,0,0,0,0
50549,2,1,1987,0,0,12,0,19,0,2,0,9,0
50550,1,1,1987,0,0,0,0,0,0,0,0,0,0
50550,2,1,1987,22,22,22,22,22,22,22,22,22,22
50551,1,1,1987,8,10,0,22,0,0,19,18,0,6
50551,2,1,1987,7,0,15,14,7,13,0,17,17,0
50552,1,1,1987,40,20,31,32,18,45,16,24,0,20
50553,1,1,1987,0,0,0,0,0,0,0,0,0,0
50553,2,1,1987,0,0,0,0,22,0,0,0,11,0
50554,1,1,1987,32,3,20,17,15,12,29,29,32,10
50555,1,1,1987,0,12,0,0,0,0,0,7,0,0
50555,2,1,1987,0,0,0,0,0,0,0,0,0,0
50556,1,1,1987,0,0,0,0,29,0,0,0,0,0
50557,1,1,1987,0,0,0,0,0,15,0,0,0,0
50557,2,1,1987,0,0,0,0,0,0,0,0,0,0
50558,1,1,1987,0,0,0,0,0,0,0,0,0,0
50558,2,1,1987,0,0,0,0,0,0,0,32,28,0
50559,1,1,1987,12,12,12,12,12,12,12,12,12,12
50560,1,1,1987,0,0,0,0,4,11,9,0,0,0
80001,1,1,1987,26,26,26,26,26,26,26,26,26,26
80002,0,1,1987,0,0,0,0,0,0,0,0,0,0
80002,0,2,1987,0,0,0,0,0,0,0,0,0,0
80002,0,3,1987,0,0,0,0,0,0,2,14,0,0
80002,1,1,1987,0,0,0,0,0,0,0,0,0,0
80003,1,1,1987,0,0,0,0,0,0,0,0,0,0
80003,2,1,1987,8,8,8,8,8,8,8,8,8,8
80004,1,1,1987,16,16,16,16,16,16,16,16,16,16
80005,1,1,1987,12,12,12,12,12,12,12,12,12,12
80006,0,1,1987,0,0,0,0,0,0,0,0,0,0
80006,1,1,1987,0,0,0,0,0,0,0,0,0,0
80007,0,1,1987,0,0,0,0,0,0,0,0,0,0
80007,1,1,1987,0,0,11,0,0,0,19,4,0,0
80008,1,1,1987,2,2,2,2,2,2,2,2,2,2
80009,1,1,1987,20,20,20,20,20,20,20,20,20,20
80010,1,1,1987,15,15,15,15,15,15,15,15,15,15
80011,1,1,1987,0,10,0,0,0,0,0,0,0,0
80012,1,1,1987,0,0,0,0,0,0,0,0,0,0
80013,1,1,1987,0,0,0,0,12,0,0,0,0,16
80013,2,1,1987,0,0,0,0,8,0,0,0,0,0
80014,1,1,1987,3,3,3,3,3,3,3,3,3,3
80015,1,1,1987,0,0,0,0,0,0,0,0,0,0
80015,2,1,1987,0,0,0,0,0,0,0,0,0,0
80015,3,1,1987,0,0,0,0,0,0,0,0,0,0
80016,1,1,1987,37,37,37,37,37,37,37,37,37,37
80017,1,1,1987,0,0,0,0,0,0,0,0,0,0
80017,2,1,1987,0,0,0,0,0,0,0,0,0,0
80018,1,1,1987,0,0,0,0,0,0,0,0,0,0
80018,2,1,1987,0,0,0,0,0,0,0,0,0,0
80019,1,1,1987,0,0,0,0,0,0,0,0,0,0
80020,1,1,1987,15,15,15,15,15,15,15,15,15,15
80020,2,1,1987,0,0,0,0,0,0,0,0,0,0
80021,1,1,1987,0,0,0,0,0,0,0,0,0,0
80021,2,1,1987,0,0,0,0,0,0,0,0,0,0
80022,1,1,1987,0,0,0,0,0,0,0,0,0,0
80023,1,1,1987,0,0,0,0,0,0,0,0,0,0
80023,2,1,1987,0,0,0,0,0,0,0,0,0,14
80024,1,1,1987,0,0,0,0,0,0,0,0,0,0
80024,2,1,1987,0,0,0,0,0,0,0,0,0,0
80025,1,1,1987,9,0,13,7,0,0,15,0,0,0
80025,2,1,1987,0,0,0,0,0,0,0,0,0,9
80026,1,1,1987,0,0,0,0,0,0,0,0,0,0
80027,1,1,1987,1,1,1,1,1,1,1,1,1,1
80028,0,1,1987,49,49,49,49,49,49,49,49,49,49
80028,1,1,1987,0,0,0,0,0,0,0,0,0,0
80029,1,1,1987,25,25,25,25,25,25,25,25,25,25
80029,2,1,1987,0,0,0,0,0,0,0,0,0,0
80030,1,1,1987,0,0,0,0,16,0,12,0,7,0
80031,1,1,1987,0,0,0,0,0,0,0,0,0,0
80031,2,1,1987,0,0,0,0,0,0,0,0,0,0
80032,1,1,1987,25,25,25,25,25,25,25,25,25,25
80033,1,1,1987,31,31,31,31,31,31,31,31,31,31
80034,1,1,1987,18,18,18,18,18,18,18,18,18,18
80035,1,1,1987,0,0,0,0,0,0,0,0,0,0
80035,2,1,1987,0,0,0,0,0,0,0,0,0,0
80036,1,1,1987,0,0,0,0,0,0,0,0,0,0
80037,0,1,1987,0,0,0,0,0,0,0,0,0,0
80037,1,1,1987,0,38,0,0,27,0,0,0,0,0
80038,0,1,1987,27,27,27,27,27,27,27,27,27,27
80038,1,1,1987,20,20,20,20,20,20,20,20,20,20
80039,1,1,1987,22,22,22,22,22,22,22,22,22,22
80040,1,1,1987,0,0,0,0,0,0,0,0,0,0
80041,1,1,1987,14,14,14,14,14,14,14,14,14,14
80041,2,1,1987,16,16,16,16,16,16,16,16,16,16
80042,0,1,1987,19,19,19,19,19,19,19,19,19,19
80042,1,1,1987,0,16,0,0,0,0,0,0,0,0
80043,0,1,1987,0,0,0,0,0,0,0,0,0,0
80043,1,1,1987,18,18,18,18,18,18,18,18,18,18
80044,1,1,1987,8,8,8,8,8,8,8,8,8,8
80045,0,1,1987,2,12,13,4,0,0,0,0,0,0
80045,1,1,1987,0,0,0,0,0,0,0,0,0,0
80046,1,1,1987,0,0,0,0,0,0,0,0,0,0
80047,1,1,1987,0,0,0,0,0,0,0,0,0,0
80047,2,1,1987,0,0,0,0,0,0,0,0,0,0
80048,1,1,1987,0,0,0,0,0,0,0,0,0,0
80048,2,1,1987,0,0,0,0,0,0,0,0,0,0
80049,1,1,1987,22,22,22,22,22,22,22,22,22,22
80050,1,1,1987,15,15,15,15,15,15,15,15,15,15
80050,2,1,1987,0,0,0,0,0,0,0,0,0,0
80051,0,1,1987,0,0,0,0,0,0,0,0,0,0
80051,1,1,1987,0,0,0,0,0,0,0,0,0,0
80052,0,1,1987,0,0,0,0,0,0,0,0,0,0
80052,1,1,1987,15,0,20,6,27,0,3,0,5,0
80052,2,1,1987,0,0,0,0,0,0,0,0,0,0
80053,1,1,1987,18,18,18,18,18,18,18,18,18,18
80053,2,1,1987,0,21,0,0,0,0,15,6,0,0
80054,1,1,1987,0,0,0,0,0,0,0,0,0,0
80055,1,1,1987,0,0,0,0,0,0,0,0,10,0
80056,1,1,1987,4,4,4,4,4,4,4,4,4,4
80057,1,1,1987,14,14,14,14,14,14,14,14,14,14
80057,2,1,1987,0,0,0,0,0,0,0,0,0,0
80058,1,1,1987,14,14,14,14,14,14,14,14,14,14
80059,1,1,1987,15,15,15,15,15,15,15,15,15,15
80059,2,1,1987,0,0,0,0,0,0,0,0,0,0
80060,1,1,1987,0,0,0,0,0,0,0,0,0,0
80060,2,1,1987,4,4,4,4,4,4,4,4,4,4
80061,1,1,1987,0,0,0,0,0,0,0,0,0,0
80061,2,1,1987,0,0,0,0,0,0,0,0,0,0
80061,3,1,1987,0,0,0,0,0,25,0,0,0,0
80062,1,1,1987,0,0,0,16,0,0,9,18,0,0
80063,1,1,1987,0,0,0,0,0,0,0,0,0,0
80064,0,1,1987,0,0,0,0,0,0,0,0,0,0
80064,1,1,1987,17,17,17,17,17,17,17,17,17,17
80065,0,2,1987,0,0,0,0,0,0,0,0,0,0
80065,1,1,1987,8,8,8,8,8,8,8,8,8,8
80066,1,1,1987,0,0,0,0,0,0,0,0,0,0
80067,1,1,1987,0,0,0,0,0,0,0,0,0,0
80068,1,1,1987,21,21,21,21,21,21,21,21,21,21
80068,2,1,1987,0,0,0,0,0,0,0,0,0,0
80068,3,1,1987,0,0,0,0,0,0,0,0,0,0
80069,0,1,1987,12,0,0,0,0,0,0,0,0,0
80069,1,1,1987,0,0,0,0,0,0,0,0,0,0
80070,1,1,1987,10,10,10,10,10,10,10,10,10,10
80071,0,1,1987,0,0,0,0,0,0,0,0,0,0
80071,1,1,1987,0,0,0,0,0,0,0,0,0,0
80072,1,1,1987,0,0,0,0,0,0,0,0,0,0
80072,2,1,1987,0,0,0,0,0,0,0,0,0,0
80073,1,1,1987,26,26,26,26,26,26,26,26,26,26
80074,1,1,1987,21,21,21,21,21,21,21,21,21,21
80074,2,1,1987,15,15,5,7,5,18,10,23,7,15
80075,1,1,1987,25,25,25,25,25,25,25,25,25,25
80076,1,1,1987,34,34,34,34,34,34,34,34,34,34
80076,2,1,1987,0,0,0,0,0,0,0,0,0,0
80077,0,1,1987,26,26,26,26,26,26,26,26,26,26
80077,1,1,1987,0,0,0,0,0,0,0,0,0,0
80078,1,1,1987,0,0,0,0,0,0,0,0,0,0
80078,2,1,1987,6,6,6,6,6,6,6,6,6,6
80079,1,1,1987,22,32,21,0,17,0,22,10,31,7
80080,1,1,1987,0,0,0,0,0,0,0,0,0,0
80080,2,1,1987,0,0,0,0,0,0,0,0,0,0
80080,3,1,1987,0,0,0,0,0,0,4,0,0,0
80081,1,1,1987,0,0,0,0,0,0,0,0,0,0
80081,2,1,1987,0,0,0,0,0,0,0,0,0,0
80082,1,1,1987,12,22,0,12,0,17,14,0,0,0
80082,2,1,1987,0,0,0,0,0,0,0,0,0,0
80083,1,1,1987,0,0,0,0,0,0,0,0,0,0
80083,2,1,1987,0,0,0,0,0,0,0,0,0,0
80084,1,1,1987,0,0,0,0,0,0,0,0,0,0
80085,1,1,1987,0,0,0,0,0,0,0,0,0,0
80085,2,1,1987,16,0,0,0,0,0,0,0,7,0
80086,1,1,1987,1,1,1,1,1,1,1,1,1,1
80086,2,1,1987,0,0,0,0,0,0,0,0,0,0
80087,1,1,1987,4,4,4,4,4,4,4,4,4,4
80088,1,1,1987,17,17,17,17,17,17,17,17,17,17
80088,2,1,1987,0,0,0,0,0,0,0,0,28,0
80089,1,1,1987,23,23,23,23,23,23,23,23,23,23
80090,0,1,1987,0,0,0,0,0,0,0,0,0,0
80090,1,1,1987,0,0,0,0,0,0,0,0,0,0
80090,2,1,1987,0,0,0,0,0,0,0,0,0,0
80091,1,1,1987,19,19,19,19,19,19,19,19,19,19
80092,1,1,1987,0,0,0,0,0,0,0,0,0,0
80092,2,1,1987,0,0,0,0,0,0,0,10,0,0
80093,1,1,1987,25,25,25,25,25,25,25,25,25,25
80094,0,1,1987,0,0,0,0,0,0,0,0,0,0
80094,1,1,1987,0,0,0,0,0,0,0,0,0,0
80095,1,1,1987,0,0,0,0,0,0,0,0,0,0
80095,2,1,1987,0,0,0,0,0,0,0,0,0,0
80096,1,1,1987,0,0,0,0,0,0,0,0,0,0
80097,1,1,1987,0,0,0,0,0,0,0,0,0,0
80098,1,1,1987,0,0,0,0,0,0,0,0,0,0
80098,2,1,1987,0,0,0,0,0,0,0,0,0,0
80099,1,1,1987,16,16,16,16,16,16,16,16,16,16
80100,1,1,1987,0,0,0,0,0,0,0,0,0,0
80101,1,1,1987,0,0,0,0,0,0,0,0,0,0
80101,2,1,1987,0,0,0,0,0,0,0,0,0,0
80102,1,1,1987,0,0,0,0,0,0,0,0,0,0
80103,1,1,1987,0,0,0,0,0,0,0,0,0,0
80103,2,1,1987,0,0,0,0,0,0,0,0,0,0
80104,1,1,1987,7,7,7,7,7,7,7,7,7,7
80105,0,1,1987,4,4,4,4,4,4,4,4,4,4
80105,1,1,1987,26,26,26,26,26,26,26,26,26,26
80106,1,1,1987,17,17,17,17,17,17,17,17,17,17
80107,1,1,1987,0,0,0,0,0,0,0,13,0,0
80108,1,1,1987,17,17,17,17,17,17,17,17,17,17
80109,1,1,1987,27,27,27,27,27,27,27,27,27,27
80110,0,1,1987,0,0,0,0,0,0,0,0,0,0
80110,1,1,1987,8,8,8,8,8,8,8,8,8,8
80111,1,1,1987,0,0,0,0,0,0,0,0,0,0
80111,2,1,1987,0,0,0,0,0,0,0,0,0,0
80112,1,1,1987,15,15,15,15,15,15,15,15,15,15
80113,1,1,1987,0,0,0,0,0,0,0,0,0,0
80114,1,1,1987,8,8,8,8,8,8,8,8,8,8
80115,1,1,1987,0,0,0,0,0,0,0,0,0,0
80115,2,1,1987,0,0,0,0,0,0,0,0,0,0
80116,1,1,1987,0,0,0,0,0,0,0,0,0,0
80116,2,1,1987,0,0,0,0,0,0,0,0,0,0
80116,3,1,1987,0,0,5,0,0,0,0,9,0,0
80117,1,1,1987,0,0,0,0,0,0,0,0,0,0
80118,1,1,1987,26,26,26,26,26,26,26,26,26,26
80119,0,1,1987,0,0,0,0,0,0,0,0,0,0
80119,1,1,1987,0,0,0,0,0,0,0,0,0,0
80120,1,1,1987,0,0,0,0,0,0,0,0,0,0
80121,1,1,1987,18,18,18,18,18,18,18,18,18,18
80122,1,1,1987,0,0,0,0,0,0,0,0,0,0
80123,1,1,1987,0,0,0,0,0,0,0,0,0,0
80123,2,1,1987,0,0,0,0,0,0,0,0,0,0
80124,1,1,1987,34,34,34,34,34,34,34,34,34,34
80124,2,1,1987,0,0,0,0,16,0,0,0,0,0
80125,1,1,1987,1,1,1,1,1,1,1,1,1,1
80125,2,1,1987,0,0,0,0,0,0,0,0,0,0
80126,1,1,1987,25,25,25,25,25,25,25,25,25,25
80127,1,1,1987,10,10,10,10,10,10,10,10,10,10
80128,1,1,1987,11,0,11,0,0,0,8,0,0,0
80129,1,1,1987,20,20,20,20,20,20,20,20,20,20
80130,1,1,1987,11,11,11,11,11,11,11,11,11,11
80131,1,1,1987,13,25,12,17,20,18,16,0,10,9
80132,1,1,1987,0,0,0,0,0,0,0,0,0,0
80132,2,1,1987,0,0,0,0,0,0,0,0,0,0
80133,0,1,1987,0,0,0,0,0,0,0,0,0,0
80133,1,1,1987,0,0,0,0,0,0,0,0,0,0
80134,1,1,1987,18,18,18,18,18,18,18,18,18,18
80135,0,1,1987,24,24,24,24,24,24,24,24,24,24
80135,1,1,1987,20,10,0,23,9,0,0,0,39,8
80136,1,1,1987,21,21,21,21,21,21,21,21,21,21
80137,1,1,1987,9,9,9,9,9,9,9,9,9,9
80138,1,1,1987,11,11,11,11,11,11,11,11,11,11
80138,2,1,1987,11,11,11,11,11,11,11,11,11,11
80139,0,1,1987,0,0,0,0,0,0,0,0,0,0
80139,1,1,1987,0,0,0,0,0,0,0,0,0,0
80140,1,1,1987,0,0,0,0,0,0,0,0,0,0
80141,1,1,1987,0,0,0,0,0,0,0,0,0,0
80141,2,1,1987,0,0,0,0,0,0,0,0,0,0
80142,0,1,1987,0,0,0,0,25,0,0,0,0,0
80142,1,1,1987,0,0,0,0,0,0,0,11,0,0
80143,1,1,1987,13,13,13,13,13,13,13,13,13,13
80144,1,1,1987,0,0,0,16,19,0,0,0,6,18
80145,1,1,1987,2,2,2,2,2,2,2,2,2,2
80145,2,1,1987,0,0,0,0,0,0,0,0,0,0
80146,1,1,1987,27,27,27,27,27,27,27,27,27,27
80146,2,1,1987,0,0,25,0,0,0,0,31,0,0
80147,1,1,1987,25,25,25,25,25,25,25,25,25,25
80148,0,1,1987,0,0,0,0,0,0,0,0,0,0
80148,1,1,1987,0,0,0,0,0,0,0,0,0,0
80149,1,1,1987,0,0,0,0,0,0,0,0,0,0
80150,1,1,1987,9,9,9,9,9,9,9,9,9,9
80151,1,1,1987,0,0,0,0,0,0,0,0,0,0
80151,2,1,1987,0,0,0,0,0,0,0,0,0,0
80152,1,1,1987,16,16,16,16,16,16,16,16,16,16
80153,1,1,1987,9,9,9,9,9,9,9,9,9,9
80154,1,1,1987,10,10,10,10,10,10,10,10,10,10
80154,2,1,1987,8,8,8,8,8,8,8,8,8,8
80155,1,1,1987,6,6,6,6,6,6,6,6,6,6
80155,2,1,1987,0,0,0,0,0,0,0,0,0,0
80156,1,1,1987,0,0,0,0,0,0,0,0,0,0
80156,2,1,1987,0,0,0,0,0,0,0,12,0,0
80157,1,1,1987,6,6,6,6,6,6,6,6,6,6
80158,1,1,1987,17,17,17,17,17,17,17,17,17,17
80159,1,1,1987,0,0,0,0,0,0,0,0,0,0
80159,2,1,1987,0,0,0,0,0,0,0,0,0,0
80160,1,1,1987,27,27,27,27,27,27,27,27,27,27
80161,1,1,1987,10,10,10,10,10,10,10,10,10,10
80161,2,1,1987,0,0,0,0,0,0,0,0,0,0
80162,0,1,1987,14,14,14,14,14,14,14,14,14,14
80162,1,1,1987,0,0,0,0,0,0,0,0,0,0
80163,0,1,1987,0,0,0,0,0,0,0,0,0,0
80163,1,1,1987,7,7,7,7,7,7,7,7,7,7
80164,0,1,1987,0,0,9,0,0,0,0,0,0,0
80164,1,1,1987,0,0,0,0,0,0,0,13,0,0
80165,1,1,1987,0,0,0,0,0,0,0,0,0,0
80166,1,1,1987,22,22,22,22,22,22,22,22,22,22
80166,2,1,1987,0,0,0,0,0,0,0,0,0,0
80167,1,1,1987,0,14,0,0,13,0,0,0,0,0
80168,1,1,1987,0,0,0,0,0,0,0,0,0,0
80169,1,1,1987,0,0,0,0,0,0,0,0,0,0
80169,2,1,1987,0,0,0,0,0,0,0,0,0,0
80170,1,1,1987,0,0,0,0,0,0,0,0,0,0
80170,2,1,1987,0,0,0,0,0,0,0,0,0,0
80170,3,1,1987,0,0,0,0,0,0,0,0,0,0
80171,1,1,1987,24,24,24,24,24,24,24,24,24,24
80172,1,1,1987,0,0,0,0,0,0,0,0,0,0
80172,2,1,1987,0,0,0,0,0,0,0,0,0,0
80172,3,1,1987,0,0,0,0,0,0,0,0,0,0
80173,1,1,1987,0,0,0,0,0,0,0,0,0,0
80174,0,1,1987,0,0,0,0,0,0,0,0,0,0
80174,1,1,1987,0,0,0,0,0,0,0,0,0,0
80175,1,1,1987,32,32,32,32,32,32,32,32,32,32
80176,1,1,1987,1,1,1,1,1,1,1,1,1,1
80177,1,1,1987,30,30,30,30,30,30,30,30,30,30
80178,1,1,1987,2,2,2,2,2,2,2,2,2,2
80178,2,1,1987,0,0,0,0,0,0,0,0,0,0
80179,1,1,1987,0,0,0,0,0,0,0,0,0,0
80179,2,1,1987,0,0,0,0,0,0,0,0,0,0
80180,1,1,1987,0,0,0,0,0,0,0,0,0,0
80181,1,1,1987,5,5,5,5,5,5,5,5,5,5
80182,1,1,1987,0,0,0,0,0,0,0,0,0,0
80183,1,1,1987,0,0,0,0,0,0,0,0,0,0
80184,1,1,1987,31,31,31,31,31,31,31,31,31,31
80185,1,1,1987,0,0,0,0,0,0,0,0,0,0
80185,2,1,1987,0,0,0,0,0,0,0,0,0,0
80186,1,1,1987,0,0,0,0,0,0,0,0,0,0
80187,1,1,1987,0,0,0,0,0,0,0,0,0,0
80188,1,1,1987,20,20,20,20,20,20,20,20,20,20
80189,0,1,1987,14,14,14,14,14,14,14,14,14,14
80189,1,1,1987,0,0,0,0,0,0,0,0,0,0
80190,0,1,1987,0,0,0,0,0,0,0,0,0,0
80190,1,1,1987,0,0,0,0,0,0,0,0,0,0
80191,1,1,1987,0,0,0,0,0,0,0,0,0,0
80192,1,1,1987,22,0,0,0,0,0,0,0,0,0
80192,2,1,1987,0,0,0,0,0,0,0,0,0,0
80192,3,1,1987,0,0,0,0,0,0,0,0,0,0
80192,4,1,1987,0,0,0,0,0,0,0,0,0,0
80193,1,1,1987,0,0,0,0,0,0,0,0,0,0
80193,2,1,1987,0,0,0,0,0,0,0,0,0,0
80194,1,1,1987,0,0,0,0,0,0,0,0,0,0
80194,2,1,1987,0,0,0,0,0,0,0,0,0,0
80195,1,1,1987,0,12,0,0,0,0,0,0,0,0
80195,2,1,1987,0,0,0,0,0,0,0,0,0,0
80195,3,1,1987,0,0,0,0,0,0,0,0,0,0
80196,1,1,1987,0,0,0,0,0,0,0,0,0,0
80197,1,1,1987,0,0,0,0,0,0,0,0,0,0
80197,2,1,1987,30,30,30,30,30,30,30,30,30,30
80198,1,1,1987,11,11,11,11,11,11,11,11,11,11
80199,1,1,1987,0,0,0,9,0,0,0,0,0,0
80200,0,1,1987,30,30,30,30,30,30,30,30,30,30
80200,1,1,1987,0,0,0,0,0,0,0,0,0,10
80201,1,1,1987,0,0,0,0,0,0,0,0,0,0
80202,1,1,1987,0,0,0,0,0,0,0,0,0,0
80202,2,1,1987,0,0,0,0,0,0,0,0,0,0
80202,3,1,1987,0,0,0,0,12,0,0,0,0,0
80203,1,1,1987,12,12,12,12,12,12,12,12,12,12
80204,0,1,1987,0,0,0,10,0,0,0,0,0,0
80204,1,1,1987,0,0,0,0,0,0,0,0,0,0
80205,1,1,1987,8,8,8,8,8,8,8,8,8,8
80205,2,1,1987,25,25,25,25,25,25,25,25,25,25
80206,1,1,1987,21,21,19,19,35,18,19,22,15,20
80207,1,1,1987,0,0,0,0,0,0,0,0,0,0
80208,1,1,1987,21,21,21,21,21,21,21,21,21,21
80208,2,1,1987,0,0,0,0,0,0,0,0,0,0
80209,1,1,1987,0,0,0,0,0,0,0,0,0,0
80209,2,1,1987,0,0,0,0,0,0,0,0,0,0
80210,0,1,1987,0,0,0,0,0,0,0,0,0,0
80210,1,1,1987,5,0,0,0,0,0,0,0,0,0
80211,0,1,1987,0,0,0,0,0,0,0,0,0,0
80211,1,1,1987,16,16,16,16,16,16,16,16,16,16
80212,1,1,1987,0,0,0,0,0,0,0,0,0,0
80212,2,1,1987,0,0,0,0,0,0,0,0,0,0
80213,1,1,1987,0,0,0,0,14,0,0,0,0,0
80213,2,1,1987,1,1,1,1,1,1,1,1,1,1
80214,1,1,1987,20,20,20,20,20,20,20,20,20,20
80215,1,1,1987,0,0,0,0,0,0,0,0,0,0
80216,1,1,1987,0,0,0,0,0,0,0,0,0,0
80216,2,1,1987,0,0,0,0,0,0,0,0,0,0
80217,1,1,1987,0,14,0,0,0,15,23,6,16,0
80218,1,1,1987,0,0,0,0,11,0,23,14,0,21
80219,1,1,1987,0,0,0,0,0,0,0,0,0,0
80221,1,1,1987,18,18,18,18,18,18,18,18,18,18
80222,1,1,1987,5,8,5,0,12,19,12,31,16,11
80223,0,1,1987,0,0,0,0,0,0,0,0,0,0
80223,1,1,1987,11,11,11,11,11,11,11,11,11,11
80224,0,1,1987,0,0,0,0,0,0,0,0,0,0
80224,1,1,1987,0,0,0,0,0,7,0,0,0,0
80225,1,1,1987,15,15,15,15,15,15,15,15,15,15
80226,1,1,1987,21,21,21,21,21,21,21,21,21,21
80227,1,1,1987,19,19,19,19,19,19,19,19,19,19
80228,1,1,1987,27,27,27,27,27,27,27,27,27,27
80229,1,1,1987,6,6,6,6,6,6,6,6,6,6
80230,1,1,1987,1,1,1,1,1,1,1,1,1,1
80230,2,1,1987,0,0,0,0,16,0,0,0,0,0
80230,3,1,1987,0,0,0,0,0,0,0,0,0,0
80231,1,1,1987,29,29,29,29,29,29,29,29,29,29
80232,1,1,1987,22,22,22,22,22,22,22,22,22,22
80233,1,1,1987,0,0,0,0,0,0,0,0,0,0
80234,1,1,1987,11,11,11,11,11,11,11,11,11,11
80234,2,1,1987,0,0,0,0,0,0,0,22,0,0
80235,1,1,1987,0,0,0,0,0,0,0,0,0,0
80235,2,1,1987,0,0,0,0,0,0,0,0,0,0
80236,1,1,1987,0,0,0,0,0,0,0,0,0,0
80236,2,1,1987,0,0,0,0,0,0,0,0,0,0
80236,3,1,1987,0,0,0,0,0,0,0,0,0,0
80236,4,1,1987,0,0,13,0,0,0,0,0,0,0
80236,5,1,1987,0,0,0,0,0,0,0,0,0,0
80237,1,1,1987,0,0,0,0,0,0,0,0,0,0
80238,1,1,1987,0,0,0,0,0,0,0,0,0,0