ST_CASE,VEH_NO,PER_NO,YEAR,P1,P2,P3,P4,P5,P6,P7,P8,P9,P10
80239,0,1,1987,0,0,0,0,0,0,0,0,0,0
80239,1,1,1987,0,0,0,0,0,0,0,0,0,0
80240,1,1,1987,0,0,0,0,0,0,0,0,0,0
80240,2,1,1987,0,0,0,0,0,0,0,0,0,0
80240,3,1,1987,0,0,0,0,0,0,0,0,0,0
80241,0,1,1987,0,0,0,0,0,0,0,0,0,0
80241,1,1,1987,0,0,0,0,0,0,0,0,0,0
80242,1,1,1987,0,0,0,0,0,0,0,0,0,0
80242,2,1,1987,0,0,0,0,0,0,0,0,0,0
80243,0,1,1987,0,0,0,0,0,0,0,0,0,0
80243,1,1,1987,0,0,0,0,0,0,0,0,0,0
80244,1,1,1987,10,0,18,5,18,4,4,23,23,12
80244,2,1,1987,0,0,0,0,0,0,0,0,0,0
80244,3,1,1987,0,0,0,0,0,0,0,0,0,0
80244,4,1,1987,4,35,0,0,0,10,0,0,0,0
80245,0,1,1987,0,0,0,0,0,0,0,0,0,0
80245,1,1,1987,0,0,0,0,0,0,0,0,0,0
80246,1,1,1987,19,19,19,19,19,19,19,19,19,19
80247,0,1,1987,0,3,14,0,0,0,0,15,4,0
80247,0,2,1987,0,0,0,0,0,0,0,0,0,0
80247,1,1,1987,0,0,0,0,0,0,0,0,0,10
80248,1,1,1987,0,0,0,0,0,0,0,0,0,0
80248,2,1,1987,0,0,0,0,0,0,0,0,0,0
80248,3,1,1987,0,0,0,0,0,0,0,0,0,0
80249,1,1,1987,0,0,0,0,0,0,0,0,0,0
80249,2,1,1987,0,10,0,0,0,0,0,0,0,0
80250,1,1,1987,0,0,0,0,0,0,0,0,0,0
80251,1,1,1987,0,0,0,0,0,0,0,0,0,0
80251,2,1,1987,0,0,0,0,0,0,0,0,0,0
80252,1,1,1987,0,0,0,0,0,0,0,0,0,0
80253,0,1,1987,0,0,0,0,0,0,0,0,0,0
80253,1,1,1987,0,0,0,0,0,0,0,0,0,0
80254,0,1,1987,0,0,0,0,0,0,0,0,0,0
80254,1,1,1987,7,7,7,7,7,7,7,7,7,7
80255,1,1,1987,39,0,16,0,0,0,0,18,0,0
80256,1,1,1987,0,0,0,0,0,0,0,0,0,0
80256,2,1,1987,22,22,22,22,22,22,22,22,22,22
80257,0,1,1987,0,0,0,0,0,0,0,0,0,0
80257,1,1,1987,0,0,0,0,0,0,0,0,0,0
80258,1,1,1987,15,15,15,15,15,15,15,15,15,15
80258,2,1,1987,0,0,0,0,0,0,0,0,0,0
80259,1,1,1987,25,25,25,25,25,25,25,25,25,25
80260,1,1,1987,0,0,0,0,0,0,0,0,0,0
80260,2,1,1987,0,0,0,0,0,0,0,0,0,0
80261,1,1,1987,0,0,0,0,0,0,0,0,0,0
80262,1,1,1987,0,0,0,0,0,0,0,0,0,0
80263,0,1,1987,21,21,21,21,21,21,21,21,21,21
80263,1,1,1987,16,16,16,16,16,16,16,16,16,16
80264,1,1,1987,19,19,19,19,19,19,19,19,19,19
80265,1,1,1987,23,23,23,23,23,23,23,23,23,23
80266,1,1,1987,19,19,19,19,19,19,19,19,19,19
80267,1,1,1987,25,25,25,25,25,25,25,25,25,25
80267,2,1,1987,0,0,19,18,0,0,21,0,0,0
80268,1,1,1987,0,0,0,0,0,0,0,0,0,0
80269,1,1,1987,0,0,0,0,0,0,0,0,0,0
80270,1,1,1987,22,22,22,22,22,22,22,22,22,22
80270,2,1,1987,0,0,0,0,0,0,0,0,0,0
80271,1,1,1987,0,0,0,0,0,0,0,17,0,0
80272,1,1,1987,13,13,13,13,13,13,13,13,13,13
80273,1,1,1987,0,0,0,0,0,0,0,0,0,0
80273,2,1,1987,0,0,0,0,0,0,0,0,0,0
80274,1,1,1987,0,0,0,0,0,0,0,0,0,0
80274,2,1,1987,0,0,0,0,0,19,0,0,0,0
80275,1,1,1987,22,22,22,22,22,22,22,22,22,22
80275,2,1,1987,0,0,0,32,18,11,0,0,0,0
80276,1,1,1987,0,0,0,0,5,0,0,0,0,0
80276,2,1,1987,0,0,0,0,0,15,0,0,0,0
80277,1,1,1987,0,0,0,0,0,0,0,0,0,0
80278,1,1,1987,0,0,0,0,0,0,0,0,0,0
80279,1,1,1987,0,0,0,0,0,0,0,0,0,0
80280,1,1,1987,8,8,8,8,8,8,8,8,8,8
80280,2,1,1987,0,0,0,0,17,0,0,9,0,14
80280,3,1,1987,2,2,2,2,2,2,2,2,2,2
80281,0,1,1987,0,0,0,0,0,0,0,0,0,0
80281,1,1,1987,0,0,0,0,0,0,0,0,0,0
80281,2,1,1987,0,0,0,0,0,0,0,0,0,0
80282,1,1,1987,15,15,15,15,15,15,15,15,15,15
80283,1,1,1987,0,0,0,0,0,0,0,0,0,0
80283,2,1,1987,0,0,0,0,0,0,0,0,0,0
80284,1,1,1987,0,0,0,0,0,0,0,0,0,0
80284,2,1,1987,0,0,0,0,0,0,0,0,0,0
80285,1,1,1987,3,3,3,3,3,3,3,3,3,3
80286,1,1,1987,15,15,15,15,15,15,15,15,15,15
80287,1,1,1987,0,0,0,0,0,0,0,0,0,0
80288,1,1,1987,0,0,0,0,0,0,0,0,0,0
80288,2,1,1987,0,0,0,0,0,0,0,0,0,0
80289,0,1,1987,27,27,27,27,27,27,27,27,27,27
80289,1,1,1987,0,0,0,0,0,0,0,0,0,0
80290,1,1,1987,0,0,0,0,0,0,0,0,0,0
80290,2,1,1987,0,0,0,0,0,0,0,0,0,0
80291,1,1,1987,12,12,12,12,12,12,12,12,12,12
80291,2,1,1987,0,0,0,0,0,0,0,0,0,0
80292,1,1,1987,0,0,0,0,0,0,0,0,0,0
80292,2,1,1987,0,0,0,0,0,0,0,0,0,0
80293,0,1,1987,0,0,0,0,0,0,0,0,0,0
80293,1,1,1987,0,0,0,0,0,17,0,0,0,0
80294,1,1,1987,18,18,18,18,18,18,18,18,18,18
80294,2,1,1987,0,0,0,0,0,0,0,0,0,0
80295,1,1,1987,9,9,9,9,9,9,9,9,9,9
80296,1,1,1987,0,0,0,0,0,0,0,0,0,0
80297,0,1,1987,0,0,0,0,0,0,0,0,0,0
80297,1,1,1987,0,0,0,0,0,0,0,0,0,0
80298,1,1,1987,30,30,30,30,30,30,30,30,30,30
80299,1,1,1987,0,0,0,0,0,0,0,0,0,0
80299,2,1,1987,3,3,3,3,3,3,3,3,3,3
80299,3,1,1987,0,0,0,0,0,0,0,0,0,0
80300,1,1,1987,0,0,0,0,0,0,0,0,0,0
80300,2,1,1987,0,0,0,0,0,0,0,0,0,0
80301,1,1,1987,21,21,21,21,21,21,21,21,21,21
80301,2,1,1987,0,0,0,0,0,0,0,0,0,0
80302,1,1,1987,15,15,15,15,15,15,15,15,15,15
80303,1,1,1987,9,9,9,9,9,9,9,9,9,9
80304,1,1,1987,0,0,0,0,0,0,0,0,0,0
80305,1,1,1987,28,28,28,28,28,28,28,28,28,28
80306,1,1,1987,0,0,0,0,0,0,0,0,0,0
80307,1,1,1987,26,26,26,26,26,26,26,26,26,26
80308,0,1,1987,0,0,0,0,0,0,0,0,0,0
80308,1,1,1987,0,0,0,0,0,0,0,0,0,0
80309,1,1,1987,0,0,5,0,0,0,0,0,0,0
80309,2,1,1987,0,0,0,0,0,0,0,0,0,0
80310,0,1,1987,0,0,0,0,0,0,0,0,0,0
80310,1,1,1987,0,0,0,0,0,0,0,0,0,0
80311,1,1,1987,32,32,32,32,32,32,32,32,32,32
80312,1,1,1987,0,0,0,0,0,0,0,0,0,0
80312,2,1,1987,0,0,0,0,0,0,0,0,0,0
80313,1,1,1987,8,8,8,8,8,8,8,8,8,8
80314,1,1,1987,8,8,8,8,8,8,8,8,8,8
80314,2,1,1987,0,0,0,0,0,0,0,0,0,0
80315,1,1,1987,0,0,0,0,0,0,0,0,0,0
80315,2,1,1987,0,0,0,0,0,0,0,0,0,0
80316,1,1,1987,0,0,0,0,0,0,0,0,0,0
80317,1,1,1987,9,9,9,9,9,9,9,9,9,9
80318,1,1,1987,0,0,0,0,0,0,0,0,0,0
80319,1,1,1987,20,4,0,0,0,0,0,0,0,0
80320,1,1,1987,0,0,0,7,0,0,0,0,0,0
80320,2,1,1987,0,0,0,0,0,0,0,0,0,0
80320,3,1,1987,0,0,0,0,0,0,0,0,0,0
80321,0,1,1987,19,19,19,19,19,19,19,19,19,19
80321,1,1,1987,0,9,12,11,19,29,0,18,16,10
80322,1,1,1987,6,6,6,6,6,6,6,6,6,6
80323,1,1,1987,25,25,25,25,25,25,25,25,25,25
80323,2,1,1987,0,0,0,0,0,0,0,0,0,0
80324,1,1,1987,16,16,16,16,16,16,16,16,16,16
80325,1,1,1987,10,9,13,23,7,10,9,9,14,5
80326,1,1,1987,0,0,0,0,0,0,0,0,0,0
80326,2,1,1987,0,0,0,0,0,0,0,0,0,0
80327,1,1,1987,0,0,0,0,0,0,0,23,0,0
80328,1,1,1987,0,0,0,0,16,0,0,0,0,0
80328,2,1,1987,0,0,0,0,0,0,0,14,0,0
80329,1,1,1987,16,17,5,21,13,12,17,23,23,27
80330,1,1,1987,0,0,0,0,0,0,0,0,0,0
80331,1,1,1987,1,1,1,1,1,1,1,1,1,1
80332,1,1,1987,0,0,0,0,0,0,0,0,0,0
80332,2,1,1987,0,0,0,0,0,0,0,0,0,0
80333,1,1,1987,5,5,5,5,5,5,5,5,5,5
80334,1,1,1987,0,0,0,0,0,0,0,0,0,0
80334,2,1,1987,0,0,0,0,0,0,0,8,0,0
80335,1,1,1987,0,0,0,0,0,0,0,0,0,0
80336,1,1,1987,20,20,20,20,20,20,20,20,20,20
80337,0,1,1987,0,0,0,0,0,0,0,0,0,0
80337,1,1,1987,0,23,23,0,17,39,0,0,17,18
80338,1,1,1987,21,21,21,21,21,21,21,21,21,21
80338,2,1,1987,20,20,20,20,20,20,20,20,20,20
80339,1,1,1987,11,11,11,11,11,11,11,11,11,11
80340,1,1,1987,25,25,25,25,25,25,25,25,25,25
80341,1,1,1987,25,25,25,25,25,25,25,25,25,25
80342,1,1,1987,11,11,11,11,11,11,11,11,11,11
80342,2,1,1987,14,14,14,14,14,14,14,14,14,14
80343,1,1,1987,27,27,27,27,27,27,27,27,27,27
80344,1,1,1987,0,0,0,0,0,0,0,0,0,0
80344,2,1,1987,0,0,0,0,0,0,0,0,0,0
80345,0,1,1987,0,0,0,0,0,0,0,0,0,0
80345,1,1,1987,0,0,0,0,0,0,0,0,0,0
80346,1,1,1987,0,0,0,0,0,0,0,0,0,0
80346,2,1,1987,0,0,0,0,0,0,0,0,0,0
80347,1,1,1987,6,6,6,6,6,6,6,6,6,6
80347,2,1,1987,0,0,0,0,0,0,0,0,0,0
80348,1,1,1987,0,0,0,0,0,0,0,0,0,0
80348,2,1,1987,0,0,0,0,0,0,0,0,0,0
80349,1,1,1987,19,19,19,19,19,19,19,19,19,19
80350,1,1,1987,0,0,0,0,0,0,0,0,0,0
80350,2,1,1987,0,0,0,0,0,0,0,0,0,0
80351,1,1,1987,5,5,5,5,5,5,5,5,5,5
80351,2,1,1987,0,0,0,0,0,0,0,0,0,0
80352,1,1,1987,22,22,22,22,22,22,22,22,22,22
80353,1,1,1987,8,8,8,8,8,8,8,8,8,8
80354,1,1,1987,0,0,0,0,0,0,0,0,0,0
80355,1,1,1987,12,12,12,12,12,12,12,12,12,12
80356,1,1,1987,34,34,34,34,34,34,34,34,34,34
80357,0,1,1987,0,0,0,0,0,0,0,0,0,0
80357,1,1,1987,0,0,0,0,0,0,0,0,0,0
80358,1,1,1987,0,0,0,0,11,0,0,0,0,0
80358,2,1,1987,0,0,0,0,0,0,0,0,0,0
80359,1,1,1987,0,0,0,0,0,0,0,0,0,0
80359,2,1,1987,0,0,0,0,0,0,0,0,0,0
80359,3,1,1987,0,0,0,0,0,0,0,0,0,0
80360,1,1,1987,0,0,0,0,0,0,0,0,0,0
80361,1,1,1987,11,11,11,11,11,11,11,11,11,11
80361,2,1,1987,0,0,0,0,0,0,0,0,0,0
80362,0,1,1987,31,0,26,39,0,25,26,7,24,8
80362,1,1,1987,0,0,0,0,0,0,0,0,0,0
80363,1,1,1987,13,13,13,13,13,13,13,13,13,13
80364,1,1,1987,0,0,0,0,0,0,0,0,0,0
80365,0,1,1987,0,0,0,0,0,0,0,0,0,0
80365,1,1,1987,0,0,0,0,0,0,0,0,0,0
80366,1,1,1987,17,17,17,17,17,17,17,17,17,17
80366,2,1,1987,4,4,4,4,4,4,4,4,4,4
80367,1,1,1987,0,0,0,0,0,0,0,0,0,0
80368,1,1,1987,17,17,17,17,17,17,17,17,17,17
80368,2,1,1987,0,0,0,0,0,0,0,0,0,0
80369,1,1,1987,0,0,0,0,0,0,0,0,0,0
80369,2,1,1987,0,0,0,0,0,0,0,0,0,0
80370,1,1,1987,0,0,0,0,0,0,0,0,0,0
80371,1,1,1987,0,0,0,0,0,0,0,0,0,0
80372,0,1,1987,0,16,21,0,0,14,0,0,15,0
80372,1,1,1987,25,25,25,25,25,25,25,25,25,25
80373,1,1,1987,0,0,0,0,0,0,0,0,0,0
80374,0,1,1987,0,0,17,0,0,0,0,0,0,0
80374,1,1,1987,0,0,0,0,0,0,0,0,0,0
80375,1,1,1987,0,0,0,0,0,0,0,0,0,0
80376,0,1,1987,0,0,0,0,0,0,0,0,0,0
80376,1,1,1987,0,0,0,0,0,0,0,0,0,0
80377,1,1,1987,17,17,17,17,17,17,17,17,17,17
80378,1,1,1987,0,0,0,0,0,0,0,0,0,0
80378,2,1,1987,0,0,0,0,0,0,0,0,0,0
80379,0,1,1987,0,0,0,0,0,0,0,0,0,0
80379,0,2,1987,0,0,16,0,0,0,0,0,0,0
80379,1,1,1987,0,0,0,0,0,0,0,0,0,0
80380,0,1,1987,23,23,23,23,23,23,23,23,23,23
80380,1,1,1987,0,0,0,0,0,0,15,0,0,0
80381,1,1,1987,0,0,0,0,0,0,0,0,0,0
80382,1,1,1987,7,7,7,7,7,7,7,7,7,7
80382,2,1,1987,0,0,0,0,0,0,0,0,0,0
80383,1,1,1987,11,11,11,11,11,11,11,11,11,11
80384,1,1,1987,6,6,6,6,6,6,6,6,6,6
80385,0,1,1987,16,16,16,16,16,16,16,16,16,16
80385,1,1,1987,0,0,0,0,0,0,0,0,0,0
80386,1,1,1987,0,0,0,0,0,0,0,0,0,0
80387,1,1,1987,0,0,0,0,0,0,0,0,0,0
80388,1,1,1987,16,16,16,16,16,16,16,16,16,16
80389,1,1,1987,0,0,0,0,0,0,0,0,0,0
80389,2,1,1987,0,0,0,0,0,0,0,0,0,0
80390,0,1,1987,13,0,0,0,0,0,0,0,0,0
80390,1,1,1987,0,0,0,0,0,0,0,0,0,0
80391,0,1,1987,0,0,0,0,0,0,0,0,0,0
80391,1,1,1987,0,0,0,0,0,0,0,0,0,0
80392,1,1,1987,0,0,0,0,0,0,0,0,0,0
80393,1,1,1987,27,27,27,27,27,27,27,27,27,27
80394,0,1,1987,34,34,34,34,34,34,34,34,34,34
80394,1,1,1987,0,0,0,0,0,0,0,0,0,0
80395,1,1,1987,0,0,0,0,0,0,0,0,0,0
80396,1,1,1987,21,21,21,21,21,21,21,21,21,21
80397,1,1,1987,4,4,4,4,4,4,4,4,4,4
80398,1,1,1987,0,0,0,0,0,0,0,0,0,0
80399,1,1,1987,1,1,1,1,1,1,1,1,1,1
80399,2,1,1987,0,0,0,0,0,0,0,0,0,0
80400,1,1,1987,0,0,0,0,0,0,0,0,0,0
80400,2,1,1987,0,0,0,0,0,0,0,0,0,0
80400,3,1,1987,0,0,0,0,0,0,0,0,0,0
80401,1,1,1987,11,11,11,11,11,11,11,11,11,11
80402,1,1,1987,0,0,13,0,0,0,0,0,0,0
80402,2,1,1987,0,0,0,0,0,0,0,0,0,0
80403,1,1,1987,0,0,0,0,0,0,0,0,0,0
80404,1,1,1987,21,21,21,21,21,21,21,21,21,21
80404,2,1,1987,0,0,0,0,0,0,0,0,0,0
80405,0,1,1987,0,0,0,0,0,0,0,0,0,0
80405,1,1,1987,0,0,0,0,0,0,0,0,0,0
80406,1,1,1987,0,0,0,0,0,0,0,0,0,0
80407,1,1,1987,0,0,0,0,0,0,0,0,0,0
80408,1,1,1987,0,0,0,0,0,0,0,0,0,0
80408,2,1,1987,0,0,0,0,0,10,0,0,0,0
80408,3,1,1987,0,0,0,0,0,0,0,0,0,0
80409,1,1,1987,1,1,1,1,1,1,1,1,1,1
80410,1,1,1987,24,24,24,24,24,24,24,24,24,24
80410,2,1,1987,0,0,15,0,0,0,0,0,41,0
80410,3,1,1987,0,0,0,0,0,0,0,0,0,0
80410,4,1,1987,6,0,0,0,0,0,0,0,0,0
80411,1,1,1987,0,0,0,0,0,0,0,0,0,0
80411,2,1,1987,0,0,0,0,0,0,0,0,0,0
80412,0,1,1987,0,0,0,0,0,0,0,0,0,0
80412,1,1,1987,0,0,0,0,0,0,0,0,0,0
80413,1,1,1987,0,0,0,0,0,0,0,0,0,0
80414,1,1,1987,27,27,27,27,27,27,27,27,27,27
80415,0,1,1987,44,44,44,44,44,44,44,44,44,44
80415,1,1,1987,0,0,0,0,0,0,0,0,0,0
80416,0,1,1987,24,24,24,24,24,24,24,24,24,24
80416,1,1,1987,19,19,19,19,19,19,19,19,19,19
80417,1,1,1987,15,15,15,15,15,15,15,15,15,15
80418,1,1,1987,14,14,14,14,14,14,14,14,14,14
80419,1,1,1987,0,0,0,0,0,0,0,0,0,0
80420,1,1,1987,0,0,0,0,0,0,0,0,0,0
80421,1,1,1987,0,0,0,0,0,0,0,0,17,0
80421,2,1,1987,0,0,0,0,0,0,0,16,0,0
80422,1,1,1987,35,35,35,35,35,35,35,35,35,35
80423,1,1,1987,12,12,12,12,12,12,12,12,12,12
80423,2,1,1987,0,0,0,0,0,0,0,0,0,0
80424,1,1,1987,0,0,0,0,0,0,0,0,0,0
80425,1,1,1987,0,0,0,0,0,0,0,0,0,0
80426,1,1,1987,0,0,0,0,0,0,0,0,0,0
80426,2,1,1987,0,0,0,0,0,0,0,0,0,0
80427,0,1,1987,26,26,26,26,26,26,26,26,26,26
80427,1,1,1987,0,0,0,0,0,0,0,0,0,0
80428,1,1,1987,0,0,0,0,0,0,0,0,0,0
80428,2,1,1987,0,0,0,0,0,0,0,0,0,0
80429,1,1,1987,0,0,0,0,0,0,0,0,0,0
80429,2,1,1987,0,0,0,0,0,0,0,26,0,0
80430,1,1,1987,0,32,0,4,18,0,0,20,0,26
80431,0,1,1987,0,0,34,0,0,0,0,0,0,0
80431,1,1,1987,0,0,0,0,0,0,0,0,0,0
80432,1,1,1987,0,0,0,0,0,0,0,0,0,0
80432,2,1,1987,0,0,0,0,0,0,0,0,0,0
80433,1,1,1987,24,24,24,24,24,24,24,24,24,24
80434,1,1,1987,22,22,22,22,22,22,22,22,22,22
80435,1,1,1987,21,21,21,21,21,21,21,21,21,21
80435,2,1,1987,17,0,0,0,0,0,0,0,0,0
80436,1,1,1987,14,14,14,14,14,14,14,14,14,14
80437,1,1,1987,0,0,0,0,0,0,0,0,0,0
80437,2,1,1987,0,0,0,0,0,0,0,0,0,0
80438,1,1,1987,34,34,34,34,34,34,34,34,34,34
80438,2,1,1987,0,0,0,0,0,0,0,0,0,0
80439,1,1,1987,23,23,23,23,23,23,23,23,23,23
80440,1,1,1987,15,15,15,15,15,15,15,15,15,15
80441,1,1,1987,22,22,22,22,22,22,22,22,22,22
80441,2,1,1987,0,0,0,0,0,0,0,0,0,0
80442,1,1,1987,17,17,17,17,17,17,17,17,17,17
80442,2,1,1987,0,0,0,0,0,0,0,0,0,0
80443,1,1,1987,13,13,13,13,13,13,13,13,13,13
80444,1,1,1987,20,20,20,20,20,20,20,20,20,20
80444,2,1,1987,0,0,0,0,0,0,0,0,0,0
80445,1,1,1987,17,17,17,17,17,17,17,17,17,17
80445,2,1,1987,0,0,0,0,0,0,0,0,0,0
80446,0,1,1987,0,0,0,0,0,0,0,0,0,0
80446,1,1,1987,20,20,20,20,20,20,20,20,20,20
80447,1,1,1987,0,0,0,0,0,0,0,0,0,0
80448,1,1,1987,15,15,15,15,15,15,15,15,15,15
80449,1,1,1987,0,0,0,0,0,0,0,0,0,0
80449,2,1,1987,0,0,0,0,0,0,0,0,0,0
80450,1,1,1987,3,3,3,3,3,3,3,3,3,3
80451,1,1,1987,0,0,0,0,0,0,0,0,0,0
80451,2,1,1987,0,0,0,0,0,0,0,0,0,0
80451,3,1,1987,0,0,0,0,0,0,0,0,0,0
80452,1,1,1987,0,0,0,0,0,0,0,0,0,0
80452,2,1,1987,3,3,3,3,3,3,3,3,3,3
80452,3,1,1987,0,0,0,0,0,0,0,0,0,5
80452,4,1,1987,0,0,0,18,0,0,0,0,0,0
80452,5,1,1987,0,0,0,0,0,0,0,0,0,0
80452,6,1,1987,0,0,0,0,0,0,0,0,0,0
80453,0,1,1987,0,0,0,0,0,0,0,0,0,0
80453,1,1,1987,0,0,0,6,0,0,0,0,0,0
80454,1,1,1987,25,25,25,25,25,25,25,25,25,25
80454,2,1,1987,0,0,0,0,0,0,0,0,0,0
80455,1,1,1987,0,0,0,0,0,0,0,0,0,0
80455,2,1,1987,0,0,0,0,0,0,0,0,0,0
80456,1,1,1987,0,0,0,0,0,0,0,0,0,0
80456,2,1,1987,0,0,0,0,0,0,0,0,0,0
80456,3,1,1987,0,0,0,0,0,0,0,0,0,0
80457,1,1,1987,16,16,16,16,16,16,16,16,16,16
80457,2,1,1987,0,0,0,0,0,0,0,0,0,0
80457,3,1,1987,3,3,3,3,3,3,3,3,3,3
80458,0,1,1987,0,0,0,0,0,0,0,0,0,0
80458,1,1,1987,0,0,0,0,0,0,0,0,0,0
80459,1,1,1987,0,0,0,0,0,0,0,0,0,0
80459,2,1,1987,0,0,0,0,0,0,0,0,0,0
80460,1,1,1987,9,9,9,9,9,9,9,9,9,9
80460,2,1,1987,0,0,0,0,0,0,0,0,0,0
80461,1,1,1987,0,0,0,0,0,0,0,0,0,0
80461,2,1,1987,0,0,0,0,0,0,0,0,0,0
80462,1,1,1987,0,0,0,0,0,0,0,0,0,0
80463,1,1,1987,0,0,0,0,0,0,0,0,0,0
80463,2,1,1987,0,0,0,0,0,0,0,0,0,0
80465,1,1,1987,8,8,8,8,8,8,8,8,8,8
80466,1,1,1987,0,0,0,0,0,0,0,0,0,28
80466,2,1,1987,0,0,0,0,0,0,0,0,0,0
80467,1,1,1987,0,0,0,0,0,0,0,0,0,0
80467,2,1,1987,0,0,0,0,5,0,0,0,0,0
80468,1,1,1987,25,25,25,25,25,25,25,25,25,25
80468,2,1,1987,0,0,0,0,0,0,0,0,0,0
80469,1,1,1987,0,0,0,0,0,0,0,0,0,0
80470,1,1,1987,13,13,13,13,13,13,13,13,13,13
80471,1,1,1987,27,27,27,27,27,27,27,27,27,27
80471,2,1,1987,11,13,6,30,11,10,22,0,6,5
80472,1,1,1987,13,13,13,13,13,13,13,13,13,13
80473,1,1,1987,0,0,0,0,0,0,0,0,0,0
80473,2,1,1987,0,0,0,0,0,0,0,8,0,0
80474,1,1,1987,11,11,11,11,11,11,11,11,11,11
80475,1,1,1987,11,11,11,11,11,11,11,11,11,11
80476,1,1,1987,17,17,17,17,17,17,17,17,17,17
80477,1,1,1987,0,0,0,0,0,0,0,0,0,0
80477,2,1,1987,0,0,0,0,0,0,0,0,0,0
80478,1,1,1987,0,0,0,0,0,0,0,0,0,0
80479,1,1,1987,0,0,0,0,0,0,0,0,0,0
80479,2,1,1987,0,0,0,0,0,0,0,0,0,0
80480,1,1,1987,5,5,5,5,5,5,5,5,5,5
80481,1,1,1987,0,0,0,0,0,0,0,0,0,0
80482,1,1,1987,4,4,4,4,4,4,4,4,4,4
80482,2,1,1987,0,16,0,0,15,23,0,0,0,0
80483,0,1,1987,9,0,13,0,0,0,7,0,0,0
80483,1,1,1987,0,0,0,0,0,0,0,0,0,0
80484,1,1,1987,0,22,17,0,24,22,0,30,20,11
80485,1,1,1987,0,4,0,5,0,0,0,11,0,17
80486,1,1,1987,16,16,16,16,16,16,16,16,16,16
80487,0,1,1987,33,33,33,33,33,33,33,33,33,33
80487,1,1,1987,0,0,0,0,0,0,0,0,0,0
80488,1,1,1987,0,0,0,0,0,0,0,0,0,0
80488,2,1,1987,0,0,0,0,0,0,0,0,0,0
80489,0,1,1987,26,26,26,26,26,26,26,26,26,26
80489,0,2,1987,3,3,3,3,3,3,3,3,3,3
80489,1,1,1987,0,0,0,0,0,0,0,0,0,0
80490,1,1,1987,0,0,0,0,0,0,0,0,0,0
80491,1,1,1987,11,11,11,11,11,11,11,11,11,11
80492,1,1,1987,0,0,0,0,0,0,0,0,0,0
80493,1,1,1987,0,0,0,0,0,0,0,0,0,0
80494,1,1,1987,12,12,12,12,12,12,12,12,12,12
80495,1,1,1987,9,9,9,9,9,9,9,9,9,9
80495,2,1,1987,0,0,0,0,0,0,0,0,0,0
80496,1,1,1987,34,34,34,34,34,34,34,34,34,34
80497,1,1,1987,0,0,0,0,0,0,0,0,0,0
80497,2,1,1987,0,0,0,0,0,0,0,0,0,0
80498,0,1,1987,0,0,0,0,0,0,0,0,0,0
80498,1,1,1987,0,0,0,0,0,0,0,0,0,0
80499,1,1,1987,0,0,0,0,0,0,0,0,0,0
80499,2,1,1987,0,0,0,0,0,0,0,0,0,0
80500,1,1,1987,0,0,0,0,0,0,0,0,0,0
80501,1,1,1987,0,0,0,0,0,0,0,0,0,0
80502,1,1,1987,17,17,17,17,17,17,17,17,17,17
80503,1,1,1987,0,0,0,0,0,0,0,0,0,0
80503,2,1,1987,0,0,0,0,0,0,0,0,0,0
80504,1,1,1987,0,0,0,0,0,0,0,0,0,0
80504,2,1,1987,0,0,0,0,0,0,0,0,0,0
80505,1,1,1987,0,0,0,0,0,0,0,0,0,0
80505,2,1,1987,0,0,0,0,0,0,0,0,0,0
80506,1,1,1987,0,0,0,0,0,0,0,0,0,0
80506,2,1,1987,0,0,0,0,0,0,0,0,0,0
80507,1,1,1987,0,0,0,0,0,0,0,0,0,0
80508,1,1,1987,0,0,0,0,0,0,0,0,0,0
80508,2,1,1987,0,0,0,0,0,0,0,0,0,0
80509,1,1,1987,0,0,0,0,0,0,0,0,0,0
80509,2,1,1987,0,0,0,0,0,0,0,0,0,0
80510,1,1,1987,0,0,0,0,0,0,0,0,0,0
80510,2,1,1987,0,0,0,0,0,0,0,0,0,0
80511,1,1,1987,25,25,25,25,25,25,25,25,25,25
80511,2,1,1987,0,0,0,0,0,0,0,0,0,0
80512,1,1,1987,0,0,0,0,0,0,0,0,0,0
80513,1,1,1987,0,0,0,0,26,0,0,0,0,0
80514,1,1,1987,25,25,25,25,25,25,25,25,25,25
80514,2,1,1987,0,0,0,0,0,0,0,0,0,0
80515,1,1,1987,0,0,0,0,0,0,0,0,0,0
80515,2,1,1987,12,12,12,12,12,12,12,12,12,12
80515,3,1,1987,5,5,5,5,5,5,5,5,5,5
80515,4,1,1987,0,4,0,0,0,0,0,0,0,0
80515,5,1,1987,0,0,0,0,0,0,0,0,0,0
80516,1,1,1987,29,29,29,29,29,29,29,29,29,29
80516,2,1,1987,0,0,0,0,0,0,0,0,0,0
80516,3,1,1987,14,3,20,3,18,0,17,15,30,12
80517,0,1,1987,0,0,0,0,0,0,0,0,0,0
80517,1,1,1987,0,0,0,0,0,0,0,0,0,0
80518,1,1,1987,15,15,15,15,15,15,15,15,15,15
80518,2,1,1987,0,0,0,0,0,0,0,0,0,0
90001,1,1,1987,18,18,18,18,18,18,18,18,18,18
90001,2,1,1987,0,0,0,0,0,0,0,0,0,0
90002,1,1,1987,6,6,6,6,6,6,6,6,6,6
90002,2,1,1987,0,0,0,0,0,0,0,0,0,0
90003,1,1,1987,17,17,17,17,17,17,17,17,17,17
90003,2,1,1987,0,0,0,0,0,0,0,0,0,0
90004,1,1,1987,15,15,15,15,15,15,15,15,15,15
90005,1,1,1987,23,23,23,23,23,23,23,23,23,23
90005,2,1,1987,0,0,0,0,0,0,0,0,0,0
90006,1,1,1987,12,12,12,12,12,12,12,12,12,12
90006,2,1,1987,0,27,17,26,17,5,18,9,11,6
90007,1,1,1987,7,7,7,7,7,7,7,7,7,7
90008,1,1,1987,0,0,0,0,0,0,0,0,0,0
90009,0,1,1987,15,15,15,15,15,15,15,15,15,15
90009,1,1,1987,0,0,0,0,0,0,0,0,0,0
90010,1,1,1987,2,2,2,2,2,2,2,2,2,2
90011,1,1,1987,0,0,0,9,8,0,0,10,10,0