ST_CASE,VEH_NO,PER_NO,YEAR,P1,P2,P3,P4,P5,P6,P7,P8,P9,P10
90304,1,1,1987,0,0,0,0,0,0,0,15,0,0
90305,0,1,1987,20,20,20,20,20,20,20,20,20,20
90305,1,1,1987,0,14,0,0,15,0,11,15,0,0
90306,1,1,1987,0,0,0,0,0,0,0,0,0,0
90306,2,1,1987,0,0,0,0,0,0,0,0,0,0
90307,0,1,1987,0,0,0,0,0,0,0,0,0,0
90307,1,1,1987,0,0,0,0,0,0,0,0,0,0
90308,1,1,1987,15,15,15,15,15,15,15,15,15,15
90309,0,1,1987,0,0,0,0,0,0,0,0,0,0
90309,1,1,1987,0,0,0,0,20,0,0,0,0,6
90310,0,1,1987,25,25,25,25,25,25,25,25,25,25
90310,1,1,1987,0,0,0,0,13,0,0,14,0,0
90311,1,1,1987,0,0,0,0,0,0,0,0,0,0
90311,2,1,1987,29,29,29,29,29,29,29,29,29,29
90312,1,1,1987,0,0,0,0,0,0,0,0,0,0
90312,2,1,1987,1,1,1,1,1,1,1,1,1,1
90313,1,1,1987,10,0,0,0,14,0,13,18,29,7
90313,2,1,1987,8,8,8,8,8,8,8,8,8,8
90314,0,1,1987,27,27,27,27,27,27,27,27,27,27
90314,1,1,1987,0,15,0,0,9,0,0,0,0,0
90315,1,1,1987,9,9,9,9,9,9,9,9,9,9
90316,1,1,1987,0,0,0,0,0,0,0,0,0,0
90316,2,1,1987,15,15,15,15,15,15,15,15,15,15
90317,1,1,1987,0,0,0,0,0,0,5,25,0,0
90317,2,1,1987,0,0,3,0,0,12,0,0,0,16
90317,3,1,1987,40,40,40,40,40,40,40,40,40,40
90318,1,1,1987,8,8,8,8,8,8,8,8,8,8
90318,2,1,1987,0,0,0,0,0,0,0,0,0,0
90319,1,1,1987,0,0,0,0,17,0,32,0,0,0
90319,2,1,1987,7,20,0,11,24,0,0,0,0,0
90320,1,1,1987,8,0,0,28,0,11,12,19,0,0
90321,1,1,1987,17,16,17,17,7,14,26,15,29,0
90322,1,1,1987,13,13,13,13,13,13,13,13,13,13
90323,1,1,1987,0,0,0,0,0,0,0,0,0,0
90324,1,1,1987,8,8,8,8,8,8,8,8,8,8
90325,1,1,1987,16,16,16,16,16,16,16,16,16,16
90326,0,1,1987,5,5,5,5,5,5,5,5,5,5
90326,1,1,1987,0,0,0,0,0,0,0,0,0,0
90327,1,1,1987,9,9,9,9,9,9,9,9,9,9
90328,1,1,1987,0,0,0,0,0,0,0,0,0,0
90329,0,1,1987,40,40,40,40,40,40,40,40,40,40
90329,1,1,1987,0,0,0,0,0,0,0,0,0,0
90330,1,1,1987,17,17,17,17,17,17,17,17,17,17
90331,1,1,1987,22,22,22,22,22,22,22,22,22,22
90331,2,1,1987,0,0,0,0,0,0,0,0,0,0
90332,1,1,1987,0,0,0,0,0,0,0,7,0,12
90333,1,1,1987,34,34,34,34,34,34,34,34,34,34
90334,1,1,1987,0,0,0,0,0,0,0,22,0,0
90335,1,1,1987,18,18,18,18,18,18,18,18,18,18
90336,1,1,1987,24,24,24,24,24,24,24,24,24,24
90337,1,1,1987,0,0,0,0,0,0,0,0,0,0
90337,2,1,1987,31,31,31,31,31,31,31,31,31,31
90338,1,1,1987,14,14,14,14,14,14,14,14,14,14
90339,1,1,1987,0,0,0,0,0,0,0,0,0,0
90339,2,1,1987,8,20,8,24,22,0,13,14,8,23
90340,1,1,1987,0,0,0,0,0,0,0,0,0,0
90340,2,1,1987,0,0,0,0,0,0,0,0,0,0
90340,3,1,1987,11,0,0,0,0,20,0,0,0,0
90341,0,1,1987,32,32,32,32,32,32,32,32,32,32
90341,1,1,1987,15,24,15,14,13,9,8,20,24,12
90341,2,1,1987,28,0,0,0,20,11,0,0,0,0
90342,1,1,1987,0,0,0,0,0,15,0,0,0,0
90342,2,1,1987,22,22,22,22,22,22,22,22,22,22
90343,1,1,1987,3,0,8,0,0,0,0,10,0,8
90344,0,1,1987,0,0,0,0,11,0,0,0,0,0
90345,1,1,1987,0,0,0,0,0,0,0,0,0,0
90345,2,1,1987,0,0,0,0,9,0,0,0,0,0
90346,1,1,1987,5,5,5,5,5,5,5,5,5,5
90346,2,1,1987,20,20,20,20,20,20,20,20,20,20
90347,0,1,1987,0,0,0,0,0,0,0,0,0,0
90347,1,1,1987,0,0,0,0,0,0,0,0,0,0
90348,1,1,1987,0,0,0,0,0,0,0,0,0,0
90349,1,1,1987,11,11,11,11,11,11,11,11,11,11
90350,0,1,1987,24,24,24,24,24,24,24,24,24,24
90350,1,1,1987,13,7,20,3,4,0,7,21,12,4
90351,1,1,1987,0,0,0,0,0,13,0,0,0,0
90351,2,1,1987,0,0,0,0,0,0,0,0,0,0
90352,0,1,1987,16,16,16,16,16,16,16,16,16,16
90352,1,1,1987,0,0,0,0,0,0,0,0,0,0
90353,1,1,1987,11,11,11,11,11,11,11,11,11,11
90354,1,1,1987,0,0,0,0,0,0,0,0,0,0
90355,0,1,1987,0,0,0,0,0,0,0,0,0,0
90355,1,1,1987,14,0,0,16,11,9,0,0,14,0
90356,1,1,1987,20,20,20,20,20,20,20,20,20,20
90357,0,1,1987,0,0,0,0,0,0,0,0,0,0
90357,1,1,1987,0,0,0,0,0,0,0,4,0,0
90358,1,1,1987,0,0,0,0,0,0,0,0,0,0
90359,0,1,1987,40,40,40,40,40,40,40,40,40,40
90359,1,1,1987,0,0,0,0,0,0,0,0,0,11
90360,0,1,1987,20,20,20,20,20,20,20,20,20,20
90360,1,1,1987,0,0,0,0,0,0,15,0,5,0
90361,1,1,1987,13,13,13,13,13,13,13,13,13,13
90361,2,1,1987,7,7,7,7,7,7,7,7,7,7
90361,3,1,1987,0,0,0,0,0,0,0,0,0,0
90362,1,1,1987,11,0,0,0,0,0,0,0,0,0
90363,0,1,1987,3,3,3,3,3,3,3,3,3,3
90363,1,1,1987,10,19,12,15,10,31,14,0,8,9
90364,1,1,1987,26,26,26,26,26,26,26,26,26,26
90364,2,1,1987,10,0,0,0,0,0,0,0,0,0
90365,1,1,1987,18,18,18,18,18,18,18,18,18,18
90365,2,1,1987,21,21,21,21,21,21,21,21,21,21
90366,1,1,1987,0,0,0,0,0,0,0,0,0,0
90366,2,1,1987,0,0,0,0,0,0,0,0,0,0
90366,3,1,1987,0,0,0,0,0,0,0,0,0,0
90367,1,1,1987,21,7,21,19,19,31,34,9,7,12
90368,0,1,1987,12,12,12,12,12,12,12,12,12,12
90368,1,1,1987,0,0,0,0,0,0,0,0,0,0
90369,0,1,1987,30,30,30,30,30,30,30,30,30,30
90369,1,1,1987,0,0,0,0,0,0,0,0,0,0
90370,0,1,1987,0,0,0,0,0,0,0,0,0,0
90370,1,1,1987,13,3,0,18,0,0,3,0,0,0
90371,1,1,1987,0,0,0,0,0,0,0,0,0,0
90371,2,1,1987,16,16,16,16,16,16,16,16,16,16
90372,1,1,1987,6,6,6,6,6,6,6,6,6,6
90373,1,1,1987,15,15,15,15,15,15,15,15,15,15
90374,1,1,1987,9,9,9,9,9,9,9,9,9,9
90374,2,1,1987,0,0,21,0,0,0,0,0,6,0
90375,1,1,1987,11,11,11,11,11,11,11,11,11,11
90376,1,1,1987,0,0,0,0,0,0,0,0,0,0
90376,2,1,1987,0,0,0,6,0,0,11,0,0,13
90377,1,1,1987,25,25,25,25,25,25,25,25,25,25
90378,1,1,1987,17,17,17,17,17,17,17,17,17,17
90378,2,1,1987,0,0,0,0,0,0,0,0,0,0
90379,1,1,1987,0,0,0,0,0,0,0,0,0,0
90379,2,1,1987,0,0,0,0,0,0,0,0,0,0
90379,3,1,1987,0,0,0,0,0,12,0,0,0,0
90380,1,1,1987,0,0,0,0,0,0,0,0,0,0
90381,1,1,1987,21,21,21,21,21,21,21,21,21,21
90381,2,1,1987,0,0,0,0,0,0,0,11,0,0
90382,1,1,1987,0,0,0,0,0,0,0,0,0,0
90382,2,1,1987,7,0,0,0,0,0,0,0,0,0
90383,1,1,1987,0,0,0,0,0,0,0,0,0,0
90383,2,1,1987,0,0,0,0,0,0,0,0,0,0
90384,1,1,1987,14,14,14,14,14,14,14,14,14,14
90385,1,1,1987,0,0,16,14,23,16,0,0,6,12
90385,2,1,1987,0,0,0,0,0,0,0,0,0,0
90386,0,1,1987,9,9,9,9,9,9,9,9,9,9
90386,1,1,1987,6,17,21,20,11,5,12,13,23,16
90387,1,1,1987,18,18,18,18,18,18,18,18,18,18
90388,1,1,1987,0,0,0,0,0,0,0,0,0,0
90389,1,1,1987,13,13,13,13,13,13,13,13,13,13
90389,2,1,1987,4,0,0,11,0,0,0,9,15,0
90390,1,1,1987,14,14,14,14,14,14,14,14,14,14
90390,2,1,1987,0,0,0,0,0,0,0,0,0,0
90391,0,1,1987,0,0,0,0,0,0,0,0,0,0
90391,1,1,1987,0,0,0,0,0,0,0,0,4,10
90392,1,1,1987,16,16,16,16,16,16,16,16,16,16
90393,1,1,1987,20,20,20,20,20,20,20,20,20,20
90394,0,1,1987,0,0,0,0,0,0,0,0,0,0
90394,1,1,1987,0,0,0,0,0,0,0,0,0,0
90395,1,1,1987,26,26,26,26,26,26,26,26,26,26
90396,1,1,1987,11,11,11,11,11,11,11,11,11,11
90397,0,1,1987,0,17,0,13,0,0,8,0,0,0
90397,1,1,1987,0,0,0,0,0,0,17,0,0,0
90398,1,1,1987,11,11,11,11,11,11,11,11,11,11
90398,2,1,1987,20,0,15,16,11,11,19,8,5,11
90399,1,1,1987,0,0,0,0,0,0,0,0,0,0
90399,2,1,1987,0,0,0,0,0,0,0,0,0,0
90400,0,1,1987,0,0,0,0,0,0,0,0,0,0
90400,1,1,1987,0,0,0,0,0,0,0,0,0,0
90401,1,1,1987,0,0,0,0,0,0,0,0,0,0
90401,2,1,1987,0,0,0,0,0,0,0,0,0,0
90402,1,1,1987,0,0,0,0,0,0,0,0,0,0
90402,2,1,1987,0,0,18,9,0,0,0,0,0,9
90403,1,1,1987,9,0,0,0,0,0,0,0,17,0
90403,2,1,1987,0,0,0,0,0,0,0,0,0,0
90404,1,1,1987,15,15,15,15,15,15,15,15,15,15
90405,0,1,1987,27,27,27,27,27,27,27,27,27,27
90405,1,1,1987,9,25,0,0,0,0,0,0,0,0
90406,1,1,1987,16,16,16,16,16,16,16,16,16,16
90407,1,1,1987,17,17,17,17,17,17,17,17,17,17
90408,0,1,1987,0,0,0,0,0,0,0,0,0,0
90408,1,1,1987,0,0,0,0,0,0,12,0,0,0
90409,1,1,1987,7,0,0,0,18,0,0,0,0,16
90410,1,1,1987,15,15,15,15,15,15,15,15,15,15
90410,2,1,1987,6,6,6,6,6,6,6,6,6,6
90411,1,1,1987,0,0,0,0,0,0,0,0,0,0
90412,0,1,1987,0,11,0,0,26,0,20,19,0,0
90412,1,1,1987,0,0,0,0,0,0,22,0,0,0
90413,0,1,1987,0,0,0,0,0,0,0,0,0,0
90413,0,2,1987,0,0,0,0,0,0,0,0,0,0
90413,1,1,1987,0,17,0,0,0,0,0,0,0,0
90414,1,1,1987,0,0,0,0,0,0,0,0,0,0
90415,1,1,1987,0,23,24,0,0,5,0,0,22,11
90416,1,1,1987,31,31,31,31,31,31,31,31,31,31
90417,1,1,1987,0,0,0,0,0,0,0,0,0,0
90417,2,1,1987,0,0,0,0,0,0,0,0,0,0
90417,3,1,1987,0,0,0,0,0,0,0,0,0,0
90417,4,1,1987,0,0,0,0,0,0,0,0,0,0
90417,5,1,1987,0,0,0,0,0,0,0,0,0,0
90417,6,1,1987,0,0,0,0,0,0,0,0,0,0
90417,7,1,1987,0,0,0,0,0,0,0,0,0,0
90417,8,1,1987,0,0,0,0,0,0,0,0,0,0
90417,9,1,1987,0,0,0,0,0,0,0,0,0,0
90417,10,1,1987,0,0,0,0,0,0,0,0,0,0
90418,0,1,1987,25,25,25,25,25,25,25,25,25,25
90418,1,1,1987,10,25,0,0,0,0,0,0,0,0
90418,2,1,1987,0,0,15,0,0,0,0,0,0,0
90418,3,1,1987,0,0,15,0,0,0,12,0,0,0
90419,0,1,1987,0,0,32,24,24,14,30,19,0,0
90419,0,2,1987,0,0,0,0,0,0,0,0,0,0
90419,1,1,1987,18,18,18,18,18,18,18,18,18,18
90420,1,1,1987,23,23,23,23,23,23,23,23,23,23
100001,1,1,1987,20,20,20,20,20,20,20,20,20,20
100001,2,1,1987,3,3,3,3,3,3,3,3,3,3
100002,1,1,1987,0,0,0,0,0,0,0,0,0,0
100004,1,1,1987,27,27,27,27,27,27,27,27,27,27
100005,1,1,1987,0,0,0,0,0,0,0,0,0,0
100006,1,1,1987,21,21,21,21,21,21,21,21,21,21
100007,0,1,1987,0,0,0,0,0,0,0,0,0,0
100007,1,1,1987,0,0,0,0,0,0,0,0,0,0
100008,1,1,1987,0,0,0,0,0,0,0,0,0,0
100008,2,1,1987,17,17,17,17,17,17,17,17,17,17
100009,1,1,1987,0,0,0,0,0,0,0,0,0,0
100009,2,1,1987,0,0,0,0,0,0,0,0,0,0
100010,1,1,1987,20,20,20,20,20,20,20,20,20,20
100010,2,1,1987,0,0,0,14,0,0,0,0,0,0
100011,1,1,1987,0,0,0,0,0,0,0,0,0,0
100011,2,1,1987,0,0,0,0,0,0,0,0,0,0
100012,0,1,1987,0,0,0,0,0,0,0,0,0,0
100012,1,1,1987,0,0,0,0,0,0,0,0,0,0
100013,1,1,1987,23,23,23,23,23,23,23,23,23,23
100014,0,1,1987,0,0,0,0,0,0,0,0,0,0
100014,1,1,1987,0,0,0,0,0,0,0,0,0,0
100015,0,1,1987,0,0,0,0,0,0,0,0,0,0
100015,1,1,1987,0,0,0,0,0,0,0,0,0,0
100016,1,1,1987,0,0,0,0,0,0,0,0,0,0
100016,2,1,1987,0,0,0,0,0,0,0,0,0,0
100017,1,1,1987,0,0,0,0,0,0,0,0,0,0
100018,1,1,1987,0,0,0,0,0,0,0,0,0,0
100019,1,1,1987,1,1,1,1,1,1,1,1,1,1
100019,2,1,1987,0,0,0,0,0,0,0,0,0,0
100020,1,1,1987,0,0,0,0,0,0,0,0,0,0
100020,2,1,1987,0,0,0,0,0,0,0,0,0,0
100020,3,1,1987,0,7,0,0,0,0,0,0,0,8
100020,4,1,1987,0,0,0,0,0,0,0,0,0,0
100020,5,1,1987,22,0,0,0,0,0,0,0,0,0
100021,1,1,1987,13,13,13,13,13,13,13,13,13,13
100022,0,1,1987,15,15,15,15,15,15,15,15,15,15
100022,1,1,1987,0,0,0,0,0,0,0,0,0,0
100023,1,1,1987,0,0,0,0,0,0,0,0,0,0
100023,2,1,1987,0,0,0,0,0,0,0,0,0,0
100024,1,1,1987,20,20,20,20,20,20,20,20,20,20
100025,0,1,1987,6,6,6,6,6,6,6,6,6,6
100025,1,1,1987,0,0,0,0,0,0,0,0,0,0
100026,1,1,1987,0,0,0,0,0,0,0,0,0,0
100026,2,1,1987,0,0,0,0,0,0,0,0,0,0
100027,1,1,1987,35,35,35,35,35,35,35,35,35,35
100028,1,1,1987,27,27,27,27,27,27,27,27,27,27
100028,2,1,1987,0,0,0,0,0,0,0,0,0,0
100028,3,1,1987,0,0,0,0,0,0,0,0,0,0
100029,1,1,1987,0,0,0,0,0,0,0,0,0,0
100029,2,1,1987,0,0,0,0,0,0,0,0,0,0
100029,3,1,1987,0,0,0,0,0,0,0,0,0,0
100030,1,1,1987,0,0,0,0,0,0,0,0,0,0
100031,1,1,1987,0,0,0,0,0,0,0,0,0,0
100031,2,1,1987,0,0,0,0,0,0,0,0,0,0
100032,1,1,1987,19,19,19,19,19,19,19,19,19,19
100032,2,1,1987,0,0,0,0,0,0,0,0,0,0
100033,1,1,1987,0,0,0,0,0,0,0,0,0,0
100033,2,1,1987,0,0,0,0,0,0,0,0,0,0
100034,1,1,1987,0,0,0,0,0,0,0,0,0,0
100034,2,1,1987,0,0,0,0,0,0,0,0,0,0
100035,1,1,1987,0,0,0,0,0,0,0,0,0,0
100035,2,1,1987,0,0,0,0,0,0,0,0,0,0
100036,1,1,1987,16,16,16,16,16,16,16,16,16,16
100037,1,1,1987,0,0,0,0,0,0,0,0,0,0
100037,2,1,1987,0,0,0,0,0,0,0,0,0,0
100038,1,1,1987,24,24,24,24,24,24,24,24,24,24
100038,2,1,1987,3,3,3,3,3,3,3,3,3,3
100039,0,1,1987,1,1,1,1,1,1,1,1,1,1
100039,1,1,1987,0,0,0,0,0,0,0,0,0,0
100040,1,1,1987,0,0,0,0,0,0,0,0,0,0
100040,2,1,1987,24,24,24,24,24,24,24,24,24,24
100040,3,1,1987,0,0,0,0,0,0,0,0,0,0
100040,4,1,1987,0,0,0,0,0,0,0,0,0,0
100041,1,1,1987,0,0,0,0,0,0,0,0,0,0
100041,2,1,1987,0,0,0,0,0,0,0,0,0,0
100042,1,1,1987,0,0,0,0,0,0,0,0,0,0
100042,2,1,1987,0,0,0,0,0,0,0,0,0,0
100043,1,1,1987,14,14,14,14,14,14,14,14,14,14
100044,1,1,1987,0,0,0,0,0,0,0,0,0,0
100044,2,1,1987,15,15,15,15,15,15,15,15,15,15
100047,0,1,1987,17,17,17,17,17,17,17,17,17,17
100047,1,1,1987,0,0,0,0,0,6,0,0,0,0
100048,1,1,1987,0,0,0,0,0,0,0,0,0,0
100048,2,1,1987,8,8,8,8,8,8,8,8,8,8
100049,1,1,1987,3,3,3,3,3,3,3,3,3,3
100050,1,1,1987,0,0,0,0,0,0,0,0,0,0
100050,2,1,1987,0,0,0,0,0,0,0,0,0,0
100051,1,1,1987,0,0,0,0,0,0,0,0,0,0
100051,2,1,1987,11,11,11,11,11,11,11,11,11,11
100052,1,1,1987,24,24,24,24,24,24,24,24,24,24
100053,1,1,1987,22,22,22,22,22,22,22,22,22,22
100054,1,1,1987,0,0,0,0,0,0,0,0,0,0
100054,2,1,1987,0,0,0,0,0,0,0,0,0,0
100055,1,1,1987,2,2,2,2,2,2,2,2,2,2
100056,0,1,1987,0,0,0,0,0,0,0,0,0,0
100056,1,1,1987,0,0,0,0,0,0,0,0,0,0
100057,1,1,1987,18,18,18,18,18,18,18,18,18,18
100058,1,1,1987,14,14,14,14,14,14,14,14,14,14
100059,1,1,1987,34,34,34,34,34,34,34,34,34,34
100060,1,1,1987,9,9,9,9,9,9,9,9,9,9
100060,2,1,1987,0,0,0,0,0,0,0,0,0,0
100061,1,1,1987,23,23,23,23,23,23,23,23,23,23
100062,1,1,1987,23,23,23,23,23,23,23,23,23,23
100063,1,1,1987,0,0,0,0,0,0,0,0,0,0
100064,1,1,1987,7,7,7,7,7,7,7,7,7,7
100064,2,1,1987,5,5,5,5,5,5,5,5,5,5
100065,0,1,1987,22,22,22,22,22,22,22,22,22,22
100065,1,1,1987,0,0,0,0,0,0,0,0,0,0
100067,1,1,1987,0,0,0,0,0,0,0,0,11,0
100067,2,1,1987,0,0,0,0,0,0,0,0,0,0
100068,1,1,1987,0,0,0,0,0,0,0,0,0,0
100068,2,1,1987,0,0,0,0,0,0,0,0,0,0
100069,1,1,1987,17,17,17,17,17,17,17,17,17,17
100070,0,1,1987,0,0,0,0,0,0,0,0,0,0
100070,0,2,1987,0,0,0,0,0,0,0,0,0,0
100070,1,1,1987,0,0,0,0,0,0,0,0,0,0
100071,1,1,1987,0,0,0,0,0,0,0,0,0,0
100071,2,1,1987,0,0,0,0,0,0,0,0,0,0
100071,3,1,1987,0,0,0,0,0,0,0,0,0,0
100071,4,1,1987,0,0,0,0,0,0,0,0,0,0
100071,5,1,1987,0,0,0,0,0,0,0,0,0,0
100072,1,1,1987,3,3,3,3,3,3,3,3,3,3
100072,2,1,1987,0,0,0,0,0,0,0,0,0,0
100073,1,1,1987,1,1,1,1,1,1,1,1,1,1
100073,2,1,1987,0,0,0,0,0,0,0,0,0,0
100074,1,1,1987,0,0,0,0,0,0,0,0,0,0
100074,2,1,1987,3,3,3,3,3,3,3,3,3,3
100075,1,1,1987,1,1,1,1,1,1,1,1,1,1
100076,1,1,1987,0,0,0,0,0,0,0,0,0,0
100077,1,1,1987,0,0,0,0,0,0,0,0,0,0
100077,2,1,1987,0,0,0,0,0,7,23,0,0,0
100078,1,1,1987,19,19,19,19,19,19,19,19,19,19
100079,1,1,1987,9,9,9,9,9,9,9,9,9,9
100080,1,1,1987,0,0,0,0,0,0,0,0,0,0
100080,2,1,1987,7,7,7,7,7,7,7,7,7,7
100081,0,1,1987,0,0,0,0,0,0,0,0,0,0
100081,1,1,1987,0,0,0,0,0,0,0,0,0,0
100082,1,1,1987,20,20,20,20,20,20,20,20,20,20
100083,1,1,1987,0,0,0,0,0,0,0,0,0,0
100084,1,1,1987,11,11,11,11,11,11,11,11,11,11
100085,1,1,1987,0,0,0,0,0,0,0,0,0,0
100085,2,1,1987,0,0,0,0,0,0,0,0,0,0
100086,1,1,1987,0,0,0,0,0,0,0,0,0,0
100086,2,1,1987,0,0,0,0,0,0,0,0,0,0
100087,1,1,1987,0,0,0,0,0,0,0,0,0,0
100087,2,1,1987,0,0,0,0,0,0,0,0,0,0
100088,1,1,1987,0,0,0,0,0,0,0,0,0,0
100088,2,1,1987,0,0,0,0,0,0,0,0,0,0
100089,0,1,1987,0,0,0,0,0,0,0,0,0,0
100089,1,1,1987,0,0,0,0,0,0,0,0,0,0
100090,1,1,1987,0,0,0,0,0,7,0,0,0,0
100090,2,1,1987,0,0,0,0,0,0,0,0,0,0
100090,3,1,1987,0,0,0,0,0,0,0,0,0,0
100091,1,1,1987,14,14,14,14,14,14,14,14,14,14
100092,0,1,1987,0,0,0,0,0,0,0,0,0,0
100092,1,1,1987,0,0,0,0,0,0,0,0,0,0
100093,1,1,1987,14,14,14,14,14,14,14,14,14,14
100093,2,1,1987,0,0,0,0,0,0,0,0,0,0
100094,1,1,1987,0,0,0,0,0,0,0,0,0,0
100095,1,1,1987,19,19,19,19,19,19,19,19,19,19
100095,2,1,1987,0,0,0,0,0,0,0,0,0,0
100096,1,1,1987,0,0,0,0,0,0,0,0,0,0
100096,2,1,1987,0,0,0,0,0,0,0,0,0,0
100097,1,1,1987,0,0,0,0,0,0,0,0,0,0
100097,2,1,1987,15,15,15,15,15,15,15,15,15,15
100098,0,1,1987,0,0,0,0,0,0,0,0,0,0
100098,1,1,1987,0,0,0,0,0,0,0,0,0,0
100099,1,1,1987,27,27,27,27,27,27,27,27,27,27
100100,1,1,1987,21,21,21,21,21,21,21,21,21,21
100101,0,1,1987,0,0,0,0,0,0,0,0,0,0
100101,1,1,1987,0,0,0,0,0,0,0,0,0,0
100102,0,1,1987,21,21,21,21,21,21,21,21,21,21
100102,1,1,1987,0,0,0,0,0,0,0,0,0,0
100102,2,1,1987,1,1,1,1,1,1,1,1,1,1
100103,1,1,1987,0,0,0,0,0,0,0,0,0,0
100103,2,1,1987,0,0,0,0,0,0,0,0,0,0
100103,3,1,1987,0,0,0,0,0,0,0,0,0,0
100104,1,1,1987,14,14,14,14,14,14,14,14,14,14
100104,2,1,1987,12,12,12,12,12,12,12,12,12,12
100105,1,1,1987,16,16,16,16,16,16,16,16,16,16
100106,1,1,1987,0,0,0,0,0,0,2,0,0,0
100106,2,1,1987,12,12,12,12,12,12,12,12,12,12
100107,1,1,1987,0,0,0,0,0,0,0,0,0,0
100108,1,1,1987,13,13,13,13,13,13,13,13,13,13
100109,1,1,1987,0,0,0,0,0,0,0,0,0,0
100109,2,1,1987,21,21,21,21,21,21,21,21,21,21
100109,3,1,1987,0,0,0,0,0,0,0,0,0,0
100111,0,1,1987,3,3,3,3,3,3,3,3,3,3
100111,1,1,1987,0,41,0,40,12,19,11,0,13,14
100112,1,1,1987,21,21,21,21,21,21,21,21,21,21
100112,2,1,1987,9,9,9,9,9,9,9,9,9,9
100113,1,1,1987,11,11,11,11,11,11,11,11,11,11
100114,0,1,1987,0,0,0,0,0,0,0,0,0,0
100114,1,1,1987,0,0,0,0,0,0,0,0,0,0
100115,1,1,1987,15,15,15,15,15,15,15,15,15,15
100115,2,1,1987,0,0,0,0,0,0,0,0,0,0
100116,1,1,1987,0,0,0,0,0,0,0,0,0,0
100117,1,1,1987,5,5,5,5,5,5,5,5,5,5
100118,1,1,1987,32,32,32,32,32,32,32,32,32,32
100118,2,1,1987,0,0,0,0,0,0,0,0,0,0
100119,1,1,1987,0,0,0,0,0,0,0,0,0,0
100119,2,1,1987,0,0,0,0,0,0,0,0,0,0
100120,0,1,1987,26,26,26,26,26,26,26,26,26,26
100120,1,1,1987,0,0,0,0,0,0,0,0,0,0
100121,1,1,1987,0,0,0,0,0,0,0,0,0,0
100121,2,1,1987,0,0,0,0,0,0,0,0,0,0
100122,1,1,1987,0,0,0,0,0,0,0,0,0,0
100122,2,1,1987,0,0,0,0,0,0,0,0,0,0
100123,1,1,1987,0,0,0,0,0,0,0,0,0,0
100124,0,1,1987,0,0,0,0,0,0,0,0,0,0
100124,1,1,1987,0,0,6,0,0,0,0,0,0,0
100125,1,1,1987,9,9,9,9,9,9,9,9,9,9
100126,1,1,1987,0,0,0,0,0,0,0,0,0,0
100126,2,1,1987,0,0,0,0,0,0,0,0,0,0
100126,3,1,1987,0,0,0,0,0,0,0,0,0,0
100127,1,1,1987,15,15,15,15,15,15,15,15,15,15
100127,2,1,1987,0,0,0,0,0,0,0,0,0,0
100128,1,1,1987,10,10,10,10,10,10,10,10,10,10
100129,0,1,1987,31,31,31,31,31,31,31,31,31,31
100129,1,1,1987,0,0,0,0,0,0,0,0,0,0
100130,0,1,1987,19,19,19,19,19,19,19,19,19,19
100130,1,1,1987,0,0,0,0,0,0,0,0,0,0
100131,1,1,1987,18,18,18,18,18,18,18,18,18,18
100131,2,1,1987,0,0,0,0,0,0,0,0,0,0
100132,1,1,1987,23,23,23,23,23,23,23,23,23,23
100133,1,1,1987,0,0,0,0,0,0,0,0,0,0
100134,1,1,1987,1,1,1,1,1,1,1,1,1,1
100134,2,1,1987,17,17,17,17,17,17,17,17,17,17
100135,1,1,1987,20,20,20,20,20,20,20,20,20,20
100135,2,1,1987,0,0,0,0,0,0,0,10,0,0
100136,0,1,1987,0,0,0,0,0,0,0,0,0,0
100136,1,1,1987,0,0,0,0,0,0,0,0,0,0
110001,0,1,1987,0,0,0,0,0,0,0,0,0,0
110001,1,1,1987,0,0,0,0,0,0,0,0,0,0
110002,0,1,1987,31,15,0,4,0,0,0,0,0,29
110002,0,2,1987,0,0,12,0,0,7,14,0,11,0
110002,1,1,1987,0,0,0,0,0,0,0,0,0,0
110003,1,1,1987,0,0,0,0,0,0,0,0,0,0
110003,2,1,1987,0,0,0,0,0,0,0,0,0,0
110004,0,1,1987,0,0,0,0,0,0,0,0,0,0
110004,1,1,1987,0,0,0,0,0,0,0,0,0,0
110005,0,1,1987,24,0,0,0,0,17,0,0,0,0
110005,1,1,1987,0,0,0,0,0,0,0,0,0,0
110006,1,1,1987,0,0,0,0,0,0,0,0,0,0
110006,2,1,1987,0,0,0,0,0,0,0,0,0,0
110007,0,1,1987,22,7,0,0,0,16,0,12,22,21
110007,1,1,1987,19,19,19,19,19,19,19,19,19,19
110008,1,1,1987,10,10,10,10,10,10,10,10,10,10
110008,2,1,1987,13,0,0,0,19,0,0,0,10,19
110009,0,1,1987,23,23,23,23,23,23,23,23,23,23
110009,1,1,1987,0,0,0,0,0,0,0,0,0,0
110010,1,1,1987,1,1,1,1,1,1,1,1,1,1
110010,2,1,1987,0,0,0,0,0,0,0,0,0,0
110010,3,1,1987,0,0,0,0,0,0,0,0,15,0
110011,1,1,1987,0,0,0,0,0,0,0,0,0,0
110011,2,1,1987,0,0,0,0,0,0,0,13,15,0
110011,3,1,1987,0,0,0,0,0,0,0,0,0,0
110012,1,1,1987,4,0,0,0,0,0,0,0,0,0
110012,2,1,1987,0,0,0,0,0,0,0,0,0,0