ST_CASE,VEH_NO,PER_NO,YEAR,P1,P2,P3,P4,P5,P6,P7,P8,P9,P10
120221,1,1,1987,0,0,0,0,0,0,0,0,0,0
120221,2,1,1987,0,0,0,0,0,0,0,0,0,0
120222,1,1,1987,24,24,24,24,24,24,24,24,24,24
120222,2,1,1987,0,0,0,0,0,0,0,0,0,0
120223,1,1,1987,0,0,0,0,0,0,0,0,0,0
120223,2,1,1987,0,0,0,0,0,0,0,0,0,0
120224,1,1,1987,21,21,21,21,21,21,21,21,21,21
120224,2,1,1987,0,0,0,0,12,0,0,0,21,28
120225,0,1,1987,0,0,0,0,0,0,0,0,0,0
120225,1,1,1987,0,0,0,0,0,0,0,0,0,0
120226,1,1,1987,0,22,0,0,0,0,0,0,0,0
120226,2,1,1987,18,7,13,18,23,5,3,0,24,6
120227,1,1,1987,19,18,16,16,27,12,5,9,25,15
120227,3,1,1987,0,0,0,0,0,0,0,0,0,0
120228,1,1,1987,18,18,18,18,18,18,18,18,18,18
120228,2,1,1987,0,0,0,0,0,0,0,0,0,0
120228,3,1,1987,3,0,0,15,0,0,0,0,0,0
120228,4,1,1987,5,5,5,5,5,5,5,5,5,5
120229,1,1,1987,0,0,0,0,0,0,0,0,0,0
120229,2,1,1987,0,0,0,11,0,0,0,0,0,0
120230,1,1,1987,0,0,0,0,0,0,0,0,0,0
120230,2,1,1987,0,22,0,0,0,0,0,0,0,0
120231,0,1,1987,0,0,0,0,0,0,0,0,0,0
120231,1,1,1987,0,6,0,0,0,0,0,0,0,0
120233,1,1,1987,0,0,0,0,0,0,0,0,0,0
120233,2,1,1987,0,0,0,0,0,0,0,0,0,0
120234,1,1,1987,0,0,0,0,0,0,0,0,0,0
120234,2,1,1987,0,0,0,0,0,0,0,0,0,0
120235,1,1,1987,0,0,0,0,0,0,0,0,0,0
120235,2,1,1987,0,0,0,0,0,0,0,0,0,0
120236,0,1,1987,0,0,0,0,0,0,0,0,0,0
120236,1,1,1987,4,31,12,22,6,15,30,18,20,19
120237,1,1,1987,0,0,7,0,0,0,0,0,0,0
120237,2,1,1987,0,0,0,0,0,0,0,0,0,0
120238,1,1,1987,14,14,14,14,14,14,14,14,14,14
120238,2,1,1987,1,1,1,1,1,1,1,1,1,1
120239,1,1,1987,0,0,0,0,0,0,0,0,0,0
120240,1,1,1987,0,0,0,0,0,0,0,28,0,0
120241,1,1,1987,0,0,0,0,0,0,0,0,0,0
120241,2,1,1987,0,0,0,0,0,0,0,0,0,0
120241,3,1,1987,0,0,0,0,0,0,0,0,0,0
120242,1,1,1987,0,0,0,0,0,0,0,0,0,0
120242,2,1,1987,0,0,0,0,0,0,0,0,0,0
120243,1,1,1987,0,0,0,0,0,0,0,0,0,0
120243,2,1,1987,0,0,0,0,0,0,0,0,0,0
120244,0,1,1987,8,8,8,8,8,8,8,8,8,8
120244,1,1,1987,0,30,0,0,0,10,0,17,8,0
120245,1,1,1987,0,0,0,5,0,0,0,0,0,0
120245,2,1,1987,0,0,0,0,0,0,0,0,0,0
120246,1,1,1987,23,23,23,23,23,23,23,23,23,23
120247,1,1,1987,19,19,19,19,19,19,19,19,19,19
120247,2,1,1987,0,0,0,0,0,0,0,0,0,0
120248,1,1,1987,0,0,0,0,0,0,0,0,0,0
120248,2,1,1987,0,0,0,0,0,0,0,0,0,0
120249,0,1,1987,0,0,0,0,12,0,0,13,0,0
120249,1,1,1987,0,0,0,0,0,0,0,0,13,0
120250,1,1,1987,0,0,0,0,0,0,0,0,0,0
120250,2,1,1987,3,3,3,3,3,3,3,3,3,3
120251,0,1,1987,9,19,44,30,10,21,27,18,0,0
120251,1,1,1987,0,0,0,0,0,0,0,0,0,0
120252,1,1,1987,0,0,0,0,0,0,0,0,0,0
120252,2,1,1987,0,0,0,0,0,0,0,0,0,0
120253,0,1,1987,0,0,0,0,0,0,0,0,13,6
120253,1,1,1987,0,0,0,0,0,15,0,0,0,0
120254,0,1,1987,3,3,3,3,3,3,3,3,3,3
120254,1,1,1987,0,0,0,0,0,0,0,0,0,0
120254,2,1,1987,0,0,0,0,0,0,0,0,0,0
120254,3,1,1987,0,0,0,0,0,0,0,0,0,0
120255,1,1,1987,0,0,0,0,0,0,0,0,0,0
120255,2,1,1987,0,0,0,0,0,0,0,0,0,0
120256,0,1,1987,21,33,34,42,28,23,7,25,22,17
120256,1,1,1987,0,0,0,0,0,0,0,0,0,0
120257,1,1,1987,0,0,0,0,0,0,0,0,0,0
120257,2,1,1987,0,0,0,0,0,0,0,0,0,0
120258,1,1,1987,14,14,14,14,14,14,14,14,14,14
120259,1,1,1987,25,25,25,25,25,25,25,25,25,25
120260,1,1,1987,0,0,0,0,0,0,0,0,0,0
120260,2,1,1987,0,0,13,0,0,0,12,17,0,0
120261,1,1,1987,0,0,0,0,0,0,0,0,0,0
120261,2,1,1987,0,0,0,0,0,0,0,0,0,0
120262,1,1,1987,7,9,22,4,0,11,24,17,16,18
120262,2,1,1987,0,0,0,0,0,0,0,0,0,0
120263,1,1,1987,20,20,20,20,20,20,20,20,20,20
120264,1,1,1987,20,20,20,20,20,20,20,20,20,20
120264,2,1,1987,11,11,11,11,11,11,11,11,11,11
120265,0,1,1987,0,0,0,0,0,0,0,0,0,0
120265,1,1,1987,0,0,0,0,0,0,0,0,0,0
120266,1,1,1987,30,30,30,30,30,30,30,30,30,30
120266,2,1,1987,0,0,0,0,0,0,0,0,0,0
120267,1,1,1987,21,21,21,21,21,21,21,21,21,21
120268,1,1,1987,10,11,3,0,7,4,11,0,7,8
120268,2,1,1987,10,0,6,15,24,0,13,14,11,7
120269,1,1,1987,16,16,16,16,16,16,16,16,16,16
120269,2,1,1987,10,10,10,10,10,10,10,10,10,10
120270,1,1,1987,0,0,0,0,0,0,0,0,0,0
120270,2,1,1987,0,0,0,0,0,0,0,0,0,0
120271,1,1,1987,0,0,0,0,0,0,0,0,0,0
120271,2,1,1987,0,0,0,0,0,0,0,0,0,0
120272,1,1,1987,12,12,12,12,12,12,12,12,12,12
120272,2,1,1987,0,20,18,0,0,0,17,0,0,17
120273,1,1,1987,16,16,16,16,16,16,16,16,16,16
120274,1,1,1987,0,0,0,0,0,0,0,0,0,0
120275,1,1,1987,10,7,0,13,8,47,12,34,25,19
120275,2,1,1987,0,0,0,0,0,0,0,0,0,0
120276,1,1,1987,18,18,18,18,18,18,18,18,18,18
120276,2,1,1987,0,0,0,0,0,0,0,0,0,0
120277,0,1,1987,0,0,0,0,0,0,0,0,0,0
120277,1,1,1987,0,0,0,0,0,0,0,0,0,0
120278,0,1,1987,0,0,0,0,0,0,0,0,0,0
120278,1,1,1987,0,6,0,0,0,0,0,0,0,0
120278,2,1,1987,0,0,0,0,0,0,0,0,0,0
120279,1,1,1987,0,0,0,0,0,0,0,0,0,0
120279,2,1,1987,3,3,3,3,3,3,3,3,3,3
120280,1,1,1987,0,0,0,0,0,0,0,0,0,0
120281,1,1,1987,17,17,17,17,17,17,17,17,17,17
120281,2,1,1987,0,0,0,0,0,0,0,0,0,0
120282,0,1,1987,26,26,26,26,26,26,26,26,26,26
120282,1,1,1987,0,0,0,16,0,0,0,0,0,0
120283,1,1,1987,11,11,11,11,11,11,11,11,11,11
120284,0,1,1987,0,0,0,0,0,0,0,0,0,0
120284,1,1,1987,0,0,0,0,0,0,0,0,0,0
120286,0,1,1987,0,0,0,0,0,11,28,16,0,0
120286,1,1,1987,0,0,0,0,0,0,0,0,0,0
120287,0,1,1987,0,0,18,21,26,16,13,46,0,14
120287,1,1,1987,19,17,11,15,7,11,0,8,9,15
120288,1,1,1987,0,0,0,0,0,0,0,0,0,0
120288,2,1,1987,0,0,0,0,0,0,0,0,0,0
120289,1,1,1987,19,29,17,28,29,17,17,9,12,11
120290,0,1,1987,0,18,18,15,13,22,19,21,17,30
120290,1,1,1987,14,22,10,8,8,12,10,32,14,12
120291,0,1,1987,0,0,0,0,0,0,0,0,0,0
120291,1,1,1987,10,8,0,6,13,20,0,16,17,0
120292,0,1,1987,0,17,0,13,17,0,0,17,0,8
120292,1,1,1987,0,0,0,0,0,0,0,0,11,0
120293,1,1,1987,17,17,17,17,17,17,17,17,17,17
120293,2,1,1987,0,0,0,0,0,0,0,0,0,0
120294,0,1,1987,39,18,9,0,0,0,0,10,10,5
120294,1,1,1987,7,4,0,14,0,19,9,13,0,0
120295,1,1,1987,0,0,0,0,0,0,0,0,0,0
120295,2,1,1987,0,0,0,0,0,0,0,27,0,0
120296,0,1,1987,0,0,19,0,0,0,0,0,0,6
120296,1,1,1987,0,0,0,0,0,0,0,0,0,0
120297,1,1,1987,0,0,0,0,0,0,0,0,0,0
120297,2,1,1987,0,0,0,0,0,0,0,0,0,0
120298,1,1,1987,0,0,0,0,0,0,0,0,0,0
120298,2,1,1987,0,0,0,0,0,0,0,0,0,0
120298,3,1,1987,0,0,0,0,0,0,0,0,0,0
120299,1,1,1987,0,0,0,0,0,22,0,0,0,0
120299,2,1,1987,1,1,1,1,1,1,1,1,1,1
120300,1,1,1987,7,26,16,8,9,10,15,26,21,29
120300,2,1,1987,0,0,0,0,0,0,0,0,0,0
120301,0,1,1987,0,0,0,0,0,0,0,0,0,0
120301,1,1,1987,0,0,15,0,12,12,21,17,26,7
120302,1,1,1987,0,0,0,0,0,0,0,0,0,0
120302,2,1,1987,0,0,0,0,0,0,0,0,0,0
120303,1,1,1987,29,29,29,29,29,29,29,29,29,29
120304,1,1,1987,35,35,35,35,35,35,35,35,35,35
120304,2,1,1987,0,0,0,0,0,0,0,0,0,0
120305,1,1,1987,9,0,0,0,0,0,0,0,3,0
120306,1,1,1987,0,0,0,0,0,0,0,0,0,0
120306,2,1,1987,0,0,0,0,0,0,0,0,0,0
120307,1,1,1987,0,0,0,0,0,0,0,0,0,0
120307,2,1,1987,0,0,0,0,0,0,0,0,0,0
120308,1,1,1987,18,18,7,14,6,13,36,7,21,17
120309,0,1,1987,0,0,0,0,0,0,0,0,0,0
120309,1,1,1987,21,10,0,8,12,16,7,0,3,0
120310,1,1,1987,14,14,14,14,14,14,14,14,14,14
120310,2,1,1987,4,4,4,4,4,4,4,4,4,4
120311,1,1,1987,0,0,0,0,0,0,0,0,0,0
120311,2,1,1987,0,0,0,0,0,4,0,0,0,0
120312,1,1,1987,4,4,4,4,4,4,4,4,4,4
120312,2,1,1987,0,0,0,0,0,0,0,0,0,0
120312,3,1,1987,0,0,0,0,0,0,0,0,0,0
120312,4,1,1987,0,0,0,0,0,0,0,0,0,0
120313,0,1,1987,24,24,24,24,24,24,24,24,24,24
120313,1,1,1987,0,0,0,0,0,0,0,0,0,0
120314,0,1,1987,18,18,18,18,18,18,18,18,18,18
120314,1,1,1987,0,0,0,0,0,0,0,0,0,0
120314,2,1,1987,0,0,9,0,0,0,0,0,0,0
120315,1,1,1987,0,0,0,0,0,0,0,0,0,0
120315,2,1,1987,0,0,0,0,0,0,0,0,0,0
120315,3,1,1987,0,0,0,0,0,0,0,0,0,0
120316,0,1,1987,0,0,0,0,0,0,0,0,0,0
120316,1,1,1987,0,0,0,0,0,0,0,0,0,0
120317,1,1,1987,21,17,10,17,16,39,20,24,36,12
120318,1,1,1987,0,0,0,0,0,0,0,0,0,0
120318,2,1,1987,6,6,6,6,6,6,6,6,6,6
120319,1,1,1987,0,0,0,0,0,0,0,0,0,0
120319,2,1,1987,0,0,0,0,0,0,0,0,0,0
120320,1,1,1987,9,9,9,9,9,9,9,9,9,9
120321,1,1,1987,0,0,0,0,0,0,0,15,0,0
120321,2,1,1987,0,0,0,0,0,0,0,0,0,0
120322,1,1,1987,0,0,0,0,0,0,0,0,0,4
120322,2,1,1987,0,0,0,0,0,0,0,0,0,0
120323,1,1,1987,28,28,28,28,28,28,28,28,28,28
120324,1,1,1987,0,0,0,0,0,0,0,0,0,0
120325,0,1,1987,0,0,0,0,0,0,0,0,0,0
120325,1,1,1987,0,0,0,0,0,0,0,0,0,0
120327,1,1,1987,0,0,0,0,0,0,0,0,0,0
120327,2,1,1987,0,0,0,0,0,0,0,0,0,0
120328,1,1,1987,0,0,0,0,8,0,0,0,0,0
120328,2,1,1987,0,0,0,0,0,0,0,0,0,0
120329,1,1,1987,0,0,0,0,0,0,0,0,0,0
120329,2,1,1987,0,0,0,0,0,0,0,0,0,0
120330,0,1,1987,10,27,22,19,48,30,29,0,10,24
120330,1,1,1987,0,0,19,0,0,0,0,0,0,0
120331,1,1,1987,23,23,23,23,23,23,23,23,23,23
120331,2,1,1987,0,0,0,0,0,0,17,0,0,0
120332,1,1,1987,19,19,19,19,19,19,19,19,19,19
120333,0,1,1987,31,31,31,31,31,31,31,31,31,31
120333,1,1,1987,14,10,15,17,33,11,13,13,20,0
120334,1,1,1987,10,10,10,10,10,10,10,10,10,10
120334,2,1,1987,0,16,0,0,0,0,0,0,0,0
120335,1,1,1987,0,0,0,0,0,0,0,0,0,0
120335,2,1,1987,10,10,10,10,10,10,10,10,10,10
120336,1,1,1987,18,18,18,18,18,18,18,18,18,18
120338,1,1,1987,17,17,17,17,17,17,17,17,17,17
120338,2,1,1987,0,0,0,0,0,0,0,0,0,0
120339,1,1,1987,0,0,0,0,0,0,0,0,0,0
120339,2,1,1987,23,23,23,23,23,23,23,23,23,23
120340,1,1,1987,13,13,13,13,13,13,13,13,13,13
120340,2,1,1987,0,0,0,0,0,0,0,0,0,0
120341,1,1,1987,0,0,0,0,0,0,0,0,0,0
120341,2,1,1987,0,0,0,0,0,0,0,0,0,0
120342,0,1,1987,0,18,0,0,0,0,0,0,0,0
120342,1,1,1987,0,0,0,0,0,0,0,0,14,0
120343,0,1,1987,0,0,0,0,0,0,0,0,0,0
120343,1,1,1987,0,0,0,0,0,0,0,0,0,0
120344,1,1,1987,0,0,0,0,0,0,0,0,0,0
120344,2,1,1987,0,0,0,0,0,0,0,0,0,0
120345,0,1,1987,0,0,0,0,0,0,0,0,0,0
120345,1,1,1987,23,23,23,23,23,23,23,23,23,23
120346,0,1,1987,29,29,29,29,29,29,29,29,29,29
120346,1,1,1987,0,0,0,0,0,0,0,0,0,0
120347,1,1,1987,11,7,15,30,14,26,21,17,25,43
120348,0,1,1987,0,0,0,0,0,0,0,0,0,0
120348,1,1,1987,0,0,0,0,4,0,0,0,0,0
120349,1,1,1987,0,0,0,0,0,0,0,0,0,0
120349,2,1,1987,0,0,0,0,0,0,0,0,0,0
120349,3,1,1987,0,0,0,0,0,0,0,0,0,0
120350,1,1,1987,0,0,0,0,0,0,0,0,0,0
120351,1,1,1987,0,0,0,0,0,0,0,0,0,0
120351,2,1,1987,0,0,0,0,0,0,0,0,0,0
120353,0,1,1987,0,10,0,0,0,0,0,0,0,0
120353,1,1,1987,0,0,0,0,0,0,0,0,0,0
120354,0,1,1987,30,30,30,30,30,30,30,30,30,30
120354,1,1,1987,0,0,0,0,0,0,0,0,0,0
120354,2,1,1987,0,0,0,0,0,0,0,0,0,0
120355,1,1,1987,30,30,30,30,30,30,30,30,30,30
120356,1,1,1987,0,0,0,0,0,0,0,0,0,0
120356,2,1,1987,0,0,0,0,0,0,0,0,0,0
120357,0,1,1987,24,24,24,24,24,24,24,24,24,24
120357,1,1,1987,0,0,0,0,0,0,0,13,0,0
120358,1,1,1987,0,0,0,0,0,0,0,0,0,0
120358,2,1,1987,0,0,0,0,0,0,0,0,0,0
120359,1,1,1987,16,16,16,16,16,16,16,16,16,16
120360,0,1,1987,0,0,0,0,0,0,0,0,0,0
120360,1,1,1987,0,0,0,0,0,0,0,0,0,0
120361,1,1,1987,0,0,0,0,0,0,0,0,0,0
120362,1,1,1987,0,0,0,0,0,0,0,0,0,0
120362,2,1,1987,0,0,0,0,0,0,0,0,0,0
120363,0,1,1987,0,0,0,0,0,9,0,0,0,0
120363,1,1,1987,0,0,0,0,0,0,0,0,0,0
120364,1,1,1987,9,9,9,9,9,9,9,9,9,9
120365,1,1,1987,0,0,0,0,0,0,0,0,0,0
120365,2,1,1987,0,0,0,0,0,0,0,0,0,0
120365,3,1,1987,0,0,0,0,0,0,0,0,0,0
120366,1,1,1987,5,5,5,5,5,5,5,5,5,5
120366,2,1,1987,0,0,0,0,0,0,0,0,0,0
120366,3,1,1987,0,0,0,0,0,0,0,0,0,0
120367,1,1,1987,20,20,20,20,20,20,20,20,20,20
120367,2,1,1987,0,0,0,0,0,0,0,0,0,0
120367,3,1,1987,0,0,0,0,0,0,0,0,0,0
120368,0,1,1987,18,18,18,18,18,18,18,18,18,18
120368,1,1,1987,0,0,0,0,0,0,0,0,0,0
120369,1,1,1987,8,8,8,8,8,8,8,8,8,8
120370,1,1,1987,0,9,23,20,14,16,12,2,12,15
120371,0,1,1987,0,0,0,0,0,0,0,0,0,0
120371,1,1,1987,0,0,4,0,0,0,0,0,0,0
120372,1,1,1987,21,21,21,21,21,21,21,21,21,21
120372,2,1,1987,15,15,15,15,15,15,15,15,15,15
120373,1,1,1987,14,14,14,14,14,14,14,14,14,14
120374,1,1,1987,0,0,0,0,0,0,0,0,0,0
120374,2,1,1987,0,0,0,0,0,0,0,0,0,0
120374,3,1,1987,0,0,0,0,0,0,0,0,0,0
120375,1,1,1987,0,12,0,0,0,0,0,0,0,0
120375,2,1,1987,0,24,12,0,0,0,0,0,0,0
120376,1,1,1987,0,0,0,21,19,16,0,15,22,13
120377,0,1,1987,0,0,0,0,0,0,0,10,0,0
120377,1,1,1987,0,0,0,0,0,0,0,0,0,0
120378,1,1,1987,0,0,0,0,0,0,0,0,0,0
120378,2,1,1987,0,0,0,0,0,0,0,0,0,0
120379,1,1,1987,10,0,0,15,7,6,17,13,23,0
120380,0,1,1987,46,27,21,18,22,18,28,26,22,14
120380,1,1,1987,0,0,0,0,0,0,0,0,0,0
120381,1,1,1987,0,0,0,0,0,0,0,0,0,0
120381,2,1,1987,11,0,0,0,0,0,0,0,9,0
120382,1,1,1987,0,0,0,0,0,0,0,0,0,0
120382,2,1,1987,0,0,0,0,0,0,0,0,0,0
120383,1,1,1987,0,0,0,21,14,0,6,0,14,0
120384,1,1,1987,24,24,24,24,24,24,24,24,24,24
120384,2,1,1987,0,0,0,0,0,0,0,0,0,0
120385,1,1,1987,0,0,0,0,0,0,0,0,0,0
120385,2,1,1987,0,0,0,0,0,0,0,0,0,0
120386,1,1,1987,0,0,0,0,18,0,19,0,0,0
120386,2,1,1987,0,0,0,0,0,0,0,0,0,0
120387,1,1,1987,0,0,0,0,0,0,0,0,0,0
120387,2,1,1987,0,0,0,0,0,0,0,0,0,0
120388,1,1,1987,12,12,8,0,0,14,14,0,15,0
120388,2,1,1987,0,0,0,11,6,21,0,0,10,6
120389,1,1,1987,0,0,0,0,0,0,0,0,0,10
120389,2,1,1987,44,0,0,0,0,0,0,10,24,0
120390,1,1,1987,0,0,0,0,0,0,0,0,0,0
120391,1,1,1987,14,13,20,16,7,31,28,11,23,13
120392,1,1,1987,9,14,4,16,14,14,25,8,18,24
120392,2,1,1987,0,18,0,0,0,0,0,0,0,0
120392,3,1,1987,0,0,0,0,0,0,0,8,0,0
120393,1,1,1987,0,0,0,0,0,0,0,0,0,0
120393,2,1,1987,14,14,42,13,14,16,20,17,15,11
120394,1,1,1987,28,28,28,28,28,28,28,28,28,28
120394,2,1,1987,10,0,3,4,21,0,0,8,17,0
120395,1,1,1987,8,8,8,8,8,8,8,8,8,8
120395,2,1,1987,0,0,0,0,0,0,0,0,0,17
120396,0,1,1987,30,30,30,30,30,30,30,30,30,30
120396,1,1,1987,0,0,0,0,0,0,0,0,4,0
120397,1,1,1987,9,0,0,0,0,0,0,0,21,0
120398,1,1,1987,0,0,0,0,0,0,0,0,0,0
120399,1,1,1987,0,0,0,0,0,0,0,0,0,0
120399,2,1,1987,0,0,0,0,0,0,0,0,0,0
120400,0,1,1987,0,0,0,0,0,12,0,0,0,0
120400,1,1,1987,0,0,0,0,0,0,0,0,0,0
120401,1,1,1987,0,0,0,0,0,0,0,0,0,0
120401,2,1,1987,0,0,0,0,0,0,0,0,0,0
120402,1,1,1987,9,9,9,9,9,9,9,9,9,9
120402,2,1,1987,0,0,0,0,0,0,0,0,0,0
120403,1,1,1987,0,0,0,0,0,0,0,0,0,0
120403,2,1,1987,0,0,0,0,0,0,0,0,0,0
120404,0,1,1987,32,32,32,32,32,32,32,32,32,32
120404,1,1,1987,0,0,0,0,0,0,0,0,0,0
120405,1,1,1987,27,0,0,0,0,0,15,0,0,0
120405,2,1,1987,0,0,0,0,0,0,0,0,0,0
120406,1,1,1987,0,0,0,0,0,0,0,0,0,0
120407,1,1,1987,11,11,11,11,11,11,11,11,11,11
120407,2,1,1987,0,0,0,0,3,0,0,0,9,0
120408,1,1,1987,17,0,13,23,20,10,0,18,25,16
120409,1,1,1987,22,19,16,14,34,10,7,0,14,3
120409,2,1,1987,0,0,0,0,0,0,0,0,0,0
120409,3,1,1987,0,0,0,0,0,0,0,0,0,0
120410,1,1,1987,0,0,0,0,0,0,0,0,0,0
120410,2,1,1987,0,0,0,0,0,0,0,0,0,0
120411,1,1,1987,0,0,0,0,0,0,0,0,0,0
120412,0,1,1987,8,8,8,8,8,8,8,8,8,8
120412,1,1,1987,0,0,0,0,0,0,0,0,0,0
120413,1,1,1987,0,0,0,0,0,0,0,0,0,0
120413,2,1,1987,0,0,0,0,0,0,0,0,0,0
120414,0,1,1987,0,0,0,0,0,0,0,0,0,0
120414,1,1,1987,0,0,0,0,0,0,0,0,0,0
120415,0,1,1987,0,0,0,0,0,0,0,0,0,0
120415,1,1,1987,0,0,0,0,0,0,0,0,0,0
120416,1,1,1987,6,0,0,0,19,23,0,18,0,0
120417,0,1,1987,0,0,0,0,0,0,0,0,0,0
120417,0,2,1987,0,0,0,0,0,0,0,0,0,0
120417,1,1,1987,0,0,0,0,0,0,0,0,0,0
120418,0,1,1987,32,38,24,26,12,14,16,38,13,33
120418,1,1,1987,0,12,0,0,0,0,0,0,0,0
120419,1,1,1987,0,0,0,0,0,0,0,0,0,0
120419,2,1,1987,0,18,10,0,11,7,4,20,12,24
120420,1,1,1987,24,24,24,24,24,24,24,24,24,24
120421,1,1,1987,0,0,0,0,0,0,0,0,0,0
120421,2,1,1987,0,0,0,0,0,0,0,0,0,0
120421,3,1,1987,0,0,0,0,0,0,0,0,0,0
120422,0,1,1987,0,0,0,0,0,0,0,0,0,0
120422,1,1,1987,22,22,22,22,22,22,22,22,22,22
120423,1,1,1987,13,13,13,13,13,13,13,13,13,13
120424,1,1,1987,0,15,22,0,11,0,16,6,0,21
120424,2,1,1987,0,0,0,0,0,0,0,0,0,0
120424,3,1,1987,0,0,0,0,0,0,0,0,0,0
120425,0,1,1987,10,11,8,21,4,0,0,17,0,0
120425,1,1,1987,10,0,0,0,0,0,0,0,0,0
120426,1,1,1987,0,0,0,0,22,0,0,0,0,0
120427,1,1,1987,0,0,0,0,0,0,12,0,0,0
120427,2,1,1987,0,8,0,0,0,0,0,0,0,0
120428,1,1,1987,21,21,21,21,21,21,21,21,21,21
120428,2,1,1987,0,0,0,0,0,0,0,0,0,0
120430,1,1,1987,0,0,0,0,0,0,0,6,0,0
120430,2,1,1987,0,0,0,0,0,0,0,0,0,0
120431,0,1,1987,18,18,18,18,18,18,18,18,18,18
120431,1,1,1987,21,19,24,16,11,17,0,7,4,5
120432,0,1,1987,28,28,28,28,28,28,28,28,28,28
120432,1,1,1987,0,0,0,0,0,0,0,0,0,0
120433,1,1,1987,4,4,4,4,4,4,4,4,4,4
120434,0,1,1987,0,0,0,0,0,0,0,0,0,0
120434,1,1,1987,0,0,0,0,0,0,0,0,0,0
120435,1,1,1987,0,0,24,0,0,0,0,0,0,0
120436,1,1,1987,0,0,0,5,0,0,0,0,0,0
120436,2,1,1987,0,0,0,0,0,0,0,0,0,0
120436,3,1,1987,0,0,0,0,0,0,0,0,0,0
120437,1,1,1987,20,8,20,15,21,9,17,25,13,7
120438,1,1,1987,17,15,29,0,17,0,0,0,0,0
120439,1,1,1987,3,3,3,3,3,3,3,3,3,3
120439,2,1,1987,0,0,0,0,15,0,0,0,0,0
120440,1,1,1987,0,0,0,0,0,0,0,0,0,0
120441,1,1,1987,0,0,0,0,0,0,0,0,0,0
120441,2,1,1987,0,0,0,0,0,0,0,0,0,0
120441,3,1,1987,0,0,0,0,0,0,0,0,0,0
120442,1,1,1987,0,0,15,36,11,25,28,0,12,16
120443,1,1,1987,16,16,16,16,16,16,16,16,16,16
120443,2,1,1987,0,0,0,0,0,0,0,0,0,0
120444,1,1,1987,0,0,0,0,0,0,0,0,0,0
120445,1,1,1987,0,7,0,0,0,0,0,0,0,0
120445,2,1,1987,6,6,6,6,6,6,6,6,6,6
120446,1,1,1987,16,16,16,16,16,16,16,16,16,16
120447,1,1,1987,21,21,21,21,21,21,21,21,21,21
120448,0,1,1987,0,0,0,0,0,0,0,0,0,0
120448,1,1,1987,0,0,0,0,0,0,0,0,0,12
120449,1,1,1987,0,19,6,0,12,0,0,0,0,0
120449,2,1,1987,0,0,0,0,0,0,0,0,0,0
120450,1,1,1987,27,27,27,27,27,27,27,27,27,27
120451,1,1,1987,7,7,7,7,7,7,7,7,7,7
120451,2,1,1987,0,0,0,0,0,0,0,0,0,0
120452,0,1,1987,0,0,0,0,0,0,0,0,0,0
120452,1,1,1987,0,0,0,0,0,0,0,0,0,0
120453,1,1,1987,13,13,13,13,13,13,13,13,13,13
120454,0,1,1987,0,0,0,0,0,0,0,0,0,0
120454,1,1,1987,0,0,0,0,0,0,0,0,0,0
120455,0,1,1987,24,24,24,24,24,24,24,24,24,24
120455,1,1,1987,8,14,20,23,13,4,10,17,21,0
120456,1,1,1987,23,23,23,23,23,23,23,23,23,23
120456,2,1,1987,0,0,0,0,0,0,0,0,0,0
120457,1,1,1987,10,11,15,19,7,23,15,10,5,26
120457,2,1,1987,16,6,5,0,8,7,23,27,19,17
120458,1,1,1987,0,14,0,0,0,0,0,0,0,0
120458,2,1,1987,0,0,0,0,0,0,0,0,0,17
120459,0,1,1987,30,13,25,10,17,18,23,17,14,35
120459,1,1,1987,0,0,0,0,0,0,0,0,0,0
120460,0,1,1987,18,0,0,0,0,32,19,0,33,20
120460,1,1,1987,0,0,0,0,0,0,0,0,0,0
120461,1,1,1987,0,0,0,0,0,0,0,0,0,0
120462,1,1,1987,17,17,17,17,17,17,17,17,17,17
120463,1,1,1987,26,26,26,26,26,26,26,26,26,26
120464,1,1,1987,0,0,0,0,0,0,0,0,0,0
120465,1,1,1987,23,23,23,23,23,23,23,23,23,23
120466,1,1,1987,0,0,0,0,0,12,0,0,0,0
120466,2,1,1987,0,0,0,0,0,0,0,0,0,0
120467,1,1,1987,16,16,16,16,16,16,16,16,16,16
120467,2,1,1987,19,19,19,19,19,19,19,19,19,19
120467,3,1,1987,10,15,23,13,14,26,10,18,9,16
120468,1,1,1987,0,0,0,0,0,0,0,0,0,0
120468,2,1,1987,33,33,33,33,33,33,33,33,33,33
120469,0,1,1987,16,16,16,16,16,16,16,16,16,16
120469,1,1,1987,0,0,0,0,0,0,0,0,0,4
120470,0,1,1987,0,4,11,0,0,0,0,15,0,0
120470,1,1,1987,19,19,27,11,2,0,21,3,6,10
120470,2,1,1987,11,20,13,5,18,13,5,0,0,0
120471,1,1,1987,1,1,1,1,1,1,1,1,1,1
120472,0,1,1987,0,0,0,0,0,0,0,0,0,0
120472,1,1,1987,0,0,0,0,0,0,0,0,0,0
120473,1,1,1987,17,17,17,17,17,17,17,17,17,17
120474,0,1,1987,25,25,25,25,25,25,25,25,25,25
120474,1,1,1987,0,0,0,0,0,0,7,0,0,0
120475,1,1,1987,23,23,23,23,23,23,23,23,23,23