ST_CASE,VEH_NO,PER_NO,YEAR,P1,P2,P3,P4,P5,P6,P7,P8,P9,P10
120733,1,1,1987,16,16,16,16,16,16,16,16,16,16
120733,2,1,1987,0,0,0,0,0,0,0,0,0,0
120734,1,1,1987,18,18,18,18,18,18,18,18,18,18
120735,0,1,1987,2,2,2,2,2,2,2,2,2,2
120735,1,1,1987,10,10,10,10,10,10,10,10,10,10
120736,1,1,1987,0,0,0,0,0,0,0,0,0,0
120736,2,1,1987,0,0,0,0,0,0,0,0,0,0
120736,3,1,1987,0,0,0,0,0,0,0,0,0,0
120736,4,1,1987,0,0,0,0,27,0,0,0,0,0
120737,0,1,1987,2,2,2,2,2,2,2,2,2,2
120737,1,1,1987,0,0,0,0,0,0,0,0,0,0
120738,0,1,1987,0,4,0,0,0,0,0,0,11,0
120738,1,1,1987,0,0,0,0,0,0,0,0,0,0
120739,1,1,1987,0,0,0,0,0,0,0,0,0,0
120739,2,1,1987,3,3,3,3,3,3,3,3,3,3
120740,1,1,1987,0,3,0,0,0,0,0,12,0,0
120740,2,1,1987,0,0,0,0,0,7,0,0,0,0
120740,3,1,1987,0,0,0,0,0,0,0,0,0,0
120742,0,1,1987,0,0,0,0,0,0,0,0,0,0
120742,1,1,1987,0,0,0,0,0,0,25,0,11,0
120742,2,1,1987,0,0,0,0,0,0,0,0,0,0
120743,0,1,1987,18,18,18,18,18,18,18,18,18,18
120743,1,1,1987,0,0,0,0,0,0,0,0,0,0
120744,0,1,1987,0,0,0,0,0,0,0,0,0,0
120744,0,2,1987,0,9,0,5,0,8,0,0,0,0
120744,1,1,1987,0,0,0,0,0,0,0,0,0,0
120745,1,1,1987,24,24,24,24,24,24,24,24,24,24
120745,2,1,1987,0,0,0,0,0,0,0,0,0,0
120746,1,1,1987,22,22,22,22,22,22,22,22,22,22
120746,2,1,1987,23,0,0,0,0,0,0,0,0,0
120747,0,1,1987,0,0,0,0,0,0,0,0,0,0
120747,1,1,1987,0,0,0,0,0,0,0,0,0,0
120748,1,1,1987,0,0,0,0,0,0,0,0,0,0
120749,0,1,1987,14,0,0,0,0,10,9,0,0,9
120749,1,1,1987,20,22,13,22,13,9,11,9,7,17
120750,0,1,1987,0,0,0,0,15,0,13,0,0,0
120750,1,1,1987,0,0,0,0,0,0,0,0,0,0
120751,1,1,1987,9,7,12,14,24,4,7,7,20,3
120751,2,1,1987,0,0,0,0,0,0,0,0,0,0
120753,1,1,1987,12,12,12,12,12,12,12,12,12,12
120754,1,1,1987,1,1,1,1,1,1,1,1,1,1
120754,2,1,1987,0,0,0,0,0,0,0,0,0,0
120755,1,1,1987,16,16,16,16,16,16,16,16,16,16
120756,1,1,1987,0,0,0,0,5,0,0,0,0,0
120756,2,1,1987,0,0,0,0,0,0,0,0,0,0
120757,1,1,1987,0,0,0,0,0,0,0,0,0,0
120757,2,1,1987,0,0,0,0,0,0,0,0,0,11
120758,1,1,1987,22,22,22,22,22,22,22,22,22,22
120759,1,1,1987,19,19,19,19,19,19,19,19,19,19
120759,2,1,1987,0,0,0,0,0,0,0,0,13,0
120759,3,1,1987,0,0,0,0,0,0,0,0,0,0
120760,0,1,1987,6,6,6,6,6,6,6,6,6,6
120760,1,1,1987,0,29,0,26,0,0,0,0,17,0
120761,0,1,1987,0,0,0,0,0,6,0,9,0,0
120761,0,2,1987,0,0,0,0,0,0,0,0,0,0
120762,1,1,1987,0,0,0,0,0,0,0,0,0,0
120762,2,1,1987,0,0,0,0,0,0,0,0,0,0
120763,1,1,1987,0,0,0,0,0,0,0,0,0,0
120763,2,1,1987,0,0,0,0,0,0,0,0,0,0
120764,1,1,1987,0,0,0,0,0,0,0,0,0,0
120764,2,1,1987,0,0,0,0,0,0,0,0,0,0
120764,3,1,1987,0,0,0,0,0,0,0,0,0,0
120765,1,1,1987,10,0,0,0,0,0,0,0,9,0
120766,1,1,1987,0,0,0,0,0,0,0,0,0,0
120766,2,1,1987,0,0,0,0,0,0,0,0,0,0
120767,1,1,1987,17,0,0,0,0,0,0,0,0,7
120768,1,1,1987,14,14,14,14,14,14,14,14,14,14
120768,2,1,1987,0,0,0,0,0,0,0,0,0,0
120769,1,1,1987,0,0,0,0,0,0,18,0,0,0
120769,2,1,1987,0,0,0,0,0,0,0,0,0,0
120770,1,1,1987,0,0,0,0,0,0,0,0,0,0
120771,1,1,1987,0,0,0,0,0,0,0,0,0,0
120771,2,1,1987,0,0,0,0,0,0,0,0,0,0
120772,1,1,1987,0,0,0,0,0,0,0,0,0,0
120772,2,1,1987,0,0,0,0,0,0,0,0,0,0
120773,1,1,1987,0,0,0,0,0,0,0,0,0,0
120773,2,1,1987,0,0,0,0,0,0,0,0,0,0
120774,1,1,1987,0,0,0,0,0,0,0,0,0,0
120774,2,1,1987,0,0,0,0,0,0,0,0,0,0
120775,1,1,1987,0,0,0,0,0,0,0,0,0,0
120775,2,1,1987,0,0,0,0,0,0,0,0,0,0
120775,3,1,1987,0,0,0,0,0,0,0,0,0,0
120776,0,1,1987,0,0,0,0,0,0,0,0,0,0
120776,1,1,1987,0,0,0,0,0,0,0,0,0,0
120777,1,1,1987,6,6,6,6,6,6,6,6,6,6
120778,1,1,1987,21,22,21,17,39,6,23,34,22,13
120778,2,1,1987,0,0,0,0,0,0,0,0,0,0
120779,1,1,1987,0,0,0,0,0,0,16,0,0,0
120780,0,1,1987,23,23,23,23,23,23,23,23,23,23
120780,1,1,1987,0,0,0,0,0,0,0,0,0,0
120781,1,1,1987,0,0,0,0,0,0,0,0,0,0
120781,2,1,1987,0,0,0,0,0,0,0,0,0,0
120782,1,1,1987,25,25,25,25,25,25,25,25,25,25
120783,0,1,1987,0,34,0,0,26,0,0,22,0,15
120783,1,1,1987,12,0,12,0,19,0,0,0,14,35
120784,1,1,1987,20,20,20,20,20,20,20,20,20,20
120784,2,1,1987,0,0,14,0,0,0,0,0,0,18
120785,0,1,1987,10,0,0,0,4,0,0,0,0,0
120785,1,1,1987,9,9,9,9,9,9,9,9,9,9
120786,1,1,1987,0,0,0,0,0,0,0,0,0,0
120786,2,1,1987,0,0,0,0,0,0,0,0,0,0
120787,1,1,1987,0,0,0,0,0,0,0,0,0,0
120787,2,1,1987,0,0,0,0,0,0,0,0,0,0
120788,0,1,1987,18,15,24,37,0,13,27,34,18,49
120788,1,1,1987,15,7,13,26,15,19,6,0,10,18
120789,1,1,1987,22,22,22,22,22,22,22,22,22,22
120790,1,1,1987,0,0,0,0,0,0,0,0,0,0
120790,2,1,1987,0,0,0,0,0,0,0,0,0,0
120790,3,1,1987,0,0,0,0,0,0,0,0,0,0
120791,1,1,1987,0,0,11,0,0,0,0,0,5,0
120791,2,1,1987,0,0,0,0,0,0,0,0,0,0
120792,1,1,1987,0,0,0,0,0,0,0,0,0,0
120792,2,1,1987,29,29,29,29,29,29,29,29,29,29
120793,1,1,1987,0,0,0,0,0,0,0,0,0,0
120793,2,1,1987,0,0,0,0,0,0,0,0,0,0
120793,3,1,1987,0,0,0,0,0,0,0,0,0,0
120794,0,1,1987,28,28,28,28,28,28,28,28,28,28
120794,1,1,1987,0,0,0,0,0,0,0,0,0,0
120795,1,1,1987,0,0,0,0,0,0,0,0,0,0
120795,2,1,1987,0,10,0,19,0,0,0,0,0,0
120796,1,1,1987,0,0,0,0,0,0,0,0,0,0
120797,1,1,1987,25,25,25,25,25,25,25,25,25,25
120798,1,1,1987,13,0,17,0,0,22,13,11,13,18
120799,1,1,1987,20,20,20,20,20,20,20,20,20,20
120801,2,1,1987,19,19,19,19,19,19,19,19,19,19
120802,0,1,1987,0,0,0,0,0,0,0,0,0,0
120802,1,1,1987,0,0,7,0,0,0,0,0,0,0
120803,1,1,1987,0,0,10,0,0,0,0,0,20,0
120803,2,1,1987,27,11,10,10,3,11,0,13,0,0
120804,0,1,1987,35,35,35,35,35,35,35,35,35,35
120804,1,1,1987,0,0,0,0,0,0,0,0,0,0
120805,1,1,1987,24,20,16,8,14,10,0,13,28,8
120806,1,1,1987,0,0,0,0,0,0,0,0,0,0
120806,2,1,1987,0,0,0,0,0,0,0,0,0,0
120807,1,1,1987,10,17,7,0,21,22,0,17,20,18
120807,2,1,1987,13,19,13,11,13,15,18,11,14,14
120808,1,1,1987,11,11,11,11,11,11,11,11,11,11
120809,1,1,1987,17,17,17,17,17,17,17,17,17,17
120811,1,1,1987,0,0,0,0,0,0,0,0,0,0
120812,1,1,1987,0,13,0,0,0,0,11,0,0,21
120813,1,1,1987,0,0,0,0,0,0,0,0,0,0
120813,2,1,1987,0,0,0,0,0,0,0,0,0,0
120814,1,1,1987,0,14,11,24,13,29,21,14,8,22
120815,1,1,1987,0,0,0,0,0,0,0,0,0,0
120816,1,1,1987,0,0,0,8,23,0,0,0,0,0
120816,2,1,1987,0,17,0,0,0,0,0,0,3,9
120817,1,1,1987,0,0,0,0,0,0,0,0,0,0
120817,2,1,1987,0,0,0,0,25,0,0,0,0,0
120817,3,1,1987,0,0,19,0,0,0,0,0,0,0
120818,1,1,1987,29,29,29,29,29,29,29,29,29,29
120818,2,1,1987,0,0,0,0,0,0,0,0,0,0
120819,1,1,1987,0,0,0,0,0,0,0,0,0,0
120819,2,1,1987,0,0,0,0,0,0,0,0,0,0
120820,0,1,1987,0,0,3,0,0,0,0,7,7,0
120820,1,1,1987,0,0,0,0,0,0,0,0,0,0
120821,1,1,1987,10,10,10,10,10,10,10,10,10,10
120822,1,1,1987,0,0,0,0,0,0,0,0,0,0
120823,1,1,1987,0,0,0,0,0,0,0,0,0,0
120824,1,1,1987,0,0,15,0,0,0,0,0,0,0
120824,2,1,1987,0,0,0,0,0,0,0,0,0,0
120824,3,1,1987,0,0,0,0,0,0,0,0,0,0
120825,1,1,1987,0,0,0,0,0,0,0,0,0,0
120825,2,1,1987,0,0,0,0,0,0,0,0,0,0
120826,0,1,1987,0,0,0,0,0,0,0,0,0,0
120826,1,1,1987,0,0,0,0,0,0,0,0,0,0
120827,0,1,1987,0,0,0,0,0,0,0,0,0,0
120827,1,1,1987,0,0,0,0,0,0,0,0,0,0
120828,1,1,1987,24,12,33,5,37,12,20,20,0,19
120829,1,1,1987,0,0,13,21,38,4,0,26,0,14
120830,1,1,1987,20,20,20,20,20,20,20,20,20,20
120831,1,1,1987,36,36,36,36,36,36,36,36,36,36
120832,0,1,1987,12,12,12,12,12,12,12,12,12,12
120832,1,1,1987,0,0,0,0,0,0,0,0,0,0
120833,1,1,1987,0,0,0,0,0,0,0,0,0,0
120833,2,1,1987,0,0,0,0,0,0,0,0,31,0
120833,3,1,1987,0,0,0,0,0,0,0,0,0,0
120834,1,1,1987,15,15,15,15,15,15,15,15,15,15
120835,0,1,1987,25,25,25,25,25,25,25,25,25,25
120835,1,1,1987,0,0,0,0,0,0,0,0,0,0
120836,0,1,1987,0,0,0,0,0,0,0,0,0,0
120836,1,1,1987,0,0,0,0,0,0,0,0,0,0
120837,1,1,1987,0,0,0,0,0,0,0,0,0,0
120837,2,1,1987,0,0,0,0,0,0,0,0,0,0
120838,1,1,1987,6,6,6,6,6,6,6,6,6,6
120839,1,1,1987,4,4,4,4,4,4,4,4,4,4
120840,1,1,1987,34,34,34,34,34,34,34,34,34,34
120840,2,1,1987,0,0,0,0,0,0,0,0,0,0
120841,1,1,1987,0,0,0,0,0,0,0,0,0,0
120841,2,1,1987,0,0,0,0,0,0,0,0,0,0
120842,0,1,1987,0,0,0,0,0,0,0,0,0,0
120842,1,1,1987,11,5,31,0,9,12,0,4,18,0
120843,1,1,1987,25,22,10,26,16,13,39,22,14,34
120844,1,1,1987,0,0,0,0,0,0,0,0,0,0
120844,2,1,1987,12,12,12,12,12,12,12,12,12,12
120845,1,1,1987,6,29,16,0,10,17,33,0,21,0
120846,0,1,1987,16,16,16,16,16,16,16,16,16,16
120846,1,1,1987,0,0,0,0,0,16,0,0,0,0
120847,1,1,1987,0,0,0,0,0,0,0,0,0,0
120848,1,1,1987,0,0,0,0,0,0,0,0,0,0
120848,2,1,1987,0,0,0,0,0,0,0,0,0,0
120849,1,1,1987,0,0,0,0,5,0,0,0,0,0
120849,2,1,1987,0,0,0,0,0,0,0,0,0,0
120850,1,1,1987,8,16,10,18,14,0,0,4,18,14
120851,1,1,1987,0,0,0,0,0,0,0,0,0,0
120851,2,1,1987,0,0,0,0,0,0,0,0,0,0
120852,1,1,1987,0,0,0,0,13,0,0,0,0,0
120852,2,1,1987,0,0,0,0,0,0,0,0,0,0
120852,3,1,1987,0,0,0,0,0,0,0,0,0,0
120853,1,1,1987,0,0,0,0,0,0,0,0,0,0
120853,2,1,1987,0,0,0,0,0,0,0,0,0,0
120854,1,1,1987,17,16,0,8,7,13,12,14,25,21
120854,2,1,1987,0,0,0,0,0,0,0,0,0,0
120854,3,1,1987,0,0,0,0,0,0,0,0,0,0
120855,1,1,1987,8,8,8,8,8,8,8,8,8,8
120855,2,1,1987,3,3,3,3,3,3,3,3,3,3
120856,1,1,1987,0,0,0,0,0,0,0,0,0,0
120856,2,1,1987,0,0,0,0,0,0,0,0,0,0
120857,0,1,1987,25,25,25,25,25,25,25,25,25,25
120857,1,1,1987,0,0,0,0,0,5,0,0,0,0
120858,1,1,1987,0,0,0,0,0,0,0,0,0,0
120859,1,1,1987,0,0,0,0,0,0,0,0,0,0
120859,2,1,1987,0,0,0,0,0,0,0,0,0,0
120860,1,1,1987,0,0,0,0,0,0,0,0,0,0
120861,1,1,1987,0,0,0,28,8,0,0,0,0,0
120862,1,1,1987,0,0,0,0,0,0,0,0,0,0
120862,2,1,1987,0,0,0,0,0,0,0,0,0,0
120863,1,1,1987,7,22,0,10,6,14,19,23,5,19
120863,2,1,1987,0,0,0,0,0,0,0,0,0,0
120863,3,1,1987,0,0,0,0,0,0,0,0,0,0
120864,1,1,1987,11,11,11,11,11,11,11,11,11,11
120864,2,1,1987,0,0,0,0,0,0,0,0,0,0
120865,1,1,1987,0,0,0,0,23,0,15,0,0,0
120865,2,1,1987,0,0,0,0,0,0,0,0,0,0
120866,1,1,1987,2,2,2,2,2,2,2,2,2,2
120867,1,1,1987,0,0,0,0,0,0,0,0,0,0
120867,2,1,1987,0,0,0,0,0,0,0,0,0,0
120868,1,1,1987,9,14,4,19,9,9,7,12,19,3
120869,0,1,1987,0,0,0,14,10,0,20,0,0,0
120869,1,1,1987,15,14,22,11,5,7,19,10,18,23
120870,1,1,1987,21,21,21,21,21,21,21,21,21,21
120871,1,1,1987,25,25,25,25,25,25,25,25,25,25
120871,2,1,1987,2,2,2,2,2,2,2,2,2,2
120873,1,1,1987,0,0,0,0,0,0,0,11,0,3
120874,1,1,1987,16,16,16,16,16,16,16,16,16,16
120875,1,1,1987,22,22,22,22,22,22,22,22,22,22
120876,1,1,1987,0,0,0,0,0,0,0,0,0,0
120876,2,1,1987,0,0,0,0,0,3,0,0,0,0
120877,1,1,1987,20,20,20,20,20,20,20,20,20,20
120878,1,1,1987,6,6,6,6,6,6,6,6,6,6
120879,1,1,1987,13,13,13,13,13,13,13,13,13,13
120880,0,1,1987,0,9,0,2,0,0,0,0,2,0
120880,1,1,1987,9,18,22,15,21,16,18,20,27,10
120881,0,1,1987,0,0,0,0,0,0,0,0,0,0
120881,1,1,1987,0,0,0,0,0,0,0,0,0,0
120882,0,1,1987,0,0,0,17,0,25,13,0,0,0
120882,1,1,1987,0,0,0,2,0,0,0,0,0,0
120883,0,1,1987,21,0,0,0,0,0,0,0,0,0
120883,1,1,1987,0,0,0,0,0,0,0,0,0,0
120884,1,1,1987,19,19,19,19,19,19,19,19,19,19
120885,1,1,1987,20,20,20,20,20,20,20,20,20,20
120885,2,1,1987,12,12,12,12,12,12,12,12,12,12
120886,1,1,1987,24,24,24,24,24,24,24,24,24,24
120887,1,1,1987,0,0,0,0,0,0,0,0,0,0
120887,2,1,1987,0,0,0,13,0,0,0,0,0,0
120888,0,1,1987,39,39,39,39,39,39,39,39,39,39
120888,0,2,1987,0,0,0,4,14,0,0,17,33,0
120888,1,1,1987,3,0,0,15,5,0,22,22,14,19
120889,1,1,1987,0,0,0,4,0,0,0,0,0,0
120890,1,1,1987,12,12,12,12,12,12,12,12,12,12
120890,2,1,1987,0,0,0,0,0,0,0,0,0,0
120891,1,1,1987,0,0,0,0,0,0,0,0,0,0
120891,2,1,1987,0,0,0,0,0,0,0,0,0,0
120892,1,1,1987,19,11,7,7,24,8,7,9,15,14
120892,2,1,1987,0,0,0,0,0,0,0,0,0,0
120893,1,1,1987,20,20,20,20,20,20,20,20,20,20
120894,1,1,1987,3,3,3,3,3,3,3,3,3,3
120894,2,1,1987,0,0,0,0,0,0,0,21,0,0
120895,1,1,1987,0,0,0,0,0,0,0,0,0,0
120896,1,1,1987,0,0,0,11,0,0,0,0,0,0
120896,2,1,1987,0,0,0,0,0,0,0,0,0,0
120896,3,1,1987,0,0,0,0,0,0,0,0,0,0
120897,1,1,1987,0,0,0,0,0,0,0,0,0,0
120897,2,1,1987,0,0,0,0,0,0,0,0,0,0
120897,3,1,1987,0,0,0,0,0,0,0,0,0,0
120898,1,1,1987,9,9,9,9,9,9,9,9,9,9
120899,1,1,1987,0,0,0,0,0,0,0,0,0,0
120899,2,1,1987,0,0,0,0,0,0,0,0,0,0
120900,0,1,1987,27,0,0,0,0,0,0,0,0,0
120900,1,1,1987,0,0,0,0,0,0,0,0,0,0
120900,2,1,1987,0,0,0,0,0,0,0,0,0,0
120901,0,1,1987,29,0,7,36,11,11,16,7,0,16
120901,1,1,1987,0,0,0,0,0,0,0,0,0,9
120902,1,1,1987,0,0,3,15,0,0,0,0,0,0
120902,2,1,1987,0,0,0,0,0,0,0,0,0,0
120903,1,1,1987,0,0,0,0,0,0,0,0,0,0
120903,2,1,1987,0,0,0,0,0,0,0,0,0,0
120903,3,1,1987,0,0,0,0,0,0,0,0,0,0
120904,0,1,1987,11,11,11,11,11,11,11,11,11,11
120904,1,1,1987,0,0,0,0,0,0,0,0,0,0
120905,1,1,1987,11,8,24,12,6,33,39,11,23,17
120906,1,1,1987,0,0,0,0,0,0,0,0,0,0
120906,2,1,1987,0,0,0,0,0,0,0,0,0,0
120907,1,1,1987,22,22,22,22,22,22,22,22,22,22
120907,2,1,1987,0,0,0,0,0,0,0,0,0,0
120909,1,1,1987,0,0,0,24,0,0,0,0,0,0
120910,1,1,1987,0,0,0,0,0,0,0,0,0,21
120910,2,1,1987,0,0,0,0,0,0,0,9,0,0
120911,1,1,1987,0,0,0,0,0,0,0,0,0,0
120911,2,1,1987,0,0,0,0,0,0,0,0,0,0
120912,1,1,1987,20,28,29,13,0,0,15,20,13,31
120912,2,1,1987,0,0,0,0,0,0,0,0,0,0
120913,1,1,1987,0,0,0,0,0,0,0,0,0,0
120913,2,1,1987,0,0,0,0,0,0,0,0,0,0
120914,1,1,1987,23,23,23,23,23,23,23,23,23,23
120914,2,1,1987,0,0,0,0,0,0,0,0,0,0
120915,0,1,1987,6,0,0,0,0,36,0,4,0,0
120915,1,1,1987,0,0,0,0,0,0,0,0,0,0
120916,1,1,1987,0,0,0,0,0,0,0,0,0,0
120916,2,1,1987,0,0,0,0,0,0,0,0,0,0
120916,3,1,1987,0,0,0,0,0,0,0,0,0,0
120917,1,1,1987,0,0,0,0,0,0,0,0,0,0
120917,2,1,1987,0,0,0,0,0,0,0,0,0,0
120918,1,1,1987,0,0,0,0,0,0,0,0,0,0
120919,0,1,1987,0,0,0,0,0,0,0,0,0,0
120919,1,1,1987,17,0,0,0,0,0,0,0,0,0
120920,1,1,1987,8,8,8,8,8,8,8,8,8,8
120921,1,1,1987,11,11,11,11,11,11,11,11,11,11
120922,1,1,1987,0,0,0,0,0,0,0,0,0,0
120922,2,1,1987,0,0,0,0,0,0,0,0,0,0
120923,1,1,1987,0,0,0,19,0,0,0,0,0,0
120923,2,1,1987,0,0,0,0,0,0,0,0,0,0
120924,1,1,1987,15,8,19,17,28,28,24,3,30,0
120925,1,1,1987,0,0,7,0,18,0,27,0,0,0
120926,1,1,1987,14,39,7,13,8,16,9,0,11,9
120926,2,1,1987,0,0,0,0,0,0,0,0,0,0
120927,1,1,1987,28,0,0,0,0,7,0,0,0,0
120928,1,1,1987,0,0,0,0,0,0,0,0,0,0
120928,2,1,1987,0,0,0,0,0,0,0,0,0,0
120928,3,1,1987,0,0,0,0,0,0,0,0,0,0
120929,1,1,1987,4,4,4,4,4,4,4,4,4,4
120929,2,1,1987,33,33,33,33,33,33,33,33,33,33
120930,1,1,1987,0,0,0,0,25,0,24,0,11,17
120931,0,1,1987,4,4,4,4,4,4,4,4,4,4
120931,1,1,1987,0,0,19,0,0,0,0,17,0,0
120932,1,1,1987,0,0,0,0,0,0,0,0,0,0
120932,2,1,1987,0,0,0,0,0,0,0,0,0,0
120933,1,1,1987,0,0,0,0,0,0,0,0,0,0
120933,2,1,1987,0,0,0,0,0,0,0,0,0,0
120934,1,1,1987,0,0,0,0,0,0,0,0,0,0
120934,2,1,1987,6,6,6,6,6,6,6,6,6,6
120935,1,1,1987,15,0,0,0,0,0,0,0,8,0
120935,2,1,1987,24,24,24,24,24,24,24,24,24,24
120936,1,1,1987,29,14,34,22,21,22,19,34,30,19
120937,1,1,1987,15,15,15,15,15,15,15,15,15,15
120938,1,1,1987,2,2,2,2,2,2,2,2,2,2
120939,1,1,1987,0,0,0,0,0,0,0,0,0,0
120939,2,1,1987,0,0,0,0,0,0,0,0,0,0
120940,0,1,1987,13,0,0,0,0,0,0,0,29,9
120940,1,1,1987,21,40,6,0,0,20,0,0,0,11
120941,1,1,1987,19,19,19,19,19,19,19,19,19,19
120942,1,1,1987,21,21,21,21,21,21,21,21,21,21
120943,1,1,1987,4,4,4,4,4,4,4,4,4,4
120943,2,1,1987,16,20,53,22,18,9,0,21,16,0
120943,3,1,1987,7,16,28,14,6,8,11,8,16,22
120943,4,1,1987,0,0,10,0,0,9,9,0,0,0
120944,0,1,1987,0,0,0,0,0,0,0,0,0,0
120944,1,1,1987,25,0,0,13,9,30,33,0,21,21
120944,2,1,1987,0,6,0,23,0,5,0,10,0,16
120945,1,1,1987,16,24,26,30,20,14,34,17,28,10
120946,1,1,1987,0,0,0,0,0,0,0,0,0,0
120946,2,1,1987,0,0,0,0,0,0,0,0,0,0
120947,1,1,1987,0,0,0,0,0,6,0,0,0,0
120947,2,1,1987,0,0,0,0,0,0,0,0,0,0
120948,1,1,1987,9,9,9,9,9,9,9,9,9,9
120948,2,1,1987,22,22,22,22,22,22,22,22,22,22
120949,1,1,1987,25,25,25,25,25,25,25,25,25,25
120950,1,1,1987,2,2,2,2,2,2,2,2,2,2
120950,2,1,1987,0,0,0,0,0,0,0,0,0,0
120951,1,1,1987,0,0,0,0,0,0,0,0,0,0
120951,2,1,1987,0,0,0,0,0,0,0,0,0,0
120952,0,1,1987,0,0,0,0,0,0,0,0,0,0
120952,1,1,1987,16,0,11,38,0,0,0,24,14,0
120953,1,1,1987,10,10,10,10,10,10,10,10,10,10
120954,1,1,1987,25,25,25,25,25,25,25,25,25,25
120955,1,1,1987,22,22,22,22,22,22,22,22,22,22
120957,1,1,1987,0,0,0,0,0,0,0,0,0,0
120957,2,1,1987,0,12,0,0,25,0,0,11,0,0
120958,1,1,1987,0,0,0,0,0,0,0,0,0,0
120959,1,1,1987,0,0,0,0,0,0,0,0,0,0
120959,2,1,1987,0,0,0,14,0,0,0,0,0,0
120960,1,1,1987,0,0,0,0,0,0,0,0,0,0
120960,2,1,1987,0,0,0,0,0,0,0,0,0,0
120961,1,1,1987,0,0,0,0,0,0,0,0,0,0
120961,2,1,1987,0,0,0,0,0,0,0,0,0,0
120962,1,1,1987,19,19,19,19,19,19,19,19,19,19
120963,1,1,1987,9,9,9,9,9,9,9,9,9,9
120964,0,1,1987,45,45,45,45,45,45,45,45,45,45
120964,1,1,1987,0,0,0,0,0,0,0,0,0,0
120965,1,1,1987,0,0,0,0,0,0,0,0,0,0
120965,2,1,1987,0,0,0,0,0,0,0,0,0,0
120966,0,1,1987,0,0,0,0,0,0,0,0,0,0
120966,1,1,1987,0,0,0,0,0,0,0,0,0,0
120967,1,1,1987,14,14,14,14,14,14,14,14,14,14
120968,1,1,1987,11,11,18,16,23,23,22,29,26,24
120968,2,1,1987,0,0,0,0,0,0,0,0,0,0
120969,1,1,1987,8,8,8,8,8,8,8,8,8,8
120970,1,1,1987,18,18,18,18,18,18,18,18,18,18
120971,1,1,1987,13,25,0,0,0,0,0,0,0,0
120971,2,1,1987,0,0,0,0,0,0,0,0,0,0
120971,3,1,1987,0,0,0,0,0,0,7,0,0,0
120972,0,1,1987,0,0,0,19,0,26,7,0,0,9
120972,1,1,1987,26,24,0,0,0,15,0,0,22,18
120974,1,1,1987,0,0,0,0,0,0,0,0,0,0
120974,2,1,1987,2,2,2,2,2,2,2,2,2,2
120975,1,1,1987,25,0,19,0,0,0,0,0,10,0
120977,1,1,1987,18,0,0,0,8,15,14,0,11,8
120977,2,1,1987,0,0,0,0,0,0,0,0,0,0
120977,3,1,1987,0,0,0,0,0,0,0,13,0,0
120978,1,1,1987,13,13,13,13,13,13,13,13,13,13
120979,1,1,1987,17,0,17,30,33,2,17,25,23,20
120980,1,1,1987,12,12,12,12,12,12,12,12,12,12
120980,2,1,1987,16,16,16,16,16,16,16,16,16,16
120981,1,1,1987,23,0,21,16,0,0,0,17,0,28
120981,2,1,1987,17,0,0,0,18,0,17,0,22,0
120982,1,1,1987,13,19,25,15,13,12,20,18,9,25
120983,1,1,1987,0,0,0,0,0,0,0,0,0,0
120983,2,1,1987,0,0,0,0,0,6,0,0,0,0
120984,1,1,1987,0,0,0,0,0,0,0,0,0,0
120984,2,1,1987,0,0,0,0,0,0,0,0,0,0
120985,1,1,1987,10,10,10,10,10,10,10,10,10,10
120985,2,1,1987,0,0,0,0,0,0,0,0,0,0
120986,1,1,1987,0,0,0,0,0,0,0,0,0,0
120986,2,1,1987,0,0,0,0,0,0,0,0,0,0
120987,0,1,1987,29,29,29,29,29,29,29,29,29,29
120987,1,1,1987,8,21,29,0,13,20,19,0,12,41
120988,1,1,1987,15,15,15,15,15,15,15,15,15,15
120989,1,1,1987,11,14,15,9,8,10,25,13,12,0
120989,2,1,1987,0,0,0,0,0,0,0,0,0,0
120990,1,1,1987,14,14,14,14,14,14,14,14,14,14
120991,1,1,1987,4,0,0,0,0,0,0,0,0,0
120991,2,1,1987,0,0,0,0,0,0,0,0,0,0
120992,1,1,1987,0,0,0,0,0,0,0,0,0,0
120992,2,1,1987,0,0,0,0,0,0,0,0,0,0
120992,3,1,1987,0,0,0,0,0,0,0,0,0,0
120992,4,1,1987,0,0,0,0,0,0,0,0,0,0
120993,0,1,1987,0,0,0,0,0,0,0,0,0,0
120993,1,1,1987,0,0,0,0,0,0,0,0,0,0
120994,0,1,1987,16,18,34,40,15,17,12,19,37,19
120994,1,1,1987,33,30,13,0,10,18,14,8,14,10
120995,1,1,1987,0,0,0,0,0,0,0,0,0,0
120995,2,1,1987,0,0,0,0,0,0,0,0,0,0
120996,0,1,1987,0,0,0,0,0,0,0,0,0,0
120996,1,1,1987,0,0,23,0,0,0,0,0,0,25
120997,0,1,1987,36,36,36,36,36,36,36,36,36,36
120997,1,1,1987,0,0,0,0,0,0,0,0,0,0
120998,1,1,1987,1,1,1,1,1,1,1,1,1,1
120998,2,1,1987,0,0,0,0,0,0,0,0,0,0
120999,1,1,1987,18,18,18,18,18,18,18,18,18,18
121000,1,1,1987,0,12,0,0,0,32,0,0,0,0
121000,2,1,1987,0,0,0,0,0,0,0,0,0,0
121000,3,1,1987,0,0,0,0,0,0,0,0,0,0
121001,1,1,1987,8,6,18,27,4,15,2,17,14,13