ST_CASE,VEH_NO,PER_NO,YEAR,P1,P2,P3,P4,P5,P6,P7,P8,P9,P10
121001,2,1,1987,0,0,0,0,0,0,0,0,0,0
121002,1,1,1987,0,0,0,0,0,0,0,0,0,0
121002,2,1,1987,32,32,32,32,32,32,32,32,32,32
121003,1,1,1987,0,0,0,0,0,0,0,0,0,0
121003,2,1,1987,0,0,0,0,0,0,0,0,0,0
121004,0,1,1987,0,0,0,0,0,0,0,0,0,0
121004,1,1,1987,0,0,0,0,0,0,0,0,0,0
121005,1,1,1987,9,9,9,9,9,9,9,9,9,9
121005,2,1,1987,0,0,0,0,0,0,7,0,0,0
121006,1,1,1987,0,0,0,0,0,0,0,0,0,0
121007,1,1,1987,5,5,5,5,5,5,5,5,5,5
121008,0,1,1987,22,22,22,22,22,22,22,22,22,22
121008,1,1,1987,0,0,0,0,0,0,0,0,0,0
121009,1,1,1987,0,0,0,0,0,0,0,0,0,0
121010,1,1,1987,0,0,0,0,0,0,0,0,0,0
121011,1,1,1987,0,0,0,0,0,0,0,0,0,0
121012,0,1,1987,3,3,3,3,3,3,3,3,3,3
121012,1,1,1987,0,0,0,0,0,0,0,0,0,0
121013,1,1,1987,0,0,0,22,0,0,0,0,0,0
121014,1,1,1987,0,0,0,0,0,0,0,0,0,0
121015,0,1,1987,0,0,0,0,0,0,0,0,0,0
121015,1,1,1987,0,0,0,0,0,0,0,0,0,0
121015,2,1,1987,0,0,36,0,5,41,8,16,0,0
121016,0,1,1987,0,0,0,0,0,0,0,0,0,0
121016,1,1,1987,7,8,8,4,23,0,10,14,32,13
121017,1,1,1987,20,20,20,20,20,20,20,20,20,20
121017,2,1,1987,0,0,0,0,0,0,0,0,0,0
121017,3,1,1987,0,0,0,0,0,0,0,0,15,0
121017,4,1,1987,0,0,0,0,0,0,0,5,0,0
121018,1,1,1987,0,0,0,0,0,0,0,0,0,0
121019,0,1,1987,36,13,28,0,0,14,15,0,0,20
121019,1,1,1987,0,0,0,13,0,0,27,6,0,0
121020,1,1,1987,25,25,25,25,25,25,25,25,25,25
121020,2,1,1987,0,0,0,0,0,0,0,0,0,0
121021,1,1,1987,30,0,0,14,0,0,0,0,0,0
121021,2,1,1987,12,14,5,25,19,8,14,10,9,10
121022,1,1,1987,0,0,0,0,0,0,0,0,0,0
121022,2,1,1987,0,14,0,0,0,0,0,0,0,0
121023,1,1,1987,21,21,21,21,21,21,21,21,21,21
121024,1,1,1987,24,24,24,24,24,24,24,24,24,24
121025,1,1,1987,0,0,0,0,0,0,0,0,0,0
121026,0,1,1987,0,0,0,0,0,0,0,0,5,0
121026,0,2,1987,8,0,0,0,0,0,0,0,6,0
121026,1,1,1987,0,0,0,0,0,0,0,0,0,0
121027,0,1,1987,0,0,0,0,0,0,0,0,0,0
121027,1,1,1987,0,0,0,0,0,0,0,0,0,0
121028,0,1,1987,0,0,0,16,0,0,0,0,0,0
121028,1,1,1987,7,0,0,0,0,0,0,0,0,0
121028,2,1,1987,0,0,0,0,0,0,0,0,0,0
121028,3,1,1987,0,0,0,0,11,0,0,11,11,0
121029,0,1,1987,22,29,11,19,15,22,23,8,20,26
121029,1,1,1987,10,10,17,7,0,11,5,13,5,21
121030,1,1,1987,18,18,18,18,18,18,18,18,18,18
121031,0,1,1987,25,25,25,25,25,25,25,25,25,25
121031,1,1,1987,17,0,0,0,0,0,0,0,0,0
121032,1,1,1987,0,0,0,0,0,0,0,0,0,0
121033,1,1,1987,12,14,7,0,0,0,12,15,4,8
121033,2,1,1987,0,0,0,0,0,0,0,0,0,0
121034,1,1,1987,0,0,0,0,0,0,0,0,0,0
121034,2,1,1987,0,0,0,0,0,0,0,16,0,0
121035,1,1,1987,11,9,13,0,10,20,15,5,0,20
121035,2,1,1987,24,28,10,2,28,11,38,24,9,16
121036,1,1,1987,11,6,15,16,11,7,5,3,8,13
121037,1,1,1987,7,7,7,7,7,7,7,7,7,7
121038,1,1,1987,23,0,0,0,0,8,0,0,0,0
121038,2,1,1987,0,0,0,0,0,0,0,0,0,0
121039,1,1,1987,7,7,7,7,7,7,7,7,7,7
121039,2,1,1987,0,0,0,0,0,0,0,0,0,0
121040,0,1,1987,18,18,18,18,18,18,18,18,18,18
121040,1,1,1987,0,0,0,0,0,0,0,0,0,0
121041,0,1,1987,0,0,0,0,0,0,0,0,0,0
121041,1,1,1987,0,0,0,0,0,0,0,0,0,0
121042,1,1,1987,0,0,0,0,0,0,0,0,0,0
121043,1,1,1987,0,0,13,0,0,0,0,0,0,0
121043,2,1,1987,18,11,32,16,19,17,23,10,33,1
121044,1,1,1987,0,0,0,0,0,0,0,11,0,0
121044,2,1,1987,0,0,0,0,0,0,0,0,0,0
121045,1,1,1987,0,0,0,0,0,0,0,0,0,0
121045,2,1,1987,0,0,0,0,0,0,0,0,0,0
121046,1,1,1987,0,0,0,0,0,0,0,0,0,0
121046,2,1,1987,0,0,0,0,0,0,0,0,0,0
121047,1,1,1987,0,0,0,0,0,0,0,0,0,0
121047,2,1,1987,11,0,0,0,0,0,0,0,11,0
121048,1,1,1987,13,13,13,13,13,13,13,13,13,13
121049,1,1,1987,0,0,0,0,0,0,0,0,0,0
121050,1,1,1987,0,0,0,0,0,0,0,0,0,0
121051,1,1,1987,0,0,0,0,0,0,0,0,0,0
121051,2,1,1987,29,0,24,0,13,12,22,16,18,0
121052,0,1,1987,0,0,0,0,0,0,0,0,0,0
121052,1,1,1987,0,0,0,0,0,0,0,0,12,0
121053,1,1,1987,0,0,0,0,0,0,0,0,0,0
121053,2,1,1987,0,12,0,0,0,0,0,15,0,18
121054,1,1,1987,27,27,27,27,27,27,27,27,27,27
121054,2,1,1987,6,6,6,6,6,6,6,6,6,6
121055,1,1,1987,0,5,3,0,0,0,0,0,0,0
121055,2,1,1987,0,0,0,0,0,0,0,0,0,0
121056,1,1,1987,5,3,18,10,11,5,14,10,12,6
121057,1,1,1987,0,0,0,0,0,0,0,0,0,0
121057,2,1,1987,0,20,12,19,9,18,16,22,15,4
121058,1,1,1987,0,0,0,0,12,0,0,0,0,0
121058,2,1,1987,0,0,0,0,0,0,0,0,0,0
121059,1,1,1987,0,0,0,0,0,0,0,0,0,0
121059,2,1,1987,21,21,21,21,21,21,21,21,21,21
121061,1,1,1987,23,23,23,23,23,23,23,23,23,23
121061,2,1,1987,0,0,0,0,0,0,0,0,0,0
121061,3,1,1987,0,0,0,14,0,0,0,0,0,0
121062,0,1,1987,0,0,0,2,0,0,0,8,0,0
121062,1,1,1987,0,0,0,0,9,0,0,0,0,19
121063,1,1,1987,0,0,0,0,0,0,0,0,0,0
121063,2,1,1987,0,0,5,0,0,0,0,0,0,0
121064,1,1,1987,0,0,0,0,0,0,0,0,0,0
121064,2,1,1987,0,0,0,0,0,0,0,0,0,0
121065,1,1,1987,0,0,0,0,0,0,0,0,0,0
121066,1,1,1987,38,38,38,38,38,38,38,38,38,38
121067,0,1,1987,0,0,0,0,0,0,0,0,0,0
121067,1,1,1987,0,8,0,0,0,0,0,0,0,0
121068,1,1,1987,0,0,0,0,0,0,0,0,0,0
121068,2,1,1987,15,15,15,15,15,15,15,15,15,15
121069,1,1,1987,14,14,14,14,14,14,14,14,14,14
121070,0,1,1987,0,42,0,0,0,0,0,0,0,25
121070,1,1,1987,12,0,0,0,0,0,0,0,0,0
121071,1,1,1987,22,22,22,22,22,22,22,22,22,22
121072,1,1,1987,17,17,17,17,17,17,17,17,17,17
121073,1,1,1987,0,0,0,0,0,0,0,0,0,0
121074,0,1,1987,0,0,0,0,0,0,0,0,0,0
121074,1,1,1987,11,0,0,0,0,0,0,0,0,0
121075,0,1,1987,0,12,26,29,0,19,18,16,22,13
121075,0,2,1987,10,0,19,7,16,0,24,37,9,22
121075,1,1,1987,4,15,17,15,19,9,19,25,10,22
121076,1,1,1987,18,13,0,16,21,19,9,7,20,0
121076,2,1,1987,7,11,12,3,9,17,7,11,18,8
121077,1,1,1987,0,0,0,0,0,0,0,0,0,0
121077,2,1,1987,0,0,0,0,0,0,0,0,0,0
121078,0,1,1987,3,12,0,0,0,0,0,0,0,0
121078,1,1,1987,0,0,0,0,0,0,0,0,0,0
121079,1,1,1987,0,0,0,0,0,0,0,0,0,0
121079,2,1,1987,0,0,0,0,0,0,0,0,0,0
121080,0,1,1987,11,11,11,11,11,11,11,11,11,11
121080,1,1,1987,0,0,0,12,0,0,0,0,0,0
121081,1,1,1987,14,14,14,14,14,14,14,14,14,14
121081,2,1,1987,0,6,25,29,0,0,0,0,0,0
121081,3,1,1987,0,0,0,0,0,0,0,0,0,0
121081,4,1,1987,0,14,5,0,0,0,0,0,27,0
121082,1,1,1987,0,0,0,0,0,0,0,0,0,0
121082,2,1,1987,0,0,0,0,0,0,0,0,0,0
121083,1,1,1987,0,0,0,0,0,16,0,0,0,0
121083,2,1,1987,0,0,0,0,0,0,0,0,0,0
121084,0,1,1987,20,20,20,20,20,20,20,20,20,20
121084,1,1,1987,0,0,0,0,0,0,0,0,0,0
121085,1,1,1987,0,0,0,0,0,0,0,0,0,0
121086,1,1,1987,0,0,0,0,0,0,0,0,0,0
121086,2,1,1987,0,0,0,0,0,0,0,0,0,0
121087,1,1,1987,15,15,15,15,15,15,15,15,15,15
121088,0,1,1987,0,0,0,0,0,0,0,0,0,0
121088,1,1,1987,0,0,0,0,0,0,0,0,0,0
121089,1,1,1987,0,0,0,0,0,0,0,0,0,0
121089,2,1,1987,0,0,0,0,0,0,0,0,0,0
121090,1,1,1987,0,0,0,0,0,0,0,0,0,0
121090,2,1,1987,0,0,0,0,0,0,0,0,0,0
121091,1,1,1987,0,0,0,0,0,0,0,0,0,0
121091,2,1,1987,0,0,0,0,0,0,0,0,0,0
121092,1,1,1987,35,35,35,35,35,35,35,35,35,35
121092,2,1,1987,0,0,0,0,0,0,0,26,0,0
121093,1,1,1987,0,0,0,0,0,0,0,0,0,0
121093,2,1,1987,0,0,0,0,0,0,0,0,0,0
121094,1,1,1987,0,0,0,0,0,0,0,0,0,0
121094,2,1,1987,0,0,0,0,0,0,0,0,0,0
121095,0,1,1987,0,0,0,0,0,0,0,0,0,0
121095,1,1,1987,0,0,0,0,0,0,0,0,0,0
121096,1,1,1987,0,0,0,0,0,0,0,0,0,0
121096,2,1,1987,9,9,9,9,9,9,9,9,9,9
121097,1,1,1987,21,21,21,21,21,21,21,21,21,21
121097,2,1,1987,0,0,0,0,0,0,0,0,0,0
121097,3,1,1987,0,0,0,0,0,0,0,0,13,0
121098,1,1,1987,16,16,16,16,16,16,16,16,16,16
121099,1,1,1987,18,18,18,18,18,18,18,18,18,18
121099,2,1,1987,0,0,0,0,0,0,0,0,0,0
121100,1,1,1987,22,22,22,22,22,22,22,22,22,22
121100,2,1,1987,29,0,0,0,0,0,0,0,0,14
121101,0,1,1987,0,0,0,0,0,0,0,0,0,0
121101,1,1,1987,0,0,0,0,0,0,0,0,0,0
121102,1,1,1987,0,0,0,0,0,0,0,0,0,0
121102,2,1,1987,0,0,0,0,0,0,0,0,0,0
121103,1,1,1987,21,21,21,21,21,21,21,21,21,21
121103,2,1,1987,18,18,18,18,18,18,18,18,18,18
121104,1,1,1987,0,0,0,0,0,0,0,0,0,0
121104,2,1,1987,20,0,0,25,14,0,17,0,0,0
121104,3,1,1987,0,0,0,12,18,0,0,0,0,0
121105,0,1,1987,8,8,8,8,8,8,8,8,8,8
121105,1,1,1987,0,0,0,0,0,0,0,0,0,0
121106,1,1,1987,20,20,20,20,20,20,20,20,20,20
121107,1,1,1987,18,18,18,18,18,18,18,18,18,18
121107,2,1,1987,0,0,0,0,22,0,0,0,0,0
121108,1,1,1987,15,15,15,15,15,15,15,15,15,15
121109,0,1,1987,12,12,12,12,12,12,12,12,12,12
121109,1,1,1987,0,0,0,0,0,19,11,0,20,0
121110,1,1,1987,0,0,0,0,0,0,0,0,0,0
121110,2,1,1987,0,0,0,0,0,0,0,2,0,0
121111,1,1,1987,21,21,21,21,21,21,21,21,21,21
121112,1,1,1987,19,19,19,19,19,19,19,19,19,19
121113,1,1,1987,0,0,0,0,0,0,0,0,0,0
121114,1,1,1987,0,0,0,9,0,0,0,0,0,5
121114,2,1,1987,0,0,0,0,6,0,0,0,19,0
121115,1,1,1987,0,0,0,0,0,0,0,0,0,0
121115,2,1,1987,5,5,5,5,5,5,5,5,5,5
121115,3,1,1987,0,0,0,0,0,0,0,0,0,0
121115,4,1,1987,0,0,0,0,0,0,0,0,0,0
121116,1,1,1987,0,0,0,0,0,0,0,0,0,0
121116,2,1,1987,0,0,0,0,0,0,0,0,0,0
121117,0,1,1987,0,0,0,0,0,0,0,0,0,0
121117,1,1,1987,22,22,22,22,22,22,22,22,22,22
121118,1,1,1987,21,21,21,21,21,21,21,21,21,21
121120,1,1,1987,12,14,18,11,0,16,10,25,6,3
121121,1,1,1987,26,4,8,8,7,14,0,14,8,21
121121,2,1,1987,0,0,0,0,0,0,0,0,0,0
121122,0,1,1987,29,20,0,0,0,0,0,0,0,0
121122,1,1,1987,0,0,0,0,0,0,0,0,0,0
121123,0,1,1987,0,0,0,0,0,0,0,13,0,0
121123,1,1,1987,0,0,0,0,0,0,0,0,0,0
121124,0,1,1987,19,21,13,41,28,13,21,16,21,0
121124,1,1,1987,8,13,12,30,13,8,6,19,15,12
121126,0,1,1987,0,0,0,0,0,0,0,0,0,0
121126,1,1,1987,1,1,1,1,1,1,1,1,1,1
121127,0,1,1987,0,0,0,0,0,0,0,0,0,0
121127,1,1,1987,0,0,0,0,0,0,0,0,0,0
121128,1,1,1987,20,23,0,23,16,22,17,13,11,15
121128,2,1,1987,0,0,0,7,0,0,0,0,0,0
121128,3,1,1987,0,0,0,0,0,0,0,0,0,0
121129,0,1,1987,0,0,0,0,0,0,0,0,3,13
121129,1,1,1987,19,19,19,19,19,19,19,19,19,19
121131,1,1,1987,0,0,0,0,0,0,0,0,0,25
121131,2,1,1987,0,0,0,0,0,0,0,0,0,0
121133,0,1,1987,0,0,0,0,0,0,0,0,0,0
121133,0,2,1987,0,0,0,17,0,0,0,0,0,0
121133,1,1,1987,0,0,0,0,0,0,0,0,0,0
121134,1,1,1987,0,0,0,0,0,0,0,0,0,0
121134,2,1,1987,0,0,0,0,0,0,0,0,0,0
121135,1,1,1987,20,20,20,20,20,20,20,20,20,20
121136,1,1,1987,11,11,11,11,11,11,11,11,11,11
121137,1,1,1987,5,5,5,5,5,5,5,5,5,5
121138,1,1,1987,0,0,0,0,0,0,0,2,0,0
121138,2,1,1987,0,0,0,0,0,0,0,0,0,0
121139,1,1,1987,0,0,0,0,0,0,0,0,0,0
121139,2,1,1987,0,0,0,0,0,0,0,0,0,0
121140,0,1,1987,0,0,0,0,0,0,0,0,0,0
121140,1,1,1987,0,6,0,0,0,0,0,1,0,0
121141,1,1,1987,0,0,0,0,0,0,0,0,0,0
121141,2,1,1987,0,0,0,0,0,0,0,0,0,0
121142,0,1,1987,42,11,22,30,21,21,15,0,2,30
121142,1,1,1987,0,3,0,0,0,0,0,0,0,0
121143,0,1,1987,0,0,0,0,0,0,0,0,0,0
121143,1,1,1987,0,0,0,0,0,0,0,0,0,0
121143,2,1,1987,0,0,0,0,0,0,0,0,0,0
121143,3,1,1987,0,0,0,0,0,0,0,0,0,0
121143,4,1,1987,0,0,0,0,0,0,0,0,0,0
121143,5,1,1987,0,0,0,0,0,0,0,0,0,0
121143,6,1,1987,0,0,0,0,0,0,0,0,0,0
121144,1,1,1987,0,0,0,0,0,0,0,0,0,0
121145,0,1,1987,27,27,27,27,27,27,27,27,27,27
121145,1,1,1987,22,17,28,7,12,17,16,8,10,19
121146,1,1,1987,21,21,21,21,21,21,21,21,21,21
121146,2,1,1987,0,0,0,0,0,0,0,0,10,0
121147,1,1,1987,13,20,18,7,17,21,0,7,0,11
121147,2,1,1987,21,11,4,16,0,28,12,12,21,8
121148,0,1,1987,44,21,40,0,18,0,31,13,17,33
121148,1,1,1987,11,0,3,0,0,3,23,7,14,0
121149,1,1,1987,24,24,24,24,24,24,24,24,24,24
121150,1,1,1987,1,1,1,1,1,1,1,1,1,1
121151,1,1,1987,0,0,0,0,0,0,0,0,0,0
121151,2,1,1987,0,0,0,0,0,0,0,0,0,0
121152,1,1,1987,19,19,19,19,19,19,19,19,19,19
121153,1,1,1987,0,0,0,0,0,0,0,0,0,0
121153,2,1,1987,0,0,0,0,0,0,0,0,0,0
121154,1,1,1987,15,15,15,15,15,15,15,15,15,15
121155,0,1,1987,14,14,14,14,14,14,14,14,14,14
121155,1,1,1987,0,0,0,0,0,0,0,0,0,0
121156,1,1,1987,0,0,0,0,0,0,0,0,0,0
121158,0,1,1987,29,29,29,29,29,29,29,29,29,29
121158,1,1,1987,0,0,0,0,0,0,0,0,0,0
121159,1,1,1987,11,0,0,0,0,0,0,0,0,0
121159,2,1,1987,0,0,0,0,0,0,0,0,0,0
121160,0,1,1987,28,28,28,28,28,28,28,28,28,28
121160,1,1,1987,0,0,0,15,0,0,0,0,0,0
121161,1,1,1987,9,8,1,6,12,22,18,16,19,5
121162,0,1,1987,0,0,0,0,0,0,0,0,0,0
121162,1,1,1987,0,0,0,0,0,0,0,0,0,0
121163,1,1,1987,0,0,0,0,0,0,0,0,0,0
121164,1,1,1987,0,0,0,0,0,0,0,0,0,0
121164,2,1,1987,0,0,0,0,0,0,0,0,0,0
121165,0,1,1987,37,37,37,37,37,37,37,37,37,37
121165,1,1,1987,0,0,0,0,0,0,0,0,0,0
121165,2,1,1987,8,0,0,0,0,0,0,0,0,0
121166,0,1,1987,16,16,16,16,16,16,16,16,16,16
121166,1,1,1987,0,0,0,0,0,13,0,0,0,0
121167,0,1,1987,4,11,20,0,0,0,0,15,0,0
121167,0,2,1987,0,0,0,0,0,0,0,0,0,0
121167,1,1,1987,0,0,0,0,0,0,0,0,0,5
121168,1,1,1987,10,10,27,6,0,9,16,8,0,21
121168,2,1,1987,0,0,0,0,0,0,0,0,0,0
121169,1,1,1987,12,12,12,12,12,12,12,12,12,12
121169,2,1,1987,0,23,0,0,0,9,0,0,0,0
121170,1,1,1987,0,0,0,0,0,0,0,0,0,0
121170,2,1,1987,0,0,0,0,0,0,0,0,0,0
121171,1,1,1987,21,21,21,21,21,21,21,21,21,21
121171,2,1,1987,0,0,0,0,0,21,0,0,0,0
121172,1,1,1987,0,0,0,0,0,0,0,0,0,0
121172,2,1,1987,0,0,0,0,0,0,0,0,0,0
121172,3,1,1987,0,0,0,0,0,0,0,0,0,0
121173,1,1,1987,22,22,22,22,22,22,22,22,22,22
121174,1,1,1987,0,0,6,0,0,6,0,0,0,0
121174,2,1,1987,0,0,0,0,0,0,0,0,0,0
121175,1,1,1987,0,0,0,0,0,0,0,0,0,0
121175,2,1,1987,0,0,0,0,0,0,0,0,0,0
121176,1,1,1987,14,0,0,0,0,0,20,0,19,0
121177,1,1,1987,0,27,0,0,12,0,0,0,0,10
121177,2,1,1987,0,11,0,0,0,0,0,0,0,0
121178,1,1,1987,11,0,0,0,0,0,0,0,0,0
121178,2,1,1987,0,0,0,0,0,0,0,0,0,0
121179,1,1,1987,8,8,8,8,8,8,8,8,8,8
121179,2,1,1987,6,6,6,6,6,6,6,6,6,6
121180,1,1,1987,15,0,0,0,12,0,0,0,0,16
121180,2,1,1987,0,0,0,0,0,0,0,0,0,0
121181,1,1,1987,0,0,0,0,0,0,0,0,0,0
121181,2,1,1987,0,0,0,0,0,0,0,0,0,0
121182,0,1,1987,0,33,0,0,0,0,0,0,7,0
121182,1,1,1987,0,0,0,0,0,0,0,0,0,0
121183,1,1,1987,22,22,22,22,22,22,22,22,22,22
121183,2,1,1987,0,0,0,0,0,0,0,0,0,0
121184,0,1,1987,0,45,0,0,0,0,0,0,0,0
121184,1,1,1987,0,0,0,23,8,17,5,16,14,7
121185,1,1,1987,0,6,0,0,0,0,0,0,11,0
121185,2,1,1987,12,12,12,12,12,12,12,12,12,12
121186,0,1,1987,0,16,7,11,0,0,0,0,0,0
121186,1,1,1987,0,0,0,0,0,0,0,8,0,0
121187,1,1,1987,4,4,4,4,4,4,4,4,4,4
121187,2,1,1987,0,0,0,0,0,0,0,0,0,0
121188,1,1,1987,0,0,0,0,0,0,0,0,10,0
121189,1,1,1987,0,0,0,0,13,0,15,0,0,0
121190,1,1,1987,12,21,20,14,6,0,19,0,8,15
121190,2,1,1987,8,14,17,16,19,35,25,16,6,18
121191,1,1,1987,25,23,24,22,13,0,18,14,7,21
121191,2,1,1987,0,0,0,0,0,0,0,0,0,0
121192,0,1,1987,0,0,0,0,0,0,0,0,0,0
121192,1,1,1987,16,0,0,0,0,0,0,0,0,0
121193,0,1,1987,16,16,16,16,16,16,16,16,16,16
121193,1,1,1987,13,13,13,13,13,13,13,13,13,13
121194,1,1,1987,0,0,0,0,0,0,0,0,0,0
121194,2,1,1987,12,12,12,12,12,12,12,12,12,12
121195,1,1,1987,0,0,0,0,0,0,0,0,0,0
121195,2,1,1987,0,0,0,0,0,0,0,22,0,0
121196,0,1,1987,13,13,13,13,13,13,13,13,13,13
121196,1,1,1987,0,0,0,0,0,0,0,0,0,0
121197,1,1,1987,18,18,18,18,18,18,18,18,18,18
121197,2,1,1987,0,0,0,18,12,0,0,30,0,0
121198,0,1,1987,32,32,32,32,32,32,32,32,32,32
121198,1,1,1987,0,0,0,0,0,18,0,0,0,0
121199,1,1,1987,23,17,5,24,0,0,14,19,19,0
121200,1,1,1987,17,17,17,17,17,17,17,17,17,17
121201,1,1,1987,0,0,0,0,0,0,0,0,0,0
121201,2,1,1987,14,14,14,14,14,14,14,14,14,14
121202,1,1,1987,0,0,0,0,0,0,0,0,0,0
121202,2,1,1987,0,31,0,0,0,0,0,0,0,0
121203,1,1,1987,0,0,0,0,0,0,0,0,0,0
121204,1,1,1987,0,0,0,0,0,0,0,0,0,0
121205,0,1,1987,0,0,0,0,0,0,0,0,0,0
121205,1,1,1987,0,0,0,0,0,0,0,0,0,0
121206,1,1,1987,0,0,0,0,0,0,0,0,0,0
121206,2,1,1987,0,0,0,0,0,0,0,0,0,0
121207,1,1,1987,22,22,22,22,22,22,22,22,22,22
121208,1,1,1987,6,25,25,6,15,20,11,13,24,12
121208,2,1,1987,3,0,0,0,0,0,0,0,0,0
121209,1,1,1987,0,0,0,0,0,0,0,0,0,0
121209,2,1,1987,0,0,0,0,0,0,0,0,0,0
121210,1,1,1987,15,0,13,22,17,34,4,16,25,27
121210,2,1,1987,0,0,0,0,0,0,0,0,0,0
121210,3,1,1987,0,0,0,0,0,0,0,0,0,0
121210,4,1,1987,0,0,0,0,0,0,0,0,0,0
121211,1,1,1987,3,26,0,8,21,10,11,17,12,0
121211,2,1,1987,3,5,23,0,12,0,0,11,0,0
121212,1,1,1987,9,24,8,36,10,14,17,11,20,28
121213,1,1,1987,32,32,32,32,32,32,32,32,32,32
121213,2,1,1987,0,0,0,0,0,0,0,0,0,0
121214,1,1,1987,29,29,29,29,29,29,29,29,29,29
121214,2,1,1987,0,0,0,0,0,0,0,0,0,0
121215,1,1,1987,0,0,0,0,0,0,0,0,0,0
121215,2,1,1987,0,0,0,0,0,0,0,0,0,0
121216,0,1,1987,23,23,23,23,23,23,23,23,23,23
121216,1,1,1987,0,0,0,0,0,0,0,0,0,0
121217,1,1,1987,0,0,0,0,0,0,0,0,0,0
121217,2,1,1987,0,0,0,0,0,0,0,0,0,0
121218,1,1,1987,19,19,19,19,19,19,19,19,19,19
121219,1,1,1987,0,0,0,0,0,0,0,0,0,0
121219,2,1,1987,0,0,0,0,0,0,0,0,0,0
121219,3,1,1987,0,0,18,0,0,0,0,0,0,0
121220,0,1,1987,0,0,0,0,0,0,0,0,0,0
121220,1,1,1987,19,0,0,0,0,8,5,8,23,0
121221,1,1,1987,6,18,9,21,11,18,25,5,10,2
121221,2,1,1987,0,0,0,0,0,0,0,0,0,0
121222,0,1,1987,2,2,2,2,2,2,2,2,2,2
121222,0,2,1987,1,1,1,1,1,1,1,1,1,1
121222,1,1,1987,9,9,9,9,9,9,9,9,9,9
121223,0,1,1987,0,0,0,0,0,0,0,0,0,0
121223,1,1,1987,6,31,0,5,15,15,18,24,9,16
121224,0,1,1987,0,0,0,0,0,0,0,0,0,0
121224,1,1,1987,0,0,0,0,0,0,0,0,0,0
121225,1,1,1987,20,20,20,20,20,20,20,20,20,20
121225,2,1,1987,0,0,0,0,0,0,0,0,0,0
121226,1,1,1987,0,0,0,0,0,0,0,0,0,0
121226,2,1,1987,0,0,0,0,0,0,0,0,0,0
121227,1,1,1987,0,0,0,0,0,0,0,0,0,0
121227,2,1,1987,0,0,0,0,0,0,0,0,0,0
121228,1,1,1987,0,0,0,0,0,0,0,0,0,0
121228,2,1,1987,0,0,0,0,0,0,0,0,0,0
121229,0,1,1987,0,0,0,0,0,0,0,0,0,0
121229,1,1,1987,0,0,0,0,0,0,0,0,0,0
121230,1,1,1987,0,0,0,0,0,0,18,0,0,0
121230,2,1,1987,2,2,2,2,2,2,2,2,2,2
121231,0,1,1987,0,0,0,0,0,0,0,0,0,0
121231,1,1,1987,17,25,20,22,8,4,9,23,6,19
121232,1,1,1987,30,30,30,30,30,30,30,30,30,30
121233,1,1,1987,14,14,14,14,14,14,14,14,14,14
121234,1,1,1987,15,15,15,15,15,15,15,15,15,15
121234,2,1,1987,0,0,0,0,0,0,0,0,0,0
121235,1,1,1987,0,0,8,0,0,0,0,0,0,0
121235,2,1,1987,0,0,0,0,0,0,0,0,0,0
121236,1,1,1987,28,28,28,28,28,28,28,28,28,28
121237,1,1,1987,22,22,22,22,22,22,22,22,22,22
121238,1,1,1987,3,3,3,3,3,3,3,3,3,3
121239,1,1,1987,19,19,19,19,19,19,19,19,19,19
121239,2,1,1987,0,0,0,0,0,0,0,0,0,0
121239,3,1,1987,0,25,26,0,0,0,22,0,0,0
121240,1,1,1987,17,17,17,17,17,17,17,17,17,17
121240,2,1,1987,0,7,0,0,0,0,17,0,0,0
121241,1,1,1987,2,0,0,0,23,41,19,28,0,10
121242,1,1,1987,0,0,0,0,0,15,0,0,0,0
121242,2,1,1987,0,0,0,0,0,0,0,0,0,0
121243,1,1,1987,0,0,0,3,0,0,0,0,0,0
121243,2,1,1987,0,0,0,0,0,0,0,0,0,0
121244,1,1,1987,24,24,24,24,24,24,24,24,24,24
121245,0,1,1987,43,31,14,29,16,27,24,9,20,18
121245,1,1,1987,21,6,7,8,5,21,21,0,28,16
121246,1,1,1987,0,0,0,0,0,0,0,0,0,0
121246,2,1,1987,0,0,0,0,0,0,0,0,0,0
121247,1,1,1987,2,2,2,2,2,2,2,2,2,2
121247,2,1,1987,0,0,0,0,0,0,0,0,0,0
121248,1,1,1987,0,0,8,3,28,43,20,10,0,0
121248,2,1,1987,0,0,0,0,0,0,0,9,0,0
121249,1,1,1987,0,0,0,0,0,0,0,0,0,0
121250,0,1,1987,25,19,20,22,29,43,12,13,21,21
121250,1,1,1987,0,0,0,0,0,0,0,0,0,0
121251,1,1,1987,9,9,9,9,9,9,9,9,9,9
121251,2,1,1987,0,0,0,0,0,0,0,0,0,0
121251,3,1,1987,0,0,0,0,0,0,0,0,0,0
121252,0,1,1987,0,0,0,0,0,0,0,0,0,0
121252,1,1,1987,16,16,16,16,16,16,16,16,16,16
121253,0,1,1987,0,0,0,0,0,0,0,0,0,0
121253,1,1,1987,21,0,22,7,0,0,0,0,0,0
121254,1,1,1987,21,21,21,21,21,21,21,21,21,21
121255,1,1,1987,0,0,9,0,0,0,0,11,0,0
121256,0,1,1987,0,0,0,0,0,0,0,0,0,0