ST_CASE,VEH_NO,PER_NO,YEAR,P1,P2,P3,P4,P5,P6,P7,P8,P9,P10
121779,0,1,1987,18,27,28,14,33,31,23,12,22,28
121779,1,1,1987,0,0,0,0,0,0,0,0,0,0
121780,1,1,1987,0,0,0,0,0,0,0,0,0,0
121781,1,1,1987,0,0,0,0,0,0,0,0,0,0
121781,2,1,1987,0,0,0,0,0,0,0,0,0,0
121782,1,1,1987,4,4,4,4,4,4,4,4,4,4
121783,1,1,1987,0,0,0,0,0,0,0,0,0,0
121783,2,1,1987,0,0,0,0,0,0,0,0,0,0
121784,1,1,1987,0,0,0,0,0,0,0,0,0,0
121784,2,1,1987,0,0,0,0,0,0,0,0,0,0
121785,1,1,1987,8,15,14,10,15,18,8,13,18,24
121785,2,1,1987,9,0,5,0,11,19,14,21,10,29
121786,0,1,1987,11,0,6,0,18,0,0,2,9,0
121786,1,1,1987,0,0,0,0,0,0,0,0,0,0
121787,0,1,1987,17,17,17,17,17,17,17,17,17,17
121787,1,1,1987,0,0,8,0,0,0,0,12,0,13
121787,2,1,1987,0,25,11,13,21,16,17,10,8,22
121788,1,1,1987,0,0,0,0,0,22,0,0,0,5
121788,2,1,1987,0,0,22,0,10,23,15,7,0,0
121789,1,1,1987,0,0,0,0,0,0,0,0,0,0
121789,2,1,1987,14,4,7,0,4,4,22,26,11,5
121790,0,1,1987,0,0,0,0,0,0,0,0,0,0
121790,1,1,1987,0,0,0,0,0,0,0,0,0,0
121791,1,1,1987,0,0,0,0,0,0,0,0,0,0
121792,1,1,1987,10,10,10,10,10,10,10,10,10,10
121792,2,1,1987,0,0,0,0,0,0,0,0,0,0
121793,1,1,1987,31,31,31,31,31,31,31,31,31,31
121793,2,1,1987,15,15,15,15,15,15,15,15,15,15
121794,1,1,1987,0,0,0,0,0,0,0,14,0,0
121794,2,1,1987,0,0,0,0,0,0,0,0,0,0
121794,3,1,1987,0,0,0,0,0,0,0,0,0,0
121795,0,1,1987,0,0,0,0,0,0,0,0,0,0
121795,1,1,1987,0,0,0,0,0,0,0,0,0,0
121795,2,1,1987,14,16,0,0,6,16,0,0,12,0
121796,0,1,1987,0,0,0,0,0,0,0,0,0,0
121796,1,1,1987,0,0,0,40,0,0,0,0,32,19
121797,0,1,1987,0,0,0,23,0,0,0,0,0,0
121797,1,1,1987,0,0,0,0,0,0,0,0,0,0
121798,0,1,1987,0,0,0,0,0,0,0,0,0,0
121798,1,1,1987,0,0,0,0,0,0,0,0,0,0
121799,1,1,1987,0,0,0,0,0,0,0,0,0,0
121799,2,1,1987,0,0,0,0,0,0,0,0,0,0
121800,1,1,1987,12,12,12,12,12,12,12,12,12,12
121801,1,1,1987,0,0,0,0,0,0,0,0,0,0
121802,1,1,1987,0,0,0,0,0,0,0,0,0,0
121802,2,1,1987,0,0,0,0,12,0,0,0,0,0
121803,1,1,1987,10,10,10,10,10,10,10,10,10,10
121803,2,1,1987,0,0,0,0,0,0,0,0,0,0
121804,0,1,1987,36,20,13,16,7,24,14,23,22,18
121804,1,1,1987,21,6,26,10,0,32,16,13,19,17
121805,0,1,1987,19,19,19,19,19,19,19,19,19,19
121805,1,1,1987,10,20,24,53,9,10,0,0,14,0
121806,0,1,1987,0,0,0,0,0,0,0,0,0,0
121806,1,1,1987,0,0,0,0,0,0,0,0,0,0
121807,1,1,1987,0,0,0,0,0,0,0,0,0,0
121807,2,1,1987,0,0,0,0,0,0,0,0,0,0
121808,1,1,1987,25,21,25,35,18,18,10,10,20,9
121809,1,1,1987,0,0,0,0,0,0,0,0,0,0
121809,2,1,1987,0,0,0,0,0,0,0,0,0,0
121810,1,1,1987,0,0,0,0,0,0,0,0,0,0
121810,2,1,1987,0,0,0,0,0,0,0,0,0,0
121811,1,1,1987,0,0,0,0,0,0,0,0,0,0
121811,2,1,1987,0,0,0,0,0,0,0,0,0,0
121812,0,1,1987,0,0,0,0,0,0,0,0,0,0
121812,1,1,1987,0,0,0,0,0,0,0,0,0,0
121813,1,1,1987,14,14,14,14,14,14,14,14,14,14
121813,2,1,1987,0,0,0,0,0,0,0,0,0,0
121814,1,1,1987,21,21,21,21,21,21,21,21,21,21
121815,1,1,1987,23,23,23,23,23,23,23,23,23,23
121816,1,1,1987,0,16,24,6,0,3,8,0,0,0
121816,2,1,1987,0,0,0,0,0,0,0,0,0,0
121816,3,1,1987,0,0,0,0,0,0,0,0,0,0
121817,0,1,1987,0,0,0,0,0,0,0,0,0,0
121817,1,1,1987,0,16,0,0,24,0,0,0,0,0
121818,1,1,1987,15,15,15,15,15,15,15,15,15,15
121818,2,1,1987,0,0,0,0,0,0,27,0,0,0
121819,1,1,1987,13,13,13,13,13,13,13,13,13,13
121820,0,1,1987,0,0,0,0,0,0,0,0,0,0
121820,0,2,1987,13,0,46,0,0,0,0,0,0,0
121820,1,1,1987,0,0,0,0,0,0,8,0,0,0
121821,1,1,1987,20,20,20,20,20,20,20,20,20,20
121821,2,1,1987,0,0,0,21,11,0,22,0,0,0
121821,3,1,1987,0,0,0,0,0,0,0,0,0,0
121821,4,1,1987,0,0,0,0,0,0,0,0,0,0
121822,0,1,1987,0,0,0,0,0,0,0,0,0,0
121822,1,1,1987,0,0,0,0,0,0,0,0,0,0
121823,1,1,1987,0,12,16,12,32,10,17,8,19,0
121823,2,1,1987,0,0,0,0,0,0,0,0,0,0
121824,1,1,1987,12,12,12,12,12,12,12,12,12,12
121824,2,1,1987,0,0,4,0,0,0,0,0,0,0
121825,0,1,1987,0,0,0,0,0,0,0,0,0,0
121825,1,1,1987,0,0,0,0,0,0,15,0,0,0
121826,0,1,1987,0,0,0,0,0,0,0,0,0,0
121826,1,1,1987,13,13,13,13,13,13,13,13,13,13
121827,1,1,1987,20,20,20,20,20,20,20,20,20,20
121828,0,1,1987,0,0,0,0,0,0,0,0,0,4
121828,1,1,1987,0,0,0,0,0,0,0,0,0,0
121829,1,1,1987,0,0,0,0,0,0,0,0,0,0
121829,2,1,1987,0,0,0,0,0,0,0,0,9,0
121830,1,1,1987,16,16,16,16,16,16,16,16,16,16
121830,2,1,1987,21,21,21,21,21,21,21,21,21,21
121831,1,1,1987,18,18,18,18,18,18,18,18,18,18
121832,1,1,1987,0,0,0,0,0,0,0,0,0,0
121832,2,1,1987,0,0,0,0,0,0,0,0,5,0
121833,1,1,1987,0,0,0,0,0,0,0,0,0,0
121833,2,1,1987,0,0,0,0,0,0,0,0,0,0
121834,0,1,1987,0,0,0,0,0,0,0,0,0,0
121834,1,1,1987,0,0,0,0,0,0,0,0,0,0
121835,0,1,1987,0,0,0,0,0,0,0,0,0,0
121835,1,1,1987,0,0,0,0,0,0,0,0,0,0
121836,1,1,1987,0,0,0,0,0,0,0,0,0,0
121836,2,1,1987,0,0,0,0,0,0,0,0,0,0
121837,1,1,1987,12,12,12,12,12,12,12,12,12,12
121838,0,1,1987,0,0,0,0,0,0,0,0,0,0
121838,1,1,1987,0,0,0,30,0,0,0,0,0,0
121839,1,1,1987,0,0,0,0,0,0,0,0,0,0
121839,2,1,1987,0,0,0,0,0,0,0,0,0,0
121840,1,1,1987,0,0,0,0,0,0,0,0,0,0
121840,2,1,1987,0,0,0,0,0,0,0,0,0,0
121840,3,1,1987,0,0,0,0,0,0,0,0,0,0
121841,1,1,1987,0,0,0,0,0,0,0,0,0,0
121841,2,1,1987,0,0,12,0,0,0,0,0,0,0
121842,1,1,1987,0,0,0,0,0,0,0,17,0,0
121842,2,1,1987,0,0,0,15,0,0,0,0,0,0
121843,1,1,1987,0,0,0,0,0,0,0,0,0,0
121843,2,1,1987,0,0,0,0,0,0,0,0,0,0
121844,1,1,1987,19,0,0,0,0,9,0,0,0,0
121845,1,1,1987,0,0,0,0,0,0,0,0,0,0
121846,1,1,1987,0,0,0,0,0,0,0,0,0,0
121846,2,1,1987,0,0,0,0,0,0,0,0,0,0
121847,0,1,1987,0,0,33,26,0,0,0,6,7,0
121847,1,1,1987,0,0,0,0,0,0,0,0,0,0
121848,1,1,1987,0,0,0,0,0,0,0,0,0,0
121848,2,1,1987,0,0,0,0,0,0,0,0,0,0
121849,0,1,1987,20,27,16,20,12,10,9,23,17,44
121849,1,1,1987,0,0,13,0,0,0,0,0,0,0
121850,0,1,1987,0,0,0,0,0,0,0,0,0,0
121850,1,1,1987,0,0,0,0,0,0,0,0,0,0
121851,1,1,1987,19,19,19,19,19,19,19,19,19,19
121852,0,1,1987,0,0,0,0,0,0,8,0,0,0
121852,1,1,1987,0,0,0,0,0,0,0,0,0,0
121853,1,1,1987,0,0,0,0,0,0,0,0,0,0
121853,2,1,1987,0,0,0,0,0,0,0,0,0,0
121854,1,1,1987,0,0,0,0,0,0,0,0,8,0
121854,2,1,1987,0,0,0,0,0,0,0,0,0,0
121855,1,1,1987,0,23,0,0,0,0,0,0,0,0
121855,2,1,1987,0,0,0,0,0,0,0,0,0,0
121856,1,1,1987,0,10,0,0,0,0,0,0,0,0
121857,1,1,1987,0,0,0,0,0,0,0,0,0,0
121857,2,1,1987,9,9,9,9,9,9,9,9,9,9
121857,3,1,1987,0,0,0,0,0,0,0,0,0,0
121858,1,1,1987,0,0,0,0,0,0,0,0,0,0
121858,2,1,1987,16,0,19,0,0,0,17,7,19,9
121859,1,1,1987,0,0,0,0,0,0,0,0,0,0
121860,0,1,1987,0,0,0,0,0,0,0,0,14,0
121860,1,1,1987,0,0,0,0,0,0,0,0,0,0
121861,1,1,1987,15,15,15,15,15,15,15,15,15,15
121862,1,1,1987,0,10,4,21,10,6,0,11,0,0
121863,1,1,1987,0,0,0,0,0,0,0,0,0,0
121863,2,1,1987,0,0,0,0,0,0,0,0,0,0
121865,1,1,1987,0,0,0,0,0,0,0,0,0,0
121865,2,1,1987,0,0,0,0,0,0,0,0,0,0
121866,1,1,1987,0,0,0,0,0,0,0,0,0,0
121866,2,1,1987,0,0,0,0,0,0,0,0,7,0
121867,0,1,1987,0,0,0,0,0,0,0,0,0,0
121867,1,1,1987,0,0,0,15,0,5,7,0,0,0
121868,0,1,1987,0,10,0,12,15,5,0,12,0,0
121868,1,1,1987,0,0,0,0,0,0,0,0,0,0
121869,1,1,1987,0,0,0,0,0,0,0,0,0,0
121869,2,1,1987,0,0,0,0,0,0,0,0,0,0
121870,1,1,1987,0,0,0,0,23,0,0,0,0,0
121870,2,1,1987,0,0,21,0,0,0,0,0,0,0
121871,0,1,1987,0,0,0,0,0,0,0,4,0,0
121871,1,1,1987,15,22,23,0,12,26,10,16,12,19
121872,0,1,1987,23,23,23,23,23,23,23,23,23,23
121872,1,1,1987,21,21,18,7,0,22,12,9,19,29
121873,1,1,1987,0,0,0,0,0,0,9,0,0,0
121873,2,1,1987,0,0,0,0,0,0,0,0,0,0
121874,0,1,1987,25,0,0,0,0,0,0,0,0,0
121874,1,1,1987,0,0,0,0,0,0,0,0,0,0
121875,0,1,1987,0,0,0,0,0,0,0,0,0,0
121875,0,2,1987,0,0,0,0,0,0,0,0,0,0
121875,1,1,1987,0,0,0,0,25,0,0,17,8,0
121876,1,1,1987,0,0,0,0,0,0,0,0,0,0
121876,2,1,1987,0,0,0,0,0,0,0,0,0,0
121878,1,1,1987,0,0,0,0,0,0,0,0,0,0
121878,2,1,1987,12,18,17,0,0,0,0,0,0,0
121879,0,1,1987,0,0,0,0,0,0,0,0,0,0
121879,1,1,1987,0,0,0,0,0,0,0,0,0,0
121880,1,1,1987,13,11,13,14,23,0,13,0,0,6
121880,2,1,1987,0,0,0,0,0,0,0,0,0,0
121881,1,1,1987,16,25,11,12,10,20,0,34,24,0
121882,1,1,1987,12,0,0,19,0,8,0,0,0,0
121882,2,1,1987,0,0,0,0,0,0,0,0,0,0
121883,0,1,1987,0,0,0,0,0,0,0,0,0,0
121883,1,1,1987,0,0,0,0,0,0,0,0,0,0
121884,1,1,1987,0,0,0,4,0,0,0,0,0,0
121884,2,1,1987,0,0,0,0,0,0,0,0,0,0
121885,0,1,1987,0,0,0,0,0,0,0,0,0,0
121885,1,1,1987,0,0,0,0,20,0,0,0,0,0
121885,2,1,1987,0,0,0,0,0,0,0,0,0,3
121885,3,1,1987,0,0,0,0,0,0,0,0,0,0
121885,4,1,1987,0,0,0,0,0,0,0,0,0,0
121886,0,1,1987,0,0,0,0,0,0,0,0,0,0
121886,1,1,1987,0,0,0,0,0,0,0,0,0,0
121887,1,1,1987,15,19,16,32,12,13,19,8,18,3
121887,2,1,1987,0,0,0,0,0,0,0,0,0,0
121888,1,1,1987,0,0,0,0,0,0,0,0,0,0
121888,2,1,1987,0,0,0,0,0,3,0,0,0,0
121889,1,1,1987,32,32,32,32,32,32,32,32,32,32
121890,1,1,1987,10,10,10,10,10,10,10,10,10,10
121891,1,1,1987,0,0,0,0,0,0,0,0,0,0
121892,1,1,1987,23,3,14,21,16,15,14,17,24,2
121893,1,1,1987,0,0,0,0,0,0,0,0,0,0
121894,0,1,1987,0,0,0,0,0,0,12,0,0,0
121894,1,1,1987,0,0,0,0,0,0,0,0,0,0
121895,1,1,1987,9,9,9,9,9,9,9,9,9,9
121896,1,1,1987,0,0,0,0,0,0,0,0,0,0
121896,2,1,1987,7,7,7,7,7,7,7,7,7,7
121897,0,1,1987,9,26,19,13,20,50,9,20,29,15
121897,1,1,1987,0,0,0,0,0,0,0,0,0,0
121898,0,1,1987,0,0,0,0,0,0,0,0,0,0
121898,1,1,1987,0,0,0,0,0,0,0,0,0,0
121900,1,1,1987,0,16,11,0,16,16,17,26,0,0
121900,2,1,1987,0,0,0,0,0,0,0,0,0,0
121901,0,1,1987,0,0,0,0,0,0,0,0,14,0
121901,0,2,1987,0,2,0,0,0,0,0,0,0,0
121901,1,1,1987,0,0,0,0,0,0,0,0,0,0
121902,1,1,1987,0,0,0,0,0,0,0,0,0,0
121902,2,1,1987,0,0,0,0,0,10,0,0,0,0
121903,1,1,1987,0,0,0,0,0,0,0,0,0,0
121904,1,1,1987,18,18,18,18,18,18,18,18,18,18
121904,2,1,1987,0,0,0,0,0,0,0,0,0,0
121905,1,1,1987,17,15,0,8,22,15,24,0,5,11
121905,2,1,1987,0,0,0,0,0,20,0,0,0,0
121905,3,1,1987,0,0,0,10,0,0,0,0,0,6
121906,1,1,1987,0,0,0,0,0,0,0,0,0,0
121906,2,1,1987,0,0,0,0,0,0,0,0,0,0
121907,0,1,1987,5,21,54,22,15,0,8,18,5,14
121907,0,2,1987,20,14,20,0,11,22,29,22,5,21
121907,1,1,1987,0,0,0,0,0,0,0,0,0,0
121908,1,1,1987,6,0,21,0,0,5,14,6,0,12
121908,2,1,1987,0,0,0,0,0,0,0,0,0,0
121909,1,1,1987,15,31,28,13,14,19,21,0,16,29
121909,2,1,1987,6,6,6,6,6,6,6,6,6,6
121910,1,1,1987,0,0,0,0,0,0,0,0,0,0
121910,2,1,1987,0,0,0,0,0,14,15,0,0,0
121911,1,1,1987,34,34,34,34,34,34,34,34,34,34
121911,2,1,1987,0,0,0,0,0,0,0,0,0,0
121912,1,1,1987,0,0,0,0,0,0,0,0,0,0
121913,1,1,1987,12,12,12,12,12,12,12,12,12,12
121913,2,1,1987,0,0,0,0,0,0,0,0,0,0
121914,1,1,1987,5,5,5,5,5,5,5,5,5,5
121914,2,1,1987,7,7,7,7,7,7,7,7,7,7
121915,1,1,1987,0,0,0,0,0,0,0,0,0,0
121915,2,1,1987,9,16,15,17,11,23,13,16,18,12
121916,1,1,1987,9,9,9,9,9,9,9,9,9,9
121917,0,1,1987,20,20,20,20,20,20,20,20,20,20
121917,1,1,1987,16,8,13,18,1,35,14,12,0,20
121918,1,1,1987,15,15,15,15,15,15,15,15,15,15
121919,1,1,1987,33,0,8,0,21,19,9,16,0,22
121919,2,1,1987,0,0,0,0,0,0,0,0,0,0
121920,1,1,1987,0,0,0,0,0,0,0,0,0,0
121921,1,1,1987,0,0,0,0,0,0,0,0,0,0
121921,2,1,1987,12,22,0,19,18,0,11,6,9,34
121922,0,1,1987,29,11,38,32,4,44,14,21,25,20
121922,1,1,1987,0,12,42,0,0,26,0,26,10,0
121923,0,1,1987,27,27,27,27,27,27,27,27,27,27
121923,1,1,1987,0,0,0,0,0,0,0,0,0,0
121924,0,1,1987,25,25,25,25,25,25,25,25,25,25
121924,0,2,1987,0,0,0,0,0,0,0,0,0,0
121924,0,3,1987,0,0,0,0,0,0,0,0,0,0
121924,1,1,1987,0,0,0,0,0,0,0,0,0,0
121925,1,1,1987,17,17,17,17,17,17,17,17,17,17
121925,2,1,1987,0,0,0,0,0,0,0,0,0,0
121926,1,1,1987,0,0,0,0,0,0,0,0,0,0
121926,2,1,1987,17,17,17,17,17,17,17,17,17,17
121926,3,1,1987,0,0,0,0,0,0,0,9,0,0
121927,1,1,1987,0,0,0,0,0,0,0,0,0,0
121928,1,1,1987,0,0,0,0,0,0,0,0,0,0
121928,2,1,1987,0,0,0,0,0,0,0,0,12,0
121929,1,1,1987,0,0,0,0,0,0,0,0,0,0
121930,1,1,1987,0,0,0,0,0,0,0,0,0,0
121930,2,1,1987,0,0,0,0,0,0,0,0,0,0
121931,1,1,1987,0,0,0,0,0,0,0,0,0,0
121931,2,1,1987,0,0,0,0,0,0,0,0,0,0
121931,3,1,1987,0,0,0,0,0,0,0,0,0,0
121932,1,1,1987,13,13,13,13,13,13,13,13,13,13
121933,1,1,1987,0,0,0,0,0,0,0,0,0,0
121933,2,1,1987,0,0,0,0,0,0,0,0,0,0
121934,1,1,1987,2,2,2,2,2,2,2,2,2,2
121935,1,1,1987,23,23,23,23,23,23,23,23,23,23
121936,1,1,1987,21,21,21,21,21,21,21,21,21,21
121937,1,1,1987,2,2,2,2,2,2,2,2,2,2
121937,2,1,1987,2,2,2,2,2,2,2,2,2,2
121938,1,1,1987,0,0,4,0,0,0,0,0,0,0
121938,2,1,1987,0,0,0,0,0,0,0,0,0,0
121939,1,1,1987,0,0,0,0,0,0,0,0,0,0
121939,2,1,1987,0,0,0,0,0,0,0,0,0,0
121940,1,1,1987,0,0,0,0,0,0,0,0,0,0
121940,2,1,1987,2,4,10,0,11,11,16,16,12,15
121941,1,1,1987,9,0,0,0,0,0,8,7,0,0
121941,2,1,1987,0,0,0,0,0,0,0,0,0,0
121942,1,1,1987,15,15,15,15,15,15,15,15,15,15
121942,2,1,1987,0,0,0,0,0,0,0,0,0,0
121943,1,1,1987,0,0,0,0,0,0,0,0,0,0
121943,2,1,1987,0,0,0,0,4,0,0,0,0,0
121944,1,1,1987,4,4,4,4,4,4,4,4,4,4
121945,1,1,1987,22,22,22,22,22,22,22,22,22,22
121945,2,1,1987,7,7,7,7,7,7,7,7,7,7
121946,1,1,1987,17,17,17,17,17,17,17,17,17,17
121947,1,1,1987,0,0,0,0,0,0,0,0,0,0
121947,2,1,1987,0,0,0,0,0,0,0,0,0,0
121948,1,1,1987,0,0,0,0,0,0,0,0,0,0
121949,1,1,1987,22,0,12,29,17,15,0,0,0,0
121950,1,1,1987,17,17,17,17,17,17,17,17,17,17
121950,2,1,1987,14,14,14,14,14,14,14,14,14,14
121951,1,1,1987,20,20,20,20,20,20,20,20,20,20
121952,1,1,1987,24,24,24,24,24,24,24,24,24,24
121952,2,1,1987,0,0,0,0,0,0,0,0,0,0
121953,0,1,1987,0,0,0,19,0,0,0,0,0,0
121953,1,1,1987,0,0,0,0,0,0,0,0,0,0
121955,0,1,1987,16,16,16,16,16,16,16,16,16,16
121955,1,1,1987,17,2,25,4,13,11,0,5,5,18
121956,1,1,1987,0,0,0,0,0,0,0,0,0,0
121956,2,1,1987,0,0,0,0,0,0,0,0,0,0
121957,1,1,1987,0,0,0,0,0,0,0,0,0,0
121958,1,1,1987,0,18,0,0,0,0,0,0,0,0
121958,2,1,1987,0,0,0,0,0,0,0,0,0,0
121959,1,1,1987,13,16,7,9,22,22,0,8,11,21
121960,1,1,1987,19,0,0,0,0,0,0,0,0,0
121960,2,1,1987,0,0,0,0,0,0,0,14,0,0
121960,3,1,1987,0,0,0,0,0,0,0,0,0,0
121961,1,1,1987,17,17,17,17,17,17,17,17,17,17
121962,1,1,1987,0,0,0,0,0,0,0,0,0,0
121962,2,1,1987,6,6,6,6,6,6,6,6,6,6
121963,1,1,1987,16,16,16,16,16,16,16,16,16,16
121963,2,1,1987,0,0,0,0,0,0,0,0,0,0
121964,0,1,1987,16,0,0,0,11,0,5,0,0,0
121964,0,2,1987,21,14,4,13,0,0,0,0,19,24
121964,1,1,1987,0,33,12,6,9,9,0,0,6,18
121965,1,1,1987,12,12,12,12,12,12,12,12,12,12
121966,1,1,1987,21,21,21,21,21,21,21,21,21,21
121967,1,1,1987,15,0,6,0,0,8,17,0,0,3
121967,2,1,1987,0,0,0,0,0,0,0,0,0,0
121968,0,1,1987,0,0,0,0,0,0,0,0,0,0
121968,1,1,1987,0,0,0,0,0,0,0,0,0,0
121969,1,1,1987,24,24,24,24,24,24,24,24,24,24
121970,1,1,1987,22,22,22,22,22,22,22,22,22,22
121971,0,1,1987,25,25,25,25,25,25,25,25,25,25
121971,1,1,1987,0,0,0,0,0,0,0,0,0,0
121972,0,1,1987,0,0,0,0,0,11,0,0,0,0
121972,1,1,1987,0,0,0,0,0,0,0,0,0,0
121973,1,1,1987,0,0,0,0,0,0,0,0,0,0
121973,2,1,1987,0,0,0,0,0,0,0,0,0,0
121973,3,1,1987,0,0,0,0,0,0,0,0,0,0
121974,1,1,1987,0,0,0,0,0,0,0,0,0,0
121974,2,1,1987,0,0,0,0,0,0,0,0,0,0
121975,0,1,1987,7,0,0,0,0,0,0,37,0,0
121975,1,1,1987,16,12,0,50,0,0,0,0,0,0
121975,2,1,1987,23,33,0,0,0,0,0,0,0,0
121976,1,1,1987,0,0,0,0,0,0,0,0,0,0
121976,2,1,1987,2,0,0,0,0,0,16,0,0,0
121976,3,1,1987,0,0,0,0,0,0,0,0,0,0
121976,4,1,1987,0,0,0,0,0,0,0,6,0,0
121976,5,1,1987,6,0,0,0,5,0,0,10,0,0
121976,6,1,1987,14,6,26,0,0,11,0,0,10,0
121976,7,1,1987,0,0,25,0,0,0,14,0,0,0
121976,8,1,1987,0,0,0,0,0,8,20,0,0,0
121977,1,1,1987,28,28,28,28,28,28,28,28,28,28
121977,2,1,1987,0,0,7,0,0,0,0,0,0,0
121978,1,1,1987,17,17,17,17,17,17,17,17,17,17
121979,0,1,1987,0,0,0,0,0,0,0,0,0,0
121979,1,1,1987,0,0,0,0,0,0,0,0,0,0
121980,1,1,1987,0,0,0,0,0,0,0,0,0,0
121982,1,1,1987,0,0,12,0,0,0,0,22,0,0
121983,1,1,1987,6,6,6,6,6,6,6,6,6,6
121984,1,1,1987,0,0,0,0,0,0,0,0,0,0
121985,1,1,1987,26,26,26,26,26,26,26,26,26,26
121985,2,1,1987,0,0,0,0,0,0,0,0,0,0
121986,1,1,1987,23,23,23,23,23,23,23,23,23,23
121987,0,1,1987,22,22,22,22,22,22,22,22,22,22
121987,1,1,1987,0,0,0,0,0,0,0,0,0,0
121988,1,1,1987,0,0,0,0,0,0,0,0,0,0
121988,2,1,1987,0,0,0,0,0,0,0,0,0,0
121988,3,1,1987,0,0,0,0,19,0,0,0,0,0
121989,1,1,1987,0,0,0,0,0,0,0,0,0,0
121989,2,1,1987,0,0,0,0,0,0,0,14,0,0
121990,1,1,1987,0,0,0,0,0,0,0,0,0,0
121990,2,1,1987,0,0,0,0,16,0,0,0,31,0
121991,0,1,1987,0,0,0,0,11,0,0,6,10,0
121991,0,2,1987,26,26,0,0,0,0,0,0,0,0
121991,1,1,1987,15,15,15,15,15,15,15,15,15,15
121991,2,1,1987,5,12,12,13,20,7,0,10,7,20
121991,3,1,1987,4,0,18,0,16,0,0,0,5,10
121992,1,1,1987,10,22,16,8,12,7,6,23,17,16
121992,2,1,1987,0,0,0,0,0,0,0,0,0,0
121993,1,1,1987,20,4,20,21,10,15,14,6,21,18
121993,2,1,1987,24,12,26,14,11,15,21,25,20,14
121994,1,1,1987,13,13,13,13,13,13,13,13,13,13
121995,1,1,1987,13,11,24,31,0,0,21,11,0,12
121995,2,1,1987,0,0,0,0,0,0,0,0,0,0
121995,3,1,1987,0,0,10,7,0,10,16,0,0,0
121996,1,1,1987,23,10,0,0,13,0,24,0,0,0
121997,1,1,1987,0,0,0,0,0,0,0,0,0,0
121997,2,1,1987,0,0,0,0,0,0,0,0,0,0
121998,1,1,1987,0,0,0,0,0,0,0,3,0,0
121998,2,1,1987,7,9,7,19,17,7,0,8,8,6
121999,1,1,1987,27,27,27,27,27,27,27,27,27,27
122000,0,1,1987,0,0,0,0,0,0,0,0,0,0
122000,1,1,1987,0,0,0,0,0,0,0,0,0,0
122001,1,1,1987,22,0,0,0,0,15,13,0,0,0
122001,2,1,1987,0,0,0,0,0,0,0,0,0,0
122002,1,1,1987,0,0,0,0,0,0,0,0,0,0
122003,1,1,1987,0,0,0,0,0,0,0,0,0,0
122004,0,1,1987,0,6,0,0,0,0,3,0,0,0
122004,1,1,1987,0,0,0,0,0,0,0,0,0,0
122005,1,1,1987,13,13,13,13,13,13,13,13,13,13
122005,2,1,1987,0,0,0,0,0,0,0,0,0,0
122005,3,1,1987,0,0,0,0,0,0,0,0,0,0
122006,0,1,1987,0,0,0,0,0,0,0,0,0,0
122006,0,2,1987,0,0,0,0,0,6,0,5,0,0
122006,0,3,1987,6,0,0,0,0,0,0,0,4,0
122006,0,4,1987,0,7,0,0,0,0,0,0,8,0
122006,1,1,1987,18,25,22,0,13,0,0,0,0,12
122007,1,1,1987,0,0,0,0,0,0,0,0,0,0
122007,2,1,1987,0,0,0,0,0,0,0,0,0,0
122008,1,1,1987,0,0,0,0,0,0,0,0,0,0
122008,2,1,1987,0,0,0,0,0,0,0,0,0,0
122009,1,1,1987,18,18,18,18,18,18,18,18,18,18
122009,2,1,1987,0,0,0,0,0,0,0,0,0,0
122009,3,1,1987,0,0,0,0,0,0,0,0,0,0
122010,1,1,1987,0,0,0,0,0,0,0,0,0,0
122010,2,1,1987,0,0,0,0,0,0,0,0,0,0
122011,1,1,1987,11,0,8,12,22,19,16,3,15,18
122011,2,1,1987,0,0,0,0,0,0,0,0,0,20
122012,1,1,1987,0,0,0,0,0,0,0,0,0,0
122012,2,1,1987,12,10,28,17,8,19,17,18,8,9
122013,1,1,1987,21,21,21,21,21,21,21,21,21,21
122014,1,1,1987,0,0,0,0,0,0,0,0,0,0
122014,2,1,1987,0,0,0,0,0,0,20,0,0,0
122015,0,1,1987,20,20,20,20,20,20,20,20,20,20
122015,1,1,1987,0,0,0,0,0,0,0,0,0,0
122016,1,1,1987,0,0,0,0,0,0,0,0,0,0
122017,1,1,1987,11,0,0,0,20,0,0,0,0,11
122018,1,1,1987,24,24,24,24,24,24,24,24,24,24
122019,0,1,1987,0,0,0,0,0,0,0,0,0,0
122019,1,1,1987,0,0,0,0,0,0,0,0,0,0
122020,1,1,1987,0,12,13,22,12,19,19,0,19,24
122020,2,1,1987,0,0,0,0,0,0,0,0,0,0
122020,3,1,1987,0,0,0,0,0,0,0,0,0,0
122021,1,1,1987,17,17,17,17,17,17,17,17,17,17
122021,2,1,1987,0,0,0,0,0,0,0,8,6,0
122022,0,1,1987,11,11,11,11,11,11,11,11,11,11
122022,1,1,1987,17,7,0,39,0,11,0,0,0,0
122023,1,1,1987,11,11,11,11,11,11,11,11,11,11
122024,1,1,1987,12,25,31,36,25,13,36,7,0,16
122024,2,1,1987,0,0,0,0,0,0,0,0,0,0
122025,0,1,1987,0,0,20,21,0,0,0,0,0,13
122025,0,2,1987,0,0,32,0,0,0,0,12,0,14
122025,1,1,1987,41,26,34,17,6,15,2,16,30,6
122026,1,1,1987,0,0,0,0,0,0,0,0,0,0
122027,1,1,1987,11,0,0,13,14,39,41,20,30,20