ST_CASE,VEH_NO,PER_NO,YEAR,P1,P2,P3,P4,P5,P6,P7,P8,P9,P10
122303,1,1,1987,0,0,0,0,0,0,0,0,0,0
122304,0,1,1987,0,0,0,0,0,0,0,0,0,0
122304,1,1,1987,0,0,0,0,0,0,0,0,0,0
122305,1,1,1987,0,0,0,0,0,0,0,0,0,0
122305,2,1,1987,0,0,0,0,0,0,0,0,0,0
122305,3,1,1987,0,0,0,0,0,0,30,0,0,26
122306,1,1,1987,0,0,0,0,0,0,0,0,0,0
122306,2,1,1987,0,8,0,0,0,0,0,0,0,0
122307,1,1,1987,7,7,19,17,7,4,13,17,23,20
122308,1,1,1987,0,0,0,0,0,0,0,0,0,0
122308,2,1,1987,11,0,0,0,0,0,0,10,0,0
122309,1,1,1987,0,0,0,0,0,0,0,0,0,0
122309,2,1,1987,0,0,0,0,0,0,0,0,0,0
122310,1,1,1987,7,7,7,7,7,7,7,7,7,7
122310,2,1,1987,0,0,0,0,0,0,0,0,0,0
122311,0,1,1987,42,42,42,42,42,42,42,42,42,42
122311,1,1,1987,0,0,0,0,0,0,0,0,0,0
122312,1,1,1987,0,0,0,0,0,0,0,0,0,0
122312,2,1,1987,0,17,0,0,0,0,0,0,0,0
122312,3,1,1987,0,0,0,0,0,0,0,0,0,0
122313,0,1,1987,23,0,0,0,0,0,0,0,0,13
122314,1,1,1987,12,7,0,6,26,17,7,8,7,16
122314,2,1,1987,0,17,0,10,0,0,0,0,0,0
122315,1,1,1987,15,15,15,15,15,15,15,15,15,15
122316,1,1,1987,0,0,0,0,0,0,0,0,0,0
122316,2,1,1987,0,0,0,0,0,0,0,0,0,0
122316,3,1,1987,0,0,0,0,0,0,0,0,0,0
122317,1,1,1987,5,7,23,6,16,2,15,9,15,12
122317,2,1,1987,12,12,12,12,12,12,12,12,12,12
122318,0,1,1987,0,0,0,0,0,0,5,0,0,0
122318,1,1,1987,14,14,14,14,14,14,14,14,14,14
122318,2,1,1987,0,0,0,0,0,0,0,0,0,0
122319,0,1,1987,0,22,24,0,0,0,0,0,0,0
122319,0,2,1987,0,0,0,0,0,0,0,0,0,0
122319,1,1,1987,20,0,0,0,0,20,0,0,0,0
122319,2,1,1987,0,0,18,16,0,0,0,0,16,0
122320,0,1,1987,0,11,0,0,14,5,31,0,5,3
122320,1,1,1987,0,0,0,0,0,0,0,0,0,0
122321,1,1,1987,0,0,0,0,0,0,0,0,0,0
122322,0,1,1987,0,0,0,0,0,24,0,0,0,0
122322,1,1,1987,0,0,0,0,0,0,0,0,0,0
122323,1,1,1987,23,23,23,23,23,23,23,23,23,23
122323,2,1,1987,0,0,0,0,0,0,0,0,0,0
122324,1,1,1987,0,0,0,0,0,0,0,0,0,0
122324,2,1,1987,0,0,0,0,0,0,0,0,10,0
122325,1,1,1987,0,0,0,0,0,0,0,0,0,0
122325,2,1,1987,12,11,13,15,25,0,0,0,0,11
122326,1,1,1987,0,0,0,0,0,5,0,0,0,0
122326,2,1,1987,19,19,19,19,19,19,19,19,19,19
122327,1,1,1987,14,14,14,14,14,14,14,14,14,14
122328,0,1,1987,0,0,0,0,0,0,0,0,0,0
122328,1,1,1987,0,0,0,0,0,0,0,0,0,0
122329,0,1,1987,0,0,0,0,0,0,0,0,0,0
122329,1,1,1987,5,5,5,5,5,5,5,5,5,5
122331,1,1,1987,29,29,29,29,29,29,29,29,29,29
122332,1,1,1987,0,0,0,0,0,0,0,0,0,0
122332,2,1,1987,0,0,0,0,0,0,0,0,0,0
122333,1,1,1987,0,0,0,0,0,0,0,0,0,0
122333,2,1,1987,0,0,0,0,0,0,0,0,0,0
122334,0,1,1987,0,0,0,0,0,0,0,0,0,0
122334,1,1,1987,0,0,0,0,0,0,0,0,0,0
122335,0,1,1987,0,0,28,0,0,0,0,0,0,0
122335,1,1,1987,0,0,0,0,0,0,0,0,0,0
122336,0,1,1987,0,0,0,0,0,0,0,0,0,0
122336,1,1,1987,0,0,0,0,0,0,0,0,0,0
122337,0,1,1987,0,0,0,0,0,0,0,0,0,0
122337,0,2,1987,0,0,0,0,0,0,0,0,0,0
122337,1,1,1987,11,11,11,11,11,11,11,11,11,11
122338,1,1,1987,0,0,0,0,0,0,0,0,0,0
122338,2,1,1987,0,0,0,0,0,0,0,0,0,0
122339,1,1,1987,20,20,20,20,20,20,20,20,20,20
122339,2,1,1987,2,2,2,2,2,2,2,2,2,2
122340,1,1,1987,11,0,0,0,0,0,0,11,0,0
122340,2,1,1987,8,8,8,8,8,8,8,8,8,8
122341,1,1,1987,6,6,19,11,15,20,0,14,0,6
122342,1,1,1987,21,21,21,21,21,21,21,21,21,21
122342,2,1,1987,0,0,0,0,0,0,0,0,0,0
122343,0,1,1987,17,19,9,26,16,46,34,0,21,0
122343,1,1,1987,0,4,14,15,19,0,11,9,20,12
122344,1,1,1987,10,10,10,10,10,10,10,10,10,10
122344,2,1,1987,0,0,0,0,0,0,0,0,0,0
122345,1,1,1987,0,0,0,0,16,0,0,0,11,0
122346,1,1,1987,0,0,0,0,0,0,0,0,0,0
122346,2,1,1987,0,0,0,0,0,0,0,0,0,0
122346,3,1,1987,0,0,0,0,0,0,0,0,0,0
122347,1,1,1987,0,0,0,0,0,0,0,0,0,0
122347,2,1,1987,0,0,0,0,0,0,0,0,0,0
122348,1,1,1987,0,0,0,0,0,0,0,0,0,0
122348,2,1,1987,0,0,0,0,0,0,0,0,0,18
122349,0,1,1987,0,0,0,0,0,0,0,0,0,0
122349,1,1,1987,0,0,0,0,0,0,0,0,0,0
122350,1,1,1987,0,0,0,5,12,0,0,0,0,0
122350,2,1,1987,14,0,0,23,13,0,0,9,23,0
122351,1,1,1987,0,0,0,0,0,0,0,0,0,0
122351,2,1,1987,0,0,0,0,0,0,0,0,0,0
122352,0,1,1987,0,19,0,0,0,0,36,0,0,0
122352,1,1,1987,0,0,0,0,0,0,0,0,0,0
122353,1,1,1987,0,0,0,0,0,0,16,12,0,7
122353,2,1,1987,0,0,0,0,0,0,0,0,0,0
122354,1,1,1987,0,0,0,0,0,0,0,0,0,17
122355,1,1,1987,0,0,0,0,0,0,0,0,0,0
122355,2,1,1987,0,0,0,0,0,0,0,0,0,0
122356,1,1,1987,0,0,0,0,0,0,0,0,0,0
122357,1,1,1987,0,0,11,9,8,16,29,0,0,0
122358,0,1,1987,0,0,0,0,0,0,0,0,0,0
122358,1,1,1987,0,0,0,0,0,0,0,0,0,0
122359,1,1,1987,0,0,0,0,0,0,0,0,0,8
122360,1,1,1987,0,0,0,0,0,0,0,0,0,0
122360,2,1,1987,0,0,0,0,0,0,0,0,0,0
122361,1,1,1987,19,33,30,28,13,9,21,7,38,13
122361,2,1,1987,16,9,29,23,13,0,24,12,7,10
122362,0,1,1987,0,0,0,0,0,0,0,0,0,0
122363,0,1,1987,15,15,15,15,15,15,15,15,15,15
122363,1,1,1987,0,0,0,0,0,0,0,0,0,0
122364,0,1,1987,14,20,5,0,12,25,16,0,28,16
122364,1,1,1987,0,0,0,0,0,0,0,0,0,0
122365,0,1,1987,0,0,0,0,0,0,0,0,0,0
122365,1,1,1987,0,0,0,0,0,0,0,0,0,0
122366,1,1,1987,0,0,0,0,0,0,0,0,0,0
122366,2,1,1987,0,0,0,0,0,0,0,0,0,0
122367,1,1,1987,0,0,0,0,9,0,0,0,0,0
122367,2,1,1987,0,0,0,0,9,0,0,0,0,0
122368,0,1,1987,36,0,14,14,15,14,0,20,25,19
122368,1,1,1987,0,0,0,20,0,0,0,0,0,0
122369,0,1,1987,4,4,4,4,4,4,4,4,4,4
122369,1,1,1987,0,0,0,0,0,0,0,0,0,0
122370,1,1,1987,0,0,0,0,0,0,0,0,0,0
122370,2,1,1987,0,0,0,0,0,0,20,11,0,0
122371,1,1,1987,15,15,15,15,15,15,15,15,15,15
122372,1,1,1987,0,0,0,0,0,0,0,0,0,0
122372,2,1,1987,0,0,0,0,0,0,0,0,0,0
122373,1,1,1987,14,14,14,14,14,14,14,14,14,14
122374,1,1,1987,17,17,17,17,17,17,17,17,17,17
122375,1,1,1987,27,27,27,27,27,27,27,27,27,27
122377,1,1,1987,16,16,16,16,16,16,16,16,16,16
122378,0,1,1987,0,0,0,0,0,0,0,0,0,0
122378,1,1,1987,0,0,0,0,0,0,0,0,0,0
122379,1,1,1987,16,16,16,16,16,16,16,16,16,16
122380,1,1,1987,0,0,0,0,0,0,0,0,0,0
122380,2,1,1987,0,0,10,14,15,7,8,11,10,7
122382,0,1,1987,0,0,0,0,0,0,0,0,0,0
122382,1,1,1987,0,0,0,0,0,0,8,0,0,0
122383,1,1,1987,0,0,0,0,0,0,0,0,0,0
122383,2,1,1987,0,0,0,0,0,0,0,0,0,0
122384,0,1,1987,0,0,10,0,0,0,0,0,0,0
122384,1,1,1987,0,0,0,3,0,17,6,0,7,19
122385,1,1,1987,28,28,28,28,28,28,28,28,28,28
122386,0,1,1987,0,0,0,0,0,0,0,0,0,0
122386,1,1,1987,0,0,9,0,0,94,0,11,0,0
122387,0,1,1987,0,0,0,0,0,0,0,0,0,0
122387,1,1,1987,0,0,0,0,0,0,0,0,8,0
122388,1,1,1987,19,19,19,19,19,19,19,19,19,19
122388,2,1,1987,12,37,11,14,24,19,6,2,21,6
122389,1,1,1987,14,14,14,14,14,14,14,14,14,14
122389,2,1,1987,0,0,0,0,0,0,0,0,0,0
122390,1,1,1987,0,0,0,0,21,0,17,20,0,0
122390,2,1,1987,0,21,0,0,0,0,0,0,0,0
122391,0,1,1987,27,27,27,27,27,27,27,27,27,27
122391,1,1,1987,0,0,0,0,0,0,0,0,0,0
122391,2,1,1987,7,0,0,0,0,27,8,0,0,0
122392,1,1,1987,0,0,0,0,0,0,0,0,0,0
122392,2,1,1987,0,0,0,0,0,0,0,0,0,0
122393,0,1,1987,30,20,0,21,19,36,15,24,29,20
122393,1,1,1987,0,0,27,0,0,0,0,0,0,0
122394,0,1,1987,23,23,23,23,23,23,23,23,23,23
122394,1,1,1987,0,0,0,0,0,26,0,0,0,0
122395,1,1,1987,21,21,21,21,21,21,21,21,21,21
122396,1,1,1987,0,0,0,0,0,0,0,0,0,0
122396,2,1,1987,0,0,0,0,0,0,0,0,0,0
122397,0,1,1987,0,0,0,0,0,0,0,0,0,0
122397,1,1,1987,0,14,29,22,0,11,24,4,8,0
122398,1,1,1987,0,0,0,0,0,0,0,8,0,14
122399,0,1,1987,0,11,0,0,0,0,0,0,0,27
122399,1,1,1987,0,0,0,0,0,0,0,0,0,0
122400,1,1,1987,10,10,10,10,10,10,10,10,10,10
122400,2,1,1987,0,0,0,0,0,0,0,0,0,0
122401,0,1,1987,0,0,0,8,6,0,0,0,8,0
122401,1,1,1987,12,14,0,15,13,10,0,19,17,32
122402,0,1,1987,0,0,0,0,0,0,0,0,0,0
122402,1,1,1987,0,9,0,0,0,0,0,0,0,0
122403,1,1,1987,0,20,21,27,0,0,0,0,8,29
122404,1,1,1987,0,0,0,0,17,0,4,11,0,0
122404,2,1,1987,0,0,10,0,0,0,0,0,0,0
122405,0,1,1987,0,0,0,0,0,0,0,0,5,0
122405,0,2,1987,0,0,0,0,0,0,0,0,0,0
122405,0,3,1987,0,8,0,0,0,0,0,0,13,0
122405,1,1,1987,0,0,0,0,0,0,0,0,0,0
122406,1,1,1987,0,0,0,0,2,0,0,0,0,0
122406,2,1,1987,0,0,0,0,0,0,0,0,0,0
122406,3,1,1987,20,20,20,20,20,20,20,20,20,20
122407,1,1,1987,24,14,0,18,17,15,14,8,19,0
122407,2,1,1987,16,0,7,0,0,0,0,20,0,0
122408,1,1,1987,0,0,0,0,0,0,0,0,0,0
122408,2,1,1987,0,0,3,0,0,0,0,0,0,0
122408,3,1,1987,9,0,0,0,0,0,0,0,0,0
122409,1,1,1987,0,0,0,0,0,0,0,0,0,0
122409,2,1,1987,0,0,0,0,0,0,0,0,0,0
122410,1,1,1987,0,0,0,0,0,0,0,0,0,0
122410,2,1,1987,0,0,0,0,0,0,0,0,0,0
122411,1,1,1987,6,6,6,6,6,6,6,6,6,6
122411,2,1,1987,0,0,0,0,0,0,0,0,0,0
122412,0,1,1987,0,0,0,0,0,0,0,0,0,0
122412,1,1,1987,0,0,0,0,17,0,0,0,0,0
122413,1,1,1987,18,10,10,9,2,22,12,25,23,2
122413,2,1,1987,0,19,24,0,32,24,0,26,17,11
122414,0,1,1987,17,17,17,17,17,17,17,17,17,17
122414,1,1,1987,14,0,25,11,0,0,0,0,0,0
122415,1,1,1987,19,19,19,19,19,19,19,19,19,19
122416,1,1,1987,0,0,0,0,0,0,0,0,0,0
122416,2,1,1987,0,0,0,0,0,0,0,0,0,0
122417,1,1,1987,0,0,0,0,0,0,0,0,0,0
122417,2,1,1987,0,0,0,0,0,0,0,0,0,0
122418,1,1,1987,0,14,5,12,4,17,12,4,22,11
122418,2,1,1987,0,0,0,0,0,0,0,0,0,0
122419,0,1,1987,0,0,0,4,0,0,0,0,0,0
122419,0,2,1987,0,0,0,0,0,0,0,0,0,2
122419,1,1,1987,0,0,0,0,0,0,0,0,0,0
122420,0,1,1987,0,0,0,0,27,0,0,0,21,0
122420,1,1,1987,15,14,10,17,0,15,12,6,13,15
122420,2,1,1987,0,0,0,0,0,0,10,0,0,0
122421,1,1,1987,0,0,0,0,0,0,0,0,0,0
122422,1,1,1987,0,0,0,0,0,0,0,0,0,0
122422,2,1,1987,0,0,0,0,0,0,0,0,0,0
122422,3,1,1987,0,0,0,0,0,0,0,0,0,0
122423,0,1,1987,0,0,0,0,0,0,0,0,18,0
122423,1,1,1987,0,0,0,0,0,0,0,0,0,0
122424,0,1,1987,0,0,0,0,0,0,0,0,0,0
122424,1,1,1987,11,5,10,11,9,26,11,13,16,4
122424,2,1,1987,0,19,0,0,0,0,0,0,0,0
122425,1,1,1987,0,0,0,0,0,0,0,0,0,0
122425,2,1,1987,13,19,0,11,15,0,0,0,9,17
122425,3,1,1987,0,0,0,0,0,0,0,0,0,0
122426,1,1,1987,16,16,16,16,16,16,16,16,16,16
122426,2,1,1987,0,0,0,0,0,0,0,0,0,0
122427,1,1,1987,0,0,0,0,0,17,13,0,0,0
122428,0,1,1987,0,0,0,0,0,6,0,0,0,0
122428,1,1,1987,0,0,0,0,0,0,0,0,0,0
122429,0,1,1987,0,0,0,10,12,0,0,0,18,0
122429,1,1,1987,0,0,0,0,0,0,0,0,0,0
122430,1,1,1987,0,0,29,19,0,0,15,11,0,0
122431,1,1,1987,23,6,7,4,20,9,33,11,0,4
122432,1,1,1987,0,0,0,0,0,26,0,0,0,0
122432,2,1,1987,0,0,0,0,0,0,0,0,0,0
122433,0,1,1987,0,0,0,0,0,0,0,0,0,0
122433,1,1,1987,0,0,0,0,0,0,0,0,0,0
122434,1,1,1987,16,0,0,0,0,0,0,0,0,0
122434,2,1,1987,0,0,0,0,0,0,0,0,0,0
122436,1,1,1987,0,0,12,0,0,0,0,5,14,17
122436,2,1,1987,0,0,0,0,0,7,0,15,0,0
122437,1,1,1987,7,7,7,7,7,7,7,7,7,7
122437,2,1,1987,0,0,0,0,0,0,0,0,0,0
122438,0,1,1987,4,0,0,12,0,0,7,0,19,0
122438,1,1,1987,0,0,0,0,0,18,0,20,0,0
122438,2,1,1987,32,0,0,0,0,0,17,0,0,0
122439,0,1,1987,0,0,0,14,0,0,0,0,0,23
122439,1,1,1987,10,0,0,18,0,13,14,0,12,23
122440,1,1,1987,8,0,0,0,0,0,0,0,0,0
122440,2,1,1987,0,0,0,0,0,0,0,0,0,0
122441,1,1,1987,0,4,6,33,0,18,0,22,0,0
122442,1,1,1987,13,13,13,13,13,13,13,13,13,13
122443,0,1,1987,0,0,0,0,0,0,0,0,0,0
122443,1,1,1987,0,0,0,0,0,0,0,0,0,0
122444,0,1,1987,8,0,0,0,0,0,0,11,0,0
122444,1,1,1987,0,0,0,0,0,0,0,0,0,0
122445,1,1,1987,15,15,15,15,15,15,15,15,15,15
122446,1,1,1987,9,9,9,9,9,9,9,9,9,9
122447,0,1,1987,0,0,0,0,0,0,0,0,0,0
122447,1,1,1987,0,0,13,0,0,20,0,0,0,0
122448,1,1,1987,18,18,18,18,18,18,18,18,18,18
122448,2,1,1987,21,21,21,21,21,21,21,21,21,21
122449,0,1,1987,25,17,8,36,0,0,0,11,14,15
122449,1,1,1987,0,36,59,0,5,0,0,24,8,19
122450,1,1,1987,0,0,0,12,0,0,0,0,0,0
122451,1,1,1987,0,0,0,0,0,0,0,0,0,0
122452,1,1,1987,0,3,7,7,0,19,12,19,0,29
122452,2,1,1987,0,0,0,0,0,0,0,0,0,0
122452,3,1,1987,19,19,19,19,19,19,19,19,19,19
122453,1,1,1987,23,23,23,23,23,23,23,23,23,23
122453,2,1,1987,0,0,0,0,0,0,0,0,0,0
122454,1,1,1987,0,0,0,0,0,0,0,0,0,0
122454,2,1,1987,0,0,0,0,0,0,0,0,24,0
122455,0,1,1987,0,0,0,0,0,0,0,0,0,0
122455,1,1,1987,0,0,0,0,0,0,0,0,0,0
122456,1,1,1987,0,0,0,0,0,0,0,0,0,0
122456,2,1,1987,0,0,21,0,0,0,10,0,0,0
122456,3,1,1987,8,0,0,0,0,0,0,0,0,0
122456,4,1,1987,0,0,0,0,0,0,0,0,0,0
122457,0,1,1987,18,0,0,0,0,0,0,0,0,0
122457,1,1,1987,0,0,0,0,0,0,0,0,0,0
122458,1,1,1987,0,0,0,0,0,0,0,0,0,0
122459,0,1,1987,0,0,0,0,0,0,0,0,0,0
122459,1,1,1987,0,9,13,0,0,0,2,5,0,14
122460,1,1,1987,2,2,2,2,2,2,2,2,2,2
122460,2,1,1987,0,0,0,0,0,0,0,0,0,0
122460,3,1,1987,0,0,0,0,0,0,0,0,0,0
122460,4,1,1987,0,0,0,0,0,0,0,0,0,0
122461,0,1,1987,0,0,0,0,0,0,0,0,0,0
122461,1,1,1987,0,0,0,0,0,0,0,0,0,0
122462,1,1,1987,0,0,0,0,0,0,0,0,0,0
122462,2,1,1987,0,0,0,0,0,0,0,0,0,0
122463,0,1,1987,30,28,0,17,0,20,18,22,19,0
122463,1,1,1987,0,0,0,0,0,0,0,0,0,0
122464,1,1,1987,0,0,0,0,0,0,0,0,0,0
122464,2,1,1987,0,0,0,0,0,0,0,0,0,0
122464,3,1,1987,0,0,0,0,0,0,0,0,0,0
122465,0,1,1987,0,0,0,0,0,0,0,0,0,0
122465,1,1,1987,0,0,0,0,0,0,0,0,0,0
122466,0,1,1987,8,12,32,3,8,27,27,16,28,32
122466,1,1,1987,8,30,15,16,13,8,8,14,16,10
122467,1,1,1987,0,0,0,0,23,0,0,0,0,0
122468,1,1,1987,0,0,0,0,0,0,3,0,11,0
122468,2,1,1987,11,9,20,16,26,0,0,0,0,10
122469,1,1,1987,11,11,11,11,11,11,11,11,11,11
122470,1,1,1987,0,0,27,18,10,0,0,7,0,17
122471,1,1,1987,17,17,17,17,17,17,17,17,17,17
122472,0,1,1987,0,0,0,0,0,0,0,0,0,0
122472,1,1,1987,0,0,0,0,0,0,0,0,0,0
122473,1,1,1987,0,29,18,12,0,11,12,5,0,8
122473,2,1,1987,0,0,0,0,0,0,0,0,0,0
122473,3,1,1987,9,0,0,0,0,0,0,0,0,0
122474,1,1,1987,2,9,17,21,13,0,10,20,8,15
122475,1,1,1987,25,25,25,25,25,25,25,25,25,25
122476,1,1,1987,15,15,15,15,15,15,15,15,15,15
122477,1,1,1987,22,14,16,8,18,0,44,24,6,22
122477,2,1,1987,15,15,15,15,15,15,15,15,15,15
122478,1,1,1987,0,0,15,0,0,11,0,0,7,0
122479,1,1,1987,15,15,15,15,15,15,15,15,15,15
122480,1,1,1987,30,14,19,26,25,15,8,18,22,14
122481,0,1,1987,12,22,0,7,7,19,53,16,34,31
122481,1,1,1987,7,0,0,0,0,0,15,0,43,0
122482,0,1,1987,28,28,28,28,28,28,28,28,28,28
122482,1,1,1987,32,10,13,18,15,0,20,7,7,12
122483,1,1,1987,2,2,2,2,2,2,2,2,2,2
122484,1,1,1987,33,33,33,33,33,33,33,33,33,33
122485,0,1,1987,13,13,13,13,13,13,13,13,13,13
122485,1,1,1987,0,0,0,0,0,0,0,0,0,0
122485,2,1,1987,0,0,16,3,19,0,0,0,0,7
122485,3,1,1987,0,0,0,0,0,0,0,0,0,0
122486,1,1,1987,14,14,14,14,14,14,14,14,14,14
122487,1,1,1987,18,18,18,18,18,18,18,18,18,18
122488,1,1,1987,0,0,0,0,0,0,0,0,0,0
122488,2,1,1987,10,0,0,19,0,0,15,0,0,0
122489,0,1,1987,20,20,20,20,20,20,20,20,20,20
122489,1,1,1987,0,0,0,0,0,0,0,0,0,0
122490,0,1,1987,19,19,19,19,19,19,19,19,19,19
122490,1,1,1987,0,0,0,0,0,0,0,0,0,0
122490,2,1,1987,0,0,0,0,0,0,0,0,0,0
122491,0,1,1987,0,0,0,0,0,0,0,0,0,0
122491,1,1,1987,0,0,0,0,0,0,0,0,0,0
122492,0,1,1987,0,0,0,0,0,0,0,0,0,0
122492,1,1,1987,0,0,0,0,0,0,0,0,0,0
122493,1,1,1987,0,0,0,0,0,0,0,0,0,0
122493,2,1,1987,0,0,0,0,0,0,0,0,0,19
122493,3,1,1987,0,0,0,13,0,0,0,17,17,0
122494,1,1,1987,0,0,0,9,0,14,0,9,0,0
122496,1,1,1987,0,11,0,0,0,0,0,0,0,0
122497,0,1,1987,0,0,0,0,0,0,0,0,0,0
122497,1,1,1987,0,21,20,15,0,0,16,0,0,0
122498,1,1,1987,0,0,0,0,0,0,0,0,0,0
122499,1,1,1987,14,21,19,17,16,11,12,0,6,20
122500,1,1,1987,0,0,0,0,0,0,0,0,18,0
122500,2,1,1987,0,0,0,0,0,0,0,0,0,0
122501,0,1,1987,20,20,20,20,20,20,20,20,20,20
122501,1,1,1987,20,20,20,20,20,20,20,20,20,20
122502,0,1,1987,40,40,40,40,40,40,40,40,40,40
122502,1,1,1987,0,0,9,29,0,0,0,0,0,0
122503,1,1,1987,21,21,21,21,21,21,21,21,21,21
122504,1,1,1987,16,16,16,16,16,16,16,16,16,16
122504,2,1,1987,14,0,0,0,13,0,0,0,0,0
122505,0,1,1987,34,34,34,34,34,34,34,34,34,34
122505,1,1,1987,0,0,0,0,0,0,0,0,0,0
122506,1,1,1987,0,0,0,0,0,0,0,0,0,0
122506,2,1,1987,0,0,0,0,6,0,0,0,0,0
122506,3,1,1987,0,0,0,0,22,0,0,0,0,0
122506,4,1,1987,0,0,0,0,0,0,0,0,0,0
122507,0,1,1987,11,11,11,11,11,11,11,11,11,11
122507,1,1,1987,7,0,17,0,8,0,19,12,0,6
122507,2,1,1987,13,28,0,0,10,42,13,0,0,17
122508,1,1,1987,0,0,0,0,0,0,0,0,0,0
122508,2,1,1987,0,0,0,0,0,0,0,0,23,0
122509,1,1,1987,0,0,0,0,0,0,0,0,0,0
122509,2,1,1987,0,0,0,0,0,0,0,0,0,0
122510,1,1,1987,0,0,0,0,0,0,0,0,0,0
122511,0,1,1987,2,2,2,2,2,2,2,2,2,2
122511,1,1,1987,0,0,0,0,0,0,0,0,0,0
122512,0,1,1987,15,15,15,15,15,15,15,15,15,15
122512,1,1,1987,0,0,0,0,0,0,0,0,0,0
122513,0,1,1987,0,0,10,14,0,0,0,0,0,0
122513,1,1,1987,0,0,0,0,0,0,0,0,0,0
122514,1,1,1987,30,30,30,30,30,30,30,30,30,30
122515,0,1,1987,17,17,17,17,17,17,17,17,17,17
122515,1,1,1987,26,0,18,14,12,0,27,0,18,0
122515,2,1,1987,0,0,0,0,0,0,0,0,0,0
122516,1,1,1987,17,8,9,28,9,10,12,32,2,15
122516,2,1,1987,0,0,0,0,0,3,0,0,0,0
122517,1,1,1987,33,20,11,9,9,34,19,0,21,15
122518,1,1,1987,18,18,18,18,18,18,18,18,18,18
122519,0,1,1987,23,23,23,23,23,23,23,23,23,23
122519,1,1,1987,0,0,0,0,0,0,0,0,0,0
122520,1,1,1987,0,0,0,0,0,0,0,0,0,0
122521,1,1,1987,0,0,0,0,0,44,0,0,0,0
122521,2,1,1987,0,0,0,0,0,0,0,0,0,0
122521,3,1,1987,0,0,0,0,0,0,0,0,0,0
122522,0,1,1987,2,2,2,2,2,2,2,2,2,2
122522,0,2,1987,0,9,0,0,0,0,0,0,0,39
122522,0,3,1987,5,0,0,0,0,0,0,9,0,0
122522,1,1,1987,24,17,21,32,1,10,14,2,9,18
122523,1,1,1987,20,20,20,20,20,20,20,20,20,20
122524,1,1,1987,0,0,0,0,0,0,0,0,0,0
122524,2,1,1987,14,14,14,14,14,14,14,14,14,14
122525,1,1,1987,13,13,13,13,13,13,13,13,13,13
122525,2,1,1987,0,0,0,0,0,0,0,0,0,0
122526,1,1,1987,5,5,5,5,5,5,5,5,5,5
122527,0,1,1987,25,25,25,25,25,25,25,25,25,25
122527,1,1,1987,6,25,20,6,19,8,10,8,16,12
122528,1,1,1987,0,0,0,0,0,0,0,0,0,0
122528,2,1,1987,0,0,0,0,0,0,0,0,0,0
122529,0,1,1987,0,0,0,0,0,0,0,0,0,0
122529,0,2,1987,0,0,0,0,0,0,0,0,0,0
122529,0,3,1987,0,0,0,0,0,0,0,0,0,0
122529,1,1,1987,0,0,0,0,0,0,0,0,0,0
122531,1,1,1987,0,0,0,0,0,0,0,0,0,0
122531,2,1,1987,0,0,0,0,0,0,0,0,0,0
122532,0,1,1987,0,22,0,10,0,0,7,8,0,10
122532,1,1,1987,0,0,0,0,0,0,0,0,0,0
122533,0,1,1987,0,0,0,0,0,0,0,0,0,0
122533,1,1,1987,0,0,0,0,0,0,0,0,0,0
122534,0,1,1987,0,0,0,0,0,0,0,0,0,0
122534,1,1,1987,0,0,0,0,0,0,0,0,0,0
122535,0,1,1987,31,31,31,31,31,31,31,31,31,31
122535,1,1,1987,0,15,0,0,0,0,0,0,0,0
122536,1,1,1987,0,0,0,0,0,0,0,0,0,0
122537,1,1,1987,34,34,34,34,34,34,34,34,34,34
122537,2,1,1987,21,21,21,21,21,21,21,21,21,21
122538,1,1,1987,22,22,22,22,22,22,22,22,22,22
122539,0,1,1987,20,20,20,20,20,20,20,20,20,20
122539,1,1,1987,6,6,6,6,6,6,6,6,6,6
122540,1,1,1987,12,12,20,6,6,0,19,18,17,20
122541,1,1,1987,0,0,0,0,0,0,0,0,0,0
122541,2,1,1987,0,0,0,0,0,0,0,0,0,0
122542,1,1,1987,0,0,0,0,0,0,0,0,0,0
122542,2,1,1987,0,0,0,0,0,0,0,0,0,0
122543,1,1,1987,0,0,0,0,0,0,0,0,0,0
122543,2,1,1987,0,0,0,0,0,0,0,0,0,0
122544,1,1,1987,17,17,17,17,17,17,17,17,17,17
122545,1,1,1987,27,27,27,27,27,27,27,27,27,27
122546,0,1,1987,0,0,0,0,0,0,0,0,0,0
122546,1,1,1987,0,15,0,0,0,0,0,0,0,0
122547,0,1,1987,0,0,0,0,0,0,0,0,0,0
122547,1,1,1987,0,0,0,0,0,0,0,0,0,0
122548,1,1,1987,0,0,0,0,0,0,0,0,0,0
122548,2,1,1987,0,0,0,0,0,0,0,0,0,0
122549,1,1,1987,0,0,28,12,0,0,0,3,0,0
122550,1,1,1987,0,0,0,0,0,0,0,0,0,0
122550,2,1,1987,0,0,0,0,0,0,0,0,22,0
122551,0,1,1987,0,0,0,0,0,0,0,0,0,5
122551,1,1,1987,0,0,0,0,0,0,0,0,0,0
122552,1,1,1987,0,0,0,0,0,0,0,0,0,0
122552,2,1,1987,10,12,19,5,21,0,4,5,0,0
122553,1,1,1987,0,0,3,0,0,0,0,0,0,0
122553,2,1,1987,0,0,0,0,0,11,0,0,0,0