ST_CASE,VEH_NO,PER_NO,YEAR,P1,P2,P3,P4,P5,P6,P7,P8,P9,P10
122554,1,1,1987,0,0,0,0,0,0,0,0,0,0
122554,2,1,1987,0,0,0,0,0,0,0,0,0,0
122555,0,1,1987,0,0,0,0,0,0,0,0,0,0
122555,1,1,1987,28,28,28,28,28,28,28,28,28,28
122556,1,1,1987,0,0,0,0,0,0,0,0,0,0
122556,2,1,1987,0,0,0,0,0,0,0,0,0,0
122557,1,1,1987,0,0,0,15,15,0,0,0,0,0
122558,0,1,1987,8,8,8,8,8,8,8,8,8,8
122558,1,1,1987,11,11,11,11,11,11,11,11,11,11
122559,1,1,1987,0,0,0,0,0,0,0,0,0,0
122559,2,1,1987,0,0,0,0,0,0,0,0,0,0
122560,1,1,1987,21,21,21,21,21,21,21,21,21,21
122562,1,1,1987,0,0,0,0,0,0,0,0,0,0
122563,0,1,1987,0,0,0,0,0,0,0,0,0,0
122563,1,1,1987,0,12,0,0,0,0,0,0,0,0
122564,1,1,1987,0,0,0,0,0,0,0,0,0,0
122564,2,1,1987,0,0,0,0,0,7,0,17,0,0
122565,1,1,1987,12,0,0,0,0,0,0,0,15,0
122566,1,1,1987,0,0,0,0,0,0,0,0,0,0
122567,1,1,1987,0,0,0,0,0,0,0,0,0,0
122567,2,1,1987,0,0,0,0,0,0,0,0,0,0
122569,1,1,1987,17,17,17,17,17,17,17,17,17,17
122570,1,1,1987,0,0,0,0,0,0,0,0,0,0
122571,1,1,1987,0,0,0,0,0,0,0,0,0,0
122571,2,1,1987,21,21,21,21,21,21,21,21,21,21
122571,3,1,1987,0,0,0,0,0,0,0,0,0,0
122572,1,1,1987,0,0,0,0,10,0,0,0,0,0
122572,2,1,1987,0,0,0,0,0,10,0,0,0,0
122573,1,1,1987,5,5,5,5,5,5,5,5,5,5
122574,1,1,1987,33,33,33,33,33,33,33,33,33,33
122575,1,1,1987,27,27,27,27,27,27,27,27,27,27
122577,1,1,1987,0,0,0,0,0,0,0,0,0,0
122577,2,1,1987,0,0,0,0,0,0,0,0,0,0
122578,0,1,1987,0,0,0,0,0,12,0,0,10,0
122578,1,1,1987,0,0,0,0,0,0,0,0,0,0
122579,1,1,1987,0,0,0,0,0,0,0,8,0,0
122579,2,1,1987,0,0,0,0,0,0,0,0,0,0
122580,1,1,1987,20,20,20,20,20,20,20,20,20,20
122580,2,1,1987,20,10,8,6,9,0,2,2,12,4
122581,0,1,1987,0,18,0,11,0,0,14,0,0,20
122581,1,1,1987,8,15,13,14,15,16,15,0,8,22
122582,0,1,1987,0,0,0,0,0,0,0,18,0,38
122582,1,1,1987,0,0,0,6,0,17,0,0,0,34
122583,1,1,1987,0,0,0,11,0,0,0,0,0,0
122583,2,1,1987,0,0,0,0,0,0,0,0,0,0
122584,0,1,1987,13,0,0,0,0,0,0,0,0,0
122584,1,1,1987,0,0,15,0,0,22,34,17,0,0
122585,1,1,1987,0,0,0,0,0,0,0,0,0,0
122585,2,1,1987,0,0,0,0,0,0,8,0,0,0
122586,1,1,1987,10,0,0,0,8,0,6,21,0,0
122587,1,1,1987,0,0,0,0,0,0,0,0,0,0
122587,2,1,1987,0,0,0,0,0,0,0,0,0,0
122587,3,1,1987,0,0,0,0,0,0,0,0,0,0
122588,0,1,1987,0,0,7,0,0,0,0,0,5,0
122588,1,1,1987,0,16,0,0,0,0,0,0,0,0
122589,1,1,1987,0,12,0,12,11,9,0,22,9,0
122589,2,1,1987,0,0,0,0,0,0,0,0,0,0
122590,1,1,1987,0,0,0,0,0,0,0,0,0,0
122590,2,1,1987,28,17,14,0,3,3,14,13,11,14
122591,1,1,1987,0,0,0,0,0,0,0,0,0,0
122591,2,1,1987,0,0,0,0,0,0,0,0,0,0
122592,1,1,1987,0,0,0,0,0,0,0,0,0,0
122593,0,1,1987,26,26,26,26,26,26,26,26,26,26
122593,1,1,1987,0,0,0,0,0,0,0,0,0,0
122594,1,1,1987,0,0,0,0,8,0,0,0,0,9
122594,2,1,1987,0,14,25,22,5,16,29,18,14,26
122595,1,1,1987,23,23,23,23,23,23,23,23,23,23
122596,0,1,1987,0,0,0,0,0,0,0,0,0,0
122596,1,1,1987,0,0,0,0,0,0,0,0,23,0
122597,0,1,1987,28,3,34,10,11,13,37,25,8,23
122597,1,1,1987,6,8,0,0,0,8,10,11,0,0
122598,0,1,1987,27,27,27,27,27,27,27,27,27,27
122598,1,1,1987,0,0,0,0,0,0,0,0,0,0
122599,1,1,1987,12,12,12,12,12,12,12,12,12,12
122600,0,1,1987,8,0,0,0,0,12,10,0,0,0
122600,0,2,1987,0,7,13,0,0,0,0,12,2,0
122600,1,1,1987,0,0,0,0,0,0,24,0,0,0
122601,1,1,1987,0,0,0,0,0,0,0,0,0,0
122602,1,1,1987,28,28,28,28,28,28,28,28,28,28
122602,2,1,1987,0,0,0,0,0,0,0,0,0,0
122603,0,1,1987,0,0,0,0,20,0,0,24,0,0
122603,1,1,1987,0,0,0,0,6,0,0,0,0,0
122604,1,1,1987,19,16,21,8,15,14,9,13,18,14
122604,2,1,1987,0,0,0,0,0,0,0,0,0,0
122604,3,1,1987,0,0,0,0,8,14,0,0,0,0
122605,1,1,1987,0,0,18,23,0,0,13,23,0,0
122606,1,1,1987,21,21,21,21,21,21,21,21,21,21
122607,0,1,1987,23,23,23,23,23,23,23,23,23,23
122607,1,1,1987,0,0,0,16,0,17,0,0,14,14
122608,1,1,1987,0,0,0,0,0,0,0,0,0,0
122609,0,1,1987,0,0,0,0,0,0,0,0,0,0
122609,1,1,1987,0,0,0,0,0,0,0,13,0,0
122610,0,1,1987,30,22,13,0,17,17,17,37,14,43
122610,1,1,1987,20,5,12,18,4,19,19,14,19,5
122611,1,1,1987,20,0,0,0,0,0,0,0,0,0
122612,1,1,1987,14,14,14,14,14,14,14,14,14,14
122613,0,1,1987,0,0,0,0,0,0,0,0,0,0
122613,1,1,1987,0,0,0,0,0,0,0,0,0,0
122614,1,1,1987,0,0,0,0,0,0,0,0,0,0
122614,2,1,1987,0,0,0,0,0,0,0,0,0,0
122615,1,1,1987,0,0,0,0,0,0,0,0,0,0
122615,2,1,1987,0,0,3,0,0,9,0,0,0,0
122616,1,1,1987,0,0,0,0,0,0,0,0,0,20
122616,2,1,1987,0,0,0,0,0,0,0,0,0,0
122616,3,1,1987,0,0,0,0,0,0,0,0,0,0
122616,4,1,1987,0,0,0,0,0,0,0,0,0,6
122616,5,1,1987,0,0,0,0,0,0,0,0,0,0
122616,6,1,1987,0,0,0,0,0,0,0,0,0,0
122617,1,1,1987,0,0,0,0,0,0,0,0,0,0
122617,2,1,1987,0,0,0,0,0,0,0,0,0,0
122618,0,1,1987,0,0,8,0,13,0,0,0,10,0
122618,1,1,1987,0,0,0,0,0,0,0,0,0,0
122619,1,1,1987,0,0,0,0,0,0,0,0,0,0
122620,1,1,1987,14,14,14,14,14,14,14,14,14,14
122621,1,1,1987,0,0,0,0,0,0,0,0,0,0
122621,2,1,1987,0,0,0,0,0,0,0,24,0,19
122622,1,1,1987,29,29,29,29,29,29,29,29,29,29
122623,1,1,1987,0,0,0,0,0,0,0,0,0,0
122623,2,1,1987,0,0,0,0,0,0,0,0,0,0
122624,0,1,1987,0,0,0,0,0,0,0,0,0,0
122624,1,1,1987,0,0,0,0,0,0,0,0,0,0
122625,1,1,1987,0,0,0,0,0,0,0,0,0,0
122625,2,1,1987,0,0,0,0,7,0,0,0,0,0
122626,1,1,1987,0,0,0,0,0,0,0,0,0,0
122626,2,1,1987,0,0,0,0,0,0,0,0,0,0
122627,1,1,1987,24,24,24,24,24,24,24,24,24,24
122628,1,1,1987,30,30,30,30,30,30,30,30,30,30
122629,1,1,1987,0,0,0,0,0,0,0,0,0,0
122629,2,1,1987,0,0,0,0,0,0,0,0,0,0
122630,1,1,1987,0,0,0,0,0,0,0,0,0,23
122631,1,1,1987,0,0,16,0,0,0,9,16,0,0
122631,2,1,1987,0,0,35,6,23,17,20,14,0,9
122632,1,1,1987,12,12,12,12,12,12,12,12,12,12
122634,1,1,1987,0,0,0,0,0,0,0,0,0,0
122634,2,1,1987,0,0,0,0,5,0,0,0,0,0
122635,0,1,1987,0,18,9,0,2,28,0,8,0,0
122635,1,1,1987,0,0,16,0,0,0,0,0,0,0
122636,1,1,1987,0,0,0,0,0,0,0,0,0,0
122636,2,1,1987,18,18,18,18,18,18,18,18,18,18
122637,0,1,1987,0,0,0,0,0,0,0,0,0,0
122637,0,2,1987,0,0,0,0,0,0,2,0,0,0
122637,1,1,1987,0,0,0,0,0,0,0,0,0,0
122638,1,1,1987,35,16,7,12,7,15,23,19,9,13
122638,2,1,1987,0,0,0,0,0,0,0,0,0,0
122639,1,1,1987,0,0,0,0,0,0,0,0,0,0
122639,2,1,1987,0,0,0,0,0,0,0,0,0,0
122640,1,1,1987,8,8,8,8,8,8,8,8,8,8
122640,2,1,1987,13,13,13,13,13,13,13,13,13,13
122641,0,1,1987,0,0,0,0,0,0,0,0,12,0
122641,1,1,1987,0,0,0,0,0,0,0,0,0,0
122642,1,1,1987,2,2,2,2,2,2,2,2,2,2
122642,2,1,1987,0,0,0,0,0,0,0,0,0,0
122642,3,1,1987,0,0,0,0,0,0,0,0,0,0
122643,1,1,1987,9,0,0,0,0,0,0,0,0,0
122643,2,1,1987,0,0,0,0,0,0,0,0,0,0
122643,3,1,1987,0,0,0,0,0,0,0,0,0,0
122644,1,1,1987,0,0,0,0,0,0,0,0,0,0
122644,2,1,1987,0,0,0,0,0,0,0,0,0,0
122645,1,1,1987,9,0,0,0,0,4,0,0,4,0
122645,2,1,1987,0,0,0,0,0,0,7,0,0,0
122646,0,1,1987,17,17,17,17,17,17,17,17,17,17
122646,1,1,1987,0,0,0,0,0,0,0,0,0,0
122647,0,1,1987,9,9,9,9,9,9,9,9,9,9
122647,1,1,1987,0,0,0,0,0,0,13,0,0,0
122648,1,1,1987,0,0,0,0,0,0,0,0,0,0
122648,2,1,1987,0,0,0,0,0,0,0,0,0,0
122648,3,1,1987,0,0,0,0,0,0,0,0,0,0
122648,4,1,1987,0,0,0,0,0,0,0,0,0,0
122648,5,1,1987,0,0,0,15,0,0,0,0,0,0
122648,6,1,1987,0,0,0,0,0,0,13,0,0,0
122649,0,1,1987,0,0,0,0,19,0,23,10,13,0
122649,1,1,1987,0,0,0,0,0,0,0,0,0,0
122650,1,1,1987,0,0,0,0,0,0,0,0,21,0
122650,2,1,1987,0,0,0,0,0,0,0,0,0,0
122651,1,1,1987,0,0,0,0,0,0,0,0,0,0
122651,2,1,1987,0,0,0,0,0,0,0,0,0,0
122652,0,1,1987,0,0,0,0,8,0,0,0,22,0
122652,1,1,1987,0,0,0,0,0,0,0,0,0,0
122653,1,1,1987,0,0,0,0,0,0,0,0,0,0
122656,1,1,1987,27,27,27,27,27,27,27,27,27,27
122656,2,1,1987,0,12,0,0,0,0,21,0,0,0
122656,3,1,1987,0,0,0,0,0,0,0,7,0,0
122657,1,1,1987,19,22,17,25,0,3,0,0,15,0
122657,2,1,1987,0,0,0,0,0,0,0,0,0,0
122659,1,1,1987,0,0,0,0,0,0,0,0,0,0
122659,2,1,1987,0,0,0,0,0,0,0,0,0,0
122660,0,1,1987,0,0,0,0,0,0,25,0,0,0
122660,1,1,1987,12,0,31,0,0,14,0,0,27,0
122662,0,1,1987,32,23,31,12,0,27,15,0,18,0
122662,1,1,1987,0,0,0,0,0,0,0,0,0,0
122663,1,1,1987,0,0,0,0,0,0,0,0,0,0
122663,2,1,1987,0,0,0,0,0,0,0,0,0,0
122664,1,1,1987,0,0,0,0,0,0,0,0,0,0
122664,2,1,1987,0,0,0,0,0,0,0,0,0,0
122665,1,1,1987,0,0,0,0,0,0,16,0,0,0
122667,0,1,1987,0,0,0,0,20,0,0,0,0,0
122667,0,2,1987,0,0,0,0,0,0,4,0,0,0
122667,1,1,1987,0,0,0,0,0,0,0,0,0,0
122671,1,1,1987,21,10,15,9,20,18,14,5,26,21
122671,2,1,1987,0,0,0,0,0,2,0,10,16,12
122672,1,1,1987,19,19,19,19,19,19,19,19,19,19
122673,1,1,1987,0,0,0,0,0,0,0,0,0,0
122673,2,1,1987,0,0,0,0,0,0,0,0,0,0
122675,1,1,1987,0,0,0,0,0,0,0,0,0,0
122675,2,1,1987,0,0,0,0,0,0,0,0,0,0
130001,0,1,1987,19,19,19,19,19,19,19,19,19,19
130001,1,1,1987,10,10,10,10,10,10,10,10,10,10
130002,0,1,1987,0,0,8,0,0,0,0,0,0,7
130002,1,1,1987,0,0,0,0,0,0,0,0,0,0
130003,0,1,1987,0,0,0,0,0,0,0,0,0,0
130003,1,1,1987,0,0,0,0,0,0,0,0,0,0
130004,1,1,1987,0,0,0,0,0,0,0,0,0,0
130004,2,1,1987,0,0,0,0,0,0,0,0,0,0
130005,1,1,1987,5,0,0,0,17,0,19,0,20,0
130005,2,1,1987,0,0,0,0,0,0,0,0,0,0
130006,1,1,1987,12,23,27,15,14,0,0,11,0,0
130007,1,1,1987,0,0,0,0,0,31,0,27,0,10
130007,2,1,1987,0,0,0,0,0,0,0,0,0,0
130008,1,1,1987,18,18,18,18,18,18,18,18,18,18
130009,1,1,1987,7,7,7,7,7,7,7,7,7,7
130010,1,1,1987,0,0,0,0,0,0,0,0,0,0
130010,2,1,1987,0,0,0,0,0,0,0,0,0,0
130011,1,1,1987,26,26,26,26,26,26,26,26,26,26
130012,1,1,1987,26,26,26,26,26,26,26,26,26,26
130013,1,1,1987,0,0,0,0,0,0,0,0,0,0
130014,1,1,1987,8,8,8,8,8,8,8,8,8,8
130015,1,1,1987,0,0,0,0,0,0,0,0,0,0
130015,2,1,1987,0,0,0,0,0,12,0,0,0,0
130016,1,1,1987,0,17,0,0,0,0,0,0,0,0
130016,2,1,1987,0,0,0,0,0,0,0,0,0,0
130017,1,1,1987,16,16,16,16,16,16,16,16,16,16
130018,1,1,1987,0,0,0,0,0,0,0,0,0,0
130019,1,1,1987,0,0,0,0,0,0,0,0,0,0
130019,2,1,1987,0,0,0,0,0,0,0,0,0,0
130020,1,1,1987,8,0,0,0,0,0,0,0,0,0
130021,1,1,1987,23,23,23,23,23,23,23,23,23,23
130021,2,1,1987,0,5,16,0,0,0,15,0,0,0
130022,1,1,1987,0,0,0,0,0,0,0,0,0,0
130022,2,1,1987,0,0,0,0,0,0,0,0,0,0
130022,3,1,1987,0,0,0,0,0,0,0,0,0,0
130022,4,1,1987,0,0,0,0,0,0,0,0,0,0
130022,5,1,1987,0,0,0,0,0,0,0,0,0,0
130023,1,1,1987,0,0,0,0,0,0,7,0,0,0
130023,2,1,1987,0,9,2,0,0,0,0,0,0,0
130024,1,1,1987,0,0,0,0,12,0,0,0,0,0
130024,2,1,1987,0,0,0,0,0,0,0,0,0,0
130025,1,1,1987,33,0,0,0,0,5,0,0,0,0
130025,2,1,1987,0,0,0,0,0,0,0,0,0,0
130026,1,1,1987,0,0,0,13,0,0,8,0,0,0
130026,2,1,1987,0,14,27,0,0,23,0,0,0,0
130027,1,1,1987,0,0,0,0,0,0,0,0,0,0
130027,2,1,1987,0,0,0,0,0,0,0,0,0,0
130028,1,1,1987,0,0,0,0,12,0,0,0,0,0
130028,2,1,1987,0,0,0,0,0,0,0,4,0,0
130029,1,1,1987,0,0,0,0,0,0,0,0,0,0
130030,1,1,1987,17,19,19,17,25,0,21,23,22,19
130031,1,1,1987,17,17,17,17,17,17,17,17,17,17
130032,0,1,1987,0,0,0,0,0,0,0,0,0,0
130032,1,1,1987,0,0,5,0,0,0,0,0,0,0
130033,1,1,1987,11,11,11,11,11,11,11,11,11,11
130034,1,1,1987,28,28,28,28,28,28,28,28,28,28
130035,1,1,1987,0,0,0,0,0,0,0,0,0,0
130036,1,1,1987,0,0,0,0,0,0,0,0,0,0
130036,2,1,1987,0,0,0,0,0,0,0,0,0,0
130037,0,1,1987,0,0,0,0,0,0,0,0,0,0
130037,1,1,1987,0,0,0,0,0,0,0,0,0,0
130038,1,1,1987,5,5,5,5,5,5,5,5,5,5
130039,1,1,1987,0,0,0,0,0,0,0,0,0,0
130040,1,1,1987,0,0,0,0,0,0,0,0,0,0
130040,2,1,1987,14,14,14,14,14,14,14,14,14,14
130041,1,1,1987,16,16,16,16,16,16,16,16,16,16
130042,0,1,1987,0,0,0,0,0,0,0,0,0,0
130042,1,1,1987,0,0,0,0,0,0,0,0,0,0
130043,1,1,1987,18,18,18,18,18,18,18,18,18,18
130043,2,1,1987,0,0,0,0,0,0,0,0,0,0
130044,0,1,1987,0,0,0,0,0,0,0,0,0,0
130044,1,1,1987,0,12,0,0,0,0,0,0,0,0
130045,1,1,1987,20,20,20,20,20,20,20,20,20,20
130046,1,1,1987,0,0,0,0,0,0,0,0,0,0
130046,2,1,1987,0,0,0,0,0,0,0,0,0,0
130047,1,1,1987,19,19,19,19,19,19,19,19,19,19
130047,2,1,1987,0,0,0,0,0,0,0,0,0,0
130047,3,1,1987,0,0,0,0,0,0,0,14,0,0
130048,1,1,1987,24,24,24,24,24,24,24,24,24,24
130049,1,1,1987,0,0,0,0,0,0,0,0,0,0
130049,2,1,1987,0,0,0,0,0,0,0,0,0,0
130050,1,1,1987,28,28,28,28,28,28,28,28,28,28
130051,0,1,1987,0,0,0,0,0,0,0,0,0,0
130051,1,1,1987,0,0,0,0,0,0,0,0,0,0
130052,0,1,1987,35,35,35,35,35,35,35,35,35,35
130052,1,1,1987,0,0,0,0,0,0,0,24,0,0
130053,1,1,1987,0,0,0,0,0,0,0,0,0,0
130054,1,1,1987,0,0,0,0,0,0,0,0,0,0
130054,2,1,1987,0,0,0,0,0,0,0,0,0,0
130055,1,1,1987,0,0,0,0,0,0,0,0,0,0
130055,2,1,1987,0,0,0,0,0,0,0,0,0,0
130056,1,1,1987,0,0,0,0,0,0,0,0,0,0
130056,2,1,1987,6,6,6,6,6,6,6,6,6,6
130056,3,1,1987,0,0,28,0,0,0,0,0,0,0
130057,1,1,1987,0,0,0,0,0,0,0,0,0,0
130057,2,1,1987,13,13,13,13,13,13,13,13,13,13
130059,1,1,1987,14,14,14,14,14,14,14,14,14,14
130060,1,1,1987,0,0,0,0,0,0,0,0,0,0
130060,2,1,1987,0,0,0,0,0,0,0,0,0,0
130061,1,1,1987,23,23,23,23,23,23,23,23,23,23
130061,2,1,1987,18,18,18,18,18,18,18,18,18,18
130063,1,1,1987,16,16,16,16,16,16,16,16,16,16
130063,2,1,1987,0,0,0,0,0,0,0,0,0,0
130064,1,1,1987,12,12,12,12,12,12,12,12,12,12
130065,1,1,1987,13,13,13,13,13,13,13,13,13,13
130066,1,1,1987,17,17,17,17,17,17,17,17,17,17
130067,0,1,1987,0,0,0,0,0,0,0,0,0,0
130067,1,1,1987,0,0,0,0,0,0,0,0,0,0
130068,0,1,1987,10,10,10,10,10,10,10,10,10,10
130068,1,1,1987,0,0,0,0,0,0,0,0,0,0
130069,0,1,1987,14,14,14,14,14,14,14,14,14,14
130069,1,1,1987,0,0,0,0,0,0,0,0,0,0
130070,1,1,1987,32,32,32,32,32,32,32,32,32,32
130070,2,1,1987,0,0,0,0,0,0,0,0,0,0
130071,1,1,1987,21,21,21,21,21,21,21,21,21,21
130071,2,1,1987,0,0,0,0,0,0,0,0,0,0
130072,1,1,1987,0,0,0,0,0,0,0,0,0,0
130072,2,1,1987,0,0,0,0,0,0,0,0,0,0
130073,1,1,1987,0,0,0,0,0,0,0,0,0,0
130073,2,1,1987,0,0,0,0,0,0,0,0,0,0
130074,1,1,1987,0,0,0,0,0,0,0,0,0,0
130074,2,1,1987,1,1,1,1,1,1,1,1,1,1
130075,1,1,1987,21,21,21,21,21,21,21,21,21,21
130075,2,1,1987,0,0,0,0,0,0,0,0,0,0
130076,1,1,1987,0,0,0,0,0,0,0,0,0,0
130077,1,1,1987,0,0,0,0,0,0,0,0,0,0
130077,2,1,1987,0,0,0,0,0,0,0,0,0,0
130078,1,1,1987,21,21,21,21,21,21,21,21,21,21
130079,0,1,1987,0,0,0,0,0,0,0,0,0,0
130079,0,2,1987,13,24,13,0,0,10,0,16,0,21
130079,0,3,1987,17,17,23,0,0,0,9,0,0,0
130079,0,4,1987,0,0,22,0,0,0,0,0,0,10
130079,1,1,1987,17,17,17,17,17,17,17,17,17,17
130079,2,1,1987,7,11,0,13,12,9,22,8,7,27
130080,1,1,1987,6,6,6,6,6,6,6,6,6,6
130080,2,1,1987,20,20,20,20,20,20,20,20,20,20
130081,0,1,1987,0,0,0,0,0,0,7,13,0,0
130081,1,1,1987,0,0,0,0,0,0,0,0,0,9
130082,0,1,1987,0,0,0,0,0,0,0,0,0,0
130082,1,1,1987,0,0,0,0,0,0,0,0,0,16
130084,1,1,1987,0,17,0,4,0,0,0,0,0,0
130084,2,1,1987,9,9,9,9,9,9,9,9,9,9
130085,1,1,1987,1,1,1,1,1,1,1,1,1,1
130086,1,1,1987,27,27,27,27,27,27,27,27,27,27
130088,1,1,1987,0,0,0,0,0,0,0,0,0,0
130088,2,1,1987,0,0,0,0,10,0,0,0,0,0
130089,0,1,1987,0,0,0,0,0,0,0,0,0,0
130089,1,1,1987,0,0,0,0,0,0,0,0,0,0
130090,1,1,1987,0,0,0,0,0,0,0,0,0,0
130090,2,1,1987,0,0,0,0,0,0,0,0,0,0
130091,1,1,1987,29,29,29,29,29,29,29,29,29,29
130092,1,1,1987,0,0,0,0,0,0,0,0,0,0
130092,2,1,1987,0,0,0,0,0,0,0,0,0,0
130093,1,1,1987,16,16,16,16,16,16,16,16,16,16
130094,1,1,1987,0,0,0,0,0,0,0,0,0,0
130094,2,1,1987,24,24,24,24,24,24,24,24,24,24
130095,1,1,1987,0,0,0,0,0,0,0,0,0,0
130095,2,1,1987,0,0,0,0,0,0,0,0,0,0
130095,3,1,1987,0,0,0,0,0,0,0,0,0,0
130096,1,1,1987,14,14,14,14,14,14,14,14,14,14
130096,2,1,1987,0,14,0,0,0,0,0,0,0,0
130098,1,1,1987,0,14,0,16,0,0,19,0,0,0
130099,0,1,1987,0,0,0,0,0,0,0,15,0,0
130099,1,1,1987,0,0,0,0,0,0,0,0,0,0
130100,1,1,1987,0,0,11,0,2,0,0,0,22,0
130100,2,1,1987,0,0,0,0,0,0,0,0,0,0
130101,1,1,1987,45,45,45,45,45,45,45,45,45,45
130101,2,1,1987,0,0,0,0,0,0,0,0,0,0
130102,1,1,1987,33,33,33,33,33,33,33,33,33,33
130103,0,1,1987,7,7,7,7,7,7,7,7,7,7
130103,1,1,1987,14,11,27,11,25,6,12,7,10,20
130103,2,1,1987,12,12,12,12,12,12,12,12,12,12
130104,1,1,1987,0,0,0,0,0,0,0,0,0,0
130104,2,1,1987,0,0,0,0,0,0,0,0,0,0
130105,0,1,1987,0,0,0,0,0,0,0,0,0,0
130105,1,1,1987,0,0,0,0,0,0,0,0,0,2
130106,1,1,1987,14,14,14,14,14,14,14,14,14,14
130106,2,1,1987,0,0,0,0,0,0,0,0,0,0
130107,0,1,1987,0,0,0,0,46,0,0,0,0,0
130107,1,1,1987,0,0,0,0,0,0,0,0,0,0
130108,0,1,1987,32,32,32,32,32,32,32,32,32,32
130108,1,1,1987,0,21,0,0,0,0,0,0,10,0
130109,1,1,1987,0,0,0,0,0,0,0,0,0,0
130109,2,1,1987,0,0,0,0,0,0,0,0,0,0
130110,0,1,1987,16,16,16,16,16,16,16,16,16,16
130110,1,1,1987,27,0,12,10,11,0,6,0,0,0
130111,1,1,1987,24,24,24,24,24,24,24,24,24,24
130112,1,1,1987,14,14,14,14,14,14,14,14,14,14
130113,1,1,1987,0,0,0,0,0,0,13,0,0,0
130113,2,1,1987,0,0,0,0,0,0,0,0,0,0
130114,1,1,1987,16,16,16,16,16,16,16,16,16,16
130114,2,1,1987,0,0,0,0,0,0,0,0,0,0
130115,1,1,1987,23,23,23,23,23,23,23,23,23,23
130115,2,1,1987,0,0,0,15,0,0,0,0,0,0
130115,3,1,1987,0,7,0,0,14,16,4,0,5,8
130116,1,1,1987,10,10,10,10,10,10,10,10,10,10
130116,2,1,1987,0,0,0,0,0,0,0,0,0,0
130117,1,1,1987,0,0,0,11,17,0,10,0,7,8
130117,2,1,1987,0,0,0,0,0,0,0,0,0,0
130118,1,1,1987,14,11,16,11,8,0,14,11,21,13
130119,0,1,1987,8,8,8,8,8,8,8,8,8,8
130119,1,1,1987,0,0,0,0,0,0,0,0,0,0
130120,1,1,1987,0,0,0,0,0,0,0,0,0,26
130120,2,1,1987,19,19,19,19,19,19,19,19,19,19
130121,1,1,1987,0,0,0,0,0,0,0,0,0,0
130121,2,1,1987,15,15,15,15,15,15,15,15,15,15
130122,1,1,1987,16,17,20,20,12,24,27,16,5,7
130122,2,1,1987,0,0,0,0,0,0,0,0,0,0
130123,1,1,1987,15,10,0,0,22,8,0,10,22,20
130124,1,1,1987,0,0,0,0,0,0,0,0,0,0
130124,2,1,1987,0,0,0,0,0,0,0,0,0,0
130125,1,1,1987,0,0,0,0,0,0,0,0,0,0
130126,1,1,1987,6,6,6,6,6,6,6,6,6,6
130127,1,1,1987,0,0,0,0,0,0,0,0,0,0
130127,2,1,1987,0,0,0,0,0,0,0,0,0,0
130128,1,1,1987,0,0,0,0,0,0,0,0,0,0
130129,1,1,1987,25,25,25,25,25,25,25,25,25,25
130130,0,1,1987,32,32,32,32,32,32,32,32,32,32
130130,1,1,1987,24,24,24,24,24,24,24,24,24,24
130131,1,1,1987,0,23,0,0,0,0,7,20,16,0
130132,1,1,1987,0,0,0,0,0,0,0,0,0,0
130132,2,1,1987,0,0,0,0,5,0,0,0,0,0
130133,1,1,1987,0,0,0,0,0,0,0,0,0,0
130133,2,1,1987,0,0,0,0,0,0,0,0,0,0
130133,3,1,1987,0,21,18,0,0,0,0,0,0,0
130134,1,1,1987,12,12,12,12,12,12,12,12,12,12
130135,0,1,1987,20,20,20,20,20,20,20,20,20,20
130135,1,1,1987,0,0,0,0,0,0,0,0,0,0
130135,2,1,1987,0,0,12,0,0,0,0,0,0,0
130136,1,1,1987,0,0,0,0,0,0,0,0,0,0
130136,2,1,1987,0,0,7,7,4,0,0,0,0,30
130137,1,1,1987,0,0,0,0,0,0,0,0,0,0
130137,2,1,1987,0,0,0,0,0,0,0,0,0,0
130138,1,1,1987,21,21,21,21,21,21,21,21,21,21
130139,1,1,1987,0,0,0,0,0,0,0,0,0,0
130139,2,1,1987,0,0,0,0,0,0,0,0,0,0
130140,1,1,1987,0,0,0,0,0,0,0,0,0,0
130140,2,1,1987,0,0,0,0,0,0,0,0,0,0
130141,1,1,1987,0,0,0,0,0,0,0,0,0,0
130142,1,1,1987,0,0,0,0,0,0,0,0,0,0
130142,2,1,1987,15,15,15,15,15,15,15,15,15,15
130143,1,1,1987,24,24,24,24,24,24,24,24,24,24
130143,2,1,1987,0,0,0,0,0,0,0,0,0,0
130144,1,1,1987,8,8,8,8,8,8,8,8,8,8
130145,1,1,1987,0,0,0,0,0,0,0,0,0,0
130145,2,1,1987,8,8,8,8,8,8,8,8,8,8
130146,0,1,1987,22,22,22,22,22,22,22,22,22,22
130146,1,1,1987,20,20,20,20,20,20,20,20,20,20
130147,1,1,1987,21,21,21,21,21,21,21,21,21,21
130148,0,1,1987,0,0,0,0,0,0,0,0,0,0
130148,1,1,1987,0,0,0,0,0,0,0,0,0,0
130149,1,1,1987,0,0,0,0,0,0,0,0,0,0
130150,1,1,1987,13,13,13,13,13,13,13,13,13,13
130150,2,1,1987,0,0,0,0,0,0,22,0,0,0
130151,1,1,1987,0,0,0,0,0,0,0,0,0,0
130151,2,1,1987,0,0,0,0,0,0,0,0,0,0