ST_CASE,VEH_NO,PER_NO,YEAR,P1,P2,P3,P4,P5,P6,P7,P8,P9,P10
130152,1,1,1987,0,0,0,7,0,0,0,0,0,0
130153,1,1,1987,32,32,32,32,32,32,32,32,32,32
130154,1,1,1987,26,26,26,26,26,26,26,26,26,26
130155,1,1,1987,0,0,0,0,0,0,0,0,0,0
130155,2,1,1987,0,0,0,0,0,0,0,0,0,0
130156,1,1,1987,19,19,19,19,19,19,19,19,19,19
130157,1,1,1987,19,19,19,19,19,19,19,19,19,19
130158,1,1,1987,0,0,0,0,0,0,0,0,0,0
130160,0,1,1987,1,1,1,1,1,1,1,1,1,1
130160,1,1,1987,0,0,0,0,0,0,0,0,0,0
130161,1,1,1987,0,0,0,33,0,20,18,23,0,19
130161,2,1,1987,0,0,0,0,0,0,0,0,0,0
130161,3,1,1987,0,0,0,0,0,0,17,0,0,0
130162,0,1,1987,0,14,0,17,8,0,0,18,0,0
130162,1,1,1987,0,0,0,0,0,0,0,0,0,0
130163,1,1,1987,0,0,0,0,0,0,0,0,0,0
130163,2,1,1987,16,16,16,16,16,16,16,16,16,16
130164,1,1,1987,19,19,19,19,19,19,19,19,19,19
130165,1,1,1987,12,12,12,12,12,12,12,12,12,12
130166,1,1,1987,0,0,0,0,0,0,0,0,0,0
130167,0,1,1987,14,21,18,26,21,28,27,26,13,32
130167,1,1,1987,0,0,0,7,0,18,0,19,0,14
130168,1,1,1987,0,0,0,0,0,0,0,0,0,0
130170,1,1,1987,15,15,15,15,15,15,15,15,15,15
130171,1,1,1987,0,0,0,0,0,0,0,0,0,0
130171,2,1,1987,0,0,0,0,0,0,0,0,0,0
130172,0,1,1987,0,0,30,0,0,0,0,0,0,0
130172,1,1,1987,0,0,0,0,0,0,0,0,0,0
130173,1,1,1987,0,0,0,0,0,10,17,32,0,0
130173,2,1,1987,0,0,0,0,0,0,0,0,0,0
130174,0,1,1987,3,3,3,3,3,3,3,3,3,3
130174,0,2,1987,1,1,1,1,1,1,1,1,1,1
130174,1,1,1987,0,0,0,0,0,0,0,0,0,0
130174,2,1,1987,0,17,0,0,0,13,0,0,0,0
130175,1,1,1987,17,0,32,16,19,15,10,29,33,29
130176,1,1,1987,0,0,0,0,0,0,0,0,0,0
130177,1,1,1987,20,20,20,20,20,20,20,20,20,20
130178,0,1,1987,23,0,9,0,0,8,0,0,10,0
130178,1,1,1987,0,0,0,0,0,0,0,0,0,0
130179,1,1,1987,0,0,0,0,0,0,0,0,0,0
130179,2,1,1987,0,0,0,0,0,0,0,0,0,0
130180,1,1,1987,0,0,0,0,0,0,0,0,0,0
130181,0,1,1987,0,0,0,0,0,0,0,0,0,8
130181,1,1,1987,0,0,0,0,0,0,0,0,0,0
130182,0,1,1987,0,0,0,0,0,0,0,0,0,0
130182,1,1,1987,0,0,0,0,0,0,0,0,0,0
130183,1,1,1987,13,8,17,16,14,14,7,16,29,27
130184,1,1,1987,0,0,0,0,12,0,0,0,0,0
130185,1,1,1987,0,0,0,0,0,0,0,0,0,0
130185,2,1,1987,0,0,0,0,0,0,0,0,0,0
130185,3,1,1987,0,0,0,0,0,0,0,0,0,0
130186,1,1,1987,16,16,16,16,16,16,16,16,16,16
130187,1,1,1987,19,19,19,19,19,19,19,19,19,19
130188,1,1,1987,35,35,35,35,35,35,35,35,35,35
130188,2,1,1987,0,0,0,0,0,0,0,0,0,0
130189,1,1,1987,0,0,0,0,0,0,0,0,0,0
130189,2,1,1987,0,0,0,0,0,0,0,0,0,0
130189,3,1,1987,11,11,14,16,25,34,3,25,17,12
130190,0,1,1987,46,46,46,46,46,46,46,46,46,46
130190,1,1,1987,0,0,0,0,0,0,0,0,0,0
130190,2,1,1987,0,0,0,0,0,0,0,0,0,0
130191,0,1,1987,0,0,0,0,0,0,0,0,0,0
130191,1,1,1987,0,14,0,0,0,0,0,0,9,0
130192,0,1,1987,0,0,0,0,0,0,0,0,0,0
130192,1,1,1987,0,0,0,0,0,0,0,0,0,0
130193,1,1,1987,23,23,23,23,23,23,23,23,23,23
130193,2,1,1987,0,0,0,0,0,0,0,0,0,0
130194,1,1,1987,8,0,0,0,0,42,0,0,0,18
130194,2,1,1987,0,0,0,0,0,0,0,0,0,0
130194,3,1,1987,0,0,0,0,0,0,0,0,0,0
130195,1,1,1987,0,0,0,0,0,0,0,0,0,0
130195,2,1,1987,0,0,0,0,0,0,0,0,0,0
130196,1,1,1987,0,0,0,0,0,16,0,0,0,0
130197,1,1,1987,0,0,0,0,0,0,0,0,0,0
130197,2,1,1987,0,0,0,0,0,0,0,0,0,0
130197,3,1,1987,0,0,0,0,0,0,0,9,24,0
130197,4,1,1987,0,0,0,0,0,0,0,0,0,14
130198,1,1,1987,0,0,0,0,0,0,0,0,0,0
130198,2,1,1987,0,0,0,0,0,0,0,12,0,0
130199,1,1,1987,0,0,0,0,0,0,0,0,0,0
130200,1,1,1987,22,22,22,22,22,22,22,22,22,22
130201,1,1,1987,25,25,25,25,25,25,25,25,25,25
130202,0,1,1987,12,12,12,12,12,12,12,12,12,12
130202,1,1,1987,0,0,0,0,0,0,0,0,0,0
130202,2,1,1987,13,18,8,0,0,0,0,9,0,7
130203,0,1,1987,0,0,0,0,0,0,0,0,0,0
130203,1,1,1987,0,0,0,0,0,0,20,0,0,0
130204,0,1,1987,0,0,0,0,0,0,0,0,0,0
130204,1,1,1987,0,0,0,0,0,0,0,0,0,0
130205,0,1,1987,55,0,0,0,0,0,0,13,0,0
130205,1,1,1987,0,0,0,0,0,0,0,0,0,0
130206,1,1,1987,0,0,0,0,0,0,0,0,0,0
130206,2,1,1987,0,0,0,0,0,0,0,0,0,0
130207,1,1,1987,0,0,0,0,0,0,0,0,0,0
130207,2,1,1987,0,12,0,0,0,0,0,20,0,0
130208,1,1,1987,0,0,0,0,0,0,0,0,0,0
130208,2,1,1987,0,0,0,0,0,0,0,0,0,0
130209,0,1,1987,0,21,0,0,0,0,19,0,0,0
130209,0,2,1987,0,0,17,0,0,0,0,0,0,0
130209,1,1,1987,27,27,27,27,27,27,27,27,27,27
130210,1,1,1987,0,0,0,0,0,0,0,0,0,0
130211,1,1,1987,0,0,0,0,0,6,0,0,0,0
130211,2,1,1987,0,0,0,0,0,0,0,0,0,0
130212,0,1,1987,0,0,0,0,0,0,0,0,0,0
130212,1,1,1987,0,0,0,0,0,0,0,0,0,0
130213,1,1,1987,10,10,10,10,10,10,10,10,10,10
130214,1,1,1987,0,0,0,0,0,0,0,0,0,0
130214,2,1,1987,15,15,15,15,15,15,15,15,15,15
130215,1,1,1987,0,0,0,0,0,0,0,0,0,0
130215,2,1,1987,0,0,0,0,0,0,0,0,0,0
130216,0,1,1987,0,0,0,0,0,0,0,0,0,0
130216,1,1,1987,0,0,0,0,0,0,0,0,0,0
130217,1,1,1987,34,34,34,34,34,34,34,34,34,34
130218,1,1,1987,0,0,3,0,10,0,0,0,0,0
130218,2,1,1987,0,0,0,0,0,0,0,0,0,0
130220,1,1,1987,17,8,24,34,0,28,0,9,19,0
130221,1,1,1987,29,29,29,29,29,29,29,29,29,29
130222,1,1,1987,15,11,20,20,17,40,16,17,22,12
130223,1,1,1987,0,0,0,0,0,0,0,0,16,0
130223,2,1,1987,0,0,0,0,0,0,0,0,0,0
130224,1,1,1987,0,0,0,0,0,0,0,20,0,0
130224,2,1,1987,0,0,0,0,0,0,0,0,0,0
130225,1,1,1987,24,24,24,24,24,24,24,24,24,24
130226,1,1,1987,0,0,0,0,0,0,0,0,0,0
130226,2,1,1987,0,0,0,0,0,0,0,0,0,0
130226,3,1,1987,0,0,0,0,0,0,0,0,0,0
130227,1,1,1987,0,0,0,0,0,0,0,0,0,0
130227,2,1,1987,0,0,0,0,0,0,0,0,0,0
130228,1,1,1987,9,9,9,9,9,9,9,9,9,9
130229,1,1,1987,17,17,17,17,17,17,17,17,17,17
130230,1,1,1987,18,18,18,18,18,18,18,18,18,18
130231,1,1,1987,0,0,0,0,0,0,0,0,0,0
130231,2,1,1987,0,0,0,0,0,0,10,8,0,0
130232,1,1,1987,0,0,0,0,0,0,0,0,0,0
130233,1,1,1987,0,0,0,12,0,0,0,0,0,0
130233,2,1,1987,18,0,0,0,0,0,0,0,0,0
130234,1,1,1987,0,10,16,16,22,11,18,0,25,2
130235,1,1,1987,0,0,0,0,0,0,0,0,0,0
130235,2,1,1987,1,1,1,1,1,1,1,1,1,1
130235,3,1,1987,0,0,0,0,0,0,0,0,0,0
130236,1,1,1987,26,26,26,26,26,26,26,26,26,26
130237,0,1,1987,0,0,0,0,0,0,0,0,0,0
130237,0,2,1987,8,0,0,0,0,0,0,0,0,0
130237,1,1,1987,0,0,0,0,0,0,0,0,0,0
130238,1,1,1987,0,0,0,0,0,7,0,0,0,0
130238,2,1,1987,0,0,0,0,0,0,0,0,0,16
130238,3,1,1987,0,0,0,0,0,0,0,0,0,0
130239,1,1,1987,0,0,0,0,0,0,0,0,0,0
130239,2,1,1987,0,0,0,0,0,0,0,0,0,0
130240,1,1,1987,0,0,0,0,0,0,0,0,0,0
130240,2,1,1987,0,0,0,0,0,0,0,0,0,0
130241,1,1,1987,26,26,26,26,26,26,26,26,26,26
130242,0,1,1987,0,0,0,0,0,0,0,0,0,0
130242,1,1,1987,0,5,0,0,0,0,0,0,12,0
130243,1,1,1987,0,0,0,0,0,0,0,0,0,0
130243,2,1,1987,0,0,0,0,0,0,0,0,0,0
130244,0,1,1987,0,0,0,0,0,0,0,0,0,0
130244,1,1,1987,0,0,0,0,0,0,0,0,0,0
130245,1,1,1987,0,0,0,0,0,0,0,0,0,0
130246,0,1,1987,6,6,6,6,6,6,6,6,6,6
130246,0,2,1987,6,6,6,6,6,6,6,6,6,6
130246,1,1,1987,12,12,12,12,12,12,12,12,12,12
130247,1,1,1987,0,0,0,0,0,0,0,0,0,0
130248,0,1,1987,34,34,34,34,34,34,34,34,34,34
130248,1,1,1987,29,0,13,0,0,0,0,0,0,0
130249,1,1,1987,0,0,0,0,0,0,0,0,0,0
130249,2,1,1987,0,0,0,0,0,0,0,0,0,0
130250,0,1,1987,34,34,34,34,34,34,34,34,34,34
130250,1,1,1987,0,0,0,0,0,0,0,0,0,0
130251,1,1,1987,29,29,29,29,29,29,29,29,29,29
130251,2,1,1987,0,13,0,15,0,3,16,0,28,9
130252,1,1,1987,20,20,20,20,20,20,20,20,20,20
130253,1,1,1987,8,8,8,8,8,8,8,8,8,8
130254,1,1,1987,0,0,0,0,0,0,0,0,0,0
130255,1,1,1987,0,0,0,0,0,0,0,0,0,0
130255,2,1,1987,0,0,0,0,0,0,0,0,0,0
130256,1,1,1987,0,0,0,18,6,0,0,0,0,22
130257,1,1,1987,0,0,0,0,0,0,0,0,0,0
130257,2,1,1987,0,0,0,0,0,0,0,0,0,0
130258,1,1,1987,20,36,9,10,18,22,15,9,7,7
130259,1,1,1987,2,2,2,2,2,2,2,2,2,2
130260,1,1,1987,9,9,9,9,9,9,9,9,9,9
130260,2,1,1987,0,0,0,0,0,0,5,0,0,0
130261,1,1,1987,12,12,12,12,12,12,12,12,12,12
130262,1,1,1987,0,0,0,13,0,12,12,0,0,0
130262,2,1,1987,0,0,0,0,0,0,0,0,0,0
130263,1,1,1987,0,0,0,0,0,0,0,0,0,0
130263,2,1,1987,10,10,10,10,10,10,10,10,10,10
130264,1,1,1987,0,0,0,0,0,0,0,0,0,0
130264,2,1,1987,0,0,0,0,0,0,0,0,0,4
130265,1,1,1987,10,10,10,10,10,10,10,10,10,10
130266,1,1,1987,28,28,28,28,28,28,28,28,28,28
130267,1,1,1987,13,13,13,13,13,13,13,13,13,13
130268,1,1,1987,14,14,14,14,14,14,14,14,14,14
130269,1,1,1987,30,30,30,30,30,30,30,30,30,30
130270,1,1,1987,14,0,0,0,0,15,0,17,0,10
130271,1,1,1987,25,25,25,25,25,25,25,25,25,25
130272,1,1,1987,0,0,0,0,0,0,0,0,0,0
130272,2,1,1987,0,0,0,0,0,0,0,0,0,0
130273,1,1,1987,0,0,0,0,0,0,0,0,0,0
130273,2,1,1987,0,0,0,0,0,0,0,0,0,0
130274,1,1,1987,37,37,37,37,37,37,37,37,37,37
130275,1,1,1987,0,0,0,0,0,0,0,0,0,0
130275,2,1,1987,0,0,0,0,0,0,0,0,0,0
130276,1,1,1987,0,0,0,0,0,0,0,0,0,0
130276,2,1,1987,0,0,0,0,0,0,18,3,0,0
130277,1,1,1987,0,0,0,0,0,0,0,0,0,0
130277,2,1,1987,0,0,0,0,0,0,0,0,0,0
130278,0,1,1987,0,22,0,0,0,0,0,0,0,0
130278,1,1,1987,0,0,0,0,0,0,0,0,0,0
130279,1,1,1987,0,0,0,0,0,0,0,0,0,0
130280,1,1,1987,10,12,20,27,12,32,23,10,12,17
130281,1,1,1987,0,0,0,0,0,0,0,0,0,0
130281,2,1,1987,0,0,0,0,0,0,0,0,0,7
130282,1,1,1987,0,0,0,0,0,0,0,0,0,0
130282,2,1,1987,0,0,0,0,0,0,0,0,0,0
130283,1,1,1987,0,0,0,0,0,0,0,0,0,0
130284,1,1,1987,0,0,0,0,0,0,0,0,0,0
130285,1,1,1987,19,19,19,19,19,19,19,19,19,19
130286,1,1,1987,0,4,29,0,33,18,0,3,0,22
130286,2,1,1987,0,0,0,0,0,0,0,0,0,0
130286,3,1,1987,0,0,0,0,0,0,0,0,0,9
130287,1,1,1987,0,0,0,0,0,0,25,0,0,0
130287,2,1,1987,21,0,0,0,0,0,0,0,0,0
130288,1,1,1987,23,23,23,23,23,23,23,23,23,23
130289,1,1,1987,3,3,3,3,3,3,3,3,3,3
130289,2,1,1987,0,0,0,0,0,0,0,0,0,19
130290,0,1,1987,23,23,23,23,23,23,23,23,23,23
130290,1,1,1987,0,0,0,5,0,0,5,0,0,0
130291,1,1,1987,17,17,17,17,17,17,17,17,17,17
130291,2,1,1987,0,0,0,0,0,0,0,0,0,0
130292,1,1,1987,35,35,35,35,35,35,35,35,35,35
130293,1,1,1987,18,18,18,18,18,18,18,18,18,18
130294,1,1,1987,0,0,0,0,0,0,0,0,0,0
130294,2,1,1987,0,0,0,0,0,0,12,0,0,0
130295,1,1,1987,0,0,0,0,0,0,0,0,0,0
130295,2,1,1987,0,0,0,0,0,0,0,0,0,0
130296,1,1,1987,3,3,3,3,3,3,3,3,3,3
130296,2,1,1987,33,33,33,33,33,33,33,33,33,33
130297,1,1,1987,0,0,0,0,0,0,0,0,0,0
130298,1,1,1987,0,0,0,0,0,0,0,0,0,0
130299,1,1,1987,20,20,20,20,20,20,20,20,20,20
130300,1,1,1987,0,0,0,0,0,0,0,0,0,0
130300,2,1,1987,21,21,21,21,21,21,21,21,21,21
130301,1,1,1987,0,0,0,0,0,0,0,0,0,0
130302,1,1,1987,0,0,0,0,0,0,0,0,0,0
130302,2,1,1987,19,19,19,19,19,19,19,19,19,19
130303,1,1,1987,4,4,4,4,4,4,4,4,4,4
130304,1,1,1987,0,0,0,0,0,0,0,0,0,0
130304,2,1,1987,0,0,0,0,0,0,0,0,0,0
130304,3,1,1987,0,0,0,0,0,0,0,0,0,0
130305,1,1,1987,0,0,0,0,0,0,0,0,0,0
130305,2,1,1987,0,0,0,0,0,0,0,0,0,0
130306,1,1,1987,0,0,0,0,0,0,0,0,0,0
130306,2,1,1987,0,0,0,0,0,0,0,0,0,0
130307,1,1,1987,22,22,22,22,22,22,22,22,22,22
130308,1,1,1987,0,0,0,0,0,0,0,0,0,0
130308,2,1,1987,0,0,0,0,0,0,0,0,0,0
130309,1,1,1987,25,25,25,25,25,25,25,25,25,25
130310,1,1,1987,0,0,0,0,0,0,0,0,0,0
130312,0,1,1987,26,26,26,26,26,26,26,26,26,26
130312,1,1,1987,0,0,0,0,0,0,0,0,0,0
130313,1,1,1987,17,17,17,17,17,17,17,17,17,17
130314,1,1,1987,0,0,0,0,0,0,0,0,0,0
130314,2,1,1987,0,0,0,0,0,3,0,0,0,0
130315,1,1,1987,25,25,25,25,25,25,25,25,25,25
130316,1,1,1987,0,0,0,0,0,0,0,0,0,0
130316,2,1,1987,0,0,0,0,0,0,0,0,0,0
130317,1,1,1987,72,72,72,72,72,72,72,72,72,72
130317,2,1,1987,0,0,0,0,0,0,0,0,0,0
130318,1,1,1987,15,15,15,15,15,15,15,15,15,15
130319,1,1,1987,41,41,41,41,41,41,41,41,41,41
130320,1,1,1987,11,6,17,10,11,9,17,18,25,20
130320,2,1,1987,0,0,0,0,0,0,0,0,0,0
130321,0,1,1987,0,0,0,0,0,0,0,0,0,0
130321,1,1,1987,0,0,0,0,0,0,0,0,0,0
130322,0,1,1987,0,0,0,0,0,0,0,0,0,0
130322,1,1,1987,0,0,0,0,0,0,0,0,0,0
130323,1,1,1987,0,0,0,0,0,0,0,0,0,0
130323,2,1,1987,22,22,22,22,22,22,22,22,22,22
130324,1,1,1987,0,0,0,0,0,0,0,0,0,0
130324,2,1,1987,0,0,0,0,0,0,0,0,0,0
130325,1,1,1987,22,22,22,22,22,22,22,22,22,22
130325,2,1,1987,0,0,0,0,0,0,0,0,0,0
130325,3,1,1987,0,0,0,0,0,0,0,0,0,0
130326,1,1,1987,16,16,16,16,16,16,16,16,16,16
130327,1,1,1987,0,0,0,0,0,0,24,0,0,0
130327,2,1,1987,3,3,3,3,3,3,3,3,3,3
130328,0,1,1987,32,32,32,32,32,32,32,32,32,32
130328,1,1,1987,0,0,0,0,0,0,0,0,0,0
130329,1,1,1987,0,0,0,0,0,0,0,0,0,0
130329,2,1,1987,0,0,0,0,0,0,0,0,0,0
130330,1,1,1987,0,18,0,12,0,0,16,7,0,0
130331,0,1,1987,0,0,0,0,0,0,0,0,0,0
130331,1,1,1987,0,0,0,0,0,0,0,0,0,0
130332,1,1,1987,0,0,0,0,0,0,0,0,0,0
130332,2,1,1987,20,20,20,20,20,20,20,20,20,20
130333,1,1,1987,26,26,26,26,26,26,26,26,26,26
130333,2,1,1987,0,0,0,12,0,0,0,0,0,0
130333,3,1,1987,0,0,0,0,0,0,0,0,0,0
130334,1,1,1987,0,0,0,0,0,0,0,0,0,0
130334,2,1,1987,0,0,0,0,0,0,0,0,0,0
130335,0,1,1987,30,30,30,30,30,30,30,30,30,30
130335,1,1,1987,0,0,0,0,0,0,0,0,0,0
130336,1,1,1987,0,0,0,0,0,0,0,0,0,0
130336,2,1,1987,0,0,0,0,0,0,0,0,0,0
130337,1,1,1987,0,0,0,0,0,0,0,0,0,0
130337,2,1,1987,0,0,0,0,0,0,0,0,0,0
130337,3,1,1987,0,0,0,0,0,0,0,0,0,0
130338,1,1,1987,0,0,0,0,0,0,0,0,0,0
130338,2,1,1987,0,0,0,0,0,0,0,0,0,0
130338,3,1,1987,0,0,0,0,0,0,0,0,0,0
130338,4,1,1987,0,0,0,0,0,0,0,0,0,0
130339,1,1,1987,0,0,0,0,0,0,0,0,0,0
130339,2,1,1987,0,13,0,0,0,0,0,0,0,0
130339,3,1,1987,0,0,0,0,0,0,0,0,0,0
130339,4,1,1987,0,0,0,0,0,0,0,0,0,0
130339,5,1,1987,0,0,0,0,0,0,0,0,0,0
130340,1,1,1987,5,5,5,5,5,5,5,5,5,5
130340,2,1,1987,0,0,0,0,0,0,0,0,0,0
130341,1,1,1987,0,0,0,0,0,0,0,0,0,0
130341,2,1,1987,30,30,30,30,30,30,30,30,30,30
130342,1,1,1987,24,24,24,24,24,24,24,24,24,24
130342,2,1,1987,0,0,0,0,0,0,0,0,0,0
130343,0,1,1987,38,38,38,38,38,38,38,38,38,38
130343,1,1,1987,5,12,25,9,0,0,9,0,18,0
130344,0,1,1987,25,15,14,30,10,13,22,7,23,0
130344,1,1,1987,0,0,0,0,0,0,0,0,0,0
130345,1,1,1987,3,6,15,12,0,38,26,8,11,22
130346,1,1,1987,0,12,0,16,23,0,0,11,31,24
130346,2,1,1987,0,0,0,0,0,0,0,0,0,0
130347,1,1,1987,0,0,0,0,0,0,0,0,0,0
130347,2,1,1987,0,0,0,0,0,0,0,0,0,0
130348,1,1,1987,0,0,0,0,0,0,0,0,0,0
130348,2,1,1987,25,25,25,25,25,25,25,25,25,25
130349,1,1,1987,0,0,0,0,0,0,0,0,0,0
130349,2,1,1987,0,0,0,0,0,0,0,0,0,0
130349,3,1,1987,0,0,0,0,0,0,0,0,0,0
130350,1,1,1987,20,20,20,20,20,20,20,20,20,20
130350,2,1,1987,9,37,6,13,14,19,11,17,29,14
130351,1,1,1987,8,8,8,8,8,8,8,8,8,8
130352,0,1,1987,44,44,44,44,44,44,44,44,44,44
130352,1,1,1987,0,0,0,0,0,0,0,0,0,0
130353,1,1,1987,8,0,0,0,38,19,10,0,0,0
130353,2,1,1987,5,5,5,5,5,5,5,5,5,5
130353,3,1,1987,0,0,0,0,11,0,0,10,0,0
130354,1,1,1987,25,25,25,25,25,25,25,25,25,25
130355,1,1,1987,10,10,10,10,10,10,10,10,10,10
130356,0,1,1987,0,0,0,0,0,0,0,0,0,0
130356,1,1,1987,0,24,0,0,16,40,0,0,0,0
130357,1,1,1987,6,6,6,6,6,6,6,6,6,6
130358,1,1,1987,0,0,0,0,0,0,0,0,0,0
130359,1,1,1987,12,28,0,0,8,0,0,11,0,17
130360,1,1,1987,16,16,16,16,16,16,16,16,16,16
130361,1,1,1987,8,8,8,8,8,8,8,8,8,8
130362,1,1,1987,7,27,18,10,0,25,8,19,28,18
130363,1,1,1987,0,0,0,0,0,0,0,0,0,0
130364,1,1,1987,29,29,29,29,29,29,29,29,29,29
130365,1,1,1987,0,0,0,0,0,0,0,8,0,0
130365,2,1,1987,0,0,0,0,0,0,0,0,0,0
130366,1,1,1987,0,0,0,0,0,0,0,0,0,0
130367,0,1,1987,0,15,0,16,0,0,0,0,0,0
130367,1,1,1987,0,20,0,0,0,0,0,0,0,0
130368,1,1,1987,17,17,17,17,17,17,17,17,17,17
130369,1,1,1987,29,29,29,29,29,29,29,29,29,29
130370,1,1,1987,0,0,0,0,0,0,0,0,0,0
130371,0,1,1987,0,0,0,0,0,0,0,0,0,0
130371,1,1,1987,0,0,0,0,0,0,0,0,0,0
130372,0,1,1987,17,17,17,17,17,17,17,17,17,17
130372,1,1,1987,0,0,0,0,0,0,0,0,0,0
130373,1,1,1987,0,0,0,0,0,0,0,0,0,0
130373,2,1,1987,0,0,0,0,22,0,0,0,0,0
130373,3,1,1987,0,0,10,0,0,0,0,0,0,0
130374,0,1,1987,0,0,0,0,0,0,0,0,0,0
130374,1,1,1987,0,0,0,0,0,0,0,0,0,0
130375,1,1,1987,0,0,0,21,0,6,0,8,0,0
130376,0,1,1987,0,0,0,0,0,0,0,0,0,0
130376,1,1,1987,21,0,0,0,0,0,0,0,0,0
130377,1,1,1987,0,0,0,0,0,0,0,0,0,0
130377,2,1,1987,0,0,0,0,0,0,0,0,0,0
130378,1,1,1987,0,0,0,0,0,0,20,0,0,28
130379,1,1,1987,22,22,22,22,22,22,22,22,22,22
130379,2,1,1987,0,0,0,0,0,0,0,0,0,0
130380,1,1,1987,1,1,1,1,1,1,1,1,1,1
130380,2,1,1987,0,0,0,0,0,0,0,0,0,0
130381,1,1,1987,22,22,22,22,22,22,22,22,22,22
130382,1,1,1987,19,19,19,19,19,19,19,19,19,19
130383,1,1,1987,13,13,13,13,13,13,13,13,13,13
130383,2,1,1987,0,0,0,0,0,0,0,0,0,0
130384,1,1,1987,0,0,0,0,0,0,0,0,0,0
130385,1,1,1987,12,12,12,12,12,12,12,12,12,12
130386,1,1,1987,8,8,8,8,8,8,8,8,8,8
130387,1,1,1987,26,26,26,26,26,26,26,26,26,26
130388,1,1,1987,6,6,6,6,6,6,6,6,6,6
130388,2,1,1987,0,0,0,0,0,0,0,0,0,0
130389,1,1,1987,0,0,0,0,0,0,0,0,0,0
130389,2,1,1987,0,0,0,0,0,0,0,6,0,0
130390,1,1,1987,0,0,0,0,0,0,0,0,0,0
130390,2,1,1987,0,0,0,0,0,0,0,0,0,0
130390,3,1,1987,0,0,0,12,0,0,0,0,0,0
130391,1,1,1987,0,15,15,0,0,0,0,0,0,0
130391,2,1,1987,0,0,0,0,0,0,0,0,0,0
130392,1,1,1987,0,0,0,0,0,0,0,0,0,0
130393,1,1,1987,0,0,0,0,0,0,0,0,0,0
130394,1,1,1987,0,0,0,0,0,0,0,0,0,0
130395,1,1,1987,13,13,13,13,13,13,13,13,13,13
130395,2,1,1987,0,0,0,0,0,0,0,0,0,0
130396,1,1,1987,0,0,0,0,0,0,0,0,0,0
130396,2,1,1987,0,0,0,0,0,0,0,0,0,0
130397,1,1,1987,2,2,2,2,2,2,2,2,2,2
130397,2,1,1987,0,0,0,0,0,0,0,0,0,0
130398,1,1,1987,0,0,0,0,0,0,0,0,0,0
130398,2,1,1987,0,0,0,0,0,0,0,0,0,0
130399,1,1,1987,0,0,0,0,0,0,0,0,0,0
130399,2,1,1987,0,0,0,0,0,0,0,0,0,0
130399,3,1,1987,0,0,0,0,0,0,0,0,0,0
130400,1,1,1987,0,0,0,0,0,0,0,0,5,0
130400,2,1,1987,0,0,0,0,0,0,0,0,0,0
130401,1,1,1987,18,18,18,18,18,18,18,18,18,18
130402,1,1,1987,23,10,8,27,18,18,20,20,0,25
130403,1,1,1987,26,17,0,32,11,7,27,4,17,18
130403,2,1,1987,0,0,0,0,0,0,0,0,0,0
130404,1,1,1987,0,0,0,0,36,9,0,0,0,13
130404,2,1,1987,0,0,0,0,0,0,0,0,0,0
130405,1,1,1987,0,0,0,0,0,0,0,0,0,0
130405,2,1,1987,0,0,0,0,0,0,0,0,0,0
130406,1,1,1987,16,16,16,16,16,16,16,16,16,16
130407,1,1,1987,0,0,0,0,0,0,0,0,0,0
130407,2,1,1987,0,0,0,0,0,0,0,0,0,0
130408,0,1,1987,0,0,0,0,0,0,0,0,0,0
130408,1,1,1987,0,0,0,0,0,0,0,0,0,0
130409,1,1,1987,12,12,12,12,12,12,12,12,12,12
130410,0,1,1987,17,17,17,17,17,17,17,17,17,17
130410,1,1,1987,1,1,1,1,1,1,1,1,1,1
130411,0,1,1987,33,33,33,33,33,33,33,33,33,33
130411,1,1,1987,0,0,0,0,0,0,0,0,0,0
130412,1,1,1987,13,13,13,13,13,13,13,13,13,13
130413,1,1,1987,0,0,0,0,0,0,0,0,0,0
130413,2,1,1987,43,43,43,43,43,43,43,43,43,43
130414,0,1,1987,0,0,0,0,0,0,0,0,0,0
130414,1,1,1987,0,0,0,0,0,0,0,0,0,0
130415,1,1,1987,28,28,28,28,28,28,28,28,28,28
130416,1,1,1987,0,0,0,0,0,0,0,0,0,0
130417,0,1,1987,0,0,0,0,0,0,0,0,0,0
130417,1,1,1987,0,0,0,0,0,0,0,0,0,0
130418,0,1,1987,28,28,28,28,28,28,28,28,28,28
130418,1,1,1987,0,0,12,0,0,0,0,0,0,32
130419,1,1,1987,8,8,8,8,8,8,8,8,8,8
130420,1,1,1987,34,34,34,34,34,34,34,34,34,34
130421,0,1,1987,0,0,0,0,0,0,0,0,0,0
130421,1,1,1987,0,0,0,0,0,0,0,0,0,0
130422,0,1,1987,3,3,3,3,3,3,3,3,3,3
130422,1,1,1987,0,0,0,0,0,0,0,0,0,0
130423,1,1,1987,0,0,0,0,0,0,0,0,0,0
130424,1,1,1987,10,10,10,10,10,10,10,10,10,10
130425,1,1,1987,15,15,15,15,15,15,15,15,15,15
130426,1,1,1987,0,0,0,0,0,0,0,0,0,0
130427,1,1,1987,0,0,0,0,0,0,0,0,0,0
130428,1,1,1987,0,0,0,0,0,0,0,0,0,0
130428,2,1,1987,0,0,0,0,0,0,0,0,0,0
130429,0,1,1987,15,15,15,15,15,15,15,15,15,15