ST_CASE,VEH_NO,PER_NO,YEAR,P1,P2,P3,P4,P5,P6,P7,P8,P9,P10
130705,1,1,1987,0,0,0,0,0,0,0,0,0,0
130705,2,1,1987,0,0,0,0,0,0,0,0,0,0
130706,1,1,1987,0,0,0,0,0,0,0,0,0,0
130706,2,1,1987,0,0,0,0,0,0,0,0,0,0
130707,1,1,1987,0,0,0,0,0,0,0,0,0,0
130707,2,1,1987,21,21,21,21,21,21,21,21,21,21
130708,1,1,1987,22,22,22,22,22,22,22,22,22,22
130709,1,1,1987,0,0,0,0,0,0,0,0,0,0
130709,2,1,1987,23,23,23,23,23,23,23,23,23,23
130710,1,1,1987,0,0,0,0,12,0,0,0,0,4
130711,1,1,1987,11,11,11,11,11,11,11,11,11,11
130712,1,1,1987,0,0,0,0,0,0,0,0,0,0
130712,2,1,1987,10,10,10,10,10,10,10,10,10,10
130712,3,1,1987,9,9,9,9,9,9,9,9,9,9
130713,1,1,1987,0,0,0,0,0,0,0,0,0,0
130713,2,1,1987,0,0,0,0,0,0,0,0,0,0
130714,1,1,1987,0,0,0,0,0,0,0,25,0,0
130714,2,1,1987,0,0,0,0,0,0,0,0,0,0
130715,1,1,1987,19,29,34,36,8,20,34,21,13,18
130716,1,1,1987,0,0,31,0,0,0,0,0,0,0
130716,2,1,1987,12,12,12,12,12,12,12,12,12,12
130717,1,1,1987,21,21,21,21,21,21,21,21,21,21
130718,1,1,1987,0,0,0,0,0,0,15,0,0,0
130719,1,1,1987,0,0,0,0,0,0,25,0,0,0
130720,1,1,1987,0,0,0,0,0,0,0,0,0,0
130720,2,1,1987,0,0,0,0,0,0,0,0,0,0
130720,3,1,1987,0,0,0,0,0,0,0,0,0,0
130721,1,1,1987,18,18,18,18,18,18,18,18,18,18
130722,1,1,1987,13,13,13,13,13,13,13,13,13,13
130722,2,1,1987,0,0,0,0,0,0,0,0,0,0
130723,1,1,1987,0,0,0,0,0,0,0,0,0,0
130723,2,1,1987,20,15,24,20,20,20,18,21,30,18
130724,1,1,1987,0,0,0,24,0,0,0,0,10,0
130725,1,1,1987,0,0,0,0,0,0,0,0,0,0
130726,1,1,1987,0,0,0,0,0,0,0,0,0,0
130726,2,1,1987,0,0,0,0,0,0,0,0,0,0
130727,1,1,1987,0,0,0,0,0,0,0,0,0,0
130727,2,1,1987,0,0,0,0,0,0,0,0,0,0
130728,1,1,1987,28,28,28,28,28,28,28,28,28,28
130729,0,1,1987,0,0,0,0,0,0,0,0,0,0
130729,1,1,1987,0,0,0,0,0,0,0,0,0,0
130730,1,1,1987,0,0,0,0,0,0,0,0,0,0
130730,2,1,1987,0,0,0,0,0,0,0,0,0,0
130731,1,1,1987,0,0,0,0,0,0,0,0,0,0
130732,0,1,1987,0,0,0,0,0,0,0,0,0,0
130732,1,1,1987,4,4,4,4,4,4,4,4,4,4
130733,1,1,1987,10,10,10,10,10,10,10,10,10,10
130734,1,1,1987,0,0,0,0,0,0,0,0,0,0
130734,2,1,1987,0,0,0,0,0,0,0,0,0,0
130735,1,1,1987,0,24,24,12,29,16,11,16,21,0
130735,2,1,1987,0,0,0,0,0,0,0,0,0,0
130736,1,1,1987,0,10,0,0,0,13,12,12,24,9
130737,1,1,1987,2,2,2,2,2,2,2,2,2,2
130738,0,1,1987,19,19,19,19,19,19,19,19,19,19
130738,1,1,1987,13,16,13,87,5,15,0,0,11,0
130739,1,1,1987,12,12,12,12,12,12,12,12,12,12
130740,1,1,1987,15,15,15,15,15,15,15,15,15,15
130741,1,1,1987,2,2,2,2,2,2,2,2,2,2
130741,2,1,1987,7,7,7,7,7,7,7,7,7,7
130742,1,1,1987,0,0,0,0,0,0,0,0,0,0
130743,1,1,1987,0,0,0,0,0,0,0,0,0,0
130743,2,1,1987,0,0,0,0,0,0,0,0,0,0
130744,1,1,1987,0,0,0,0,0,0,0,0,0,0
130744,2,1,1987,0,0,0,0,0,0,0,0,0,0
130744,3,1,1987,0,10,0,0,0,0,0,0,0,0
130745,1,1,1987,0,0,0,0,0,0,0,0,0,0
130746,1,1,1987,0,0,0,0,0,0,0,0,0,0
130747,1,1,1987,0,0,0,0,0,0,0,0,0,0
130747,2,1,1987,0,0,0,0,0,0,0,0,0,0
130748,0,1,1987,0,0,0,10,0,0,0,9,0,0
130748,1,1,1987,0,0,0,0,0,0,0,0,0,0
130749,1,1,1987,0,0,0,0,0,0,0,0,0,0
130749,2,1,1987,0,0,0,0,0,0,0,0,0,0
130750,1,1,1987,0,0,0,0,0,0,0,0,0,0
130750,2,1,1987,0,0,0,0,0,0,0,0,0,0
130751,1,1,1987,0,0,0,0,0,0,0,0,0,0
130751,2,1,1987,0,0,0,0,0,0,0,0,0,0
130751,3,1,1987,0,0,0,0,0,0,0,0,0,0
130752,1,1,1987,33,33,33,33,33,33,33,33,33,33
130753,1,1,1987,17,13,0,15,21,0,25,0,0,24
130754,1,1,1987,11,11,11,11,11,11,11,11,11,11
130754,2,1,1987,3,3,3,3,3,3,3,3,3,3
130755,1,1,1987,0,0,0,0,0,0,0,0,0,0
130756,1,1,1987,11,11,11,11,11,11,11,11,11,11
130757,1,1,1987,20,20,20,20,20,20,20,20,20,20
130758,1,1,1987,0,0,0,0,0,0,0,0,0,0
130758,2,1,1987,0,0,0,0,0,0,0,0,0,0
130759,1,1,1987,0,0,0,0,0,0,0,0,0,0
130759,2,1,1987,10,10,10,10,10,10,10,10,10,10
130760,0,1,1987,0,0,0,0,0,0,0,0,0,0
130760,1,1,1987,0,0,0,0,0,0,0,0,0,0
130761,1,1,1987,22,22,22,22,22,22,22,22,22,22
130762,1,1,1987,0,0,0,0,0,0,0,0,0,0
130762,2,1,1987,2,2,2,2,2,2,2,2,2,2
130763,1,1,1987,0,0,0,0,0,0,0,0,0,0
130763,2,1,1987,0,0,0,0,0,0,0,0,0,0
130764,1,1,1987,0,0,0,0,0,0,0,0,0,0
130764,2,1,1987,0,0,0,0,0,0,0,0,0,0
130764,3,1,1987,0,0,0,0,0,0,0,0,0,0
130765,1,1,1987,19,19,19,19,19,19,19,19,19,19
130766,1,1,1987,0,0,0,0,0,0,0,0,0,0
130766,2,1,1987,0,0,0,0,0,0,0,0,0,0
130767,1,1,1987,0,0,0,0,0,0,0,0,0,0
130767,2,1,1987,0,0,0,0,0,0,0,0,0,0
130768,1,1,1987,0,0,0,0,0,0,0,0,0,0
130768,2,1,1987,41,41,41,41,41,41,41,41,41,41
130769,0,1,1987,0,0,0,0,0,0,0,0,0,0
130769,1,1,1987,0,13,16,0,29,0,16,0,14,0
130769,2,1,1987,0,0,0,0,7,0,0,0,0,0
130770,1,1,1987,0,0,9,0,0,0,20,0,0,0
130770,2,1,1987,33,26,14,18,12,8,19,0,25,11
130771,0,1,1987,0,22,0,0,11,23,0,0,0,0
130771,1,1,1987,0,0,0,0,0,0,0,0,0,0
130772,1,1,1987,2,2,2,2,2,2,2,2,2,2
130773,1,1,1987,0,0,0,0,0,0,0,0,0,0
130773,2,1,1987,0,0,0,0,0,0,0,0,0,0
130774,1,1,1987,6,6,6,6,6,6,6,6,6,6
130775,1,1,1987,0,0,0,0,0,0,0,0,0,0
130775,2,1,1987,0,0,0,0,0,0,0,0,0,0
130776,1,1,1987,5,5,5,5,5,5,5,5,5,5
130777,1,1,1987,0,0,0,0,0,0,0,0,0,0
130777,2,1,1987,0,0,0,0,0,0,0,0,0,0
130778,0,1,1987,0,0,0,0,0,0,0,0,0,0
130778,0,2,1987,0,0,0,0,0,0,0,0,0,0
130778,1,1,1987,0,0,0,0,0,0,0,0,0,0
130779,1,1,1987,0,0,0,0,0,0,0,0,0,0
130779,2,1,1987,0,0,0,0,0,0,0,0,0,0
130780,1,1,1987,0,0,0,0,0,0,0,0,0,0
130780,2,1,1987,0,0,0,0,8,0,0,0,0,0
130781,0,1,1987,0,0,0,0,0,0,0,0,0,20
130781,1,1,1987,0,0,0,0,0,0,0,0,0,0
130782,1,1,1987,0,0,0,0,0,0,7,3,0,0
130782,2,1,1987,17,17,17,17,17,17,17,17,17,17
130782,3,1,1987,0,0,0,0,0,0,0,0,0,0
130783,0,1,1987,0,5,0,0,0,0,0,0,0,0
130783,1,1,1987,0,0,0,27,8,0,0,9,0,20
130784,1,1,1987,0,0,0,11,0,0,16,0,13,0
130785,1,1,1987,0,0,0,0,0,0,0,0,0,0
130785,2,1,1987,0,0,0,0,0,0,0,0,0,0
130786,1,1,1987,25,25,25,25,25,25,25,25,25,25
130787,0,1,1987,33,33,33,33,33,33,33,33,33,33
130787,1,1,1987,6,6,6,6,6,6,6,6,6,6
130788,1,1,1987,10,0,0,0,0,0,0,0,0,0
130788,2,1,1987,0,0,0,0,0,0,0,0,0,0
130789,1,1,1987,0,0,0,0,0,0,0,0,0,0
130789,2,1,1987,0,0,0,0,0,0,0,0,0,0
130791,1,1,1987,0,0,0,0,0,0,0,0,0,0
130791,2,1,1987,0,0,0,0,0,19,0,0,0,0
130792,0,1,1987,42,42,42,42,42,42,42,42,42,42
130792,1,1,1987,0,0,0,0,0,0,0,0,0,0
130793,1,1,1987,11,0,0,0,0,0,0,0,0,0
130793,2,1,1987,0,0,0,0,0,0,0,0,0,0
130794,1,1,1987,0,0,0,0,0,0,0,0,0,0
130794,2,1,1987,0,0,0,0,0,0,0,0,0,0
130795,1,1,1987,0,0,0,0,0,0,0,0,0,0
130795,2,1,1987,0,0,0,0,0,23,0,14,0,21
130796,1,1,1987,11,11,11,11,11,11,11,11,11,11
130796,2,1,1987,0,0,0,0,0,0,0,0,0,0
130797,1,1,1987,0,0,0,0,0,0,0,0,0,0
130797,2,1,1987,0,0,0,0,0,0,0,0,0,0
130797,3,1,1987,0,0,0,0,0,0,0,0,0,0
130798,0,1,1987,0,0,0,0,0,0,2,0,0,0
130798,0,2,1987,0,11,0,5,0,0,0,0,0,0
130798,0,3,1987,0,0,0,0,0,0,0,0,0,0
130798,0,4,1987,0,0,0,0,0,0,0,0,0,0
130798,1,1,1987,12,12,12,12,12,12,12,12,12,12
130799,1,1,1987,0,0,0,0,0,25,0,0,0,0
130800,1,1,1987,26,26,26,26,26,26,26,26,26,26
130800,2,1,1987,0,0,0,0,0,0,0,0,0,0
130800,3,1,1987,0,0,0,0,0,0,0,0,0,0
130801,1,1,1987,13,0,0,0,0,15,0,0,0,0
130802,1,1,1987,0,0,0,0,0,0,0,0,0,0
130803,1,1,1987,0,0,0,0,0,0,0,0,0,0
130803,2,1,1987,0,0,0,0,0,0,0,0,0,0
130804,1,1,1987,12,12,12,12,12,12,12,12,12,12
130804,2,1,1987,0,0,0,0,0,0,0,0,0,0
130804,3,1,1987,0,0,0,0,0,0,0,0,0,0
130805,1,1,1987,5,5,5,5,5,5,5,5,5,5
130806,1,1,1987,5,5,5,5,5,5,5,5,5,5
130806,2,1,1987,0,0,0,0,0,0,0,0,0,0
130807,1,1,1987,13,0,0,0,0,0,0,0,0,14
130808,1,1,1987,18,18,18,18,18,18,18,18,18,18
130808,2,1,1987,0,0,0,0,0,0,0,0,0,0
130809,1,1,1987,14,14,14,14,14,14,14,14,14,14
130810,1,1,1987,5,5,5,5,5,5,5,5,5,5
130811,1,1,1987,2,2,2,2,2,2,2,2,2,2
130812,0,1,1987,19,19,19,19,19,19,19,19,19,19
130812,1,1,1987,0,16,16,13,31,9,0,4,21,0
130813,0,1,1987,22,22,22,22,22,22,22,22,22,22
130813,1,1,1987,0,0,0,0,0,0,0,0,0,0
130814,1,1,1987,12,24,17,0,4,15,22,5,0,14
130815,0,1,1987,0,0,0,0,0,0,0,0,0,0
130815,1,1,1987,12,12,12,12,12,12,12,12,12,12
130816,1,1,1987,0,19,8,27,20,0,17,0,32,30
130817,1,1,1987,0,21,0,0,17,0,0,0,0,0
130818,1,1,1987,31,31,31,31,31,31,31,31,31,31
130819,1,1,1987,0,15,30,0,0,12,0,0,0,0
130820,1,2,1987,15,15,15,15,15,15,15,15,15,15
130821,1,1,1987,0,0,0,0,0,0,0,11,0,0
130822,0,1,1987,0,0,0,0,0,0,0,0,0,0
130822,1,1,1987,0,0,0,0,0,0,0,0,0,0
130823,1,1,1987,27,27,27,27,27,27,27,27,27,27
130824,1,1,1987,0,0,31,0,0,0,0,0,0,0
130825,1,1,1987,20,20,20,20,20,20,20,20,20,20
130826,0,1,1987,15,15,15,15,15,15,15,15,15,15
130826,1,1,1987,0,0,0,0,0,0,0,0,0,0
130827,0,1,1987,23,23,23,23,23,23,23,23,23,23
130827,1,1,1987,9,5,26,0,0,0,0,0,21,0
130828,1,1,1987,0,0,0,0,0,0,0,0,0,0
130828,2,1,1987,31,31,31,31,31,31,31,31,31,31
130829,1,1,1987,0,0,0,0,0,0,0,0,0,0
130829,2,1,1987,0,0,0,0,0,0,0,0,0,0
130830,1,1,1987,0,0,0,0,0,0,0,0,0,0
130830,2,1,1987,0,0,0,0,0,0,0,0,0,22
130830,3,1,1987,0,0,0,0,0,0,0,9,0,0
130832,1,1,1987,0,0,0,0,0,0,0,0,0,0
130832,2,1,1987,0,0,0,0,36,0,0,0,0,0
130832,3,1,1987,0,0,0,0,0,0,0,0,0,0
130833,1,1,1987,0,0,0,0,0,0,0,0,0,0
130833,2,1,1987,0,0,0,0,0,0,0,0,0,0
130834,1,1,1987,18,18,18,18,18,18,18,18,18,18
130835,1,1,1987,21,21,21,21,21,21,21,21,21,21
130835,2,1,1987,7,0,0,0,0,0,0,0,0,0
130836,1,1,1987,0,0,0,0,0,0,0,0,0,0
130837,1,1,1987,0,0,0,0,0,0,0,0,0,0
130837,2,1,1987,15,15,15,15,15,15,15,15,15,15
130838,1,1,1987,7,27,7,12,22,0,18,8,18,9
130839,1,1,1987,0,0,0,0,0,0,0,0,0,0
130839,2,1,1987,0,0,0,0,0,0,0,29,0,0
130841,1,1,1987,0,8,0,0,0,22,0,0,0,0
130841,2,1,1987,0,0,0,0,0,0,0,0,0,0
130842,1,1,1987,0,0,0,0,0,0,0,0,0,0
130842,2,1,1987,12,12,12,12,12,12,12,12,12,12
130842,3,1,1987,0,0,0,0,0,15,0,0,0,7
130843,0,1,1987,38,38,38,38,38,38,38,38,38,38
130843,1,1,1987,16,0,14,40,0,27,0,0,35,26
130844,0,1,1987,1,1,1,1,1,1,1,1,1,1
130844,1,1,1987,0,0,0,0,0,0,0,0,9,0
130845,0,1,1987,13,13,13,13,13,13,13,13,13,13
130845,1,1,1987,0,0,0,0,0,0,0,0,0,0
130846,1,1,1987,22,22,22,22,22,22,22,22,22,22
130848,0,1,1987,15,0,18,20,0,21,27,15,0,14
130848,1,1,1987,18,11,35,0,0,26,12,0,12,0
130849,1,1,1987,16,16,16,16,16,16,16,16,16,16
130850,1,1,1987,0,0,0,0,0,0,0,0,0,0
130851,0,1,1987,28,28,28,28,28,28,28,28,28,28
130851,1,1,1987,7,7,7,7,7,7,7,7,7,7
130852,0,1,1987,19,19,19,19,19,19,19,19,19,19
130852,1,1,1987,11,11,11,11,11,11,11,11,11,11
130853,1,1,1987,12,0,0,0,8,11,12,0,5,0
130854,1,1,1987,18,0,0,0,0,0,7,0,0,0
130855,0,1,1987,0,0,0,0,0,0,0,0,0,0
130855,1,1,1987,0,0,37,0,14,7,0,15,0,13
130856,1,1,1987,0,0,0,0,0,26,0,0,14,0
130857,1,1,1987,0,0,0,0,0,0,0,0,0,0
130858,0,1,1987,19,19,19,19,19,19,19,19,19,19
130858,1,1,1987,19,19,19,19,19,19,19,19,19,19
130859,1,1,1987,22,22,22,22,22,22,22,22,22,22
130860,1,1,1987,0,0,0,0,0,0,0,0,0,0
130861,1,1,1987,19,19,19,19,19,19,19,19,19,19
130862,1,1,1987,26,26,26,26,26,26,26,26,26,26
130863,1,1,1987,15,15,15,15,15,15,15,15,15,15
130864,1,1,1987,18,18,18,18,18,18,18,18,18,18
130865,1,1,1987,19,19,19,19,19,19,19,19,19,19
130866,1,1,1987,0,5,0,0,10,0,16,0,0,14
130867,1,1,1987,0,0,0,0,0,0,0,0,0,0
130868,1,1,1987,8,12,0,0,13,0,9,23,11,0
130869,1,1,1987,0,0,0,0,0,0,0,0,0,0
130871,1,1,1987,0,0,0,0,0,0,0,0,0,0
130873,1,1,1987,0,0,0,0,0,0,0,0,0,0
130873,2,1,1987,0,0,0,0,0,0,0,0,0,0
130875,1,1,1987,0,0,0,0,0,0,0,0,0,0
130875,2,1,1987,0,0,0,0,0,0,0,0,0,0
130876,1,1,1987,0,0,0,0,0,0,0,0,0,0
130876,2,1,1987,0,0,0,0,0,0,0,0,0,0
130877,1,1,1987,0,0,0,0,0,0,0,0,0,0
130877,2,1,1987,0,0,0,9,0,6,7,11,19,10
130878,1,1,1987,0,0,0,0,0,0,0,0,0,0
130879,1,1,1987,0,0,0,0,0,0,0,0,0,0
130879,2,1,1987,0,0,0,0,0,0,0,0,0,0
130880,1,1,1987,0,0,0,0,0,0,0,0,0,0
130881,1,1,1987,0,0,0,0,0,0,0,0,0,0
130881,2,1,1987,0,0,0,0,0,0,0,0,0,0
130882,1,1,1987,0,0,0,0,0,0,0,0,0,0
130883,1,1,1987,12,12,12,12,12,12,12,12,12,12
130883,2,1,1987,0,0,0,0,0,0,0,0,0,0
130884,1,1,1987,0,0,0,0,0,0,0,0,0,0
130884,2,1,1987,0,0,0,0,0,0,0,0,0,0
130885,1,1,1987,0,0,0,0,0,0,0,0,0,0
130885,2,1,1987,0,0,0,0,0,0,0,0,0,0
130886,1,1,1987,6,6,6,6,6,6,6,6,6,6
130887,1,1,1987,0,0,0,0,0,0,0,0,0,0
130887,2,1,1987,0,0,0,0,0,0,0,0,0,0
130888,0,1,1987,36,36,36,36,36,36,36,36,36,36
130888,1,1,1987,16,16,16,16,16,16,16,16,16,16
130889,0,1,1987,0,0,0,0,0,0,0,0,0,0
130889,1,1,1987,0,0,0,0,0,0,0,0,0,0
130890,1,1,1987,18,18,18,18,18,18,18,18,18,18
130891,1,1,1987,16,16,16,16,16,16,16,16,16,16
130892,1,1,1987,0,0,0,0,0,0,0,0,0,0
130893,0,1,1987,29,29,29,29,29,29,29,29,29,29
130893,1,1,1987,5,9,23,14,26,16,18,4,11,11
130894,1,1,1987,0,0,0,0,0,0,0,0,0,0
130895,1,1,1987,19,19,19,19,19,19,19,19,19,19
130896,1,1,1987,0,0,0,0,0,0,0,0,0,0
130897,1,1,1987,0,0,0,0,0,0,0,0,0,0
130898,1,1,1987,17,17,17,17,17,17,17,17,17,17
130899,1,1,1987,0,0,0,0,0,0,0,0,0,0
130900,1,1,1987,0,0,0,0,0,0,0,0,0,0
130901,0,1,1987,0,0,0,0,0,0,0,0,0,0
130901,1,1,1987,0,0,0,0,0,0,0,0,0,0
130902,1,1,1987,0,0,0,0,0,0,0,0,0,0
130904,1,1,1987,0,0,0,0,0,0,0,0,0,0
130905,1,1,1987,0,0,0,0,0,0,0,0,0,0
130906,1,1,1987,0,0,0,0,0,0,0,0,0,0
130907,1,1,1987,12,12,12,12,12,12,12,12,12,12
130908,1,1,1987,0,0,0,0,0,0,0,0,0,0
130908,2,1,1987,0,0,0,0,0,0,0,0,0,0
130909,0,1,1987,18,18,18,18,18,18,18,18,18,18
130909,1,1,1987,0,0,0,0,0,0,0,0,0,0
130910,0,1,1987,20,20,20,20,20,20,20,20,20,20
130910,1,1,1987,2,2,2,2,2,2,2,2,2,2
130911,1,1,1987,0,15,0,21,0,0,0,0,6,38
130911,2,1,1987,13,0,0,0,0,0,0,0,10,0
130912,1,1,1987,0,0,0,0,0,0,0,0,0,0
130912,2,1,1987,0,0,0,0,0,0,0,0,0,0
130913,1,1,1987,0,0,0,0,0,0,0,0,0,0
130913,2,1,1987,0,0,0,0,0,0,0,0,0,0
130914,1,1,1987,0,0,0,0,0,0,0,0,0,0
130914,2,1,1987,0,0,0,0,0,0,0,0,0,0
130915,1,1,1987,0,0,0,0,0,0,0,0,0,0
130915,2,1,1987,0,0,0,0,0,0,0,0,0,0
130916,1,1,1987,0,0,0,0,0,0,0,0,0,0
130916,2,1,1987,0,0,29,0,0,12,0,0,0,0
130917,1,1,1987,0,0,0,0,0,0,0,0,0,0
130917,2,1,1987,17,17,17,17,17,17,17,17,17,17
130918,1,1,1987,0,0,0,0,0,0,0,14,0,0
130918,2,1,1987,0,0,0,0,0,0,0,0,0,0
130919,1,1,1987,0,0,0,0,0,0,0,0,0,0
130919,2,1,1987,0,0,0,0,0,0,0,0,0,0
130920,1,1,1987,16,16,16,16,16,16,16,16,16,16
130920,2,1,1987,0,0,0,0,0,23,0,0,24,0
130921,1,1,1987,0,0,0,0,0,0,0,0,0,0
130921,2,1,1987,0,0,0,0,0,0,0,0,0,0
130922,1,1,1987,0,0,0,0,0,0,0,0,0,0
130922,2,1,1987,0,0,0,0,0,0,0,0,0,0
130923,1,1,1987,0,0,0,0,0,0,0,0,0,0
130923,2,1,1987,0,0,0,0,0,0,0,0,0,0
130924,1,1,1987,15,15,15,15,15,15,15,15,15,15
130925,1,1,1987,0,0,0,0,0,0,0,0,0,0
130925,2,1,1987,0,0,0,0,0,0,0,0,0,0
130926,1,1,1987,0,0,0,0,0,0,0,0,0,0
130926,2,1,1987,0,0,0,0,0,0,0,0,0,0
130927,1,1,1987,3,3,3,3,3,3,3,3,3,3
130927,2,1,1987,0,0,0,0,0,0,0,0,0,0
130928,0,1,1987,0,0,0,0,0,0,0,0,0,0
130928,1,1,1987,0,0,0,0,0,0,0,0,0,0
130929,1,1,1987,0,0,0,0,0,0,0,0,0,0
130929,2,1,1987,0,0,0,0,0,0,0,0,0,0
130930,1,1,1987,0,0,0,0,0,0,0,0,0,0
130930,2,1,1987,0,0,0,0,0,0,0,0,0,0
130930,3,1,1987,0,0,0,0,0,0,0,0,0,0
130931,1,1,1987,0,0,0,0,0,0,0,0,0,0
130931,2,1,1987,0,0,0,0,0,0,0,0,0,0
130932,1,1,1987,0,0,0,0,0,0,0,0,0,0
130933,1,1,1987,12,12,11,7,33,32,0,35,21,24
130934,1,1,1987,19,19,19,19,19,19,19,19,19,19
130935,1,1,1987,8,8,8,8,8,8,8,8,8,8
130936,0,1,1987,0,0,0,0,0,0,0,0,0,0
130936,1,1,1987,18,18,18,18,18,18,18,18,18,18
130937,1,1,1987,0,0,16,0,0,0,0,0,0,8
130938,0,1,1987,0,0,0,0,0,0,0,0,0,0
130938,1,1,1987,14,14,14,14,14,14,14,14,14,14
130939,1,1,1987,0,0,0,0,0,0,0,0,0,0
130940,1,1,1987,19,19,19,19,19,19,19,19,19,19
130941,1,1,1987,0,20,4,0,9,15,0,39,6,23
130942,1,1,1987,9,23,19,17,26,14,9,18,21,22
130943,1,1,1987,25,25,25,25,25,25,25,25,25,25
130944,1,1,1987,20,20,20,20,20,20,20,20,20,20
130945,1,1,1987,0,0,0,16,0,20,0,0,0,0
130947,1,1,1987,0,0,0,0,0,0,0,0,0,0
130949,1,1,1987,0,0,0,0,0,0,0,0,0,0
130949,2,1,1987,0,0,0,0,0,0,0,0,0,0
130950,1,1,1987,24,11,12,24,13,9,13,0,27,0
130950,2,1,1987,0,0,0,0,0,5,0,16,0,0
130951,1,1,1987,0,0,0,0,0,0,0,0,0,0
130951,2,1,1987,18,0,0,0,0,0,0,0,0,0
130952,1,1,1987,0,0,0,0,0,0,0,0,23,0
130952,2,1,1987,0,0,0,0,0,0,0,0,0,0
130953,1,1,1987,17,0,0,0,6,0,0,15,10,0
130953,2,1,1987,0,0,0,17,0,0,0,0,0,0
130954,1,1,1987,0,0,0,0,0,0,0,0,0,0
130954,2,1,1987,0,0,0,0,0,0,0,0,0,0
130955,1,1,1987,6,6,6,6,6,6,6,6,6,6
130955,2,1,1987,0,0,0,0,0,0,0,0,0,0
130956,1,1,1987,0,0,0,0,0,0,0,0,0,0
130956,2,1,1987,21,21,21,21,21,21,21,21,21,21
130957,1,1,1987,0,0,0,0,0,0,0,0,0,0
130957,2,1,1987,0,0,0,0,0,0,0,0,0,0
130957,3,1,1987,0,0,0,0,0,0,0,0,0,0
130958,1,1,1987,0,0,0,0,0,0,0,0,0,0
130958,2,1,1987,0,0,0,0,0,0,0,0,0,0
130958,3,1,1987,0,0,0,18,0,0,0,0,0,0
130959,1,1,1987,0,0,0,0,0,0,0,0,0,0
130959,2,1,1987,0,0,0,0,0,0,0,15,0,0
130960,1,1,1987,7,7,7,7,7,7,7,7,7,7
130960,2,1,1987,0,0,0,0,0,0,0,0,0,0
130961,1,1,1987,2,2,2,2,2,2,2,2,2,2
130962,1,1,1987,0,0,5,31,9,0,4,20,0,0
130962,2,1,1987,0,0,0,0,0,0,0,0,0,0
130963,0,1,1987,24,13,10,0,0,0,26,0,0,10
130963,1,1,1987,0,0,0,0,0,0,18,0,0,21
130963,2,1,1987,15,0,6,0,10,0,0,0,0,0
130964,0,1,1987,0,27,0,0,23,29,0,21,22,24
130964,1,1,1987,0,0,0,0,0,0,0,0,0,0
130965,1,1,1987,0,0,0,0,0,0,0,0,0,0
130965,2,1,1987,0,0,0,0,0,0,0,0,0,0
130965,3,1,1987,0,0,0,0,0,0,0,0,10,0
130965,4,1,1987,0,0,0,0,0,0,0,0,0,0
130966,0,1,1987,0,18,0,0,0,0,2,0,0,0
130966,1,1,1987,0,0,0,0,0,0,0,0,0,0
130967,1,1,1987,35,35,35,35,35,35,35,35,35,35
130968,1,1,1987,5,5,5,5,5,5,5,5,5,5
130969,1,1,1987,8,8,8,8,8,8,8,8,8,8
130970,1,1,1987,0,0,0,10,18,0,0,25,0,0
130971,1,1,1987,0,0,0,0,0,0,0,0,0,0
130973,0,1,1987,0,0,0,0,0,0,0,0,0,0
130973,1,1,1987,0,0,0,0,0,0,0,0,0,0
130974,0,1,1987,0,0,0,0,0,0,0,0,0,0
130974,1,1,1987,0,0,0,0,0,0,0,0,0,0
130976,1,1,1987,8,15,9,14,26,0,10,0,15,8
130977,1,1,1987,40,40,40,40,40,40,40,40,40,40
130978,1,1,1987,16,16,16,16,16,16,16,16,16,16
130979,1,1,1987,21,0,0,0,0,0,0,0,28,0
130980,0,1,1987,0,0,0,0,0,0,0,0,0,0
130980,1,1,1987,0,0,0,0,0,11,0,0,0,18
130981,0,1,1987,0,0,0,0,0,0,0,0,0,0
130981,1,1,1987,0,0,0,0,0,0,0,0,0,0
130982,1,1,1987,0,0,0,0,0,0,12,0,0,0
130983,1,1,1987,0,0,0,0,0,0,0,0,0,0
130984,1,1,1987,49,49,49,49,49,49,49,49,49,49
130985,1,1,1987,0,0,0,0,0,0,0,0,0,0
130986,1,1,1987,18,18,18,18,18,18,18,18,18,18
130987,0,1,1987,15,15,15,15,15,15,15,15,15,15
130987,1,1,1987,0,14,18,0,12,30,17,0,18,0
130989,1,1,1987,0,0,0,0,0,0,0,0,0,0
130990,1,1,1987,0,0,0,0,0,0,0,0,0,0
130991,1,1,1987,0,13,0,0,0,0,0,0,0,0
130992,1,1,1987,0,0,15,0,0,0,0,0,0,0
130993,1,1,1987,18,15,15,27,17,24,0,11,18,28
130994,1,1,1987,16,16,14,11,14,16,21,24,11,9
130995,0,1,1987,14,13,22,0,26,13,19,14,29,20
130995,1,1,1987,0,0,0,0,0,0,0,0,0,0
130996,1,1,1987,2,2,2,2,2,2,2,2,2,2
130997,1,1,1987,0,0,0,0,0,0,0,0,0,0
130998,0,1,1987,0,0,0,0,0,0,0,0,0,0
130998,1,1,1987,0,0,0,24,0,0,24,0,0,33
130999,1,1,1987,0,0,0,0,0,0,0,0,0,0
131000,1,1,1987,0,0,0,0,0,0,0,0,0,0
131000,2,1,1987,0,0,0,0,0,0,0,0,0,0
131000,3,1,1987,0,0,0,0,0,0,0,0,0,0
131000,4,1,1987,0,0,0,0,0,0,0,0,19,0