ST_CASE,VEH_NO,PER_NO,YEAR,P1,P2,P3,P4,P5,P6,P7,P8,P9,P10
131001,1,1,1987,24,24,24,24,24,24,24,24,24,24
131001,2,1,1987,0,0,0,0,0,0,0,0,0,0
131003,1,1,1987,0,17,0,0,0,14,0,0,0,0
131003,2,1,1987,0,0,0,0,0,0,0,0,0,0
131004,1,1,1987,2,2,2,2,2,2,2,2,2,2
131004,2,1,1987,0,0,0,0,0,0,0,0,0,0
131006,1,1,1987,0,0,0,0,0,0,0,0,13,0
131006,2,1,1987,0,0,0,0,0,0,0,0,0,0
131007,1,1,1987,0,0,0,0,0,0,0,0,0,0
131007,2,1,1987,0,4,0,0,0,0,0,0,0,0
131008,1,1,1987,0,0,0,0,0,0,0,0,0,0
131008,2,1,1987,8,8,8,8,8,8,8,8,8,8
131009,1,1,1987,6,6,6,6,6,6,6,6,6,6
131009,2,1,1987,0,0,0,0,0,0,0,0,0,0
131009,3,1,1987,0,0,0,0,0,0,0,32,0,0
131010,1,1,1987,0,0,0,0,0,0,0,0,0,0
131010,2,1,1987,0,0,0,0,0,0,0,0,36,0
131011,1,1,1987,0,0,0,0,0,0,0,0,0,0
131011,2,1,1987,0,0,0,0,0,0,0,0,0,0
131012,1,1,1987,0,0,0,0,0,0,0,0,0,0
131012,2,1,1987,0,0,0,0,0,0,0,0,0,0
131014,1,1,1987,0,0,0,0,0,0,0,2,0,0
131014,2,1,1987,0,0,0,0,0,0,0,9,0,0
131015,1,1,1987,15,15,15,15,15,15,15,15,15,15
131015,2,1,1987,0,0,0,0,0,0,0,0,0,0
131016,1,1,1987,31,36,14,48,10,10,24,23,0,0
131016,2,1,1987,0,0,8,0,0,13,0,0,0,0
131017,0,1,1987,0,0,0,0,0,0,0,0,0,0
131017,1,1,1987,0,0,0,0,0,0,0,0,0,0
131017,2,1,1987,0,0,0,0,0,0,0,0,0,0
131018,1,1,1987,0,0,0,0,0,0,0,0,0,0
131018,2,1,1987,0,0,0,0,0,0,16,0,0,0
131020,1,1,1987,11,11,11,11,11,11,11,11,11,11
131020,2,1,1987,0,0,0,0,0,0,0,0,0,0
131020,3,1,1987,0,0,0,0,0,0,0,0,0,0
131020,4,1,1987,0,0,0,0,0,0,0,0,0,0
131020,5,1,1987,0,0,0,0,0,0,0,0,0,0
131021,1,1,1987,0,0,0,0,0,0,0,0,0,0
131021,2,1,1987,10,10,10,10,10,10,10,10,10,10
131022,1,1,1987,0,0,0,0,0,0,0,0,0,0
131022,2,1,1987,0,0,0,0,0,0,0,0,0,0
131022,3,1,1987,0,0,0,0,0,0,0,0,0,0
131025,1,1,1987,16,16,16,16,16,16,16,16,16,16
131025,2,1,1987,0,0,0,0,0,0,0,0,0,0
131026,1,1,1987,0,0,0,7,0,0,0,0,0,0
131026,2,1,1987,0,0,0,0,0,0,0,0,0,0
131027,0,1,1987,0,0,0,0,0,0,0,0,0,0
131027,1,1,1987,0,0,0,0,0,0,0,0,0,0
131028,1,1,1987,12,12,12,12,12,12,12,12,12,12
131028,2,1,1987,0,0,0,0,0,0,0,0,0,0
131029,1,1,1987,0,0,21,0,0,0,0,21,0,0
131029,2,1,1987,0,0,0,0,0,0,0,0,0,0
131029,3,1,1987,0,0,0,0,0,0,0,0,0,0
131030,1,1,1987,12,12,12,12,12,12,12,12,12,12
131030,2,1,1987,1,1,1,1,1,1,1,1,1,1
131032,1,1,1987,0,0,0,0,0,0,0,0,0,0
131032,2,1,1987,0,0,0,0,0,0,0,0,0,0
131033,1,1,1987,3,3,3,3,3,3,3,3,3,3
131033,2,1,1987,1,1,1,1,1,1,1,1,1,1
131034,1,1,1987,0,9,0,0,0,0,0,0,0,0
131034,2,1,1987,0,0,0,0,0,0,0,0,0,0
131034,3,1,1987,0,0,0,0,0,0,0,0,0,0
131037,1,1,1987,19,19,19,19,19,19,19,19,19,19
131037,2,1,1987,0,0,0,0,0,0,0,0,0,0
131038,1,1,1987,0,0,0,0,0,0,0,0,0,0
131038,2,1,1987,0,0,0,0,0,0,0,0,0,0
131039,1,1,1987,0,0,0,0,0,0,0,0,0,0
131039,2,1,1987,0,0,0,0,0,0,0,0,0,0
131040,1,1,1987,0,0,0,0,0,0,0,0,0,0
131040,2,1,1987,0,13,21,14,16,19,7,23,17,5
131041,1,1,1987,0,0,0,0,0,0,0,0,0,0
131041,2,1,1987,0,0,0,0,0,0,0,0,0,0
131042,1,1,1987,0,0,0,0,0,0,0,0,0,0
131043,1,1,1987,15,15,15,15,15,15,15,15,15,15
131044,1,1,1987,22,21,29,0,0,18,20,17,17,21
131045,1,1,1987,25,25,25,25,25,25,25,25,25,25
131046,1,1,1987,18,18,18,18,18,18,18,18,18,18
131047,1,1,1987,0,0,0,0,0,0,0,0,0,0
131048,0,1,1987,0,0,0,0,0,0,0,0,0,0
131048,0,2,1987,0,0,0,0,0,0,0,0,0,0
131048,1,1,1987,0,0,5,0,0,25,0,12,0,0
131048,2,1,1987,0,0,0,0,0,0,0,0,0,0
131049,1,1,1987,0,0,0,0,0,0,0,0,0,0
131049,2,1,1987,0,0,0,0,0,0,0,0,0,0
131050,1,1,1987,5,5,5,5,5,5,5,5,5,5
131051,1,1,1987,0,0,0,0,0,3,0,0,0,0
131053,1,1,1987,0,0,0,0,0,0,0,0,0,0
131054,0,1,1987,0,0,0,0,0,0,0,0,0,0
131054,1,1,1987,0,0,0,0,0,0,0,0,0,0
131055,1,1,1987,0,0,0,0,0,0,0,0,0,0
131055,2,1,1987,0,0,0,0,0,0,0,0,0,0
131056,1,1,1987,0,0,0,0,0,0,0,0,0,0
131056,2,1,1987,0,0,0,8,0,0,0,0,0,0
131057,1,1,1987,0,0,0,9,0,0,0,0,0,0
131057,2,1,1987,0,0,0,0,0,0,0,0,0,0
131058,1,1,1987,0,0,0,0,0,0,0,0,0,0
131058,2,1,1987,0,0,0,0,0,0,0,0,0,0
131059,1,1,1987,0,0,0,0,0,0,0,0,0,0
131059,2,1,1987,0,0,0,0,0,0,0,0,0,0
131060,1,1,1987,0,0,0,0,0,0,0,0,0,0
131060,2,1,1987,0,0,0,0,0,0,0,0,0,0
131061,1,1,1987,0,0,0,0,11,0,0,0,0,0
131061,2,1,1987,0,0,0,0,0,0,0,0,0,0
131061,3,1,1987,0,0,0,0,0,0,0,0,0,0
131062,0,1,1987,0,0,0,0,0,0,0,0,0,0
131062,1,1,1987,0,0,0,0,0,0,0,0,0,0
131063,1,1,1987,8,8,8,8,8,8,8,8,8,8
131063,2,1,1987,0,0,0,0,0,0,0,0,0,0
131063,3,1,1987,1,1,1,1,1,1,1,1,1,1
131064,1,1,1987,0,0,0,0,0,0,0,0,0,0
131064,2,1,1987,0,0,0,0,0,0,0,0,0,0
131065,1,1,1987,18,18,18,18,18,18,18,18,18,18
131066,1,1,1987,19,0,0,0,13,0,0,0,0,0
131067,1,1,1987,0,0,0,0,0,0,0,0,0,0
131067,2,1,1987,5,0,0,0,0,0,0,0,0,0
131068,1,1,1987,0,0,0,0,0,0,0,0,0,0
131068,2,1,1987,22,22,22,22,22,22,22,22,22,22
131068,3,1,1987,0,0,0,42,25,0,0,0,0,0
131069,1,1,1987,24,24,24,24,24,24,24,24,24,24
131070,1,1,1987,12,12,12,12,12,12,12,12,12,12
131071,0,1,1987,0,0,0,0,0,0,0,0,0,0
131071,1,1,1987,9,0,0,0,20,0,0,23,0,30
131072,0,1,1987,18,20,20,14,13,0,10,21,26,36
131072,0,2,1987,31,31,31,31,31,31,31,31,31,31
131072,1,1,1987,17,17,13,0,0,9,0,22,10,0
131073,1,1,1987,5,5,5,5,5,5,5,5,5,5
131074,1,1,1987,0,0,0,0,0,0,0,0,0,0
131075,1,1,1987,0,0,0,0,25,0,0,0,0,0
131076,1,1,1987,18,18,18,18,18,18,18,18,18,18
131077,1,1,1987,12,12,12,12,12,12,12,12,12,12
131078,1,1,1987,23,23,23,23,23,23,23,23,23,23
131078,2,1,1987,1,1,1,1,1,1,1,1,1,1
131079,1,1,1987,20,20,20,20,20,20,20,20,20,20
131080,1,1,1987,0,0,0,0,0,0,0,0,0,0
131080,2,1,1987,0,0,0,0,0,0,16,0,0,0
131081,1,1,1987,16,16,16,16,16,16,16,16,16,16
131082,1,1,1987,26,26,26,26,26,26,26,26,26,26
131083,0,1,1987,18,18,18,18,18,18,18,18,18,18
131083,1,1,1987,8,8,8,8,8,8,8,8,8,8
131084,1,1,1987,29,29,29,29,29,29,29,29,29,29
131085,1,1,1987,9,9,9,9,9,9,9,9,9,9
131086,1,1,1987,4,4,4,4,4,4,4,4,4,4
131087,1,1,1987,13,13,13,13,13,13,13,13,13,13
131088,1,1,1987,0,0,0,0,0,0,0,0,0,0
131088,2,1,1987,0,0,0,0,0,0,0,0,0,0
131088,3,1,1987,0,0,0,0,0,0,0,0,0,0
131089,1,1,1987,23,23,23,23,23,23,23,23,23,23
131090,1,1,1987,18,18,18,18,18,18,18,18,18,18
131091,1,1,1987,14,14,14,14,14,14,14,14,14,14
131092,0,1,1987,0,0,0,0,0,0,0,0,0,0
131092,0,2,1987,22,8,9,33,0,0,0,0,5,22
131092,1,1,1987,29,12,0,0,23,22,17,5,23,6
131093,0,1,1987,0,0,0,0,0,0,0,0,4,23
131093,1,1,1987,0,0,0,0,0,0,0,0,0,0
131094,1,1,1987,22,22,22,22,22,22,22,22,22,22
131095,1,1,1987,21,21,21,21,21,21,21,21,21,21
131096,1,1,1987,33,33,33,33,33,33,33,33,33,33
131097,1,1,1987,2,2,2,2,2,2,2,2,2,2
131098,0,1,1987,18,18,18,18,18,18,18,18,18,18
131098,1,1,1987,19,19,19,19,19,19,19,19,19,19
131099,1,1,1987,26,26,26,26,26,26,26,26,26,26
131099,2,1,1987,0,0,0,0,0,0,0,0,0,0
131100,1,1,1987,15,15,15,15,15,15,15,15,15,15
131101,1,1,1987,14,14,14,14,14,14,14,14,14,14
131101,2,1,1987,2,2,2,2,2,2,2,2,2,2
131103,1,1,1987,29,24,27,13,21,0,0,0,31,13
131104,1,1,1987,0,0,0,0,0,0,0,0,0,0
131105,1,1,1987,0,0,0,0,0,0,0,0,0,0
131105,2,1,1987,0,0,0,0,0,0,0,0,0,0
131105,3,1,1987,0,0,0,0,0,0,0,0,0,0
131106,1,1,1987,0,0,0,0,0,0,0,0,0,0
131106,2,1,1987,0,0,0,26,0,0,0,0,0,0
131108,1,1,1987,15,15,15,15,15,15,15,15,15,15
131109,1,1,1987,0,0,0,0,0,0,0,0,0,0
131110,1,1,1987,6,6,6,6,6,6,6,6,6,6
131111,1,1,1987,0,0,0,0,0,0,0,0,0,0
131112,1,1,1987,25,25,25,25,25,25,25,25,25,25
131112,2,1,1987,0,0,0,0,0,0,0,0,0,0
131113,1,1,1987,0,0,0,0,0,0,0,0,0,0
131113,2,1,1987,15,15,15,15,15,15,15,15,15,15
131114,0,1,1987,0,0,0,0,19,0,22,19,0,7
131114,1,1,1987,32,32,21,28,24,15,11,0,60,25
131115,1,1,1987,18,18,18,18,18,18,18,18,18,18
131116,1,1,1987,11,11,11,11,11,11,11,11,11,11
131117,1,1,1987,0,0,0,0,0,0,0,0,0,0
131117,2,1,1987,0,0,0,0,0,0,0,0,0,0
131118,1,1,1987,18,18,18,18,18,18,18,18,18,18
131118,2,1,1987,29,25,0,12,0,14,0,17,18,14
131118,3,1,1987,12,20,21,10,0,6,18,27,0,13
131119,0,1,1987,0,0,0,0,0,0,0,0,0,0
131119,1,1,1987,0,0,0,0,0,0,0,0,0,0
131120,1,1,1987,0,0,0,0,0,0,0,0,0,0
131120,2,1,1987,0,0,0,0,0,0,0,0,0,0
131121,1,1,1987,0,0,0,0,0,0,0,0,0,0
131121,2,1,1987,11,0,0,0,0,0,0,0,0,0
131122,0,1,1987,0,0,0,0,0,0,0,0,0,0
131122,1,1,1987,0,0,0,0,0,0,0,0,0,0
131123,1,1,1987,0,0,0,0,0,0,0,0,0,0
131123,2,1,1987,0,0,0,0,0,0,0,0,0,0
131124,1,1,1987,0,0,0,0,0,0,0,0,0,0
131124,2,1,1987,0,0,0,0,0,0,0,0,0,0
131125,1,1,1987,0,0,0,0,0,0,0,0,0,0
131125,2,1,1987,0,0,0,21,0,0,0,0,0,0
131126,1,1,1987,0,0,0,0,0,0,0,0,0,0
131126,2,1,1987,22,22,22,22,22,22,22,22,22,22
131127,1,1,1987,6,6,6,6,6,6,6,6,6,6
131127,2,1,1987,23,23,23,23,23,23,23,23,23,23
131128,1,1,1987,28,28,28,28,28,28,28,28,28,28
131129,1,1,1987,0,0,0,0,0,0,0,0,0,0
131130,1,1,1987,27,14,19,0,19,0,12,22,20,17
131131,1,1,1987,0,14,14,21,34,10,13,18,19,16
131133,1,1,1987,21,21,21,21,21,21,21,21,21,21
131135,1,1,1987,22,17,19,29,33,16,9,8,0,27
131136,1,1,1987,0,0,0,0,0,0,0,0,0,0
131136,2,1,1987,0,0,0,0,0,0,0,16,0,0
131137,1,1,1987,0,0,4,0,0,0,0,18,0,0
131138,1,1,1987,10,10,10,10,10,10,10,10,10,10
131139,1,1,1987,0,0,0,0,0,0,0,0,0,0
131140,1,1,1987,17,17,17,17,17,17,17,17,17,17
131141,1,1,1987,0,0,0,0,0,0,0,0,0,0
131141,2,1,1987,22,22,22,22,22,22,22,22,22,22
131142,0,1,1987,0,0,0,0,0,0,0,0,0,0
131142,1,1,1987,0,0,0,0,0,0,0,0,0,0
131143,1,1,1987,0,0,0,0,0,0,0,0,0,0
131143,2,1,1987,0,0,0,0,0,0,0,0,0,0
131144,1,1,1987,21,21,21,21,21,21,21,21,21,21
131145,1,1,1987,35,35,35,35,35,35,35,35,35,35
131146,1,1,1987,19,19,19,19,19,19,19,19,19,19
131147,1,1,1987,19,19,19,19,19,19,19,19,19,19
131148,1,1,1987,0,0,0,0,0,0,0,0,0,0
131148,2,1,1987,0,0,0,0,0,0,0,13,0,0
131149,0,1,1987,0,0,0,0,0,0,0,0,0,0
131149,1,1,1987,13,13,13,13,13,13,13,13,13,13
131150,1,1,1987,0,0,0,0,0,0,0,0,0,0
131150,2,1,1987,0,0,0,0,0,0,0,0,0,0
131151,1,1,1987,0,0,0,0,9,0,0,0,0,0
131151,2,1,1987,0,0,0,0,0,0,0,0,0,0
131151,3,1,1987,0,0,0,0,0,0,0,0,0,0
131152,1,1,1987,26,7,15,15,6,6,11,17,20,22
131153,1,1,1987,7,8,20,12,12,21,16,18,18,22
131154,1,1,1987,0,0,0,0,0,0,0,0,0,0
131155,1,1,1987,0,0,0,0,0,0,0,0,0,0
131155,2,1,1987,8,8,8,8,8,8,8,8,8,8
131156,1,1,1987,21,21,21,21,21,21,21,21,21,21
131157,0,1,1987,25,0,0,0,0,6,0,15,0,19
131157,1,1,1987,0,0,0,0,0,0,0,0,0,0
131158,1,1,1987,0,0,0,0,0,0,0,23,0,0
131159,1,1,1987,0,0,0,19,20,0,0,0,0,0
131160,0,1,1987,0,0,0,0,0,0,0,0,0,0
131160,1,1,1987,0,0,0,0,0,0,0,0,0,19
131160,2,1,1987,0,18,37,0,0,0,13,0,0,0
131161,1,1,1987,0,0,0,0,0,0,0,0,0,0
131161,2,1,1987,0,0,0,0,0,0,0,0,0,0
131162,1,1,1987,0,14,0,0,0,0,0,0,0,0
131162,2,1,1987,2,2,2,2,2,2,2,2,2,2
131163,1,1,1987,0,0,0,0,0,0,0,0,0,0
131164,1,1,1987,0,0,0,0,0,0,8,0,0,16
131164,2,1,1987,0,0,0,0,0,0,0,0,0,0
131165,1,1,1987,0,0,15,0,0,0,0,0,0,0
131165,2,1,1987,0,0,0,0,0,0,0,0,0,0
131166,1,1,1987,0,0,0,0,0,0,0,0,0,0
131167,1,1,1987,0,0,0,0,0,0,0,0,0,0
131167,2,1,1987,0,0,0,0,0,0,0,0,0,0
131168,1,1,1987,24,24,24,24,24,24,24,24,24,24
131169,1,1,1987,0,0,0,0,0,0,0,0,0,0
131169,2,1,1987,0,0,0,0,0,0,0,0,0,0
131170,1,1,1987,13,13,13,13,13,13,13,13,13,13
131171,1,1,1987,1,1,1,1,1,1,1,1,1,1
131172,1,1,1987,25,25,25,25,25,25,25,25,25,25
131173,1,1,1987,5,5,5,5,5,5,5,5,5,5
131173,2,1,1987,0,0,0,0,0,0,0,0,0,0
131174,1,1,1987,26,26,26,26,26,26,26,26,26,26
131174,2,1,1987,0,23,0,0,0,0,0,0,0,0
131175,1,1,1987,27,27,27,27,27,27,27,27,27,27
131176,1,1,1987,0,0,0,0,0,0,0,0,0,0
131176,2,1,1987,0,0,0,0,0,0,0,0,0,0
131177,1,1,1987,11,11,11,11,11,11,11,11,11,11
131178,1,1,1987,21,21,21,21,21,21,21,21,21,21
131179,1,1,1987,0,0,0,0,0,0,0,0,0,0
131180,1,1,1987,0,0,0,0,0,0,0,0,0,0
131181,1,1,1987,25,9,10,9,16,5,4,10,0,8
131181,2,1,1987,0,0,0,0,0,0,0,0,0,0
131181,3,1,1987,0,0,0,19,0,0,0,0,0,0
131182,1,1,1987,17,17,17,17,17,17,17,17,17,17
131183,1,1,1987,0,0,0,0,0,0,0,0,0,0
131183,2,1,1987,0,0,0,0,0,0,0,0,0,0
131184,0,1,1987,13,0,0,0,0,0,28,0,0,26
131184,1,1,1987,0,0,0,0,0,0,0,0,0,0
131185,0,1,1987,0,0,0,0,0,0,0,0,0,0
131185,1,1,1987,10,0,0,0,0,0,0,0,0,0
131186,0,1,1987,0,12,0,0,0,30,0,0,0,0
131186,1,1,1987,0,0,0,0,0,0,0,0,0,0
131187,0,1,1987,0,0,0,0,0,0,0,0,0,0
131187,1,1,1987,0,0,0,0,0,0,0,0,0,0
131188,1,1,1987,0,0,0,0,0,0,0,0,0,0
131188,2,1,1987,27,27,27,27,27,27,27,27,27,27
131188,3,1,1987,0,0,0,0,0,0,0,0,0,0
131188,4,1,1987,0,0,0,0,0,0,0,0,0,0
131188,5,1,1987,0,0,0,0,0,0,0,0,0,0
131188,6,1,1987,0,0,0,0,0,0,0,0,0,0
131188,7,1,1987,0,0,0,0,0,0,0,0,0,0
131189,1,1,1987,0,0,0,0,0,0,0,0,0,0
131190,1,1,1987,0,0,0,0,0,0,0,0,0,0
131190,2,1,1987,16,16,16,16,16,16,16,16,16,16
131191,1,1,1987,22,22,22,22,22,22,22,22,22,22
131192,1,1,1987,26,26,26,26,26,26,26,26,26,26
131193,0,1,1987,0,29,17,0,27,20,0,21,19,0
131193,1,1,1987,0,0,0,0,0,0,0,0,0,11
131194,1,1,1987,0,0,0,0,0,0,0,0,0,0
131194,2,1,1987,0,0,0,0,0,0,0,0,0,0
131196,1,1,1987,0,0,0,0,0,0,0,0,0,0
131197,0,1,1987,0,0,0,0,0,0,0,0,0,0
131197,1,1,1987,0,0,0,0,13,0,0,0,0,0
131198,1,1,1987,0,0,0,0,0,0,0,0,0,0
131199,0,1,1987,0,0,0,0,0,0,0,0,0,0
131199,1,1,1987,0,0,0,0,0,0,0,0,0,0
131200,1,1,1987,15,15,15,15,15,15,15,15,15,15
131201,1,1,1987,0,0,0,0,0,0,0,0,0,0
131201,2,1,1987,4,4,4,4,4,4,4,4,4,4
131202,1,1,1987,18,18,18,18,18,18,18,18,18,18
131202,2,1,1987,0,0,0,0,0,0,0,0,0,0
131203,1,1,1987,0,0,0,0,0,0,0,0,0,0
131203,2,1,1987,0,0,0,0,0,0,0,0,0,0
131204,1,1,1987,0,0,0,0,0,0,0,0,0,13
131204,2,1,1987,0,0,0,0,0,0,0,0,0,0
131205,1,1,1987,13,13,13,13,13,13,13,13,13,13
131206,1,1,1987,0,0,0,0,0,0,0,0,0,0
131207,1,1,1987,0,0,0,0,0,0,0,0,0,0
131208,1,1,1987,23,23,23,23,23,23,23,23,23,23
131209,1,1,1987,0,0,0,0,0,0,0,0,0,0
131209,2,1,1987,0,0,0,0,0,0,0,0,0,0
131210,1,1,1987,0,0,0,0,0,0,0,0,32,0
131211,1,1,1987,0,0,0,0,0,0,0,0,0,0
131212,1,1,1987,14,0,16,0,0,0,0,0,0,9
131212,2,1,1987,0,0,0,0,0,0,0,0,0,0
131213,1,1,1987,8,0,0,0,0,11,12,0,0,8
131213,2,1,1987,0,23,0,0,0,0,0,0,0,0
131214,1,1,1987,0,0,0,5,0,0,0,0,0,0
131215,1,1,1987,1,1,1,1,1,1,1,1,1,1
131216,1,1,1987,0,0,0,0,0,0,0,0,0,0
131216,2,1,1987,0,0,0,0,0,0,0,0,0,0
131217,1,1,1987,0,0,0,0,0,0,0,0,0,0
131219,0,1,1987,0,0,0,0,0,0,0,0,0,0
131219,1,1,1987,0,0,0,0,0,0,0,0,0,0
131220,1,1,1987,0,0,0,0,0,0,0,0,0,0
131220,2,1,1987,0,0,0,0,0,0,0,0,0,0
131221,0,1,1987,7,7,7,7,7,7,7,7,7,7
131221,0,2,1987,0,0,0,0,0,0,0,0,0,0
131221,1,1,1987,0,0,0,0,0,0,0,0,0,0
131222,1,1,1987,0,0,0,0,0,0,0,0,0,0
131222,2,1,1987,0,0,0,0,0,0,0,0,0,0
131223,1,1,1987,25,32,0,10,0,3,0,12,0,24
131224,1,1,1987,30,30,30,30,30,30,30,30,30,30
131225,1,1,1987,0,0,0,0,0,0,0,0,0,0
131226,1,1,1987,0,0,0,0,0,0,0,0,0,0
131226,2,1,1987,0,0,0,0,0,0,0,0,0,0
131227,1,1,1987,0,0,0,0,0,16,0,0,0,0
131227,2,1,1987,0,0,0,0,0,0,0,0,0,0
131227,3,1,1987,0,0,0,0,0,0,0,0,0,0
131228,0,1,1987,30,30,30,30,30,30,30,30,30,30
131228,1,1,1987,0,12,0,0,0,0,0,0,0,0
131229,1,1,1987,0,0,0,0,0,14,0,0,0,0
131229,2,1,1987,31,31,31,31,31,31,31,31,31,31
131230,1,1,1987,22,22,22,22,22,22,22,22,22,22
131231,1,1,1987,0,0,0,0,0,0,0,0,0,0
131231,2,1,1987,0,0,0,0,0,0,0,0,0,0
131232,1,1,1987,0,0,0,0,0,0,0,0,0,0
131232,2,1,1987,0,0,0,0,0,0,0,0,0,0
131233,1,1,1987,0,0,0,0,0,0,0,0,0,0
131233,2,1,1987,0,0,0,0,0,0,0,0,0,0
131234,1,1,1987,17,17,17,17,17,17,17,17,17,17
131235,1,1,1987,28,28,28,28,28,28,28,28,28,28
131236,1,1,1987,0,0,0,0,0,0,0,0,0,0
131237,1,1,1987,23,23,23,23,23,23,23,23,23,23
131238,1,1,1987,28,28,28,28,28,28,28,28,28,28
131239,1,1,1987,0,0,0,0,0,0,0,0,0,0
131240,1,1,1987,0,0,25,33,0,0,0,0,0,0
131241,1,1,1987,38,38,38,38,38,38,38,38,38,38
131242,1,1,1987,15,15,15,15,15,15,15,15,15,15
131244,1,1,1987,0,0,0,0,0,0,0,0,0,0
131244,2,1,1987,0,0,0,0,0,0,0,0,0,0
131245,0,1,1987,0,0,0,0,0,0,0,0,0,0
131245,1,1,1987,0,0,0,0,9,0,0,0,0,0
131246,1,1,1987,19,22,9,0,21,23,12,8,24,19
131247,0,1,1987,20,20,20,20,20,20,20,20,20,20
131247,1,1,1987,0,16,0,0,0,0,0,0,0,0
131248,1,1,1987,0,0,0,0,0,0,0,0,0,0
131248,2,1,1987,0,0,0,0,0,0,0,0,0,0
131249,1,1,1987,0,0,0,0,0,0,0,0,0,0
131249,2,1,1987,0,0,0,0,0,0,0,0,0,0
131250,1,1,1987,0,0,0,0,0,0,0,0,0,0
131251,1,1,1987,0,0,0,0,0,0,0,0,0,0
131251,2,1,1987,10,0,0,0,15,0,0,0,0,0
131251,3,1,1987,0,0,0,0,0,0,0,0,0,0
131252,0,1,1987,0,0,0,0,0,0,0,0,0,0
131252,1,1,1987,0,0,0,0,0,0,0,0,0,0
131253,1,1,1987,0,0,0,0,0,0,0,0,0,0
131253,2,1,1987,0,0,0,0,0,0,0,0,0,0
131254,1,1,1987,29,29,29,29,29,29,29,29,29,29
131254,2,1,1987,0,0,0,0,0,0,0,0,0,0
131255,1,1,1987,6,6,6,6,6,6,6,6,6,6
131256,1,1,1987,16,16,16,16,16,16,16,16,16,16
131257,1,1,1987,0,0,0,0,0,0,0,0,0,0
131257,2,1,1987,0,0,0,0,0,0,0,0,0,0
131258,1,1,1987,8,8,8,8,8,8,8,8,8,8
131259,1,1,1987,0,0,0,0,0,0,0,0,0,0
131260,1,1,1987,1,1,1,1,1,1,1,1,1,1
131260,2,1,1987,0,0,0,0,0,0,0,0,0,0
131261,1,1,1987,19,19,19,19,19,19,19,19,19,19
131262,0,1,1987,0,0,0,0,0,0,0,0,21,0
131262,1,1,1987,0,9,9,12,25,0,19,14,25,13
131263,0,1,1987,25,25,25,25,25,25,25,25,25,25
131263,1,1,1987,0,0,0,0,0,0,0,0,0,0
131264,0,1,1987,4,4,4,4,4,4,4,4,4,4
131264,1,1,1987,0,0,0,0,0,0,0,0,0,0
131265,1,1,1987,12,12,12,12,12,12,12,12,12,12
131266,1,1,1987,6,6,6,6,6,6,6,6,6,6
131267,0,1,1987,0,0,0,11,0,0,16,0,0,0
131267,1,1,1987,12,0,0,0,0,0,0,0,0,0
131268,1,1,1987,0,0,0,0,0,0,0,0,0,0
131269,1,1,1987,0,0,0,0,0,0,7,23,0,0
131270,1,1,1987,0,0,20,0,3,0,0,0,28,0
131270,2,1,1987,0,0,0,0,0,0,0,0,0,0
131271,1,1,1987,18,18,18,18,18,18,18,18,18,18
131271,2,1,1987,9,9,9,9,9,9,9,9,9,9
131272,1,1,1987,0,0,0,0,0,0,0,0,0,0
131272,2,1,1987,0,0,0,0,0,0,0,0,0,0
131272,3,1,1987,0,0,0,0,0,0,0,0,0,0
131272,4,1,1987,14,0,0,0,35,0,0,0,7,0
131272,5,1,1987,0,0,0,0,0,0,0,0,0,0
131273,1,1,1987,0,0,0,0,0,0,0,0,0,0
131274,1,1,1987,24,24,24,24,24,24,24,24,24,24
131274,2,1,1987,0,0,0,0,0,0,0,0,0,0
131275,0,1,1987,0,0,0,0,0,0,0,0,0,0
131275,1,1,1987,0,0,0,25,0,0,0,0,0,0
131276,1,1,1987,0,0,0,0,0,0,0,0,0,0
131277,1,1,1987,23,23,23,23,23,23,23,23,23,23
131277,2,3,1987,14,14,14,14,14,14,14,14,14,14
131278,1,1,1987,7,7,7,7,7,7,7,7,7,7
131278,2,1,1987,0,0,0,0,0,0,0,0,0,0
131279,1,1,1987,0,0,20,0,0,0,6,0,0,0
131279,2,1,1987,0,0,0,0,0,0,0,0,0,0
131280,1,1,1987,0,0,21,24,12,0,10,0,0,0
131281,1,1,1987,0,24,10,0,3,13,16,0,22,5
131281,2,1,1987,0,0,0,0,0,0,0,0,0,0
131281,3,1,1987,0,0,0,0,0,0,0,0,0,0
131281,4,1,1987,0,0,0,0,0,0,0,0,0,0
131281,5,1,1987,0,0,0,0,0,0,0,0,0,0
131282,1,1,1987,0,0,0,0,0,0,0,0,0,0
131282,2,1,1987,0,0,0,0,0,0,0,0,0,0
131283,0,1,1987,0,0,0,0,10,0,0,0,0,0
131283,1,1,1987,3,0,0,0,0,0,0,0,0,0
131283,2,1,1987,0,0,0,0,0,0,0,0,0,0
131284,1,1,1987,10,10,10,10,10,10,10,10,10,10
131285,1,1,1987,0,0,0,0,0,0,0,0,0,0
131285,2,1,1987,0,0,0,0,0,0,0,0,0,0
131286,1,1,1987,15,15,15,15,15,15,15,15,15,15
131287,1,1,1987,0,0,0,0,0,0,0,0,0,0
131288,0,1,1987,0,10,0,0,0,0,9,8,14,0
131288,1,1,1987,0,0,0,0,0,0,0,0,0,0
131289,1,1,1987,0,0,0,0,0,0,0,0,0,0
131290,0,1,1987,11,11,11,11,11,11,11,11,11,11