ST_CASE,VEH_NO,PER_NO,YEAR,P1,P2,P3,P4,P5,P6,P7,P8,P9,P10
131290,1,1,1987,11,0,0,0,0,0,0,0,0,0
131291,1,1,1987,26,26,26,26,26,26,26,26,26,26
131292,1,1,1987,16,16,16,16,16,16,16,16,16,16
131293,1,1,1987,0,0,0,0,0,0,0,0,0,0
131293,2,1,1987,0,0,0,0,0,0,0,0,0,0
131294,1,1,1987,30,30,30,30,30,30,30,30,30,30
131295,1,1,1987,8,8,8,8,8,8,8,8,8,8
131296,1,1,1987,0,0,0,0,0,0,0,0,0,0
131296,2,1,1987,0,0,0,0,0,0,0,0,0,0
131297,1,1,1987,23,0,22,0,0,0,24,10,0,14
131298,1,1,1987,24,24,24,24,24,24,24,24,24,24
131299,1,1,1987,19,19,19,19,19,19,19,19,19,19
131300,0,1,1987,37,37,37,37,37,37,37,37,37,37
131300,1,1,1987,0,0,0,0,11,0,12,0,9,0
131301,1,1,1987,0,0,0,0,0,0,0,0,0,0
131301,2,1,1987,0,0,0,0,0,0,0,0,0,0
131302,1,1,1987,0,0,0,0,0,0,0,0,0,0
131302,2,1,1987,0,0,0,0,0,0,0,0,0,0
131303,1,1,1987,0,0,0,0,0,0,0,0,0,0
131304,1,1,1987,19,19,19,19,19,19,19,19,19,19
131306,1,1,1987,0,0,0,0,0,0,0,0,0,0
131306,2,1,1987,0,0,0,0,0,0,0,0,0,0
131307,1,1,1987,0,0,0,0,25,0,15,0,0,23
131308,1,1,1987,0,0,0,0,0,0,0,0,0,0
131308,2,1,1987,0,0,0,0,0,0,0,0,0,0
131309,1,1,1987,0,0,0,0,0,0,0,0,0,0
131310,1,1,1987,12,12,12,12,12,12,12,12,12,12
131311,1,1,1987,5,5,5,5,5,5,5,5,5,5
131312,1,1,1987,0,0,0,8,0,0,12,6,0,0
131314,0,1,1987,44,44,44,44,44,44,44,44,44,44
131314,1,1,1987,0,0,0,0,0,0,0,18,21,0
131315,1,1,1987,10,10,10,10,10,10,10,10,10,10
131316,1,1,1987,0,0,0,0,0,0,0,0,0,0
131317,1,1,1987,0,0,0,0,0,0,0,0,0,0
131318,1,1,1987,34,34,34,34,34,34,34,34,34,34
131319,1,1,1987,0,0,0,0,0,0,0,0,0,0
131319,2,1,1987,0,0,0,0,0,0,0,0,0,0
131320,1,1,1987,0,31,0,0,0,20,11,0,10,11
131320,2,1,1987,0,0,5,20,14,14,15,0,20,0
131321,1,1,1987,17,17,17,17,17,17,17,17,17,17
131321,2,1,1987,11,11,11,11,11,11,11,11,11,11
131322,1,1,1987,20,20,20,20,20,20,20,20,20,20
131323,1,1,1987,0,0,0,0,0,0,0,0,0,0
131324,1,1,1987,31,31,31,31,31,31,31,31,31,31
131325,1,1,1987,0,0,0,0,0,0,0,0,0,0
131326,0,1,1987,29,29,29,29,29,29,29,29,29,29
131326,1,1,1987,0,20,13,0,0,22,0,26,0,0
131327,1,1,1987,0,0,0,0,0,0,0,0,0,0
131328,1,1,1987,0,16,0,0,16,0,0,0,0,0
131329,1,1,1987,0,0,0,0,0,0,18,29,0,0
131330,1,1,1987,34,34,34,34,34,34,34,34,34,34
131331,0,1,1987,15,15,15,15,15,15,15,15,15,15
131331,1,1,1987,0,0,0,0,0,0,0,0,0,0
131333,0,1,1987,0,4,0,0,0,0,0,0,0,0
131333,1,1,1987,0,0,0,0,0,0,0,0,0,0
131334,0,1,1987,26,26,26,26,26,26,26,26,26,26
131334,1,1,1987,0,0,0,0,0,0,0,0,0,0
131335,1,1,1987,0,0,0,0,0,0,0,0,0,0
131335,2,1,1987,0,0,0,0,0,0,0,0,0,0
131336,1,1,1987,0,24,0,0,0,0,0,0,0,11
131337,1,1,1987,0,0,0,0,0,0,0,0,0,0
131337,2,1,1987,0,0,0,0,0,0,0,0,0,0
131338,1,1,1987,0,0,0,0,38,16,24,0,0,29
131339,1,1,1987,0,0,0,0,0,0,0,0,0,0
131339,2,1,1987,0,0,0,0,0,0,0,0,0,0
131340,0,1,1987,26,0,22,19,0,0,0,32,0,6
131340,1,1,1987,0,0,7,0,0,0,0,0,0,0
131341,1,1,1987,0,0,6,0,0,0,0,0,0,5
131341,2,1,1987,0,0,0,0,0,0,0,0,0,0
131342,1,1,1987,0,0,0,0,0,0,0,0,0,0
131342,2,1,1987,0,0,0,0,0,0,0,0,0,0
131343,1,1,1987,0,0,0,0,0,0,0,0,0,0
131343,2,1,1987,19,19,19,19,19,19,19,19,19,19
131344,1,1,1987,0,0,11,0,16,0,0,0,0,0
131345,1,1,1987,14,11,0,0,0,21,11,34,13,20
131346,0,1,1987,0,18,0,0,0,0,33,32,0,20
131346,1,1,1987,0,0,0,0,0,0,0,0,0,0
131347,1,1,1987,0,0,0,0,0,0,0,0,0,0
131347,2,1,1987,0,0,0,0,0,0,0,0,0,0
131348,1,1,1987,25,24,6,0,26,18,18,12,0,0
131349,1,1,1987,0,0,0,0,0,0,0,0,0,0
131349,2,1,1987,0,0,0,0,0,0,0,0,0,0
131349,3,1,1987,7,7,7,7,7,7,7,7,7,7
131350,0,1,1987,11,0,26,9,0,29,0,0,0,18
131350,1,1,1987,0,0,0,0,0,0,0,0,0,0
131351,1,1,1987,0,0,0,0,0,0,0,0,0,0
131351,2,1,1987,0,0,0,0,0,0,0,0,0,0
131352,1,1,1987,0,0,0,0,0,0,0,0,0,0
131353,0,1,1987,0,0,0,0,0,0,0,0,0,0
131353,1,1,1987,7,16,3,16,20,20,7,18,7,13
131354,1,1,1987,15,0,27,4,0,19,2,0,19,6
131355,1,1,1987,0,0,0,0,0,0,0,0,0,0
131355,2,1,1987,0,0,0,0,0,0,0,0,0,0
131356,1,1,1987,15,15,15,15,15,15,15,15,15,15
131357,0,1,1987,19,19,19,19,19,19,19,19,19,19
131357,1,1,1987,0,0,0,0,0,0,0,0,0,0
131358,1,1,1987,32,32,32,32,32,32,32,32,32,32
131359,1,1,1987,0,0,0,0,0,0,0,0,0,0
131359,2,1,1987,0,0,0,0,0,0,0,0,0,0
131359,3,1,1987,0,0,0,0,0,0,0,0,0,0
131360,1,1,1987,2,2,2,2,2,2,2,2,2,2
131361,0,1,1987,0,0,0,0,0,0,0,0,0,0
131361,1,1,1987,3,3,3,3,3,3,3,3,3,3
131362,1,1,1987,0,0,0,0,0,0,0,0,0,0
131362,2,1,1987,0,0,0,0,0,0,0,0,0,7
131363,0,1,1987,0,0,0,0,0,0,0,0,0,0
131363,1,1,1987,0,0,0,0,0,0,0,0,0,0
131364,1,1,1987,0,14,15,0,10,0,0,6,14,20
131364,2,1,1987,0,0,0,0,0,0,0,0,0,0
131364,3,1,1987,0,0,0,0,0,0,0,0,0,0
131365,1,1,1987,0,0,0,0,0,0,0,0,0,0
131365,2,1,1987,0,0,0,0,0,0,0,0,0,0
131365,3,1,1987,0,0,0,0,0,0,0,0,0,0
131366,1,1,1987,27,27,27,27,27,27,27,27,27,27
131367,1,1,1987,0,0,0,0,0,0,0,0,0,0
131367,2,1,1987,0,0,22,0,0,0,0,0,10,0
131368,1,1,1987,0,0,0,0,0,0,0,0,0,0
131369,1,1,1987,0,0,0,0,0,0,0,0,0,0
131369,2,1,1987,0,0,0,0,0,0,0,0,0,0
131370,1,1,1987,0,23,0,0,0,0,0,0,0,16
131370,2,1,1987,12,12,12,12,12,12,12,12,12,12
131371,1,1,1987,0,0,0,0,0,0,0,0,0,0
131371,2,1,1987,0,0,0,0,0,0,0,0,0,0
131372,1,1,1987,20,20,20,20,20,20,20,20,20,20
131373,1,1,1987,20,20,20,20,20,20,20,20,20,20
131373,2,1,1987,20,20,20,20,20,20,20,20,20,20
131374,1,1,1987,9,9,9,9,9,9,9,9,9,9
131374,2,1,1987,0,0,0,0,0,0,0,0,0,0
131375,1,1,1987,11,11,11,11,11,11,11,11,11,11
131376,0,1,1987,8,8,8,8,8,8,8,8,8,8
131376,1,1,1987,0,0,25,0,0,24,0,0,0,0
131377,1,1,1987,0,0,0,0,0,0,0,0,0,0
131378,0,1,1987,0,0,0,0,0,0,0,0,0,0
131378,1,1,1987,0,0,0,0,0,0,0,0,0,0
131379,0,1,1987,0,0,0,0,0,0,0,17,0,20
131379,1,1,1987,0,0,0,0,0,0,0,16,0,0
131380,1,1,1987,19,19,19,19,19,19,19,19,19,19
131381,1,1,1987,0,0,0,9,0,0,0,0,0,0
131381,2,1,1987,0,9,0,0,0,0,0,0,0,0
131381,3,1,1987,0,0,0,0,0,0,0,0,0,0
131382,1,1,1987,17,17,17,17,17,17,17,17,17,17
131382,2,1,1987,0,0,0,0,0,0,0,0,0,0
131383,1,1,1987,0,0,0,0,0,0,0,0,0,0
131383,2,1,1987,0,0,0,0,0,0,0,0,0,0
131384,0,1,1987,0,0,0,0,0,0,0,0,0,0
131384,1,1,1987,2,2,2,2,2,2,2,2,2,2
131385,1,1,1987,0,0,0,0,0,0,0,0,0,0
131386,1,1,1987,0,0,0,0,0,0,0,0,0,0
131386,2,1,1987,0,0,0,0,0,0,0,0,0,0
131387,1,1,1987,0,0,0,0,0,0,0,0,22,0
131387,2,1,1987,0,0,0,0,0,0,0,0,0,0
131388,1,1,1987,0,0,0,0,0,0,0,0,0,0
131389,1,1,1987,21,21,21,21,21,21,21,21,21,21
131390,1,1,1987,0,0,0,0,0,0,0,0,0,0
131391,0,1,1987,0,0,0,0,15,26,0,0,9,0
131391,0,2,1987,6,0,27,0,0,0,0,0,7,0
131391,1,1,1987,0,0,0,0,0,0,0,0,0,0
131392,1,1,1987,22,22,22,22,22,22,22,22,22,22
131393,1,1,1987,1,1,1,1,1,1,1,1,1,1
131393,2,1,1987,0,0,0,0,0,0,0,0,0,0
131394,0,1,1987,0,0,0,0,0,0,0,0,0,0
131394,1,1,1987,14,14,14,14,14,14,14,14,14,14
131395,1,1,1987,23,23,23,23,23,23,23,23,23,23
131396,1,1,1987,9,9,9,9,9,9,9,9,9,9
131396,2,1,1987,0,0,0,0,0,0,0,0,0,0
131397,1,1,1987,0,0,0,0,0,0,0,0,0,0
131397,2,1,1987,0,0,0,0,0,0,0,0,0,0
131398,1,1,1987,20,20,20,20,20,20,20,20,20,20
131399,0,1,1987,0,0,0,0,0,0,0,0,0,0
131399,1,1,1987,0,0,0,0,0,0,0,0,0,0
131400,0,1,1987,7,7,7,7,7,7,7,7,7,7
131400,1,1,1987,0,0,0,0,0,0,0,0,0,0
131401,1,1,1987,13,13,13,13,13,13,13,13,13,13
131402,1,1,1987,24,24,24,24,24,24,24,24,24,24
131403,0,1,1987,0,0,0,0,0,0,0,0,0,0
131403,1,1,1987,8,8,8,8,8,8,8,8,8,8
131404,1,1,1987,0,0,0,0,0,0,0,0,0,0
131404,2,1,1987,0,0,0,0,0,0,0,0,0,0
131405,1,1,1987,0,0,0,0,0,23,0,0,0,0
131406,1,1,1987,47,0,0,0,34,0,0,0,0,0
131407,1,1,1987,0,7,0,0,0,0,0,0,0,0
131407,2,1,1987,0,0,0,0,0,0,0,0,0,0
131408,1,1,1987,28,28,28,28,28,28,28,28,28,28
131409,0,1,1987,0,0,0,0,0,0,0,0,0,0
131409,1,1,1987,0,0,0,0,0,0,0,0,0,0
131410,0,1,1987,0,0,22,18,0,28,18,12,23,20
131410,1,1,1987,0,0,0,0,0,0,0,0,0,0
131411,1,1,1987,0,0,0,0,0,0,0,0,0,0
131412,1,1,1987,2,2,2,2,2,2,2,2,2,2
131412,2,1,1987,25,25,25,25,25,25,25,25,25,25
131413,0,1,1987,0,0,0,0,0,0,0,0,0,0
131413,1,1,1987,0,0,0,0,0,0,0,0,5,0
131414,1,1,1987,16,16,16,16,16,16,16,16,16,16
131415,0,1,1987,4,4,4,4,4,4,4,4,4,4
131415,1,1,1987,0,0,0,0,0,0,0,0,0,0
131416,1,1,1987,0,0,0,0,0,0,0,0,0,0
131416,2,1,1987,0,0,0,0,0,0,0,0,0,0
131417,1,1,1987,0,0,0,0,0,0,0,0,0,0
131418,0,1,1987,0,0,0,0,0,0,0,0,0,0
131418,1,1,1987,0,0,0,0,0,0,0,0,0,0
131419,1,1,1987,0,0,10,0,0,0,0,0,0,0
131420,1,1,1987,15,15,15,15,15,15,15,15,15,15
131421,0,1,1987,0,0,0,0,0,0,0,0,0,0
131421,1,1,1987,0,0,0,0,0,0,0,0,0,0
131422,1,1,1987,17,15,4,27,4,7,22,18,20,0
131423,1,1,1987,0,0,0,0,0,0,0,0,0,0
131424,1,1,1987,4,4,4,4,4,4,4,4,4,4
131425,1,1,1987,15,15,15,15,15,15,15,15,15,15
131426,1,1,1987,0,0,0,0,0,0,0,0,0,0
131427,1,1,1987,0,0,0,0,0,0,0,0,0,0
131427,2,1,1987,0,0,0,0,0,0,0,0,0,0
131427,3,1,1987,0,0,0,0,0,0,0,0,0,0
131428,1,1,1987,0,0,0,0,0,0,0,0,0,0
131429,1,1,1987,0,0,0,0,0,0,0,9,0,18
131430,1,1,1987,0,0,0,0,0,0,0,0,0,0
131430,2,1,1987,0,0,0,0,0,0,19,0,0,0
131431,1,1,1987,0,9,0,12,0,0,6,0,0,0
131432,1,1,1987,0,18,7,0,22,0,17,15,27,0
131433,1,1,1987,0,0,0,0,0,0,0,0,0,0
131434,1,1,1987,0,0,0,0,0,0,0,0,0,0
131435,1,1,1987,0,0,0,0,0,0,0,0,0,0
131435,2,1,1987,0,0,0,0,0,11,0,0,0,0
131436,1,1,1987,0,0,0,0,0,0,0,0,0,0
131437,1,1,1987,0,0,0,0,0,0,0,0,0,0
131438,1,1,1987,0,0,0,0,0,0,0,0,0,0
131438,2,1,1987,0,0,0,0,0,0,0,0,0,0
131440,1,1,1987,0,0,0,0,0,0,0,0,0,0
131440,2,1,1987,0,0,0,0,0,0,0,0,0,0
131441,1,1,1987,0,0,0,0,0,0,0,0,0,0
131442,1,1,1987,22,22,22,22,22,22,22,22,22,22
131443,0,1,1987,0,11,0,0,8,0,0,0,0,0
131443,1,1,1987,0,0,0,0,0,0,0,0,0,0
131444,0,1,1987,0,0,0,0,0,0,0,0,0,0
131444,1,1,1987,13,0,0,0,0,0,0,0,0,0
131445,1,1,1987,0,0,0,0,0,0,0,0,0,0
131445,2,1,1987,0,0,0,0,0,0,0,0,0,0
131446,1,1,1987,0,0,0,0,0,0,0,0,0,0
131447,1,1,1987,24,24,24,24,24,24,24,24,24,24
131448,1,1,1987,21,21,21,21,21,21,21,21,21,21
131449,1,1,1987,0,0,0,0,0,0,0,0,0,0
131449,2,1,1987,0,0,0,0,0,0,0,0,0,0
131450,1,1,1987,7,7,7,7,7,7,7,7,7,7
131451,1,1,1987,0,0,0,0,0,0,0,0,0,0
131451,2,1,1987,12,12,12,12,12,12,12,12,12,12
131452,1,1,1987,18,18,18,18,18,18,18,18,18,18
131453,0,1,1987,23,23,23,23,23,23,23,23,23,23
131453,1,1,1987,0,0,0,0,0,0,0,0,0,0
131454,1,1,1987,0,0,0,0,0,0,0,23,0,25
131455,1,1,1987,0,0,0,0,0,0,0,0,0,0
131455,2,1,1987,0,0,0,0,8,0,0,0,0,0
131456,1,1,1987,0,0,8,9,0,0,0,0,0,0
131457,1,1,1987,0,0,0,0,0,0,0,2,0,0
131458,1,1,1987,15,15,15,15,15,15,15,15,15,15
131459,1,1,1987,0,0,0,0,0,0,0,0,0,0
131459,2,1,1987,1,1,1,1,1,1,1,1,1,1
131460,0,1,1987,0,0,0,0,0,0,0,0,0,0
131460,1,1,1987,0,0,0,0,0,0,15,13,3,0
131461,1,1,1987,0,0,0,0,0,0,0,0,0,0
131461,2,1,1987,0,0,0,0,0,0,0,0,0,0
131462,1,1,1987,0,0,0,0,0,0,0,0,0,0
131463,1,1,1987,0,0,0,0,0,0,0,0,0,0
131463,2,1,1987,0,0,0,0,0,0,0,0,0,0
131464,1,1,1987,0,0,0,0,0,0,0,0,0,0
131464,2,1,1987,0,0,0,0,0,0,0,0,0,0
131465,1,1,1987,0,0,0,0,0,0,0,0,0,0
131465,2,1,1987,19,19,19,19,19,19,19,19,19,19
131466,1,1,1987,25,25,25,25,25,25,25,25,25,25
131467,1,1,1987,3,3,3,3,3,3,3,3,3,3
131467,2,1,1987,0,0,0,0,0,0,0,0,0,0
131468,1,1,1987,0,0,0,0,0,0,0,0,0,0
131469,1,1,1987,0,10,0,0,0,0,19,0,0,0
131470,1,1,1987,0,0,0,0,0,0,0,0,0,0
131470,2,1,1987,0,0,0,0,0,0,0,0,0,0
131471,1,1,1987,17,17,17,17,17,17,17,17,17,17
131471,2,1,1987,5,0,3,0,0,18,0,0,0,10
131472,1,1,1987,11,0,0,37,8,0,21,0,0,0
131472,2,1,1987,0,0,0,0,0,0,0,0,0,0
131473,1,1,1987,0,0,0,0,0,9,0,0,0,0
131473,2,1,1987,28,28,28,28,28,28,28,28,28,28
131474,1,1,1987,27,14,22,13,23,0,18,16,14,31
131474,2,1,1987,23,23,23,23,23,23,23,23,23,23
131475,0,1,1987,0,0,0,0,0,20,21,0,0,0
131475,1,1,1987,0,0,0,0,0,0,0,0,0,0
131476,1,1,1987,0,0,0,0,0,0,0,0,0,0
131476,2,1,1987,0,0,0,0,0,0,0,0,0,0
131477,1,1,1987,15,15,15,15,15,15,15,15,15,15
131477,2,1,1987,0,0,0,0,0,0,0,0,0,0
131478,1,1,1987,0,0,0,0,0,0,0,0,0,0
131478,2,1,1987,0,0,0,0,39,0,0,0,0,0
131479,1,1,1987,11,13,12,14,0,0,3,0,16,0
131481,1,1,1987,0,0,0,0,0,0,0,0,0,0
131482,0,1,1987,0,0,0,0,0,0,0,0,0,0
131482,0,2,1987,0,0,16,0,0,0,0,0,0,0
131482,1,1,1987,0,0,0,0,0,0,0,0,0,0
131482,2,1,1987,0,0,0,0,0,0,0,0,0,0
131483,1,1,1987,16,16,16,16,16,16,16,16,16,16
131484,1,1,1987,0,0,0,0,0,0,0,0,0,0
131485,1,1,1987,13,13,13,13,13,13,13,13,13,13
131486,1,1,1987,19,19,19,19,19,19,19,19,19,19
131487,1,1,1987,0,0,0,0,0,0,0,0,0,0
131487,2,1,1987,0,0,0,0,0,0,0,0,0,0
131488,1,1,1987,0,0,0,0,0,0,0,0,0,0
131488,2,1,1987,0,26,0,0,0,0,0,0,0,0
131488,3,1,1987,0,0,0,0,0,0,0,0,0,0
131489,1,1,1987,0,0,0,0,0,0,0,0,0,0
131490,1,1,1987,25,25,25,25,25,25,25,25,25,25
131491,1,1,1987,21,21,21,21,21,21,21,21,21,21
131492,1,1,1987,0,0,0,0,0,0,0,0,0,0
131492,2,1,1987,17,17,17,17,17,17,17,17,17,17
150001,0,1,1987,10,10,10,10,10,10,10,10,10,10
150001,1,1,1987,7,12,0,19,12,20,18,13,14,12
150002,1,1,1987,15,15,15,15,15,15,15,15,15,15
150003,0,1,1987,0,0,0,0,0,0,0,0,0,0
150003,1,1,1987,0,0,0,0,0,0,0,0,0,0
150004,0,1,1987,0,0,0,0,0,0,0,0,0,0
150004,1,1,1987,0,0,0,0,0,0,0,0,0,0
150005,0,1,1987,35,35,35,35,35,35,35,35,35,35
150005,1,1,1987,13,13,13,13,13,13,13,13,13,13
150006,1,1,1987,0,0,0,0,0,0,0,0,0,0
150007,1,1,1987,23,23,23,23,23,23,23,23,23,23
150008,0,1,1987,0,0,0,0,0,0,0,0,0,0
150008,1,1,1987,3,3,3,3,3,3,3,3,3,3
150009,0,1,1987,0,0,0,0,0,0,0,0,0,0
150009,1,1,1987,0,0,2,0,0,0,0,0,20,0
150010,1,1,1987,13,13,13,13,13,13,13,13,13,13
150010,2,1,1987,0,0,0,0,0,0,0,0,0,0
150011,1,1,1987,27,27,27,27,27,27,27,27,27,27
150012,1,1,1987,0,0,0,0,0,0,0,0,0,0
150013,1,1,1987,14,14,14,14,14,14,14,14,14,14
150014,1,1,1987,0,0,0,0,0,0,0,0,9,15
150014,2,1,1987,17,0,0,0,0,0,0,0,9,0
150015,1,1,1987,0,0,0,0,0,0,0,0,0,0
150015,2,1,1987,0,19,0,0,0,6,0,16,11,11
150016,0,1,1987,0,0,0,0,0,0,0,0,0,0
150016,1,1,1987,0,0,0,0,0,0,0,0,0,0
150017,1,1,1987,0,0,0,0,0,0,0,0,0,0
150018,1,1,1987,0,0,27,21,13,11,17,0,8,11
150019,1,1,1987,9,9,9,9,9,9,9,9,9,9
150020,1,1,1987,10,10,10,10,10,10,10,10,10,10
150020,2,1,1987,0,0,0,0,0,0,0,0,0,0
150021,0,1,1987,0,0,0,0,0,0,0,0,0,0
150021,1,1,1987,0,0,15,0,14,6,19,12,10,20
150022,1,1,1987,28,28,28,28,28,28,28,28,28,28
150023,1,1,1987,12,15,6,18,6,23,9,20,20,8
150024,1,1,1987,12,12,12,12,12,12,12,12,12,12
150024,2,1,1987,2,2,2,2,2,2,2,2,2,2
150025,1,1,1987,23,23,23,23,23,23,23,23,23,23
150026,1,1,1987,0,0,0,0,0,0,0,0,0,0
150026,2,1,1987,0,0,0,0,0,0,0,0,0,0
150027,1,1,1987,18,18,18,18,18,18,18,18,18,18
150028,1,1,1987,22,22,22,22,22,22,22,22,22,22
150029,1,1,1987,19,19,19,19,19,19,19,19,19,19
150029,2,1,1987,0,0,0,0,0,0,0,0,0,0
150030,0,1,1987,16,16,16,16,16,16,16,16,16,16
150030,1,1,1987,20,20,20,20,20,20,20,20,20,20
150030,2,1,1987,0,0,0,0,0,0,0,0,0,0
150031,1,1,1987,22,22,22,22,22,22,22,22,22,22
150031,2,1,1987,0,0,0,0,0,0,0,0,0,0
150032,1,1,1987,9,9,9,9,9,9,9,9,9,9
150033,1,1,1987,22,22,22,22,22,22,22,22,22,22
150033,2,1,1987,12,12,12,12,12,12,12,12,12,12
150034,1,1,1987,18,18,18,18,18,18,18,18,18,18
150034,2,1,1987,0,0,0,0,0,0,0,0,0,0
150035,0,1,1987,0,0,0,0,0,0,0,0,0,0
150035,0,2,1987,0,0,0,0,0,0,0,0,0,0
150035,1,1,1987,27,29,19,33,27,7,11,14,8,24
150036,0,1,1987,0,0,0,0,0,0,0,0,0,0
150036,1,1,1987,0,16,0,0,0,0,0,0,0,0
150036,2,1,1987,0,0,0,0,0,0,0,0,0,0
150037,1,1,1987,22,22,22,22,22,22,22,22,22,22
150038,1,1,1987,10,10,10,10,10,10,10,10,10,10
150039,1,1,1987,23,23,23,23,23,23,23,23,23,23
150041,0,1,1987,0,0,0,0,0,0,0,0,0,0
150041,1,1,1987,0,9,0,0,0,0,0,0,0,0
150042,1,1,1987,0,0,0,0,0,0,0,0,0,0
150042,2,1,1987,0,0,0,0,0,0,0,0,0,0
150043,0,1,1987,25,0,0,0,0,0,0,9,21,0
150043,1,1,1987,0,0,0,0,0,0,0,0,0,0
150044,1,1,1987,18,18,18,18,18,18,18,18,18,18
150045,0,1,1987,16,16,16,16,16,16,16,16,16,16
150045,1,1,1987,0,0,0,0,0,0,0,0,0,0
150046,1,1,1987,30,30,30,30,30,30,30,30,30,30
150047,1,1,1987,24,24,24,24,24,24,24,24,24,24
150048,0,1,1987,0,0,0,0,0,0,0,0,0,0
150048,1,1,1987,0,0,0,0,0,0,0,0,11,0
150049,0,1,1987,25,25,25,25,25,25,25,25,25,25
150049,1,1,1987,0,0,0,0,0,0,0,26,0,0
150050,1,1,1987,12,12,12,12,12,12,12,12,12,12
150051,1,1,1987,0,0,0,0,0,0,0,0,0,0
150051,2,1,1987,0,0,0,0,0,0,0,0,0,0
150052,0,1,1987,0,0,0,0,0,0,0,0,0,0
150052,1,1,1987,0,0,0,0,0,0,0,0,0,0
150053,0,1,1987,0,0,0,0,0,0,0,0,0,0
150053,1,1,1987,0,0,0,0,0,0,0,0,0,0
150054,1,1,1987,0,0,0,0,0,0,0,0,0,0
150054,2,1,1987,9,0,0,0,0,0,0,0,0,0
150055,0,1,1987,0,0,0,0,0,0,0,0,0,0
150055,1,1,1987,0,0,0,0,0,0,0,0,0,0
150056,1,1,1987,0,0,0,20,16,14,22,0,0,0
150057,1,1,1987,0,0,0,0,0,0,0,0,0,0
150058,1,1,1987,8,8,8,8,8,8,8,8,8,8
150058,2,1,1987,0,0,0,0,0,0,0,0,0,0
150059,0,1,1987,0,0,0,0,0,0,0,0,0,0
150059,1,1,1987,0,0,0,0,0,0,0,0,0,0
150060,1,1,1987,12,12,12,12,12,12,12,12,12,12
150060,2,1,1987,0,0,0,0,0,0,0,0,0,0
150061,1,1,1987,0,0,0,0,0,0,0,0,0,0
150061,2,1,1987,0,0,0,0,0,0,0,0,0,0
150062,1,1,1987,0,0,0,0,0,0,0,19,0,0
150062,2,1,1987,0,0,0,0,0,0,0,0,0,0
150062,3,1,1987,0,0,0,0,0,0,0,0,0,0
150062,4,1,1987,0,0,0,0,0,0,0,0,0,0
150063,1,1,1987,0,0,0,0,0,0,0,0,0,0
150063,2,1,1987,0,0,0,0,0,0,0,0,0,0
150063,3,1,1987,0,0,0,0,0,0,0,0,0,0
150064,1,1,1987,0,0,0,0,0,0,0,0,0,0
150064,2,1,1987,0,0,0,0,0,9,0,8,0,0
150065,0,1,1987,0,0,0,0,0,0,0,0,0,0
150065,1,1,1987,17,0,6,5,0,10,0,11,0,12
150066,1,1,1987,33,33,33,33,33,33,33,33,33,33
150067,1,1,1987,22,22,22,22,22,22,22,22,22,22
150068,1,1,1987,26,26,26,26,26,26,26,26,26,26
150069,0,1,1987,0,0,0,0,0,0,0,0,0,0
150069,1,1,1987,0,0,6,0,19,0,0,0,0,0
150070,1,1,1987,22,22,22,22,22,22,22,22,22,22
150071,1,1,1987,11,11,11,11,11,11,11,11,11,11
150072,1,1,1987,9,8,20,21,17,19,21,19,7,25
150073,0,1,1987,0,0,0,0,0,0,0,0,0,0
150073,1,1,1987,0,0,0,0,0,0,0,0,0,0
150074,1,1,1987,11,11,11,11,11,11,11,11,11,11
150075,1,1,1987,12,12,12,12,12,12,12,12,12,12
150075,2,1,1987,0,0,0,0,0,0,0,0,0,0
150076,1,1,1987,13,13,13,13,13,13,13,13,13,13
150077,0,1,1987,0,0,0,0,0,0,0,0,0,0
150077,1,1,1987,0,0,0,0,0,0,0,0,0,0
150078,1,1,1987,10,10,10,10,10,10,10,10,10,10
150079,1,1,1987,16,27,14,8,7,9,7,7,10,0
150080,1,1,1987,18,18,18,18,18,18,18,18,18,18
150081,1,1,1987,22,22,22,22,22,22,22,22,22,22
150081,2,1,1987,0,0,0,0,0,0,0,0,0,0
150082,1,1,1987,0,0,0,0,0,7,0,0,0,0
150084,1,1,1987,8,5,17,0,12,13,2,24,20,10
150085,1,1,1987,9,9,9,9,9,9,9,9,9,9
150086,0,1,1987,0,0,0,0,0,0,0,0,0,0
150086,1,1,1987,0,0,0,0,0,0,0,0,0,0
150087,0,1,1987,0,0,0,0,0,0,0,0,0,0
150087,1,1,1987,0,0,0,0,0,0,0,0,0,0
150088,1,1,1987,0,0,0,0,0,0,0,0,0,0
150089,1,1,1987,22,22,22,22,22,22,22,22,22,22
150090,0,1,1987,33,33,33,33,33,33,33,33,33,33
150090,1,1,1987,0,0,0,0,0,0,0,0,0,0
150091,1,1,1987,20,20,20,20,20,20,20,20,20,20
150091,2,1,1987,0,25,0,19,0,0,0,0,0,0
150091,3,1,1987,0,0,0,0,0,0,0,0,0,0
150092,1,1,1987,20,20,20,20,20,20,20,20,20,20
150093,0,1,1987,0,0,0,0,0,0,8,0,0,28
150093,1,1,1987,0,0,0,0,0,0,0,0,0,0
150094,1,1,1987,16,16,16,16,16,16,16,16,16,16