ST_CASE,VEH_NO,PER_NO,YEAR,P1,P2,P3,P4,P5,P6,P7,P8,P9,P10
170029,2,1,1987,0,0,0,0,0,0,0,0,0,0
170030,1,1,1987,6,6,6,6,6,6,6,6,6,6
170031,0,1,1987,12,12,12,12,12,12,12,12,12,12
170031,1,1,1987,0,4,0,0,0,0,6,0,0,6
170032,0,1,1987,0,0,0,0,0,0,0,0,0,0
170032,0,2,1987,0,0,0,0,7,0,0,0,14,0
170032,1,1,1987,0,0,0,0,0,0,0,0,0,0
170033,0,1,1987,0,0,0,0,0,0,0,0,0,0
170033,0,2,1987,28,0,7,10,4,25,17,0,21,15
170033,1,1,1987,0,0,0,0,17,0,0,0,0,13
170034,1,1,1987,4,4,4,4,4,4,4,4,4,4
170035,0,1,1987,0,0,0,0,0,0,0,0,0,0
170035,1,1,1987,0,18,14,0,0,27,0,0,13,0
170036,1,1,1987,28,31,14,17,8,38,5,31,30,18
170037,1,1,1987,4,4,4,4,4,4,4,4,4,4
170038,1,1,1987,0,0,0,0,0,0,0,0,0,0
170038,2,1,1987,8,8,8,8,8,8,8,8,8,8
170039,1,1,1987,0,0,0,0,0,0,0,0,0,0
170039,2,1,1987,0,0,0,0,0,0,0,0,0,0
170040,0,1,1987,0,0,0,0,0,0,0,0,0,0
170040,1,1,1987,0,0,12,0,0,0,0,0,0,0
170041,1,1,1987,0,0,0,0,0,0,0,0,0,0
170042,0,1,1987,0,0,0,0,0,0,0,0,0,0
170042,1,1,1987,0,0,0,0,0,0,0,0,0,0
170043,0,1,1987,0,0,0,0,0,0,0,0,0,0
170043,1,1,1987,0,0,0,0,0,0,0,0,0,0
170044,0,1,1987,0,0,0,0,0,0,0,0,0,0
170044,0,2,1987,0,0,0,0,0,0,0,0,0,0
170044,1,1,1987,0,0,0,0,0,0,0,0,0,0
170044,2,1,1987,0,0,0,0,0,0,0,0,0,0
170045,1,1,1987,0,0,0,0,0,0,0,0,0,0
170046,1,1,1987,0,0,0,0,0,0,0,0,0,0
170046,2,1,1987,0,0,0,0,0,0,0,0,0,0
170047,1,1,1987,0,0,0,0,0,0,0,0,0,0
170047,2,1,1987,0,0,0,0,0,0,0,0,0,0
170048,1,1,1987,0,0,0,0,0,0,0,0,0,0
170048,2,1,1987,0,0,0,16,0,0,0,0,0,0
170049,0,1,1987,36,36,36,36,36,36,36,36,36,36
170049,1,1,1987,0,0,0,0,0,0,0,0,0,0
170050,0,1,1987,0,0,0,4,0,0,0,10,0,0
170050,1,1,1987,0,0,0,0,0,0,0,0,0,0
170051,1,1,1987,0,0,0,0,0,0,0,0,0,0
170051,2,1,1987,0,0,0,0,0,0,0,0,0,0
170052,0,1,1987,0,0,0,0,0,0,0,0,0,0
170052,0,2,1987,23,0,0,0,0,0,0,0,0,0
170052,1,1,1987,10,47,12,26,0,8,0,0,22,19
170053,1,1,1987,7,19,22,2,5,11,19,5,29,15
170054,1,1,1987,20,20,20,20,20,20,20,20,20,20
170055,0,1,1987,22,22,22,22,22,22,22,22,22,22
170055,1,1,1987,12,10,21,0,12,34,10,11,9,0
170056,0,1,1987,2,2,2,2,2,2,2,2,2,2
170056,1,1,1987,10,21,24,21,15,0,0,0,6,9
170057,1,1,1987,0,0,0,0,0,0,0,0,0,0
170057,2,1,1987,0,0,0,0,0,0,0,0,0,0
170058,1,1,1987,9,9,9,9,9,9,9,9,9,9
170059,1,1,1987,0,0,0,0,0,0,0,0,0,0
170059,2,1,1987,0,0,0,0,0,0,0,0,0,0
170059,3,1,1987,0,0,0,0,0,0,0,5,0,0
170060,1,1,1987,0,0,0,0,0,0,0,0,0,0
170060,2,1,1987,0,23,0,0,0,0,0,0,0,0
170061,0,1,1987,0,0,0,0,0,0,0,0,0,0
170061,1,1,1987,0,0,12,0,0,0,4,0,0,0
170062,1,1,1987,2,0,0,0,0,0,0,0,0,0
170062,2,1,1987,0,0,0,0,0,0,0,0,0,0
170063,1,1,1987,0,0,0,0,0,0,0,0,0,0
170063,2,1,1987,0,0,0,0,0,0,0,0,0,0
170064,1,1,1987,20,20,20,20,20,20,20,20,20,20
170065,0,1,1987,0,0,0,0,0,0,0,0,0,0
170065,1,1,1987,0,0,0,0,0,0,0,0,0,0
170066,1,1,1987,21,21,21,21,21,21,21,21,21,21
170066,2,1,1987,0,7,0,0,0,7,18,0,0,0
170067,1,1,1987,23,23,23,23,23,23,23,23,23,23
170068,1,1,1987,26,26,26,26,26,26,26,26,26,26
170069,1,1,1987,39,39,39,39,39,39,39,39,39,39
170070,1,1,1987,1,28,11,15,10,9,14,12,10,12
170070,2,1,1987,0,0,0,0,0,0,0,0,0,0
170071,1,1,1987,22,22,22,22,22,22,22,22,22,22
170072,0,1,1987,7,13,19,0,0,14,0,0,0,22
170072,1,1,1987,3,3,3,3,3,3,3,3,3,3
170073,1,1,1987,5,5,5,5,5,5,5,5,5,5
170074,1,1,1987,17,17,17,17,17,17,17,17,17,17
170075,0,1,1987,18,18,18,18,18,18,18,18,18,18
170075,1,1,1987,16,16,16,16,16,16,16,16,16,16
170076,0,1,1987,0,0,0,0,0,0,0,0,0,0
170076,1,1,1987,0,0,0,0,0,0,0,0,0,0
170077,1,1,1987,25,25,25,25,25,25,25,25,25,25
170078,1,1,1987,21,21,21,21,21,21,21,21,21,21
170079,0,1,1987,19,3,19,0,16,0,0,0,4,0
170079,0,2,1987,0,0,0,0,0,0,0,0,0,0
170079,1,1,1987,0,0,0,0,0,0,0,0,0,0
170080,1,1,1987,0,0,0,0,0,0,0,0,0,0
170080,2,1,1987,0,0,0,0,0,0,0,0,0,0
170081,1,1,1987,0,0,0,0,0,0,0,0,0,0
170081,2,1,1987,0,0,0,0,0,0,0,0,0,0
170082,1,1,1987,0,0,0,13,0,0,0,0,0,0
170083,1,1,1987,1,1,1,1,1,1,1,1,1,1
170084,1,1,1987,0,0,0,0,0,0,0,0,0,0
170085,1,1,1987,0,0,0,0,0,0,0,0,0,0
170086,1,1,1987,0,0,0,0,0,0,0,0,0,0
170086,2,1,1987,0,0,0,0,0,0,0,0,0,3
170086,3,1,1987,0,0,0,0,13,0,0,0,0,0
170087,1,1,1987,0,0,0,0,0,0,0,0,0,0
170088,0,1,1987,24,24,24,24,24,24,24,24,24,24
170088,1,1,1987,0,0,0,0,0,0,0,0,0,0
170089,1,1,1987,15,15,15,15,15,15,15,15,15,15
170089,2,1,1987,0,0,0,0,0,0,0,0,0,0
170089,3,1,1987,0,0,0,0,0,0,0,0,0,8
170090,0,1,1987,22,22,22,22,22,22,22,22,22,22
170090,1,1,1987,0,0,0,0,0,0,0,0,15,0
170091,0,1,1987,0,0,0,0,0,0,0,0,0,0
170091,1,1,1987,0,0,0,0,0,0,0,0,0,0
170092,1,1,1987,13,0,0,0,23,0,0,0,0,0
170093,1,1,1987,32,32,32,32,32,32,32,32,32,32
170093,2,1,1987,0,0,0,0,0,0,0,0,0,0
170094,1,1,1987,17,17,17,17,17,17,17,17,17,17
170095,0,1,1987,0,0,0,0,0,0,0,0,0,0
170095,1,1,1987,25,16,38,10,6,0,22,22,12,1
170096,1,1,1987,17,17,17,17,17,17,17,17,17,17
170096,2,1,1987,0,0,0,0,0,0,0,0,0,0
170097,1,1,1987,17,17,17,17,17,17,17,17,17,17
170098,1,1,1987,0,0,0,0,0,0,0,0,0,0
170098,2,1,1987,0,11,0,19,0,0,30,20,0,0
170099,1,1,1987,0,1,0,0,0,14,0,5,0,11
170100,1,1,1987,29,29,29,29,29,29,29,29,29,29
170100,2,1,1987,0,0,0,0,0,0,0,0,0,0
170101,0,1,1987,25,21,0,0,0,0,0,0,23,0
170101,1,1,1987,0,0,0,0,13,7,0,0,0,15
170102,1,1,1987,0,0,0,0,0,0,0,0,0,0
170102,2,1,1987,0,0,0,0,0,0,0,0,0,0
170103,1,1,1987,10,10,10,10,10,10,10,10,10,10
170103,2,1,1987,0,0,0,8,0,22,0,0,0,0
170104,1,1,1987,0,0,0,0,0,0,0,0,0,0
170105,1,1,1987,0,0,0,0,0,0,0,0,0,0
170105,2,1,1987,0,0,0,0,0,0,0,0,0,0
170106,1,1,1987,12,0,0,0,0,0,0,9,0,0
170106,2,1,1987,0,0,0,15,0,0,0,0,0,0
170106,3,1,1987,0,0,0,0,0,0,0,0,0,0
170107,1,1,1987,12,23,13,11,0,0,0,18,24,18
170107,2,1,1987,2,2,2,2,2,2,2,2,2,2
170107,3,1,1987,0,0,0,0,11,0,0,0,0,0
170108,1,1,1987,0,0,0,0,37,0,0,17,0,0
170109,1,1,1987,0,0,0,0,0,0,0,0,0,0
170110,0,1,1987,0,0,0,0,0,0,0,0,0,0
170110,1,1,1987,0,0,0,0,0,0,0,0,0,0
170111,1,1,1987,0,0,0,0,0,0,0,0,0,0
170111,2,1,1987,0,0,0,0,0,0,0,0,0,0
170112,1,1,1987,21,21,21,21,21,21,21,21,21,21
170113,1,1,1987,28,28,28,28,28,28,28,28,28,28
170113,2,1,1987,8,0,0,15,0,18,0,0,0,20
170114,1,1,1987,0,0,0,0,0,0,0,0,0,0
170115,1,1,1987,19,19,19,19,19,19,19,19,19,19
170116,1,1,1987,0,0,0,0,0,0,0,0,0,0
170116,2,1,1987,18,18,18,18,18,18,18,18,18,18
170117,0,1,1987,26,26,26,26,26,26,26,26,26,26
170117,1,1,1987,0,0,0,0,0,0,0,0,0,0
170119,1,1,1987,0,0,0,0,0,0,0,0,0,0
170119,2,1,1987,0,0,0,0,0,0,0,0,0,0
170120,1,1,1987,14,0,0,0,0,0,0,0,0,0
170120,2,1,1987,0,0,9,0,29,0,0,12,0,15
170121,1,1,1987,0,0,0,0,0,0,0,0,0,0
170121,2,1,1987,0,0,0,0,0,0,0,0,0,0
170122,0,1,1987,0,0,0,0,0,0,0,0,0,0
170122,1,1,1987,0,0,0,0,0,0,0,0,0,0
170123,1,1,1987,0,0,16,0,0,0,10,0,18,0
170123,2,1,1987,0,0,0,0,0,0,0,0,0,0
170124,1,1,1987,0,0,0,0,0,0,0,0,0,0
170124,2,1,1987,0,0,0,0,0,0,0,0,0,0
170124,3,1,1987,0,0,0,0,0,0,0,0,0,0
170125,1,1,1987,0,0,0,0,0,0,0,0,0,0
170125,2,1,1987,0,0,0,15,0,0,0,0,0,0
170126,1,1,1987,17,17,17,17,17,17,17,17,17,17
170127,1,1,1987,0,0,0,0,0,0,0,0,0,0
170128,0,1,1987,0,0,0,0,0,0,0,0,0,0
170128,1,1,1987,0,0,0,10,0,0,0,0,12,0
170129,1,1,1987,0,0,0,0,0,0,0,0,0,0
170129,2,1,1987,0,0,0,0,0,0,0,0,0,0
170130,1,1,1987,24,24,24,24,24,24,24,24,24,24
170131,1,1,1987,25,25,25,25,25,25,25,25,25,25
170131,2,1,1987,0,0,0,0,0,0,0,0,0,0
170132,1,1,1987,18,18,18,18,18,18,18,18,18,18
170132,2,1,1987,0,0,0,0,0,0,0,0,0,0
170133,1,1,1987,18,18,18,18,18,18,18,18,18,18
170133,2,1,1987,0,0,0,0,0,0,0,0,0,0
170134,1,1,1987,19,19,19,19,19,19,19,19,19,19
170135,1,1,1987,12,12,12,12,12,12,12,12,12,12
170135,2,1,1987,10,0,12,21,16,10,2,19,9,17
170136,0,1,1987,0,0,0,0,0,0,0,0,0,0
170136,1,1,1987,18,0,0,0,0,0,0,0,0,0
170137,1,1,1987,0,0,0,0,0,0,0,0,0,0
170138,1,1,1987,3,3,3,3,3,3,3,3,3,3
170139,1,1,1987,0,0,17,0,19,16,11,7,19,25
170139,2,1,1987,0,0,0,14,0,0,0,0,0,0
170140,0,1,1987,14,14,14,14,14,14,14,14,14,14
170140,1,1,1987,0,0,0,15,0,0,0,21,0,0
170141,0,1,1987,23,23,23,23,23,23,23,23,23,23
170141,1,1,1987,0,0,0,0,0,15,0,0,8,0
170142,0,1,1987,0,0,0,0,0,0,0,0,0,0
170142,1,1,1987,11,11,11,11,11,11,11,11,11,11
170143,1,1,1987,0,0,0,0,0,0,0,0,0,0
170144,1,1,1987,10,10,10,10,10,10,10,10,10,10
170145,1,1,1987,6,6,6,6,6,6,6,6,6,6
170146,1,1,1987,0,18,30,16,0,29,24,11,12,12
170147,1,1,1987,0,0,0,0,0,0,0,0,0,0
170147,2,1,1987,0,0,0,0,0,0,0,0,11,0
170148,1,1,1987,0,0,0,0,0,0,0,0,0,0
170148,2,1,1987,0,0,0,0,0,0,0,0,0,0
170149,1,1,1987,0,0,0,0,0,0,0,0,0,0
170149,2,1,1987,0,0,0,0,0,0,0,0,0,0
170149,3,1,1987,0,0,0,0,0,0,0,0,0,0
170150,1,1,1987,22,22,22,22,22,22,22,22,22,22
170150,2,1,1987,20,7,10,28,10,4,9,23,22,17
170151,1,1,1987,14,14,14,14,14,14,14,14,14,14
170152,1,1,1987,15,15,15,15,15,15,15,15,15,15
170153,1,1,1987,0,0,0,0,0,0,24,0,4,0
170154,0,1,1987,0,0,0,0,0,0,0,0,0,0
170154,1,1,1987,0,0,0,0,0,0,0,0,0,0
170155,0,1,1987,0,0,0,0,0,0,0,0,0,0
170155,1,1,1987,0,0,0,0,0,0,0,0,0,0
170156,0,1,1987,0,0,0,0,0,0,0,0,0,0
170156,1,1,1987,0,0,0,0,0,0,0,0,0,13
170158,1,1,1987,0,0,0,0,0,0,0,0,0,0
170159,1,1,1987,19,19,19,19,19,19,19,19,19,19
170160,1,1,1987,20,20,20,20,20,20,20,20,20,20
170161,1,1,1987,0,0,0,0,0,0,13,0,0,0
170162,1,1,1987,12,12,12,12,12,12,12,12,12,12
170162,2,1,1987,0,0,0,0,0,0,0,0,0,0
170163,1,1,1987,0,0,0,0,0,0,0,0,0,0
170163,2,1,1987,0,0,0,0,0,0,0,0,0,0
170164,1,1,1987,17,17,17,17,17,17,17,17,17,17
170165,1,1,1987,18,18,18,18,18,18,18,18,18,18
170166,0,1,1987,0,0,0,0,0,0,0,0,0,0
170166,1,1,1987,0,0,0,0,0,0,0,0,0,0
170167,1,1,1987,0,0,0,0,0,0,0,0,0,0
170168,1,1,1987,0,0,0,0,0,0,0,0,0,0
170168,2,1,1987,20,0,0,0,0,0,0,0,0,0
170168,3,1,1987,0,0,0,0,0,0,0,0,0,0
170169,0,1,1987,15,0,0,14,0,0,0,0,0,0
170169,1,1,1987,0,0,0,0,0,0,0,0,8,0
170170,1,1,1987,14,14,14,14,14,14,14,14,14,14
170171,1,1,1987,0,0,0,0,0,0,0,0,0,0
170171,2,1,1987,0,0,0,0,0,21,0,0,0,0
170172,0,1,1987,13,13,13,13,13,13,13,13,13,13
170172,1,1,1987,0,10,8,0,0,0,0,0,0,0
170173,1,1,1987,0,0,0,0,0,0,0,0,0,0
170173,2,1,1987,0,0,0,0,0,0,0,0,0,0
170174,1,1,1987,0,0,0,0,20,0,0,4,0,0
170175,1,1,1987,23,23,23,23,23,23,23,23,23,23
170175,2,1,1987,0,0,0,0,0,0,0,0,0,0
170176,1,1,1987,0,0,0,0,0,0,0,0,0,0
170177,1,1,1987,8,8,8,8,8,8,8,8,8,8
170177,2,1,1987,0,0,0,0,0,0,0,0,0,0
170178,1,1,1987,21,21,21,21,21,21,21,21,21,21
170178,2,1,1987,0,0,20,11,0,0,0,0,8,0
170179,1,1,1987,0,0,0,0,0,0,0,0,0,0
170179,2,1,1987,0,0,0,0,0,0,0,0,0,0
170179,3,1,1987,0,0,0,0,0,0,0,0,0,0
170180,1,1,1987,24,24,24,24,24,24,24,24,24,24
170180,2,1,1987,0,0,0,0,0,0,0,0,0,0
170181,1,1,1987,0,0,0,0,7,0,4,0,0,0
170181,2,1,1987,0,0,0,0,0,0,0,0,0,0
170181,3,1,1987,0,0,0,0,0,0,0,0,0,0
170182,1,1,1987,13,0,0,0,0,0,0,0,0,0
170183,0,1,1987,0,24,0,13,0,0,0,0,30,21
170183,1,1,1987,0,0,0,0,0,0,0,0,0,0
170184,1,1,1987,0,0,0,0,0,0,0,0,0,0
170185,0,1,1987,0,0,0,0,0,0,0,0,0,0
170185,1,1,1987,0,0,0,0,0,0,0,0,0,0
170186,1,1,1987,0,0,0,0,0,0,0,0,0,0
170186,2,1,1987,0,0,25,0,0,0,0,0,0,0
170187,1,1,1987,23,23,23,23,23,23,23,23,23,23
170188,1,1,1987,7,7,7,7,7,7,7,7,7,7
170188,2,1,1987,0,0,0,0,18,0,8,0,0,0
170188,3,1,1987,0,0,0,0,0,0,0,0,0,0
170189,1,1,1987,0,0,0,0,0,0,0,0,0,0
170189,2,1,1987,0,0,0,0,0,0,0,0,0,0
170190,0,1,1987,44,44,44,44,44,44,44,44,44,44
170190,1,1,1987,0,0,0,0,0,0,0,0,0,0
170191,1,1,1987,0,0,0,0,0,0,0,0,0,0
170191,2,1,1987,0,0,0,0,0,0,0,0,0,0
170192,1,1,1987,0,0,0,0,0,0,0,0,0,0
170193,0,1,1987,19,19,19,19,19,19,19,19,19,19
170193,1,1,1987,0,9,0,15,0,32,8,20,0,11
170194,1,1,1987,7,7,7,7,7,7,7,7,7,7
170195,1,1,1987,0,0,0,0,0,0,0,0,0,0
170195,2,1,1987,0,0,0,0,0,0,0,0,0,0
170196,1,1,1987,0,0,0,0,0,0,0,0,0,0
170197,1,1,1987,0,0,0,0,0,0,0,0,0,0
170197,2,1,1987,0,0,0,0,0,0,0,0,0,0
170198,1,1,1987,0,0,0,0,0,0,0,0,0,0
170198,2,1,1987,0,0,0,0,0,0,0,0,0,0
170199,1,1,1987,0,0,0,0,0,0,0,0,0,0
170199,2,1,1987,0,0,0,0,0,0,0,0,0,0
170200,1,1,1987,16,16,16,16,16,16,16,16,16,16
170201,1,1,1987,0,0,0,0,0,0,0,0,0,0
170201,2,1,1987,26,26,26,26,26,26,26,26,26,26
170202,1,1,1987,0,0,0,0,0,0,0,0,0,0
170202,2,1,1987,16,16,16,16,16,16,16,16,16,16
170203,1,1,1987,0,0,0,0,0,0,0,0,0,0
170203,2,1,1987,0,0,0,0,0,0,0,0,0,0
170204,1,1,1987,15,15,15,15,15,15,15,15,15,15
170204,2,1,1987,0,0,0,0,0,0,0,0,0,0
170205,1,1,1987,0,33,0,0,17,0,18,23,0,23
170205,2,1,1987,0,8,0,0,0,0,11,0,0,0
170206,1,1,1987,0,0,0,0,0,0,0,0,0,0
170206,2,1,1987,0,0,0,0,0,0,0,0,0,0
170207,1,1,1987,0,0,0,0,0,0,0,0,0,0
170207,2,1,1987,0,0,0,0,0,0,0,0,0,0
170208,0,1,1987,19,19,19,19,19,19,19,19,19,19
170208,1,1,1987,11,0,0,0,15,0,0,4,0,2
170209,1,1,1987,30,30,30,30,30,30,30,30,30,30
170209,2,1,1987,0,0,0,0,0,0,0,0,0,0
170210,0,1,1987,0,0,0,0,0,0,0,0,0,0
170210,1,1,1987,0,0,0,16,17,13,0,0,0,0
170211,1,1,1987,7,7,7,7,7,7,7,7,7,7
170212,1,1,1987,26,26,26,26,26,26,26,26,26,26
170213,1,1,1987,18,18,18,18,18,18,18,18,18,18
170214,1,1,1987,0,0,0,0,0,0,0,0,0,0
170215,0,1,1987,10,10,10,10,10,10,10,10,10,10
170215,1,1,1987,0,0,0,19,5,0,0,21,19,0
170216,1,1,1987,0,0,0,0,0,0,0,0,0,0
170216,2,1,1987,0,0,0,0,0,0,0,0,0,0
170217,1,1,1987,14,14,14,14,14,14,14,14,14,14
170218,1,1,1987,0,15,0,0,16,0,0,0,0,0
170219,1,1,1987,0,0,0,0,0,0,0,0,0,0
170219,2,1,1987,0,0,0,0,0,0,0,0,0,0
170220,1,1,1987,0,0,0,0,0,0,0,0,0,0
170221,1,1,1987,0,0,0,0,0,0,0,23,0,0
170221,2,1,1987,0,0,0,0,0,0,0,0,0,0
170222,1,1,1987,11,11,11,11,11,11,11,11,11,11
170223,1,1,1987,0,0,0,0,0,0,0,0,0,0
170223,2,1,1987,0,0,0,25,2,8,25,0,11,0
170224,1,1,1987,32,32,32,32,32,32,32,32,32,32
170225,1,1,1987,0,0,0,0,0,0,0,0,0,0
170225,2,1,1987,0,0,0,0,0,0,0,0,0,0
170226,1,1,1987,0,0,0,0,0,0,0,0,0,0
170227,0,1,1987,0,0,0,0,0,0,0,0,0,0
170227,0,2,1987,0,0,0,0,0,0,0,0,0,0
170227,1,1,1987,0,0,0,0,0,0,0,0,0,0
170228,1,1,1987,17,17,17,17,17,17,17,17,17,17
170228,2,1,1987,0,0,0,0,0,0,0,0,0,0
170229,0,1,1987,0,0,0,0,0,0,0,0,0,0
170229,1,1,1987,0,0,0,0,0,0,0,0,0,0
170231,1,1,1987,5,5,5,5,5,5,5,5,5,5
170232,1,1,1987,0,0,0,0,0,0,0,0,0,0
170232,2,1,1987,0,0,0,0,0,0,0,0,0,0
170233,1,1,1987,0,0,0,0,0,0,0,0,0,0
170234,0,1,1987,0,0,0,0,0,0,0,0,0,0
170234,1,1,1987,0,0,0,0,0,0,0,0,0,0
170235,1,1,1987,0,0,0,11,0,24,0,0,0,28
170236,1,1,1987,7,7,7,7,7,7,7,7,7,7
170237,1,1,1987,0,0,0,0,0,0,0,0,0,0
170238,1,1,1987,0,0,0,0,0,0,0,0,0,0
170239,1,1,1987,11,11,11,11,11,11,11,11,11,11
170240,1,1,1987,22,22,22,22,22,22,22,22,22,22
170240,2,1,1987,14,0,0,3,0,12,17,9,0,13
170240,3,1,1987,0,0,35,24,0,0,16,0,8,29
170241,0,1,1987,0,0,0,0,0,0,0,0,0,0
170241,1,1,1987,21,21,21,21,21,21,21,21,21,21
170242,0,1,1987,0,0,0,0,0,0,0,0,0,0
170242,1,1,1987,17,17,17,17,17,17,17,17,17,17
170243,0,1,1987,0,0,0,0,0,0,0,0,0,0
170243,1,1,1987,0,0,0,0,0,0,11,0,0,0
170244,0,1,1987,22,22,22,22,22,22,22,22,22,22
170244,1,1,1987,18,8,10,14,8,0,7,12,16,22
170245,0,1,1987,13,13,13,13,13,13,13,13,13,13
170245,0,2,1987,4,12,31,0,4,17,0,10,0,30
170245,1,1,1987,0,0,0,0,0,0,0,0,0,12
170246,1,1,1987,0,0,0,0,0,0,0,0,0,0
170247,1,1,1987,13,13,13,13,13,13,13,13,13,13
170248,0,1,1987,25,25,25,25,25,25,25,25,25,25
170248,0,2,1987,0,10,0,3,12,0,0,0,6,0
170248,1,1,1987,16,30,9,22,0,0,7,14,18,0
170249,0,1,1987,0,0,0,0,0,0,0,0,0,0
170249,1,1,1987,19,19,19,19,19,19,19,19,19,19
170250,1,1,1987,26,26,26,26,26,26,26,26,26,26
170251,1,1,1987,0,0,0,0,0,0,0,0,0,0
170251,2,1,1987,0,0,0,0,0,0,0,0,0,0
170252,1,1,1987,2,2,2,2,2,2,2,2,2,2
170253,0,1,1987,0,0,0,0,0,0,0,0,0,0
170253,0,2,1987,0,13,0,6,20,0,0,31,21,0
170253,1,1,1987,0,0,0,0,0,0,0,0,0,0
170254,1,1,1987,0,0,0,0,0,0,0,0,0,0
170254,2,1,1987,0,0,0,0,0,0,0,0,0,0
170255,0,1,1987,0,0,0,0,0,0,0,0,0,0
170255,1,1,1987,0,0,0,0,0,0,0,0,0,0
170257,1,1,1987,12,12,12,12,12,12,12,12,12,12
170257,2,1,1987,0,0,0,0,0,0,0,0,0,0
170258,1,1,1987,12,12,12,12,12,12,12,12,12,12
170259,1,1,1987,0,11,0,0,0,0,0,0,0,0
170259,2,1,1987,0,0,0,0,0,0,0,0,0,0
170259,3,1,1987,0,0,0,0,22,0,0,7,0,0
170259,4,1,1987,0,0,0,0,0,0,0,0,0,0
170260,1,1,1987,0,0,0,0,0,0,0,0,0,0
170261,1,1,1987,0,0,0,20,0,0,0,0,0,0
170262,0,1,1987,0,0,0,0,0,0,0,0,0,0
170262,1,1,1987,0,0,0,0,0,0,0,0,0,0
170263,1,1,1987,26,26,26,26,26,26,26,26,26,26
170263,2,1,1987,0,0,0,0,0,0,11,0,0,0
170264,1,1,1987,0,0,0,0,0,0,0,0,0,0
170265,1,1,1987,19,20,15,10,17,12,20,27,19,8
170265,2,1,1987,0,0,0,0,0,0,0,11,0,0
170266,1,1,1987,0,0,0,0,0,0,0,0,0,0
170267,1,1,1987,29,29,29,29,29,29,29,29,29,29
170267,2,1,1987,0,0,0,0,0,0,0,21,0,0
170268,1,1,1987,0,0,0,14,0,8,0,0,0,0
170268,2,1,1987,0,0,0,0,0,0,0,0,0,0
170269,1,1,1987,10,10,10,10,10,10,10,10,10,10
170269,2,1,1987,0,0,0,0,0,0,0,0,0,0
170269,3,1,1987,10,0,0,0,0,0,0,0,0,0
170270,1,1,1987,0,0,0,0,0,0,0,0,0,0
170271,0,1,1987,19,19,19,19,19,19,19,19,19,19
170271,1,1,1987,15,0,23,22,0,23,0,0,0,0
170272,1,1,1987,4,4,4,4,4,4,4,4,4,4
170273,1,1,1987,0,0,0,0,0,0,0,0,0,0
170273,2,1,1987,0,0,0,0,0,0,15,25,0,16
170273,3,1,1987,0,0,0,0,0,0,0,0,0,0
170274,1,1,1987,0,0,0,0,0,0,0,0,0,0
170274,2,1,1987,0,0,0,0,0,0,0,0,0,0
170275,1,1,1987,0,0,0,0,0,0,0,13,28,15
170275,2,1,1987,0,0,0,0,0,0,0,0,0,0
170275,3,1,1987,0,0,0,0,0,0,0,0,0,0
170276,0,1,1987,0,0,0,0,0,0,0,0,0,0
170276,1,1,1987,0,0,0,0,0,0,0,0,0,0
170276,2,1,1987,0,0,0,0,0,0,0,0,0,0
170277,1,1,1987,0,0,0,0,0,0,0,0,0,0
170277,2,1,1987,0,0,0,0,0,0,0,0,0,0
170278,1,1,1987,9,17,1,19,13,18,18,23,0,0
170278,2,1,1987,0,0,0,0,0,0,0,0,0,0
170278,3,1,1987,0,0,0,0,0,0,0,0,0,0
170279,1,1,1987,0,0,0,0,0,0,0,0,0,0
170279,2,1,1987,0,0,0,0,0,0,0,0,0,0
170280,1,1,1987,21,21,21,21,21,21,21,21,21,21
170280,2,1,1987,0,0,0,0,0,0,0,0,0,0
170281,1,1,1987,0,0,0,0,0,0,0,0,0,0
170282,1,1,1987,6,6,6,6,6,6,6,6,6,6
170283,0,1,1987,0,0,0,14,0,0,40,0,11,0
170283,1,1,1987,0,0,0,0,0,0,0,0,0,0
170284,0,1,1987,0,0,0,0,0,0,0,0,0,0
170284,1,1,1987,0,0,5,0,11,0,0,0,0,0
170285,0,1,1987,0,0,0,0,0,0,0,0,0,0
170285,1,1,1987,0,0,0,0,0,0,0,17,0,0
170286,1,1,1987,14,14,14,14,14,14,14,14,14,14
170287,0,1,1987,8,8,8,8,8,8,8,8,8,8
170287,1,1,1987,15,0,14,29,12,27,19,0,16,23
170288,0,1,1987,0,0,0,0,0,0,0,0,0,0
170288,1,1,1987,0,0,0,0,0,0,0,0,0,0
170288,2,1,1987,0,0,0,0,0,0,0,0,0,0
170289,0,1,1987,28,28,28,28,28,28,28,28,28,28
170289,1,1,1987,0,0,0,0,0,0,0,0,0,0
170290,1,1,1987,19,19,19,19,19,19,19,19,19,19
170290,2,1,1987,0,0,0,0,0,0,0,0,0,0
170291,1,1,1987,0,14,28,30,0,13,0,0,11,15
170292,1,1,1987,3,3,3,3,3,3,3,3,3,3
170292,2,1,1987,0,0,0,0,0,0,0,0,0,0
170293,1,1,1987,7,7,7,7,7,7,7,7,7,7
170294,1,1,1987,9,8,28,21,18,20,18,23,5,11
170295,1,1,1987,0,0,0,0,0,0,0,0,0,0
170296,1,1,1987,2,2,2,2,2,2,2,2,2,2
170297,1,1,1987,18,18,18,18,18,18,18,18,18,18
170297,2,1,1987,7,6,0,13,34,19,15,12,17,11
170298,1,1,1987,0,0,0,0,0,0,0,0,0,0