ST_CASE,VEH_NO,PER_NO,YEAR,P1,P2,P3,P4,P5,P6,P7,P8,P9,P10
170562,1,1,1987,0,0,0,0,0,0,0,0,0,0
170563,0,1,1987,0,0,0,0,0,0,0,0,0,0
170563,1,1,1987,0,0,4,0,0,0,0,0,0,0
170564,1,1,1987,0,0,0,0,0,0,0,0,0,0
170564,2,1,1987,0,0,0,0,0,0,0,0,0,0
170565,1,1,1987,0,0,0,0,0,0,0,0,0,0
170565,2,1,1987,0,0,0,0,0,0,0,0,0,0
170566,1,1,1987,26,26,26,26,26,26,26,26,26,26
170567,1,1,1987,15,15,15,15,15,15,15,15,15,15
170567,2,1,1987,0,0,0,0,0,0,0,0,0,0
170568,0,1,1987,0,0,0,0,0,0,0,0,0,0
170568,1,1,1987,0,0,0,0,0,0,19,25,0,14
170569,1,1,1987,0,0,0,0,0,0,0,0,0,0
170569,2,1,1987,0,0,0,0,0,0,0,0,0,0
170569,3,1,1987,0,0,0,0,0,0,0,0,0,0
170570,0,1,1987,0,0,0,0,0,0,0,0,0,0
170570,0,2,1987,4,9,17,30,3,18,18,6,14,0
170570,1,1,1987,0,0,0,9,7,0,0,0,0,0
170571,1,1,1987,23,23,23,23,23,23,23,23,23,23
170572,1,1,1987,18,18,18,18,18,18,18,18,18,18
170573,1,1,1987,0,0,0,0,0,0,0,0,0,0
170574,1,1,1987,1,1,1,1,1,1,1,1,1,1
170575,1,1,1987,25,25,25,25,25,25,25,25,25,25
170575,2,1,1987,0,0,0,0,0,0,0,0,0,0
170576,0,1,1987,3,3,3,3,3,3,3,3,3,3
170576,1,1,1987,0,0,0,0,0,3,0,5,0,0
170577,0,1,1987,0,0,0,0,0,0,0,0,0,0
170577,1,1,1987,0,0,0,0,0,0,0,0,0,0
170577,2,1,1987,0,0,0,0,0,0,0,0,0,0
170578,0,1,1987,0,0,0,0,0,0,0,0,0,0
170578,1,1,1987,0,0,0,0,0,0,0,0,0,0
170580,1,1,1987,13,7,7,6,23,7,10,27,11,6
170581,1,1,1987,0,0,0,0,0,0,0,0,0,0
170581,2,1,1987,0,0,0,0,0,0,0,0,0,0
170582,0,1,1987,0,0,0,0,25,0,0,0,0,0
170582,1,1,1987,0,0,0,0,0,0,0,0,0,0
170583,1,1,1987,24,24,24,24,24,24,24,24,24,24
170584,0,1,1987,0,0,0,0,0,0,0,10,0,0
170584,1,1,1987,0,0,0,0,0,0,0,0,0,0
170585,0,1,1987,0,0,0,0,0,0,0,0,0,0
170585,1,1,1987,0,0,0,0,0,0,0,0,7,0
170586,1,1,1987,17,17,17,17,17,17,17,17,17,17
170587,1,1,1987,0,0,0,0,0,0,0,0,0,0
170588,1,1,1987,0,0,0,0,0,0,0,0,0,0
170589,0,1,1987,0,0,26,0,24,0,0,17,0,0
170589,1,1,1987,0,0,0,0,0,0,0,0,0,0
170590,1,1,1987,8,8,8,8,8,8,8,8,8,8
170591,1,1,1987,6,6,6,6,6,6,6,6,6,6
170591,2,1,1987,0,0,0,0,0,0,0,0,0,0
170592,0,1,1987,0,0,0,0,0,0,0,0,0,0
170592,1,1,1987,0,0,0,0,0,0,0,0,0,0
170593,1,1,1987,0,16,0,0,0,0,0,0,0,0
170593,2,1,1987,0,0,0,0,0,0,0,0,0,0
170594,1,1,1987,15,17,16,15,10,10,0,0,28,10
170594,2,1,1987,0,0,11,0,0,0,0,0,0,0
170594,3,1,1987,0,0,0,0,0,21,0,0,0,0
170595,1,1,1987,17,17,17,17,17,17,17,17,17,17
170596,1,1,1987,0,0,0,0,0,0,0,0,0,0
170596,2,1,1987,0,0,0,0,0,0,0,0,0,0
170597,1,1,1987,8,8,8,8,8,8,8,8,8,8
170598,1,1,1987,23,23,23,23,23,23,23,23,23,23
170599,1,1,1987,12,22,8,12,25,24,7,13,14,24
170599,2,1,1987,0,0,0,0,0,0,0,0,0,0
170599,3,1,1987,0,0,0,0,0,0,0,0,15,0
170600,1,1,1987,23,23,23,23,23,23,23,23,23,23
170600,2,1,1987,0,0,0,0,0,0,0,0,0,0
170601,1,1,1987,0,0,0,0,0,0,0,0,0,0
170602,0,1,1987,0,0,0,0,0,0,0,0,0,0
170602,1,1,1987,0,0,0,0,0,0,0,0,0,0
170603,1,1,1987,0,0,0,0,13,0,0,0,0,0
170603,2,1,1987,0,0,0,0,0,0,0,0,0,0
170604,0,1,1987,0,0,0,0,0,0,0,0,0,0
170604,0,2,1987,0,0,0,0,0,0,0,0,0,0
170604,0,3,1987,0,0,0,0,0,0,0,0,0,0
170604,1,1,1987,0,7,0,11,25,28,0,11,0,0
170605,1,1,1987,0,0,0,0,0,0,0,0,0,0
170605,2,1,1987,0,0,0,0,0,0,0,0,0,0
170605,3,1,1987,0,0,0,0,0,0,0,0,0,0
170605,4,1,1987,0,0,0,0,0,0,0,0,0,0
170606,1,1,1987,0,0,0,0,0,0,0,0,0,0
170608,1,1,1987,4,4,4,4,4,4,4,4,4,4
170608,2,1,1987,0,0,0,0,0,0,0,0,0,0
170608,3,1,1987,0,0,0,0,0,0,0,0,0,0
170608,4,1,1987,0,0,0,0,0,0,0,0,0,0
170609,1,1,1987,27,27,27,27,27,27,27,27,27,27
170609,2,1,1987,0,0,0,0,0,0,0,0,0,0
170610,1,1,1987,0,0,0,0,0,0,0,0,0,0
170610,2,1,1987,0,0,0,0,0,0,0,0,0,0
170611,1,1,1987,0,0,0,0,0,0,0,0,0,0
170611,2,1,1987,0,0,0,0,0,0,0,0,0,0
170612,1,1,1987,0,0,0,0,0,0,0,0,0,0
170612,2,1,1987,0,0,0,0,0,0,0,0,0,0
170613,1,1,1987,17,17,17,17,17,17,17,17,17,17
170614,1,1,1987,0,0,0,0,0,0,0,0,0,0
170615,1,1,1987,0,0,0,0,0,0,0,0,0,28
170615,2,1,1987,0,0,0,10,0,0,0,0,0,0
170616,0,1,1987,0,0,0,0,0,0,0,0,0,0
170616,1,1,1987,0,0,0,0,25,0,0,0,0,0
170616,2,1,1987,0,0,0,0,0,0,0,0,0,0
170617,1,1,1987,0,0,0,0,0,0,0,0,0,0
170617,2,1,1987,0,0,0,0,0,0,0,0,0,0
170618,1,1,1987,0,0,0,0,0,0,0,0,0,0
170618,2,1,1987,0,0,0,0,0,0,0,0,0,0
170619,0,1,1987,0,0,0,0,0,0,0,0,0,0
170619,1,1,1987,0,0,0,29,0,0,0,0,0,0
170620,1,1,1987,0,7,8,0,0,0,0,0,0,0
170621,0,1,1987,11,11,11,11,11,11,11,11,11,11
170621,1,1,1987,18,8,19,8,18,22,4,8,2,8
170622,1,1,1987,0,0,0,0,0,0,0,0,0,0
170623,1,1,1987,0,0,0,0,0,0,0,0,0,0
170624,1,1,1987,54,54,54,54,54,54,54,54,54,54
170625,1,1,1987,11,11,11,11,11,11,11,11,11,11
170626,1,1,1987,20,20,20,20,20,20,20,20,20,20
170627,1,1,1987,36,36,36,36,36,36,36,36,36,36
170628,1,1,1987,0,0,0,0,0,0,0,0,0,0
170629,0,1,1987,24,24,24,24,24,24,24,24,24,24
170629,1,1,1987,0,0,0,0,0,0,0,0,0,0
170630,1,1,1987,0,0,0,0,0,0,0,0,0,0
170631,1,1,1987,0,0,0,0,0,0,0,0,0,0
170632,1,1,1987,15,15,15,15,15,15,15,15,15,15
170633,1,1,1987,0,0,0,0,0,0,0,0,0,0
170634,0,1,1987,5,5,5,5,5,5,5,5,5,5
170634,1,1,1987,17,0,0,0,0,0,0,0,0,0
170635,0,1,1987,0,0,0,0,0,0,0,0,0,0
170635,1,1,1987,0,0,0,0,0,0,0,0,0,0
170636,0,1,1987,0,0,0,0,0,0,0,0,0,0
170636,1,1,1987,0,11,17,30,0,6,0,0,0,0
170637,1,1,1987,0,0,0,0,0,0,0,0,0,0
170638,1,1,1987,0,0,0,0,0,0,0,0,0,0
170638,2,1,1987,0,0,0,7,0,0,0,0,11,0
170639,1,1,1987,0,0,10,24,7,10,23,20,29,41
170640,1,1,1987,0,18,0,0,0,0,0,0,0,0
170640,2,1,1987,0,0,6,0,0,0,0,0,0,0
170640,3,1,1987,0,0,0,0,0,0,0,0,0,0
170641,1,1,1987,0,0,0,0,0,0,0,0,0,0
170641,2,1,1987,0,0,0,0,0,0,0,0,0,0
170642,1,1,1987,10,10,10,10,10,10,10,10,10,10
170642,2,1,1987,0,0,0,0,0,0,0,0,0,0
170643,1,1,1987,20,20,20,20,20,20,20,20,20,20
170644,1,1,1987,0,0,0,0,0,0,0,0,0,0
170644,2,1,1987,0,0,0,0,0,0,0,0,0,0
170645,1,1,1987,0,0,0,0,0,0,0,0,0,0
170646,1,1,1987,1,1,1,1,1,1,1,1,1,1
170647,1,1,1987,0,0,0,0,0,0,0,0,0,0
170647,2,1,1987,0,0,0,0,0,0,0,0,0,0
170648,1,1,1987,2,2,2,2,2,2,2,2,2,2
170648,2,1,1987,0,0,0,0,0,0,0,0,0,0
170649,0,1,1987,0,0,0,0,0,0,0,0,0,0
170649,1,1,1987,0,0,0,0,0,0,0,0,0,0
170650,1,1,1987,6,6,6,6,6,6,6,6,6,6
170650,2,1,1987,0,0,0,0,0,0,0,0,0,0
170651,1,1,1987,0,0,0,0,0,0,0,0,0,0
170651,2,1,1987,0,0,0,0,0,0,0,11,0,0
170652,0,1,1987,11,11,11,11,11,11,11,11,11,11
170652,1,1,1987,11,11,11,11,11,11,11,11,11,11
170653,1,1,1987,13,13,13,13,13,13,13,13,13,13
170653,2,1,1987,0,0,0,0,0,0,0,0,0,0
170654,0,1,1987,0,0,0,0,0,0,0,0,0,0
170654,1,1,1987,0,0,0,0,0,0,0,0,0,0
170655,1,1,1987,22,22,22,22,22,22,22,22,22,22
170656,1,1,1987,0,8,12,13,5,39,0,22,0,14
170657,1,1,1987,0,0,0,0,0,0,0,0,0,0
170657,2,1,1987,0,0,0,0,0,0,0,0,0,0
170658,1,1,1987,21,21,21,21,21,21,21,21,21,21
170659,1,1,1987,0,9,0,0,0,0,0,0,10,0
170659,2,1,1987,0,0,0,0,0,0,0,0,0,0
170660,0,1,1987,20,20,20,20,20,20,20,20,20,20
170660,1,1,1987,7,30,27,28,0,0,20,0,0,0
170661,1,1,1987,0,0,0,0,0,0,0,0,0,0
170661,2,1,1987,0,0,0,0,0,0,0,0,0,0
170662,1,1,1987,0,3,0,0,0,0,0,0,18,0
170663,1,1,1987,16,16,16,16,16,16,16,16,16,16
170663,2,1,1987,0,0,0,0,0,0,0,0,0,14
170664,1,1,1987,0,6,0,0,0,0,0,0,0,0
170664,2,1,1987,20,20,20,20,20,20,20,20,20,20
170664,3,1,1987,0,0,0,10,0,0,0,0,0,0
170665,1,1,1987,0,0,0,0,0,0,0,0,0,0
170665,2,1,1987,0,0,0,0,0,0,0,0,0,0
170666,1,1,1987,19,16,6,9,0,18,20,25,12,21
170666,2,1,1987,6,0,0,0,0,0,0,0,0,0
170667,1,1,1987,0,0,0,0,0,0,0,0,0,0
170668,1,1,1987,0,0,0,0,0,0,0,0,0,0
170669,0,1,1987,17,17,17,17,17,17,17,17,17,17
170669,1,1,1987,0,19,27,0,14,0,0,0,4,20
170669,2,1,1987,0,9,0,0,8,0,6,0,8,0
170670,1,1,1987,2,2,2,2,2,2,2,2,2,2
170670,2,1,1987,1,1,1,1,1,1,1,1,1,1
170671,1,1,1987,9,9,9,9,9,9,9,9,9,9
170671,2,1,1987,0,0,0,16,0,0,0,0,0,0
170672,1,1,1987,9,18,13,0,21,31,7,15,27,25
170672,2,1,1987,0,0,0,0,16,0,19,0,0,0
170673,1,1,1987,0,0,0,12,0,0,0,0,0,0
170673,2,1,1987,0,0,0,0,0,0,0,0,0,0
170673,3,1,1987,0,0,0,0,0,0,0,0,0,0
170674,1,1,1987,14,14,14,14,14,14,14,14,14,14
170674,2,1,1987,0,0,0,0,0,0,0,0,0,0
170675,0,1,1987,0,0,0,0,0,0,0,0,0,0
170675,0,2,1987,0,0,0,0,0,0,0,0,0,0
170675,1,1,1987,0,15,0,17,0,0,0,0,0,0
170676,0,1,1987,0,0,0,0,0,0,0,0,0,0
170676,1,1,1987,0,0,0,0,0,0,0,0,0,0
170677,1,1,1987,0,2,0,11,12,13,0,14,0,0
170678,1,1,1987,0,0,0,0,0,0,0,0,0,0
170678,2,1,1987,0,7,0,0,0,0,0,0,0,0
170679,1,1,1987,3,3,3,3,3,3,3,3,3,3
170680,1,1,1987,0,0,0,0,0,0,0,0,0,0
170680,2,1,1987,8,0,0,0,0,0,0,0,0,0
170681,0,1,1987,0,0,0,0,0,0,0,0,0,0
170681,1,1,1987,0,0,0,0,0,0,0,0,0,0
170682,0,1,1987,25,25,25,25,25,25,25,25,25,25
170682,1,1,1987,0,0,0,0,0,0,0,0,0,0
170683,0,1,1987,13,2,0,0,0,0,13,0,5,0
170683,0,2,1987,13,34,11,0,0,0,0,0,0,0
170683,1,1,1987,0,0,0,0,0,0,0,0,0,0
170684,1,1,1987,28,28,28,28,28,28,28,28,28,28
170684,2,1,1987,0,0,0,0,0,0,0,0,0,0
170685,1,1,1987,5,5,5,5,5,5,5,5,5,5
170686,1,1,1987,0,0,0,0,0,0,0,0,0,0
170686,2,1,1987,0,0,0,0,0,0,0,0,0,0
170687,1,1,1987,8,16,27,13,13,10,39,7,13,10
170688,1,1,1987,14,14,14,14,14,14,14,14,14,14
170688,2,1,1987,0,0,0,0,0,0,0,0,0,0
170688,3,1,1987,0,0,0,15,0,0,0,0,0,0
170688,4,1,1987,0,0,0,0,0,0,0,0,0,0
170688,5,1,1987,0,0,0,0,0,0,0,0,0,0
170688,6,1,1987,0,0,0,0,0,0,0,0,0,0
170689,0,1,1987,0,0,0,0,0,0,0,0,0,0
170689,1,1,1987,0,0,0,0,0,0,0,3,0,0
170690,1,1,1987,21,21,21,21,21,21,21,21,21,21
170691,1,1,1987,20,20,20,20,20,20,20,20,20,20
170692,1,1,1987,0,0,0,0,0,0,0,1,0,10
170692,2,1,1987,0,0,0,0,18,0,12,15,0,0
170693,1,1,1987,0,0,0,0,0,0,0,0,0,0
170694,1,1,1987,19,19,19,19,19,19,19,19,19,19
170694,2,1,1987,0,0,0,0,0,0,0,0,0,0
170695,0,1,1987,0,0,0,0,0,0,0,0,0,0
170695,1,1,1987,26,26,26,26,26,26,26,26,26,26
170696,1,1,1987,0,0,0,0,0,0,0,0,0,0
170697,1,1,1987,11,11,11,11,11,11,11,11,11,11
170698,1,1,1987,0,0,0,0,0,0,0,0,0,0
170699,1,1,1987,8,8,8,8,8,8,8,8,8,8
170699,2,1,1987,0,0,0,0,0,0,0,0,0,0
170700,1,1,1987,20,20,20,20,20,20,20,20,20,20
170700,2,1,1987,0,0,0,0,0,0,0,0,0,0
170700,3,1,1987,0,0,0,0,0,0,0,0,0,0
170700,4,1,1987,0,0,0,0,0,0,0,0,0,0
170701,1,1,1987,14,14,14,14,14,14,14,14,14,14
170702,1,1,1987,0,0,0,0,0,0,0,6,0,0
170702,2,1,1987,0,0,0,0,0,0,0,0,0,7
170703,1,1,1987,0,0,0,0,0,0,0,0,0,0
170703,2,1,1987,0,0,0,0,0,0,0,0,0,0
170704,1,1,1987,0,0,0,26,17,0,0,0,0,0
170704,2,1,1987,0,0,0,0,0,0,0,0,0,0
170705,1,1,1987,0,0,0,0,0,0,0,0,0,0
170705,2,1,1987,0,0,0,0,0,0,0,0,0,0
170706,1,1,1987,18,11,30,19,19,16,15,10,14,0
170707,1,1,1987,0,0,0,0,13,0,0,0,0,0
170708,0,1,1987,22,22,22,22,22,22,22,22,22,22
170708,1,1,1987,0,0,0,0,0,0,0,0,0,0
170709,1,1,1987,18,18,18,18,18,18,18,18,18,18
170710,1,1,1987,23,23,23,23,23,23,23,23,23,23
170711,1,1,1987,0,0,0,0,0,0,0,0,0,0
170711,2,1,1987,13,0,0,0,0,0,0,0,0,0
170711,3,1,1987,0,0,0,0,0,0,0,0,0,0
170712,0,1,1987,0,0,0,0,0,0,0,0,0,0
170712,1,1,1987,0,0,0,0,0,0,0,0,0,0
170713,1,1,1987,12,12,12,12,12,12,12,12,12,12
170714,2,1,1987,21,21,21,21,21,21,21,21,21,21
170715,0,1,1987,32,32,32,32,32,32,32,32,32,32
170715,1,1,1987,13,13,13,13,13,13,13,13,13,13
170715,2,1,1987,0,0,0,10,0,0,12,0,0,26
170716,1,1,1987,0,0,0,0,0,0,0,0,0,0
170716,2,1,1987,17,0,0,7,0,22,43,20,15,0
170717,1,1,1987,24,24,24,24,24,24,24,24,24,24
170717,2,1,1987,13,13,13,13,13,13,13,13,13,13
170718,1,1,1987,17,17,17,17,17,17,17,17,17,17
170718,2,1,1987,0,0,0,0,0,0,0,0,0,0
170719,1,1,1987,12,12,12,12,12,12,12,12,12,12
170719,2,1,1987,0,0,0,0,19,0,0,0,0,6
170720,1,1,1987,22,22,22,22,22,22,22,22,22,22
170720,2,1,1987,0,0,0,0,0,0,0,0,0,0
170721,0,1,1987,0,0,0,0,0,0,0,0,0,0
170721,1,1,1987,0,0,0,0,12,0,10,16,20,2
170722,1,1,1987,8,8,8,8,8,8,8,8,8,8
170722,2,1,1987,16,0,32,18,17,17,18,6,13,7
170723,1,1,1987,0,0,0,0,0,0,0,0,0,0
170723,2,1,1987,0,0,0,0,0,0,0,0,0,0
170724,1,1,1987,19,19,19,19,19,19,19,19,19,19
170725,0,1,1987,0,0,0,0,0,0,0,0,0,0
170725,1,1,1987,0,0,0,0,0,0,0,0,0,0
170726,1,1,1987,0,0,0,0,0,0,0,0,0,0
170727,1,1,1987,15,15,15,15,15,15,15,15,15,15
170728,1,1,1987,0,0,0,0,0,0,0,0,0,0
170728,2,1,1987,0,0,0,0,0,0,0,0,0,0
170729,1,1,1987,0,0,12,0,0,0,0,0,16,0
170729,2,1,1987,0,0,0,0,0,0,0,0,0,0
170729,3,1,1987,0,0,0,0,0,0,0,0,0,0
170729,4,1,1987,0,0,0,0,0,0,0,0,0,0
170730,1,1,1987,0,0,0,0,0,0,0,0,0,0
170731,1,1,1987,0,5,0,0,0,0,0,0,4,15
170731,2,1,1987,0,0,0,0,0,0,0,0,0,0
170732,1,1,1987,0,0,0,0,0,0,0,0,0,0
170733,1,1,1987,8,8,8,8,8,8,8,8,8,8
170733,2,1,1987,16,20,0,0,0,20,0,0,6,27
170734,1,1,1987,15,15,15,15,15,15,15,15,15,15
170735,1,1,1987,0,8,23,21,0,0,0,16,0,0
170736,1,1,1987,0,0,0,0,0,0,0,0,0,0
170736,2,1,1987,0,0,0,0,0,0,2,0,0,0
170737,0,1,1987,0,0,0,0,0,0,0,0,16,0
170737,1,1,1987,0,0,0,17,13,0,0,0,9,0
170738,1,1,1987,10,10,10,10,10,10,10,10,10,10
170739,1,1,1987,35,35,35,35,35,35,35,35,35,35
170739,2,1,1987,0,0,0,0,0,0,0,0,8,0
170739,3,1,1987,8,0,0,0,0,0,0,0,0,0
170740,1,1,1987,0,0,0,0,0,0,0,0,0,0
170740,2,1,1987,0,0,0,0,0,0,0,0,0,0
170741,1,1,1987,8,8,8,8,8,8,8,8,8,8
170742,1,1,1987,17,17,17,17,17,17,17,17,17,17
170743,1,1,1987,21,21,21,21,21,21,21,21,21,21
170743,2,1,1987,0,0,0,0,0,0,0,0,0,0
170744,1,1,1987,23,0,14,0,0,0,0,0,9,0
170744,2,1,1987,0,0,0,0,0,0,0,0,0,0
170745,1,1,1987,16,16,16,16,16,16,16,16,16,16
170746,1,1,1987,0,0,0,0,0,0,0,0,16,0
170746,2,1,1987,0,0,0,0,0,0,0,0,0,0
170746,3,1,1987,0,0,0,0,0,0,0,0,0,0
170747,1,1,1987,16,16,16,16,16,16,16,16,16,16
170747,2,1,1987,0,0,0,0,21,0,0,0,0,0
170748,1,1,1987,13,13,13,13,13,13,13,13,13,13
170749,1,1,1987,0,0,0,0,0,0,0,0,0,0
170749,2,1,1987,0,0,0,0,0,0,0,0,0,0
170749,3,1,1987,0,0,0,0,0,0,0,0,0,0
170750,1,1,1987,17,17,17,17,17,17,17,17,17,17
170751,1,1,1987,29,5,10,12,13,33,24,22,32,22
170752,1,1,1987,0,0,0,0,0,0,0,0,0,0
170753,1,1,1987,12,12,12,12,12,12,12,12,12,12
170754,1,1,1987,0,0,0,0,0,0,0,0,0,0
170755,1,1,1987,14,14,14,14,14,14,14,14,14,14
170756,1,1,1987,15,15,15,15,15,15,15,15,15,15
170757,1,1,1987,16,16,16,16,16,16,16,16,16,16
170758,1,1,1987,26,26,26,26,26,26,26,26,26,26
170759,1,1,1987,3,3,3,3,3,3,3,3,3,3
170760,0,1,1987,0,0,0,0,0,0,0,0,0,0
170760,1,1,1987,0,0,0,0,0,0,0,0,0,0
170761,1,1,1987,6,6,6,6,6,6,6,6,6,6
170762,0,1,1987,0,0,0,0,0,0,0,0,0,0
170762,1,1,1987,0,0,0,0,0,0,0,0,0,0
170763,1,1,1987,0,25,16,33,13,14,9,4,0,27
170764,1,1,1987,16,16,16,16,16,16,16,16,16,16
170765,1,1,1987,0,0,0,0,0,0,0,0,0,0
170765,2,1,1987,0,0,0,0,0,0,0,0,0,0
170765,3,1,1987,0,0,0,0,0,0,0,0,0,0
170766,1,1,1987,13,0,0,8,0,22,11,8,10,9
170767,1,1,1987,10,10,10,10,10,10,10,10,10,10
170767,2,1,1987,0,0,0,0,0,0,0,0,0,0
170768,0,1,1987,0,0,0,0,0,0,0,0,0,0
170768,1,1,1987,0,0,0,0,0,0,0,0,0,0
170769,1,1,1987,0,16,0,0,0,0,0,0,0,0
170769,2,1,1987,0,0,0,0,0,0,0,0,0,0
170769,3,1,1987,0,0,0,0,0,0,0,11,0,0
170770,1,1,1987,0,0,0,10,0,0,0,0,0,0
170770,2,1,1987,0,0,0,0,0,0,0,0,0,0
170771,1,1,1987,0,0,0,0,0,0,0,0,0,0
170771,2,1,1987,0,0,0,0,0,0,0,0,0,0
170772,1,1,1987,6,6,6,6,6,6,6,6,6,6
170772,2,1,1987,0,0,0,0,0,0,0,0,0,0
170772,3,1,1987,0,0,0,0,0,0,0,0,0,0
170773,1,1,1987,0,0,0,0,0,0,0,0,0,0
170773,2,1,1987,0,0,0,0,0,0,0,0,0,0
170774,1,1,1987,0,0,0,0,0,12,0,0,0,0
170775,0,1,1987,0,0,0,0,0,0,0,0,0,0
170775,1,1,1987,23,32,20,0,19,15,9,11,21,8
170776,1,1,1987,0,0,0,0,0,0,0,0,0,0
170776,2,1,1987,0,0,0,0,0,0,0,0,0,0
170777,1,1,1987,19,19,19,19,19,19,19,19,19,19
170778,1,1,1987,0,0,0,0,0,0,0,0,0,0
170779,1,1,1987,0,0,0,0,0,0,0,0,0,0
170779,2,1,1987,0,0,0,0,0,0,0,0,0,0
170780,0,1,1987,21,21,21,21,21,21,21,21,21,21
170780,1,1,1987,15,15,15,15,15,15,15,15,15,15
170781,1,1,1987,12,12,12,12,12,12,12,12,12,12
170782,0,1,1987,8,8,8,8,8,8,8,8,8,8
170782,1,1,1987,0,0,0,0,0,0,0,0,0,0
170783,1,1,1987,21,2,5,12,16,12,15,27,9,25
170783,2,1,1987,0,0,0,0,0,0,0,0,0,0
170784,0,1,1987,0,0,0,0,0,0,0,0,0,0
170784,1,1,1987,0,0,0,0,0,14,0,0,0,0
170785,1,1,1987,0,0,0,0,0,0,0,0,0,0
170785,2,1,1987,0,0,0,0,0,0,0,0,0,0
170785,3,1,1987,0,0,0,0,0,0,0,0,0,0
170786,1,1,1987,13,13,13,13,13,13,13,13,13,13
170787,1,1,1987,27,27,27,27,27,27,27,27,27,27
170788,1,1,1987,0,0,0,0,0,0,0,0,0,0
170789,1,1,1987,18,24,21,14,8,21,16,17,23,30
170789,2,1,1987,0,0,0,0,0,0,0,0,0,0
170790,1,1,1987,0,0,0,0,0,0,0,0,0,0
170790,2,1,1987,0,0,0,0,0,0,0,0,0,0
170791,0,1,1987,0,0,0,0,0,0,0,0,0,0
170791,1,1,1987,12,0,0,0,0,0,22,11,0,0
170792,1,1,1987,28,28,28,28,28,28,28,28,28,28
170792,2,1,1987,14,0,0,0,0,0,0,0,13,0
170792,3,1,1987,0,0,0,0,0,0,0,0,0,0
170793,0,1,1987,0,0,0,0,0,0,0,0,0,0
170793,1,1,1987,0,0,0,0,0,0,0,0,0,0
170794,1,1,1987,0,0,0,0,0,0,0,0,0,0
170795,0,1,1987,0,0,0,0,0,0,0,0,0,0
170795,0,2,1987,0,0,0,0,0,0,0,0,0,0
170795,1,1,1987,8,15,24,11,3,20,15,6,4,4
170795,2,1,1987,0,0,0,0,0,0,0,8,0,0
170796,1,1,1987,0,0,0,0,0,0,0,0,0,0
170796,2,1,1987,0,0,0,0,0,0,0,0,0,0
170797,0,1,1987,24,19,32,0,0,9,17,0,0,14
170797,1,1,1987,0,14,0,19,0,0,0,0,0,0
170798,1,1,1987,0,0,10,0,0,0,0,9,2,0
170798,2,1,1987,0,0,0,0,0,0,0,0,0,0
170799,1,1,1987,0,7,17,0,34,0,16,3,0,0
170800,1,1,1987,14,0,0,17,14,0,24,0,7,14
170800,2,1,1987,0,0,0,0,0,0,0,0,0,0
170801,1,1,1987,0,0,3,8,0,0,0,14,0,0
170801,2,1,1987,0,0,0,0,0,0,0,0,0,0
170802,0,1,1987,0,0,0,0,0,0,0,0,0,0
170802,1,1,1987,0,0,0,0,0,0,15,0,0,0
170803,1,1,1987,0,0,0,0,0,0,0,0,0,0
170803,2,1,1987,0,0,0,0,0,0,0,0,0,0
170804,1,1,1987,22,22,22,22,22,22,22,22,22,22
170805,0,1,1987,0,0,0,0,0,0,0,0,0,0
170805,1,1,1987,16,0,0,0,19,0,0,0,0,0
170806,1,1,1987,0,0,0,0,0,0,0,0,0,0
170806,2,1,1987,0,0,0,0,7,10,0,0,0,0
170808,1,1,1987,0,0,19,0,23,15,0,0,12,18
170809,1,1,1987,0,0,0,0,0,0,0,0,0,10
170810,1,1,1987,16,16,16,16,16,16,16,16,16,16
170811,1,1,1987,0,0,0,0,0,0,0,0,0,0
170811,2,1,1987,0,0,0,0,0,0,0,0,0,0
170812,0,1,1987,28,28,28,28,28,28,28,28,28,28
170812,1,1,1987,17,17,17,17,17,17,17,17,17,17
170813,1,1,1987,8,8,8,8,8,8,8,8,8,8
170814,0,1,1987,30,30,30,30,30,30,30,30,30,30
170814,1,1,1987,0,0,0,0,0,0,0,0,0,0
170815,1,1,1987,0,0,0,0,0,0,0,0,0,17
170815,2,1,1987,0,0,0,0,0,0,0,0,0,0
170816,0,1,1987,0,0,0,0,0,0,0,0,0,0
170816,1,1,1987,0,0,0,0,0,14,0,0,0,0
170817,1,1,1987,0,0,0,0,0,0,0,0,0,0
170817,2,1,1987,11,26,9,34,20,0,4,12,30,16
170818,1,1,1987,0,0,18,0,0,22,15,33,15,11
170819,1,1,1987,13,13,13,13,13,13,13,13,13,13
170820,1,1,1987,0,0,0,0,0,0,0,0,0,0
170820,2,1,1987,0,0,0,0,0,0,0,0,0,0
170821,0,1,1987,0,0,0,0,0,0,0,0,0,0
170821,1,1,1987,0,0,0,0,0,0,0,0,0,0
170822,1,1,1987,20,20,20,20,20,20,20,20,20,20
170823,1,1,1987,38,38,38,38,38,38,38,38,38,38
170824,1,1,1987,0,0,0,0,0,0,0,0,0,0
170824,2,1,1987,0,0,0,0,0,0,0,0,0,0
170825,1,1,1987,0,0,0,0,0,0,0,0,0,0
170825,2,1,1987,0,0,0,0,0,0,0,0,0,0
170826,1,1,1987,0,0,0,0,0,0,0,0,0,0
170826,2,1,1987,0,0,0,0,0,0,0,0,0,0
170827,0,1,1987,0,0,0,0,0,0,0,0,0,0
170827,1,1,1987,0,0,0,0,0,0,0,0,0,0
170828,0,1,1987,0,0,0,0,0,0,0,0,0,0
170828,1,1,1987,0,0,0,0,0,0,0,0,0,0