ST_CASE,VEH_NO,PER_NO,YEAR,P1,P2,P3,P4,P5,P6,P7,P8,P9,P10
170829,1,1,1987,0,0,0,13,0,0,0,0,0,0
170829,2,1,1987,0,0,0,0,0,12,0,0,0,0
170829,3,1,1987,0,0,15,13,0,0,0,5,0,8
170830,1,1,1987,17,17,17,17,17,17,17,17,17,17
170831,0,1,1987,16,16,16,16,16,16,16,16,16,16
170831,1,1,1987,0,0,0,0,0,0,14,0,0,0
170832,1,1,1987,0,0,19,0,0,0,0,7,13,19
170833,0,1,1987,10,10,10,10,10,10,10,10,10,10
170833,1,1,1987,0,0,0,10,0,0,18,5,0,0
170834,0,1,1987,0,0,0,0,0,0,0,0,0,0
170834,1,1,1987,0,0,0,0,15,0,0,15,0,35
170835,1,1,1987,12,12,12,12,12,12,12,12,12,12
170837,0,1,1987,14,14,14,14,14,14,14,14,14,14
170837,1,1,1987,0,0,0,0,0,0,0,0,0,0
170838,1,1,1987,9,0,0,0,0,0,0,0,0,4
170839,1,1,1987,24,24,0,0,3,0,7,5,15,19
170840,1,1,1987,10,10,10,10,10,10,10,10,10,10
170841,1,1,1987,9,11,10,23,8,2,16,4,3,16
170842,0,1,1987,3,3,3,3,3,3,3,3,3,3
170842,1,1,1987,0,0,22,15,5,0,0,0,0,0
170842,2,1,1987,12,0,0,0,0,0,0,0,0,0
170843,1,1,1987,10,10,10,10,10,10,10,10,10,10
170843,2,1,1987,0,0,0,0,0,0,0,0,0,0
170844,1,1,1987,26,26,26,26,26,26,26,26,26,26
170844,2,1,1987,10,10,10,10,10,10,10,10,10,10
170845,1,1,1987,19,19,19,19,19,19,19,19,19,19
170845,2,1,1987,0,0,0,0,0,0,0,0,0,0
170846,1,1,1987,0,0,21,21,24,0,0,11,22,12
170846,2,1,1987,20,0,2,0,24,0,0,0,0,0
170847,1,1,1987,12,12,12,12,12,12,12,12,12,12
170848,0,1,1987,0,28,18,36,0,7,0,0,15,0
170848,1,1,1987,0,0,0,0,0,0,0,0,0,0
170849,1,1,1987,0,0,0,0,0,0,0,21,7,0
170850,0,1,1987,0,0,0,0,0,0,0,0,0,0
170850,1,1,1987,0,0,0,0,0,0,0,0,0,0
170851,1,1,1987,0,19,0,9,0,8,0,0,0,0
170851,2,1,1987,0,0,0,0,0,0,0,17,0,0
170852,0,1,1987,0,0,0,0,0,0,0,0,0,0
170852,1,1,1987,4,0,0,0,0,0,0,0,0,0
170853,1,1,1987,15,15,15,15,15,15,15,15,15,15
170854,0,1,1987,0,0,0,0,0,0,0,0,0,0
170854,1,1,1987,0,0,0,0,0,0,0,0,0,0
170855,1,1,1987,14,16,9,13,7,13,2,15,24,18
170855,2,1,1987,0,0,0,0,0,0,0,0,0,0
170856,1,1,1987,0,0,0,0,6,0,0,0,0,0
170856,2,1,1987,0,0,0,0,0,0,0,0,0,0
170857,1,1,1987,0,0,0,0,0,0,0,0,0,0
170858,1,1,1987,0,0,0,0,0,0,0,0,0,0
170858,2,1,1987,0,0,0,0,11,0,0,0,0,0
170858,3,1,1987,0,0,0,0,0,0,0,0,0,0
170859,1,1,1987,19,19,19,19,19,19,19,19,19,19
170860,1,1,1987,27,27,27,27,27,27,27,27,27,27
170861,1,1,1987,0,0,0,0,0,0,0,0,0,0
170861,2,1,1987,0,0,0,0,0,0,0,0,0,0
170862,0,1,1987,0,0,0,0,0,0,0,0,0,0
170862,1,1,1987,0,0,0,0,0,0,0,0,0,0
170863,1,1,1987,0,0,0,0,0,0,0,0,0,0
170864,1,1,1987,0,0,0,0,0,0,0,0,0,0
170864,2,1,1987,0,0,0,0,0,0,0,0,0,0
170865,1,1,1987,0,0,0,0,0,0,0,0,0,0
170866,0,1,1987,23,23,23,23,23,23,23,23,23,23
170866,1,1,1987,0,0,0,0,0,0,0,0,0,0
170867,1,1,1987,0,0,0,0,0,0,0,0,0,0
170867,2,1,1987,0,0,0,0,10,0,6,0,0,0
170868,1,1,1987,0,0,0,0,0,0,0,0,0,0
170869,1,1,1987,0,0,0,0,0,0,0,0,0,0
170870,1,1,1987,27,27,27,27,27,27,27,27,27,27
170870,2,1,1987,9,19,37,23,15,19,0,0,18,20
170871,1,1,1987,11,11,11,11,11,11,11,11,11,11
170871,2,1,1987,17,0,10,0,4,0,0,0,6,11
170872,1,1,1987,0,6,6,13,12,31,19,19,8,6
170873,1,1,1987,0,0,0,0,0,0,0,0,0,0
170873,2,1,1987,0,0,0,0,0,0,0,0,0,0
170874,1,1,1987,20,20,20,20,20,20,20,20,20,20
170874,2,1,1987,0,0,0,0,0,0,0,0,0,0
170875,1,1,1987,0,0,0,0,0,0,0,0,0,0
170876,1,1,1987,0,0,0,0,0,0,0,0,0,0
170876,2,1,1987,0,0,0,0,0,0,0,0,0,0
170876,3,1,1987,0,0,0,0,0,0,0,0,18,0
170877,1,1,1987,0,0,0,0,0,0,0,0,0,0
170878,1,1,1987,0,0,0,0,0,0,0,0,0,0
170878,2,1,1987,0,0,0,0,0,0,0,0,0,0
170879,1,1,1987,3,3,3,3,3,3,3,3,3,3
170879,2,1,1987,0,0,0,0,0,0,0,0,0,0
170880,1,1,1987,17,17,17,17,17,17,17,17,17,17
170881,1,1,1987,18,18,18,18,18,18,18,18,18,18
170882,1,1,1987,20,20,20,20,20,20,20,20,20,20
170883,1,1,1987,0,0,0,0,0,0,0,0,0,0
170883,2,1,1987,0,0,0,0,0,0,0,0,0,0
170884,1,1,1987,0,0,0,0,0,0,0,0,0,0
170884,2,1,1987,0,0,0,0,0,0,0,0,0,0
170885,0,1,1987,17,17,17,17,17,17,17,17,17,17
170885,1,1,1987,11,0,28,0,11,24,4,12,0,24
170886,1,1,1987,0,0,0,0,0,0,0,0,0,0
170886,2,1,1987,0,0,0,0,0,17,0,0,0,0
170887,0,1,1987,0,0,0,0,0,0,0,0,0,0
170887,0,2,1987,0,0,0,0,0,0,0,0,0,0
170887,1,1,1987,0,0,0,0,0,0,0,0,0,0
170888,1,1,1987,0,0,0,0,0,0,0,0,0,0
170888,2,1,1987,0,0,0,0,0,0,0,0,0,0
170889,1,1,1987,24,24,24,24,24,24,24,24,24,24
170890,1,1,1987,23,0,0,0,0,11,20,9,0,0
170891,1,1,1987,0,0,0,0,0,0,0,0,0,0
170891,2,1,1987,0,0,0,0,0,0,0,0,0,0
170892,1,1,1987,0,0,0,0,0,0,0,0,0,0
170892,2,1,1987,0,0,0,0,0,16,0,0,0,0
170893,1,1,1987,0,0,0,0,0,0,0,0,0,0
170894,1,1,1987,4,4,4,4,4,4,4,4,4,4
170895,1,1,1987,0,0,0,0,0,0,6,0,0,0
170896,0,1,1987,30,30,30,30,30,30,30,30,30,30
170896,0,2,1987,8,8,0,0,19,0,21,11,0,0
170896,1,1,1987,6,6,6,6,6,6,6,6,6,6
170897,1,1,1987,0,0,0,0,0,0,0,0,0,0
170897,2,1,1987,0,12,0,0,0,0,0,0,5,0
170899,1,1,1987,12,12,12,12,12,12,12,12,12,12
170900,1,1,1987,0,0,0,0,0,0,0,0,0,0
170901,1,1,1987,0,0,0,19,0,0,0,0,0,0
170901,2,1,1987,0,0,0,0,0,0,0,0,0,0
170901,3,1,1987,0,0,0,0,0,0,0,16,16,0
170902,1,1,1987,21,21,21,21,21,21,21,21,21,21
170902,2,1,1987,18,18,18,18,18,18,18,18,18,18
170903,1,1,1987,0,13,0,0,0,0,0,0,0,0
170904,1,1,1987,0,0,0,0,0,0,0,0,0,0
170904,2,1,1987,0,0,0,0,0,0,0,0,0,0
170905,0,1,1987,0,0,0,0,0,0,0,0,0,0
170905,1,1,1987,0,0,0,0,0,0,0,0,0,0
170905,2,1,1987,0,0,0,0,0,0,0,0,0,0
170906,0,1,1987,0,0,0,0,0,0,0,0,0,0
170906,1,1,1987,0,0,0,0,0,0,0,0,0,0
170907,1,1,1987,5,5,5,5,5,5,5,5,5,5
170908,1,1,1987,0,0,0,0,0,0,0,0,0,0
170908,2,1,1987,0,0,0,0,0,0,0,0,0,0
170909,0,1,1987,0,0,0,0,0,0,0,0,0,0
170909,1,1,1987,0,0,0,0,0,0,0,0,0,0
170910,0,1,1987,0,0,0,24,0,0,0,0,23,0
170910,1,1,1987,0,15,0,0,7,27,0,21,14,18
170911,1,1,1987,0,0,0,0,0,0,0,0,0,0
170911,2,1,1987,0,0,12,0,0,0,0,0,0,0
170911,3,1,1987,0,0,0,0,0,0,0,0,0,0
170911,4,1,1987,0,0,0,0,0,0,0,0,0,0
170912,0,1,1987,0,0,0,0,0,0,0,0,0,0
170912,1,1,1987,0,0,0,0,0,0,0,0,0,0
170913,1,1,1987,0,0,0,0,0,0,0,0,0,0
170913,2,1,1987,0,0,0,0,0,0,0,0,0,0
170914,1,1,1987,0,7,0,0,0,0,20,0,0,0
170914,2,1,1987,0,0,0,0,0,0,0,0,0,0
170915,1,1,1987,0,0,0,0,0,0,0,0,0,0
170916,1,1,1987,18,18,18,18,18,18,18,18,18,18
170916,2,1,1987,0,0,0,0,0,0,0,0,0,0
170917,1,1,1987,24,24,24,24,24,24,24,24,24,24
170917,2,1,1987,0,0,0,0,0,0,9,0,0,0
170917,3,1,1987,0,0,12,7,0,8,28,0,0,25
170918,0,1,1987,20,20,20,20,20,20,20,20,20,20
170918,1,1,1987,0,0,0,0,0,0,0,0,0,0
170919,0,1,1987,0,30,0,0,20,5,25,23,0,0
170919,1,1,1987,19,0,9,22,39,13,19,0,0,0
170920,0,1,1987,20,20,20,20,20,20,20,20,20,20
170920,1,1,1987,20,21,8,8,7,21,17,11,25,16
170921,1,1,1987,30,30,30,30,30,30,30,30,30,30
170922,1,1,1987,18,18,18,18,18,18,18,18,18,18
170922,2,1,1987,0,0,0,0,0,0,0,0,0,0
170923,0,1,1987,0,22,9,27,10,10,27,16,0,0
170923,1,1,1987,0,0,0,0,0,0,0,0,0,0
170923,2,1,1987,0,0,0,0,0,0,0,0,0,0
170924,1,1,1987,10,10,10,10,10,10,10,10,10,10
170924,2,1,1987,0,0,0,0,0,0,0,0,0,0
170925,1,1,1987,13,13,13,13,13,13,13,13,13,13
170926,1,1,1987,18,15,0,0,17,19,0,16,19,14
170926,2,1,1987,6,6,6,6,6,6,6,6,6,6
170927,1,1,1987,0,0,0,0,0,0,0,0,0,0
170927,2,1,1987,0,0,0,0,0,0,0,0,0,0
170928,1,1,1987,10,10,10,10,10,10,10,10,10,10
170928,2,1,1987,12,12,12,12,12,12,12,12,12,12
170929,1,1,1987,10,10,10,10,10,10,10,10,10,10
170929,2,1,1987,0,0,0,0,0,0,0,0,0,0
170930,1,1,1987,0,0,0,0,0,0,0,0,11,0
170930,2,1,1987,0,0,0,0,0,0,0,0,0,0
170931,1,1,1987,0,0,0,0,0,0,0,0,0,0
170931,2,1,1987,0,0,0,0,0,0,0,0,0,0
170931,3,1,1987,0,0,0,0,0,0,25,0,0,0
170931,4,1,1987,0,0,0,0,0,0,0,0,0,0
170932,1,1,1987,29,29,29,29,29,29,29,29,29,29
170932,2,1,1987,0,0,0,0,0,0,0,10,0,0
170933,1,1,1987,0,0,0,0,0,0,0,0,0,0
170933,2,1,1987,0,0,0,0,0,0,0,0,0,0
170934,1,1,1987,0,0,0,0,0,0,0,0,0,0
170935,1,1,1987,0,0,0,0,0,0,0,0,0,0
170936,1,1,1987,0,17,10,0,0,10,0,0,0,0
170936,2,1,1987,0,0,39,0,0,0,0,0,0,3
170937,1,1,1987,13,12,40,5,24,18,13,12,11,42
170938,1,1,1987,0,0,0,0,0,0,0,0,0,0
170939,1,1,1987,22,22,22,22,22,22,22,22,22,22
170939,2,1,1987,0,0,0,0,0,0,0,0,0,0
170940,1,1,1987,0,0,0,0,0,0,0,0,0,0
170941,1,1,1987,0,0,0,0,0,0,0,0,0,0
170941,2,1,1987,0,0,0,0,0,0,0,0,0,0
170942,1,1,1987,0,0,0,0,0,0,0,0,0,0
170942,2,1,1987,0,0,0,0,0,0,0,0,0,0
170943,1,1,1987,10,10,10,10,10,10,10,10,10,10
170943,2,1,1987,0,0,0,0,0,0,0,0,0,0
170943,3,1,1987,0,0,0,0,0,0,0,0,0,0
170944,1,1,1987,0,0,0,0,0,0,0,0,0,0
170944,2,1,1987,0,0,0,0,0,0,0,0,0,0
170945,1,1,1987,13,13,13,13,13,13,13,13,13,13
170946,1,1,1987,12,12,12,12,12,12,12,12,12,12
170946,2,1,1987,0,0,0,0,0,0,0,0,0,0
170947,1,1,1987,34,34,34,34,34,34,34,34,34,34
170948,1,1,1987,8,8,8,8,8,8,8,8,8,8
170949,0,1,1987,0,0,0,0,0,0,0,0,0,0
170949,0,2,1987,0,0,0,0,0,0,0,0,0,0
170949,1,1,1987,0,0,0,0,0,0,0,0,0,0
170949,2,1,1987,0,0,0,0,0,0,0,0,0,0
170950,1,1,1987,22,29,3,12,18,18,28,11,16,16
170950,2,1,1987,1,1,1,1,1,1,1,1,1,1
170951,1,1,1987,14,14,14,14,14,14,14,14,14,14
170952,1,1,1987,0,0,0,0,0,0,0,12,0,0
170953,1,1,1987,20,20,20,20,20,20,20,20,20,20
170953,2,1,1987,9,15,0,6,5,8,16,9,7,0
170955,1,1,1987,20,20,20,20,20,20,20,20,20,20
170956,1,1,1987,9,9,9,9,9,9,9,9,9,9
170957,1,1,1987,0,17,20,0,0,13,0,18,15,31
170958,1,1,1987,19,19,19,19,19,19,19,19,19,19
170959,0,1,1987,0,0,0,0,0,0,0,0,0,0
170959,1,1,1987,0,0,0,0,0,0,0,0,0,0
170960,1,1,1987,0,0,0,0,0,0,0,0,0,0
170961,1,1,1987,0,0,0,0,0,0,0,0,0,0
170961,2,1,1987,0,0,0,0,0,0,0,0,0,0
170962,0,1,1987,17,17,17,17,17,17,17,17,17,17
170962,1,1,1987,0,13,0,0,0,0,0,0,0,0
170962,2,1,1987,0,7,0,0,0,0,14,0,0,15
170962,3,1,1987,0,0,0,0,0,0,0,0,0,0
170963,1,1,1987,8,8,8,8,8,8,8,8,8,8
170964,1,1,1987,0,0,0,0,0,0,0,0,0,0
170965,1,1,1987,12,12,12,12,12,12,12,12,12,12
170966,1,1,1987,0,0,0,0,0,0,0,0,0,0
170967,1,1,1987,21,12,25,0,17,19,16,20,22,6
170968,1,1,1987,0,0,0,0,0,0,0,0,0,0
170969,1,1,1987,0,0,0,0,0,0,0,0,0,0
170970,1,1,1987,0,0,0,0,0,0,0,0,0,0
170970,2,1,1987,0,0,12,0,0,12,0,16,0,0
170972,1,1,1987,0,0,0,0,0,0,0,0,0,0
170972,2,1,1987,0,0,0,0,0,0,0,0,0,0
170972,3,1,1987,0,0,8,0,0,0,0,0,0,0
170972,4,1,1987,0,0,0,0,0,0,0,0,0,0
170973,0,1,1987,0,0,0,0,0,0,0,0,0,0
170973,1,1,1987,0,0,0,0,0,0,0,0,0,0
170974,0,1,1987,32,32,32,32,32,32,32,32,32,32
170974,1,1,1987,0,0,0,0,0,0,0,0,0,0
170975,1,1,1987,18,0,23,0,0,0,20,21,25,0
170975,2,1,1987,0,0,0,0,0,7,0,0,0,0
170976,0,1,1987,19,19,19,19,19,19,19,19,19,19
170976,1,1,1987,0,0,0,0,0,0,0,0,15,0
170977,0,1,1987,34,0,0,0,0,16,0,0,0,27
170977,1,1,1987,0,0,0,0,0,0,0,0,0,0
170978,1,1,1987,25,4,22,18,14,14,19,12,13,26
170978,2,1,1987,0,0,0,0,0,0,0,0,0,0
170979,1,1,1987,0,0,0,0,0,0,0,0,0,0
170979,2,1,1987,0,0,0,0,0,0,0,0,0,0
170980,1,1,1987,11,11,11,11,11,11,11,11,11,11
170981,0,1,1987,0,0,0,0,0,0,0,0,0,0
170981,1,1,1987,0,0,0,0,0,0,0,0,0,0
170982,0,1,1987,0,0,0,0,0,0,0,0,0,0
170982,1,1,1987,0,0,13,0,0,0,14,17,0,0
170983,1,1,1987,17,16,24,14,12,8,14,18,0,22
170983,2,1,1987,0,0,0,0,0,0,0,0,0,0
170983,3,1,1987,31,31,31,31,31,31,31,31,31,31
170983,4,1,1987,0,0,0,0,0,0,0,0,0,0
170984,1,1,1987,9,9,9,9,9,9,9,9,9,9
170985,0,1,1987,0,0,0,0,0,0,0,0,0,0
170985,1,1,1987,0,0,0,0,0,11,0,0,15,0
170986,1,1,1987,20,20,20,20,20,20,20,20,20,20
170987,0,1,1987,0,0,0,0,0,0,0,0,0,0
170987,1,1,1987,0,0,0,0,0,0,0,0,0,0
170988,0,1,1987,0,0,0,0,0,0,0,0,0,0
170988,1,1,1987,0,0,0,0,0,0,0,0,0,0
170989,1,1,1987,17,17,17,17,17,17,17,17,17,17
170990,0,1,1987,0,0,0,0,0,0,0,0,0,0
170990,1,1,1987,0,0,0,0,0,0,0,0,0,0
170991,1,1,1987,26,26,26,26,26,26,26,26,26,26
170991,2,1,1987,0,0,0,25,6,0,0,19,9,0
170992,0,1,1987,0,0,0,0,0,0,0,0,0,0
170992,1,1,1987,0,0,0,0,0,0,0,0,0,0
170992,2,1,1987,0,0,0,0,0,0,0,0,0,0
170993,1,1,1987,0,0,0,0,0,0,0,0,0,0
170993,2,1,1987,0,0,0,0,0,4,8,10,0,0
170994,1,1,1987,0,0,0,0,0,0,0,0,0,0
170994,2,1,1987,0,0,0,0,0,0,0,0,0,0
170995,1,1,1987,3,3,3,3,3,3,3,3,3,3
170995,2,1,1987,13,0,0,0,0,24,0,14,0,0
170996,1,1,1987,0,0,0,0,0,0,0,0,0,0
170996,2,1,1987,0,0,0,0,0,0,0,0,0,0
170998,1,1,1987,0,0,0,0,0,0,0,0,0,0
170999,0,1,1987,0,0,0,0,0,0,0,0,0,0
170999,1,1,1987,0,0,0,0,0,0,0,0,0,0
171000,1,1,1987,23,23,23,23,23,23,23,23,23,23
171000,2,1,1987,0,21,0,0,13,0,0,6,0,0
171001,1,1,1987,22,22,22,22,22,22,22,22,22,22
171002,1,1,1987,14,14,14,14,14,14,14,14,14,14
171003,0,1,1987,0,0,0,0,0,0,0,0,0,0
171003,1,1,1987,0,0,0,0,0,0,0,0,0,0
171004,0,1,1987,0,0,0,0,0,0,0,0,0,0
171004,1,1,1987,0,0,0,0,0,0,0,0,0,0
171005,1,1,1987,12,12,12,12,12,12,12,12,12,12
171006,0,1,1987,0,0,0,0,0,0,0,0,0,0
171006,1,1,1987,0,0,0,0,0,0,0,0,0,0
171007,0,1,1987,0,0,0,0,0,0,0,0,0,0
171007,1,1,1987,0,0,0,0,0,0,0,0,0,0
171008,1,1,1987,18,0,9,18,17,28,8,17,8,31
171009,1,1,1987,17,17,17,17,17,17,17,17,17,17
171010,1,1,1987,21,25,0,3,0,13,0,13,10,11
171011,1,1,1987,21,23,3,20,26,22,29,16,18,6
171011,2,1,1987,0,0,0,0,0,18,8,0,0,0
171012,0,1,1987,0,0,0,0,0,0,0,0,0,0
171012,1,1,1987,0,0,0,0,0,0,0,0,0,0
171013,1,1,1987,0,0,0,0,0,0,0,0,0,0
171013,2,1,1987,0,0,0,0,0,0,0,0,0,0
171014,1,1,1987,0,0,0,0,0,0,0,0,0,0
171014,2,1,1987,0,0,0,0,0,0,0,0,0,0
171015,1,1,1987,0,0,0,0,0,0,0,0,0,0
171015,2,1,1987,0,0,0,0,0,0,0,0,0,0
171015,3,1,1987,0,0,0,0,0,0,0,0,0,0
171016,1,1,1987,29,29,29,29,29,29,29,29,29,29
171016,2,1,1987,0,0,0,0,0,0,0,0,0,0
171017,1,1,1987,0,0,0,0,0,0,0,0,0,0
171017,2,1,1987,0,0,0,0,0,0,0,0,0,0
171017,3,1,1987,0,0,0,0,0,0,0,0,0,0
171018,1,1,1987,0,0,0,0,0,0,0,0,0,0
171019,1,1,1987,0,0,0,0,0,0,0,0,0,0
171019,2,1,1987,0,0,0,0,0,0,0,0,0,0
171020,1,1,1987,0,14,0,13,11,21,20,6,0,0
171020,2,1,1987,0,0,0,0,0,0,15,0,0,0
171021,1,1,1987,0,0,0,0,0,0,0,0,0,0
171021,2,1,1987,17,0,21,0,0,0,0,0,0,0
171021,3,1,1987,0,0,0,0,0,0,0,0,0,0
171021,4,1,1987,0,0,0,0,0,0,0,0,0,0
171022,1,1,1987,0,0,0,0,0,0,0,0,0,0
171022,2,1,1987,0,0,0,0,0,0,0,0,0,0
171023,1,1,1987,0,0,0,0,0,0,0,0,0,0
171023,2,1,1987,0,0,0,0,0,0,6,0,0,0
171024,0,1,1987,29,29,29,29,29,29,29,29,29,29
171024,1,1,1987,13,34,45,17,0,8,43,0,18,0
171025,1,1,1987,21,21,21,21,21,21,21,21,21,21
171025,2,1,1987,0,0,0,0,12,11,0,0,0,0
171026,1,1,1987,26,26,26,26,26,26,26,26,26,26
171026,2,1,1987,0,0,0,0,0,0,0,0,0,0
171026,3,1,1987,0,0,0,0,0,0,0,0,0,0
171026,4,1,1987,0,0,0,0,0,0,0,0,0,0
171027,1,1,1987,0,0,0,5,0,0,0,13,2,9
171027,2,1,1987,0,0,0,0,0,0,0,0,0,0
171028,1,1,1987,32,32,32,32,32,32,32,32,32,32
171028,2,1,1987,0,0,0,0,0,0,0,0,0,0
171029,1,1,1987,23,23,23,23,23,23,23,23,23,23
171030,0,1,1987,21,21,21,21,21,21,21,21,21,21
171030,1,1,1987,20,13,11,5,5,0,15,0,0,0
171031,1,1,1987,23,23,23,23,23,23,23,23,23,23
171031,2,1,1987,0,0,0,0,0,0,0,0,0,0
171032,1,1,1987,18,18,18,18,18,18,18,18,18,18
171032,2,1,1987,14,0,0,23,0,0,27,0,0,0
171033,1,1,1987,5,5,5,5,5,5,5,5,5,5
171034,1,1,1987,7,7,7,7,7,7,7,7,7,7
171034,2,1,1987,11,10,11,14,10,0,13,5,3,11
171035,1,1,1987,0,0,0,0,0,0,0,0,0,0
171036,1,1,1987,0,0,0,0,0,0,0,0,0,0
171036,2,1,1987,0,0,0,0,0,0,0,0,0,0
171037,1,1,1987,14,14,14,14,14,14,14,14,14,14
171038,1,1,1987,0,0,0,0,0,0,0,0,0,0
171039,0,1,1987,0,0,0,0,0,0,0,0,0,0
171039,1,1,1987,0,0,0,0,0,0,0,0,0,0
171040,1,1,1987,0,0,0,0,0,0,0,0,0,0
171040,2,1,1987,0,0,0,0,0,0,0,10,0,0
171041,0,1,1987,11,11,11,11,11,11,11,11,11,11
171041,1,1,1987,0,0,0,0,0,0,0,0,0,0
171042,1,1,1987,0,0,0,0,0,0,0,0,0,0
171042,2,1,1987,0,0,0,10,0,0,0,0,0,0
171043,0,1,1987,6,0,0,14,0,0,0,4,13,2
171043,1,1,1987,0,0,0,0,0,0,0,0,0,0
171044,1,1,1987,16,16,16,16,16,16,16,16,16,16
171045,1,1,1987,0,0,0,0,0,0,0,0,0,0
171045,2,1,1987,0,0,0,0,0,0,0,0,0,0
171046,1,1,1987,16,16,16,16,16,16,16,16,16,16
171047,1,1,1987,0,0,0,0,0,0,0,0,0,0
171048,1,1,1987,23,23,23,23,23,23,23,23,23,23
171049,1,1,1987,17,18,8,4,11,20,0,9,19,0
171049,2,1,1987,23,23,23,23,23,23,23,23,23,23
171050,1,1,1987,21,21,21,21,21,21,21,21,21,21
171051,1,1,1987,22,22,22,22,22,22,22,22,22,22
171052,0,1,1987,0,0,0,0,0,0,0,0,0,0
171052,1,1,1987,0,0,0,0,0,0,0,10,0,12
171053,0,1,1987,14,14,14,14,14,14,14,14,14,14
171053,1,1,1987,0,3,0,0,14,0,0,0,0,0
171054,0,1,1987,11,0,0,29,19,0,0,0,0,16
171054,1,1,1987,0,0,0,0,0,0,0,0,0,0
171055,1,1,1987,27,27,27,27,27,27,27,27,27,27
171056,1,1,1987,0,0,0,0,0,0,0,0,0,0
171057,1,1,1987,0,0,0,0,0,0,0,0,0,0
171057,2,1,1987,0,0,0,0,0,0,0,0,0,0
171058,1,1,1987,3,3,3,3,3,3,3,3,3,3
171059,1,1,1987,0,0,0,0,0,0,0,0,0,0
171059,2,1,1987,0,0,0,16,0,25,0,9,0,0
171059,3,1,1987,0,0,0,0,0,0,0,0,0,0
171060,0,1,1987,0,0,0,0,0,0,0,0,0,0
171060,1,1,1987,18,18,18,18,18,18,18,18,18,18
171060,2,1,1987,0,0,0,0,0,0,0,0,0,0
171060,3,1,1987,0,0,0,0,0,0,0,0,0,0
171061,1,1,1987,16,16,16,16,16,16,16,16,16,16
171061,2,1,1987,0,0,12,0,0,0,0,16,0,0
171062,1,1,1987,0,12,0,0,0,0,0,0,0,0
171063,1,1,1987,23,27,12,7,17,15,10,15,10,8
171064,1,1,1987,0,0,0,0,0,29,0,0,0,0
171064,2,1,1987,0,0,0,0,0,0,0,0,0,0
171065,1,1,1987,0,0,0,0,0,0,0,0,0,0
171065,2,1,1987,0,0,7,0,0,0,0,0,0,0
171066,1,1,1987,24,24,24,24,24,24,24,24,24,24
171066,2,1,1987,0,0,0,0,0,0,0,0,0,0
171067,1,1,1987,3,3,3,3,3,3,3,3,3,3
171068,1,1,1987,31,31,31,31,31,31,31,31,31,31
171068,2,1,1987,28,28,28,28,28,28,28,28,28,28
171069,1,1,1987,0,0,0,0,0,0,0,0,0,0
171070,1,1,1987,0,0,0,0,0,0,0,0,0,0
171070,2,1,1987,0,0,0,0,0,0,0,0,0,0
171071,0,1,1987,0,0,0,0,0,0,0,0,0,0
171071,1,1,1987,12,12,12,12,12,12,12,12,12,12
171072,0,1,1987,0,0,0,0,0,0,0,0,0,0
171072,0,2,1987,0,0,0,0,0,0,0,0,20,0
171072,1,1,1987,0,0,0,0,0,0,0,0,0,0
171072,2,1,1987,0,0,0,0,0,0,0,0,0,0
171073,1,1,1987,0,0,0,0,0,0,0,0,0,0
171073,2,1,1987,0,0,0,0,11,0,0,0,0,0
171074,1,1,1987,22,22,22,22,22,22,22,22,22,22
171074,2,1,1987,0,0,0,0,0,0,0,0,7,0
171074,3,1,1987,0,0,0,0,0,0,0,0,0,0
171075,1,1,1987,0,0,0,19,0,0,0,14,0,24
171075,2,1,1987,0,0,0,0,0,0,0,0,0,0
171076,0,1,1987,0,0,0,0,0,0,0,0,0,0
171076,1,1,1987,0,0,0,0,0,0,0,0,0,0
171077,1,1,1987,0,0,0,0,0,0,0,0,0,0
171077,2,1,1987,0,0,0,0,0,0,0,0,0,0
171078,0,1,1987,5,5,5,5,5,5,5,5,5,5
171078,1,1,1987,20,28,18,22,19,31,43,12,8,0
171079,0,1,1987,0,0,0,0,0,0,0,0,0,0
171079,1,1,1987,10,0,0,0,0,0,0,0,0,0
171080,1,1,1987,30,30,30,30,30,30,30,30,30,30
171081,0,1,1987,0,0,0,0,0,0,0,0,0,0
171081,1,1,1987,0,0,0,22,0,0,0,0,0,0
171082,1,1,1987,0,0,0,0,0,0,0,0,0,0
171082,2,1,1987,0,0,0,0,0,0,0,0,0,0
171083,1,1,1987,36,28,19,0,18,15,0,14,18,22
171083,2,1,1987,0,0,0,0,0,0,0,0,0,0
171084,1,1,1987,0,0,0,0,0,0,0,0,0,0
171084,2,1,1987,0,0,0,0,0,0,0,0,0,0
171085,1,1,1987,15,15,15,15,15,15,15,15,15,15
171086,0,1,1987,27,27,27,27,27,27,27,27,27,27
171086,1,1,1987,0,16,0,0,12,16,8,21,5,0
171087,0,1,1987,27,27,27,27,27,27,27,27,27,27
171087,1,1,1987,18,18,18,18,18,18,18,18,18,18
171088,1,1,1987,0,0,0,0,0,0,0,0,0,0
171089,1,1,1987,9,9,9,9,9,9,9,9,9,9
171090,1,1,1987,24,24,24,24,24,24,24,24,24,24
171091,1,1,1987,0,0,0,0,0,0,0,0,0,0
171091,2,1,1987,0,0,0,0,0,0,0,0,0,0