ST_CASE,VEH_NO,PER_NO,YEAR,P1,P2,P3,P4,P5,P6,P7,P8,P9,P10
171092,1,1,1987,30,30,30,30,30,30,30,30,30,30
171092,2,1,1987,0,0,0,0,0,0,0,0,0,0
171093,1,1,1987,0,0,0,0,0,0,0,0,0,0
171093,2,1,1987,0,0,0,0,0,0,0,0,0,0
171094,1,1,1987,0,0,0,0,0,0,0,0,0,0
171094,2,1,1987,0,0,0,0,0,0,0,0,0,0
171094,3,1,1987,0,0,0,0,0,0,0,0,0,0
171095,1,1,1987,20,20,20,20,20,20,20,20,20,20
171095,2,1,1987,0,0,0,0,0,0,0,0,0,0
171095,3,1,1987,0,0,0,0,0,0,0,0,0,0
171096,1,1,1987,16,16,16,16,16,16,16,16,16,16
171096,2,1,1987,45,45,45,45,45,45,45,45,45,45
171096,3,1,1987,10,0,0,0,4,0,8,0,0,8
171096,4,1,1987,0,0,0,0,0,0,0,0,0,0
171097,1,1,1987,0,0,0,0,0,0,0,0,0,0
171097,2,1,1987,0,0,0,0,0,0,0,0,0,0
171098,1,1,1987,16,16,16,16,16,16,16,16,16,16
171099,1,1,1987,8,8,8,8,8,8,8,8,8,8
171099,2,1,1987,0,0,0,0,0,0,0,0,0,15
171100,1,1,1987,21,31,23,14,17,14,19,16,29,41
171101,1,1,1987,0,0,0,0,0,0,0,0,0,0
171102,1,1,1987,6,15,10,15,3,0,0,0,0,28
171103,0,1,1987,0,0,0,0,0,0,0,0,0,0
171103,1,1,1987,7,7,7,7,7,7,7,7,7,7
171104,1,1,1987,5,16,8,15,13,0,11,16,0,19
171104,2,1,1987,8,0,0,0,0,19,15,0,0,0
171105,1,1,1987,0,0,0,0,0,0,0,0,0,0
171105,2,1,1987,0,0,0,0,0,0,0,0,0,0
171106,1,1,1987,3,0,0,0,5,0,0,0,0,0
171107,1,1,1987,0,0,0,0,0,0,23,0,0,0
171108,1,1,1987,0,0,0,0,0,0,0,0,0,0
171109,1,1,1987,0,0,0,0,0,0,0,0,0,0
171109,2,1,1987,0,0,0,0,0,0,0,0,0,0
171110,1,1,1987,0,0,0,0,0,0,0,0,0,0
171110,2,1,1987,0,0,0,0,0,0,0,0,0,0
171111,0,1,1987,0,0,0,0,0,0,0,0,0,0
171111,1,1,1987,0,0,0,0,11,0,0,0,0,0
171112,1,1,1987,0,0,0,0,0,0,0,0,0,0
171112,2,1,1987,0,0,0,0,0,0,0,0,0,0
171113,0,1,1987,0,0,0,0,0,0,0,0,0,0
171113,1,1,1987,0,0,15,0,0,0,0,0,11,0
171114,0,1,1987,0,0,0,0,0,0,0,0,0,0
171114,1,1,1987,0,0,0,0,0,0,0,0,0,0
171115,0,1,1987,0,0,0,0,0,0,0,0,0,0
171115,1,1,1987,0,0,0,0,0,0,0,0,0,0
171116,1,1,1987,8,8,8,8,8,8,8,8,8,8
171117,1,1,1987,0,11,0,0,0,0,0,0,0,0
171117,2,1,1987,0,0,0,0,0,0,0,0,0,0
171118,1,1,1987,12,12,12,12,12,12,12,12,12,12
171119,1,1,1987,0,0,0,0,0,0,0,0,0,0
171119,2,1,1987,0,0,0,0,0,0,0,0,0,0
171120,1,1,1987,0,0,0,0,0,0,0,0,0,0
171120,2,1,1987,0,0,0,0,0,0,0,0,0,0
171121,0,1,1987,0,0,0,0,0,0,0,0,0,0
171121,1,1,1987,0,0,0,0,0,0,0,0,0,0
171122,1,1,1987,0,0,0,0,0,0,0,0,0,0
171123,1,1,1987,2,2,2,2,2,2,2,2,2,2
171123,2,1,1987,0,0,0,0,0,0,0,0,0,0
171124,1,1,1987,0,0,0,0,0,0,0,0,0,0
171124,2,1,1987,0,0,0,0,0,0,0,0,0,0
171124,3,1,1987,0,0,0,0,0,0,0,0,0,0
171125,0,1,1987,0,0,0,0,0,0,0,0,0,0
171125,1,1,1987,0,0,0,0,0,0,0,0,0,0
171126,1,1,1987,0,0,0,0,0,0,0,0,0,0
171127,1,1,1987,0,16,21,32,18,11,0,14,27,0
171127,2,1,1987,0,0,0,0,0,0,0,0,0,0
171128,1,1,1987,14,0,9,20,8,11,0,0,15,0
171129,1,1,1987,0,0,0,0,21,0,0,0,0,0
171129,2,1,1987,0,0,0,0,0,0,0,0,0,0
171129,3,1,1987,0,0,0,0,0,0,0,0,0,0
171131,1,1,1987,0,0,0,0,0,0,0,0,0,0
171131,2,1,1987,0,0,13,0,0,0,0,0,0,0
171132,1,1,1987,0,0,0,0,0,0,0,0,0,0
171132,2,1,1987,15,15,15,15,15,15,15,15,15,15
171133,1,1,1987,29,29,29,29,29,29,29,29,29,29
171134,0,1,1987,0,0,0,0,0,0,0,0,0,0
171134,1,1,1987,3,0,0,0,0,0,0,0,0,0
171135,1,1,1987,0,0,0,0,0,3,0,0,0,0
171135,2,1,1987,0,0,0,0,0,0,0,0,0,0
171136,1,1,1987,0,0,0,0,0,0,0,0,0,0
171136,2,1,1987,23,0,0,0,0,0,0,0,0,0
171137,1,1,1987,0,0,0,0,0,0,0,0,0,0
171137,2,1,1987,29,0,0,0,0,0,0,0,0,0
171138,1,1,1987,0,0,0,0,0,0,0,0,0,0
171138,2,1,1987,0,0,0,0,0,0,0,0,0,0
171139,1,1,1987,12,12,12,12,12,12,12,12,12,12
171140,1,1,1987,0,22,13,0,12,0,0,13,0,0
171141,0,1,1987,38,30,0,0,0,0,0,0,13,0
171141,0,2,1987,0,5,0,14,10,11,16,17,2,0
171141,0,3,1987,26,0,21,0,13,0,12,16,10,0
171141,1,1,1987,10,10,10,10,10,10,10,10,10,10
171141,2,1,1987,0,0,0,8,0,13,0,0,0,0
171142,1,1,1987,0,0,0,0,0,0,0,0,0,0
171144,1,1,1987,0,0,0,0,0,0,0,0,0,0
171144,2,1,1987,0,0,0,0,0,0,0,0,0,0
171145,0,1,1987,0,0,0,0,0,0,0,0,0,0
171145,1,1,1987,0,0,0,0,0,0,0,0,0,0
171146,1,1,1987,0,0,0,0,0,0,13,0,0,0
171146,2,1,1987,0,0,0,0,0,0,0,0,0,0
171147,1,1,1987,17,17,17,17,17,17,17,17,17,17
171147,2,1,1987,8,8,8,8,8,8,8,8,8,8
171148,1,1,1987,10,10,10,10,10,10,10,10,10,10
171149,1,1,1987,0,0,0,0,0,13,0,7,0,15
171150,1,1,1987,21,21,21,21,21,21,21,21,21,21
171151,1,1,1987,0,0,0,0,0,0,0,0,0,0
171151,2,1,1987,0,16,0,0,0,0,4,0,0,18
171151,3,1,1987,0,9,0,0,0,0,0,0,0,0
171152,0,1,1987,0,0,0,0,0,0,0,0,0,0
171152,1,1,1987,0,16,0,0,0,0,0,0,0,0
171153,1,1,1987,0,0,0,0,0,0,0,0,0,0
171153,2,1,1987,0,0,0,0,0,0,0,0,0,0
171154,1,1,1987,17,17,17,17,17,17,17,17,17,17
171154,2,1,1987,0,0,0,0,0,13,0,0,0,0
171155,1,1,1987,12,12,12,12,12,12,12,12,12,12
171156,1,1,1987,0,9,0,0,0,0,0,0,0,0
171157,0,1,1987,0,0,19,0,0,8,21,0,0,8
171157,1,1,1987,0,0,0,0,0,0,0,0,0,0
171158,1,1,1987,16,16,16,16,16,16,16,16,16,16
171159,0,1,1987,0,0,0,0,0,0,0,0,0,0
171159,1,1,1987,33,33,33,33,33,33,33,33,33,33
171160,1,1,1987,0,0,0,0,0,0,0,0,0,0
171160,2,1,1987,0,0,0,0,0,0,0,0,0,0
171161,0,1,1987,0,0,0,0,0,0,0,0,0,0
171161,1,1,1987,34,34,34,34,34,34,34,34,34,34
171162,0,1,1987,0,0,0,0,0,0,0,0,0,0
171162,1,1,1987,2,2,2,2,2,2,2,2,2,2
171163,0,1,1987,0,0,0,0,0,0,0,0,0,0
171163,1,1,1987,11,0,0,0,0,0,0,0,0,0
171164,1,1,1987,0,21,19,0,0,0,0,20,4,0
171165,1,1,1987,0,19,13,16,15,12,0,31,8,16
171165,2,1,1987,8,0,0,0,0,0,0,0,9,0
171166,1,1,1987,0,0,0,0,0,0,0,0,0,0
171166,2,1,1987,0,0,0,0,0,0,0,0,0,0
171167,1,1,1987,0,0,0,0,0,0,0,0,0,0
171167,2,1,1987,0,0,0,0,0,0,0,0,0,0
171167,3,1,1987,0,0,0,0,0,10,16,0,0,23
171168,1,1,1987,0,12,0,20,0,8,20,0,0,16
171169,1,1,1987,13,13,13,13,13,13,13,13,13,13
171170,0,1,1987,20,0,37,0,0,0,0,0,0,0
171170,1,1,1987,0,0,0,0,0,0,0,0,0,0
171171,1,1,1987,12,12,12,12,12,12,12,12,12,12
171172,1,1,1987,0,0,0,0,0,0,0,0,0,0
171173,1,1,1987,0,0,0,0,0,0,0,0,0,0
171173,2,1,1987,0,0,0,0,0,0,0,0,0,0
171173,3,1,1987,0,0,0,0,0,0,0,0,0,0
171174,1,1,1987,14,14,14,14,14,14,14,14,14,14
171175,1,1,1987,28,28,28,28,28,28,28,28,28,28
171176,1,1,1987,7,17,0,0,0,0,8,18,12,0
171176,2,1,1987,6,6,6,6,6,6,6,6,6,6
171176,3,1,1987,0,8,0,0,0,0,0,8,0,0
171177,0,1,1987,0,0,0,0,0,0,0,0,0,0
171177,1,1,1987,28,0,0,0,0,0,0,16,0,0
171178,1,1,1987,0,0,0,0,0,0,0,0,0,0
171179,1,1,1987,31,31,31,31,31,31,31,31,31,31
171179,2,1,1987,0,0,0,0,0,0,0,0,0,0
171180,1,1,1987,19,19,19,19,19,19,19,19,19,19
171181,1,1,1987,18,18,18,18,18,18,18,18,18,18
171182,1,1,1987,0,0,0,0,0,0,0,0,0,0
171182,2,1,1987,25,25,25,25,25,25,25,25,25,25
171183,1,1,1987,0,0,0,0,0,0,0,0,0,0
171184,1,1,1987,11,11,11,11,11,11,11,11,11,11
171185,1,1,1987,0,0,0,0,0,0,0,0,0,0
171185,2,1,1987,0,0,0,0,0,0,0,0,0,0
171186,1,1,1987,0,0,0,0,0,13,0,0,0,0
171186,2,1,1987,0,0,0,0,0,0,0,0,0,0
171187,0,1,1987,22,22,22,22,22,22,22,22,22,22
171187,1,1,1987,0,0,0,20,0,0,0,0,0,0
171188,1,1,1987,0,0,0,12,0,0,0,0,0,0
171188,2,1,1987,0,0,21,0,0,0,0,0,0,0
171189,1,1,1987,14,14,14,14,14,14,14,14,14,14
171190,0,1,1987,23,23,23,23,23,23,23,23,23,23
171190,1,1,1987,11,11,11,11,11,11,11,11,11,11
171190,2,1,1987,0,0,0,0,0,0,0,0,0,0
171191,1,1,1987,0,0,0,0,0,0,0,0,0,0
171191,2,1,1987,0,0,0,0,0,0,0,0,0,0
171192,1,1,1987,0,0,0,0,0,0,0,0,0,0
171193,0,1,1987,0,0,0,0,0,0,0,0,0,0
171193,0,2,1987,0,0,0,0,0,0,0,0,0,0
171193,1,1,1987,0,0,0,0,0,0,0,0,0,0
171194,1,1,1987,14,0,0,0,0,0,0,0,0,0
171194,2,1,1987,0,0,31,0,0,0,16,0,23,0
171195,0,1,1987,0,0,0,0,0,0,0,0,0,0
171195,1,1,1987,0,0,0,0,0,0,0,0,0,0
171196,1,1,1987,13,13,13,13,13,13,13,13,13,13
171197,1,1,1987,0,0,11,0,8,0,0,0,13,0
171197,2,1,1987,0,0,20,0,10,11,0,0,0,0
171198,1,1,1987,19,19,19,19,19,19,19,19,19,19
171199,1,1,1987,0,0,0,0,0,0,0,0,9,0
171200,1,1,1987,0,0,0,0,0,0,0,0,0,0
171201,1,1,1987,0,0,0,0,0,0,0,0,0,0
171201,2,1,1987,0,0,0,0,0,0,0,0,0,0
171202,1,1,1987,0,0,0,0,0,0,0,0,0,0
171202,2,1,1987,0,0,0,0,0,0,0,0,0,0
171203,1,1,1987,0,0,0,0,0,0,0,0,0,0
171203,2,1,1987,0,0,0,0,0,0,0,0,0,0
171203,3,1,1987,0,0,0,0,0,0,0,0,0,0
171204,1,1,1987,0,0,0,0,11,12,14,0,16,8
171205,1,1,1987,0,0,0,10,20,0,0,0,0,0
171205,2,1,1987,0,0,0,0,0,0,0,0,0,0
171206,1,1,1987,0,25,0,0,0,0,0,13,0,0
171206,2,1,1987,0,0,0,0,0,0,0,0,4,0
171207,1,1,1987,0,0,0,0,0,0,0,0,0,0
171207,2,1,1987,0,0,0,0,0,0,0,0,0,0
171207,3,1,1987,3,3,3,3,3,3,3,3,3,3
171209,1,1,1987,0,10,18,0,23,16,0,0,0,0
171209,2,1,1987,0,0,0,0,0,0,0,0,0,0
171210,1,1,1987,0,0,0,0,0,0,0,0,0,0
171210,2,1,1987,0,0,0,0,0,0,0,0,0,0
171211,1,1,1987,0,0,0,0,0,0,0,0,11,0
171212,1,1,1987,25,25,25,25,25,25,25,25,25,25
171213,0,1,1987,0,0,0,0,0,0,40,24,0,0
171213,1,1,1987,0,0,0,0,0,0,0,0,0,14
171214,1,1,1987,0,0,0,0,0,0,0,0,0,0
171214,2,1,1987,23,19,17,11,11,14,24,14,14,4
171215,1,1,1987,0,0,0,0,0,0,0,0,0,0
171215,2,1,1987,0,0,0,0,0,0,0,0,0,23
171216,0,1,1987,0,0,0,0,0,0,0,0,0,0
171216,1,1,1987,0,0,0,0,0,0,0,0,0,0
171217,0,1,1987,30,30,30,30,30,30,30,30,30,30
171217,1,1,1987,0,0,0,0,0,0,0,0,15,35
171218,1,1,1987,23,23,23,23,23,23,23,23,23,23
171219,1,1,1987,0,0,0,0,0,0,0,0,0,0
171219,2,1,1987,0,0,0,0,0,0,0,0,0,0
171220,1,1,1987,14,14,14,14,14,14,14,14,14,14
171220,2,1,1987,0,0,0,0,0,0,0,0,0,0
171221,1,1,1987,0,0,0,0,0,0,0,0,0,0
171221,2,1,1987,10,9,0,0,16,0,0,0,0,17
171222,1,1,1987,33,33,33,33,33,33,33,33,33,33
171223,1,1,1987,22,0,0,0,13,0,3,0,0,0
171224,1,1,1987,0,0,0,0,0,18,0,0,0,0
171224,2,1,1987,4,4,4,4,4,4,4,4,4,4
171225,0,1,1987,0,0,0,0,0,0,0,0,0,0
171225,0,2,1987,0,0,0,0,0,0,0,0,0,0
171225,1,1,1987,0,0,0,0,0,0,0,0,0,0
171226,0,1,1987,19,19,19,19,19,19,19,19,19,19
171226,1,1,1987,0,0,0,0,0,0,0,0,0,0
171227,1,1,1987,20,20,20,20,20,20,20,20,20,20
171228,1,1,1987,30,0,14,9,15,19,0,16,12,8
171229,1,1,1987,0,0,0,0,0,0,0,0,0,0
171230,1,1,1987,18,24,21,13,10,3,11,15,11,13
171230,2,1,1987,0,0,0,0,0,0,0,0,0,0
171231,1,1,1987,0,0,0,0,25,0,0,0,0,0
171232,1,1,1987,18,18,18,18,18,18,18,18,18,18
171232,2,1,1987,0,0,0,0,0,0,0,0,0,0
171232,3,1,1987,0,0,0,0,0,0,0,0,0,0
171233,0,1,1987,0,0,0,0,0,0,0,0,0,0
171233,1,1,1987,0,0,0,0,0,0,0,0,0,0
171234,0,1,1987,0,0,0,0,0,8,0,0,0,0
171234,1,1,1987,0,0,0,0,0,0,0,0,0,0
171235,1,1,1987,0,0,0,0,0,0,0,0,0,0
171236,1,1,1987,20,20,20,20,20,20,20,20,20,20
171236,2,1,1987,0,0,0,0,0,0,0,0,0,0
171237,0,1,1987,22,22,22,22,22,22,22,22,22,22
171237,1,1,1987,16,16,16,16,16,16,16,16,16,16
171238,1,1,1987,24,24,24,24,24,24,24,24,24,24
171238,2,1,1987,0,0,0,0,0,0,0,20,0,18
171238,3,1,1987,0,0,0,0,0,0,0,0,0,0
171240,1,1,1987,0,0,0,0,0,0,0,0,0,0
171240,2,1,1987,7,9,12,13,13,25,16,5,14,18
171240,3,1,1987,0,0,0,0,0,0,0,0,0,0
171241,0,1,1987,0,0,0,0,0,0,19,0,0,25
171241,1,1,1987,0,0,0,0,0,0,0,0,0,0
171242,1,1,1987,0,0,0,0,0,0,0,0,0,0
171242,2,1,1987,0,0,0,0,0,0,0,0,0,0
171243,1,1,1987,0,0,0,0,0,0,0,0,0,0
171244,1,1,1987,0,0,0,0,0,0,4,14,0,0
171244,2,1,1987,0,0,0,0,0,0,0,0,0,0
171245,0,1,1987,21,21,21,21,21,21,21,21,21,21
171245,1,1,1987,0,0,0,0,0,0,17,0,0,0
171245,2,1,1987,0,0,0,0,0,14,0,0,0,0
171245,3,1,1987,0,0,0,0,0,0,0,0,0,0
171246,1,1,1987,0,0,0,0,0,0,0,0,0,0
171247,1,1,1987,0,0,0,0,0,0,0,0,0,0
171247,2,1,1987,0,0,0,0,0,0,0,0,0,0
171248,1,1,1987,14,14,14,14,14,14,14,14,14,14
171249,0,1,1987,15,15,15,15,15,15,15,15,15,15
171249,1,1,1987,0,0,0,0,0,0,0,0,0,0
171250,1,1,1987,24,24,24,24,24,24,24,24,24,24
171251,0,1,1987,0,0,0,0,0,0,0,0,0,0
171251,1,1,1987,1,1,1,1,1,1,1,1,1,1
171252,1,1,1987,0,0,0,0,0,0,0,0,0,0
171253,0,1,1987,0,0,0,0,0,0,0,0,0,0
171253,1,1,1987,14,0,0,0,0,0,0,0,0,0
171254,1,1,1987,4,0,15,0,10,0,13,0,0,5
171255,1,1,1987,19,19,19,19,19,19,19,19,19,19
171255,2,1,1987,13,13,13,13,13,13,13,13,13,13
171256,1,1,1987,0,0,0,0,0,0,0,0,0,0
171256,2,1,1987,0,0,0,0,0,0,0,0,0,0
171256,3,1,1987,0,0,13,8,14,0,0,0,0,0
171257,1,1,1987,12,24,16,18,24,4,17,21,21,18
171257,2,1,1987,0,0,0,0,0,0,0,0,0,0
171258,1,1,1987,20,20,20,20,20,20,20,20,20,20
171259,0,1,1987,0,0,0,0,0,0,0,0,0,0
171259,1,1,1987,28,0,39,21,23,0,25,0,23,0
171260,1,1,1987,0,0,0,0,0,0,0,0,0,0
171260,2,1,1987,0,0,0,0,0,0,0,0,0,0
171261,1,1,1987,0,0,0,0,0,0,0,0,0,0
171261,2,1,1987,0,0,0,0,0,0,0,0,0,0
171262,1,1,1987,0,0,0,0,0,0,0,0,0,0
171262,2,1,1987,0,0,0,0,0,0,0,0,0,0
171263,0,1,1987,28,28,28,28,28,28,28,28,28,28
171263,1,1,1987,0,0,0,0,0,6,0,0,0,0
171264,1,1,1987,21,21,21,21,21,21,21,21,21,21
171265,1,1,1987,26,26,26,26,26,26,26,26,26,26
171266,0,1,1987,0,0,0,0,0,0,0,0,0,0
171266,0,2,1987,0,0,0,0,0,0,0,0,0,0
171266,1,1,1987,0,0,0,0,0,0,0,0,0,0
171267,0,1,1987,0,0,16,0,0,0,0,0,0,0
171267,1,1,1987,0,0,0,0,0,0,0,0,0,0
171268,1,1,1987,0,0,0,0,0,0,0,0,0,0
171269,1,1,1987,20,20,20,20,20,20,20,20,20,20
171269,2,1,1987,0,0,0,0,0,0,0,0,0,0
171270,1,1,1987,9,0,0,0,0,0,0,0,0,0
171270,2,1,1987,2,2,2,2,2,2,2,2,2,2
171271,1,1,1987,23,23,23,23,23,23,23,23,23,23
171271,2,1,1987,19,19,19,19,19,19,19,19,19,19
171272,1,1,1987,11,11,11,11,11,11,11,11,11,11
171272,2,1,1987,0,0,0,0,0,0,0,0,0,0
171272,3,1,1987,0,0,0,0,17,0,0,0,0,0
171273,1,1,1987,0,0,0,24,0,0,0,0,0,0
171274,1,1,1987,23,23,23,23,23,23,23,23,23,23
171275,1,1,1987,16,3,24,13,14,8,12,2,14,27
171275,2,1,1987,0,0,0,0,8,0,0,6,0,0
171276,1,1,1987,0,0,0,0,0,0,0,0,0,0
171276,2,1,1987,0,0,0,0,0,0,0,0,0,0
171277,1,1,1987,0,0,0,0,0,0,0,0,0,0
171278,0,1,1987,0,0,0,0,0,0,0,0,0,0
171278,1,1,1987,0,0,0,0,0,0,0,0,0,0
171279,1,1,1987,19,19,19,19,19,19,19,19,19,19
171280,1,1,1987,22,22,22,22,22,22,22,22,22,22
171281,1,1,1987,0,0,0,0,0,0,0,0,0,0
171281,2,1,1987,0,0,0,0,0,0,0,0,0,0
171282,1,1,1987,0,0,0,0,0,0,0,0,0,0
171282,2,1,1987,0,0,0,0,0,0,0,0,0,0
171283,0,1,1987,0,0,0,0,0,0,0,0,0,0
171283,1,1,1987,0,0,24,0,0,0,0,0,0,0
171284,0,1,1987,0,0,0,0,0,0,0,0,0,0
171284,0,2,1987,0,0,0,0,0,0,0,0,0,0
171284,0,3,1987,0,0,0,0,0,0,0,0,0,0
171284,1,1,1987,7,0,0,0,0,0,0,0,0,0
171285,0,1,1987,21,21,21,21,21,21,21,21,21,21
171285,1,1,1987,0,0,0,0,0,0,0,0,0,0
171287,1,1,1987,16,16,16,16,16,16,16,16,16,16
171288,1,1,1987,7,11,14,28,0,0,0,11,0,15
171288,2,1,1987,0,0,0,0,0,0,0,0,0,0
171289,1,1,1987,3,3,3,3,3,3,3,3,3,3
171290,1,1,1987,0,0,0,0,0,0,0,0,0,0
171290,2,1,1987,0,0,0,0,0,0,0,0,0,0
171291,1,1,1987,14,0,0,36,8,0,0,18,0,0
171291,2,1,1987,0,0,0,0,0,0,0,0,0,0
171292,1,1,1987,0,0,0,0,0,0,0,0,11,0
171292,2,1,1987,0,0,0,0,0,0,0,0,0,0
171293,1,1,1987,0,17,0,0,10,0,10,0,13,0
171293,2,1,1987,0,0,0,11,0,0,0,0,0,6
171293,3,1,1987,0,12,8,3,0,0,22,0,0,0
171294,1,1,1987,0,0,0,0,0,0,0,0,0,0
171294,2,1,1987,0,0,0,0,0,0,0,0,0,0
171295,1,1,1987,0,0,19,0,0,0,0,0,0,0
171295,2,1,1987,0,0,0,0,0,0,0,0,0,0
171296,1,1,1987,0,0,0,0,0,0,0,7,20,0
171297,1,1,1987,0,0,0,0,0,0,0,0,0,0
171298,0,1,1987,0,0,11,0,0,0,0,0,20,0
171298,1,1,1987,0,0,0,0,0,0,0,14,0,0
171299,1,1,1987,18,18,18,18,18,18,18,18,18,18
171299,2,1,1987,0,0,4,5,0,0,0,0,5,0
171300,1,1,1987,19,19,19,19,19,19,19,19,19,19
171301,1,1,1987,29,29,29,29,29,29,29,29,29,29
171302,1,1,1987,17,17,17,17,17,17,17,17,17,17
171304,1,1,1987,9,9,9,9,9,9,9,9,9,9
171305,1,1,1987,14,14,14,14,14,14,14,14,14,14
171306,1,1,1987,22,19,7,33,17,14,12,8,11,24
171306,2,1,1987,0,18,0,0,0,0,0,0,0,0
171307,0,1,1987,0,0,0,0,0,0,0,0,0,0
171307,1,1,1987,0,0,0,0,0,0,0,0,0,0
171308,0,1,1987,0,0,0,0,0,0,0,0,0,0
171308,1,1,1987,0,0,0,0,0,0,0,0,0,14
171309,1,1,1987,0,0,0,0,0,0,0,0,0,0
171309,2,1,1987,0,0,0,0,0,0,0,0,0,0
171310,0,1,1987,20,20,20,20,20,20,20,20,20,20
171310,1,1,1987,0,0,0,0,0,0,0,0,0,0
171311,2,1,1987,0,0,0,0,0,0,0,0,0,0
171312,1,1,1987,22,22,22,22,22,22,22,22,22,22
171313,1,1,1987,0,0,0,0,0,0,0,0,0,0
171314,0,1,1987,0,0,0,0,0,0,0,0,0,0
171314,1,1,1987,0,0,0,0,0,0,0,0,0,9
171315,1,1,1987,17,17,17,17,17,17,17,17,17,17
171317,1,1,1987,0,0,0,0,0,0,0,0,0,0
171318,1,1,1987,15,30,9,33,6,0,22,7,12,23
171319,0,1,1987,7,7,7,7,7,7,7,7,7,7
171319,1,1,1987,0,0,0,13,0,0,0,0,0,0
171319,2,1,1987,0,0,0,0,0,10,0,0,0,0
171320,1,1,1987,27,27,27,27,27,27,27,27,27,27
171321,1,1,1987,21,21,21,21,21,21,21,21,21,21
171321,2,1,1987,0,0,0,0,0,0,0,0,0,0
171322,1,1,1987,0,0,0,0,0,0,0,0,0,0
171322,2,1,1987,8,0,0,0,0,0,0,0,0,0
171323,1,1,1987,12,12,12,12,12,12,12,12,12,12
171323,2,1,1987,0,0,0,0,0,0,0,0,0,0
171324,1,1,1987,0,0,0,0,0,0,0,0,0,0
171325,1,1,1987,0,0,0,0,0,0,13,0,0,0
171325,2,1,1987,0,0,0,0,0,0,0,0,5,0
171326,1,1,1987,24,24,24,24,24,24,24,24,24,24
171327,1,1,1987,0,12,0,0,0,0,0,0,0,0
171327,2,1,1987,0,0,0,0,0,0,0,0,0,0
171328,1,1,1987,16,0,0,13,11,0,0,0,0,0
171329,0,1,1987,0,0,0,0,0,0,0,0,0,0
171329,1,1,1987,0,0,0,0,0,0,0,0,0,0
171330,1,1,1987,0,8,0,0,0,0,0,3,0,0
171330,2,1,1987,0,0,0,0,0,0,0,0,0,0
171331,1,1,1987,0,0,0,0,0,0,0,0,0,0
171331,2,1,1987,13,0,0,0,0,0,0,0,0,0
171332,1,1,1987,0,0,0,0,0,0,0,0,0,0
171332,2,1,1987,0,0,0,0,0,0,0,0,0,0
171333,0,1,1987,0,0,0,0,0,0,0,0,0,0
171333,1,1,1987,0,0,0,0,0,0,0,0,0,0
171334,1,1,1987,25,25,25,25,25,25,25,25,25,25
171335,0,1,1987,0,0,0,0,19,0,0,0,0,6
171335,1,1,1987,0,8,0,0,0,0,0,0,0,0
171336,0,1,1987,0,0,0,0,0,0,0,0,0,0
171336,1,1,1987,0,13,0,0,0,0,0,0,0,0
171336,2,1,1987,0,0,9,0,0,0,0,0,0,0
171337,0,1,1987,26,0,0,0,0,0,0,0,13,0
171337,1,1,1987,0,0,13,0,0,0,0,0,0,4
171338,0,1,1987,32,32,32,32,32,32,32,32,32,32
171338,1,1,1987,13,0,0,0,0,0,0,0,0,0
171339,1,1,1987,11,11,11,11,11,11,11,11,11,11
171340,1,1,1987,0,0,0,0,0,0,0,0,0,0
171340,2,1,1987,0,0,16,0,0,28,0,0,15,12
171341,1,1,1987,0,0,0,0,0,0,0,0,0,0
171342,1,1,1987,9,9,9,9,9,9,9,9,9,9
171343,1,1,1987,0,0,0,0,0,0,0,0,0,0
171343,2,1,1987,0,0,0,0,0,0,0,0,0,0
171344,1,1,1987,0,0,0,0,0,0,0,0,0,0
171344,2,1,1987,0,0,0,0,0,0,0,0,0,0
171345,0,1,1987,10,0,0,0,0,0,0,0,0,18
171345,1,1,1987,14,0,0,0,0,0,0,0,11,0
171346,1,1,1987,29,29,29,29,29,29,29,29,29,29
171347,0,1,1987,0,10,0,9,0,0,0,0,0,10
171347,1,1,1987,0,0,0,14,0,0,0,0,0,0
171348,1,1,1987,0,0,0,0,0,0,0,0,0,0
171349,0,1,1987,0,0,0,0,0,0,0,0,0,0
171349,1,1,1987,12,0,0,0,0,0,0,0,0,7
171350,1,1,1987,10,0,0,12,0,0,0,19,0,27
171351,0,1,1987,0,0,0,0,0,0,0,0,0,0
171351,1,1,1987,0,0,0,0,0,0,0,0,0,0
171352,1,1,1987,0,0,28,0,0,0,0,0,0,0
171352,2,1,1987,0,0,0,0,0,0,0,0,0,0
171353,1,1,1987,0,0,0,0,0,0,0,0,0,0
171353,2,1,1987,0,0,0,0,0,0,13,0,0,0
171354,1,1,1987,0,0,0,0,0,39,0,33,0,0
171355,1,1,1987,14,14,14,14,14,14,14,14,14,14
171356,1,1,1987,9,16,17,12,10,18,6,6,10,12
171357,1,1,1987,13,13,13,13,13,13,13,13,13,13
171358,1,1,1987,0,0,4,0,0,0,0,12,0,0
171358,2,1,1987,0,0,0,0,0,0,0,0,0,0
171359,1,1,1987,0,0,0,0,0,0,0,0,4,0
171359,2,1,1987,0,0,0,0,0,0,0,0,0,0
171360,1,1,1987,4,0,0,0,18,0,0,0,0,0
171360,2,1,1987,13,13,13,13,13,13,13,13,13,13
171360,3,1,1987,24,0,11,0,0,0,0,0,0,0
171360,4,1,1987,0,0,0,0,0,0,0,0,0,0
171361,1,1,1987,25,12,22,26,7,16,18,19,17,16
171361,2,1,1987,0,0,0,0,0,0,0,0,0,0