ST_CASE,VEH_NO,PER_NO,YEAR,P1,P2,P3,P4,P5,P6,P7,P8,P9,P10
171362,1,1,1987,24,24,24,24,24,24,24,24,24,24
171362,2,1,1987,0,0,0,0,0,0,0,0,0,0
171363,1,1,1987,15,18,16,16,20,0,11,17,14,17
171364,1,1,1987,0,0,0,0,0,0,0,0,0,0
171365,1,1,1987,0,0,0,0,0,0,0,0,0,0
171366,1,1,1987,17,17,17,17,17,17,17,17,17,17
171367,0,1,1987,7,7,7,7,7,7,7,7,7,7
171367,1,1,1987,0,0,0,10,0,0,0,0,0,0
171368,1,1,1987,0,0,0,0,0,0,0,0,0,0
171368,2,1,1987,0,0,0,0,0,0,0,0,0,0
171369,1,1,1987,0,0,0,0,0,0,0,0,0,0
171370,0,1,1987,0,0,0,0,0,0,0,0,0,0
171370,1,1,1987,0,0,0,0,0,0,0,0,0,0
171371,1,1,1987,0,0,0,0,0,0,0,0,0,0
171371,2,1,1987,0,0,0,0,0,0,0,0,7,0
171372,0,1,1987,0,0,0,0,0,0,0,0,0,0
171372,1,1,1987,0,0,0,0,0,0,16,0,0,0
171373,0,1,1987,5,5,5,5,5,5,5,5,5,5
171373,1,1,1987,0,0,0,0,0,11,0,21,0,0
171374,1,1,1987,38,38,38,38,38,38,38,38,38,38
171375,1,1,1987,0,0,0,0,0,0,0,0,0,0
171375,2,1,1987,0,0,0,0,0,0,0,0,0,0
171376,1,1,1987,0,0,0,0,0,0,0,0,0,0
171376,2,1,1987,0,0,0,0,0,0,0,20,0,0
171377,0,1,1987,0,0,0,0,0,0,0,0,0,0
171377,1,1,1987,0,0,0,0,0,0,0,0,0,0
171378,1,1,1987,0,15,0,8,0,0,0,0,0,0
171379,1,1,1987,10,22,22,6,0,9,13,21,0,11
171380,1,1,1987,0,0,0,0,0,0,0,0,0,0
171380,2,1,1987,0,0,0,0,0,0,0,0,0,0
171380,3,1,1987,0,0,0,0,0,0,0,0,0,0
171381,0,1,1987,0,0,0,0,0,10,0,0,21,0
171381,1,1,1987,0,0,0,17,0,0,0,0,0,0
171382,1,1,1987,0,0,0,0,0,0,0,0,0,0
171383,1,1,1987,27,27,27,27,27,27,27,27,27,27
171384,1,1,1987,19,12,13,0,6,14,18,8,17,9
171384,2,1,1987,27,6,0,17,0,0,21,0,10,18
171385,1,1,1987,0,0,0,0,0,0,0,0,0,0
171386,0,1,1987,0,0,0,0,0,0,0,0,0,0
171386,1,1,1987,22,22,22,22,22,22,22,22,22,22
171387,1,1,1987,29,29,29,29,29,29,29,29,29,29
171388,1,1,1987,0,0,0,0,0,0,0,0,0,0
171389,1,1,1987,12,12,12,12,12,12,12,12,12,12
171389,2,1,1987,0,0,0,0,0,0,0,0,0,0
171390,1,1,1987,11,11,11,11,11,11,11,11,11,11
171391,2,1,1987,0,0,0,0,0,0,0,0,0,0
171392,1,1,1987,0,0,0,0,0,0,0,0,0,0
171392,2,1,1987,0,0,19,0,0,0,0,0,0,0
171393,1,1,1987,0,0,0,0,0,0,0,0,0,0
171393,2,1,1987,0,0,0,0,0,0,0,0,0,0
171393,3,1,1987,0,0,0,0,0,0,0,0,0,0
171394,1,1,1987,22,16,30,10,0,8,20,6,5,17
171395,0,1,1987,0,0,0,0,0,0,0,0,0,0
171395,1,1,1987,0,0,0,0,0,0,0,0,19,0
171396,0,1,1987,33,33,33,33,33,33,33,33,33,33
171396,1,1,1987,0,0,7,0,0,0,0,0,0,0
171397,1,1,1987,20,20,20,20,20,20,20,20,20,20
171398,1,1,1987,0,0,0,0,0,0,0,0,0,0
171398,2,1,1987,0,0,0,0,0,0,0,0,0,0
171399,1,1,1987,16,16,16,16,16,16,16,16,16,16
171399,2,1,1987,0,19,0,0,10,0,0,0,0,0
171400,0,1,1987,7,7,7,7,7,7,7,7,7,7
171400,1,1,1987,0,0,0,0,0,0,0,0,0,0
171401,1,1,1987,0,0,0,0,0,0,0,0,0,0
171401,2,1,1987,0,0,0,0,0,0,0,0,0,0
171402,1,1,1987,18,18,18,18,18,18,18,18,18,18
171403,1,1,1987,0,0,0,0,0,0,0,0,0,0
171403,2,1,1987,0,0,0,0,0,0,0,0,0,0
171404,1,1,1987,20,20,20,20,20,20,20,20,20,20
171405,1,1,1987,0,0,0,0,0,0,0,0,0,0
171405,2,1,1987,0,0,0,0,0,0,0,0,0,0
171406,1,1,1987,20,20,20,20,20,20,20,20,20,20
171406,2,1,1987,0,0,0,0,0,0,0,0,0,0
171407,1,1,1987,28,28,28,28,28,28,28,28,28,28
171408,0,1,1987,0,0,0,0,0,0,0,0,26,0
171408,1,1,1987,0,0,8,0,0,0,0,0,0,0
171409,1,1,1987,18,18,18,18,18,18,18,18,18,18
171410,1,1,1987,0,0,0,0,0,0,0,0,0,0
171410,2,1,1987,0,0,0,0,0,0,0,0,0,0
171412,1,1,1987,13,13,13,13,13,13,13,13,13,13
171412,2,1,1987,10,10,10,10,10,10,10,10,10,10
171413,1,1,1987,0,0,0,0,0,0,0,0,0,0
171413,2,1,1987,0,0,0,0,8,0,0,0,0,0
171414,1,1,1987,19,19,19,19,19,19,19,19,19,19
171415,0,1,1987,20,20,20,20,20,20,20,20,20,20
171415,1,1,1987,17,0,0,0,0,21,9,26,0,0
171416,1,1,1987,26,26,26,26,26,26,26,26,26,26
171416,2,1,1987,0,0,0,0,0,0,0,0,0,0
171417,1,1,1987,8,8,8,8,8,8,8,8,8,8
171418,0,1,1987,21,21,21,21,21,21,21,21,21,21
171418,1,1,1987,24,0,8,0,0,0,0,9,0,0
171419,0,1,1987,0,0,0,0,0,0,0,0,0,0
171419,1,1,1987,0,0,9,0,0,0,0,0,0,0
171420,1,1,1987,23,23,23,23,23,23,23,23,23,23
171420,2,1,1987,0,0,0,0,0,0,0,0,0,0
171421,1,1,1987,0,0,0,0,0,0,0,0,0,0
171422,1,1,1987,0,0,0,0,0,0,0,0,0,0
171422,2,1,1987,0,0,0,0,0,0,0,0,0,0
171423,1,1,1987,0,18,0,0,0,0,12,9,0,0
171424,1,1,1987,0,0,0,0,0,0,0,0,0,0
171424,2,1,1987,0,0,0,0,0,0,0,0,0,0
171425,0,1,1987,29,29,29,29,29,29,29,29,29,29
171425,1,1,1987,0,0,41,23,15,25,11,17,7,0
171426,1,1,1987,0,0,0,0,0,0,0,0,0,0
171427,0,1,1987,0,0,0,0,0,0,0,0,0,0
171427,1,1,1987,0,0,0,0,0,0,0,0,0,0
171427,2,1,1987,0,0,0,0,0,0,0,0,0,0
171428,1,1,1987,26,26,26,26,26,26,26,26,26,26
171429,1,1,1987,0,0,0,0,0,0,0,0,0,0
171430,1,1,1987,0,0,0,0,0,0,0,0,0,0
171430,2,1,1987,24,24,24,24,24,24,24,24,24,24
171431,1,1,1987,0,9,24,20,6,12,0,11,0,0
171432,1,1,1987,35,35,35,35,35,35,35,35,35,35
171432,2,1,1987,0,0,0,0,0,0,0,0,0,0
171433,1,2,1987,0,0,0,0,0,0,0,0,0,0
171434,1,1,1987,0,0,0,0,0,0,0,0,0,0
171435,1,1,1987,0,0,0,0,0,0,0,0,0,0
171436,1,1,1987,0,6,0,0,0,0,0,0,0,0
171436,2,1,1987,0,0,0,0,0,0,0,0,0,0
171437,1,1,1987,28,28,28,28,28,28,28,28,28,28
171437,2,1,1987,17,0,0,0,0,0,0,0,12,0
171439,1,1,1987,0,0,0,0,0,0,0,0,0,0
171440,1,1,1987,10,10,10,10,10,10,10,10,10,10
171441,1,1,1987,14,14,14,14,14,14,14,14,14,14
171442,1,1,1987,0,0,0,0,0,0,0,0,0,0
171442,2,1,1987,0,0,0,0,0,0,0,0,0,0
171443,1,1,1987,0,0,0,0,0,0,0,0,0,0
171443,2,1,1987,0,0,0,6,0,0,0,10,0,0
171444,1,1,1987,0,0,0,0,0,0,0,0,5,0
171444,2,1,1987,0,0,0,0,0,0,0,0,0,0
171445,1,1,1987,17,16,42,10,0,0,12,19,21,19
171445,2,1,1987,0,0,0,0,0,0,0,0,0,0
171446,1,1,1987,0,0,18,0,0,0,0,0,0,0
171446,2,1,1987,0,0,0,0,0,0,0,0,0,0
171446,3,1,1987,0,0,0,0,0,0,0,0,0,0
171446,4,1,1987,0,0,0,0,0,0,0,0,0,0
171446,5,1,1987,0,0,0,0,0,0,0,0,0,0
171447,0,1,1987,0,0,0,0,0,0,0,0,0,0
171447,1,1,1987,0,0,0,0,0,0,0,0,0,0
171448,1,1,1987,22,22,22,22,22,22,22,22,22,22
171448,2,1,1987,0,0,0,0,0,0,0,0,0,0
171449,0,1,1987,21,21,21,21,21,21,21,21,21,21
171449,1,1,1987,0,0,0,6,0,0,0,0,0,0
171450,1,1,1987,13,13,13,13,13,13,13,13,13,13
171452,1,1,1987,11,11,11,11,11,11,11,11,11,11
171453,1,1,1987,19,19,19,19,19,19,19,19,19,19
171453,2,1,1987,0,0,0,0,0,0,2,0,0,0
171454,1,1,1987,0,0,0,0,0,0,0,0,0,0
171454,2,1,1987,0,0,0,0,0,0,0,0,0,0
171455,1,1,1987,18,18,18,18,18,18,18,18,18,18
171456,1,1,1987,19,19,19,19,19,19,19,19,19,19
171457,1,1,1987,0,0,0,0,0,0,0,0,0,0
171457,2,1,1987,0,0,0,0,0,0,0,0,0,0
171457,3,1,1987,0,0,0,0,0,0,0,0,0,0
171458,1,1,1987,0,0,0,0,0,0,0,0,0,0
171458,2,1,1987,0,7,0,0,0,0,0,0,0,0
171459,1,1,1987,19,19,19,19,19,19,19,19,19,19
171460,1,1,1987,5,5,5,5,5,5,5,5,5,5
171461,1,1,1987,0,0,0,0,0,0,0,0,0,0
171461,2,1,1987,0,0,0,0,0,0,0,0,0,0
171462,1,1,1987,0,0,0,0,0,0,0,0,0,0
171462,2,1,1987,0,0,0,0,0,0,0,0,0,0
171463,1,1,1987,11,11,11,11,11,11,11,11,11,11
171463,2,1,1987,0,0,0,0,9,0,0,0,0,0
171464,0,1,1987,0,0,0,0,0,0,0,0,0,0
171464,1,1,1987,0,0,0,0,0,0,0,0,0,0
171465,1,1,1987,0,0,0,0,0,0,0,0,0,0
171466,0,1,1987,0,0,0,0,0,0,0,0,0,0
171466,1,1,1987,0,19,0,0,0,0,0,0,0,0
171467,0,1,1987,0,0,0,0,0,0,0,0,0,0
171467,1,1,1987,0,0,0,0,0,0,0,0,0,0
171468,1,1,1987,0,0,0,0,0,0,0,0,0,0
171468,2,1,1987,0,0,0,0,0,0,0,0,0,0
171469,1,1,1987,34,17,9,27,0,24,14,22,16,19
171470,1,1,1987,33,33,33,33,33,33,33,33,33,33
171471,1,1,1987,27,27,27,27,27,27,27,27,27,27
171471,2,1,1987,0,0,0,0,0,0,0,0,0,0
171472,1,1,1987,13,13,13,13,13,13,13,13,13,13
171473,1,1,1987,25,25,25,25,25,25,25,25,25,25
171473,2,1,1987,0,0,0,0,0,0,0,0,0,0
171474,1,1,1987,21,21,21,21,21,21,21,21,21,21
171475,1,1,1987,19,19,19,19,19,19,19,19,19,19
171475,2,1,1987,8,9,5,0,24,9,4,27,17,0
171476,0,1,1987,26,26,26,26,26,26,26,26,26,26
171476,1,1,1987,0,0,0,0,0,0,0,13,0,0
171477,1,1,1987,17,0,43,24,10,10,9,10,0,21
171478,0,1,1987,0,0,0,0,0,0,0,0,0,0
171478,1,1,1987,0,0,0,0,0,0,0,0,0,0
171479,1,1,1987,0,0,0,0,0,0,0,0,0,0
171479,2,1,1987,0,0,0,0,0,0,0,0,0,0
171480,1,1,1987,0,0,0,13,0,25,0,0,0,0
171480,2,1,1987,0,0,0,0,0,0,0,0,0,0
171481,0,1,1987,0,0,0,0,0,0,0,0,10,0
171481,1,1,1987,0,0,0,0,0,0,0,0,0,0
171482,1,1,1987,0,0,0,0,0,0,0,0,0,0
171482,2,1,1987,0,0,0,0,0,0,0,0,0,0
171483,1,1,1987,0,0,0,0,0,0,0,0,0,0
171483,2,1,1987,0,0,0,0,0,0,0,0,0,0
171484,1,1,1987,24,24,24,24,24,24,24,24,24,24
171485,1,1,1987,5,5,5,5,5,5,5,5,5,5
171486,1,1,1987,0,0,0,0,0,0,0,0,0,0
171486,2,1,1987,0,0,0,7,0,0,0,0,0,0
171486,3,1,1987,0,0,14,0,0,0,0,0,0,0
171486,4,1,1987,0,0,0,0,0,0,0,0,0,0
171487,1,1,1987,10,10,10,10,10,10,10,10,10,10
171488,1,1,1987,0,0,0,0,0,0,0,0,0,0
171488,2,1,1987,0,0,0,0,0,0,0,0,0,10
171489,1,1,1987,0,22,0,0,0,0,0,0,0,0
171490,1,1,1987,0,0,0,0,4,0,0,0,0,0
171491,1,1,1987,0,0,0,0,0,0,0,0,0,0
171492,0,1,1987,9,9,9,9,9,9,9,9,9,9
171492,0,2,1987,10,7,14,1,0,0,0,0,0,0
171492,0,3,1987,15,0,0,0,0,5,0,0,9,0
171492,0,4,1987,0,0,7,5,0,0,0,0,0,0
171492,1,1,1987,0,15,0,0,18,0,21,20,17,17
171493,1,1,1987,35,35,35,35,35,35,35,35,35,35
171493,2,1,1987,0,0,0,0,0,0,0,0,0,0
171494,0,1,1987,0,0,0,0,0,0,19,13,0,3
171494,1,1,1987,0,0,0,0,0,0,0,0,0,0
171495,0,1,1987,0,0,0,0,0,0,0,0,0,0
171495,1,1,1987,0,0,0,0,0,0,0,0,0,0
171496,0,1,1987,7,7,7,7,7,7,7,7,7,7
171496,1,1,1987,0,0,11,17,0,0,0,0,11,0
171497,0,1,1987,0,0,0,0,0,0,0,0,0,0
171497,0,2,1987,40,30,14,15,13,15,2,27,16,0
171497,1,1,1987,0,28,0,0,15,0,0,13,0,15
171498,0,1,1987,0,0,0,0,0,0,0,0,0,0
171498,1,1,1987,12,24,17,14,7,22,15,3,14,11
171499,1,1,1987,0,0,0,0,0,0,0,0,0,12
171501,0,1,1987,0,0,0,0,0,0,0,0,0,0
171501,1,1,1987,0,11,0,9,0,0,0,0,0,0
171501,3,1,1987,0,0,0,0,0,0,0,0,0,0
171502,0,1,1987,22,22,22,22,22,22,22,22,22,22
171502,0,2,1987,15,8,19,14,0,0,14,0,29,0
171502,1,1,1987,0,0,0,0,0,0,0,0,0,0
171503,1,1,1987,1,1,1,1,1,1,1,1,1,1
171503,2,1,1987,0,0,12,0,0,0,0,0,0,0
171504,1,1,1987,18,18,18,18,18,18,18,18,18,18
171505,1,1,1987,24,0,0,19,0,0,26,0,0,0
171505,2,1,1987,0,0,0,0,0,0,0,0,0,0
171505,3,1,1987,0,0,0,0,0,0,0,0,0,0
171506,0,1,1987,0,15,0,0,0,25,0,0,0,20
171506,1,1,1987,23,23,23,23,23,23,23,23,23,23
171507,0,1,1987,0,0,0,0,0,0,0,0,0,0
171507,1,1,1987,0,0,0,0,0,0,0,0,0,0
171508,1,1,1987,0,0,0,0,0,0,0,0,0,0
171508,2,1,1987,0,0,0,0,0,0,0,0,0,0
171509,0,1,1987,0,0,0,0,0,0,3,0,0,0
171509,1,1,1987,0,0,0,0,0,0,0,0,0,18
171509,2,1,1987,0,0,0,0,0,0,0,0,0,0
171509,3,1,1987,0,0,0,22,0,0,0,0,14,0
171509,4,1,1987,0,0,0,0,0,0,0,0,0,0
171509,5,1,1987,0,0,0,0,0,0,0,0,0,0
171512,1,1,1987,0,0,0,0,0,0,0,0,0,0
171512,2,1,1987,0,0,0,0,0,0,0,0,0,0
180001,1,1,1987,0,0,0,0,0,0,0,0,0,0
180001,2,1,1987,0,0,0,0,0,0,0,0,0,0
180002,1,1,1987,0,0,0,0,0,0,0,0,0,0
180003,1,1,1987,20,20,20,20,20,20,20,20,20,20
180003,2,1,1987,0,0,0,0,0,0,0,0,0,0
180004,1,1,1987,5,5,5,5,5,5,5,5,5,5
180005,1,1,1987,0,0,0,0,0,0,0,0,0,0
180005,2,1,1987,0,0,0,0,0,0,0,0,0,0
180006,1,1,1987,20,20,20,20,20,20,20,20,20,20
180007,1,1,1987,0,0,0,0,0,0,0,0,0,0
180007,2,1,1987,0,0,0,0,0,0,0,0,0,0
180008,1,1,1987,0,0,0,0,0,0,0,0,0,0
180008,2,1,1987,0,0,0,0,0,0,0,0,0,0
180009,1,1,1987,0,0,0,0,0,0,0,0,0,0
180010,0,1,1987,0,0,0,0,0,0,0,0,0,0
180010,1,1,1987,0,0,0,0,0,0,0,0,0,0
180010,2,1,1987,0,0,0,0,0,0,0,0,0,0
180010,3,1,1987,0,0,0,0,0,0,0,0,0,0
180010,5,1,1987,0,0,0,0,0,0,0,0,0,0
180010,6,1,1987,0,0,0,0,0,0,0,0,0,0
180011,1,1,1987,0,0,0,0,0,0,0,0,0,0
180011,2,1,1987,0,0,0,0,0,0,0,0,0,0
180012,0,1,1987,0,0,0,0,0,0,0,0,0,0
180012,1,1,1987,0,0,0,0,0,0,0,0,0,0
180013,0,1,1987,0,0,0,0,0,0,0,0,0,0
180013,1,1,1987,0,0,0,0,0,0,0,0,0,0
180014,1,1,1987,0,0,0,0,0,0,0,0,0,0
180014,2,1,1987,0,0,0,0,0,0,0,0,0,0
180015,1,1,1987,0,0,0,0,0,0,0,0,0,0
180015,2,1,1987,0,0,0,0,0,0,0,0,0,0
180016,1,1,1987,0,0,0,0,0,0,0,0,0,0
180017,0,1,1987,0,0,0,0,0,0,0,0,0,0
180017,1,1,1987,0,0,0,0,0,0,0,0,0,0
180018,1,1,1987,10,10,10,10,10,10,10,10,10,10
180019,1,1,1987,19,19,19,19,19,19,19,19,19,19
180020,1,1,1987,0,0,0,0,0,0,0,9,0,0
180020,2,1,1987,0,0,0,0,0,0,0,0,0,0
180021,1,1,1987,0,0,0,19,0,0,16,0,0,36
180021,2,1,1987,0,0,0,0,0,0,0,0,0,0
180022,1,1,1987,0,0,0,0,0,0,0,0,0,0
180022,2,1,1987,0,0,0,0,0,0,0,0,0,0
180023,1,1,1987,0,0,0,0,0,0,0,0,0,0
180023,2,1,1987,0,0,0,0,0,0,0,0,0,0
180024,1,1,1987,23,23,23,23,23,23,23,23,23,23
180025,1,1,1987,2,2,2,2,2,2,2,2,2,2
180026,1,1,1987,15,15,15,15,15,15,15,15,15,15
180027,1,1,1987,0,0,0,0,0,0,0,0,0,0
180027,2,1,1987,0,0,0,0,0,0,0,0,0,0
180028,1,1,1987,0,0,0,0,0,0,0,0,0,0
180028,2,1,1987,0,0,0,0,0,0,0,0,0,0
180029,1,1,1987,0,0,0,0,0,0,0,0,0,0
180029,2,1,1987,0,0,0,0,0,0,0,0,0,0
180030,1,1,1987,0,0,0,0,0,0,0,0,0,0
180031,1,1,1987,8,8,8,8,8,8,8,8,8,8
180032,1,1,1987,0,0,0,0,0,0,0,0,0,0
180033,1,1,1987,16,16,16,16,16,16,16,16,16,16
180034,1,1,1987,0,0,0,0,0,0,0,0,0,0
180035,1,1,1987,18,18,18,18,18,18,18,18,18,18
180035,2,1,1987,0,0,0,0,0,0,0,0,0,0
180035,3,1,1987,0,0,0,0,0,0,0,0,0,0
180036,1,1,1987,0,0,0,0,0,0,0,0,0,0
180036,2,1,1987,0,0,0,0,0,0,0,0,0,0
180037,1,1,1987,0,0,0,0,0,0,0,0,0,0
180037,2,1,1987,0,0,0,0,0,0,0,0,0,0
180038,1,1,1987,0,0,0,0,0,0,0,0,0,0
180038,2,1,1987,0,0,0,0,0,0,0,0,0,0
180039,1,1,1987,0,0,0,0,0,0,0,0,0,0
180039,2,1,1987,0,0,0,0,0,0,0,0,0,0
180040,1,1,1987,0,22,0,0,14,0,0,0,0,0
180040,2,1,1987,0,0,0,0,0,0,0,0,0,0
180041,1,1,1987,0,0,0,0,0,0,0,0,0,0
180041,2,1,1987,24,24,24,24,24,24,24,24,24,24
180042,1,1,1987,18,18,18,18,18,18,18,18,18,18
180043,1,1,1987,0,0,0,0,0,0,0,0,0,0
180043,2,1,1987,0,0,0,0,0,0,0,0,0,0
180044,1,1,1987,0,0,0,0,0,0,0,0,0,0
180044,2,1,1987,0,0,0,0,0,0,0,0,0,0
180045,1,1,1987,18,18,18,18,18,18,18,18,18,18
180046,1,1,1987,13,0,0,26,8,0,0,7,0,0
180047,1,1,1987,0,0,0,0,0,0,0,0,0,0
180047,2,1,1987,0,0,0,0,0,0,0,0,0,0
180047,3,1,1987,0,0,0,0,0,0,0,0,0,0
180048,0,1,1987,0,0,0,0,0,0,0,0,0,0
180048,1,1,1987,6,6,6,6,6,6,6,6,6,6
180049,1,1,1987,0,0,0,0,0,0,0,0,0,0
180049,2,1,1987,0,0,0,0,0,0,0,0,0,0
180050,1,1,1987,0,0,25,0,0,0,0,0,0,0
180050,2,1,1987,0,0,0,0,0,0,0,0,0,0
180050,3,1,1987,0,0,0,0,0,0,0,0,8,0
180051,0,1,1987,0,0,0,0,0,0,0,0,0,0
180051,1,1,1987,0,0,0,0,0,0,0,0,0,0
180052,0,1,1987,0,0,0,0,0,0,0,0,0,0
180052,1,1,1987,0,0,0,0,0,0,0,0,0,0
180053,1,1,1987,0,0,0,0,0,0,0,0,0,0
180054,1,1,1987,0,0,0,0,0,0,0,0,0,0
180054,2,1,1987,22,22,22,22,22,22,22,22,22,22
180054,3,1,1987,0,0,0,0,0,0,0,0,0,0
180056,1,1,1987,22,22,22,22,22,22,22,22,22,22
180057,1,1,1987,11,11,11,11,11,11,11,11,11,11
180058,1,1,1987,22,22,22,22,22,22,22,22,22,22
180058,2,1,1987,0,0,0,19,0,0,0,28,0,0
180059,1,1,1987,1,1,1,1,1,1,1,1,1,1
180059,2,1,1987,22,22,22,22,22,22,22,22,22,22
180060,0,1,1987,8,8,8,8,8,8,8,8,8,8
180060,1,1,1987,15,15,15,15,15,15,15,15,15,15
180061,1,1,1987,1,1,1,1,1,1,1,1,1,1
180062,0,1,1987,0,0,0,0,0,0,0,0,0,0
180062,1,1,1987,0,0,0,0,0,0,0,0,0,0
180063,1,1,1987,0,0,0,0,0,0,0,0,0,0
180064,1,1,1987,0,0,0,0,0,0,0,0,0,0
180064,2,1,1987,0,0,0,0,0,0,0,0,0,0
180065,1,1,1987,0,0,0,0,0,0,0,0,0,0
180065,2,1,1987,0,0,0,0,0,0,0,0,0,0
180065,3,1,1987,0,0,0,0,0,0,0,0,0,0
180065,4,1,1987,0,0,0,0,0,0,0,0,0,0
180066,0,1,1987,0,0,0,0,0,0,0,0,0,0
180066,1,1,1987,0,0,0,0,0,0,0,0,0,0
180067,0,1,1987,0,0,0,0,2,0,0,0,0,0
180067,1,1,1987,0,0,0,0,0,0,0,0,0,0
180068,0,1,1987,0,0,0,0,0,0,0,0,0,0
180068,1,1,1987,0,0,0,0,0,0,0,0,0,0
180069,0,1,1987,0,0,0,0,0,0,0,0,0,0
180069,1,1,1987,0,0,0,0,0,0,0,0,24,0
180070,1,1,1987,0,0,0,0,0,0,0,0,0,0
180070,2,1,1987,0,0,0,0,0,0,0,0,0,0
180071,1,1,1987,9,9,9,9,9,9,9,9,9,9
180072,1,1,1987,0,0,0,0,0,0,0,0,0,0
180072,2,1,1987,0,7,0,0,0,0,0,0,0,0
180073,1,1,1987,42,42,42,42,42,42,42,42,42,42
180073,2,1,1987,0,0,0,0,0,0,0,0,0,0
180074,1,1,1987,10,10,10,10,10,10,10,10,10,10
180075,1,1,1987,2,2,2,2,2,2,2,2,2,2
180075,2,1,1987,0,0,0,0,0,0,0,0,0,0
180076,1,1,1987,12,12,12,12,12,12,12,12,12,12
180077,1,1,1987,0,0,0,0,0,0,0,0,0,0
180078,1,1,1987,0,0,0,0,0,0,0,0,0,0
180079,1,1,1987,27,27,27,27,27,27,27,27,27,27
180081,0,1,1987,0,0,0,0,0,0,0,0,0,0
180081,1,1,1987,0,0,0,0,0,0,0,0,0,0
180082,1,1,1987,0,0,0,0,0,0,0,0,0,0
180083,0,1,1987,0,0,0,0,0,0,0,0,0,0
180083,1,1,1987,0,0,0,0,0,0,0,0,0,0
180084,1,1,1987,24,24,24,24,24,24,24,24,24,24
180085,1,1,1987,0,0,0,0,0,0,0,0,0,0
180085,2,1,1987,0,0,0,0,0,0,0,0,0,0
180086,1,1,1987,33,33,33,33,33,33,33,33,33,33
180087,1,1,1987,29,29,29,29,29,29,29,29,29,29
180087,2,1,1987,0,0,0,0,0,0,0,0,0,0
180087,3,1,1987,0,9,0,0,0,0,0,0,0,0
180087,4,1,1987,0,0,0,0,0,0,0,0,0,0
180088,1,1,1987,0,0,0,0,0,0,0,0,0,0
180088,2,1,1987,0,0,0,0,0,0,0,0,0,0
180089,1,1,1987,0,0,0,0,0,0,0,0,0,0
180089,2,1,1987,0,0,0,0,0,0,0,0,0,0
180089,3,1,1987,0,0,0,0,0,10,0,0,0,0
180090,1,1,1987,29,29,29,29,29,29,29,29,29,29
180091,1,1,1987,0,0,0,0,0,0,0,0,0,0
180091,2,1,1987,0,0,0,0,0,0,0,0,0,0
180091,3,1,1987,0,0,0,0,0,0,0,0,0,0
180091,4,1,1987,0,0,0,0,0,0,0,0,0,0
180092,1,1,1987,0,0,0,0,0,0,0,0,0,0
180093,1,1,1987,0,0,0,0,0,0,0,0,0,0
180094,1,1,1987,19,21,11,7,13,21,15,17,7,6
180094,2,1,1987,2,2,2,2,2,2,2,2,2,2
180095,1,1,1987,0,0,0,0,0,0,0,0,0,0
180095,2,1,1987,1,1,1,1,1,1,1,1,1,1
180096,1,1,1987,18,18,18,18,18,18,18,18,18,18
180097,1,1,1987,0,0,0,0,0,0,0,0,11,0
180097,2,1,1987,0,0,0,0,0,0,0,0,8,0
180098,1,1,1987,4,4,4,4,4,4,4,4,4,4
180099,1,1,1987,0,0,0,0,0,0,0,0,0,0
180099,2,1,1987,0,0,0,0,0,0,0,0,0,0
180100,1,1,1987,18,0,0,0,0,0,0,0,0,0
180101,1,1,1987,0,0,11,0,0,0,0,0,0,0
180101,2,1,1987,0,0,0,0,0,0,0,0,0,0
180102,1,1,1987,7,7,7,7,7,7,7,7,7,7
180102,2,1,1987,2,2,2,2,2,2,2,2,2,2
180103,1,1,1987,41,41,41,41,41,41,41,41,41,41
180104,1,1,1987,13,3,6,11,15,8,30,4,18,4
180104,2,1,1987,4,4,4,4,4,4,4,4,4,4
180105,1,1,1987,28,28,28,28,28,28,28,28,28,28
180106,1,1,1987,0,0,0,0,0,0,0,8,0,0
180107,1,1,1987,0,0,0,0,0,0,0,0,0,0
180108,1,1,1987,15,15,15,15,15,15,15,15,15,15
180109,1,1,1987,24,0,0,0,0,0,0,0,0,0
180109,2,1,1987,0,0,0,0,0,0,0,0,0,0
180110,0,1,1987,0,0,0,0,0,0,0,0,0,0
180110,1,1,1987,0,0,0,0,0,0,0,0,0,0
180111,1,1,1987,24,24,24,24,24,24,24,24,24,24
180112,1,1,1987,19,19,19,19,19,19,19,19,19,19
180112,2,1,1987,0,0,0,0,0,0,0,0,0,0
180113,1,1,1987,0,0,0,0,0,0,0,0,0,0
180113,2,1,1987,0,0,0,0,0,0,0,0,0,0
180114,1,1,1987,25,25,25,25,25,25,25,25,25,25
180114,2,1,1987,0,0,0,0,0,0,0,0,0,0
180115,1,1,1987,0,0,0,0,0,0,0,0,0,0
180115,2,1,1987,0,0,0,0,0,0,0,0,0,0
180116,1,1,1987,15,15,15,15,15,15,15,15,15,15
180117,1,1,1987,15,15,15,15,15,15,15,15,15,15
180118,1,1,1987,20,13,9,39,21,16,12,9,9,20
180119,0,1,1987,22,22,22,22,22,22,22,22,22,22
180119,1,1,1987,0,0,0,0,0,0,0,0,0,0
180120,1,1,1987,0,0,0,0,0,0,0,0,0,0
180120,2,1,1987,0,0,0,0,0,0,0,0,0,0
180121,1,1,1987,0,0,0,0,0,0,0,0,0,0
180121,2,1,1987,0,0,0,0,0,0,0,0,0,0
180122,1,1,1987,0,3,0,0,0,0,0,0,0,0
180122,2,1,1987,0,0,0,0,0,0,0,0,0,0
180123,1,1,1987,0,0,0,0,0,0,0,0,0,0
180123,2,1,1987,0,0,0,0,0,0,0,0,0,0