ST_CASE,VEH_NO,PER_NO,YEAR,P1,P2,P3,P4,P5,P6,P7,P8,P9,P10
180421,1,1,1987,5,5,5,5,5,5,5,5,5,5
180422,1,1,1987,0,0,0,0,0,0,0,0,0,0
180424,1,1,1987,28,28,28,28,28,28,28,28,28,28
180425,1,1,1987,0,0,0,0,0,0,0,0,0,0
180425,2,1,1987,2,2,2,2,2,2,2,2,2,2
180426,1,1,1987,31,31,31,31,31,31,31,31,31,31
180426,2,1,1987,0,0,0,0,0,0,0,0,0,0
180427,1,1,1987,14,14,14,14,14,14,14,14,14,14
180428,1,1,1987,25,25,25,25,25,25,25,25,25,25
180428,2,1,1987,0,0,0,0,0,0,0,0,0,0
180428,3,1,1987,0,0,0,0,0,0,0,0,0,0
180429,1,1,1987,0,0,0,0,0,0,0,0,0,0
180429,2,1,1987,0,0,0,0,0,0,0,0,0,0
180430,0,1,1987,0,0,0,0,0,0,0,0,0,0
180430,1,1,1987,0,0,0,0,0,0,0,0,0,0
180431,1,1,1987,0,0,0,0,0,0,0,0,0,0
180431,2,1,1987,0,0,0,0,0,0,0,0,0,0
180432,1,1,1987,0,0,0,0,0,0,0,0,0,0
180432,2,1,1987,0,0,0,0,0,0,0,0,0,0
180433,1,1,1987,24,24,24,24,24,24,24,24,24,24
180434,1,1,1987,0,0,0,0,0,0,0,0,0,0
180434,2,1,1987,0,0,0,0,0,0,0,0,0,0
180435,1,1,1987,0,0,0,0,0,0,0,0,0,0
180436,1,1,1987,0,0,0,0,0,0,0,0,0,0
180437,1,1,1987,0,0,0,0,0,0,0,0,0,0
180438,0,1,1987,0,0,0,0,0,0,0,0,0,0
180438,1,1,1987,0,0,0,0,0,0,0,0,0,0
180438,2,1,1987,0,0,0,0,0,0,0,0,0,0
180439,1,1,1987,0,0,0,0,0,0,0,0,0,0
180439,2,1,1987,0,0,0,0,0,0,0,0,0,0
180440,1,1,1987,0,0,0,0,0,0,0,0,0,0
180440,2,1,1987,0,0,0,0,0,0,0,0,0,0
180441,1,1,1987,15,15,15,15,15,15,15,15,15,15
180442,1,1,1987,0,0,0,0,0,0,0,0,0,0
180442,2,1,1987,0,0,0,0,0,0,0,0,0,0
180443,0,1,1987,0,0,0,0,0,0,0,0,0,0
180443,1,1,1987,0,0,0,0,0,0,0,0,0,0
180444,1,1,1987,0,0,0,0,0,0,0,0,0,0
180444,2,1,1987,0,0,0,0,0,0,0,0,0,0
180445,1,1,1987,0,0,0,0,0,0,0,0,0,15
180446,1,1,1987,0,0,0,0,0,0,0,0,0,0
180446,2,1,1987,0,0,0,0,0,0,0,0,0,0
180447,0,1,1987,0,0,0,0,0,0,0,0,0,0
180447,1,1,1987,0,0,0,0,0,0,0,0,0,0
180449,1,1,1987,7,7,7,7,7,7,7,7,7,7
180449,2,1,1987,0,0,0,0,0,0,0,0,0,0
180450,1,1,1987,0,0,0,0,0,0,0,0,0,0
180450,2,1,1987,0,0,0,0,0,0,0,0,0,0
180451,0,1,1987,30,30,30,30,30,30,30,30,30,30
180451,1,1,1987,4,4,4,4,4,4,4,4,4,4
180452,1,1,1987,0,0,0,0,0,0,0,0,0,0
180452,2,1,1987,0,0,0,0,0,0,0,0,0,0
180453,1,1,1987,16,0,0,0,0,0,0,0,0,0
180454,1,1,1987,18,18,18,18,18,18,18,18,18,18
180454,2,1,1987,0,0,0,0,0,0,0,15,0,0
180454,3,1,1987,0,0,0,0,0,0,0,0,0,0
180455,1,1,1987,0,0,0,0,0,0,0,0,0,0
180455,2,1,1987,0,0,0,0,0,0,0,0,0,0
180456,1,1,1987,0,0,0,0,0,0,0,0,0,0
180456,2,1,1987,0,0,0,0,0,0,0,0,0,0
180457,1,1,1987,0,0,0,0,0,0,0,0,0,0
180457,2,1,1987,0,0,0,0,0,0,0,0,0,0
180458,1,1,1987,17,17,17,17,17,17,17,17,17,17
180458,2,1,1987,11,11,11,11,11,11,11,11,11,11
180459,1,1,1987,17,17,17,17,17,17,17,17,17,17
180459,2,1,1987,0,0,0,0,0,0,0,0,0,0
180460,1,1,1987,0,0,0,0,0,0,0,0,0,0
180460,2,1,1987,0,0,0,0,0,0,0,0,0,0
180461,1,1,1987,18,18,18,18,18,18,18,18,18,18
180461,2,1,1987,0,0,0,0,0,0,0,0,0,0
180461,3,1,1987,0,0,0,0,0,0,0,0,0,0
180461,4,1,1987,0,0,0,0,0,0,0,0,0,0
180462,1,1,1987,0,0,0,0,0,0,0,0,0,0
180463,1,1,1987,12,12,12,12,12,12,12,12,12,12
180463,2,1,1987,0,0,0,0,0,0,0,0,0,0
180464,1,1,1987,0,0,0,0,0,0,0,0,0,0
180464,2,1,1987,0,0,0,0,0,0,0,0,0,0
180465,1,1,1987,0,0,0,0,0,0,0,0,0,0
180465,2,1,1987,0,0,0,0,0,0,0,0,0,0
180466,0,1,1987,0,0,0,0,0,0,0,0,0,0
180466,1,1,1987,0,0,0,0,0,0,0,0,0,0
180467,0,1,1987,0,0,0,0,0,0,0,0,0,0
180467,1,1,1987,0,0,0,0,0,0,0,0,0,19
180468,1,1,1987,0,0,0,0,0,0,0,0,0,0
180468,2,1,1987,0,0,0,0,0,0,0,0,0,0
180469,1,1,1987,16,16,16,16,16,16,16,16,16,16
180470,1,1,1987,0,0,0,20,26,0,0,21,19,0
180471,1,1,1987,12,12,12,12,12,12,12,12,12,12
180472,1,1,1987,8,8,8,8,8,8,8,8,8,8
180472,2,1,1987,0,0,0,0,0,0,0,0,0,0
180473,0,1,1987,12,12,12,12,12,12,12,12,12,12
180473,1,1,1987,20,20,20,20,20,20,20,20,20,20
180474,1,1,1987,0,0,0,0,0,0,0,0,0,0
180476,1,1,1987,0,0,0,0,0,0,0,0,0,0
180477,1,1,1987,0,0,0,0,0,0,0,0,0,0
180477,2,1,1987,0,0,0,0,0,0,0,0,0,0
180478,1,1,1987,0,0,0,0,0,0,0,0,0,0
180478,2,1,1987,0,0,0,0,0,0,0,0,0,0
180478,3,1,1987,0,0,0,0,0,0,0,0,0,0
180479,1,1,1987,0,0,0,0,0,0,0,0,0,0
180479,2,1,1987,0,0,0,0,0,0,0,0,0,0
180480,1,1,1987,0,0,0,0,0,0,0,0,0,0
180481,1,1,1987,0,0,0,0,0,0,0,0,0,0
180481,2,1,1987,0,0,0,0,0,0,0,0,0,0
180482,1,1,1987,17,17,17,17,17,17,17,17,17,17
180483,1,1,1987,0,0,0,0,0,0,0,0,0,0
180484,1,1,1987,0,0,0,0,0,0,0,0,0,0
180485,1,1,1987,17,17,17,17,17,17,17,17,17,17
180486,1,1,1987,0,0,0,0,0,0,0,0,0,0
180486,2,1,1987,4,4,4,4,4,4,4,4,4,4
180487,1,1,1987,18,18,18,18,18,18,18,18,18,18
180488,1,1,1987,14,14,14,14,14,14,14,14,14,14
180488,2,1,1987,0,12,0,0,0,0,0,0,0,0
180489,0,1,1987,0,0,0,0,0,0,0,0,0,0
180489,1,1,1987,0,0,0,0,0,0,0,0,0,0
180490,1,1,1987,11,11,11,11,11,11,11,11,11,11
180491,0,1,1987,25,25,25,25,25,25,25,25,25,25
180491,1,1,1987,0,0,0,0,0,0,0,0,0,0
180492,1,1,1987,0,0,0,0,0,0,0,0,0,0
180492,2,1,1987,0,0,0,0,0,0,0,0,0,0
180493,1,1,1987,0,0,0,0,0,0,0,0,0,0
180493,2,1,1987,0,0,0,0,0,0,0,0,0,0
180493,3,1,1987,0,0,0,0,0,0,0,0,0,0
180494,1,1,1987,0,0,0,0,0,0,0,0,0,0
180494,2,1,1987,0,0,0,0,0,0,0,0,0,0
180495,1,1,1987,2,2,2,2,2,2,2,2,2,2
180496,1,1,1987,0,0,0,0,0,0,0,0,0,0
180496,2,1,1987,0,0,0,0,0,0,0,0,0,0
180497,1,1,1987,15,15,15,15,15,15,15,15,15,15
180498,1,1,1987,0,0,0,0,0,0,0,0,0,0
180498,2,1,1987,1,1,1,1,1,1,1,1,1,1
180499,1,1,1987,12,12,12,12,12,12,12,12,12,12
180500,1,1,1987,20,20,20,20,20,20,20,20,20,20
180501,1,1,1987,0,0,0,0,0,0,6,0,0,0
180501,2,1,1987,0,0,0,0,0,0,0,0,0,0
180502,1,1,1987,0,0,0,0,0,0,0,0,0,0
180503,1,1,1987,0,0,0,0,0,0,0,0,0,0
180504,1,1,1987,0,0,0,6,0,0,0,0,0,0
180504,2,1,1987,0,0,0,16,13,0,0,2,0,0
180505,1,1,1987,12,12,12,12,12,12,12,12,12,12
180505,2,1,1987,0,0,0,0,0,0,0,0,0,0
180506,1,1,1987,0,0,0,0,0,0,0,0,0,0
180506,2,1,1987,0,0,0,0,0,0,0,0,0,0
180507,1,1,1987,0,0,0,0,0,0,0,0,0,0
180507,2,1,1987,0,0,0,0,0,0,0,0,0,0
180508,0,1,1987,0,0,0,0,0,0,0,0,0,0
180508,1,1,1987,0,0,0,0,0,0,0,0,0,0
180509,1,1,1987,0,0,0,0,0,0,0,0,0,0
180509,2,1,1987,16,16,16,16,16,16,16,16,16,16
180510,0,1,1987,6,6,6,6,6,6,6,6,6,6
180510,1,1,1987,4,4,4,4,4,4,4,4,4,4
180511,1,1,1987,18,18,18,18,18,18,18,18,18,18
180512,1,1,1987,0,0,0,0,0,0,0,0,0,0
180512,2,1,1987,10,10,10,10,10,10,10,10,10,10
180513,1,1,1987,21,21,21,21,21,21,21,21,21,21
180514,1,1,1987,5,5,5,5,5,5,5,5,5,5
180515,1,1,1987,14,14,14,14,14,14,14,14,14,14
180516,1,1,1987,5,5,5,5,5,5,5,5,5,5
180517,1,1,1987,0,0,0,0,0,0,0,0,0,0
180518,1,1,1987,0,0,0,0,0,0,0,0,0,0
180519,1,1,1987,0,0,0,0,0,0,0,0,0,0
180520,1,1,1987,34,34,34,34,34,34,34,34,34,34
180521,1,1,1987,23,23,23,23,23,23,23,23,23,23
180521,2,1,1987,0,0,0,0,0,0,0,0,0,0
180522,1,1,1987,0,0,0,0,0,0,0,0,0,0
180523,1,1,1987,0,0,0,0,0,0,0,0,0,0
180524,1,1,1987,0,0,0,0,0,0,0,0,0,0
180524,2,1,1987,0,0,0,0,0,0,0,0,0,0
180524,3,1,1987,0,0,0,0,0,0,0,0,0,0
180525,2,1,1987,0,0,0,0,0,0,0,0,0,0
180526,0,1,1987,0,0,0,0,0,0,0,0,0,0
180526,1,1,1987,0,0,0,0,0,0,0,0,0,0
180527,1,1,1987,0,0,0,0,0,0,0,0,0,0
180527,2,1,1987,0,0,0,0,0,0,0,0,0,0
180528,1,1,1987,0,0,0,0,0,0,0,0,0,0
180528,2,1,1987,0,0,0,0,0,0,0,0,0,0
180529,1,1,1987,22,22,22,22,22,22,22,22,22,22
180530,1,1,1987,15,15,15,15,15,15,15,15,15,15
180530,2,1,1987,0,0,0,0,0,0,0,0,0,0
180531,1,1,1987,8,8,8,8,8,8,8,8,8,8
180532,1,1,1987,0,0,0,0,0,0,0,0,0,0
180533,1,1,1987,19,19,19,19,19,19,19,19,19,19
180534,0,1,1987,0,0,0,0,0,0,21,0,0,0
180534,1,1,1987,0,0,0,0,0,0,0,0,0,0
180535,0,1,1987,0,0,0,0,0,0,0,0,0,0
180535,1,1,1987,0,0,0,0,0,0,0,0,0,0
180536,1,1,1987,5,5,5,5,5,5,5,5,5,5
180537,1,1,1987,29,29,29,29,29,29,29,29,29,29
180538,0,1,1987,0,0,0,0,0,0,0,0,0,0
180538,1,1,1987,0,0,0,0,0,0,0,0,0,0
180539,1,1,1987,0,0,0,0,0,0,0,0,0,0
180539,2,1,1987,0,0,0,0,0,0,0,0,0,0
180540,1,1,1987,26,26,26,26,26,26,26,26,26,26
180541,1,1,1987,32,32,32,32,32,32,32,32,32,32
180541,2,1,1987,1,1,1,1,1,1,1,1,1,1
180542,1,1,1987,10,10,10,10,10,10,10,10,10,10
180543,1,1,1987,0,0,0,0,0,0,0,0,0,0
180543,2,1,1987,18,18,18,18,18,18,18,18,18,18
180544,1,1,1987,0,0,0,0,0,0,0,0,0,0
180545,1,1,1987,24,24,24,24,24,24,24,24,24,24
180545,2,1,1987,5,5,5,5,5,5,5,5,5,5
180546,1,1,1987,11,11,11,11,11,11,11,11,11,11
180547,1,1,1987,0,0,0,0,0,0,0,0,0,0
180547,2,1,1987,0,0,0,0,0,0,0,0,0,0
180548,1,1,1987,29,29,29,29,29,29,29,29,29,29
180549,1,1,1987,1,1,1,1,1,1,1,1,1,1
180549,2,1,1987,3,3,3,3,3,3,3,3,3,3
180550,1,1,1987,0,0,0,0,0,0,0,0,0,0
180551,1,1,1987,0,0,0,0,0,0,0,0,0,0
180552,1,1,1987,21,21,21,21,21,21,21,21,21,21
180553,1,1,1987,0,0,0,0,0,0,0,0,0,0
180553,2,1,1987,0,0,0,0,0,0,0,0,0,0
180554,1,1,1987,0,0,0,0,0,0,0,0,0,0
180554,2,1,1987,0,0,0,0,0,0,0,0,0,0
180555,1,1,1987,26,26,26,26,26,26,26,26,26,26
180556,1,1,1987,0,0,0,0,0,0,0,0,0,0
180556,2,1,1987,0,0,0,0,0,0,0,0,0,0
180557,1,1,1987,0,0,0,0,0,0,0,0,0,0
180557,2,1,1987,0,0,0,0,0,0,0,0,0,0
180558,0,1,1987,0,0,0,0,0,0,0,0,0,0
180558,1,1,1987,1,1,1,1,1,1,1,1,1,1
180559,0,1,1987,0,0,0,0,0,0,0,0,0,0
180559,0,2,1987,23,11,13,12,0,18,0,18,9,31
180559,1,1,1987,7,7,7,7,7,7,7,7,7,7
180560,1,1,1987,0,0,0,0,0,0,0,0,0,0
180560,2,1,1987,0,0,0,0,0,0,0,0,0,0
180561,1,1,1987,19,19,19,19,19,19,19,19,19,19
180561,2,1,1987,0,0,0,0,0,0,0,0,0,0
180562,1,1,1987,0,0,0,0,0,0,0,0,0,0
180562,2,1,1987,0,0,0,0,0,0,0,0,0,5
180563,0,1,1987,6,6,6,6,6,6,6,6,6,6
180563,1,1,1987,26,26,26,26,26,26,26,26,26,26
180564,1,1,1987,0,0,0,0,0,0,0,0,0,0
180565,1,1,1987,0,0,0,0,0,0,0,0,0,0
180566,1,1,1987,0,0,0,0,0,0,0,0,0,0
180566,2,1,1987,0,0,0,0,0,0,0,0,0,0
180567,1,1,1987,0,0,0,0,0,0,0,0,0,0
180568,0,1,1987,0,0,0,6,8,0,0,0,0,0
180568,1,1,1987,0,0,0,0,0,0,0,0,0,0
180569,0,1,1987,0,0,0,0,0,0,0,20,0,0
180569,1,1,1987,0,0,0,0,0,0,0,0,0,0
180570,1,1,1987,0,0,0,0,0,0,0,0,0,0
180570,2,1,1987,0,0,0,0,0,0,0,0,0,0
180570,3,1,1987,0,0,0,0,0,0,0,0,0,0
180571,1,1,1987,0,0,0,0,0,0,0,0,0,0
180571,2,1,1987,0,0,0,0,0,0,0,0,0,0
180572,1,1,1987,0,0,0,0,0,0,0,0,0,0
180573,1,1,1987,0,0,0,0,0,0,0,0,0,0
180574,1,1,1987,11,11,11,11,11,11,11,11,11,11
180575,1,1,1987,0,0,0,0,0,0,0,0,0,0
180576,1,1,1987,0,0,0,0,0,0,0,0,0,0
180577,1,1,1987,0,0,0,0,0,0,0,0,0,0
180577,2,1,1987,0,0,0,0,0,0,0,0,0,0
180578,1,1,1987,0,0,0,0,0,0,0,0,0,0
180578,2,1,1987,0,0,0,0,0,0,0,0,0,0
180579,1,1,1987,0,0,0,0,0,0,0,0,0,0
180579,2,1,1987,0,0,0,0,0,0,0,0,0,0
180581,1,1,1987,19,19,19,19,19,19,19,19,19,19
180582,1,1,1987,0,0,0,0,0,0,0,0,0,0
180582,2,1,1987,0,0,0,0,0,0,0,0,0,0
180583,1,1,1987,0,0,0,0,0,0,0,0,0,0
180584,1,1,1987,0,0,0,0,0,0,0,0,0,0
180584,2,1,1987,0,0,0,0,0,0,0,0,0,0
180585,1,1,1987,0,0,0,0,0,0,0,0,0,0
180585,2,1,1987,0,0,0,0,0,0,0,0,0,0
180586,1,1,1987,1,1,1,1,1,1,1,1,1,1
180587,1,1,1987,0,0,0,0,0,0,0,0,0,0
180588,1,1,1987,0,0,0,0,0,0,0,0,0,0
180588,2,1,1987,0,0,0,0,0,0,0,0,0,0
180589,1,1,1987,0,0,0,0,0,0,0,0,0,0
180589,2,1,1987,0,0,0,0,0,0,0,4,6,0
180590,1,1,1987,0,0,0,0,0,0,0,0,0,0
180591,1,1,1987,0,0,0,0,0,0,0,0,0,0
180592,1,1,1987,0,0,0,0,0,0,0,0,0,0
180592,2,1,1987,31,31,31,31,31,31,31,31,31,31
180593,1,1,1987,15,15,15,15,15,15,15,15,15,15
180594,1,1,1987,14,0,19,0,0,11,0,12,0,8
180595,0,1,1987,0,0,0,0,0,0,0,0,0,0
180595,1,1,1987,0,0,0,0,0,0,0,0,14,0
180596,1,1,1987,0,0,0,0,0,0,0,0,0,0
180597,0,1,1987,19,19,19,19,19,19,19,19,19,19
180597,1,1,1987,0,0,0,0,0,0,0,0,0,0
180598,1,1,1987,0,0,0,0,0,0,0,0,0,0
180598,2,1,1987,0,0,0,0,0,0,0,0,0,0
180599,1,1,1987,23,23,23,23,23,23,23,23,23,23
180600,1,1,1987,17,17,17,17,17,17,17,17,17,17
180601,0,1,1987,21,21,21,21,21,21,21,21,21,21
180601,1,1,1987,0,0,0,0,0,0,0,0,0,0
180602,1,1,1987,0,0,0,0,0,0,0,0,0,0
180603,1,1,1987,0,0,0,0,0,0,0,0,0,0
180603,2,1,1987,0,0,0,0,0,0,0,0,0,0
180604,1,1,1987,7,7,7,7,7,7,7,7,7,7
180605,1,1,1987,26,26,26,26,26,26,26,26,26,26
180606,1,1,1987,0,0,0,0,0,0,0,0,0,0
180606,2,1,1987,0,0,0,0,0,0,0,0,0,0
180606,3,1,1987,0,0,0,0,0,0,0,0,0,0
180607,1,1,1987,0,0,0,0,0,0,0,0,0,0
180607,2,1,1987,15,0,0,0,0,0,0,0,0,0
180608,1,1,1987,28,28,28,28,28,28,28,28,28,28
180608,2,1,1987,20,20,20,20,20,20,20,20,20,20
180609,1,1,1987,0,0,0,0,0,0,0,0,0,0
180609,2,1,1987,0,0,0,0,0,0,0,0,0,0
180610,1,1,1987,0,0,0,0,0,0,0,0,0,0
180610,2,1,1987,0,0,0,0,0,0,0,0,0,0
180611,1,1,1987,0,0,0,0,0,0,0,0,0,23
180611,2,1,1987,0,0,0,0,0,0,0,0,0,0
180612,1,1,1987,0,0,0,0,0,0,0,0,0,0
180612,2,1,1987,0,0,0,0,0,0,0,0,0,0
180612,3,1,1987,0,0,0,0,0,0,0,0,0,0
180613,1,1,1987,0,0,0,0,0,0,0,0,0,0
180614,1,1,1987,0,0,0,0,0,0,0,0,0,0
180614,2,1,1987,0,0,0,0,0,0,0,0,0,0
180615,1,1,1987,31,31,31,31,31,31,31,31,31,31
180616,1,1,1987,0,0,0,0,0,0,0,0,0,0
180617,1,1,1987,0,0,0,0,0,0,0,0,0,0
180617,2,1,1987,0,0,0,0,0,0,0,0,0,0
180617,3,1,1987,0,0,0,0,0,0,0,0,0,0
180618,1,1,1987,0,0,0,0,0,0,0,0,0,0
180618,2,1,1987,0,0,0,0,0,0,0,0,0,0
180619,1,1,1987,0,0,0,0,0,0,0,0,0,0
180619,2,1,1987,0,0,0,0,26,0,0,0,0,0
180620,1,1,1987,20,20,20,20,20,20,20,20,20,20
180621,1,1,1987,0,0,0,0,0,0,0,0,0,0
180621,2,1,1987,0,0,0,0,0,0,0,0,0,0
180622,1,1,1987,0,0,0,0,0,0,0,0,0,0
180622,2,1,1987,0,0,0,0,0,0,0,0,0,0
180622,3,1,1987,0,0,0,0,0,0,0,0,0,0
180622,4,1,1987,0,0,0,0,0,0,0,0,0,0
180623,1,1,1987,0,0,0,0,0,0,0,0,0,0
180624,1,1,1987,3,3,3,3,3,3,3,3,3,3
180625,1,1,1987,0,0,0,0,0,0,0,0,0,0
180625,2,1,1987,0,0,0,0,0,0,0,0,0,0
180626,1,1,1987,5,5,5,5,5,5,5,5,5,5
180627,1,1,1987,0,0,0,0,0,0,0,0,0,0
180627,2,1,1987,0,0,0,0,0,0,0,0,0,0
180628,1,1,1987,22,25,0,6,0,0,0,0,11,0
180628,2,1,1987,0,0,0,0,0,0,0,0,0,0
180629,1,1,1987,23,23,23,23,23,23,23,23,23,23
180629,2,1,1987,0,0,0,0,0,0,0,0,0,0
180629,3,1,1987,0,0,0,0,0,0,0,0,0,0
180630,1,1,1987,11,11,11,11,11,11,11,11,11,11
180631,1,1,1987,0,0,0,0,0,0,0,0,0,0
180631,2,1,1987,0,0,0,0,0,0,0,0,0,0
180631,3,1,1987,0,0,0,0,0,0,0,0,0,11
180632,1,1,1987,0,0,0,0,0,0,0,0,0,0
180632,2,1,1987,26,26,26,26,26,26,26,26,26,26
180633,1,1,1987,0,0,0,0,0,0,0,0,0,0
180633,2,1,1987,0,0,0,0,0,0,0,0,0,0
180634,1,1,1987,0,0,0,0,0,0,0,0,0,0
180634,2,1,1987,0,0,0,0,0,0,0,0,0,0
180635,1,1,1987,35,35,35,35,35,35,35,35,35,35
180635,2,1,1987,0,0,0,0,0,0,0,0,0,0
180636,0,1,1987,0,0,0,0,0,0,0,0,0,0
180636,1,1,1987,4,0,6,13,0,0,0,0,0,0
180637,1,1,1987,0,0,0,0,0,0,0,0,0,0
180637,2,1,1987,0,0,0,0,0,0,7,0,0,0
180638,1,1,1987,0,0,0,0,0,0,0,0,0,0
180639,1,1,1987,21,21,21,21,21,21,21,21,21,21
180640,1,1,1987,10,10,10,10,10,10,10,10,10,10
180641,0,1,1987,23,23,23,23,23,23,23,23,23,23
180641,1,1,1987,0,0,0,0,0,0,0,0,0,0
180642,1,1,1987,0,0,0,0,0,0,0,0,0,0
180642,2,1,1987,0,0,0,0,0,0,0,0,0,0
180643,1,1,1987,0,0,0,0,0,0,0,0,0,0
180643,2,1,1987,0,0,0,0,0,0,0,0,0,0
180644,0,1,1987,23,23,23,23,23,23,23,23,23,23
180644,1,1,1987,19,19,19,19,19,19,19,19,19,19
180645,1,1,1987,6,6,6,6,6,6,6,6,6,6
180646,1,1,1987,0,0,0,0,0,0,0,0,0,0
180647,1,1,1987,18,18,18,18,18,18,18,18,18,18
180648,1,1,1987,24,24,24,24,24,24,24,24,24,24
180649,1,1,1987,0,0,0,0,0,0,0,0,0,0
180649,2,1,1987,0,0,0,0,0,0,0,0,0,0
180650,1,1,1987,0,0,0,0,0,0,0,0,0,0
180651,1,1,1987,0,0,0,0,0,0,0,0,0,0
180651,2,1,1987,0,37,0,0,0,0,0,21,0,0
180652,1,1,1987,0,0,0,0,0,0,0,0,0,0
180653,0,1,1987,0,19,59,34,0,35,0,30,35,25
180653,1,1,1987,0,0,0,12,24,0,7,19,0,2
180654,1,1,1987,0,0,0,0,0,0,0,0,0,0
180655,1,1,1987,15,15,15,15,15,15,15,15,15,15
180656,1,1,1987,0,0,0,0,0,0,0,0,0,0
180656,2,1,1987,0,0,0,0,0,0,0,0,0,0
180657,1,1,1987,0,0,0,0,0,0,0,0,0,0
180657,2,1,1987,0,0,0,0,0,0,0,0,0,0
180658,0,1,1987,0,0,0,0,0,0,0,0,0,0
180658,1,1,1987,0,0,0,0,0,0,0,0,0,0
180659,1,1,1987,29,29,29,29,29,29,29,29,29,29
180660,1,1,1987,5,15,4,17,12,13,12,17,16,14
180661,1,1,1987,0,0,0,0,0,0,0,0,0,0
180662,1,1,1987,21,21,21,21,21,21,21,21,21,21
180663,1,1,1987,23,23,23,23,23,23,23,23,23,23
180664,1,1,1987,21,21,21,21,21,21,21,21,21,21
180665,1,1,1987,0,0,0,0,0,0,0,0,0,0
180665,2,1,1987,0,0,0,0,0,0,0,0,0,0
180666,0,1,1987,0,0,0,0,0,0,0,0,0,0
180666,1,1,1987,14,14,14,14,14,14,14,14,14,14
180667,1,1,1987,0,0,0,0,0,0,0,0,0,0
180667,2,1,1987,0,0,0,0,0,0,0,0,0,0
180668,1,1,1987,18,13,15,12,18,23,0,18,6,9
180668,2,1,1987,0,0,0,0,0,0,19,0,0,0
180669,1,1,1987,0,0,0,0,0,0,0,0,0,0
180669,2,1,1987,0,0,0,0,0,0,0,0,0,0
180670,1,1,1987,21,21,21,21,21,21,21,21,21,21
180671,1,1,1987,0,0,0,0,0,0,0,0,0,0
180671,2,1,1987,20,20,20,20,20,20,20,20,20,20
180672,1,1,1987,0,0,0,0,0,0,0,0,0,0
180673,1,1,1987,0,0,0,0,0,0,0,0,0,0
180673,2,1,1987,0,0,0,0,0,0,0,0,0,0
180674,1,1,1987,14,14,14,14,14,14,14,14,14,14
180675,1,1,1987,20,20,20,20,20,20,20,20,20,20
180676,1,1,1987,0,0,0,0,0,0,0,0,0,0
180677,1,1,1987,0,0,0,0,0,0,0,0,0,0
180677,2,1,1987,0,0,0,0,0,0,0,0,0,0
180678,1,1,1987,0,0,0,0,0,0,0,0,0,0
180678,2,1,1987,0,0,0,13,0,0,0,0,0,0
180679,1,1,1987,20,20,20,20,20,20,20,20,20,20
180680,1,1,1987,0,0,0,0,0,0,0,0,0,0
180681,1,1,1987,8,8,8,8,8,8,8,8,8,8
180681,2,1,1987,0,0,0,0,0,0,0,0,0,0
180682,1,1,1987,31,31,31,31,31,31,31,31,31,31
180683,1,1,1987,13,13,13,13,13,13,13,13,13,13
180684,0,1,1987,0,0,0,0,0,0,0,0,0,0
180684,1,1,1987,0,0,0,0,0,0,0,0,0,0
180685,1,1,1987,0,0,0,0,0,0,0,0,0,0
180686,0,1,1987,0,0,0,0,0,0,0,0,0,0
180686,1,1,1987,17,17,17,17,17,17,17,17,17,17
180687,1,1,1987,0,0,0,0,0,0,0,0,0,0
180688,0,1,1987,0,0,0,0,0,0,0,0,0,0
180688,1,1,1987,0,0,7,0,0,0,0,23,0,0
180689,1,1,1987,0,0,0,0,0,0,0,0,0,0
180690,1,1,1987,0,0,0,0,0,0,0,0,0,0
180690,2,1,1987,0,0,0,0,0,0,0,0,0,0
180691,1,1,1987,9,9,9,9,9,9,9,9,9,9
180691,2,1,1987,4,9,22,8,9,0,8,13,0,11
180692,1,1,1987,10,10,10,10,10,10,10,10,10,10
180692,2,1,1987,1,1,1,1,1,1,1,1,1,1
180693,1,1,1987,0,0,0,4,0,10,0,24,19,20
180694,1,1,1987,24,24,24,24,24,24,24,24,24,24
180695,0,1,1987,0,0,0,0,0,0,0,0,0,0
180695,1,1,1987,6,21,16,0,13,0,0,35,14,9
180696,1,1,1987,0,0,0,0,0,0,0,0,0,0
180697,1,1,1987,17,17,17,17,17,17,17,17,17,17
180698,1,1,1987,0,0,0,0,0,0,0,0,0,0
180699,0,1,1987,9,9,9,9,9,9,9,9,9,9
180699,1,1,1987,2,2,2,2,2,2,2,2,2,2
180700,1,1,1987,14,14,14,14,14,14,14,14,14,14
180701,1,1,1987,0,0,0,0,0,0,0,0,0,0
180702,1,1,1987,10,10,10,10,10,10,10,10,10,10
180703,1,1,1987,0,0,0,0,0,0,0,0,0,0
180704,1,1,1987,0,0,0,0,0,0,0,0,0,0
180705,1,1,1987,0,0,0,0,0,0,0,0,0,0
180705,2,1,1987,0,0,0,0,0,0,0,0,0,0
180706,1,1,1987,0,0,0,0,0,0,0,0,0,0
180706,2,1,1987,0,0,0,0,0,0,0,0,0,0
180707,1,1,1987,6,6,6,6,6,6,6,6,6,6
180708,0,1,1987,0,0,0,0,0,0,0,0,0,0
180708,1,1,1987,18,18,18,18,18,18,18,18,18,18
180709,0,1,1987,18,18,18,18,18,18,18,18,18,18
180709,1,1,1987,24,24,24,24,24,24,24,24,24,24
180710,1,1,1987,0,0,0,0,0,0,0,0,0,0
180710,2,1,1987,0,0,0,0,0,0,0,0,0,0
180711,1,1,1987,0,0,0,0,0,0,0,0,0,0
180712,1,1,1987,0,0,0,0,0,12,0,0,0,0
180712,2,1,1987,0,0,0,0,0,0,0,0,0,0
180713,1,1,1987,20,20,20,20,20,20,20,20,20,20