ST_CASE,VEH_NO,PER_NO,YEAR,P1,P2,P3,P4,P5,P6,P7,P8,P9,P10
180713,2,1,1987,0,0,0,0,0,0,0,0,0,0
180714,1,1,1987,0,0,0,0,11,0,0,0,0,0
180714,2,1,1987,0,0,0,0,0,0,0,0,0,0
180715,1,1,1987,18,18,18,18,18,18,18,18,18,18
180716,1,1,1987,0,0,0,0,0,0,0,0,0,0
180717,1,1,1987,0,0,0,0,0,0,0,0,0,0
180717,2,1,1987,0,0,0,0,0,0,0,0,0,0
180718,0,1,1987,25,25,25,25,25,25,25,25,25,25
180718,1,1,1987,0,0,0,0,0,0,0,0,0,0
180719,1,1,1987,18,18,18,18,18,18,18,18,18,18
180719,2,1,1987,0,0,0,0,0,0,0,0,0,0
180720,1,1,1987,21,21,21,21,21,21,21,21,21,21
180720,2,1,1987,0,0,0,0,0,0,0,0,0,0
180721,0,1,1987,0,0,0,0,0,0,0,0,0,0
180721,1,1,1987,0,0,0,0,0,0,0,0,0,0
180722,1,1,1987,0,0,0,0,0,0,0,0,0,0
180723,1,1,1987,9,9,9,9,9,9,9,9,9,9
180723,2,1,1987,0,0,0,0,0,0,0,0,0,0
180724,1,1,1987,0,0,0,0,0,0,0,0,0,0
180724,2,1,1987,0,0,0,0,0,0,0,0,0,0
180726,1,1,1987,29,29,29,29,29,29,29,29,29,29
180726,2,1,1987,0,0,0,0,0,0,0,0,0,0
180727,1,1,1987,0,0,0,0,0,0,0,6,0,0
180727,2,1,1987,0,0,0,0,0,0,0,0,0,0
180728,1,1,1987,7,11,0,17,12,3,34,16,14,10
180729,1,1,1987,0,0,0,0,0,0,0,0,0,0
180729,2,1,1987,0,0,0,0,0,0,0,0,0,0
180730,1,1,1987,0,0,0,0,0,0,0,0,0,0
180730,2,1,1987,0,0,0,0,0,0,0,0,0,0
180731,0,1,1987,0,0,0,0,0,0,0,0,0,0
180731,1,1,1987,0,0,0,0,0,0,0,0,0,0
180732,0,1,1987,0,37,0,0,11,7,39,0,0,0
180732,1,1,1987,14,17,19,36,21,20,36,26,10,37
180733,0,1,1987,0,0,0,0,0,20,0,0,0,0
180733,1,1,1987,0,0,0,0,0,0,0,0,0,0
180734,1,1,1987,0,0,0,0,0,0,0,0,0,0
180734,2,1,1987,0,0,0,0,0,0,0,0,0,0
180735,1,1,1987,16,16,16,16,16,16,16,16,16,16
180736,1,1,1987,0,0,0,22,0,12,0,0,0,0
180736,2,1,1987,0,0,0,0,0,0,0,0,0,0
180737,1,1,1987,0,0,0,0,0,0,0,0,0,0
180737,2,1,1987,0,0,0,0,0,0,0,0,0,0
180738,1,1,1987,29,21,29,15,22,11,19,8,13,11
180739,1,1,1987,0,0,0,0,0,0,0,0,0,0
180739,2,1,1987,0,0,0,0,0,0,0,0,0,0
180739,3,1,1987,0,0,0,0,0,0,0,0,0,0
180740,1,1,1987,0,0,0,0,0,0,0,0,0,0
180740,2,1,1987,0,0,0,0,0,0,0,0,0,0
180741,1,1,1987,0,0,0,0,0,0,0,0,0,0
180742,1,1,1987,12,12,12,12,12,12,12,12,12,12
180743,1,1,1987,0,0,0,0,0,0,0,0,0,0
180743,2,1,1987,0,0,0,0,0,0,0,0,0,0
180744,1,1,1987,0,0,0,0,0,0,0,0,0,0
180744,2,1,1987,0,0,0,0,7,0,0,0,0,0
180745,1,1,1987,5,5,5,5,5,5,5,5,5,5
180746,1,1,1987,0,0,0,0,0,0,0,0,0,0
180746,2,1,1987,0,0,0,0,0,0,0,0,0,0
180747,1,1,1987,0,0,0,0,0,0,0,0,0,0
180747,2,1,1987,0,0,0,0,0,0,0,0,0,0
180749,0,1,1987,0,0,0,0,0,0,0,0,0,0
180749,1,1,1987,0,0,0,0,0,0,0,0,0,0
180750,1,1,1987,0,0,0,0,0,0,0,0,5,0
180750,2,1,1987,0,0,0,0,0,0,0,0,0,0
180751,1,1,1987,0,0,0,0,0,0,0,20,0,0
180751,2,1,1987,7,7,7,7,7,7,7,7,7,7
180752,1,1,1987,20,20,20,20,20,20,20,20,20,20
180753,1,1,1987,0,0,0,0,0,0,0,0,0,0
180753,2,1,1987,0,0,0,0,0,0,0,0,0,0
180754,1,1,1987,13,13,13,13,13,13,13,13,13,13
180754,2,1,1987,0,0,0,0,0,0,0,0,0,0
180755,1,1,1987,0,0,0,0,0,0,0,0,0,0
180755,2,1,1987,0,0,0,0,0,0,0,0,0,0
180756,1,1,1987,18,18,18,18,18,18,18,18,18,18
180757,1,1,1987,18,18,18,18,18,18,18,18,18,18
180758,1,1,1987,0,0,0,0,0,0,0,0,0,0
180758,2,1,1987,0,0,0,0,0,0,0,0,0,0
180759,1,1,1987,0,0,0,0,0,0,0,0,0,0
180760,1,1,1987,0,0,0,0,0,0,0,0,0,0
180761,1,1,1987,0,0,0,0,0,0,0,0,0,0
180762,1,1,1987,0,0,0,0,0,0,0,0,0,0
180762,2,1,1987,0,0,0,0,0,0,0,0,0,0
180763,1,1,1987,19,19,19,19,19,19,19,19,19,19
180764,1,1,1987,0,0,0,0,0,6,0,0,0,0
180764,2,1,1987,0,0,0,0,0,0,0,0,0,0
180765,1,1,1987,0,0,0,22,0,28,0,0,0,0
180765,2,1,1987,0,0,0,0,0,0,0,0,0,0
180766,1,1,1987,0,0,0,0,0,0,0,0,0,0
180766,2,1,1987,0,0,0,0,0,0,0,0,0,0
180766,3,1,1987,0,0,0,0,0,0,0,0,0,0
180767,1,1,1987,25,25,25,25,25,25,25,25,25,25
180767,2,1,1987,0,0,0,0,0,0,0,0,0,0
180768,1,1,1987,23,23,23,23,23,23,23,23,23,23
180768,2,1,1987,0,0,0,0,0,0,10,0,22,0
180769,1,1,1987,7,7,7,7,7,7,7,7,7,7
180770,1,1,1987,13,13,13,13,13,13,13,13,13,13
180771,0,1,1987,0,0,0,0,0,0,0,0,0,0
180771,1,1,1987,0,0,0,0,0,0,0,0,0,0
180772,1,1,1987,15,15,15,15,15,15,15,15,15,15
180772,2,1,1987,0,0,0,0,0,0,0,0,0,0
180772,3,1,1987,0,0,0,0,0,0,0,0,0,0
180773,1,1,1987,0,0,0,0,0,0,0,0,0,0
180773,2,1,1987,0,0,0,0,0,0,0,0,0,0
180774,1,1,1987,14,14,14,14,14,14,14,14,14,14
180774,2,1,1987,0,0,0,0,0,0,0,0,15,0
180775,1,1,1987,1,1,1,1,1,1,1,1,1,1
180775,2,1,1987,0,0,0,0,0,0,0,0,0,0
180776,1,1,1987,23,23,23,23,23,23,23,23,23,23
180776,2,1,1987,0,0,0,0,0,0,0,0,0,0
180777,1,1,1987,0,0,0,0,0,0,0,0,0,0
180777,2,1,1987,19,19,19,19,19,19,19,19,19,19
180778,1,1,1987,0,0,0,0,0,0,0,0,0,0
180779,1,1,1987,22,22,22,22,22,22,22,22,22,22
180779,2,1,1987,0,0,0,0,0,0,0,0,0,0
180780,1,1,1987,0,0,0,0,0,0,0,0,0,0
180780,2,1,1987,0,0,0,0,0,0,0,0,0,0
180781,1,1,1987,33,33,33,33,33,33,33,33,33,33
180781,2,1,1987,7,7,7,7,7,7,7,7,7,7
180781,3,1,1987,0,0,0,0,0,0,0,0,0,0
180782,1,1,1987,17,17,17,17,17,17,17,17,17,17
180783,1,1,1987,14,14,14,14,14,14,14,14,14,14
180784,0,1,1987,0,0,0,0,0,0,0,0,0,0
180784,1,1,1987,0,0,0,0,0,0,0,0,0,0
180785,1,1,1987,0,0,0,0,0,0,0,0,0,0
180785,2,1,1987,0,0,0,0,0,0,0,0,0,0
180786,1,1,1987,0,0,0,0,0,0,0,0,0,0
180787,1,1,1987,0,0,0,0,0,0,21,0,0,0
180787,2,1,1987,0,0,0,0,0,0,0,0,0,0
180788,1,1,1987,0,0,0,0,0,0,0,22,0,0
180788,2,1,1987,0,0,0,0,0,0,0,0,0,0
180788,3,1,1987,0,0,0,0,0,0,0,0,0,0
180789,1,1,1987,0,0,0,0,0,0,0,0,0,0
180789,2,1,1987,10,10,10,10,10,10,10,10,10,10
180790,0,1,1987,18,18,18,18,18,18,18,18,18,18
180790,1,1,1987,0,0,0,0,0,0,0,0,0,0
180791,1,1,1987,0,0,0,0,0,0,0,0,0,0
180791,2,1,1987,0,0,0,0,0,0,0,0,0,0
180792,1,1,1987,0,0,0,0,0,0,0,0,0,0
180793,1,1,1987,0,0,0,0,0,0,0,0,0,0
180794,1,1,1987,13,13,13,13,13,13,13,13,13,13
180795,0,1,1987,15,15,15,15,15,15,15,15,15,15
180795,1,1,1987,0,0,0,0,0,0,0,0,0,0
180796,1,1,1987,32,32,32,32,32,32,32,32,32,32
180797,1,1,1987,27,27,27,27,27,27,27,27,27,27
180798,1,1,1987,14,14,14,14,14,14,14,14,14,14
180799,1,1,1987,24,24,24,24,24,24,24,24,24,24
180800,0,1,1987,0,0,0,0,0,0,0,0,0,0
180800,1,1,1987,0,0,0,0,0,0,0,0,0,0
180801,1,1,1987,26,26,26,26,26,26,26,26,26,26
180802,1,1,1987,15,15,15,15,15,15,15,15,15,15
180802,2,1,1987,0,0,0,0,0,0,0,0,0,0
180803,1,1,1987,0,0,0,0,0,0,0,0,0,0
180803,2,1,1987,0,0,0,0,0,0,0,0,0,0
180804,1,1,1987,0,0,0,0,0,0,0,0,0,0
180804,2,1,1987,0,0,0,0,0,0,0,0,0,0
180805,1,1,1987,0,0,0,0,0,0,0,0,0,0
180805,2,1,1987,0,0,0,0,0,0,0,0,0,0
180806,1,1,1987,20,20,20,20,20,20,20,20,20,20
180807,1,1,1987,0,0,0,0,0,0,0,0,0,0
180808,1,1,1987,0,0,0,0,0,0,0,0,0,0
180808,2,1,1987,0,0,0,0,0,0,0,0,0,0
180809,1,1,1987,0,0,0,0,0,0,0,0,0,0
180810,1,1,1987,0,0,0,0,0,0,0,0,0,0
180811,0,1,1987,0,0,0,0,0,0,0,0,0,0
180811,1,1,1987,0,0,0,0,0,0,0,0,0,0
180812,1,1,1987,15,15,15,15,15,15,15,15,15,15
180812,2,1,1987,0,0,0,0,0,0,0,0,0,0
180813,1,1,1987,5,5,5,5,5,5,5,5,5,5
180813,2,1,1987,0,0,0,0,0,0,0,0,0,0
180814,0,1,1987,0,0,0,0,0,0,0,0,0,0
180814,1,1,1987,0,0,0,0,0,0,0,0,0,0
180815,1,1,1987,14,10,10,25,0,0,0,0,0,0
180816,1,1,1987,13,13,13,13,13,13,13,13,13,13
180817,1,1,1987,0,0,0,0,0,0,0,0,0,0
180817,2,1,1987,0,0,0,0,0,0,0,0,0,0
180818,1,1,1987,8,18,0,10,14,28,22,10,0,27
180819,1,1,1987,0,0,0,0,15,16,0,0,0,6
180820,1,1,1987,0,0,0,0,0,0,0,0,0,0
180821,1,1,1987,6,6,6,6,6,6,6,6,6,6
180822,1,1,1987,19,19,19,19,19,19,19,19,19,19
180822,2,1,1987,0,0,0,0,0,0,0,0,0,0
180822,3,1,1987,0,0,0,0,0,0,0,0,0,0
180822,4,1,1987,0,0,0,0,0,0,0,0,0,0
180823,1,1,1987,0,0,0,0,0,0,0,0,0,0
180824,1,1,1987,0,0,0,0,0,0,16,0,0,0
180824,2,1,1987,0,0,0,0,0,0,0,0,0,0
180824,3,1,1987,0,0,0,0,0,0,0,0,0,0
180825,1,1,1987,0,0,0,0,0,0,0,0,0,0
180826,1,1,1987,20,20,20,20,20,20,20,20,20,20
180826,2,1,1987,0,0,0,0,0,0,0,0,0,0
180826,3,1,1987,0,0,0,0,0,0,0,0,0,0
180827,1,1,1987,0,0,0,0,0,0,0,0,0,0
180828,1,1,1987,20,20,20,20,20,20,20,20,20,20
180829,1,1,1987,0,0,0,0,0,0,0,0,0,0
180829,2,1,1987,0,0,0,0,0,0,0,0,0,0
180829,3,1,1987,0,0,0,0,0,0,0,0,0,0
180830,1,1,1987,0,0,0,0,0,0,0,0,0,0
180831,1,1,1987,0,0,0,0,0,0,0,0,0,0
180831,2,2,1987,0,0,0,0,0,0,0,0,0,0
180832,1,1,1987,0,0,0,0,0,0,0,0,0,0
180833,1,1,1987,0,0,0,0,0,0,0,0,0,0
180833,2,1,1987,0,0,0,0,0,0,0,0,0,0
180834,1,1,1987,0,0,0,0,0,0,0,0,0,0
180835,1,1,1987,0,0,24,20,27,38,21,8,9,0
180836,1,1,1987,12,12,12,12,12,12,12,12,12,12
180837,1,1,1987,26,26,26,26,26,26,26,26,26,26
180838,1,1,1987,0,0,0,0,0,0,0,0,0,0
180838,2,1,1987,0,0,0,0,0,0,0,0,0,0
180839,0,1,1987,31,31,31,31,31,31,31,31,31,31
180839,1,1,1987,0,0,0,0,0,0,0,0,0,0
180840,1,1,1987,0,0,0,0,0,0,0,0,21,0
180840,2,1,1987,0,0,0,0,0,0,0,0,0,0
180840,3,1,1987,0,0,0,0,0,0,0,0,0,0
180841,1,1,1987,0,0,0,0,0,0,0,0,0,0
180841,2,1,1987,0,0,0,0,0,0,0,0,0,0
180842,1,1,1987,0,0,0,0,0,0,0,0,0,0
180842,2,1,1987,0,0,0,0,0,0,0,0,0,0
180843,1,1,1987,0,0,0,0,0,0,0,0,0,0
180844,1,1,1987,0,0,0,0,0,0,0,0,0,0
180844,2,1,1987,0,0,0,0,0,18,0,17,0,0
180845,1,1,1987,5,5,5,5,5,5,5,5,5,5
180846,1,1,1987,26,26,26,26,26,26,26,26,26,26
180847,1,1,1987,0,12,0,0,11,23,0,7,3,0
180848,1,1,1987,15,15,15,15,15,15,15,15,15,15
180849,1,1,1987,0,0,0,0,0,0,0,0,0,0
180850,1,1,1987,0,0,0,0,0,0,0,0,0,0
180851,0,1,1987,13,13,13,13,13,13,13,13,13,13
180851,1,1,1987,0,0,0,0,0,0,0,0,0,0
180852,1,1,1987,12,12,12,12,12,12,12,12,12,12
180853,1,1,1987,33,33,33,33,33,33,33,33,33,33
180854,0,1,1987,1,1,1,1,1,1,1,1,1,1
180854,1,1,1987,0,0,0,0,0,0,0,0,0,0
180855,1,1,1987,0,0,0,0,0,0,0,0,0,0
180855,2,1,1987,0,0,0,0,0,0,0,0,0,0
180856,1,1,1987,0,0,0,0,0,0,0,0,0,0
180856,2,1,1987,0,0,0,0,0,0,0,0,0,0
180857,1,1,1987,26,26,26,26,26,26,26,26,26,26
180857,2,1,1987,0,27,15,0,0,0,15,0,14,0
180858,1,1,1987,10,13,9,0,17,23,4,28,3,13
180858,2,1,1987,0,0,0,0,0,0,0,17,0,0
180859,0,1,1987,0,0,20,0,0,0,0,20,0,0
180859,1,1,1987,0,0,0,0,0,0,0,0,0,0
180861,1,1,1987,0,0,0,0,0,0,0,0,0,0
180861,2,1,1987,0,0,0,0,0,0,0,0,0,0
180862,0,1,1987,26,26,26,26,26,26,26,26,26,26
180862,1,1,1987,9,9,9,9,9,9,9,9,9,9
180863,0,1,1987,0,0,0,0,0,0,0,0,0,0
180863,1,1,1987,0,0,0,0,0,0,0,0,0,0
180864,1,1,1987,0,0,0,0,0,0,0,0,0,0
180864,2,1,1987,0,0,0,0,0,0,0,0,0,0
180865,0,1,1987,13,0,17,0,17,0,0,18,14,18
180865,1,1,1987,0,0,0,0,0,0,0,0,0,0
180866,1,1,1987,22,22,22,22,22,22,22,22,22,22
180867,1,1,1987,2,2,2,2,2,2,2,2,2,2
180867,2,1,1987,0,0,0,0,0,0,0,0,0,0
180868,1,1,1987,6,6,6,6,6,6,6,6,6,6
180868,2,1,1987,0,0,0,0,0,0,0,0,0,0
180869,1,1,1987,0,0,0,0,0,0,0,0,0,0
180870,1,1,1987,24,24,24,24,24,24,24,24,24,24
180871,1,1,1987,17,17,17,17,17,17,17,17,17,17
180872,1,1,1987,0,0,0,0,0,0,0,0,0,0
180872,2,1,1987,31,31,31,31,31,31,31,31,31,31
180873,1,1,1987,0,0,0,0,0,0,0,0,0,0
180873,2,1,1987,0,0,0,0,0,0,0,0,0,0
180874,1,1,1987,22,22,22,22,22,22,22,22,22,22
180874,2,1,1987,34,34,34,34,34,34,34,34,34,34
180875,1,1,1987,11,11,11,11,11,11,11,11,11,11
180875,2,1,1987,21,21,21,21,21,21,21,21,21,21
180876,1,1,1987,25,25,25,25,25,25,25,25,25,25
180878,1,1,1987,0,0,0,0,0,0,0,0,0,0
180878,2,1,1987,0,0,0,0,0,0,0,0,0,0
180878,3,1,1987,0,0,0,0,0,0,0,0,12,0
180879,1,1,1987,17,17,17,17,17,17,17,17,17,17
180879,2,1,1987,0,0,0,0,0,0,0,0,0,0
180880,1,1,1987,0,0,0,0,0,0,0,0,0,0
180880,2,1,1987,3,3,3,3,3,3,3,3,3,3
180881,1,1,1987,11,11,11,11,11,11,11,11,11,11
180881,2,1,1987,0,0,0,0,0,0,0,0,0,0
180882,1,1,1987,29,29,29,29,29,29,29,29,29,29
180882,2,1,1987,0,17,0,0,0,0,0,0,0,0
180883,0,1,1987,0,0,0,0,0,0,0,0,0,0
180883,1,1,1987,0,0,0,0,0,0,0,0,0,0
180884,1,1,1987,29,29,29,29,29,29,29,29,29,29
180885,1,1,1987,0,0,0,0,0,0,0,0,0,0
180885,2,1,1987,0,0,0,0,0,0,0,0,0,0
180886,1,1,1987,3,3,3,3,3,3,3,3,3,3
180887,1,1,1987,0,0,0,0,0,0,0,0,0,0
180888,1,1,1987,31,31,31,31,31,31,31,31,31,31
180889,1,1,1987,33,33,33,33,33,33,33,33,33,33
180889,2,1,1987,0,0,0,0,0,0,0,0,0,0
180890,1,1,1987,12,12,12,12,12,12,12,12,12,12
180890,2,1,1987,0,0,0,0,0,0,0,0,0,0
180891,0,1,1987,0,25,0,20,0,21,0,0,0,0
180891,1,1,1987,10,0,0,0,15,13,23,9,11,0
180892,1,1,1987,18,18,18,18,18,18,18,18,18,18
180892,2,1,1987,0,0,0,0,0,0,13,0,0,0
180893,0,1,1987,0,0,0,0,0,0,0,0,0,0
180893,1,1,1987,0,0,0,0,0,0,0,0,0,0
180894,1,1,1987,0,0,0,0,0,0,0,0,0,0
180894,2,1,1987,0,0,0,0,0,0,0,0,0,0
180895,1,1,1987,18,4,32,11,9,4,8,17,24,21
180895,2,1,1987,13,13,13,13,13,13,13,13,13,13
180896,1,1,1987,20,20,20,20,20,20,20,20,20,20
180897,0,1,1987,0,0,0,0,0,0,0,0,0,0
180897,1,1,1987,0,0,0,0,0,0,0,0,0,0
180897,2,1,1987,0,0,0,0,0,0,0,0,0,0
180898,1,1,1987,16,16,16,16,16,16,16,16,16,16
180899,0,1,1987,0,0,0,0,0,0,0,0,0,0
180899,1,1,1987,0,12,9,0,14,13,29,0,19,0
180900,0,1,1987,23,23,23,23,23,23,23,23,23,23
180900,1,1,1987,0,0,0,0,0,0,0,0,0,0
180901,1,1,1987,7,7,7,7,7,7,7,7,7,7
180902,1,1,1987,23,23,23,23,23,23,23,23,23,23
180903,1,1,1987,17,17,17,17,17,17,17,17,17,17
180903,2,1,1987,0,0,0,0,0,0,0,0,0,0
180904,1,1,1987,29,29,29,29,29,29,29,29,29,29
180905,1,1,1987,1,1,1,1,1,1,1,1,1,1
180906,1,1,1987,11,11,11,11,11,11,11,11,11,11
180907,1,1,1987,0,0,0,0,0,0,0,0,0,0
180907,2,1,1987,0,0,0,0,0,0,0,0,0,0
180908,0,1,1987,0,0,4,0,0,0,0,0,0,0
180908,1,1,1987,0,0,0,0,0,0,0,0,0,0
180909,1,1,1987,0,0,0,0,0,0,0,0,0,0
180909,2,1,1987,0,0,0,0,0,0,0,0,0,0
180910,1,1,1987,19,19,19,19,19,19,19,19,19,19
180910,2,1,1987,0,0,0,0,0,0,0,0,0,0
180911,1,1,1987,0,0,0,0,0,0,0,0,0,0
180911,2,1,1987,0,0,0,0,0,0,0,0,0,0
180912,1,1,1987,12,12,12,12,12,12,12,12,12,12
180912,2,1,1987,0,0,0,0,0,0,0,0,22,0
180912,3,1,1987,0,0,0,0,0,0,0,0,0,0
180913,1,1,1987,25,25,25,25,25,25,25,25,25,25
180914,1,1,1987,0,0,0,0,0,0,0,0,0,0
180915,1,1,1987,0,0,0,0,0,0,0,0,0,0
180915,2,1,1987,0,0,0,0,0,0,0,0,0,0
180915,3,1,1987,0,0,0,0,0,0,0,0,0,0
180916,1,1,1987,24,24,24,24,24,24,24,24,24,24
180917,1,1,1987,24,24,24,24,24,24,24,24,24,24
180917,2,1,1987,0,0,0,0,0,0,0,0,0,0
180918,1,1,1987,0,0,0,0,0,0,0,0,0,0
180918,2,1,1987,0,0,0,0,0,0,0,0,0,0
180919,1,1,1987,0,0,0,0,0,0,0,0,0,0
180919,2,1,1987,0,0,0,0,0,0,0,0,0,0
180920,1,1,1987,0,0,0,0,0,0,0,0,0,0
180920,2,1,1987,0,0,0,0,0,0,0,0,0,0
180921,1,1,1987,0,0,0,0,0,0,0,0,0,0
180921,2,1,1987,0,0,0,0,0,0,0,0,0,0
180922,1,1,1987,20,20,20,20,20,20,20,20,20,20
180923,1,1,1987,0,0,0,0,0,0,0,0,0,0
180924,0,1,1987,0,10,0,0,4,0,0,0,0,0
180924,1,1,1987,0,0,0,0,19,0,0,0,0,0
180925,1,1,1987,0,0,0,0,0,0,0,0,0,0
180926,1,1,1987,3,3,3,3,3,3,3,3,3,3
180926,2,1,1987,0,0,0,0,0,0,0,0,0,0
180927,1,1,1987,0,0,0,0,0,0,0,0,0,0
180928,1,1,1987,21,21,21,21,21,21,21,21,21,21
180929,1,2,1987,0,0,0,0,0,0,0,0,0,0
180929,2,1,1987,0,0,0,0,0,0,0,0,0,0
180930,1,1,1987,19,19,19,19,19,19,19,19,19,19
180931,1,1,1987,20,20,20,20,20,20,20,20,20,20
180932,1,1,1987,0,0,0,0,0,0,0,0,0,0
180932,2,1,1987,0,0,0,0,0,0,0,0,0,0
180932,3,1,1987,0,0,0,0,0,0,0,0,0,0
180932,4,1,1987,0,0,0,0,0,0,0,0,0,0
180933,0,1,1987,0,0,0,0,0,0,0,0,0,0
180933,1,1,1987,0,0,0,0,0,0,0,0,0,0
180934,1,1,1987,17,17,17,17,17,17,17,17,17,17
180935,1,1,1987,17,17,17,17,17,17,17,17,17,17
180936,1,1,1987,0,0,0,0,17,0,0,0,0,0
180936,2,1,1987,0,0,0,0,0,0,0,0,0,0
180937,1,1,1987,14,14,14,14,14,14,14,14,14,14
180938,1,1,1987,0,0,0,0,0,0,0,0,0,0
180938,2,1,1987,0,0,0,0,0,0,0,0,0,0
180939,1,1,1987,0,0,0,0,0,0,0,0,0,0
180940,1,1,1987,0,0,0,0,0,0,0,0,0,0
180941,1,1,1987,0,0,0,0,0,0,0,0,0,0
180942,0,1,1987,0,0,0,0,0,0,34,0,0,28
180942,1,1,1987,0,0,0,0,0,0,0,0,0,0
180943,1,1,1987,13,0,0,0,0,0,0,0,0,0
180943,2,1,1987,0,0,0,0,0,0,0,0,0,0
180944,1,1,1987,0,0,0,0,0,0,0,0,0,0
180945,1,1,1987,0,0,0,0,0,0,0,0,0,0
180945,2,1,1987,0,0,0,0,0,0,0,0,0,0
180946,1,1,1987,29,29,29,29,29,29,29,29,29,29
180947,1,1,1987,0,0,0,0,0,0,0,0,0,0
180947,2,1,1987,0,0,0,0,0,0,0,0,0,0
180948,1,1,1987,0,0,0,0,0,0,0,0,0,0
180948,2,1,1987,0,0,0,0,0,0,0,0,0,0
180949,1,1,1987,0,0,0,0,0,0,0,0,0,4
180949,2,1,1987,0,0,0,0,0,0,0,0,0,0
180950,1,1,1987,0,0,0,0,0,0,0,0,0,0
180950,2,1,1987,0,0,0,0,0,0,0,0,0,0
180950,3,1,1987,0,0,0,0,0,0,0,0,0,0
180951,1,1,1987,0,0,0,0,0,0,0,0,0,0
180951,2,1,1987,0,0,0,0,0,0,0,0,0,0
180952,1,1,1987,0,0,0,0,0,0,0,0,0,0
180952,2,1,1987,0,0,0,0,0,0,0,0,0,0
180953,1,1,1987,34,34,34,34,34,34,34,34,34,34
180953,2,1,1987,0,0,0,0,0,0,0,0,0,0
180953,3,1,1987,0,0,0,0,0,0,0,0,0,0
180954,0,1,1987,0,0,0,0,0,0,0,0,0,0
180954,1,1,1987,0,0,0,0,0,0,0,0,0,0
180955,1,1,1987,3,3,3,3,3,3,3,3,3,3
180955,2,1,1987,0,0,0,0,0,0,0,0,0,0
180956,1,1,1987,7,7,7,7,7,7,7,7,7,7
180957,1,1,1987,0,0,0,0,0,0,0,0,0,0
180958,1,1,1987,9,9,9,9,9,9,9,9,9,9
180958,2,1,1987,0,0,0,0,0,0,0,0,0,0
180959,1,1,1987,0,0,0,0,0,0,0,0,0,0
180959,2,1,1987,0,0,0,0,0,0,0,0,0,0
180960,1,1,1987,10,10,10,10,10,10,10,10,10,10
180961,1,1,1987,15,15,15,15,15,15,15,15,15,15
180961,2,1,1987,4,4,4,4,4,4,4,4,4,4
180962,1,1,1987,40,40,40,40,40,40,40,40,40,40
180963,1,1,1987,28,28,28,28,28,28,28,28,28,28
180965,1,1,1987,0,0,0,0,0,0,0,0,0,0
180966,1,1,1987,0,0,0,0,0,0,0,0,0,0
180966,2,1,1987,0,0,0,0,0,0,0,0,0,0
180967,1,1,1987,0,0,0,0,0,0,0,0,0,0
180967,2,1,1987,0,0,0,0,0,0,0,0,0,0
180968,1,1,1987,7,7,7,7,7,7,7,7,7,7
180968,2,1,1987,0,0,0,0,0,0,0,0,0,0
180969,1,1,1987,9,9,9,9,9,9,9,9,9,9
180969,2,1,1987,0,0,0,0,0,0,0,0,0,0
180970,1,1,1987,0,0,0,0,0,0,0,0,0,0
180970,2,1,1987,0,0,0,0,0,0,0,0,0,0
180971,1,1,1987,0,0,0,0,0,0,0,0,0,0
180971,2,1,1987,0,0,0,0,0,0,0,0,0,0
180972,0,1,1987,0,8,0,0,0,0,0,0,0,0
180972,1,1,1987,0,0,0,0,0,0,0,0,0,0
180973,1,1,1987,0,0,0,0,0,0,0,0,0,0
180973,2,1,1987,0,0,0,0,0,0,0,0,0,0
180974,1,1,1987,3,3,3,3,3,3,3,3,3,3
180975,1,1,1987,0,0,0,0,0,0,0,0,0,0
180975,2,1,1987,0,0,0,0,0,0,0,0,0,0
180975,3,1,1987,0,0,0,0,0,0,0,0,0,0
190001,1,1,1987,21,21,21,21,21,21,21,21,21,21
190002,1,1,1987,0,0,0,0,0,0,0,0,0,0
190002,2,1,1987,0,0,0,0,0,0,0,0,0,0
190003,1,1,1987,23,23,23,23,23,23,23,23,23,23
190004,0,1,1987,8,0,0,0,0,0,0,0,0,11
190004,1,1,1987,0,0,0,0,0,0,9,0,0,0
190005,1,1,1987,13,13,13,13,13,13,13,13,13,13
190006,1,1,1987,27,27,27,27,27,27,27,27,27,27
190007,1,1,1987,16,16,16,16,16,16,16,16,16,16
190007,2,1,1987,0,0,0,0,0,0,0,0,0,0
190008,1,1,1987,0,0,0,0,0,0,0,0,0,0
190008,2,1,1987,0,0,0,0,0,0,0,0,0,0
190009,1,1,1987,14,14,14,14,14,14,14,14,14,14
190009,2,1,1987,0,0,0,0,0,0,0,0,0,0
190010,0,1,1987,0,0,0,10,0,0,20,0,0,0
190010,1,1,1987,0,0,0,0,0,0,0,0,0,0
190011,1,1,1987,25,25,25,25,25,25,25,25,25,25
190012,1,1,1987,0,0,0,0,0,0,0,0,0,0
190012,2,1,1987,21,21,21,21,21,21,21,21,21,21
190013,1,1,1987,0,0,0,0,0,0,0,0,0,0
190013,2,1,1987,0,0,0,0,0,0,0,0,0,0
190014,1,1,1987,21,21,21,21,21,21,21,21,21,21
190015,0,1,1987,0,0,0,0,0,0,0,0,0,0
190015,1,1,1987,0,0,0,0,0,0,0,0,0,0
190016,1,1,1987,19,0,18,0,0,0,7,0,0,0
190016,2,1,1987,0,0,0,0,0,0,0,0,0,0
190016,3,1,1987,0,0,0,0,0,0,0,0,0,0