ST_CASE,VEH_NO,PER_NO,YEAR,P1,P2,P3,P4,P5,P6,P7,P8,P9,P10
190017,1,1,1987,0,0,3,0,0,0,0,0,0,0
190018,1,1,1987,24,24,24,24,24,24,24,24,24,24
190019,1,1,1987,20,20,20,20,20,20,20,20,20,20
190020,1,1,1987,8,8,8,8,8,8,8,8,8,8
190021,1,1,1987,0,0,0,0,0,0,0,0,0,0
190021,2,1,1987,0,0,0,0,0,0,0,0,0,0
190022,1,1,1987,5,5,5,5,5,5,5,5,5,5
190023,1,1,1987,28,28,28,28,28,28,28,28,28,28
190024,0,1,1987,0,0,0,0,0,0,0,0,0,0
190024,1,1,1987,0,0,0,0,0,0,0,0,0,0
190025,1,1,1987,0,0,0,0,0,0,0,0,0,0
190026,1,1,1987,0,0,0,0,0,0,0,0,0,0
190026,2,1,1987,0,0,0,0,0,0,0,0,0,0
190027,1,1,1987,8,14,17,21,5,15,8,17,12,11
190028,1,1,1987,21,21,21,21,21,21,21,21,21,21
190028,2,1,1987,0,0,0,0,0,0,0,0,0,0
190029,0,1,1987,26,26,26,26,26,26,26,26,26,26
190029,1,1,1987,21,15,16,5,14,4,10,9,3,11
190030,1,1,1987,19,19,19,19,19,19,19,19,19,19
190031,1,1,1987,22,22,22,22,22,22,22,22,22,22
190032,0,1,1987,0,0,34,0,0,0,25,0,0,7
190032,1,1,1987,5,5,5,5,5,5,5,5,5,5
190033,1,1,1987,0,0,0,0,0,0,0,0,0,6
190033,2,1,1987,0,0,0,0,0,0,0,0,0,0
190034,1,1,1987,14,14,14,14,14,14,14,14,14,14
190035,1,1,1987,0,0,0,0,0,0,0,0,0,0
190035,2,1,1987,0,0,0,0,0,0,0,0,0,0
190036,1,1,1987,0,0,0,0,0,0,0,0,0,0
190037,1,1,1987,0,0,0,0,0,0,0,0,0,0
190038,1,1,1987,7,7,7,7,7,7,7,7,7,7
190039,1,1,1987,0,0,0,0,0,0,0,0,0,0
190039,2,1,1987,0,0,0,0,0,0,0,0,0,0
190040,1,1,1987,0,0,0,0,0,0,0,0,0,0
190040,2,1,1987,0,0,0,0,0,0,0,0,0,0
190041,1,1,1987,3,0,0,0,6,18,10,29,24,0
190042,1,1,1987,0,0,0,0,0,0,0,0,0,0
190042,2,1,1987,40,40,40,40,40,40,40,40,40,40
190043,1,1,1987,23,23,23,23,23,23,23,23,23,23
190044,1,1,1987,0,0,0,0,0,0,0,0,0,0
190044,2,1,1987,0,0,0,0,0,0,0,0,0,0
190045,1,1,1987,23,23,23,23,23,23,23,23,23,23
190046,1,1,1987,0,0,0,0,17,0,11,0,15,0
190047,1,1,1987,0,0,0,0,0,0,0,0,0,0
190047,2,1,1987,0,0,0,0,0,0,0,0,0,0
190048,1,1,1987,0,0,30,22,31,20,15,24,17,13
190048,2,1,1987,0,0,0,0,0,0,0,0,0,0
190049,1,1,1987,40,6,2,0,13,0,26,0,0,7
190050,1,1,1987,0,0,0,0,0,0,0,0,0,0
190051,1,1,1987,0,4,0,0,0,0,0,0,0,0
190051,2,1,1987,0,0,0,0,9,0,0,0,0,0
190052,1,1,1987,0,0,0,0,0,0,0,0,0,0
190052,2,1,1987,0,0,0,0,0,0,0,0,0,0
190053,1,1,1987,0,0,0,0,0,0,0,0,0,0
190053,2,1,1987,0,0,0,0,0,0,0,0,0,0
190054,1,1,1987,7,7,7,7,7,7,7,7,7,7
190055,0,1,1987,0,0,0,0,0,0,0,0,0,0
190055,1,1,1987,0,0,0,0,0,0,0,9,0,0
190056,1,1,1987,13,13,13,13,13,13,13,13,13,13
190057,1,1,1987,0,0,0,0,0,0,0,0,0,0
190057,2,1,1987,0,0,0,0,0,0,0,0,0,0
190058,1,1,1987,14,14,14,14,14,14,14,14,14,14
190059,1,1,1987,0,0,0,0,0,0,0,0,0,0
190060,1,1,1987,0,0,0,0,0,0,0,0,0,0
190061,1,1,1987,0,0,0,0,0,0,0,0,0,0
190061,2,1,1987,0,0,0,0,0,0,0,0,0,0
190062,1,1,1987,0,0,0,0,0,0,0,0,0,0
190062,2,1,1987,0,0,0,0,0,30,0,0,0,0
190063,1,1,1987,0,0,0,0,0,0,0,0,0,0
190063,2,1,1987,0,0,0,0,0,0,0,0,0,0
190064,1,1,1987,0,0,0,0,0,0,0,0,0,0
190064,2,1,1987,0,0,0,0,0,0,0,0,0,0
190065,1,1,1987,0,0,0,0,0,0,0,0,0,0
190065,2,1,1987,15,0,0,0,0,0,0,0,0,0
190066,1,1,1987,31,31,31,31,31,31,31,31,31,31
190067,1,1,1987,0,0,0,0,0,0,0,0,0,0
190067,2,1,1987,0,0,0,0,0,0,0,0,0,0
190068,1,1,1987,9,9,9,9,9,9,9,9,9,9
190069,1,1,1987,25,25,25,25,25,25,25,25,25,25
190070,1,1,1987,18,18,18,18,18,18,18,18,18,18
190071,0,1,1987,0,0,20,0,9,9,0,25,11,0
190071,0,2,1987,33,33,33,33,33,33,33,33,33,33
190071,1,1,1987,0,0,0,0,0,0,0,0,0,0
190072,1,1,1987,17,17,17,17,17,17,17,17,17,17
190073,1,1,1987,0,0,0,0,0,0,0,0,0,0
190074,1,1,1987,0,0,5,13,0,0,0,10,0,2
190074,2,1,1987,0,0,0,0,0,0,0,0,0,0
190075,1,1,1987,17,17,17,17,17,17,17,17,17,17
190075,2,1,1987,0,0,0,0,0,0,0,0,6,22
190076,1,1,1987,0,0,0,0,0,0,0,0,0,0
190077,1,1,1987,0,0,0,0,0,0,0,0,0,0
190077,2,1,1987,0,0,0,0,0,0,0,0,0,0
190078,1,1,1987,0,0,0,0,0,0,0,0,0,0
190078,2,1,1987,0,0,0,0,0,0,0,0,0,0
190079,1,1,1987,0,0,0,0,0,0,0,0,0,0
190079,2,1,1987,12,12,12,12,12,12,12,12,12,12
190080,1,1,1987,0,0,0,0,0,0,0,0,0,0
190080,2,1,1987,0,0,0,0,0,0,0,0,0,0
190081,1,1,1987,7,22,21,22,17,18,15,22,25,16
190082,1,1,1987,21,21,21,21,21,21,21,21,21,21
190082,2,1,1987,11,11,11,11,11,11,11,11,11,11
190083,1,1,1987,0,0,0,0,0,0,0,0,0,0
190083,2,1,1987,6,6,6,6,6,6,6,6,6,6
190084,1,1,1987,12,12,12,12,12,12,12,12,12,12
190085,1,1,1987,0,0,0,0,0,0,0,0,0,0
190085,2,1,1987,0,0,0,0,0,0,0,0,0,0
190086,1,1,1987,27,27,27,27,27,27,27,27,27,27
190086,2,1,1987,1,1,1,1,1,1,1,1,1,1
190086,3,1,1987,0,0,0,0,0,14,0,0,0,0
190086,4,1,1987,0,0,0,0,0,0,0,0,0,0
190087,1,1,1987,18,18,18,18,18,18,18,18,18,18
190087,2,1,1987,0,0,0,0,0,0,0,0,0,0
190087,3,1,1987,0,0,0,0,7,0,9,0,0,8
190088,1,1,1987,12,13,0,0,13,0,35,29,22,20
190089,1,1,1987,0,0,0,0,0,0,0,0,0,0
190089,2,1,1987,0,0,0,0,0,0,0,0,0,0
190090,1,1,1987,0,0,0,0,0,0,0,0,0,0
190090,2,1,1987,0,0,0,0,0,0,0,0,0,0
190090,3,1,1987,0,0,0,0,0,0,0,0,0,0
190091,1,1,1987,21,21,21,21,21,21,21,21,21,21
190091,2,1,1987,9,9,9,9,9,9,9,9,9,9
190092,1,1,1987,15,15,15,15,15,15,15,15,15,15
190093,1,1,1987,22,22,22,22,22,22,22,22,22,22
190094,1,1,1987,0,0,0,0,0,0,0,0,0,0
190094,2,1,1987,0,0,0,0,0,0,0,0,0,0
190095,1,1,1987,12,12,12,12,12,12,12,12,12,12
190096,1,1,1987,0,0,0,0,0,0,0,0,0,0
190096,2,1,1987,0,0,0,0,0,0,0,0,0,0
190097,1,1,1987,15,15,15,15,15,15,15,15,15,15
190098,1,1,1987,0,0,0,0,0,0,0,0,0,0
190099,1,1,1987,0,0,0,0,0,0,27,0,0,0
190099,2,1,1987,0,0,0,0,0,0,0,0,0,0
190100,1,1,1987,16,16,16,16,16,16,16,16,16,16
190101,1,1,1987,8,11,16,6,16,15,22,16,16,24
190101,2,1,1987,0,0,0,0,0,0,0,0,0,0
190102,1,1,1987,0,0,0,0,0,0,0,0,0,0
190102,2,1,1987,0,0,0,0,0,0,0,0,0,0
190103,1,1,1987,11,11,11,11,11,11,11,11,11,11
190104,1,1,1987,15,15,15,15,15,15,15,15,15,15
190105,1,1,1987,19,19,19,19,19,19,19,19,19,19
190106,1,1,1987,7,7,7,7,7,7,7,7,7,7
190107,1,1,1987,8,8,8,8,8,8,8,8,8,8
190108,1,1,1987,14,14,14,14,14,14,14,14,14,14
190109,1,1,1987,0,0,0,0,0,0,0,0,0,0
190109,2,1,1987,0,0,0,0,0,0,0,0,0,0
190110,1,1,1987,2,2,2,2,2,2,2,2,2,2
190111,1,1,1987,0,0,0,0,0,16,0,0,0,0
190112,1,1,1987,9,9,9,9,9,9,9,9,9,9
190113,1,1,1987,0,0,0,0,0,0,0,0,0,0
190113,2,1,1987,0,0,0,0,0,0,0,0,0,0
190114,1,1,1987,28,28,28,28,28,28,28,28,28,28
190114,2,1,1987,20,20,20,20,20,20,20,20,20,20
190115,1,1,1987,0,0,0,0,0,0,0,0,0,0
190115,2,1,1987,0,0,0,19,0,0,0,13,0,0
190116,1,1,1987,13,13,13,13,13,13,13,13,13,13
190117,1,1,1987,8,8,8,8,8,8,8,8,8,8
190118,1,1,1987,0,0,0,0,0,0,0,0,0,0
190118,2,1,1987,6,6,6,6,6,6,6,6,6,6
190118,3,1,1987,0,0,0,0,0,0,0,0,0,0
190119,1,1,1987,12,12,12,12,12,12,12,12,12,12
190119,2,1,1987,0,0,0,0,0,0,0,0,0,0
190120,1,1,1987,11,11,11,11,11,11,11,11,11,11
190121,1,1,1987,12,12,12,12,12,12,12,12,12,12
190121,2,1,1987,0,0,0,0,0,0,0,0,0,0
190122,1,1,1987,0,0,0,0,0,0,0,0,0,0
190122,2,1,1987,0,0,0,0,0,0,0,0,0,0
190123,1,1,1987,5,5,5,5,5,5,5,5,5,5
190123,2,1,1987,0,0,0,0,0,0,0,0,0,0
190124,1,1,1987,0,0,0,0,0,0,0,0,0,0
190124,2,1,1987,2,2,2,2,2,2,2,2,2,2
190125,1,1,1987,13,13,13,13,13,13,13,13,13,13
190125,2,1,1987,3,3,3,3,3,3,3,3,3,3
190126,1,1,1987,0,24,0,6,4,6,7,0,8,0
190127,1,1,1987,0,0,0,0,0,0,0,0,0,0
190127,2,1,1987,0,0,0,0,0,0,0,0,0,0
190128,1,1,1987,20,20,20,20,20,20,20,20,20,20
190129,1,1,1987,11,0,0,0,0,0,0,0,0,0
190130,1,1,1987,16,16,16,16,16,16,16,16,16,16
190130,2,1,1987,19,0,0,0,0,0,0,0,12,0
190131,1,1,1987,20,20,20,20,20,20,20,20,20,20
190131,2,1,1987,0,0,0,0,0,0,0,0,0,0
190132,1,1,1987,0,0,0,0,0,0,0,0,0,0
190133,1,1,1987,16,16,16,16,16,16,16,16,16,16
190134,1,1,1987,31,18,13,0,13,23,0,25,15,25
190134,2,1,1987,0,0,0,0,0,0,0,0,0,0
190135,1,1,1987,18,18,18,18,18,18,18,18,18,18
190136,1,1,1987,23,23,23,23,23,23,23,23,23,23
190137,1,1,1987,0,0,0,0,0,0,0,0,0,0
190137,2,1,1987,24,24,24,24,24,24,24,24,24,24
190138,1,1,1987,15,14,0,22,10,6,4,6,0,17
190139,1,1,1987,27,27,27,27,27,27,27,27,27,27
190139,2,1,1987,0,0,0,0,0,0,0,0,0,0
190140,1,1,1987,0,0,17,0,11,0,0,0,0,0
190141,1,1,1987,0,0,0,0,0,0,0,0,0,0
190141,2,1,1987,0,0,0,0,0,0,0,0,0,0
190142,1,1,1987,15,15,15,15,15,15,15,15,15,15
190142,2,1,1987,3,3,3,3,3,3,3,3,3,3
190143,1,1,1987,0,0,11,0,0,0,0,0,21,0
190144,1,1,1987,0,0,0,0,0,0,0,0,0,0
190145,1,1,1987,0,0,0,0,0,0,0,0,0,0
190145,2,1,1987,0,0,13,0,0,0,0,24,0,0
190146,1,1,1987,21,21,21,21,21,21,21,21,21,21
190147,1,1,1987,13,12,20,9,0,16,14,26,0,12
190148,1,1,1987,0,0,0,0,0,0,0,0,0,0
190148,2,1,1987,0,0,0,0,0,0,0,0,0,0
190149,1,1,1987,12,12,12,12,12,12,12,12,12,12
190149,2,1,1987,0,0,0,0,0,0,0,0,0,0
190150,1,1,1987,0,0,0,0,0,0,0,0,0,0
190151,1,1,1987,22,22,22,22,22,22,22,22,22,22
190152,0,1,1987,14,0,0,0,0,0,0,0,0,0
190152,1,1,1987,0,0,0,0,0,0,0,0,0,0
190153,1,1,1987,0,0,0,0,0,0,0,0,0,0
190153,2,1,1987,0,0,0,0,0,0,0,0,0,0
190154,0,1,1987,0,24,14,11,26,0,0,0,0,0
190154,1,1,1987,25,25,25,25,25,25,25,25,25,25
190155,1,1,1987,3,3,3,3,3,3,3,3,3,3
190156,1,1,1987,0,0,0,0,0,0,0,0,0,0
190157,0,1,1987,0,26,0,0,16,0,0,0,0,31
190157,1,1,1987,0,0,0,16,0,0,0,0,0,0
190158,1,1,1987,6,6,6,6,6,6,6,6,6,6
190159,1,1,1987,21,21,21,21,21,21,21,21,21,21
190160,1,1,1987,0,0,0,0,0,0,0,0,0,0
190160,2,1,1987,0,0,0,0,0,26,0,0,0,0
190161,0,1,1987,0,0,15,0,0,0,0,0,0,0
190161,1,1,1987,0,0,0,0,0,0,0,0,0,0
190162,1,1,1987,2,2,2,2,2,2,2,2,2,2
190163,1,1,1987,0,0,0,0,0,0,0,0,0,0
190163,2,1,1987,0,0,0,0,0,0,0,0,0,0
190164,1,1,1987,14,14,14,14,14,14,14,14,14,14
190164,2,1,1987,7,7,7,7,7,7,7,7,7,7
190165,1,1,1987,17,17,17,17,17,17,17,17,17,17
190166,1,1,1987,0,0,0,0,0,0,0,0,0,0
190167,1,1,1987,0,0,0,0,0,0,0,0,0,0
190168,1,1,1987,0,0,0,0,0,0,0,0,0,0
190168,2,1,1987,22,22,22,22,22,22,22,22,22,22
190169,1,1,1987,0,0,0,0,0,0,0,0,0,0
190169,2,1,1987,0,0,0,0,0,0,0,0,0,0
190170,1,1,1987,22,22,22,22,22,22,22,22,22,22
190170,2,1,1987,0,0,0,0,0,0,0,0,0,0
190171,1,1,1987,22,22,22,22,22,22,22,22,22,22
190171,2,1,1987,0,0,0,0,0,0,0,0,0,0
190172,0,1,1987,0,0,0,0,0,0,0,0,0,0
190173,1,1,1987,20,20,20,20,20,20,20,20,20,20
190173,2,1,1987,0,0,0,0,0,0,0,0,0,0
190174,1,1,1987,22,22,22,22,22,22,22,22,22,22
190175,0,1,1987,23,0,0,0,0,20,12,0,15,12
190175,1,1,1987,0,0,0,0,0,0,0,0,0,0
190176,1,1,1987,4,4,4,4,4,4,4,4,4,4
190177,1,1,1987,0,0,0,0,0,0,0,0,0,0
190178,1,1,1987,0,0,0,0,0,0,0,0,0,0
190179,1,1,1987,20,20,20,20,20,20,20,20,20,20
190180,1,1,1987,0,0,0,0,0,0,0,0,0,0
190180,2,1,1987,0,0,0,0,0,0,0,0,0,0
190181,1,1,1987,8,8,8,8,8,8,8,8,8,8
190181,2,1,1987,0,0,0,0,0,0,0,0,0,0
190182,1,1,1987,16,16,16,16,16,16,16,16,16,16
190182,2,1,1987,21,21,21,21,21,21,21,21,21,21
190183,1,1,1987,0,0,0,0,0,0,0,0,0,0
190183,2,1,1987,17,0,0,0,0,0,0,0,0,0
190184,1,1,1987,0,17,0,0,6,0,0,18,0,0
190185,1,1,1987,0,0,0,0,0,0,0,0,0,0
190185,2,1,1987,0,0,0,0,0,0,0,0,0,0
190185,3,1,1987,0,0,0,0,0,0,0,0,0,0
190185,4,1,1987,0,0,0,0,0,0,0,0,0,0
190186,1,1,1987,0,0,0,0,0,0,0,0,0,0
190186,2,1,1987,0,0,0,0,0,0,0,0,0,0
190187,1,1,1987,16,16,16,16,16,16,16,16,16,16
190188,1,1,1987,0,0,0,0,0,0,0,0,0,0
190189,1,1,1987,0,0,0,0,0,0,0,0,0,0
190189,2,1,1987,19,19,19,19,19,19,19,19,19,19
190190,1,1,1987,5,5,5,5,5,5,5,5,5,5
190190,2,1,1987,0,0,0,0,0,16,0,0,0,0
190191,1,1,1987,0,0,0,0,0,0,0,0,0,0
190191,2,1,1987,0,0,0,0,0,0,0,0,0,0
190192,1,1,1987,6,6,6,6,6,6,6,6,6,6
190193,1,1,1987,0,0,0,0,0,19,0,0,0,0
190194,1,1,1987,0,0,0,0,0,0,0,0,0,0
190194,2,1,1987,0,0,0,0,0,0,0,0,0,0
190195,1,1,1987,7,7,7,7,7,7,7,7,7,7
190196,1,1,1987,0,0,0,0,0,0,0,0,0,0
190196,2,1,1987,0,0,0,0,0,0,0,0,0,0
190197,1,1,1987,13,13,13,13,13,13,13,13,13,13
190198,1,1,1987,0,0,0,0,0,0,0,0,11,0
190198,2,1,1987,15,15,15,15,15,15,15,15,15,15
190199,1,1,1987,17,17,17,17,17,17,17,17,17,17
190200,1,1,1987,0,0,0,0,0,0,0,0,0,11
190200,2,1,1987,0,0,7,0,11,0,0,0,0,0
190201,1,1,1987,0,0,0,0,0,0,0,0,0,0
190201,2,1,1987,0,0,0,0,0,0,0,0,0,0
190202,1,1,1987,0,0,0,8,0,0,0,0,0,0
190202,2,1,1987,0,0,0,0,0,0,0,0,0,0
190202,3,1,1987,0,0,0,0,0,0,0,0,0,0
190202,4,1,1987,0,0,0,0,0,0,0,0,0,0
190202,5,1,1987,0,0,0,0,0,0,0,0,0,0
190203,1,1,1987,0,0,0,0,0,0,0,0,0,0
190203,2,1,1987,0,0,0,15,0,0,0,0,0,0
190204,1,1,1987,13,13,13,13,13,13,13,13,13,13
190205,1,1,1987,0,0,0,0,0,0,0,0,0,0
190205,2,1,1987,0,0,0,0,0,0,0,0,0,0
190206,1,1,1987,15,15,15,15,15,15,15,15,15,15
190207,0,1,1987,0,0,0,0,0,0,34,0,0,21
190207,1,1,1987,0,0,0,0,0,0,0,34,0,0
190208,1,1,1987,1,1,1,1,1,1,1,1,1,1
190208,2,1,1987,9,9,9,9,9,9,9,9,9,9
190209,1,1,1987,0,9,0,0,0,19,12,0,0,15
190210,0,1,1987,0,0,0,0,0,0,0,0,0,0
190210,1,1,1987,17,17,17,17,17,17,17,17,17,17
190211,1,1,1987,9,9,9,9,9,9,9,9,9,9
190212,1,1,1987,0,0,0,0,0,0,8,0,0,0
190212,2,1,1987,0,0,0,0,0,0,0,0,0,0
190213,1,1,1987,17,17,17,17,17,17,17,17,17,17
190213,2,1,1987,0,0,0,0,0,0,0,0,0,0
190214,1,1,1987,8,8,8,8,8,8,8,8,8,8
190215,1,1,1987,0,0,0,0,0,0,0,0,0,0
190215,2,1,1987,0,0,0,0,0,0,0,0,0,0
190216,1,1,1987,0,0,0,0,0,0,0,0,0,0
190216,2,1,1987,0,0,0,0,0,0,0,0,0,0
190217,1,1,1987,21,21,21,21,21,21,21,21,21,21
190218,1,1,1987,13,13,13,13,13,13,13,13,13,13
190219,1,1,1987,8,14,9,17,21,2,32,16,0,16
190220,1,1,1987,0,0,0,0,0,0,0,0,0,0
190220,2,1,1987,0,0,0,0,0,0,0,0,0,0
190221,0,1,1987,0,0,0,0,0,0,0,0,0,0
190221,1,1,1987,0,0,0,0,0,0,0,0,0,0
190222,1,1,1987,36,36,36,36,36,36,36,36,36,36
190222,2,1,1987,0,0,0,0,0,0,0,0,0,0
190223,1,1,1987,0,0,0,0,0,0,0,0,0,0
190223,2,1,1987,5,5,5,5,5,5,5,5,5,5
190224,1,1,1987,19,19,19,19,19,19,19,19,19,19
190224,2,1,1987,0,0,0,0,0,0,0,0,0,0
190224,3,1,1987,0,0,0,0,0,0,0,0,0,0
190225,1,1,1987,0,0,0,0,0,0,0,0,0,0
190226,1,1,1987,10,10,10,10,10,10,10,10,10,10
190226,2,1,1987,0,0,0,0,0,0,0,0,0,0
190227,1,1,1987,0,0,0,0,0,0,0,0,0,0
190228,1,1,1987,0,0,0,0,0,0,0,0,0,0
190228,2,1,1987,0,0,0,0,0,0,0,0,0,0
190229,1,1,1987,0,0,0,0,10,0,0,0,0,0
190229,2,1,1987,0,0,0,0,0,0,0,0,0,0
190230,1,1,1987,0,0,0,9,12,0,0,0,0,0
190230,2,1,1987,0,0,0,0,0,0,0,0,0,0
190231,1,1,1987,4,4,4,4,4,4,4,4,4,4
190231,2,1,1987,13,10,18,21,13,21,6,20,5,30
190232,1,1,1987,31,31,31,31,31,31,31,31,31,31
190233,1,1,1987,0,0,0,0,0,0,0,0,0,0
190234,0,1,1987,0,0,0,16,0,0,0,27,0,0
190234,1,1,1987,0,0,0,0,0,0,0,0,0,0
190235,1,1,1987,0,0,0,0,0,0,0,0,0,0
190236,1,1,1987,31,31,31,31,31,31,31,31,31,31
190237,1,1,1987,0,0,0,0,0,0,0,0,0,0
190237,2,1,1987,0,0,0,0,0,0,0,0,0,0
190238,1,1,1987,27,27,27,27,27,27,27,27,27,27
190239,1,1,1987,0,0,0,0,0,29,0,0,0,0
190239,2,1,1987,0,0,0,0,0,0,0,0,0,0
190240,1,1,1987,0,0,0,0,0,0,0,0,0,0
190241,1,1,1987,17,17,17,17,17,17,17,17,17,17
190242,0,1,1987,0,0,0,0,0,0,0,0,0,0
190242,1,1,1987,0,0,0,0,4,0,0,0,0,0
190243,1,1,1987,8,17,41,11,14,18,15,24,10,8
190244,1,1,1987,3,3,3,3,3,3,3,3,3,3
190245,1,1,1987,0,0,0,0,0,0,0,0,0,0
190245,2,1,1987,0,0,0,0,0,0,5,0,0,0
190246,1,1,1987,0,0,0,0,0,0,0,0,0,0
190246,2,1,1987,0,0,0,5,0,0,0,0,0,0
190247,0,1,1987,0,0,0,0,0,7,0,0,0,19
190247,1,1,1987,0,0,0,0,0,0,0,0,0,0
190248,1,1,1987,0,0,0,0,0,0,0,0,0,0
190248,2,1,1987,0,0,0,0,0,0,0,0,0,0
190249,1,1,1987,0,0,0,0,0,0,0,0,0,0
190250,1,1,1987,7,7,7,7,7,7,7,7,7,7
190250,2,1,1987,0,0,17,0,0,0,0,0,0,0
190251,0,1,1987,0,18,36,0,26,20,0,0,11,0
190251,1,1,1987,0,0,0,0,0,0,0,0,0,0
190252,1,1,1987,0,0,0,0,0,0,0,0,0,0
190252,2,1,1987,13,13,13,13,13,13,13,13,13,13
190253,1,1,1987,41,41,41,41,41,41,41,41,41,41
190254,1,1,1987,7,4,13,3,24,14,15,23,5,13
190255,1,1,1987,0,0,0,0,0,0,0,0,0,0
190255,2,1,1987,0,0,3,0,0,0,0,0,0,16
190256,0,1,1987,6,0,0,0,0,0,0,0,0,0
190256,1,1,1987,4,4,4,4,4,4,4,4,4,4
190257,1,1,1987,0,22,33,0,0,0,9,17,0,0
190258,1,1,1987,10,10,10,10,10,10,10,10,10,10
190259,1,1,1987,0,0,0,0,0,0,0,0,0,0
190259,2,1,1987,0,0,0,0,0,0,0,0,0,0
190260,1,1,1987,5,19,9,25,17,14,12,27,0,9
190261,1,1,1987,0,0,0,0,0,0,0,0,0,0
190261,2,1,1987,0,0,0,0,0,0,0,0,0,0
190262,1,1,1987,0,0,0,0,0,0,0,0,0,0
190263,1,1,1987,23,23,23,23,23,23,23,23,23,23
190264,1,1,1987,0,0,0,0,0,0,0,0,0,0
190264,2,1,1987,0,0,0,0,0,0,0,0,0,0
190265,1,1,1987,1,1,1,1,1,1,1,1,1,1
190265,2,1,1987,8,8,8,8,8,8,8,8,8,8
190266,1,1,1987,15,15,15,15,15,15,15,15,15,15
190267,1,1,1987,0,0,0,0,0,0,0,0,0,0
190267,2,1,1987,0,0,0,0,0,0,0,0,0,0
190268,1,1,1987,0,0,0,0,0,0,0,0,0,0
190268,2,1,1987,0,0,0,0,0,0,0,0,0,0
190269,1,1,1987,0,0,0,0,0,0,0,0,0,0
190270,1,1,1987,0,0,0,0,0,0,0,0,0,0
190270,2,1,1987,0,0,0,0,0,0,0,0,0,0
190271,1,1,1987,21,21,21,21,21,21,21,21,21,21
190272,0,1,1987,0,0,0,0,0,0,0,0,0,0
190272,1,1,1987,0,0,0,0,0,0,0,0,0,0
190273,1,1,1987,15,15,15,15,15,15,15,15,15,15
190274,1,1,1987,8,8,8,8,8,8,8,8,8,8
190275,1,1,1987,0,0,0,27,0,0,0,0,0,0
190275,2,1,1987,21,21,21,21,21,21,21,21,21,21
190276,1,1,1987,15,15,15,15,15,15,15,15,15,15
190277,0,1,1987,0,0,0,0,0,20,0,0,0,20
190277,1,1,1987,0,0,0,0,0,0,0,0,0,0
190278,1,1,1987,21,21,21,21,21,21,21,21,21,21
190279,1,1,1987,0,0,0,0,0,0,0,0,0,0
190279,2,1,1987,0,0,0,0,0,0,0,0,0,0
190280,1,1,1987,13,13,13,13,13,13,13,13,13,13
190281,1,1,1987,0,0,0,0,0,0,0,0,0,0
190281,2,1,1987,17,17,17,17,17,17,17,17,17,17
190282,1,1,1987,20,20,20,20,20,20,20,20,20,20
190283,1,1,1987,0,0,0,0,0,0,0,0,0,0
190283,2,1,1987,0,0,0,0,0,0,0,0,0,0
190284,1,1,1987,0,0,0,0,0,0,0,0,0,0
190285,1,1,1987,0,0,0,0,0,0,0,0,0,0
190285,2,1,1987,0,0,0,0,0,0,0,0,0,0
190286,1,1,1987,0,0,0,0,0,0,0,0,0,0
190287,1,1,1987,0,11,8,13,8,18,9,0,6,0
190288,1,1,1987,5,5,5,5,5,5,5,5,5,5
190288,2,1,1987,0,0,0,0,0,0,0,0,0,9
190289,1,1,1987,0,0,0,0,0,0,0,0,0,0
190290,1,1,1987,26,26,26,26,26,26,26,26,26,26
190291,1,1,1987,15,15,15,15,15,15,15,15,15,15
190291,2,1,1987,17,17,17,17,17,17,17,17,17,17
190292,1,1,1987,0,0,20,0,0,0,13,0,0,0
190293,1,1,1987,0,0,0,0,0,0,0,0,0,0
190293,2,1,1987,0,0,0,0,0,5,0,0,0,0
190294,1,1,1987,0,0,0,0,0,0,0,0,0,0
190294,2,1,1987,0,0,0,0,0,0,0,0,0,0
190295,1,1,1987,14,14,14,14,14,14,14,14,14,14
190296,1,1,1987,3,3,3,3,3,3,3,3,3,3
190297,1,1,1987,0,0,0,0,0,0,0,0,0,0
190297,2,1,1987,1,1,1,1,1,1,1,1,1,1
190298,1,1,1987,19,22,20,0,17,0,12,0,15,26
190299,1,1,1987,0,0,0,0,0,0,0,0,0,0
190299,2,1,1987,0,0,0,0,0,0,0,0,0,0
190300,1,1,1987,20,20,20,20,20,20,20,20,20,20
190301,1,1,1987,25,25,25,25,25,25,25,25,25,25
190302,1,1,1987,0,0,0,0,0,0,0,0,0,0
190303,1,1,1987,0,0,0,0,0,0,0,0,0,0
190303,2,1,1987,0,0,0,0,0,0,0,0,0,0
190304,1,1,1987,0,0,0,0,0,0,0,0,0,0
190304,2,1,1987,0,0,0,0,0,0,0,0,0,0
190305,1,1,1987,0,0,0,0,0,0,0,0,0,0
190306,1,1,1987,21,21,21,21,21,21,21,21,21,21
190307,1,1,1987,0,0,0,0,0,0,0,0,0,0
190307,2,1,1987,22,22,22,22,22,22,22,22,22,22
190308,1,1,1987,0,0,0,0,0,0,0,0,0,0
190308,2,1,1987,0,0,0,0,0,0,0,0,0,0
190309,1,1,1987,0,0,0,0,0,0,10,0,0,0
190309,2,1,1987,12,0,0,0,0,0,0,0,0,0
190310,1,1,1987,0,0,0,0,0,0,0,0,0,0
190310,2,1,1987,0,0,0,0,0,0,0,0,0,0