ST_CASE,VEH_NO,PER_NO,YEAR,P1,P2,P3,P4,P5,P6,P7,P8,P9,P10
190311,1,1,1987,24,24,24,24,24,24,24,24,24,24
190312,1,1,1987,3,3,3,3,3,3,3,3,3,3
190313,1,1,1987,26,26,26,26,26,26,26,26,26,26
190314,1,1,1987,0,0,0,0,0,0,0,0,0,0
190315,1,1,1987,0,0,0,0,0,0,0,0,0,0
190316,1,1,1987,0,0,0,0,0,0,0,0,0,0
190316,2,1,1987,21,21,21,21,21,21,21,21,21,21
190317,1,1,1987,13,13,13,13,13,13,13,13,13,13
190317,2,1,1987,0,7,0,11,2,0,3,6,25,0
190318,1,1,1987,0,0,0,0,0,0,0,0,0,0
190318,2,1,1987,0,0,0,0,0,0,0,0,0,0
190319,1,1,1987,0,0,0,0,0,0,0,0,0,0
190319,2,1,1987,0,0,0,0,0,0,0,0,0,0
190320,1,1,1987,0,0,0,0,0,0,0,0,0,0
190320,2,1,1987,11,0,0,0,0,0,0,0,0,0
190321,1,1,1987,0,0,0,0,0,0,0,0,0,0
190322,1,1,1987,0,0,0,0,0,0,0,0,0,0
190323,1,1,1987,11,11,11,11,11,11,11,11,11,11
190323,2,1,1987,0,0,0,0,0,0,0,0,0,0
190324,0,1,1987,0,0,0,20,0,0,0,0,0,0
190324,1,1,1987,0,0,0,0,0,0,0,0,0,0
190325,1,1,1987,0,0,0,0,0,0,0,0,0,0
190326,1,1,1987,0,0,0,0,0,0,0,0,0,0
190326,2,1,1987,0,0,0,0,0,0,0,0,0,0
190327,1,1,1987,0,0,0,0,0,0,0,0,0,0
190327,2,1,1987,0,0,0,0,0,0,0,0,0,0
190327,3,1,1987,0,0,0,0,0,0,0,0,0,0
190328,1,1,1987,0,0,0,0,11,0,0,0,4,0
190328,2,1,1987,0,0,0,0,0,0,0,0,0,0
190329,1,1,1987,18,18,18,18,18,18,18,18,18,18
190330,0,1,1987,0,0,0,0,0,0,0,0,0,0
190330,1,1,1987,0,0,0,0,0,0,0,0,0,0
190331,1,1,1987,0,0,0,0,0,0,0,0,0,0
190331,2,1,1987,0,0,0,0,0,0,0,0,0,0
190332,1,1,1987,25,25,25,25,25,25,25,25,25,25
190333,1,1,1987,0,0,0,0,0,0,13,0,0,0
190334,1,1,1987,0,0,0,0,0,0,0,0,0,0
190334,2,1,1987,0,0,0,0,0,0,0,0,0,0
190334,3,1,1987,0,0,6,0,8,0,0,0,8,0
190335,1,1,1987,0,0,0,0,0,0,0,0,0,10
190335,2,1,1987,2,2,2,2,2,2,2,2,2,2
190336,0,1,1987,13,16,9,0,0,0,0,0,28,28
190336,1,1,1987,39,39,39,39,39,39,39,39,39,39
190337,1,1,1987,0,0,12,0,0,0,7,0,0,0
190338,1,1,1987,0,0,0,0,0,0,0,0,0,0
190339,1,1,1987,29,29,29,29,29,29,29,29,29,29
190340,1,1,1987,0,0,0,0,0,0,0,0,0,0
190341,1,1,1987,0,0,0,0,0,0,0,0,0,0
190341,2,1,1987,0,0,0,0,0,0,0,0,0,0
190342,1,1,1987,0,0,0,0,0,0,0,0,0,0
190343,1,1,1987,0,0,0,0,0,0,0,0,0,0
190343,2,1,1987,0,0,0,0,0,0,0,0,0,0
190344,1,1,1987,0,0,0,0,0,0,0,0,0,0
190344,2,1,1987,0,0,0,0,0,0,0,0,0,0
190345,1,1,1987,0,0,0,0,0,0,0,0,0,0
190346,1,1,1987,0,0,0,0,0,0,0,0,0,0
190347,0,1,1987,0,0,0,0,0,0,0,0,0,0
190347,1,1,1987,0,0,0,0,0,0,0,0,0,0
190348,1,1,1987,13,13,13,13,13,13,13,13,13,13
190349,1,1,1987,0,0,0,0,0,0,0,0,0,0
190350,1,1,1987,0,0,0,0,0,0,0,0,0,0
190350,2,1,1987,14,0,0,0,0,0,0,0,0,0
190351,1,1,1987,0,0,0,0,0,0,0,0,0,0
190352,1,1,1987,28,28,28,28,28,28,28,28,28,28
190353,1,1,1987,0,0,0,0,0,0,18,0,0,10
190354,0,1,1987,0,0,0,0,17,0,0,0,20,0
190354,1,1,1987,0,0,0,0,0,0,0,0,0,0
190355,1,1,1987,0,0,0,0,0,0,0,2,0,0
190355,2,1,1987,0,0,0,0,0,0,0,0,0,0
190356,0,1,1987,0,8,0,36,0,0,0,8,20,0
190356,1,1,1987,0,0,0,0,0,0,0,0,0,0
190357,1,1,1987,0,0,0,0,24,0,0,0,0,0
190357,2,1,1987,0,0,0,0,0,0,0,0,0,0
190358,1,1,1987,0,0,0,0,0,0,0,0,0,0
190358,2,1,1987,0,0,0,0,0,0,0,3,0,0
190359,0,1,1987,0,0,16,0,0,0,0,0,0,0
190359,0,2,1987,10,0,0,0,0,0,0,0,0,0
190359,0,3,1987,0,0,0,0,0,0,0,0,0,0
190359,1,1,1987,16,16,16,16,16,16,16,16,16,16
190360,1,1,1987,0,0,0,0,0,0,0,0,0,0
190361,1,1,1987,0,0,0,0,0,0,0,0,0,0
190362,1,1,1987,15,15,15,15,15,15,15,15,15,15
190363,1,1,1987,0,0,0,0,0,0,0,0,0,0
190364,1,1,1987,14,14,14,14,14,14,14,14,14,14
190365,1,1,1987,0,0,0,11,0,8,0,0,0,0
190366,1,1,1987,0,0,0,0,0,0,0,0,0,0
190366,2,1,1987,16,16,16,16,16,16,16,16,16,16
190367,0,1,1987,18,0,0,0,0,0,0,0,0,0
190367,1,1,1987,0,0,0,0,0,0,0,0,0,0
190369,1,1,1987,18,18,18,18,18,18,18,18,18,18
190370,0,1,1987,0,0,0,0,0,0,0,11,0,0
190370,1,1,1987,0,0,0,0,0,0,0,0,0,0
190371,1,1,1987,0,0,0,0,0,0,0,0,0,0
190371,2,1,1987,0,0,0,0,0,0,0,0,0,0
190372,1,1,1987,0,0,0,0,0,0,0,0,0,0
190372,2,1,1987,0,0,0,0,0,0,0,0,0,0
190373,1,1,1987,0,0,0,0,0,0,0,0,0,0
190373,2,1,1987,0,0,0,0,0,0,0,0,0,0
190374,1,1,1987,0,16,0,6,12,0,0,8,0,15
190375,1,1,1987,0,0,0,0,0,0,0,0,0,0
190375,2,1,1987,0,0,0,0,0,0,0,0,0,0
190376,1,1,1987,19,19,19,19,19,19,19,19,19,19
190377,1,1,1987,17,17,17,17,17,17,17,17,17,17
190378,0,1,1987,0,20,0,0,0,0,0,5,0,0
190378,1,1,1987,29,29,29,29,29,29,29,29,29,29
190379,1,1,1987,0,0,0,0,0,0,0,0,0,0
190380,1,1,1987,0,0,0,0,0,0,0,0,0,0
190380,2,1,1987,0,0,0,0,0,0,7,0,0,0
190381,1,1,1987,0,0,0,0,0,0,0,0,0,0
190381,2,1,1987,0,0,0,0,0,0,0,0,0,0
190382,1,1,1987,0,0,0,0,0,0,0,0,0,0
190382,2,1,1987,0,0,0,0,0,0,0,0,0,0
190383,0,1,1987,0,9,35,0,16,54,0,0,24,23
190383,1,1,1987,0,0,0,0,0,0,0,18,0,0
190384,1,1,1987,0,0,0,0,0,0,0,0,0,0
190384,2,1,1987,0,0,0,0,0,0,0,0,0,0
190385,1,1,1987,0,0,0,0,0,0,0,0,0,0
190385,2,1,1987,0,0,0,0,0,0,0,0,0,29
190386,1,1,1987,14,14,14,14,14,14,14,14,14,14
190387,1,1,1987,15,0,0,0,12,16,16,11,0,14
190388,1,1,1987,22,22,22,22,22,22,22,22,22,22
190389,1,1,1987,0,0,0,0,0,0,0,0,0,0
190389,2,1,1987,0,0,0,0,0,0,0,0,0,7
190390,1,1,1987,0,0,0,0,0,0,0,0,0,0
190390,2,1,1987,18,18,18,18,18,18,18,18,18,18
190391,1,1,1987,0,0,0,0,0,0,0,0,0,0
190391,2,1,1987,0,0,0,0,0,0,0,0,0,0
190392,1,1,1987,17,17,17,17,17,17,17,17,17,17
190392,2,1,1987,0,0,0,0,0,0,0,0,0,0
190393,1,1,1987,1,1,1,1,1,1,1,1,1,1
190393,2,1,1987,15,15,15,15,15,15,15,15,15,15
190394,0,1,1987,0,0,0,0,0,14,7,0,0,0
190394,1,1,1987,0,0,0,0,0,0,0,0,0,0
190395,1,1,1987,22,22,22,22,22,22,22,22,22,22
190395,2,1,1987,10,10,10,10,10,10,10,10,10,10
190396,1,1,1987,10,10,10,10,10,10,10,10,10,10
190397,1,1,1987,0,0,0,0,0,0,0,0,0,0
190397,2,1,1987,0,0,0,0,0,0,0,0,0,0
190398,1,1,1987,0,0,0,0,0,0,0,0,0,0
190398,2,1,1987,0,0,0,0,0,0,0,0,0,0
190399,1,1,1987,25,25,25,25,25,25,25,25,25,25
190400,1,1,1987,18,18,18,18,18,18,18,18,18,18
190401,1,1,1987,13,13,13,13,13,13,13,13,13,13
190401,2,1,1987,0,0,0,0,0,0,0,9,0,0
190402,1,1,1987,0,0,0,0,0,0,0,0,0,0
190402,2,1,1987,0,0,0,0,0,0,0,0,0,0
190402,3,1,1987,0,0,0,0,0,0,0,0,0,0
190403,1,1,1987,30,30,30,30,30,30,30,30,30,30
190404,1,1,1987,0,0,0,0,0,0,0,0,0,0
190404,2,1,1987,0,0,0,0,0,0,0,0,0,0
190405,1,1,1987,0,0,0,0,0,0,0,0,0,0
190405,2,1,1987,10,0,0,0,0,0,0,0,0,0
190405,3,1,1987,0,0,0,0,19,0,0,0,22,0
190406,1,1,1987,15,15,15,15,15,15,15,15,15,15
190407,1,1,1987,14,14,14,14,14,14,14,14,14,14
190408,1,1,1987,30,30,30,30,30,30,30,30,30,30
190409,1,1,1987,11,11,11,11,11,11,11,11,11,11
190410,1,1,1987,19,19,19,19,19,19,19,19,19,19
190410,2,1,1987,0,0,0,27,0,0,0,0,0,0
190411,1,1,1987,26,26,26,26,26,26,26,26,26,26
190412,1,1,1987,17,17,17,17,17,17,17,17,17,17
190413,0,1,1987,0,0,0,0,0,0,0,0,0,0
190413,1,1,1987,0,0,0,0,0,0,0,11,0,19
190414,1,1,1987,0,0,0,0,0,0,0,0,0,0
190414,2,1,1987,0,0,0,0,0,0,0,0,0,0
190415,1,1,1987,16,16,16,16,16,16,16,16,16,16
190416,1,1,1987,0,0,0,0,0,0,0,0,0,0
190416,2,1,1987,0,0,0,0,0,0,0,0,0,0
190417,1,1,1987,12,12,12,12,12,12,12,12,12,12
190417,2,1,1987,47,47,47,47,47,47,47,47,47,47
190418,1,1,1987,0,0,0,0,0,0,19,0,0,0
190419,1,1,1987,29,29,29,29,29,29,29,29,29,29
190420,1,1,1987,0,0,0,0,0,0,0,0,0,0
190421,0,1,1987,0,0,0,34,0,0,0,0,0,0
190421,1,1,1987,0,0,0,0,0,0,0,0,0,0
190422,1,1,1987,31,31,31,31,31,31,31,31,31,31
190422,2,1,1987,0,19,10,19,0,0,13,24,10,30
190423,1,1,1987,16,16,16,16,16,16,16,16,16,16
190423,2,1,1987,0,0,0,0,0,0,0,0,0,0
190424,1,1,1987,23,23,23,23,23,23,23,23,23,23
190425,1,1,1987,0,0,0,0,0,0,0,0,0,0
190425,2,1,1987,0,0,0,0,0,0,0,0,0,0
190426,1,1,1987,0,0,0,0,0,0,0,0,0,0
190427,1,1,1987,0,0,0,0,0,0,0,0,0,10
190427,2,1,1987,0,0,0,0,0,0,0,0,0,0
190428,1,1,1987,33,33,33,33,33,33,33,33,33,33
190429,1,1,1987,0,0,0,0,0,0,0,0,0,0
190430,0,1,1987,0,0,0,18,0,0,0,0,6,0
190430,1,1,1987,0,0,0,0,0,0,0,0,0,0
190431,1,1,1987,0,0,0,0,0,0,0,0,0,0
190431,2,1,1987,0,0,0,0,0,0,0,0,0,0
190432,1,1,1987,0,0,0,0,0,0,0,0,0,0
190432,2,1,1987,0,0,0,0,0,0,0,0,0,0
190433,1,1,1987,20,20,20,20,20,20,20,20,20,20
190433,2,1,1987,0,0,0,0,0,0,0,0,22,0
190434,1,1,1987,1,1,1,1,1,1,1,1,1,1
190434,2,1,1987,0,0,0,0,0,0,0,0,0,0
190434,3,1,1987,0,0,0,0,0,0,0,0,0,0
190435,0,1,1987,0,0,0,0,0,0,0,0,0,0
190435,1,1,1987,0,0,0,0,0,0,0,0,0,0
190437,1,1,1987,0,0,0,0,0,0,0,0,0,0
190437,2,1,1987,0,0,0,0,0,0,0,0,0,0
190437,3,1,1987,0,0,0,0,0,0,0,0,0,0
190438,1,1,1987,0,0,0,0,0,0,0,0,0,0
190439,1,1,1987,0,0,0,0,0,0,0,0,0,0
190439,2,1,1987,0,0,0,0,0,0,0,0,0,0
190440,1,1,1987,15,15,15,15,15,15,15,15,15,15
190441,1,1,1987,15,15,15,15,15,15,15,15,15,15
190441,2,1,1987,0,0,0,0,0,0,6,0,0,0
190442,1,1,1987,20,20,20,20,20,20,20,20,20,20
190442,2,1,1987,24,24,24,24,24,24,24,24,24,24
190443,1,1,1987,0,0,0,0,0,0,0,0,0,0
190443,2,1,1987,0,0,0,0,0,0,0,0,0,0
190444,1,1,1987,19,4,0,19,0,0,6,11,25,6
190445,1,1,1987,0,0,0,0,0,0,0,0,0,0
190445,2,1,1987,0,0,0,0,0,0,0,0,0,0
200001,1,1,1987,11,11,11,11,11,11,11,11,11,11
200002,1,1,1987,0,0,0,0,0,0,0,0,0,0
200002,2,1,1987,22,22,22,22,22,22,22,22,22,22
200003,1,1,1987,10,19,0,18,0,25,29,36,0,21
200004,1,1,1987,0,0,0,0,0,0,0,0,0,0
200004,2,1,1987,6,6,6,6,6,6,6,6,6,6
200005,1,1,1987,0,0,0,0,0,0,0,0,0,0
200005,2,1,1987,0,0,0,0,0,0,0,0,0,0
200006,0,1,1987,0,0,5,2,0,0,29,2,0,5
200006,1,1,1987,9,9,9,9,9,9,9,9,9,9
200007,1,1,1987,0,0,0,0,0,0,0,0,0,0
200007,2,1,1987,25,25,25,25,25,25,25,25,25,25
200008,1,1,1987,18,18,18,18,18,18,18,18,18,18
200008,2,1,1987,0,0,0,0,0,0,0,0,0,0
200009,1,1,1987,18,18,18,18,18,18,18,18,18,18
200010,0,1,1987,0,0,0,0,0,0,0,0,0,0
200010,1,1,1987,0,0,0,0,0,0,0,0,10,0
200011,1,1,1987,0,0,0,0,0,0,0,0,0,0
200012,1,1,1987,12,12,12,12,12,12,12,12,12,12
200013,1,1,1987,26,26,26,26,26,26,26,26,26,26
200015,1,1,1987,0,0,0,0,0,0,0,0,0,0
200015,2,1,1987,0,0,0,0,0,0,0,0,0,0
200016,1,1,1987,0,0,0,0,0,0,0,0,0,0
200016,2,1,1987,0,0,0,0,0,0,0,0,0,0
200017,1,1,1987,0,0,0,0,0,0,0,0,0,0
200018,1,1,1987,29,29,29,29,29,29,29,29,29,29
200019,1,1,1987,8,8,8,8,8,8,8,8,8,8
200019,2,1,1987,0,0,0,0,0,0,0,0,0,0
200020,1,1,1987,0,0,0,0,0,0,0,0,0,0
200020,2,1,1987,0,0,0,0,0,0,0,0,0,0
200021,1,1,1987,0,0,0,0,0,0,0,0,0,0
200021,2,1,1987,17,17,17,17,17,17,17,17,17,17
200022,1,1,1987,15,15,15,15,15,15,15,15,15,15
200023,1,1,1987,28,28,28,28,28,28,28,28,28,28
200024,1,1,1987,0,0,0,0,0,0,0,0,0,0
200024,2,1,1987,0,0,0,0,0,0,0,0,0,0
200025,1,1,1987,0,0,0,0,0,0,0,0,0,0
200026,1,1,1987,21,21,21,21,21,21,21,21,21,21
200027,1,1,1987,13,13,13,13,13,13,13,13,13,13
200028,1,1,1987,14,14,14,14,14,14,14,14,14,14
200029,1,1,1987,0,21,0,21,0,0,16,0,0,0
200030,1,1,1987,0,0,0,0,0,0,0,0,0,0
200031,1,1,1987,0,0,0,0,0,0,0,0,11,0
200031,2,1,1987,0,0,0,0,0,0,0,0,0,0
200032,1,1,1987,0,0,0,0,0,0,0,0,0,0
200032,2,1,1987,0,0,0,0,0,0,0,0,0,0
200033,1,1,1987,0,0,0,0,0,0,0,0,0,0
200033,2,1,1987,0,0,0,0,0,0,0,0,0,0
200033,3,1,1987,0,0,0,0,0,0,0,0,0,0
200033,4,1,1987,0,0,0,0,0,0,0,0,0,0
200034,1,1,1987,13,13,13,13,13,13,13,13,13,13
200035,1,1,1987,0,0,0,0,0,0,0,0,0,0
200036,1,1,1987,0,0,0,0,0,0,0,0,0,0
200036,2,1,1987,0,0,0,0,0,0,0,0,0,0
200037,1,1,1987,0,0,0,0,0,0,0,0,0,0
200038,1,1,1987,0,0,0,0,0,0,0,0,0,0
200038,2,1,1987,0,0,0,0,0,0,0,0,0,0
200039,1,1,1987,0,0,26,23,5,0,0,0,9,0
200039,2,1,1987,11,11,11,11,11,11,11,11,11,11
200040,1,1,1987,17,17,17,17,17,17,17,17,17,17
200041,1,1,1987,22,22,22,22,22,22,22,22,22,22
200041,2,1,1987,0,0,0,0,0,0,0,9,0,0
200042,1,1,1987,13,13,13,13,13,13,13,13,13,13
200042,2,1,1987,5,5,5,5,5,5,5,5,5,5
200043,1,1,1987,28,28,28,28,28,28,28,28,28,28
200044,1,1,1987,30,30,30,30,30,30,30,30,30,30
200044,2,1,1987,9,36,0,0,0,0,0,0,0,0
200045,1,1,1987,0,0,0,0,0,0,6,0,0,0
200045,2,1,1987,0,0,0,0,0,0,0,0,0,0
200046,1,1,1987,0,0,0,0,0,0,0,0,0,0
200046,2,1,1987,0,0,0,0,0,0,0,0,0,0
200047,1,1,1987,0,0,0,0,0,0,0,0,0,0
200047,2,1,1987,0,0,0,0,0,0,0,0,0,0
200047,3,1,1987,0,0,0,0,13,0,0,0,0,0
200048,1,1,1987,22,22,22,22,22,22,22,22,22,22
200048,2,1,1987,0,0,0,0,0,0,0,0,0,0
200049,1,1,1987,11,11,11,11,11,11,11,11,11,11
200050,1,1,1987,0,0,0,0,0,0,0,0,0,0
200051,1,1,1987,0,0,0,0,0,0,0,0,0,4
200051,2,1,1987,0,0,0,0,0,0,0,0,0,0
200052,1,1,1987,4,4,4,4,4,4,4,4,4,4
200053,1,1,1987,0,0,0,0,0,0,0,0,0,0
200053,2,1,1987,0,0,0,0,0,0,0,0,0,0
200054,1,1,1987,15,15,15,15,15,15,15,15,15,15
200054,2,1,1987,11,11,11,11,11,11,11,11,11,11
200055,1,1,1987,10,10,10,10,10,10,10,10,10,10
200055,2,1,1987,0,0,0,0,0,0,0,0,0,0
200056,0,1,1987,0,0,0,0,0,0,0,0,0,0
200056,1,1,1987,0,0,0,0,0,0,7,0,0,0
200057,1,1,1987,0,0,0,0,0,0,0,0,0,0
200057,2,1,1987,0,0,0,0,0,0,0,0,0,0
200057,3,1,1987,0,0,0,0,7,0,0,0,0,0
200058,1,1,1987,15,15,15,15,15,15,15,15,15,15
200059,1,1,1987,0,0,0,0,0,0,0,0,0,0
200061,0,1,1987,0,0,0,0,0,0,0,0,0,0
200061,1,1,1987,0,0,0,0,0,0,0,0,0,0
200062,1,1,1987,0,0,0,0,0,0,0,0,0,0
200062,2,1,1987,0,0,0,0,0,0,0,0,0,0
200063,1,1,1987,0,0,0,0,0,0,0,0,0,0
200063,2,1,1987,0,0,0,0,0,0,0,0,0,0
200064,1,1,1987,29,0,0,0,0,11,0,19,28,0
200065,1,1,1987,0,0,0,0,0,0,0,0,0,0
200065,2,1,1987,0,18,0,0,0,0,17,0,0,15
200066,1,1,1987,10,10,10,10,10,10,10,10,10,10
200067,1,1,1987,10,10,10,10,10,10,10,10,10,10
200068,1,1,1987,0,0,0,0,0,0,0,0,0,0
200069,1,1,1987,0,0,0,0,0,0,0,0,0,0
200069,2,1,1987,0,0,0,0,0,0,0,0,0,15
200070,1,1,1987,0,0,0,0,0,0,0,0,0,0
200070,2,1,1987,5,0,8,0,8,0,0,0,0,0
200071,1,1,1987,30,30,30,30,30,30,30,30,30,30
200072,1,1,1987,0,0,0,0,0,0,0,0,0,0
200073,0,1,1987,0,0,0,0,0,0,0,0,0,0
200073,1,1,1987,0,0,0,0,0,0,0,0,0,0
200074,1,1,1987,34,34,34,34,34,34,34,34,34,34
200075,1,1,1987,22,22,22,22,22,22,22,22,22,22
200076,0,1,1987,0,17,0,0,0,0,0,0,0,0
200076,1,1,1987,0,0,0,0,0,0,0,0,0,0
200077,1,1,1987,0,0,0,0,0,0,0,0,0,0
200077,2,1,1987,0,0,0,0,0,0,0,0,0,0
200078,1,1,1987,5,5,5,5,5,5,5,5,5,5
200078,2,1,1987,0,0,0,0,0,0,0,0,0,0
200079,1,1,1987,0,0,0,0,0,0,0,0,0,0
200079,2,1,1987,10,0,0,0,0,0,0,0,0,0
200080,1,1,1987,0,0,0,0,4,0,0,0,0,0
200080,2,1,1987,0,0,0,0,0,0,0,0,0,0
200081,1,1,1987,28,28,28,28,28,28,28,28,28,28
200082,1,1,1987,19,19,19,19,19,19,19,19,19,19
200083,1,1,1987,0,0,0,0,0,0,0,0,0,0
200083,2,1,1987,0,0,0,0,0,0,0,0,0,0
200084,1,1,1987,18,18,18,18,18,18,18,18,18,18
200085,0,1,1987,0,0,0,0,0,0,0,0,19,0
200085,1,1,1987,11,11,11,11,11,11,11,11,11,11
200086,1,1,1987,0,0,0,0,0,0,0,0,0,0
200086,2,1,1987,0,0,0,0,10,0,0,0,0,0
200087,1,1,1987,9,9,9,9,9,9,9,9,9,9
200088,1,1,1987,2,2,2,2,2,2,2,2,2,2
200089,1,1,1987,0,0,0,0,0,0,0,0,0,0
200089,2,1,1987,15,15,15,15,15,15,15,15,15,15
200090,1,1,1987,8,8,8,8,8,8,8,8,8,8
200092,1,1,1987,17,17,17,17,17,17,17,17,17,17
200093,1,1,1987,0,0,0,0,0,0,0,0,0,0
200093,2,1,1987,0,0,0,0,8,0,0,0,0,0
200094,1,1,1987,0,0,0,0,0,0,0,0,0,0
200094,2,1,1987,0,0,0,0,0,0,0,0,0,0
200095,0,1,1987,34,34,34,34,34,34,34,34,34,34
200095,1,1,1987,0,0,0,0,0,0,0,0,0,0
200096,1,1,1987,0,0,10,0,0,0,0,16,21,0
200097,1,1,1987,0,0,0,0,0,0,0,0,0,0
200098,1,1,1987,22,22,22,22,22,22,22,22,22,22
200099,1,1,1987,0,0,0,0,0,0,0,0,0,0
200099,2,1,1987,0,0,0,0,0,0,0,0,0,0
200100,1,1,1987,0,0,0,0,0,24,15,3,8,0
200101,1,1,1987,18,18,18,18,18,18,18,18,18,18
200102,1,1,1987,23,23,23,23,23,23,23,23,23,23
200103,1,1,1987,23,16,18,13,26,3,8,8,19,7
200104,1,1,1987,13,13,13,13,13,13,13,13,13,13
200105,1,1,1987,0,0,0,0,0,0,0,0,0,0
200106,0,1,1987,5,0,0,0,0,0,14,15,0,0
200107,1,1,1987,21,0,0,0,0,0,0,0,0,0
200108,1,1,1987,9,23,8,9,3,22,32,12,9,8
200109,1,1,1987,0,0,0,0,0,0,0,0,0,0
200109,2,1,1987,0,0,0,0,0,0,0,0,0,0
200110,1,1,1987,0,0,0,0,0,0,0,0,0,0
200110,2,1,1987,1,1,1,1,1,1,1,1,1,1
200111,1,1,1987,29,29,29,29,29,29,29,29,29,29
200112,1,1,1987,0,0,0,0,0,0,0,0,0,0
200112,2,1,1987,0,0,0,0,0,0,0,0,0,0
200113,1,1,1987,22,22,22,22,22,22,22,22,22,22
200115,1,1,1987,0,0,0,0,0,0,0,0,0,0
200116,1,1,1987,10,10,10,10,10,10,10,10,10,10
200117,1,1,1987,8,8,8,8,8,8,8,8,8,8
200118,1,1,1987,21,21,21,21,21,21,21,21,21,21
200118,2,1,1987,9,9,9,9,9,9,9,9,9,9
200119,1,1,1987,17,17,17,17,17,17,17,17,17,17
200121,1,1,1987,0,0,0,0,0,0,0,0,0,0
200121,2,1,1987,0,0,0,0,0,0,0,0,0,0
200121,3,1,1987,0,0,0,0,0,0,0,0,0,0
200121,4,1,1987,0,0,0,0,0,0,0,0,0,0
200121,5,1,1987,0,0,0,0,0,0,0,0,0,0
200122,1,1,1987,14,14,14,14,14,14,14,14,14,14
200123,1,1,1987,0,0,0,0,0,0,0,0,0,0
200124,1,1,1987,15,15,15,15,15,15,15,15,15,15
200125,1,1,1987,0,0,0,0,0,0,14,0,0,0
200126,1,1,1987,0,0,41,0,6,0,0,0,0,0
200126,2,1,1987,0,0,0,0,0,0,0,0,0,0
200127,0,1,1987,5,0,0,0,0,0,0,0,0,0
200127,1,1,1987,0,17,0,0,0,0,0,0,20,0
200128,1,1,1987,16,16,16,16,16,16,16,16,16,16
200129,1,1,1987,0,0,0,0,0,0,0,0,0,0
200129,2,1,1987,0,0,0,0,0,0,0,0,0,0
200130,1,1,1987,17,17,17,17,17,17,17,17,17,17
200131,1,1,1987,9,0,0,0,0,0,0,0,0,0
200131,2,1,1987,10,10,10,10,10,10,10,10,10,10
200132,2,1,1987,0,0,0,0,0,0,0,0,0,0
200133,1,1,1987,9,9,9,9,9,9,9,9,9,9
200134,1,1,1987,0,0,0,0,0,0,0,0,0,0
200134,2,1,1987,0,0,0,12,0,0,0,0,0,0
200135,1,1,1987,7,7,7,7,7,7,7,7,7,7
200136,1,1,1987,8,8,8,8,8,8,8,8,8,8
200137,0,1,1987,18,18,18,18,18,18,18,18,18,18
200137,1,1,1987,9,9,9,9,9,9,9,9,9,9
200138,1,1,1987,0,0,0,0,0,0,0,0,0,0
200138,2,1,1987,0,0,0,0,0,0,0,0,0,0
200138,3,1,1987,0,0,0,0,0,0,0,0,0,0
200139,1,1,1987,0,0,0,6,2,0,5,0,0,0
200140,1,1,1987,0,0,0,0,0,0,0,0,0,0
200140,2,1,1987,0,0,0,0,0,0,0,0,0,0
200141,1,1,1987,0,0,0,0,0,0,0,0,0,0
200141,2,1,1987,0,0,0,0,0,0,0,0,0,0
200141,3,1,1987,0,0,0,0,0,0,0,0,0,0
200142,0,1,1987,2,2,2,2,2,2,2,2,2,2
200142,1,1,1987,0,0,0,0,0,0,0,0,0,0
200143,1,1,1987,0,0,0,0,0,0,0,0,0,0
200144,1,1,1987,0,18,0,6,0,0,18,22,8,0
200145,1,1,1987,13,13,13,13,13,13,13,13,13,13
200146,1,1,1987,0,0,0,0,0,0,0,0,0,0
200146,2,1,1987,0,0,0,0,0,0,0,27,0,0
200147,1,1,1987,18,18,18,18,18,18,18,18,18,18
200148,1,1,1987,0,0,0,0,0,0,0,0,0,0
200148,2,1,1987,0,0,0,0,0,0,0,0,0,0
200148,3,1,1987,0,0,0,0,12,0,0,0,0,0
200149,1,1,1987,0,0,0,0,0,11,0,0,0,0
200150,1,1,1987,17,17,17,17,17,17,17,17,17,17
200151,1,1,1987,0,0,0,0,0,0,0,0,0,0
200151,2,1,1987,0,0,0,0,0,0,0,0,0,0
200152,1,1,1987,22,22,22,22,22,22,22,22,22,22
200153,1,1,1987,11,23,7,19,24,14,20,14,23,8
200154,1,1,1987,0,0,0,0,0,0,0,0,0,0
200155,0,1,1987,0,0,0,0,0,0,0,0,0,0
200155,1,1,1987,0,5,0,0,0,0,0,0,0,0
200156,1,1,1987,0,0,14,0,0,0,0,0,0,0
200156,2,1,1987,0,0,0,0,0,0,0,0,0,0
200157,1,1,1987,0,0,0,0,0,0,0,0,0,0
200157,2,1,1987,0,0,0,0,0,0,0,0,0,0
200158,0,1,1987,17,0,0,0,0,0,0,0,0,0
200158,1,1,1987,0,0,0,0,0,0,0,0,0,0
200159,1,1,1987,12,12,12,12,12,12,12,12,12,12
200160,0,1,1987,0,0,14,6,0,0,30,0,0,17
200160,1,1,1987,0,0,0,0,24,0,0,0,0,0
200161,1,1,1987,0,0,0,0,0,0,0,0,0,0
200161,2,1,1987,2,2,2,2,2,2,2,2,2,2
200162,1,1,1987,21,21,21,21,21,21,21,21,21,21
200163,0,1,1987,26,26,26,26,26,26,26,26,26,26