ST_CASE,VEH_NO,PER_NO,YEAR,P1,P2,P3,P4,P5,P6,P7,P8,P9,P10
200163,1,1,1987,8,13,0,0,0,0,0,0,0,19
200164,0,1,1987,0,0,0,0,0,0,0,0,0,0
200164,0,2,1987,0,0,0,0,0,0,0,0,0,0
200164,1,1,1987,0,0,0,0,0,0,0,0,0,0
200165,1,1,1987,33,33,33,33,33,33,33,33,33,33
200165,2,1,1987,0,0,0,0,0,0,0,0,0,0
200166,1,1,1987,0,0,0,0,0,0,0,0,0,0
200166,2,1,1987,0,0,0,0,0,0,0,0,0,0
200167,1,1,1987,0,0,0,0,0,0,0,0,0,0
200168,1,1,1987,31,30,0,0,16,0,23,19,0,0
200169,1,1,1987,10,10,10,10,10,10,10,10,10,10
200169,2,1,1987,0,0,0,0,0,0,0,0,0,0
200170,1,1,1987,9,0,0,0,0,0,5,13,0,0
200170,2,1,1987,0,0,0,0,2,0,0,0,0,0
200171,1,1,1987,25,25,25,25,25,25,25,25,25,25
200172,1,1,1987,0,0,0,0,0,0,0,0,0,0
200172,2,1,1987,9,9,9,9,9,9,9,9,9,9
200173,1,1,1987,0,21,0,0,0,0,0,0,0,0
200173,2,1,1987,0,17,11,0,0,33,0,0,0,7
200174,1,1,1987,0,0,12,0,0,0,0,0,0,0
200175,1,1,1987,8,14,0,0,18,33,12,2,19,34
200176,1,1,1987,0,0,0,0,0,0,0,0,0,0
200177,1,1,1987,13,0,0,0,0,0,0,0,0,0
200177,2,1,1987,0,0,0,0,0,0,0,0,0,0
200178,1,1,1987,0,0,11,0,0,0,0,0,18,0
200179,1,1,1987,0,0,0,0,0,0,0,0,0,0
200179,2,1,1987,0,0,0,0,0,0,0,0,0,0
200180,0,1,1987,0,0,0,0,0,0,0,0,0,0
200180,1,1,1987,0,0,0,0,0,0,0,0,0,0
200181,1,1,1987,0,0,0,0,0,0,0,0,0,0
200181,2,1,1987,0,0,0,0,0,0,0,0,0,0
200182,1,1,1987,0,0,0,0,0,0,0,0,0,0
200183,1,1,1987,0,0,0,0,0,0,0,0,0,0
200183,2,1,1987,0,0,0,0,0,0,0,0,0,0
200183,3,1,1987,0,0,0,0,0,0,0,0,0,0
200184,1,1,1987,20,20,20,20,20,20,20,20,20,20
200185,0,1,1987,0,0,0,0,0,0,0,0,0,0
200185,1,1,1987,0,0,0,0,0,0,0,0,0,0
200186,1,1,1987,0,0,0,0,0,0,0,0,0,0
200187,1,1,1987,0,0,0,0,0,0,0,0,0,0
200187,2,1,1987,0,0,0,0,0,0,0,0,0,0
200188,1,1,1987,0,0,0,0,0,0,0,0,0,0
200188,2,1,1987,0,0,0,0,0,0,0,0,0,0
200189,1,1,1987,0,0,0,0,0,0,0,0,0,0
200189,2,1,1987,5,5,5,5,5,5,5,5,5,5
200190,1,1,1987,0,0,0,0,0,0,0,0,0,0
200190,2,1,1987,4,4,4,4,4,4,4,4,4,4
200191,1,1,1987,0,0,0,0,0,0,0,0,0,0
200191,2,1,1987,0,0,0,0,0,0,0,0,0,0
200192,1,1,1987,24,24,24,24,24,24,24,24,24,24
200192,2,1,1987,0,0,0,0,0,0,0,0,0,0
200193,1,1,1987,0,0,0,0,0,0,9,0,0,0
200194,1,1,1987,0,0,0,0,0,0,0,0,0,0
200194,2,1,1987,0,6,0,0,0,0,0,0,0,0
200195,1,1,1987,0,0,0,15,7,15,6,0,0,0
200196,1,1,1987,0,0,0,0,0,0,0,0,0,0
200197,1,1,1987,0,0,0,0,0,0,0,0,0,0
200197,2,1,1987,0,0,0,0,0,0,0,0,0,0
200198,1,1,1987,0,0,0,14,0,0,0,0,0,0
200199,1,1,1987,0,0,0,0,0,0,0,0,0,0
200200,1,1,1987,30,30,30,30,30,30,30,30,30,30
200201,1,1,1987,15,15,15,15,15,15,15,15,15,15
200201,2,1,1987,0,0,0,0,0,0,0,0,0,0
200202,1,1,1987,40,0,0,28,0,0,24,0,0,0
200203,0,1,1987,0,0,0,8,0,0,0,0,0,0
200203,1,1,1987,0,0,0,0,0,0,0,0,0,0
200204,1,1,1987,10,0,0,0,0,13,0,0,0,0
200205,1,1,1987,17,17,17,17,17,17,17,17,17,17
200206,1,1,1987,19,0,0,0,0,0,0,0,0,9
200207,1,1,1987,0,0,0,0,0,0,0,0,0,0
200207,2,1,1987,0,0,0,0,0,0,0,0,0,0
200208,1,1,1987,0,0,0,0,0,0,0,0,0,0
200208,2,1,1987,0,0,0,0,0,0,0,0,0,0
200209,1,1,1987,10,10,10,10,10,10,10,10,10,10
200210,1,1,1987,0,0,0,0,0,0,0,0,0,0
200211,1,1,1987,0,0,0,0,0,0,0,0,0,0
200212,1,1,1987,0,0,0,0,6,0,2,8,0,0
200212,2,1,1987,12,12,12,12,12,12,12,12,12,12
200213,1,1,1987,0,0,0,3,11,8,0,0,0,0
200214,1,1,1987,20,20,20,20,20,20,20,20,20,20
200215,1,1,1987,0,0,0,0,0,0,0,0,0,0
200216,1,1,1987,21,21,21,21,21,21,21,21,21,21
200217,1,1,1987,0,0,0,0,0,0,0,0,0,0
200217,2,1,1987,0,0,0,0,0,0,0,0,0,0
200218,0,1,1987,22,22,22,22,22,22,22,22,22,22
200218,1,1,1987,12,12,12,12,12,12,12,12,12,12
200219,1,1,1987,0,0,0,0,0,0,0,0,0,0
200220,1,1,1987,13,13,13,13,13,13,13,13,13,13
200221,1,1,1987,0,0,0,0,0,0,0,0,0,0
200221,2,1,1987,0,0,0,0,0,0,0,0,0,0
200221,3,1,1987,0,0,0,0,0,0,0,0,0,0
200221,4,1,1987,0,0,0,0,0,0,0,0,0,0
200222,1,1,1987,0,0,0,0,0,0,0,0,0,0
200222,2,1,1987,0,0,0,0,0,0,0,0,0,0
200223,1,1,1987,0,0,0,0,0,0,22,0,0,0
200224,1,1,1987,0,0,0,0,0,0,0,0,0,0
200224,2,1,1987,0,0,0,0,0,0,0,0,0,0
200225,1,1,1987,0,0,0,0,0,0,0,0,0,0
200225,2,1,1987,0,0,0,0,0,0,0,0,0,0
200226,1,1,1987,15,0,18,22,7,20,3,9,12,25
200227,0,1,1987,7,7,7,7,7,7,7,7,7,7
200227,1,1,1987,6,6,6,6,6,6,6,6,6,6
200228,1,1,1987,0,0,0,0,0,0,0,0,0,0
200228,2,1,1987,0,0,0,0,0,0,0,0,0,0
200229,1,1,1987,0,0,0,0,0,0,0,0,0,0
200230,1,1,1987,0,0,0,0,0,0,0,0,20,0
200230,2,1,1987,0,0,0,0,0,0,0,0,0,0
200231,1,1,1987,14,14,14,14,14,14,14,14,14,14
200232,1,1,1987,16,16,16,16,16,16,16,16,16,16
200232,2,1,1987,0,0,0,0,0,0,0,0,0,0
200233,1,1,1987,21,0,20,20,12,0,33,15,19,25
200234,1,1,1987,0,9,31,0,0,0,0,15,36,25
200234,2,1,1987,0,0,0,0,0,0,0,0,0,0
200235,1,1,1987,17,9,22,13,22,8,17,18,11,10
200236,1,1,1987,0,0,0,0,0,0,0,0,0,0
200236,2,1,1987,14,14,14,14,14,14,14,14,14,14
200237,1,1,1987,27,27,27,27,27,27,27,27,27,27
200238,1,1,1987,0,0,0,0,0,0,0,0,0,0
200238,2,1,1987,0,0,0,0,0,0,0,0,0,0
200239,1,1,1987,1,1,1,1,1,1,1,1,1,1
200239,2,1,1987,0,0,0,0,0,0,0,0,0,0
200240,1,1,1987,0,0,0,0,0,0,0,0,0,0
200240,2,1,1987,0,0,0,0,0,0,0,0,0,0
200241,1,1,1987,0,0,0,0,0,0,0,0,0,0
200241,2,1,1987,0,0,0,0,0,0,0,0,0,0
200242,1,1,1987,15,15,15,15,15,15,15,15,15,15
200243,1,1,1987,3,3,3,3,3,3,3,3,3,3
200244,1,1,1987,10,10,10,10,10,10,10,10,10,10
200245,0,1,1987,18,18,13,0,10,0,0,0,0,0
200245,1,1,1987,0,0,0,0,0,0,0,0,0,0
200245,2,1,1987,0,6,0,0,0,0,0,0,0,0
200246,1,1,1987,22,22,22,22,22,22,22,22,22,22
200247,1,1,1987,0,0,0,0,0,0,0,0,0,0
200247,2,1,1987,0,0,0,0,0,0,0,0,0,0
200248,1,1,1987,6,23,10,5,14,33,8,9,11,6
200249,1,1,1987,0,0,0,0,0,0,0,0,0,0
200249,2,1,1987,0,0,0,0,0,0,0,0,0,0
200250,1,1,1987,22,22,22,22,22,22,22,22,22,22
200250,2,1,1987,0,0,0,13,20,0,0,10,0,0
200251,1,1,1987,15,15,15,15,15,15,15,15,15,15
200252,1,1,1987,11,11,11,11,11,11,11,11,11,11
200253,1,1,1987,8,8,8,8,8,8,8,8,8,8
200253,2,1,1987,0,0,0,0,0,16,0,0,0,0
200254,1,1,1987,0,0,0,0,0,0,0,0,0,0
200255,1,1,1987,36,36,36,36,36,36,36,36,36,36
200255,2,1,1987,0,0,0,0,0,0,0,0,0,0
200255,3,1,1987,0,0,0,0,0,0,0,0,0,0
200256,1,1,1987,0,0,0,0,0,0,0,0,0,0
200256,2,1,1987,0,0,0,0,0,0,0,0,0,0
200258,1,1,1987,0,0,0,0,0,0,0,0,0,0
200258,2,1,1987,0,0,0,0,0,0,0,0,0,0
200258,3,1,1987,0,0,0,0,0,0,0,0,0,0
200258,4,1,1987,4,0,0,0,0,0,0,0,17,0
200258,5,1,1987,4,7,16,11,5,14,15,9,12,10
200259,1,1,1987,0,0,0,0,0,0,0,0,0,0
200260,1,1,1987,9,9,9,9,9,9,9,9,9,9
200261,1,1,1987,0,0,0,0,0,0,0,0,0,0
200261,2,1,1987,0,0,9,0,0,0,0,0,0,0
200262,1,1,1987,3,3,3,3,3,3,3,3,3,3
200263,1,1,1987,0,5,0,0,0,0,0,0,0,0
200264,1,1,1987,16,16,16,16,16,16,16,16,16,16
200265,1,1,1987,0,0,0,0,7,0,0,0,0,0
200265,2,1,1987,0,0,0,0,0,20,0,0,0,0
200266,1,1,1987,26,26,26,26,26,26,26,26,26,26
200267,1,1,1987,0,0,0,0,0,0,0,0,0,0
200268,1,1,1987,0,0,0,0,0,0,0,0,0,0
200268,2,1,1987,0,0,0,0,0,0,0,0,0,0
200269,1,1,1987,19,19,19,19,19,19,19,19,19,19
200270,1,1,1987,0,19,30,24,10,26,30,9,7,14
200271,1,1,1987,31,31,31,31,31,31,31,31,31,31
200272,1,1,1987,0,0,0,0,0,0,0,0,0,0
200273,1,1,1987,0,0,0,0,0,0,0,0,0,0
200273,2,1,1987,6,6,6,6,6,6,6,6,6,6
200274,1,1,1987,0,0,0,0,0,0,0,0,0,0
200274,2,1,1987,0,0,0,0,0,0,0,0,0,14
200275,1,1,1987,7,22,12,22,27,15,11,11,37,7
200276,1,1,1987,0,0,0,0,0,0,0,0,0,0
200276,2,1,1987,11,11,11,11,11,11,11,11,11,11
200277,1,1,1987,0,0,0,0,0,0,0,0,0,0
200277,2,1,1987,20,20,20,20,20,20,20,20,20,20
200278,1,1,1987,15,15,15,15,15,15,15,15,15,15
200279,0,1,1987,1,1,1,1,1,1,1,1,1,1
200279,1,1,1987,0,0,0,0,0,0,0,0,0,0
200280,1,1,1987,0,14,0,0,14,0,14,0,0,26
200280,2,1,1987,25,25,25,25,25,25,25,25,25,25
200281,1,1,1987,25,23,13,26,32,10,19,21,8,9
200282,1,1,1987,0,0,0,0,0,0,0,0,0,0
200282,2,1,1987,1,1,1,1,1,1,1,1,1,1
200283,1,1,1987,21,21,21,21,21,21,21,21,21,21
200284,1,1,1987,10,21,12,0,17,14,18,7,0,14
200285,1,1,1987,0,0,0,0,10,0,0,8,0,0
200285,2,1,1987,0,0,0,0,0,0,0,0,0,0
200285,3,1,1987,0,0,0,0,0,0,0,0,0,0
200285,4,1,1987,0,0,0,0,0,0,0,0,0,0
200286,1,1,1987,8,8,8,8,8,8,8,8,8,8
200286,2,1,1987,0,0,0,0,0,0,0,0,0,0
200286,3,1,1987,0,0,0,0,0,0,0,0,0,0
200286,4,1,1987,0,0,0,0,0,0,0,0,0,0
200287,1,1,1987,0,0,0,7,0,0,0,0,0,0
200287,2,1,1987,0,0,0,0,15,0,14,0,0,0
200288,1,1,1987,0,0,0,0,0,0,0,0,0,0
200289,1,1,1987,0,0,0,0,0,0,0,0,0,0
200289,2,1,1987,0,0,0,0,0,0,0,0,0,0
200290,1,1,1987,16,16,16,16,16,16,16,16,16,16
200291,1,1,1987,0,0,0,0,0,0,0,0,0,18
200292,1,1,1987,16,16,16,16,16,16,16,16,16,16
200292,2,1,1987,12,0,0,0,0,0,0,0,21,0
200293,1,1,1987,0,24,0,0,0,0,0,0,0,0
200294,1,1,1987,0,0,0,0,0,0,0,0,0,0
200294,2,1,1987,0,6,0,10,0,0,0,0,0,24
200295,1,1,1987,1,1,1,1,1,1,1,1,1,1
200296,1,1,1987,0,0,0,0,0,0,0,0,0,0
200297,1,1,1987,0,0,0,0,0,0,0,0,0,0
200297,2,1,1987,16,22,20,40,10,22,0,16,20,19
200298,1,1,1987,17,0,0,0,0,0,0,0,8,0
200298,2,1,1987,0,0,0,0,0,0,0,0,0,0
200299,1,1,1987,14,14,14,14,14,14,14,14,14,14
200300,1,1,1987,0,0,0,0,0,0,0,0,0,0
200301,1,1,1987,10,10,10,10,10,10,10,10,10,10
200302,1,1,1987,0,0,0,0,0,0,0,0,0,0
200302,2,1,1987,0,0,0,0,0,0,0,0,0,0
200302,3,1,1987,0,0,0,0,0,0,0,0,0,0
200302,4,1,1987,0,0,0,0,0,0,0,0,0,0
200303,1,1,1987,0,0,0,0,0,0,0,29,14,0
200304,1,1,1987,13,13,13,13,13,13,13,13,13,13
200304,2,1,1987,0,0,0,0,0,0,0,0,0,0
200305,1,1,1987,0,0,0,0,0,0,0,0,0,0
200305,2,1,1987,0,0,15,0,0,0,0,0,0,0
200306,1,1,1987,0,0,0,0,0,0,0,0,0,0
200306,2,1,1987,0,0,0,0,0,0,0,0,0,0
200307,1,1,1987,0,0,0,0,0,0,0,0,0,0
200307,2,1,1987,0,0,0,0,0,0,0,0,0,0
200308,1,1,1987,0,0,0,0,0,0,0,0,0,0
200308,2,1,1987,0,0,0,0,0,0,0,0,0,0
200309,1,1,1987,0,0,0,0,0,0,0,0,0,0
200310,1,1,1987,21,21,21,21,21,21,21,21,21,21
200310,2,1,1987,0,0,0,0,0,0,0,0,0,0
200311,1,1,1987,17,17,17,17,17,17,17,17,17,17
200312,1,1,1987,0,0,0,0,0,0,0,0,0,0
200312,2,1,1987,0,0,0,0,0,0,0,0,0,0
200313,1,1,1987,13,12,13,22,0,0,0,16,14,11
200314,1,1,1987,0,0,0,0,0,0,0,0,0,0
200315,1,1,1987,0,0,0,0,0,0,0,7,0,0
200316,1,1,1987,22,22,22,22,22,22,22,22,22,22
200317,1,1,1987,0,0,0,0,0,0,0,0,0,0
200317,2,1,1987,0,0,0,0,0,11,0,0,0,0
200318,1,1,1987,0,0,0,0,0,0,0,0,0,0
200318,2,1,1987,25,25,25,25,25,25,25,25,25,25
200319,1,1,1987,0,0,0,0,0,0,0,0,0,0
200319,2,1,1987,0,0,0,0,0,0,0,0,0,0
200320,1,1,1987,0,0,0,0,0,0,0,0,0,0
200320,2,1,1987,0,0,0,0,0,0,0,0,0,0
200321,1,1,1987,22,22,22,22,22,22,22,22,22,22
200321,2,1,1987,6,6,6,6,6,6,6,6,6,6
200323,1,1,1987,16,16,16,16,16,16,16,16,16,16
200324,1,1,1987,0,0,0,39,0,0,0,16,0,0
200325,1,1,1987,0,0,0,0,0,0,0,0,0,0
200326,1,1,1987,0,0,0,0,0,0,0,0,0,0
200326,2,1,1987,0,0,0,0,0,0,0,0,0,0
200327,1,1,1987,0,0,0,0,0,0,0,0,0,0
200327,2,1,1987,7,7,7,7,7,7,7,7,7,7
200328,1,1,1987,20,20,20,20,20,20,20,20,20,20
200329,1,1,1987,17,17,17,17,17,17,17,17,17,17
200330,1,1,1987,7,7,7,7,7,7,7,7,7,7
200331,0,1,1987,15,0,0,0,0,0,0,0,0,0
200331,0,2,1987,9,0,0,0,0,0,0,15,0,0
200331,1,1,1987,0,11,0,0,0,0,0,0,0,0
200332,1,1,1987,8,8,8,8,8,8,8,8,8,8
200333,1,1,1987,36,23,1,23,11,12,19,18,18,20
200334,1,1,1987,0,0,0,0,0,0,0,0,0,0
200335,0,1,1987,0,0,0,0,0,0,0,0,0,0
200335,1,1,1987,0,0,0,0,0,0,0,0,0,0
200336,1,1,1987,38,38,38,38,38,38,38,38,38,38
200337,1,1,1987,12,12,12,12,12,12,12,12,12,12
200338,1,1,1987,17,17,17,17,17,17,17,17,17,17
200338,2,1,1987,0,0,0,0,0,0,0,0,0,0
200339,1,1,1987,0,0,0,0,0,0,0,0,0,0
200340,1,1,1987,0,0,16,0,0,0,0,0,0,0
200340,2,1,1987,0,0,0,0,0,0,0,0,0,0
200341,1,1,1987,0,0,0,0,0,0,0,0,0,22
200341,2,1,1987,0,0,0,0,0,0,0,0,0,0
200342,1,1,1987,8,8,8,8,8,8,8,8,8,8
200343,1,1,1987,0,0,0,32,0,20,0,0,0,0
200343,2,1,1987,0,0,0,0,0,0,0,0,0,0
200344,1,1,1987,21,21,21,21,21,21,21,21,21,21
200345,1,1,1987,0,34,0,0,7,0,0,0,0,22
200346,1,1,1987,0,0,0,0,0,0,0,0,0,0
200347,1,1,1987,0,0,0,0,0,0,0,0,0,0
200347,2,1,1987,0,0,0,0,0,0,0,0,0,0
200348,1,1,1987,14,14,14,14,14,14,14,14,14,14
200349,1,1,1987,0,0,0,0,0,0,0,5,0,0
200349,2,1,1987,0,0,0,0,0,0,0,0,0,0
200350,1,1,1987,20,20,20,20,20,20,20,20,20,20
200351,1,1,1987,0,0,0,0,0,0,0,0,0,0
200352,1,1,1987,0,0,0,0,0,0,0,0,0,0
200352,2,1,1987,0,0,0,0,0,0,0,0,0,0
200353,1,1,1987,0,0,0,0,0,0,0,0,0,0
200354,1,1,1987,0,0,0,0,0,0,0,0,0,0
200355,1,1,1987,18,18,18,18,18,18,18,18,18,18
200356,1,1,1987,0,0,0,0,0,0,0,0,0,0
200357,1,1,1987,9,9,9,9,9,9,9,9,9,9
200358,1,1,1987,10,10,10,10,10,10,10,10,10,10
200359,0,1,1987,25,25,25,25,25,25,25,25,25,25
200359,1,1,1987,22,22,22,22,22,22,22,22,22,22
200360,1,1,1987,22,22,22,22,22,22,22,22,22,22
200361,1,1,1987,0,22,0,0,0,0,24,0,8,0
200362,1,1,1987,0,0,0,0,0,0,0,0,0,0
200363,1,1,1987,0,0,0,0,0,0,0,0,0,0
200363,2,1,1987,0,0,0,0,0,0,0,0,0,0
200364,1,1,1987,0,0,0,0,0,0,0,0,0,0
200365,1,1,1987,0,0,0,0,0,0,0,0,0,0
200366,1,1,1987,21,21,21,21,21,21,21,21,21,21
200367,1,1,1987,15,15,15,15,15,15,15,15,15,15
200367,2,1,1987,0,0,0,0,0,0,0,0,0,0
200368,1,1,1987,16,16,16,16,16,16,16,16,16,16
200369,1,1,1987,0,0,0,0,0,12,0,0,0,0
200369,2,1,1987,11,11,11,11,11,11,11,11,11,11
200370,1,1,1987,0,0,0,0,0,0,0,0,0,0
200370,2,1,1987,0,0,0,0,0,0,0,0,0,0
200371,1,1,1987,0,0,0,0,0,0,0,0,0,0
200373,1,1,1987,0,19,0,0,0,0,0,0,0,0
200373,2,1,1987,0,0,0,0,0,0,0,0,0,0
200374,1,1,1987,5,5,5,5,5,5,5,5,5,5
200374,2,1,1987,0,0,0,0,0,0,0,0,0,0
200375,1,1,1987,0,0,0,0,7,0,0,0,0,0
200375,2,1,1987,0,0,0,0,0,0,14,0,6,0
200376,1,1,1987,3,3,3,3,3,3,3,3,3,3
200377,1,1,1987,0,0,0,0,0,15,0,17,0,0
200378,1,1,1987,7,7,7,7,7,7,7,7,7,7
200379,1,1,1987,0,0,0,0,0,0,0,0,0,0
200380,1,1,1987,25,25,25,25,25,25,25,25,25,25
200380,2,1,1987,0,0,0,0,0,0,0,0,0,0
200381,1,1,1987,2,2,2,2,2,2,2,2,2,2
200382,1,1,1987,0,0,0,0,0,0,0,0,0,0
200382,2,1,1987,0,0,0,0,0,0,32,0,0,0
200383,1,1,1987,0,0,0,0,0,0,0,0,0,0
200383,2,1,1987,0,0,0,0,0,0,0,0,0,0
200384,1,1,1987,0,0,0,0,0,0,0,0,0,0
200384,2,1,1987,17,17,17,17,17,17,17,17,17,17
200385,1,1,1987,0,0,0,0,0,0,0,0,0,0
200385,2,1,1987,7,7,7,7,7,7,7,7,7,7
200386,1,1,1987,0,0,0,0,0,0,0,0,0,0
200386,2,1,1987,0,0,0,0,0,0,0,0,0,0
200387,1,1,1987,7,7,7,7,7,7,7,7,7,7
200388,0,1,1987,0,0,0,0,0,0,0,0,0,0
200388,1,1,1987,0,0,0,0,0,0,10,0,0,0
200389,1,1,1987,0,0,0,0,0,0,0,0,0,0
200389,2,1,1987,0,0,0,0,0,0,0,0,0,0
200390,1,1,1987,0,0,0,0,0,0,0,0,25,0
200391,1,1,1987,20,20,20,20,20,20,20,20,20,20
200392,1,1,1987,0,0,0,0,0,7,0,0,0,0
200392,2,1,1987,0,0,0,0,0,0,0,0,0,0
200393,0,1,1987,4,13,30,0,0,0,0,0,37,22
200393,1,1,1987,0,14,0,8,0,0,0,0,0,0
200394,1,1,1987,0,0,0,0,0,0,0,0,0,0
200394,2,1,1987,11,11,11,11,11,11,11,11,11,11
200395,1,1,1987,0,0,0,0,0,0,0,0,0,0
200395,2,1,1987,0,0,0,0,0,0,0,0,0,0
200396,1,1,1987,0,0,0,0,0,0,0,0,0,0
200397,1,1,1987,0,0,0,0,0,0,0,0,0,0
200398,1,1,1987,0,0,0,0,0,0,0,0,0,0
200398,2,1,1987,0,0,0,0,0,0,0,0,0,0
200399,1,1,1987,0,16,0,0,15,15,0,0,0,0
200400,1,1,1987,0,0,0,0,0,14,0,0,0,0
200400,2,1,1987,5,7,12,24,32,14,18,13,14,0
200400,3,1,1987,0,0,0,0,0,0,0,0,0,0
200401,0,1,1987,0,0,0,0,0,0,0,0,0,0
200401,1,1,1987,16,0,0,0,0,0,0,0,0,0
200402,1,1,1987,28,20,15,17,22,17,8,9,21,14
200403,1,1,1987,0,0,0,0,0,0,25,0,0,0
200403,2,1,1987,0,0,0,0,16,0,0,0,10,0
200404,1,1,1987,0,0,0,0,0,0,0,0,0,0
200405,1,1,1987,0,0,0,0,0,0,0,0,0,0
200406,1,1,1987,1,1,1,1,1,1,1,1,1,1
200406,2,1,1987,0,0,0,0,0,0,0,0,0,0
200407,1,1,1987,10,0,0,0,0,0,0,8,0,0
200407,2,1,1987,0,0,0,0,5,0,0,0,0,0
200408,1,1,1987,0,0,0,0,7,0,0,19,0,0
200408,2,1,1987,0,0,0,0,0,0,0,0,0,0
200409,0,1,1987,0,0,0,0,0,0,0,11,0,0
200409,1,1,1987,0,0,0,0,0,0,0,0,0,0
200409,2,1,1987,0,0,0,0,0,0,0,0,0,0
200410,1,1,1987,12,0,11,0,0,15,0,0,0,0
200411,1,1,1987,11,11,11,11,11,11,11,11,11,11
200412,1,1,1987,33,21,24,11,20,16,17,19,25,9
200412,2,1,1987,0,0,0,0,0,0,0,0,0,0
200413,1,1,1987,0,18,13,14,3,15,0,13,22,6
200413,2,1,1987,18,18,18,18,18,18,18,18,18,18
200414,1,1,1987,27,27,27,27,27,27,27,27,27,27
200414,2,1,1987,0,8,0,0,0,0,0,0,0,0
200415,1,1,1987,27,0,0,9,0,0,0,0,12,0
200416,1,1,1987,0,0,0,0,0,0,0,0,0,0
200416,2,1,1987,0,0,0,0,0,0,0,0,0,0
200416,3,1,1987,0,0,0,0,0,0,0,0,0,0
200416,4,1,1987,0,0,0,0,28,0,17,0,0,0
200416,5,1,1987,0,0,0,0,0,0,0,0,0,0
200417,1,1,1987,0,0,0,0,0,0,0,0,0,0
200417,2,1,1987,0,0,0,0,0,0,0,0,0,0
200417,3,1,1987,0,0,0,0,0,0,0,0,0,0
200418,1,1,1987,7,7,7,7,7,7,7,7,7,7
200418,2,1,1987,20,20,20,20,20,20,20,20,20,20
200419,1,1,1987,27,10,0,0,28,0,0,12,0,0
200420,1,1,1987,0,0,0,0,0,0,0,0,0,0
200421,1,1,1987,0,0,0,0,0,0,0,15,0,0
200421,2,1,1987,0,0,0,0,0,0,0,0,0,0
200422,1,1,1987,0,0,0,0,0,0,0,0,0,0
200422,2,1,1987,0,0,0,0,0,0,0,0,0,0
200423,0,1,1987,15,15,15,15,15,15,15,15,15,15
200423,1,1,1987,18,18,18,18,18,18,18,18,18,18
210001,1,1,1987,22,22,22,22,22,22,22,22,22,22
210002,1,1,1987,15,15,15,15,15,15,15,15,15,15
210003,1,1,1987,13,13,13,13,13,13,13,13,13,13
210004,1,1,1987,0,0,0,0,0,0,0,0,0,0
210004,2,1,1987,0,0,0,0,4,0,0,0,0,0
210005,1,1,1987,28,28,28,28,28,28,28,28,28,28
210006,1,1,1987,0,0,0,0,0,0,2,0,0,0
210007,1,1,1987,0,0,0,0,0,0,0,0,0,0
210008,1,1,1987,0,0,2,0,0,0,0,0,0,0
210009,1,1,1987,13,13,13,13,13,13,13,13,13,13
210010,1,1,1987,0,0,0,0,0,0,0,0,0,0
210011,1,1,1987,30,30,30,30,30,30,30,30,30,30
210011,2,1,1987,0,0,0,0,0,0,0,0,0,0
210011,3,1,1987,0,0,0,0,0,0,0,0,0,0
210012,0,1,1987,0,0,0,0,0,0,0,0,0,0
210012,1,1,1987,0,0,0,0,0,0,0,0,0,0
210013,0,1,1987,0,0,0,0,0,0,0,0,0,0
210013,1,1,1987,0,0,0,0,0,0,0,0,0,0
210014,1,1,1987,0,0,0,0,20,0,0,0,0,0
210014,2,1,1987,0,0,0,0,0,0,0,0,0,0
210015,1,1,1987,24,24,24,24,24,24,24,24,24,24
210016,1,1,1987,0,0,0,0,0,0,0,0,0,0
210016,2,1,1987,0,0,0,0,0,0,0,0,0,0
210017,0,1,1987,11,4,12,0,12,0,3,0,0,0
210017,1,1,1987,0,0,3,0,6,0,0,0,0,0
210018,1,1,1987,0,0,0,0,0,0,0,0,0,0
210018,2,1,1987,0,0,0,0,0,0,0,0,0,0
210019,1,1,1987,15,15,15,15,15,15,15,15,15,15
210020,1,1,1987,0,0,0,0,0,0,0,0,0,0
210020,2,1,1987,16,0,0,0,10,0,0,0,0,0
210021,1,1,1987,11,11,11,11,11,11,11,11,11,11
210021,2,1,1987,0,0,0,0,0,0,0,0,0,0
210022,1,1,1987,18,18,18,18,18,18,18,18,18,18
210022,2,1,1987,2,26,13,7,13,27,26,7,5,22
210023,1,1,1987,24,24,24,24,24,24,24,24,24,24
210023,2,1,1987,0,0,0,0,0,0,0,0,0,0
210024,1,1,1987,0,0,0,0,0,0,0,0,0,0
210024,2,1,1987,0,0,0,0,0,0,0,0,0,0
210025,1,1,1987,22,22,22,22,22,22,22,22,22,22
210025,2,1,1987,22,22,22,22,22,22,22,22,22,22
210026,0,1,1987,0,0,0,0,0,0,0,0,0,0
210026,1,1,1987,0,0,0,0,0,0,0,0,0,0
210027,1,1,1987,0,0,0,0,0,18,0,20,12,0
210028,1,1,1987,0,0,0,0,0,0,0,0,0,0
210028,2,1,1987,0,0,0,0,0,0,0,0,0,0
210029,1,1,1987,24,24,24,24,24,24,24,24,24,24
210030,1,1,1987,0,0,0,0,0,0,0,0,0,0
210030,2,1,1987,0,0,0,0,0,0,0,0,0,0
210031,1,1,1987,0,0,0,0,0,0,0,0,0,0
210031,2,1,1987,0,0,0,0,0,0,0,0,0,0
210032,1,1,1987,0,0,0,0,0,0,0,0,0,0
210032,2,1,1987,0,0,0,0,0,0,0,0,0,0
210032,3,1,1987,0,0,0,0,8,0,0,0,0,0
210033,1,1,1987,0,0,0,0,0,0,0,0,0,0