ST_CASE,VEH_NO,PER_NO,YEAR,P1,P2,P3,P4,P5,P6,P7,P8,P9,P10
210034,1,1,1987,25,25,25,25,25,25,25,25,25,25
210034,2,1,1987,0,8,0,0,22,13,0,4,0,14
210035,1,1,1987,20,20,20,20,20,20,20,20,20,20
210035,2,1,1987,20,20,20,20,20,20,20,20,20,20
210037,0,1,1987,0,21,46,20,13,7,0,15,43,18
210037,1,1,1987,0,0,0,0,0,0,0,0,0,0
210038,1,1,1987,0,0,0,0,0,0,0,0,0,0
210039,1,1,1987,0,0,0,0,0,0,0,0,0,0
210039,2,1,1987,0,0,0,0,0,0,0,0,0,0
210039,3,1,1987,0,0,0,0,0,0,0,0,0,0
210040,0,1,1987,0,0,0,0,6,0,0,0,0,0
210040,1,1,1987,0,0,0,0,0,0,0,0,0,0
210041,1,1,1987,0,0,0,0,0,0,0,0,0,0
210041,2,1,1987,0,0,0,0,0,0,0,0,0,0
210042,1,1,1987,26,25,13,42,24,7,13,17,8,29
210043,1,1,1987,22,22,22,22,22,22,22,22,22,22
210044,1,1,1987,16,16,16,16,16,16,16,16,16,16
210045,1,1,1987,0,0,0,0,0,0,0,0,0,0
210045,2,1,1987,0,0,0,0,0,0,0,0,0,0
210047,1,1,1987,29,29,29,29,29,29,29,29,29,29
210048,1,1,1987,0,0,0,0,0,0,0,24,0,0
210049,0,1,1987,0,0,0,0,0,0,0,0,0,0
210049,1,1,1987,0,0,0,0,24,0,0,0,0,0
210050,1,1,1987,0,0,0,0,0,0,0,0,0,0
210050,2,1,1987,0,0,0,0,0,0,0,0,0,0
210051,1,1,1987,0,0,0,0,32,0,0,0,0,0
210052,1,1,1987,8,8,8,8,8,8,8,8,8,8
210053,1,1,1987,0,0,0,0,0,0,0,0,0,0
210053,2,1,1987,0,0,0,0,0,0,0,0,0,0
210053,3,1,1987,0,0,0,0,0,0,0,0,0,0
210054,1,1,1987,22,22,22,22,22,22,22,22,22,22
210055,1,1,1987,18,18,18,18,18,18,18,18,18,18
210056,1,1,1987,19,19,19,19,19,19,19,19,19,19
210057,1,1,1987,0,0,0,0,0,0,0,0,0,0
210057,2,1,1987,0,0,0,0,0,0,0,0,0,0
210058,1,1,1987,21,21,21,21,21,21,21,21,21,21
210059,0,3,1987,15,15,15,15,15,15,15,15,15,15
210059,1,1,1987,12,7,10,23,21,3,10,21,14,14
210060,0,1,1987,0,0,0,0,0,0,0,0,0,0
210060,1,1,1987,0,0,0,0,0,0,0,0,0,0
210061,1,1,1987,0,0,0,0,0,0,0,0,0,0
210062,1,1,1987,0,0,0,0,0,0,7,0,0,0
210063,1,1,1987,4,4,4,4,4,4,4,4,4,4
210064,1,1,1987,17,22,22,25,10,40,23,29,3,20
210065,0,1,1987,31,31,31,31,31,31,31,31,31,31
210065,1,1,1987,0,0,0,0,0,0,0,0,0,0
210066,1,1,1987,20,20,20,20,20,20,20,20,20,20
210067,1,1,1987,0,0,2,0,0,0,0,0,0,0
210068,1,1,1987,0,0,0,0,0,0,0,0,0,0
210069,1,1,1987,12,12,12,12,12,12,12,12,12,12
210070,1,1,1987,0,0,0,0,0,0,0,0,0,0
210070,2,1,1987,0,0,0,0,0,0,0,0,0,0
210071,0,1,1987,19,19,19,19,19,19,19,19,19,19
210071,1,1,1987,0,14,6,11,24,15,13,11,24,14
210072,0,1,1987,32,32,32,32,32,32,32,32,32,32
210072,1,1,1987,0,0,0,0,0,3,0,24,0,0
210073,1,1,1987,24,24,24,24,24,24,24,24,24,24
210074,1,1,1987,0,0,0,0,0,0,0,0,0,0
210074,2,1,1987,0,0,0,0,0,0,0,0,0,0
210075,1,1,1987,24,24,24,24,24,24,24,24,24,24
210076,1,1,1987,0,0,0,0,0,0,0,0,0,0
210076,2,1,1987,0,0,0,0,0,0,0,0,0,0
210077,0,1,1987,0,0,0,0,0,0,0,0,0,0
210077,1,1,1987,0,0,0,0,0,0,0,0,0,0
210078,1,1,1987,14,14,14,14,14,14,14,14,14,14
210079,1,1,1987,4,4,4,4,4,4,4,4,4,4
210080,1,1,1987,0,17,0,0,0,0,14,0,0,0
210081,1,1,1987,27,27,27,27,27,27,27,27,27,27
210081,2,1,1987,0,0,0,0,0,0,0,0,0,0
210082,0,1,1987,0,0,0,0,0,0,0,0,0,0
210082,1,1,1987,0,0,0,0,17,0,0,0,12,0
210083,1,1,1987,0,0,0,0,0,0,0,0,0,0
210083,2,1,1987,0,0,0,0,0,0,0,0,0,0
210084,1,1,1987,21,26,10,12,19,0,0,5,13,2
210084,2,1,1987,0,0,0,0,0,0,0,0,0,0
210085,1,1,1987,0,0,0,0,0,0,0,0,0,0
210086,1,1,1987,0,0,0,0,0,0,0,0,0,0
210086,2,1,1987,0,0,0,0,0,0,34,0,0,0
210087,1,1,1987,29,29,29,29,29,29,29,29,29,29
210087,2,1,1987,0,0,0,0,0,0,0,0,0,0
210088,1,1,1987,15,15,15,15,15,15,15,15,15,15
210088,2,1,1987,0,19,0,0,0,0,0,0,0,0
210089,1,1,1987,0,0,0,0,0,0,0,0,0,0
210089,2,1,1987,20,24,0,37,4,24,8,0,26,0
210089,3,1,1987,0,0,0,0,0,0,0,0,0,0
210089,4,1,1987,0,0,0,0,0,0,0,0,0,0
210091,1,1,1987,0,0,0,0,0,0,0,0,0,0
210092,0,1,1987,0,0,0,0,0,0,0,0,0,0
210092,1,1,1987,0,0,0,0,0,0,0,0,0,0
210093,1,1,1987,0,0,0,0,0,0,0,0,0,0
210093,2,1,1987,0,0,0,0,0,0,0,0,10,0
210094,1,1,1987,0,0,0,0,0,0,0,0,0,0
210094,2,1,1987,0,0,0,0,0,0,0,0,0,0
210095,1,1,1987,7,7,7,7,7,7,7,7,7,7
210096,1,1,1987,42,42,42,42,42,42,42,42,42,42
210097,1,1,1987,17,17,17,17,17,17,17,17,17,17
210098,1,1,1987,0,0,0,0,0,0,0,0,0,0
210098,2,1,1987,0,0,0,0,0,0,0,0,0,0
210099,1,1,1987,0,0,0,0,0,0,0,0,0,0
210099,2,1,1987,0,0,0,0,0,0,0,0,0,17
210100,0,1,1987,33,33,33,33,33,33,33,33,33,33
210100,1,1,1987,0,0,0,0,0,0,0,0,0,0
210101,1,1,1987,0,0,0,0,0,0,0,0,0,0
210101,2,1,1987,20,20,20,20,20,20,20,20,20,20
210102,0,1,1987,0,0,0,0,0,0,0,37,0,0
210102,0,2,1987,0,22,25,0,0,10,0,0,0,0
210102,1,1,1987,15,15,15,15,15,15,15,15,15,15
210103,0,1,1987,0,0,0,0,0,0,0,0,21,14
210103,1,1,1987,0,0,20,0,5,0,0,0,0,0
210104,1,1,1987,4,4,4,4,4,4,4,4,4,4
210105,1,1,1987,0,0,0,0,0,0,0,0,0,0
210105,2,1,1987,0,0,0,0,0,0,0,0,0,0
210106,1,1,1987,26,26,26,26,26,26,26,26,26,26
210107,0,1,1987,11,0,0,0,0,0,0,0,0,0
210107,1,1,1987,22,22,22,22,22,22,22,22,22,22
210108,0,1,1987,0,0,0,0,0,0,0,0,0,0
210108,1,1,1987,0,0,0,0,0,0,0,0,0,0
210109,1,1,1987,2,2,2,2,2,2,2,2,2,2
210110,1,1,1987,0,0,0,0,0,0,0,0,0,0
210110,2,1,1987,0,0,0,0,0,0,0,0,0,12
210111,1,1,1987,19,19,19,19,19,19,19,19,19,19
210112,1,1,1987,25,25,25,25,25,25,25,25,25,25
210113,1,1,1987,0,0,0,0,0,0,0,0,0,0
210113,2,1,1987,0,0,0,0,0,0,0,0,0,0
210115,0,1,1987,0,0,0,49,24,28,0,28,30,0
210115,1,1,1987,0,0,0,0,18,0,0,0,0,11
210116,1,1,1987,14,14,14,14,14,14,14,14,14,14
210117,1,1,1987,24,24,24,24,24,24,24,24,24,24
210117,2,1,1987,0,0,0,0,0,0,0,0,0,0
210118,1,1,1987,0,13,0,0,0,21,0,26,0,0
210119,1,1,1987,0,0,0,0,0,0,6,0,0,0
210120,1,1,1987,13,13,13,13,13,13,13,13,13,13
210121,1,1,1987,19,19,19,19,19,19,19,19,19,19
210122,1,1,1987,3,3,3,3,3,3,3,3,3,3
210122,2,1,1987,0,0,0,0,0,0,0,0,0,0
210123,1,1,1987,0,0,0,0,0,0,0,0,0,0
210123,2,1,1987,0,0,0,0,0,0,0,0,0,0
210124,1,1,1987,23,0,17,0,7,0,0,0,0,0
210124,2,1,1987,0,0,0,0,0,0,0,0,0,0
210125,1,1,1987,17,17,17,17,17,17,17,17,17,17
210125,2,1,1987,0,0,0,0,0,0,0,0,0,0
210126,1,1,1987,22,22,22,22,22,22,22,22,22,22
210127,1,1,1987,15,15,15,15,15,15,15,15,15,15
210128,1,1,1987,28,28,28,28,28,28,28,28,28,28
210130,1,1,1987,13,13,13,13,13,13,13,13,13,13
210131,1,1,1987,0,0,0,0,0,0,0,0,0,0
210132,1,1,1987,22,22,22,22,22,22,22,22,22,22
210133,1,1,1987,0,0,0,0,0,0,0,0,0,0
210133,2,1,1987,0,0,0,0,0,0,0,0,0,0
210134,1,1,1987,1,1,1,1,1,1,1,1,1,1
210134,2,1,1987,0,0,0,0,0,0,0,0,0,0
210135,1,1,1987,19,0,0,0,0,0,0,0,0,0
210135,2,1,1987,0,0,0,0,0,0,0,0,0,0
210136,0,1,1987,0,0,13,0,0,0,0,0,0,0
210136,1,1,1987,0,0,0,0,0,0,0,0,0,0
210137,1,1,1987,0,0,0,0,0,0,0,0,0,0
210137,2,1,1987,0,0,0,0,0,0,0,0,0,0
210138,1,1,1987,0,0,0,9,19,0,0,25,7,0
210138,2,1,1987,23,0,0,0,0,0,16,0,0,0
210139,1,1,1987,5,37,18,0,0,13,4,11,10,5
210140,1,1,1987,18,18,18,18,18,18,18,18,18,18
210141,1,1,1987,28,28,28,28,28,28,28,28,28,28
210141,2,1,1987,0,0,0,0,0,0,0,0,0,0
210142,1,1,1987,0,0,0,0,0,0,0,0,0,0
210142,2,1,1987,0,0,0,0,0,0,0,0,0,0
210143,1,1,1987,0,0,0,0,0,0,0,0,0,0
210143,2,1,1987,0,0,0,0,0,0,0,0,0,0
210144,1,1,1987,0,0,0,0,0,0,0,0,0,0
210144,2,1,1987,0,0,0,0,0,0,0,0,0,0
210145,0,1,1987,0,0,0,0,0,0,0,0,0,0
210145,1,1,1987,4,4,4,4,4,4,4,4,4,4
210146,0,1,1987,0,0,0,0,0,0,0,0,0,0
210146,1,1,1987,0,0,0,0,0,0,0,0,0,0
210147,1,1,1987,0,0,0,0,0,0,0,0,0,0
210147,2,1,1987,0,0,17,0,0,0,0,0,0,6
210148,1,1,1987,0,0,0,0,0,0,0,0,0,0
210149,1,1,1987,9,9,9,9,9,9,9,9,9,9
210151,0,1,1987,0,0,0,0,0,0,0,0,0,0
210151,1,1,1987,0,0,0,0,0,0,0,0,0,0
210152,1,1,1987,0,0,0,0,0,0,0,0,0,0
210152,2,1,1987,0,0,0,0,0,0,0,0,0,0
210152,3,1,1987,0,0,0,0,10,0,0,0,0,0
210153,1,1,1987,11,11,11,11,11,11,11,11,11,11
210154,1,1,1987,18,18,18,18,18,18,18,18,18,18
210155,0,1,1987,0,0,0,0,0,0,0,0,0,0
210155,1,1,1987,0,0,0,0,0,0,0,0,0,0
210156,1,1,1987,21,21,21,21,21,21,21,21,21,21
210157,1,1,1987,14,14,14,14,14,14,14,14,14,14
210157,2,1,1987,0,0,0,0,0,0,0,0,0,0
210158,0,1,1987,0,0,0,0,0,0,0,0,0,0
210158,1,1,1987,0,0,0,0,0,0,0,0,0,0
210159,1,1,1987,0,0,0,0,0,0,0,0,0,0
210159,2,1,1987,0,7,0,0,0,0,0,0,0,0
210159,3,1,1987,0,0,0,0,0,0,0,0,0,0
210160,1,1,1987,15,15,15,15,15,15,15,15,15,15
210161,1,1,1987,0,0,0,0,0,0,0,0,0,0
210161,2,1,1987,0,0,0,0,0,0,0,0,0,0
210162,1,1,1987,31,31,31,31,31,31,31,31,31,31
210163,1,1,1987,0,0,0,0,0,0,0,0,0,11
210164,1,1,1987,16,16,16,16,16,16,16,16,16,16
210165,1,1,1987,0,0,0,0,0,0,0,0,0,0
210165,2,1,1987,0,0,0,0,0,0,0,0,0,18
210166,1,1,1987,0,0,0,0,0,0,0,0,0,0
210166,2,1,1987,0,0,0,0,0,0,0,0,0,0
210166,3,1,1987,0,0,0,0,0,0,0,0,0,0
210167,1,1,1987,0,0,0,0,0,0,0,0,0,0
210167,2,1,1987,0,0,0,0,0,0,0,0,0,0
210167,3,1,1987,0,0,0,0,0,0,0,0,0,0
210167,4,1,1987,0,0,0,0,0,16,0,0,0,0
210168,1,1,1987,0,0,0,0,0,0,0,0,0,0
210168,2,1,1987,0,0,0,0,0,0,0,0,0,0
210169,1,1,1987,12,12,12,12,12,12,12,12,12,12
210170,1,1,1987,15,15,15,15,15,15,15,15,15,15
210171,0,1,1987,23,23,23,23,23,23,23,23,23,23
210171,1,1,1987,0,0,0,0,0,0,0,0,0,0
210172,1,1,1987,15,15,15,15,15,15,15,15,15,15
210173,1,1,1987,15,0,0,29,0,0,7,15,0,0
210174,1,1,1987,11,34,17,32,12,18,17,5,10,27
210175,0,1,1987,0,0,0,0,0,0,0,0,0,0
210175,1,1,1987,0,0,0,0,0,0,0,0,0,0
210176,1,1,1987,0,0,0,0,0,0,0,0,0,0
210177,1,1,1987,0,0,0,0,0,0,0,0,0,0
210177,2,1,1987,0,0,0,0,0,0,0,0,0,0
210177,3,1,1987,0,0,0,0,0,0,0,0,0,0
210178,1,1,1987,0,0,0,0,0,0,0,0,0,0
210178,2,1,1987,0,0,0,0,0,0,0,0,0,0
210179,1,1,1987,2,0,0,0,0,0,0,0,0,0
210179,2,1,1987,0,0,0,0,0,0,0,0,0,0
210180,1,1,1987,26,26,26,26,26,26,26,26,26,26
210181,1,1,1987,9,9,9,9,9,9,9,9,9,9
210182,1,1,1987,0,0,0,0,0,0,0,0,0,8
210182,2,1,1987,0,0,0,0,0,0,0,0,0,0
210183,1,1,1987,0,0,0,0,0,0,0,0,0,0
210184,1,1,1987,0,0,25,0,0,0,0,0,0,15
210185,1,1,1987,0,0,0,0,0,0,0,0,0,0
210185,2,1,1987,0,0,0,0,0,0,0,0,0,0
210186,1,1,1987,0,0,0,0,0,0,0,0,0,0
210186,2,1,1987,0,0,0,0,0,0,0,0,0,0
210187,1,1,1987,13,13,13,13,13,13,13,13,13,13
210188,1,1,1987,0,0,0,0,0,0,0,0,0,0
210188,2,1,1987,0,0,0,0,0,0,0,0,0,0
210189,0,1,1987,0,0,0,0,0,0,0,0,0,0
210189,1,1,1987,6,6,6,6,6,6,6,6,6,6
210190,1,1,1987,0,0,0,0,0,0,0,5,0,15
210191,1,1,1987,27,27,27,27,27,27,27,27,27,27
210192,1,1,1987,20,20,20,20,20,20,20,20,20,20
210193,1,1,1987,0,0,0,0,0,0,0,0,0,0
210193,2,1,1987,0,0,0,0,0,0,0,0,0,0
210194,0,1,1987,0,0,0,0,0,0,0,0,0,0
210194,1,1,1987,2,2,2,2,2,2,2,2,2,2
210195,1,1,1987,30,30,30,30,30,30,30,30,30,30
210195,2,1,1987,11,11,11,11,11,11,11,11,11,11
210196,1,1,1987,0,18,0,0,0,0,0,0,3,19
210196,2,1,1987,0,0,0,9,0,0,0,0,0,0
210198,1,1,1987,0,0,0,0,0,0,0,0,0,0
210198,2,1,1987,0,0,0,0,0,0,0,0,0,0
210199,1,1,1987,21,21,21,21,21,21,21,21,21,21
210200,1,1,1987,0,0,0,0,0,0,0,0,0,0
210201,1,1,1987,0,0,0,0,24,0,0,0,0,0
210202,1,1,1987,6,6,6,6,6,6,6,6,6,6
210203,1,1,1987,2,2,2,2,2,2,2,2,2,2
210204,1,1,1987,10,10,10,10,10,10,10,10,10,10
210205,1,1,1987,15,15,15,15,15,15,15,15,15,15
210205,2,1,1987,27,27,27,27,27,27,27,27,27,27
210206,1,1,1987,0,0,16,19,33,0,0,0,0,0
210207,1,1,1987,0,0,0,0,0,0,0,0,0,0
210207,2,1,1987,0,0,0,0,0,0,0,0,0,0
210208,1,1,1987,0,0,0,0,0,0,0,0,0,0
210208,2,1,1987,0,0,0,0,0,0,0,0,0,0
210209,1,1,1987,0,0,0,0,0,0,0,0,0,0
210210,1,1,1987,0,0,0,0,0,0,0,0,0,0
210211,1,1,1987,6,6,6,6,6,6,6,6,6,6
210212,1,1,1987,0,0,0,0,0,0,0,0,0,0
210213,1,1,1987,14,22,15,9,20,0,12,0,5,14
210214,1,1,1987,0,0,0,0,0,0,0,0,0,0
210214,2,1,1987,0,0,0,0,0,0,0,0,0,0
210214,3,1,1987,0,0,0,0,0,0,0,0,0,0
210215,1,1,1987,6,6,6,6,6,6,6,6,6,6
210216,1,2,1987,0,0,0,0,0,0,0,0,0,0
210217,0,1,1987,19,33,57,23,21,19,16,18,22,0
210217,1,1,1987,0,0,0,0,0,0,0,0,0,0
210218,0,1,1987,0,0,0,0,0,0,0,0,0,0
210218,1,1,1987,14,14,14,14,14,14,14,14,14,14
210219,1,1,1987,0,0,0,0,0,0,0,15,0,0
210220,1,1,1987,0,0,0,0,0,0,0,0,0,0
210220,2,1,1987,0,0,0,0,0,0,0,0,0,0
210221,1,1,1987,0,0,0,0,0,0,0,0,0,0
210221,2,1,1987,0,0,0,0,0,0,0,0,0,0
210222,1,1,1987,19,19,19,19,19,19,19,19,19,19
210223,1,1,1987,0,0,23,0,14,0,0,0,13,0
210223,2,1,1987,0,0,0,0,0,0,0,0,0,0
210224,1,1,1987,17,17,17,17,17,17,17,17,17,17
210225,1,1,1987,16,16,16,16,16,16,16,16,16,16
210225,2,1,1987,0,0,0,0,0,0,0,0,0,0
210226,1,1,1987,16,16,16,16,16,16,16,16,16,16
210226,2,1,1987,0,0,0,0,17,0,0,0,11,0
210227,1,1,1987,0,0,0,0,0,0,0,0,0,0
210227,2,1,1987,0,0,0,0,0,0,0,0,0,0
210228,1,1,1987,0,0,0,0,0,0,0,0,0,0
210228,2,1,1987,0,0,0,16,0,0,12,0,0,36
210229,1,1,1987,0,0,0,0,0,0,0,0,0,0
210229,2,1,1987,0,0,0,0,0,0,0,0,0,0
210230,1,1,1987,13,13,13,13,13,13,13,13,13,13
210231,1,1,1987,13,13,13,13,13,13,13,13,13,13
210232,1,1,1987,30,30,30,30,30,30,30,30,30,30
210233,1,1,1987,24,24,24,24,24,24,24,24,24,24
210234,0,1,1987,0,0,0,0,0,0,0,0,0,0
210234,1,1,1987,0,0,0,0,0,0,0,0,0,0
210235,1,1,1987,0,0,0,0,0,0,0,0,0,0
210235,2,1,1987,0,0,0,0,0,0,0,0,0,0
210236,1,1,1987,12,19,19,9,27,14,5,16,24,29
210237,1,1,1987,31,10,5,22,26,18,23,5,22,14
210238,0,1,1987,0,23,0,0,0,0,0,0,0,0
210238,1,1,1987,0,0,0,0,0,0,0,0,0,0
210239,0,1,1987,0,0,0,0,0,0,0,0,0,0
210239,1,1,1987,0,23,0,0,0,0,0,0,0,0
210240,1,1,1987,18,18,18,18,18,18,18,18,18,18
210241,1,1,1987,0,0,0,0,0,0,0,0,0,0
210241,2,1,1987,0,0,0,0,0,23,0,0,0,25
210242,1,1,1987,0,0,0,0,0,0,0,0,0,0
210243,1,1,1987,0,0,0,0,0,0,8,0,0,0
210244,1,1,1987,20,20,20,20,20,20,20,20,20,20
210244,2,1,1987,12,9,24,18,10,22,10,18,11,7
210245,1,1,1987,0,0,0,0,0,0,0,0,0,0
210246,1,1,1987,7,7,7,7,7,7,7,7,7,7
210247,1,1,1987,0,0,0,0,0,0,0,0,0,0
210248,1,1,1987,0,0,0,0,0,0,0,0,0,0
210248,2,1,1987,0,0,0,0,0,0,0,0,0,0
210250,1,1,1987,0,0,0,0,0,0,0,0,0,0
210250,2,1,1987,15,0,0,27,0,0,0,0,0,0
210251,0,1,1987,22,22,22,22,22,22,22,22,22,22
210251,1,1,1987,0,0,4,7,0,0,14,0,6,0
210252,1,1,1987,13,13,13,13,13,13,13,13,13,13
210253,0,1,1987,0,9,5,0,0,0,0,0,16,0
210253,1,1,1987,17,17,17,17,17,17,17,17,17,17
210254,1,1,1987,24,24,24,24,24,24,24,24,24,24
210255,1,1,1987,0,0,0,0,0,0,0,0,0,0
210256,1,1,1987,0,0,0,0,0,0,0,18,0,0
210257,1,1,1987,31,31,31,31,31,31,31,31,31,31
210258,1,1,1987,16,15,0,5,19,9,9,13,14,21
210259,1,1,1987,0,0,0,0,0,0,0,0,0,0
210259,2,1,1987,0,0,0,0,0,0,0,0,0,0
210260,1,1,1987,19,11,0,0,31,0,0,11,0,0
210261,0,1,1987,0,0,0,0,0,0,0,0,0,0
210261,1,1,1987,0,0,0,0,0,0,0,0,0,0
210262,0,1,1987,0,7,14,0,0,14,0,4,14,19
210262,1,1,1987,0,0,0,0,0,0,0,0,0,0
210263,1,1,1987,0,0,0,0,0,0,0,0,0,0
210264,1,1,1987,18,0,0,0,0,0,21,0,0,0
210264,2,1,1987,0,0,0,0,0,0,0,0,0,0
210265,0,1,1987,0,0,0,0,0,0,0,0,0,0
210265,1,1,1987,0,0,0,0,0,0,0,0,0,0
210266,1,1,1987,15,15,15,15,15,15,15,15,15,15
210267,1,1,1987,18,18,18,18,18,18,18,18,18,18
210268,1,1,1987,16,16,16,16,16,16,16,16,16,16
210268,2,1,1987,0,0,0,0,0,0,0,0,0,0
210269,1,1,1987,0,0,0,0,0,0,0,0,0,0
210270,1,1,1987,0,0,0,0,0,0,0,0,0,0
210270,2,1,1987,0,0,0,0,0,0,0,0,0,0
210271,1,1,1987,0,0,0,0,0,0,0,0,0,0
210271,2,1,1987,0,0,0,0,0,0,0,0,0,0
210272,1,1,1987,0,0,0,0,0,0,0,0,0,0
210273,1,1,1987,30,28,32,27,5,28,24,21,14,24
210274,0,1,1987,5,5,5,5,5,5,5,5,5,5
210274,1,1,1987,0,0,0,0,0,0,0,0,0,0
210275,1,1,1987,0,0,0,0,0,0,0,0,0,0
210276,1,1,1987,0,0,0,0,0,0,0,0,0,0
210276,2,1,1987,0,0,0,0,0,0,0,0,0,0
210277,1,1,1987,10,10,10,10,10,10,10,10,10,10
210278,1,1,1987,0,0,0,0,0,0,0,0,0,0
210279,1,1,1987,0,0,0,0,0,0,0,0,0,0
210279,2,1,1987,0,0,0,0,0,0,0,0,0,0
210280,1,1,1987,0,0,0,0,0,0,0,0,0,0
210280,2,1,1987,4,4,4,4,4,4,4,4,4,4
210281,1,1,1987,0,0,0,21,37,0,0,0,0,21
210282,1,1,1987,13,13,13,13,13,13,13,13,13,13
210282,2,1,1987,0,0,0,0,13,0,0,0,0,0
210283,1,1,1987,0,0,0,0,0,0,0,0,0,0
210284,1,1,1987,18,18,18,18,18,18,18,18,18,18
210284,2,1,1987,0,0,0,0,0,0,0,0,0,0
210285,1,1,1987,0,0,0,0,0,0,0,0,0,0
210286,1,1,1987,0,0,0,0,0,0,0,0,0,0
210286,2,1,1987,11,11,11,11,11,11,11,11,11,11
210287,1,1,1987,0,0,0,0,0,0,0,0,0,0
210287,2,1,1987,0,24,0,0,0,0,0,0,0,0
210288,1,1,1987,0,0,0,0,0,0,0,0,0,0
210288,2,1,1987,0,0,0,41,0,16,0,0,0,0
210289,1,1,1987,0,0,0,0,0,0,8,0,0,0
210290,1,1,1987,0,0,0,0,0,0,0,0,0,0
210290,2,1,1987,0,0,0,0,0,26,0,0,0,0
210291,1,1,1987,0,0,0,0,0,0,0,0,0,0
210292,0,1,1987,0,0,0,0,0,0,0,0,0,0
210292,1,1,1987,0,0,0,0,0,0,0,0,0,0
210292,2,1,1987,0,0,0,0,0,0,0,0,0,0
210293,1,1,1987,0,0,0,0,0,0,0,0,0,0
210293,2,1,1987,0,0,0,0,0,0,0,0,0,0
210294,1,1,1987,7,7,7,7,7,7,7,7,7,7
210295,1,1,1987,0,0,0,0,0,0,0,0,0,0
210295,2,1,1987,0,0,0,0,0,0,0,0,0,0
210296,1,1,1987,1,1,1,1,1,1,1,1,1,1
210296,2,1,1987,12,12,12,12,12,12,12,12,12,12
210297,1,1,1987,0,0,0,0,0,0,0,0,0,0
210297,2,1,1987,0,0,0,0,0,0,0,0,0,14
210298,1,1,1987,28,28,28,28,28,28,28,28,28,28
210299,0,1,1987,0,0,0,0,0,0,0,0,0,0
210299,1,1,1987,0,0,0,0,0,0,0,0,0,0
210300,1,1,1987,0,0,0,0,0,0,0,0,0,0
210300,2,1,1987,0,0,0,0,0,0,0,0,0,0
210301,0,1,1987,1,1,1,1,1,1,1,1,1,1
210301,1,1,1987,0,8,0,0,0,0,0,0,0,0
210302,1,1,1987,0,0,0,0,0,0,0,0,0,0
210303,1,1,1987,0,0,0,0,0,0,0,0,0,0
210304,1,1,1987,21,21,21,21,21,21,21,21,21,21
210305,1,1,1987,0,0,0,0,15,0,0,0,0,0
210306,1,1,1987,0,0,0,0,0,0,0,0,0,0
210307,1,1,1987,15,15,15,15,15,15,15,15,15,15
210308,1,1,1987,0,0,0,0,0,0,0,0,0,0
210308,2,1,1987,0,0,0,0,0,0,0,0,0,0
210309,0,1,1987,0,0,0,0,0,0,0,0,0,0
210309,1,1,1987,0,0,0,0,0,0,0,0,0,0
210310,0,1,1987,33,33,33,33,33,33,33,33,33,33
210310,1,1,1987,0,26,0,0,0,0,0,35,9,0
210311,0,1,1987,40,40,40,40,40,40,40,40,40,40
210311,1,1,1987,0,20,0,0,0,0,0,0,0,0
210312,1,1,1987,0,0,0,0,0,0,0,0,0,0
210312,2,1,1987,0,0,0,0,0,0,0,0,0,0
210313,1,1,1987,0,0,0,0,0,0,0,0,0,0
210314,0,1,1987,11,0,20,0,0,21,0,0,0,0
210314,1,1,1987,0,0,0,0,0,0,0,0,9,0
210315,1,1,1987,22,22,22,22,22,22,22,22,22,22
210316,1,1,1987,16,16,16,16,16,16,16,16,16,16
210317,1,1,1987,17,11,13,15,27,17,24,13,23,13
210318,1,1,1987,0,0,0,0,0,0,0,0,0,16
210320,1,1,1987,24,24,24,24,24,24,24,24,24,24
210321,1,1,1987,9,9,9,9,9,9,9,9,9,9
210322,1,1,1987,7,7,7,7,7,7,7,7,7,7
210323,1,1,1987,0,0,0,0,0,0,0,0,0,0
210324,1,1,1987,25,25,25,25,25,25,25,25,25,25
210324,2,1,1987,0,0,0,0,0,0,0,0,0,0
210325,1,1,1987,0,0,0,0,0,0,0,0,0,0
210326,1,1,1987,11,11,11,11,11,11,11,11,11,11
210326,2,1,1987,0,0,0,0,0,0,0,0,0,0
210327,1,1,1987,0,25,0,26,0,0,7,0,0,0
210328,0,1,1987,24,24,24,24,24,24,24,24,24,24
210328,1,1,1987,6,0,0,0,0,9,0,0,2,0
210329,1,1,1987,0,0,0,0,0,0,0,0,0,0
210330,0,1,1987,0,0,0,0,0,0,0,0,0,0
210330,1,1,1987,3,0,0,0,0,0,0,0,0,0
210331,1,1,1987,0,0,0,0,0,0,0,0,0,0
210332,1,1,1987,0,0,0,0,0,0,0,0,0,0
210332,2,1,1987,0,0,0,0,0,0,0,0,0,0
210333,0,1,1987,0,0,0,0,0,0,0,0,0,0
210333,1,1,1987,0,0,0,0,0,0,0,0,0,0
210334,0,1,1987,10,0,0,22,6,19,0,0,19,0
210334,1,1,1987,0,0,0,0,0,0,0,0,0,0
210335,1,1,1987,0,0,0,0,0,0,0,0,0,0
210336,1,1,1987,0,0,0,0,0,4,0,0,0,0
210336,2,1,1987,0,0,0,0,10,0,0,0,0,0
210337,1,1,1987,0,0,0,0,0,0,0,0,0,0
210337,2,1,1987,0,0,0,0,0,0,0,0,0,0