ST_CASE,VEH_NO,PER_NO,YEAR,P1,P2,P3,P4,P5,P6,P7,P8,P9,P10
210338,1,1,1987,0,0,0,0,0,0,0,0,0,0
210338,2,1,1987,0,0,0,0,0,0,0,0,0,0
210338,3,1,1987,0,0,0,0,0,0,0,0,0,0
210339,1,1,1987,0,0,0,0,0,0,0,0,0,0
210339,2,1,1987,0,0,0,0,0,0,0,0,0,0
210340,1,1,1987,29,7,26,7,11,21,7,12,8,13
210341,1,1,1987,0,0,0,0,0,0,0,0,0,0
210342,1,1,1987,0,0,0,0,0,0,0,0,0,0
210342,2,1,1987,0,0,0,0,11,0,0,34,0,0
210343,0,1,1987,0,0,10,0,0,0,18,6,0,0
210343,0,2,1987,0,0,20,0,9,0,16,12,7,0
210343,1,1,1987,11,9,29,19,5,20,4,21,29,21
210344,1,1,1987,0,0,0,0,0,0,0,0,0,0
210344,2,1,1987,0,0,0,0,0,0,0,0,0,0
210345,1,1,1987,0,0,0,0,0,0,0,0,0,0
210345,2,1,1987,0,0,0,0,0,0,0,0,0,0
210346,1,1,1987,0,0,0,0,0,0,0,0,0,0
210347,1,1,1987,0,17,6,0,0,0,0,0,0,0
210347,2,1,1987,0,0,0,0,0,0,0,0,0,0
210348,1,1,1987,13,13,13,13,13,13,13,13,13,13
210349,1,1,1987,0,0,0,0,0,0,0,0,0,0
210350,1,1,1987,0,0,0,0,0,0,0,0,0,0
210351,1,1,1987,0,0,0,0,0,0,0,0,0,0
210351,2,1,1987,0,0,0,0,0,0,0,0,0,0
210352,1,1,1987,0,0,0,0,0,0,0,0,0,0
210353,1,1,1987,0,0,0,0,0,0,0,0,0,0
210353,2,1,1987,0,0,0,0,0,0,0,0,0,0
210354,1,1,1987,20,20,20,20,20,20,20,20,20,20
210355,1,1,1987,0,0,0,0,8,0,0,0,0,0
210356,1,1,1987,0,0,0,0,0,0,0,0,0,0
210357,1,1,1987,22,22,22,22,22,22,22,22,22,22
210358,1,1,1987,0,0,0,0,0,0,0,0,0,0
210358,2,1,1987,0,0,0,0,0,0,0,0,0,0
210359,1,1,1987,0,0,0,0,0,0,0,0,0,0
210359,2,1,1987,0,0,0,0,0,0,0,0,0,0
210360,1,1,1987,0,0,0,0,0,0,0,0,0,0
210361,1,1,1987,0,0,0,0,0,0,0,0,0,0
210361,2,1,1987,0,0,0,0,0,0,0,0,0,0
210362,1,1,1987,0,0,0,0,0,0,0,0,0,12
210363,1,1,1987,6,6,6,6,6,6,6,6,6,6
210364,0,1,1987,25,25,25,25,25,25,25,25,25,25
210364,1,1,1987,0,0,10,0,0,0,0,0,0,0
210366,1,1,1987,0,0,0,0,0,0,0,0,0,0
210367,1,1,1987,16,16,16,16,16,16,16,16,16,16
210368,1,1,1987,12,12,12,12,12,12,12,12,12,12
210369,1,1,1987,7,7,7,7,7,7,7,7,7,7
210370,1,1,1987,0,0,0,0,0,0,0,0,0,0
210370,2,1,1987,0,0,0,0,0,0,0,0,0,0
210371,1,1,1987,28,28,28,28,28,28,28,28,28,28
210371,2,1,1987,0,0,0,0,0,0,0,0,0,0
210372,1,1,1987,0,0,0,0,0,0,8,0,0,0
210372,2,1,1987,0,0,0,0,0,0,0,14,0,0
210373,1,1,1987,0,0,0,0,22,0,0,0,0,0
210373,2,1,1987,0,0,0,0,0,0,0,0,0,0
210374,0,1,1987,0,0,0,0,0,0,0,0,0,0
210374,1,1,1987,0,0,0,0,0,0,0,0,0,0
210375,0,1,1987,0,10,0,0,0,0,0,0,15,0
210375,1,1,1987,0,0,0,0,0,0,0,0,0,6
210376,1,1,1987,0,0,0,0,0,0,0,0,0,0
210377,1,1,1987,5,5,5,5,5,5,5,5,5,5
210378,1,1,1987,0,0,0,0,0,0,0,0,0,0
210378,2,1,1987,0,0,0,0,0,0,0,0,0,0
210379,1,1,1987,0,0,0,0,0,0,0,0,0,0
210379,2,1,1987,0,0,0,0,0,0,0,0,0,0
210379,3,1,1987,0,0,0,0,0,10,0,0,0,0
210380,1,1,1987,0,0,0,0,0,0,0,0,0,0
210381,1,1,1987,14,14,14,14,14,14,14,14,14,14
210382,1,1,1987,5,5,5,5,5,5,5,5,5,5
210382,2,1,1987,23,23,23,23,23,23,23,23,23,23
210383,1,1,1987,5,5,5,5,5,5,5,5,5,5
210383,2,1,1987,0,0,0,0,0,0,0,0,0,0
210384,1,1,1987,0,0,0,0,0,0,0,0,0,0
210384,2,1,1987,0,0,0,0,0,0,0,0,0,0
210385,1,1,1987,13,10,13,18,6,16,25,29,31,14
210385,2,1,1987,16,15,10,17,26,8,16,11,11,0
210386,0,1,1987,23,0,0,0,0,0,0,0,0,0
210386,0,2,1987,12,12,12,12,12,12,12,12,12,12
210386,1,1,1987,1,1,1,1,1,1,1,1,1,1
210386,4,1,1987,0,0,0,0,0,0,0,0,0,0
210388,1,1,1987,0,6,0,0,0,0,0,0,0,0
210388,2,1,1987,0,0,0,0,0,0,0,0,18,0
210389,1,1,1987,0,22,24,13,24,15,0,0,36,0
210390,1,1,1987,0,0,0,0,0,0,0,0,0,0
210390,2,1,1987,0,0,0,0,0,0,0,0,0,0
210391,0,1,1987,0,13,20,17,0,0,0,0,0,0
210391,1,1,1987,0,0,0,0,0,14,0,0,12,0
210392,1,1,1987,0,0,0,0,0,0,0,0,0,0
210393,1,1,1987,0,0,0,0,0,0,0,0,0,0
210393,2,1,1987,0,0,0,0,0,0,0,0,0,0
210394,1,1,1987,35,35,35,35,35,35,35,35,35,35
210395,1,1,1987,0,0,0,0,0,0,0,0,0,20
210396,1,1,1987,7,17,24,8,9,19,0,12,13,22
210397,1,1,1987,0,0,0,0,0,0,0,0,0,0
210397,2,1,1987,0,0,0,0,0,0,0,0,0,0
210398,1,1,1987,0,0,0,0,0,0,0,0,0,0
210399,1,1,1987,0,0,0,0,0,0,0,0,0,0
210400,1,1,1987,0,0,0,0,0,0,0,0,0,0
210400,2,1,1987,0,0,0,0,0,0,0,0,0,0
210401,1,1,1987,0,0,0,0,0,0,0,0,0,0
210402,1,1,1987,0,0,0,15,0,0,5,0,0,0
210403,1,1,1987,0,0,0,0,0,0,0,0,0,0
210404,1,1,1987,39,39,39,39,39,39,39,39,39,39
210405,1,1,1987,0,0,0,0,0,0,0,0,0,0
210406,1,1,1987,30,30,30,30,30,30,30,30,30,30
210407,1,1,1987,4,4,4,4,4,4,4,4,4,4
210407,2,1,1987,0,0,0,0,0,0,0,0,6,0
210408,1,1,1987,0,0,0,0,0,0,0,0,0,0
210408,2,1,1987,0,0,0,0,0,0,0,0,0,0
210409,1,1,1987,30,30,30,30,30,30,30,30,30,30
210410,1,1,1987,7,7,7,7,7,7,7,7,7,7
210410,2,1,1987,3,3,3,3,3,3,3,3,3,3
210411,0,1,1987,30,30,30,30,30,30,30,30,30,30
210411,1,1,1987,11,5,3,29,0,15,0,25,13,27
210412,1,1,1987,23,23,23,23,23,23,23,23,23,23
210413,1,1,1987,26,26,26,26,26,26,26,26,26,26
210414,1,1,1987,0,0,0,0,0,0,0,0,0,0
210415,1,1,1987,0,0,0,0,0,0,0,0,0,0
210415,2,1,1987,2,2,2,2,2,2,2,2,2,2
210416,1,1,1987,0,0,0,0,0,0,0,0,0,0
210416,2,1,1987,0,0,0,0,0,0,0,0,0,0
210417,1,1,1987,30,30,30,30,30,30,30,30,30,30
210418,1,1,1987,15,15,15,15,15,15,15,15,15,15
210418,2,1,1987,0,0,0,0,0,0,0,0,0,0
210419,1,1,1987,0,0,0,0,0,0,0,0,0,0
210420,1,1,1987,0,0,0,0,0,0,0,0,0,0
210421,1,1,1987,0,0,0,0,0,0,0,0,0,0
210422,1,1,1987,0,0,0,0,0,0,0,0,0,0
210422,2,1,1987,0,0,0,0,0,0,0,0,7,0
210423,0,1,1987,0,0,0,0,0,0,0,0,0,0
210423,1,1,1987,0,0,0,0,0,0,0,0,0,0
210424,1,1,1987,3,3,3,3,3,3,3,3,3,3
210424,2,1,1987,0,0,0,0,0,0,0,0,0,0
210425,1,1,1987,0,0,0,0,0,0,0,0,0,0
210426,1,1,1987,0,0,0,0,0,0,0,0,0,0
210426,2,1,1987,0,0,0,0,0,0,0,0,0,0
210427,1,1,1987,0,0,0,0,0,0,0,0,0,0
210428,1,1,1987,0,0,0,0,0,0,0,0,0,0
210429,1,1,1987,0,0,0,0,0,0,0,0,0,0
210429,2,1,1987,0,0,0,0,0,0,0,0,0,0
210430,0,1,1987,17,17,17,17,17,17,17,17,17,17
210430,1,1,1987,0,0,21,0,0,0,0,0,0,0
210431,1,1,1987,19,19,19,19,19,19,19,19,19,19
210432,0,1,1987,0,0,0,0,0,0,0,0,0,0
210432,1,1,1987,0,0,0,0,0,0,0,0,0,0
210433,0,1,1987,0,0,0,0,0,0,0,0,0,0
210433,0,2,1987,0,0,0,0,0,0,0,0,0,0
210433,0,3,1987,0,0,0,0,0,0,0,0,0,0
210433,1,1,1987,12,22,19,14,0,23,23,9,17,3
210434,1,1,1987,12,12,12,12,12,12,12,12,12,12
210435,1,1,1987,0,0,0,0,0,0,0,0,0,0
210435,2,1,1987,0,0,0,0,0,0,0,0,0,0
210436,1,1,1987,10,10,10,10,10,10,10,10,10,10
210437,1,1,1987,28,28,28,28,28,28,28,28,28,28
210437,2,1,1987,3,3,3,3,3,3,3,3,3,3
210438,1,1,1987,22,22,22,22,22,22,22,22,22,22
210439,1,1,1987,10,10,10,10,10,10,10,10,10,10
210439,2,1,1987,0,0,0,0,0,0,0,0,0,0
210440,1,1,1987,8,8,8,8,8,8,8,8,8,8
210440,2,1,1987,15,19,0,0,0,0,0,0,0,0
210440,3,1,1987,0,0,0,0,0,0,0,0,0,0
210441,1,1,1987,22,22,22,22,22,22,22,22,22,22
210442,1,1,1987,0,0,0,0,0,0,0,0,0,0
210442,2,1,1987,0,0,0,0,0,0,0,0,0,0
210443,1,1,1987,0,0,0,0,0,0,0,0,0,0
210444,1,1,1987,0,0,0,0,0,0,0,0,0,0
210444,2,1,1987,0,0,0,0,0,0,0,0,0,0
210445,1,1,1987,0,0,0,0,0,0,0,0,0,0
210446,1,1,1987,10,10,10,10,10,10,10,10,10,10
210447,0,1,1987,0,0,0,0,0,0,0,0,0,0
210447,1,1,1987,0,32,0,0,0,0,0,0,0,0
210448,1,1,1987,0,0,0,0,0,0,0,0,0,0
210448,2,1,1987,0,0,0,0,0,0,15,0,0,0
210449,0,1,1987,0,0,0,0,0,0,0,0,0,0
210449,1,1,1987,0,0,0,0,0,0,0,0,0,0
210450,1,1,1987,8,12,0,0,21,22,0,15,13,22
210451,0,1,1987,0,0,0,0,0,12,0,8,0,3
210451,1,1,1987,0,0,0,0,0,0,0,0,0,0
210452,1,1,1987,21,21,21,21,21,21,21,21,21,21
210453,1,1,1987,33,33,33,33,33,33,33,33,33,33
210454,1,1,1987,0,0,0,0,0,0,0,0,0,0
210455,1,1,1987,0,0,0,0,0,0,0,0,0,0
210455,2,1,1987,0,0,0,0,0,0,0,0,0,0
210456,1,1,1987,0,0,0,0,0,0,0,0,0,0
210457,1,1,1987,0,0,0,0,0,0,0,0,0,0
210458,1,1,1987,16,16,16,16,16,16,16,16,16,16
210458,2,1,1987,0,0,0,0,0,0,0,0,25,0
210459,1,1,1987,0,0,0,0,0,0,0,0,0,0
210460,1,1,1987,19,19,19,19,19,19,19,19,19,19
210461,1,1,1987,26,27,21,9,26,19,22,11,4,32
210461,2,1,1987,0,0,14,12,0,0,0,0,19,20
210462,0,1,1987,0,0,0,0,0,0,0,0,0,0
210462,1,1,1987,0,0,0,11,0,0,0,0,0,0
210463,1,1,1987,0,0,0,0,0,0,0,0,0,0
210464,0,1,1987,0,0,0,30,31,10,37,0,0,0
210464,1,1,1987,20,20,0,13,0,0,0,0,0,0
210465,1,1,1987,0,0,0,0,0,0,0,0,0,0
210465,2,1,1987,0,0,0,0,0,0,0,0,0,0
210466,1,1,1987,20,20,20,20,20,20,20,20,20,20
210466,2,1,1987,0,0,0,0,0,0,0,0,0,0
210467,1,1,1987,0,0,0,0,0,0,0,0,0,0
210467,2,1,1987,0,0,0,0,0,0,0,0,0,0
210468,1,1,1987,0,0,0,0,0,0,0,0,0,0
210468,2,1,1987,0,0,0,0,0,0,0,13,0,0
210470,1,1,1987,6,6,6,6,6,6,6,6,6,6
210471,1,1,1987,7,7,7,7,7,7,7,7,7,7
210471,2,1,1987,0,0,0,0,0,0,0,0,0,0
210472,0,1,1987,0,0,0,0,0,0,0,0,0,0
210472,1,1,1987,19,19,19,19,19,19,19,19,19,19
210473,1,1,1987,20,20,20,20,20,20,20,20,20,20
210474,1,1,1987,0,0,0,0,0,0,0,0,0,0
210474,2,1,1987,0,0,0,0,0,0,0,0,0,0
210475,0,1,1987,0,0,0,0,0,0,0,0,0,0
210475,1,1,1987,0,0,0,0,0,0,0,0,0,0
210476,1,1,1987,23,23,23,23,23,23,23,23,23,23
210477,1,1,1987,0,0,0,0,0,0,0,0,0,0
210478,1,1,1987,0,0,0,0,0,0,0,0,0,0
210478,2,1,1987,0,0,0,0,0,0,0,0,0,0
210479,1,1,1987,13,13,13,13,13,13,13,13,13,13
210480,1,1,1987,0,0,0,0,0,0,0,0,0,0
210480,2,1,1987,0,0,0,28,0,0,0,0,0,0
210480,3,1,1987,0,0,0,0,0,0,0,0,0,0
210481,1,1,1987,20,20,20,20,20,20,20,20,20,20
210481,2,1,1987,0,0,0,0,0,0,0,0,0,0
210481,3,1,1987,0,0,0,0,0,0,0,0,0,0
210482,1,1,1987,0,0,0,0,0,0,0,0,0,11
210483,1,1,1987,0,0,0,0,0,0,0,0,0,0
210483,2,1,1987,0,0,0,0,0,0,0,0,0,0
210484,0,1,1987,22,22,22,22,22,22,22,22,22,22
210484,1,1,1987,20,18,14,10,22,11,16,32,26,21
210485,1,1,1987,9,9,9,9,9,9,9,9,9,9
210486,1,1,1987,17,17,17,17,17,17,17,17,17,17
210486,2,1,1987,17,0,0,0,0,0,0,0,11,0
210487,1,1,1987,0,0,0,0,0,0,0,0,0,0
210487,2,1,1987,0,0,0,0,0,0,0,0,0,0
210489,1,1,1987,22,22,22,22,22,22,22,22,22,22
210489,2,1,1987,0,0,0,0,18,21,0,0,25,0
210490,0,1,1987,0,0,0,0,0,0,0,0,0,0
210490,1,1,1987,0,0,0,0,0,0,0,0,0,0
210491,1,1,1987,0,0,0,0,0,0,0,0,0,0
210492,1,1,1987,0,0,0,0,0,0,0,0,0,0
210493,1,1,1987,0,0,0,0,0,0,0,0,0,0
210493,2,1,1987,0,0,0,0,0,0,0,0,0,0
210493,3,1,1987,0,0,0,0,0,0,0,0,0,0
210494,1,1,1987,10,10,10,10,10,10,10,10,10,10
210495,0,1,1987,0,0,0,0,0,0,0,0,0,0
210495,1,1,1987,0,0,0,0,0,0,0,0,0,0
210496,1,1,1987,11,11,11,11,11,11,11,11,11,11
210496,2,1,1987,0,0,0,0,0,0,0,0,0,0
210497,1,1,1987,17,17,17,17,17,17,17,17,17,17
210497,2,1,1987,0,0,0,0,0,0,0,0,0,0
210498,1,1,1987,17,0,0,15,0,21,0,0,0,0
210499,1,1,1987,0,0,0,0,0,0,0,0,0,0
210500,1,1,1987,0,0,0,0,0,11,0,0,0,6
210501,1,1,1987,18,19,13,13,7,5,7,5,12,13
210501,2,1,1987,0,0,0,0,0,0,0,0,0,0
210502,1,1,1987,17,17,17,17,17,17,17,17,17,17
210502,2,1,1987,0,0,0,0,0,0,0,0,0,0
210503,1,1,1987,0,0,0,0,0,0,0,0,0,0
210504,1,1,1987,25,25,25,25,25,25,25,25,25,25
210504,2,1,1987,0,0,0,0,0,11,0,0,0,0
210505,0,1,1987,0,0,0,0,0,0,0,0,17,7
210505,1,1,1987,0,0,0,0,0,0,0,0,0,0
210507,1,1,1987,12,12,12,12,12,12,12,12,12,12
210507,2,1,1987,0,0,0,0,0,0,0,0,0,0
210508,0,1,1987,0,0,0,0,0,0,0,0,0,9
210508,1,1,1987,0,0,0,0,0,0,0,0,0,0
210509,0,1,1987,0,7,14,0,19,0,15,0,0,22
210509,1,1,1987,0,0,0,0,0,0,0,0,0,0
210510,1,1,1987,0,0,0,0,0,0,0,0,0,0
210510,2,1,1987,0,0,0,0,0,0,0,0,0,0
210511,1,1,1987,0,0,0,0,0,0,0,0,0,0
210511,2,1,1987,0,0,0,0,0,0,0,0,0,0
210512,1,1,1987,19,19,19,19,19,19,19,19,19,19
210513,1,1,1987,29,29,29,29,29,29,29,29,29,29
210514,0,1,1987,45,45,45,45,45,45,45,45,45,45
210514,1,1,1987,14,14,14,14,14,14,14,14,14,14
210515,1,1,1987,21,21,21,21,21,21,21,21,21,21
210515,2,1,1987,0,0,0,0,0,0,0,0,0,0
210516,1,1,1987,14,14,14,14,14,14,14,14,14,14
210517,1,1,1987,0,0,20,26,0,0,0,0,0,0
210518,1,1,1987,19,19,19,19,19,19,19,19,19,19
210519,1,1,1987,0,0,0,0,0,0,0,0,0,0
210519,2,1,1987,0,0,0,0,0,0,0,0,0,0
210520,1,1,1987,15,15,15,15,15,15,15,15,15,15
210520,2,1,1987,0,0,13,0,0,0,0,0,15,0
210521,1,1,1987,0,0,0,0,0,0,0,0,0,0
210521,2,1,1987,0,0,0,0,0,0,0,0,0,0
210522,1,1,1987,0,0,0,0,0,0,0,0,0,0
210522,2,1,1987,0,7,0,0,0,0,0,0,0,0
210523,1,1,1987,0,0,0,0,0,0,0,0,0,0
210523,2,1,1987,0,0,0,0,0,0,0,0,0,0
210524,1,1,1987,17,17,17,17,17,17,17,17,17,17
210524,2,1,1987,0,0,0,0,0,0,0,0,0,0
210525,1,1,1987,17,17,17,17,17,17,17,17,17,17
210525,2,1,1987,0,0,0,0,0,0,0,0,0,0
210526,1,1,1987,0,0,18,12,17,0,0,0,0,0
210526,2,1,1987,0,0,0,0,0,0,0,0,0,0
210527,1,1,1987,0,0,0,0,0,0,0,0,0,0
210527,2,1,1987,0,0,0,0,0,0,0,0,0,0
210528,1,1,1987,0,0,0,0,0,0,0,0,0,0
210528,2,1,1987,0,0,0,0,0,0,0,0,0,0
210529,1,1,1987,0,0,0,0,0,0,0,0,0,0
210530,1,1,1987,0,0,0,0,0,0,0,0,0,0
210531,1,1,1987,19,19,19,19,19,19,19,19,19,19
210531,2,1,1987,0,0,0,0,0,0,0,0,0,0
210532,1,1,1987,0,0,0,0,0,0,0,0,0,0
210533,1,1,1987,22,22,22,22,22,22,22,22,22,22
210534,1,1,1987,0,0,0,0,0,0,0,0,0,0
210534,2,1,1987,0,0,0,0,0,0,0,0,0,0
210535,1,1,1987,12,12,12,12,12,12,12,12,12,12
210536,1,1,1987,37,0,0,0,0,20,0,24,0,0
210537,1,1,1987,19,19,19,19,19,19,19,19,19,19
210537,2,1,1987,0,0,0,0,0,0,0,0,0,0
210538,1,1,1987,0,0,0,0,0,0,0,0,0,0
210539,1,1,1987,7,7,7,7,7,7,7,7,7,7
210540,1,1,1987,26,26,26,26,26,26,26,26,26,26
210541,1,1,1987,0,0,0,0,0,0,0,0,0,0
210541,2,1,1987,0,0,0,0,0,0,0,0,0,0
210542,1,1,1987,0,0,0,0,0,0,0,0,0,0
210543,1,1,1987,21,21,21,21,21,21,21,21,21,21
210544,1,1,1987,0,0,0,0,0,0,0,0,0,0
210545,0,1,1987,0,0,0,0,0,0,0,0,0,0
210545,1,1,1987,0,0,0,0,0,0,0,0,0,0
210545,2,1,1987,0,0,0,0,0,0,0,0,0,0
210546,1,1,1987,10,10,10,10,10,10,10,10,10,10
210547,1,1,1987,0,0,0,0,0,0,0,0,0,0
210547,2,1,1987,0,0,0,0,0,0,0,0,0,0
210548,1,1,1987,0,0,0,0,0,0,0,0,0,0
210548,2,1,1987,0,0,0,0,0,0,0,0,0,0
210549,1,1,1987,21,21,21,21,21,21,21,21,21,21
210550,0,1,1987,0,0,0,42,0,0,0,0,0,0
210550,1,1,1987,0,31,0,0,0,0,0,8,0,0
210551,1,1,1987,0,0,0,0,0,0,0,0,0,0
210552,1,1,1987,0,0,0,0,0,0,0,0,0,0
210552,2,1,1987,0,0,0,0,0,0,0,0,0,0
210553,1,1,1987,0,0,0,0,0,0,0,0,0,0
210554,0,1,1987,0,0,0,0,0,0,0,0,0,0
210554,1,1,1987,0,0,0,0,0,0,0,0,6,0
210555,1,1,1987,0,0,0,0,0,0,0,0,0,0
210557,1,1,1987,0,0,0,0,0,0,0,0,0,0
210557,2,1,1987,0,0,0,0,0,0,0,0,0,0
210558,1,1,1987,14,14,14,14,14,14,14,14,14,14
210559,1,1,1987,0,13,0,0,0,0,0,0,0,0
210559,2,1,1987,0,0,0,0,0,0,0,9,0,0
210561,1,1,1987,0,0,0,27,0,0,0,11,0,0
210561,2,1,1987,0,0,0,0,0,0,10,7,0,0
210562,1,1,1987,0,0,0,0,0,0,0,0,0,0
210562,2,1,1987,0,0,0,0,0,0,0,0,0,0
210563,1,1,1987,0,0,0,0,0,0,0,0,0,0
210563,2,1,1987,0,0,0,0,0,0,0,0,0,0
210564,1,1,1987,0,0,0,0,0,0,0,0,0,0
210564,2,1,1987,0,0,0,0,0,0,0,0,0,0
210565,0,1,1987,14,14,14,14,14,14,14,14,14,14
210565,1,1,1987,0,0,0,0,0,0,0,0,0,0
210566,0,1,1987,0,0,0,23,15,0,0,0,0,16
210566,1,1,1987,0,0,0,0,0,0,0,0,0,0
210567,1,1,1987,21,16,12,16,8,0,3,0,24,14
210567,2,1,1987,0,0,0,0,0,9,0,0,0,0
210568,1,1,1987,9,0,0,0,0,0,0,0,0,0
210569,1,1,1987,24,24,24,24,24,24,24,24,24,24
210570,1,1,1987,0,0,0,0,0,0,0,0,0,0
210570,2,1,1987,0,0,0,0,0,0,0,0,0,0
210571,1,1,1987,18,18,18,18,18,18,18,18,18,18
210573,1,1,1987,14,14,14,14,14,14,14,14,14,14
210574,0,1,1987,10,39,13,38,30,18,18,13,10,30
210574,1,1,1987,0,0,0,0,0,0,0,0,0,0
210575,1,1,1987,0,0,0,0,0,0,0,0,0,0
210576,1,1,1987,15,15,15,15,15,15,15,15,15,15
210577,1,1,1987,0,0,0,0,0,0,0,0,0,0
210577,2,1,1987,0,0,0,0,0,0,0,0,0,0
210578,1,1,1987,0,0,0,0,0,0,0,0,0,0
210578,2,1,1987,0,0,0,0,0,0,0,0,0,0
210579,0,1,1987,24,24,24,24,24,24,24,24,24,24
210579,1,1,1987,14,35,33,38,0,36,2,11,7,28
210580,1,1,1987,22,22,22,22,22,22,22,22,22,22
210581,1,1,1987,0,0,0,0,0,0,0,0,0,0
210582,1,1,1987,21,21,21,21,21,21,21,21,21,21
210582,2,1,1987,26,0,10,0,0,0,0,0,7,17
210583,1,1,1987,0,0,0,0,0,0,0,0,0,0
210584,1,1,1987,0,0,0,0,0,0,0,0,0,0
210584,2,1,1987,0,0,0,0,0,0,0,0,0,0
210585,1,1,1987,22,22,22,22,22,22,22,22,22,22
210586,1,1,1987,0,0,0,0,0,0,0,0,10,23
210586,2,1,1987,0,0,4,0,0,0,0,0,0,0
210587,0,1,1987,0,0,0,22,0,0,17,2,0,0
210587,1,1,1987,0,0,0,0,0,0,0,0,0,0
210587,2,1,1987,7,13,0,0,0,0,14,0,0,0
210587,3,1,1987,21,16,0,16,0,14,0,0,28,0
210588,1,1,1987,31,31,31,31,31,31,31,31,31,31
210589,1,1,1987,0,0,0,0,7,0,0,0,0,0
210590,1,1,1987,8,8,8,8,8,8,8,8,8,8
210591,1,1,1987,0,0,0,0,0,0,0,0,0,0
210591,2,1,1987,10,8,9,14,0,0,14,0,0,0
210592,1,1,1987,15,15,15,15,15,15,15,15,15,15
210593,0,1,1987,25,0,10,23,0,12,0,11,14,9
210593,1,1,1987,0,0,0,0,0,0,0,0,0,0
210594,1,1,1987,15,15,15,15,15,15,15,15,15,15
210594,2,1,1987,0,0,0,0,0,0,0,0,0,0
210595,1,1,1987,12,12,12,12,12,12,12,12,12,12
210596,1,1,1987,0,0,0,0,0,0,0,0,0,0
210596,2,1,1987,41,41,41,41,41,41,41,41,41,41
210597,1,1,1987,20,9,12,21,22,29,11,0,20,14
210597,2,1,1987,0,0,0,0,0,0,0,0,0,0
210597,3,1,1987,0,0,0,0,0,0,0,0,0,0
210598,1,1,1987,0,0,0,0,0,0,0,0,0,0
210599,1,1,1987,0,0,0,0,0,0,0,0,0,0
210600,1,1,1987,7,0,17,9,24,37,28,26,11,14
210601,1,1,1987,17,17,17,17,17,17,17,17,17,17
210602,1,1,1987,0,0,0,0,0,0,0,0,0,0
210603,1,1,1987,10,10,10,10,10,10,10,10,10,10
210604,0,1,1987,0,0,0,0,0,0,0,0,0,0
210604,1,1,1987,0,0,14,0,18,24,8,2,9,0
210605,1,1,1987,15,15,15,15,15,15,15,15,15,15
210606,1,1,1987,15,15,15,15,15,15,15,15,15,15
210607,1,1,1987,15,15,15,15,15,15,15,15,15,15
210608,1,1,1987,15,15,15,15,15,15,15,15,15,15
210609,1,1,1987,12,12,12,12,12,12,12,12,12,12
210609,2,1,1987,29,29,29,29,29,29,29,29,29,29
210610,2,1,1987,0,0,0,0,0,0,0,0,0,0
210611,1,1,1987,0,0,0,0,0,0,0,0,0,0
210612,0,1,1987,0,0,0,0,0,0,0,0,0,0
210612,1,1,1987,1,1,1,1,1,1,1,1,1,1
210613,1,1,1987,19,19,19,19,19,19,19,19,19,19
210614,1,1,1987,0,0,0,0,0,0,0,0,0,0
210614,2,1,1987,0,0,0,0,0,0,0,0,0,0
210615,1,1,1987,22,22,22,22,22,22,22,22,22,22
210616,1,1,1987,0,0,0,0,0,0,0,0,0,0
210616,2,1,1987,0,0,0,0,0,0,0,0,0,0
210617,1,1,1987,0,0,0,0,0,0,0,0,0,0
210618,1,1,1987,27,27,27,27,27,27,27,27,27,27
210619,1,1,1987,0,0,0,0,0,0,0,0,0,0
210619,2,1,1987,0,0,0,0,0,0,0,0,0,0
210620,0,1,1987,0,18,0,0,0,0,0,0,0,8
210620,1,1,1987,0,0,0,0,0,0,0,0,0,0
210621,1,1,1987,0,0,0,0,0,0,0,0,0,0
210621,2,1,1987,0,0,0,0,0,0,0,0,0,0
210622,1,1,1987,7,7,7,7,7,7,7,7,7,7
210623,1,1,1987,0,0,0,0,0,0,0,0,0,0
210624,1,1,1987,0,0,0,0,0,0,0,0,0,0
210624,2,1,1987,0,0,0,0,0,0,0,0,0,0
210624,3,1,1987,0,0,0,0,0,0,0,0,0,0
210624,4,1,1987,0,0,0,0,0,0,0,0,0,13
210625,1,1,1987,24,24,24,24,24,24,24,24,24,24
210626,1,1,1987,0,0,0,26,0,0,0,0,0,0
210627,1,1,1987,14,11,12,17,11,10,8,12,16,5
210627,2,1,1987,0,0,0,0,0,0,0,0,0,0
210628,1,1,1987,0,0,0,0,0,23,0,0,0,0
210628,2,1,1987,0,0,0,0,0,0,0,0,0,36
210629,1,1,1987,0,0,0,0,11,0,0,0,0,0
210629,2,1,1987,0,0,0,0,0,0,0,0,0,0
210630,1,1,1987,13,15,0,16,17,33,23,29,25,0
210631,1,1,1987,0,15,14,0,23,15,0,26,18,9
210632,1,1,1987,0,0,0,0,0,0,0,0,0,0
210633,1,1,1987,26,26,26,26,26,26,26,26,26,26
210633,2,1,1987,0,0,0,0,0,0,0,0,0,0
210634,1,1,1987,0,2,0,0,0,0,0,0,0,0
210635,1,1,1987,17,17,17,17,17,17,17,17,17,17
210636,1,1,1987,0,0,0,0,0,0,0,0,0,0
210637,1,1,1987,0,0,0,0,0,0,0,0,0,0
210638,1,1,1987,0,0,0,0,0,0,0,0,0,0
210639,1,1,1987,0,0,0,0,0,9,0,0,0,0