ST_CASE,VEH_NO,PER_NO,YEAR,P1,P2,P3,P4,P5,P6,P7,P8,P9,P10
210640,1,1,1987,0,0,0,0,0,0,0,0,0,0
210641,1,1,1987,0,0,0,0,0,0,0,0,0,0
210641,2,1,1987,0,0,0,0,0,0,0,0,0,0
210642,1,1,1987,0,0,0,0,0,0,0,0,0,0
210643,1,1,1987,13,13,13,13,13,13,13,13,13,13
210644,0,1,1987,12,0,5,0,0,19,12,0,28,0
210644,1,1,1987,0,0,0,0,21,0,0,0,0,0
210645,1,1,1987,0,0,0,0,0,0,0,0,0,0
210645,2,1,1987,0,0,0,0,0,0,0,0,0,0
210646,1,1,1987,10,10,10,10,10,10,10,10,10,10
210647,1,1,1987,19,19,19,19,19,19,19,19,19,19
210648,1,1,1987,21,0,17,11,21,7,8,15,25,10
210649,1,1,1987,0,0,0,0,0,0,0,0,0,0
210649,2,1,1987,0,0,0,0,0,0,0,0,0,0
210650,1,1,1987,29,29,29,29,29,29,29,29,29,29
210650,2,1,1987,2,2,2,2,2,2,2,2,2,2
210650,3,1,1987,0,0,0,0,0,0,0,0,0,0
210650,4,1,1987,13,0,0,0,0,0,0,0,6,0
210651,1,1,1987,0,0,0,0,0,0,0,0,0,0
210651,2,1,1987,0,0,0,0,0,0,0,0,0,0
210651,3,1,1987,0,0,0,0,0,0,0,0,0,0
210651,4,1,1987,0,0,0,0,0,0,0,0,0,0
210651,5,1,1987,0,0,0,0,0,0,0,0,0,0
210652,1,1,1987,0,0,0,24,0,0,0,0,0,11
210653,0,1,1987,15,15,15,15,15,15,15,15,15,15
210653,1,1,1987,0,0,0,0,0,0,0,0,0,0
210654,1,1,1987,0,0,0,0,0,0,0,0,0,0
210654,2,1,1987,8,0,0,0,0,0,0,24,0,0
210656,1,1,1987,0,0,18,0,0,0,14,4,12,19
210657,1,1,1987,25,25,25,25,25,25,25,25,25,25
210657,2,1,1987,0,0,0,0,0,0,0,0,0,0
210658,1,1,1987,0,0,0,0,0,0,0,0,0,0
210658,2,1,1987,0,0,0,0,0,0,0,0,0,0
210658,3,1,1987,0,0,0,0,0,0,0,0,0,0
210659,1,1,1987,0,0,0,0,0,0,0,6,0,0
210659,2,1,1987,0,0,0,0,0,0,0,0,0,0
210660,1,1,1987,19,19,19,19,19,19,19,19,19,19
210660,2,1,1987,0,0,0,0,0,0,0,0,0,0
210661,1,1,1987,23,23,23,23,23,23,23,23,23,23
210662,1,1,1987,44,11,10,6,17,19,19,14,7,9
210663,1,1,1987,0,0,0,0,0,0,0,0,0,0
210663,2,1,1987,0,0,0,0,0,0,0,0,0,0
210664,1,1,1987,0,0,0,0,0,0,0,0,0,0
210665,1,1,1987,3,3,3,3,3,3,3,3,3,3
210666,1,1,1987,11,11,11,11,11,11,11,11,11,11
210667,1,1,1987,0,0,0,0,0,0,0,0,0,0
210667,2,1,1987,0,0,0,0,0,0,0,0,0,0
210667,3,1,1987,0,0,0,0,0,0,0,0,0,0
210668,1,1,1987,0,0,0,0,0,0,0,0,0,0
210668,2,1,1987,0,0,0,0,0,0,0,0,0,0
210670,1,1,1987,12,12,12,12,12,12,12,12,12,12
210670,2,1,1987,0,0,0,0,0,0,0,0,0,0
210671,0,1,1987,16,16,16,16,16,16,16,16,16,16
210671,1,1,1987,0,0,0,0,0,0,0,0,0,0
210672,1,1,1987,0,0,0,0,0,0,0,0,0,0
210672,2,1,1987,0,0,0,0,0,0,0,0,0,0
210673,1,1,1987,0,0,0,0,0,0,0,0,0,0
210673,2,1,1987,0,0,0,0,0,0,0,0,0,0
210674,1,1,1987,0,0,0,0,0,0,0,0,0,0
210674,2,1,1987,0,0,0,0,0,0,0,0,0,0
210675,1,1,1987,13,13,13,13,13,13,13,13,13,13
210676,1,1,1987,33,23,30,31,0,11,29,26,0,0
210677,1,1,1987,0,0,0,0,0,0,0,0,0,0
210677,2,1,1987,0,0,0,0,0,0,0,0,0,0
210678,1,1,1987,22,22,22,22,22,22,22,22,22,22
210678,2,1,1987,0,0,0,0,0,0,0,0,0,0
210679,1,1,1987,18,18,18,18,18,18,18,18,18,18
210680,1,1,1987,19,19,19,19,19,19,19,19,19,19
210681,1,1,1987,0,0,0,0,0,0,0,0,0,0
210682,1,1,1987,4,4,4,4,4,4,4,4,4,4
210683,1,1,1987,18,18,18,18,18,18,18,18,18,18
210684,1,1,1987,16,16,16,16,16,16,16,16,16,16
210685,1,1,1987,23,23,23,23,23,23,23,23,23,23
210686,1,1,1987,0,0,0,0,0,0,0,0,0,0
210686,2,1,1987,0,0,0,0,0,0,0,0,0,0
210687,1,1,1987,18,18,18,18,18,18,18,18,18,18
210687,2,1,1987,0,0,0,0,0,0,0,0,0,0
210688,1,1,1987,3,3,3,3,3,3,3,3,3,3
210689,1,1,1987,16,16,16,16,16,16,16,16,16,16
210690,1,1,1987,0,20,0,0,0,0,0,0,8,12
210691,1,1,1987,0,0,0,0,0,0,0,0,0,0
210691,2,1,1987,0,0,0,0,0,0,0,0,0,0
210691,3,1,1987,0,0,0,0,0,0,0,0,0,0
210692,1,1,1987,0,0,0,0,0,0,0,0,0,0
210693,0,1,1987,0,0,0,0,0,0,0,0,0,0
210693,1,1,1987,0,0,0,0,0,0,0,0,0,0
210694,0,1,1987,0,0,0,0,0,0,0,0,0,0
210694,1,1,1987,0,0,0,0,0,0,0,0,0,0
210695,0,1,1987,6,6,6,6,6,6,6,6,6,6
210695,1,1,1987,0,0,0,0,0,0,0,0,0,0
210696,1,1,1987,21,21,21,21,21,21,21,21,21,21
210697,1,1,1987,21,0,0,0,0,0,25,8,0,0
210697,2,1,1987,0,0,0,0,0,0,0,0,0,0
210698,1,1,1987,0,0,0,0,0,0,0,0,0,0
210698,2,1,1987,0,0,0,0,0,0,0,0,0,0
210699,1,1,1987,4,4,4,4,4,4,4,4,4,4
210700,1,2,1987,0,12,21,25,16,6,14,22,9,0
210701,1,1,1987,0,0,0,0,0,0,0,0,0,0
210702,0,1,1987,0,0,0,0,0,0,0,0,0,0
210702,1,1,1987,0,0,0,24,0,22,12,0,0,0
210703,1,1,1987,0,0,0,0,0,0,0,0,0,0
210703,2,1,1987,0,0,0,0,0,0,0,0,0,0
210704,1,1,1987,0,0,0,0,0,0,0,0,0,0
210704,2,1,1987,0,0,0,0,0,0,0,0,0,0
210705,1,1,1987,17,17,17,17,17,17,17,17,17,17
210706,0,1,1987,13,0,0,0,0,0,0,0,0,0
210706,1,1,1987,0,0,0,0,0,0,0,0,0,0
210707,1,1,1987,25,25,25,25,25,25,25,25,25,25
210708,1,1,1987,8,8,8,8,8,8,8,8,8,8
210709,1,1,1987,0,0,0,0,0,0,0,0,0,0
210709,2,1,1987,0,0,0,0,0,0,0,0,0,0
210710,1,1,1987,28,28,28,28,28,28,28,28,28,28
210711,1,1,1987,6,6,6,6,6,6,6,6,6,6
210711,2,1,1987,0,0,0,0,0,0,0,0,0,0
210712,1,1,1987,0,0,0,0,0,0,0,0,0,0
210712,2,1,1987,0,0,0,13,0,0,0,0,0,0
210713,1,1,1987,0,0,0,0,27,0,0,0,0,0
210713,2,1,1987,7,0,0,0,0,0,0,0,0,0
210714,1,1,1987,0,0,0,0,0,0,0,0,0,0
210714,2,1,1987,0,19,0,0,0,0,0,0,0,0
210715,1,1,1987,13,13,13,13,13,13,13,13,13,13
210716,1,1,1987,0,0,5,0,0,0,0,0,0,0
210717,1,1,1987,0,0,0,0,20,0,0,0,0,0
210717,2,1,1987,0,0,0,0,0,0,0,0,0,0
210718,1,1,1987,0,0,0,0,0,0,0,0,0,0
210719,0,1,1987,0,0,0,0,0,0,0,0,0,0
210719,1,1,1987,0,0,0,0,0,0,0,0,0,0
210720,1,1,1987,0,0,0,0,0,0,0,0,0,0
210720,2,1,1987,0,0,0,0,0,0,0,0,0,0
210721,1,1,1987,11,11,11,11,11,11,11,11,11,11
210721,2,1,1987,0,0,0,0,0,0,0,0,0,0
210722,1,1,1987,0,0,0,0,0,0,0,0,0,0
210722,2,1,1987,0,0,0,0,0,0,0,0,0,0
210723,1,1,1987,5,5,5,5,5,5,5,5,5,5
210724,1,1,1987,0,0,0,0,0,0,0,0,0,0
210725,1,1,1987,0,0,0,0,0,0,0,0,0,0
210725,2,1,1987,0,0,0,0,0,0,0,0,0,0
210726,1,1,1987,0,0,0,0,0,0,0,0,0,0
210727,1,1,1987,0,0,0,0,0,0,0,0,0,0
210727,2,1,1987,0,0,0,0,0,0,0,0,0,0
210728,1,1,1987,0,0,0,0,0,0,0,0,0,0
210728,2,1,1987,0,0,0,0,0,0,0,0,0,0
210728,3,1,1987,0,0,0,6,0,0,0,0,0,0
210729,1,1,1987,37,37,37,37,37,37,37,37,37,37
210730,1,1,1987,19,19,19,19,19,19,19,19,19,19
210730,2,1,1987,0,0,0,0,0,0,0,0,0,0
210730,3,1,1987,0,0,0,0,0,0,0,0,0,0
210731,1,1,1987,0,0,0,0,0,0,0,0,0,0
210731,2,1,1987,0,0,0,0,0,0,0,0,0,0
210732,1,1,1987,0,0,0,0,0,0,0,0,0,0
210732,2,1,1987,0,0,0,0,0,0,0,0,0,0
210733,1,1,1987,14,14,14,14,14,14,14,14,14,14
210733,2,1,1987,0,0,0,0,0,0,0,0,0,0
210734,1,1,1987,0,0,0,0,0,0,0,0,4,8
210734,2,1,1987,0,0,0,0,0,0,0,0,0,0
210736,1,1,1987,0,0,0,0,0,0,0,0,0,0
210737,0,1,1987,16,16,16,16,16,16,16,16,16,16
210737,1,1,1987,0,0,0,0,0,0,0,0,0,0
210738,1,1,1987,24,24,24,24,24,24,24,24,24,24
210739,0,1,1987,12,18,0,39,11,0,0,26,0,0
210739,1,1,1987,0,0,0,0,0,0,0,0,0,0
210740,1,1,1987,0,0,0,0,0,0,0,0,0,0
210741,1,1,1987,0,0,0,0,0,0,0,0,0,0
210741,2,1,1987,0,0,0,0,0,0,0,0,0,0
210742,1,1,1987,0,0,0,0,0,0,0,0,0,0
210742,2,1,1987,0,0,0,0,0,0,0,0,0,0
210742,3,1,1987,0,0,0,0,0,0,0,0,0,0
210743,1,1,1987,0,0,0,0,0,0,0,0,0,0
210744,1,1,1987,24,24,24,24,24,24,24,24,24,24
210745,1,1,1987,0,0,0,0,0,0,0,0,0,18
210746,1,1,1987,8,8,8,8,8,8,8,8,8,8
210747,1,1,1987,0,0,0,0,0,0,0,11,0,0
210747,2,1,1987,0,0,0,0,0,0,0,0,0,0
210748,0,1,1987,0,19,20,0,0,20,0,0,0,5
210748,1,1,1987,0,0,0,0,0,0,0,0,0,0
210750,1,3,1987,0,0,0,4,0,0,0,0,0,0
210751,1,1,1987,13,13,13,13,13,13,13,13,13,13
210751,2,1,1987,0,0,0,0,0,0,0,0,0,0
210752,1,1,1987,0,0,0,0,0,0,0,0,0,0
210752,2,1,1987,0,0,0,0,0,0,0,0,0,0
210753,1,1,1987,0,0,0,0,0,0,0,0,0,0
210754,1,1,1987,0,16,31,0,0,11,34,0,0,17
210755,1,1,1987,26,26,26,26,26,26,26,26,26,26
210756,1,1,1987,24,24,24,24,24,24,24,24,24,24
210756,2,1,1987,0,0,0,11,0,0,0,0,0,0
210757,1,1,1987,17,17,17,17,17,17,17,17,17,17
210757,2,1,1987,0,0,0,0,0,8,0,0,0,0
210758,0,1,1987,0,34,0,35,0,0,24,0,13,0
210758,1,1,1987,17,0,0,0,0,0,0,0,0,0
210759,1,1,1987,6,6,6,6,6,6,6,6,6,6
210760,0,1,1987,0,0,0,0,0,0,0,0,0,0
210760,1,1,1987,0,0,0,0,0,0,0,0,0,0
210761,0,1,1987,15,15,15,15,15,15,15,15,15,15
210761,1,1,1987,0,0,0,0,0,0,0,0,0,0
210762,1,1,1987,0,0,0,0,0,0,0,0,0,0
210762,2,1,1987,0,0,0,0,0,0,0,0,0,0
210763,1,1,1987,0,0,0,0,0,0,0,0,0,0
210764,1,1,1987,20,20,20,20,20,20,20,20,20,20
210765,1,1,1987,13,13,13,13,13,13,13,13,13,13
210766,1,1,1987,0,0,0,0,0,0,0,0,0,0
210766,2,1,1987,0,0,0,0,0,0,0,0,0,0
210767,1,1,1987,7,6,13,20,10,6,21,8,11,11
210767,2,1,1987,0,10,0,0,0,0,12,0,0,0
210768,1,1,1987,0,0,0,0,0,0,0,0,0,0
210769,1,1,1987,0,0,0,0,0,0,0,0,0,0
210769,2,1,1987,0,0,0,0,0,0,0,0,0,0
210770,0,1,1987,0,0,0,0,0,0,0,0,0,0
210770,1,1,1987,0,0,0,0,0,0,13,0,0,0
210771,1,1,1987,27,27,27,27,27,27,27,27,27,27
210771,2,1,1987,10,15,0,0,0,0,0,0,0,0
210772,1,1,1987,24,24,24,24,24,24,24,24,24,24
210772,2,1,1987,0,0,0,0,0,0,0,0,3,0
210773,1,1,1987,0,0,0,0,0,0,0,0,0,0
210774,1,1,1987,0,0,0,0,0,14,0,11,0,0
210774,2,1,1987,0,0,0,0,0,0,0,6,0,0
210775,1,1,1987,10,10,10,10,10,10,10,10,10,10
210776,1,1,1987,15,15,15,15,15,15,15,15,15,15
210777,1,1,1987,0,0,0,0,0,0,0,0,0,0
210777,2,1,1987,0,0,0,0,0,0,0,0,0,0
210778,1,1,1987,18,18,18,18,18,18,18,18,18,18
210779,1,1,1987,0,0,0,0,0,0,0,0,0,0
210780,0,1,1987,25,25,25,25,25,25,25,25,25,25
210780,1,1,1987,0,0,0,0,0,0,0,0,0,0
210781,0,1,1987,0,19,0,0,0,0,0,0,0,0
210781,1,1,1987,0,0,0,0,0,0,0,0,14,0
210782,1,1,1987,0,0,0,0,0,26,0,0,0,0
210782,2,1,1987,0,0,0,0,0,0,0,0,0,0
210783,1,1,1987,0,0,0,0,0,0,0,0,0,0
210785,1,1,1987,0,0,0,0,0,0,0,0,0,0
210785,2,1,1987,0,0,10,0,0,0,0,0,0,0
210786,0,1,1987,0,0,0,0,0,0,0,0,0,0
210786,1,1,1987,0,0,0,0,0,0,0,0,0,0
210788,1,1,1987,0,0,0,0,0,0,0,0,0,0
210789,0,1,1987,0,0,12,39,38,0,0,21,0,0
210789,1,1,1987,38,22,21,7,0,21,0,0,29,0
210790,1,1,1987,18,18,18,18,18,18,18,18,18,18
210792,0,1,1987,0,0,0,0,0,0,0,0,0,0
210792,1,1,1987,0,0,0,0,0,0,0,0,0,0
220001,1,1,1987,15,15,15,15,15,15,15,15,15,15
220002,0,1,1987,0,0,0,25,9,0,0,0,0,6
220002,1,1,1987,29,0,18,24,0,0,18,0,11,19
220003,1,1,1987,24,12,12,13,15,14,20,0,7,0
220003,2,1,1987,21,13,7,33,16,28,14,20,14,23
220004,1,1,1987,0,0,4,0,0,0,0,0,0,7
220006,1,1,1987,0,23,0,0,0,0,0,0,0,0
220006,2,1,1987,0,0,0,0,0,0,0,0,0,0
220006,3,1,1987,0,16,16,0,0,0,9,0,0,0
220006,4,1,1987,0,0,0,0,0,0,0,0,0,0
220007,1,1,1987,0,0,0,0,0,0,0,0,0,0
220007,2,1,1987,6,6,6,6,6,6,6,6,6,6
220008,1,1,1987,16,29,32,34,23,12,0,15,0,20
220009,1,1,1987,24,24,24,24,24,24,24,24,24,24
220010,1,1,1987,18,18,18,18,18,18,18,18,18,18
220011,1,1,1987,10,30,16,30,20,8,19,15,26,8
220012,1,1,1987,11,11,11,11,11,11,11,11,11,11
220013,1,1,1987,21,9,0,21,19,7,24,30,0,10
220014,1,1,1987,21,22,0,0,0,10,16,0,0,0
220014,2,1,1987,0,0,0,0,0,0,0,0,0,0
220015,1,1,1987,1,1,1,1,1,1,1,1,1,1
220015,2,1,1987,0,0,0,0,0,0,0,0,0,0
220016,1,1,1987,1,1,1,1,1,1,1,1,1,1
220017,1,1,1987,0,0,0,0,0,0,0,0,0,0
220017,2,1,1987,0,0,0,0,0,0,0,0,0,0
220018,1,1,1987,7,12,0,13,0,21,19,11,23,0
220018,2,1,1987,15,15,15,15,15,15,15,15,15,15
220019,1,1,1987,0,0,0,0,0,0,0,0,0,0
220019,2,1,1987,0,0,0,0,0,0,0,0,0,0
220020,1,1,1987,0,0,0,0,0,0,0,0,0,0
220020,2,1,1987,0,0,0,0,0,0,0,0,0,0
220021,1,1,1987,0,0,0,0,0,0,0,0,0,0
220021,2,1,1987,0,0,0,0,0,0,0,0,0,15
220022,1,1,1987,18,18,18,18,18,18,18,18,18,18
220023,1,1,1987,30,30,30,30,30,30,30,30,30,30
220023,2,1,1987,0,0,5,0,0,0,0,0,0,0
220024,1,1,1987,0,0,0,0,0,0,0,0,0,0
220024,2,1,1987,0,0,0,0,0,0,0,0,0,0
220025,1,1,1987,21,21,21,21,21,21,21,21,21,21
220025,2,1,1987,0,0,0,0,0,0,0,0,0,0
220026,1,1,1987,0,0,0,0,0,0,22,0,0,0
220027,1,1,1987,0,0,0,0,0,0,0,0,0,0
220027,2,1,1987,0,0,0,0,0,0,0,0,0,0
220028,1,1,1987,21,21,21,21,21,21,21,21,21,21
220029,1,1,1987,15,15,15,15,15,15,15,15,15,15
220030,1,1,1987,12,12,12,12,12,12,12,12,12,12
220030,2,1,1987,0,0,0,0,0,0,0,0,0,0
220031,0,1,1987,39,16,4,0,31,0,0,25,12,26
220031,1,1,1987,0,0,0,0,0,0,0,0,0,0
220032,1,1,1987,0,0,0,0,0,0,0,0,0,0
220032,2,1,1987,0,0,0,0,0,0,0,0,0,0
220033,1,1,1987,14,14,14,14,14,14,14,14,14,14
220034,1,1,1987,17,17,17,17,17,17,17,17,17,17
220035,1,1,1987,0,0,0,0,0,0,0,0,0,0
220035,2,1,1987,0,0,0,0,0,0,0,0,0,0
220036,1,1,1987,31,31,31,31,31,31,31,31,31,31
220037,1,1,1987,14,14,14,14,14,14,14,14,14,14
220038,1,1,1987,24,24,24,24,24,24,24,24,24,24
220039,1,1,1987,21,21,21,21,21,21,21,21,21,21
220039,2,1,1987,12,12,12,12,12,12,12,12,12,12
220040,1,1,1987,10,10,10,10,10,10,10,10,10,10
220040,2,1,1987,13,13,13,13,13,13,13,13,13,13
220041,1,1,1987,1,1,1,1,1,1,1,1,1,1
220041,2,1,1987,0,0,0,0,0,0,0,0,0,0
220042,0,1,1987,0,0,0,0,0,0,0,0,0,0
220042,1,1,1987,8,8,8,8,8,8,8,8,8,8
220043,1,1,1987,0,0,0,0,0,0,0,0,0,0
220043,2,1,1987,0,0,0,0,0,0,0,0,0,0
220043,3,1,1987,0,0,0,0,0,0,0,0,0,0
220044,0,1,1987,18,0,15,17,11,0,14,10,0,0
220044,1,1,1987,18,18,18,18,18,18,18,18,18,18
220045,0,1,1987,0,0,0,0,0,0,0,0,0,0
220045,1,1,1987,11,0,0,0,0,0,0,0,0,0
220046,1,1,1987,0,0,0,0,0,0,0,0,0,0
220046,2,1,1987,0,0,0,0,0,0,0,0,0,0
220046,3,1,1987,0,0,0,0,7,0,0,0,0,0
220046,4,1,1987,0,0,0,0,0,0,0,0,0,0
220046,5,1,1987,0,0,0,0,0,0,0,0,0,0
220046,6,1,1987,0,0,0,0,0,0,0,0,0,0
220046,7,1,1987,0,0,0,0,0,0,0,0,0,0
220046,8,1,1987,0,0,0,0,0,0,0,0,0,0
220046,9,1,1987,0,0,0,0,10,0,0,0,0,0
220046,10,1,1987,0,0,0,0,0,0,0,0,0,0
220046,11,1,1987,0,0,0,0,0,0,0,0,0,0
220046,12,1,1987,0,0,0,0,0,0,0,0,0,0
220046,13,1,1987,0,0,0,0,0,0,0,0,0,0
220046,14,1,1987,0,0,0,0,0,0,0,0,0,0
220046,15,1,1987,0,0,0,0,0,0,0,0,0,0
220046,16,1,1987,0,0,0,0,8,0,0,0,0,0
220047,1,1,1987,11,11,11,11,11,11,11,11,11,11
220047,2,1,1987,0,0,0,0,0,0,0,0,0,0
220047,3,1,1987,0,0,0,0,16,0,0,0,0,0
220048,1,1,1987,22,22,22,22,22,22,22,22,22,22
220049,1,1,1987,9,9,9,9,9,9,9,9,9,9
220050,0,1,1987,0,14,0,0,0,0,0,0,0,0
220050,1,1,1987,0,0,0,0,0,13,0,0,0,0
220051,1,1,1987,0,0,7,0,0,0,0,0,10,0
220052,1,1,1987,20,20,20,20,20,20,20,20,20,20
220053,1,1,1987,0,0,0,0,0,0,0,0,0,0
220053,2,1,1987,0,0,0,0,0,0,0,0,0,0
220054,1,1,1987,1,1,1,1,1,1,1,1,1,1
220055,0,1,1987,34,34,34,34,34,34,34,34,34,34
220055,1,1,1987,0,0,0,0,0,0,0,0,0,0
220056,1,1,1987,0,0,8,24,0,15,0,14,0,7
220056,2,1,1987,0,0,0,0,0,0,0,0,0,0
220057,1,1,1987,5,5,5,5,5,5,5,5,5,5
220059,0,1,1987,29,0,24,20,22,18,0,0,33,36
220059,1,1,1987,14,14,14,14,14,14,14,14,14,14
220060,1,1,1987,8,8,8,8,8,8,8,8,8,8
220061,1,1,1987,18,18,18,18,18,18,18,18,18,18
220062,0,1,1987,0,0,0,0,0,0,0,0,0,0
220062,1,1,1987,0,0,0,0,0,16,0,0,0,0
220063,1,1,1987,9,9,9,9,9,9,9,9,9,9
220064,1,1,1987,7,7,7,7,7,7,7,7,7,7
220065,0,1,1987,30,30,30,30,30,30,30,30,30,30
220065,1,1,1987,0,0,0,0,0,0,0,0,0,0
220066,1,1,1987,0,0,0,0,0,0,0,0,0,0
220066,2,1,1987,0,0,0,0,0,0,0,0,0,0
220067,1,1,1987,14,8,0,34,16,13,20,7,10,25
220068,1,1,1987,5,0,0,0,0,0,0,14,0,0
220069,0,1,1987,36,3,25,24,0,10,27,26,0,13
220069,0,2,1987,17,13,0,0,30,3,27,0,0,0
220069,0,3,1987,0,15,0,0,23,10,20,0,12,33
220069,0,4,1987,8,0,21,10,14,11,0,0,0,20
220069,1,1,1987,10,10,10,10,10,10,10,10,10,10
220069,2,1,1987,0,0,0,0,0,0,0,0,0,0
220070,1,1,1987,20,20,20,20,20,20,20,20,20,20
220070,2,1,1987,0,0,0,0,0,0,0,0,0,0
220071,1,1,1987,31,31,31,31,31,31,31,31,31,31
220072,1,1,1987,18,18,18,18,18,18,18,18,18,18
220072,2,1,1987,0,0,0,0,0,0,0,0,0,0
220073,1,1,1987,1,1,1,1,1,1,1,1,1,1
220073,2,1,1987,1,1,1,1,1,1,1,1,1,1
220073,3,1,1987,1,1,1,1,1,1,1,1,1,1
220074,1,1,1987,2,2,2,2,2,2,2,2,2,2
220075,0,1,1987,0,24,20,0,11,0,0,0,8,0
220075,1,1,1987,0,0,0,0,0,0,0,0,0,0
220076,0,1,1987,15,15,15,15,15,15,15,15,15,15
220076,1,1,1987,0,0,0,0,0,0,0,0,0,0
220077,0,1,1987,18,18,18,18,18,18,18,18,18,18
220077,1,1,1987,0,0,0,0,0,0,0,0,0,0
220078,1,1,1987,0,0,0,14,0,0,0,0,7,0
220079,1,1,1987,17,17,17,17,17,17,17,17,17,17
220080,0,1,1987,38,38,38,38,38,38,38,38,38,38
220080,1,1,1987,0,0,0,0,0,0,0,0,0,0
220081,1,1,1987,0,0,0,0,0,0,0,0,0,0
220081,2,1,1987,2,2,2,2,2,2,2,2,2,2
220082,1,1,1987,6,6,6,6,6,6,6,6,6,6
220083,1,1,1987,0,0,0,0,0,0,0,0,0,0
220083,2,1,1987,0,0,0,0,0,0,0,0,0,0
220084,1,1,1987,21,21,21,21,21,21,21,21,21,21
220084,2,1,1987,12,12,12,12,12,12,12,12,12,12
220085,0,1,1987,21,0,26,0,26,17,0,0,0,0
220085,1,1,1987,15,14,19,0,19,17,12,22,0,12
220085,2,1,1987,2,2,2,2,2,2,2,2,2,2
220086,0,1,1987,0,0,0,0,0,0,0,0,0,0
220086,1,1,1987,0,0,0,0,0,0,0,0,0,0
220087,1,1,1987,22,22,22,22,22,22,22,22,22,22
220087,2,1,1987,5,5,5,5,5,5,5,5,5,5
220088,1,1,1987,20,20,20,20,20,20,20,20,20,20
220089,1,1,1987,0,0,0,0,0,0,0,0,0,0
220090,1,1,1987,13,13,13,13,13,13,13,13,13,13
220091,0,1,1987,0,0,0,0,0,0,0,0,0,0
220091,1,1,1987,0,0,0,0,0,0,0,0,0,0
220092,1,1,1987,0,0,0,0,0,0,0,0,0,0
220093,1,1,1987,0,14,0,27,0,17,0,0,0,12
220093,2,1,1987,21,21,21,21,21,21,21,21,21,21
220094,1,1,1987,0,0,0,0,0,0,0,0,0,0
220094,2,1,1987,0,0,0,0,0,0,0,0,0,0
220095,1,1,1987,0,0,0,0,0,0,0,0,0,0
220095,2,1,1987,7,0,0,16,0,0,0,0,0,0
220096,1,1,1987,0,10,22,25,34,22,14,11,21,29
220097,1,1,1987,0,0,0,0,0,8,0,0,0,0
220097,2,1,1987,0,29,0,19,0,0,0,38,22,28
220098,1,1,1987,0,0,0,0,0,0,0,0,0,0
220098,2,1,1987,0,0,0,0,0,13,0,0,12,0
220099,1,1,1987,0,0,0,0,0,0,0,0,0,0
220099,2,1,1987,0,0,0,0,10,0,0,0,0,0
220100,0,1,1987,0,0,0,0,0,0,0,0,0,0
220100,1,1,1987,0,0,0,0,0,0,0,0,0,0
220100,2,1,1987,0,0,0,0,0,0,0,0,0,0
220101,1,1,1987,16,16,16,16,16,16,16,16,16,16
220102,1,1,1987,13,13,13,13,13,13,13,13,13,13
220102,2,1,1987,0,0,0,0,0,0,0,0,0,0
220103,1,1,1987,28,23,19,8,25,12,14,24,0,15
220104,1,1,1987,0,0,0,0,0,0,0,0,0,0
220105,1,1,1987,20,20,20,20,20,20,20,20,20,20
220106,0,1,1987,14,14,14,14,14,14,14,14,14,14
220106,1,1,1987,7,7,7,7,7,7,7,7,7,7
220107,1,1,1987,0,0,0,0,0,0,0,0,0,13
220107,2,1,1987,0,0,0,0,0,0,0,0,0,0
220109,0,1,1987,0,0,0,0,0,0,0,0,0,0
220109,1,1,1987,0,0,0,0,0,0,0,0,0,0
220110,1,1,1987,0,0,0,0,0,0,0,0,0,0
220111,1,1,1987,0,0,0,0,0,0,0,0,0,0
220111,2,1,1987,0,0,0,0,0,0,0,0,0,0
220112,1,1,1987,0,0,0,0,0,0,0,0,0,0
220112,2,1,1987,0,0,0,0,0,10,0,0,0,0
220113,1,1,1987,0,0,0,0,0,0,0,0,0,0
220113,2,1,1987,21,0,0,0,0,0,0,0,0,0
220114,0,1,1987,26,26,26,26,26,26,26,26,26,26
220114,1,1,1987,27,27,27,27,27,27,27,27,27,27
220115,1,1,1987,14,14,14,14,14,14,14,14,14,14
220115,2,1,1987,1,1,1,1,1,1,1,1,1,1
220116,1,1,1987,38,18,18,17,24,19,25,22,16,0
220117,0,1,1987,22,22,0,2,0,0,0,0,14,16
220117,2,1,1987,0,0,0,0,0,3,0,0,0,0
220118,1,1,1987,0,0,0,0,0,0,0,0,0,0
220118,2,1,1987,0,0,0,0,0,0,0,0,0,0
220119,1,1,1987,0,0,0,0,0,0,0,0,0,0
220119,2,1,1987,0,0,0,0,0,0,0,0,0,0
220120,1,1,1987,8,8,8,8,8,8,8,8,8,8
220121,1,1,1987,5,5,5,5,5,5,5,5,5,5
220122,0,1,1987,13,0,17,20,19,0,11,25,12,28
220122,1,1,1987,26,0,0,0,15,0,0,0,0,24
220123,1,1,1987,3,3,3,3,3,3,3,3,3,3
220123,2,1,1987,0,0,0,0,0,0,0,0,0,0
220125,0,1,1987,0,0,0,0,0,0,29,32,35,46
220125,1,1,1987,0,0,0,0,0,0,0,0,0,0
220126,1,1,1987,0,0,0,0,0,0,0,0,0,0
220127,0,1,1987,0,0,0,0,0,0,0,0,0,0
220127,1,1,1987,0,0,0,0,0,0,0,0,0,0