ST_CASE,VEH_NO,PER_NO,YEAR,P1,P2,P3,P4,P5,P6,P7,P8,P9,P10
220128,0,1,1987,21,21,21,21,21,21,21,21,21,21
220128,1,1,1987,0,0,6,0,0,0,0,0,0,0
220129,0,1,1987,30,30,30,30,30,30,30,30,30,30
220129,1,1,1987,3,3,3,3,3,3,3,3,3,3
220130,1,1,1987,0,0,0,0,0,0,0,0,0,0
220131,1,1,1987,0,0,0,0,0,0,0,0,0,17
220133,0,1,1987,0,32,0,0,0,0,0,0,19,21
220133,1,1,1987,0,0,0,0,0,0,0,0,0,0
220134,1,1,1987,0,0,0,0,0,0,0,0,0,0
220134,2,1,1987,25,25,25,25,25,25,25,25,25,25
220135,1,1,1987,0,0,18,0,0,0,0,0,0,0
220135,2,1,1987,0,0,0,0,0,0,0,0,0,0
220135,3,1,1987,0,0,0,0,0,0,0,0,0,0
220136,0,1,1987,30,27,14,0,0,0,0,0,0,15
220136,1,1,1987,20,16,44,41,4,0,10,33,0,14
220136,2,1,1987,0,0,0,0,0,0,0,0,0,0
220137,1,1,1987,28,28,28,28,28,28,28,28,28,28
220138,0,1,1987,0,0,0,0,0,0,0,0,0,0
220138,1,1,1987,0,0,0,0,0,0,0,0,0,0
220139,1,1,1987,18,18,18,18,18,18,18,18,18,18
220140,0,1,1987,0,0,0,0,0,0,0,0,0,0
220140,1,1,1987,0,0,0,0,0,0,0,0,0,0
220141,0,1,1987,0,0,0,0,0,0,0,0,0,0
220141,1,1,1987,0,0,0,0,0,0,0,0,0,0
220142,1,1,1987,1,1,1,1,1,1,1,1,1,1
220142,2,1,1987,1,1,1,1,1,1,1,1,1,1
220143,0,1,1987,0,0,0,0,0,0,0,0,0,0
220143,1,1,1987,0,0,0,0,0,0,0,0,0,0
220144,1,1,1987,20,20,20,20,20,20,20,20,20,20
220145,1,1,1987,0,0,0,0,0,0,0,0,0,0
220145,2,1,1987,0,0,0,0,0,0,0,0,0,0
220146,1,1,1987,0,0,0,0,0,0,10,0,0,0
220146,2,1,1987,0,0,0,0,0,0,0,0,0,0
220147,1,1,1987,11,11,11,11,11,11,11,11,11,11
220148,0,1,1987,31,31,31,31,31,31,31,31,31,31
220148,1,1,1987,13,16,34,51,12,44,13,12,27,8
220149,1,1,1987,24,24,24,24,24,24,24,24,24,24
220150,1,1,1987,25,25,25,25,25,25,25,25,25,25
220151,1,1,1987,0,9,21,0,0,0,0,21,0,30
220152,1,1,1987,0,0,0,0,0,0,0,0,0,0
220153,1,1,1987,22,4,11,3,11,16,13,10,22,14
220155,1,1,1987,0,0,0,0,0,0,0,0,0,0
220155,2,1,1987,0,0,0,0,0,0,0,0,0,0
220156,1,1,1987,0,0,0,0,0,0,0,0,0,0
220157,0,1,1987,10,10,0,0,10,0,17,0,53,8
220157,1,1,1987,1,1,1,1,1,1,1,1,1,1
220159,1,1,1987,15,23,32,0,13,0,0,38,13,16
220160,1,1,1987,1,1,1,1,1,1,1,1,1,1
220161,1,1,1987,27,27,27,27,27,27,27,27,27,27
220162,1,1,1987,23,39,15,29,19,0,18,18,21,36
220163,1,1,1987,15,15,15,15,15,15,15,15,15,15
220163,2,1,1987,0,0,0,0,0,0,0,0,0,0
220164,1,1,1987,0,11,10,19,0,0,25,9,31,11
220165,1,1,1987,16,16,16,16,16,16,16,16,16,16
220166,1,1,1987,0,0,0,0,0,0,0,0,0,0
220166,2,1,1987,0,0,0,0,0,0,0,0,0,0
220167,1,1,1987,26,26,26,26,26,26,26,26,26,26
220168,1,1,1987,15,19,0,13,35,24,12,13,17,21
220168,2,1,1987,11,0,0,0,0,7,0,0,0,7
220169,1,1,1987,0,0,0,0,0,0,0,0,0,0
220169,2,1,1987,0,0,0,0,0,0,0,0,0,0
220169,3,1,1987,0,0,0,0,0,0,0,0,0,0
220170,1,1,1987,0,0,0,0,0,0,0,0,0,0
220170,2,1,1987,0,0,0,0,0,0,0,0,0,0
220171,0,1,1987,0,0,0,0,0,0,0,0,0,0
220171,1,1,1987,0,0,0,0,0,0,0,0,0,0
220172,1,1,1987,0,0,0,0,0,0,0,0,0,0
220172,2,1,1987,0,0,0,0,0,0,0,0,0,0
220172,3,1,1987,0,0,0,0,0,0,0,0,0,0
220173,1,1,1987,0,0,0,0,0,6,9,7,0,9
220173,2,1,1987,0,0,21,25,8,0,0,12,5,0
220174,1,1,1987,0,0,4,0,0,0,0,0,0,0
220174,2,1,1987,14,4,0,0,0,0,0,0,0,0
220175,1,1,1987,19,8,21,22,14,33,29,10,11,10
220176,1,1,1987,0,0,0,0,0,0,0,0,0,0
220176,2,1,1987,0,0,0,0,0,0,0,0,0,0
220177,0,1,1987,0,0,0,0,11,0,0,0,0,0
220177,1,1,1987,0,0,0,0,0,0,0,0,0,0
220178,1,1,1987,0,0,0,0,0,0,0,0,0,0
220178,2,1,1987,29,0,0,26,13,33,21,15,0,14
220179,1,1,1987,22,22,22,22,22,22,22,22,22,22
220180,1,1,1987,6,0,0,0,0,0,0,0,22,0
220180,2,1,1987,0,0,0,9,0,0,0,0,0,0
220181,1,1,1987,11,11,11,11,11,11,11,11,11,11
220182,0,1,1987,4,4,4,4,4,4,4,4,4,4
220182,1,1,1987,0,0,0,0,0,0,0,0,0,0
220183,1,1,1987,0,0,0,0,0,0,0,0,0,0
220184,1,1,1987,20,20,20,20,20,20,20,20,20,20
220185,1,1,1987,38,30,15,0,7,13,31,28,15,5
220186,0,1,1987,0,0,0,0,0,0,23,0,0,0
220186,1,1,1987,0,0,18,15,0,0,7,5,23,0
220187,1,1,1987,0,0,16,13,0,0,0,15,46,29
220188,1,1,1987,23,23,23,23,23,23,23,23,23,23
220188,2,1,1987,4,4,4,4,4,4,4,4,4,4
220189,1,1,1987,11,9,29,4,20,14,21,18,13,15
220189,2,1,1987,0,0,0,6,12,5,0,0,8,0
220190,0,1,1987,26,0,0,0,0,22,0,0,0,0
220190,1,1,1987,0,12,2,0,0,24,0,0,8,10
220191,0,1,1987,7,0,0,0,0,17,0,0,0,0
220191,1,1,1987,23,23,23,23,23,23,23,23,23,23
220192,0,1,1987,8,0,25,24,0,15,6,0,0,0
220192,1,1,1987,13,13,13,13,13,13,13,13,13,13
220193,1,1,1987,11,30,0,0,9,0,20,0,8,17
220193,2,1,1987,20,20,20,20,20,20,20,20,20,20
220196,1,1,1987,24,17,12,23,15,15,11,6,19,17
220196,2,1,1987,0,0,0,0,0,0,0,0,0,0
220197,1,1,1987,1,1,1,1,1,1,1,1,1,1
220197,2,1,1987,0,0,28,21,16,22,13,0,21,30
220198,1,1,1987,21,29,5,12,11,4,17,6,10,10
220199,1,1,1987,0,0,0,0,0,0,0,0,0,0
220199,2,1,1987,0,0,0,0,0,0,0,0,0,0
220200,0,1,1987,31,23,54,9,47,24,12,28,16,28
220200,1,1,1987,0,0,0,0,0,0,0,0,0,0
220201,1,1,1987,0,0,0,0,0,0,0,0,0,0
220202,1,1,1987,0,0,0,0,0,0,0,0,0,0
220202,2,1,1987,0,0,0,0,0,0,0,0,0,0
220203,0,1,1987,0,0,0,0,0,0,0,0,0,0
220203,1,1,1987,0,0,0,0,0,0,0,0,0,0
220204,1,1,1987,28,11,0,0,24,0,17,9,0,0
220205,1,1,1987,7,8,0,7,18,42,21,14,15,25
220206,1,1,1987,12,12,12,12,12,12,12,12,12,12
220206,2,1,1987,10,0,0,0,0,0,0,0,0,0
220207,1,1,1987,0,0,0,0,0,0,0,0,0,0
220207,2,1,1987,0,0,0,0,0,0,0,0,0,0
220208,1,1,1987,7,5,6,4,6,8,0,6,0,21
220208,2,1,1987,0,0,0,0,0,0,0,0,0,0
220209,1,1,1987,0,0,4,0,0,2,0,0,2,0
220209,2,1,1987,5,2,13,30,9,16,25,10,10,12
220210,1,1,1987,0,0,0,0,0,0,0,0,0,0
220210,2,1,1987,0,0,0,0,0,0,0,0,0,0
220211,1,1,1987,19,0,0,14,0,26,0,0,0,0
220211,2,1,1987,0,14,0,0,0,0,0,0,0,0
220212,1,1,1987,20,20,20,20,20,20,20,20,20,20
220213,1,1,1987,4,0,5,0,0,0,0,0,0,0
220214,0,1,1987,0,0,0,0,0,0,0,0,0,0
220214,1,1,1987,9,5,10,3,0,12,16,0,9,9
220215,1,1,1987,21,21,21,21,21,21,21,21,21,21
220216,0,1,1987,0,0,0,0,0,0,0,0,5,0
220216,1,1,1987,0,7,0,24,0,0,0,20,7,0
220217,1,1,1987,0,0,0,0,0,0,0,0,0,0
220217,2,1,1987,0,0,0,0,0,0,0,0,0,0
220218,1,1,1987,0,0,0,0,0,0,0,0,6,0
220218,2,1,1987,0,0,0,0,0,0,0,0,0,0
220219,1,1,1987,11,5,24,33,12,2,11,11,26,14
220220,1,1,1987,13,13,13,13,13,13,13,13,13,13
220221,1,1,1987,3,25,10,8,9,21,9,20,15,7
220222,1,1,1987,25,17,26,20,8,16,33,25,29,11
220222,2,1,1987,0,0,0,12,0,0,0,0,0,0
220223,0,1,1987,0,0,0,0,41,25,35,31,0,0
220223,1,1,1987,0,0,0,0,0,0,0,0,0,0
220224,1,1,1987,37,31,5,17,15,19,19,19,27,22
220225,1,1,1987,0,0,0,0,0,0,0,0,25,18
220226,1,1,1987,31,26,21,17,0,0,0,0,20,16
220226,2,1,1987,0,0,0,0,0,0,0,0,0,0
220227,1,1,1987,0,0,0,0,0,0,0,0,0,0
220227,2,1,1987,0,0,0,0,0,0,0,0,0,0
220228,1,1,1987,0,15,23,0,0,3,0,0,8,0
220229,1,1,1987,29,29,29,29,29,29,29,29,29,29
220230,1,1,1987,0,0,0,0,0,0,0,0,0,0
220230,2,1,1987,0,0,0,0,0,0,14,0,19,0
220231,1,1,1987,0,0,0,0,0,0,0,0,0,0
220231,2,1,1987,0,0,0,0,0,0,0,0,0,0
220232,0,1,1987,0,0,0,0,0,0,0,0,0,0
220232,1,1,1987,0,0,0,0,0,0,0,0,0,0
220233,1,1,1987,0,0,9,26,0,20,0,0,0,10
220233,2,1,1987,6,6,6,6,6,6,6,6,6,6
220234,0,1,1987,0,0,0,0,0,0,0,0,0,0
220234,1,1,1987,0,0,0,0,0,0,0,0,0,0
220235,0,1,1987,0,0,0,0,0,0,0,0,0,0
220235,1,1,1987,0,0,0,0,0,0,0,0,0,0
220236,1,1,1987,0,0,0,0,0,0,0,0,0,0
220236,2,1,1987,0,0,0,0,0,0,0,0,0,0
220236,3,1,1987,0,0,0,0,0,0,0,0,0,0
220237,1,1,1987,0,0,0,0,0,0,0,0,0,0
220237,2,1,1987,0,0,0,0,0,0,0,0,0,0
220239,0,1,1987,24,24,24,24,24,24,24,24,24,24
220239,1,1,1987,0,0,0,0,0,19,0,0,0,0
220240,1,1,1987,20,5,0,0,0,0,0,0,0,0
220240,2,1,1987,0,0,0,0,0,2,0,0,0,0
220241,1,1,1987,20,18,11,26,19,16,20,12,22,19
220242,1,1,1987,0,0,0,0,0,0,0,0,0,0
220242,2,1,1987,29,29,29,29,29,29,29,29,29,29
220243,1,1,1987,13,13,13,13,13,13,13,13,13,13
220244,1,1,1987,28,19,17,42,31,31,16,13,31,12
220245,1,1,1987,8,8,8,8,8,8,8,8,8,8
220245,2,1,1987,18,18,18,18,18,18,18,18,18,18
220245,3,1,1987,0,0,0,0,0,0,0,0,0,0
220246,1,1,1987,0,0,27,0,0,0,0,0,0,0
220247,0,1,1987,9,9,9,9,9,9,9,9,9,9
220247,1,1,1987,0,0,0,0,0,0,0,0,0,0
220248,1,1,1987,0,0,0,0,0,0,0,0,0,0
220248,2,1,1987,0,0,0,0,0,0,0,0,0,0
220250,1,1,1987,0,0,0,0,0,0,0,0,0,0
220250,2,1,1987,0,0,0,0,0,0,0,0,0,28
220251,1,1,1987,16,16,16,16,16,16,16,16,16,16
220252,1,1,1987,0,0,0,0,22,0,0,16,0,0
220252,2,1,1987,15,21,20,31,0,0,0,16,0,0
220253,1,1,1987,18,18,18,18,18,18,18,18,18,18
220254,1,1,1987,14,14,14,14,14,14,14,14,14,14
220255,1,1,1987,0,0,0,0,0,0,0,0,0,0
220256,0,1,1987,0,24,0,0,0,21,9,0,0,0
220256,1,1,1987,0,0,0,0,0,0,0,0,0,0
220257,0,1,1987,0,0,0,4,0,0,0,0,0,0
220257,1,1,1987,0,0,0,0,0,0,0,0,0,0
220258,1,1,1987,18,14,21,21,35,14,15,15,0,25
220259,0,1,1987,0,0,0,0,0,0,0,0,0,0
220259,1,1,1987,0,0,0,0,0,0,0,0,0,0
220260,1,1,1987,0,0,0,6,0,0,0,0,0,0
220260,2,1,1987,0,0,0,0,0,0,0,0,0,0
220261,1,1,1987,19,0,18,11,4,0,5,11,4,10
220262,0,1,1987,0,5,0,0,0,0,17,0,0,0
220262,1,1,1987,21,0,0,0,0,0,0,0,0,0
220263,1,1,1987,0,0,0,15,0,0,0,0,0,0
220263,2,1,1987,0,0,0,0,14,0,0,0,0,0
220263,3,1,1987,0,0,0,0,0,0,0,0,0,0
220264,1,1,1987,0,13,0,20,14,0,9,0,0,0
220264,2,1,1987,0,0,0,0,0,0,0,0,0,0
220265,1,1,1987,0,0,0,0,5,0,0,10,0,3
220266,1,1,1987,0,0,0,0,0,0,0,0,0,0
220266,2,1,1987,0,0,0,0,11,0,0,0,0,0
220266,3,1,1987,0,0,0,0,0,0,0,0,0,0
220267,0,1,1987,0,0,0,0,0,0,0,0,0,0
220267,0,2,1987,0,0,0,0,0,0,0,0,0,0
220267,1,1,1987,0,0,0,0,0,0,0,0,0,0
220268,1,1,1987,0,13,24,11,17,11,16,18,0,6
220269,0,1,1987,18,22,26,42,0,31,18,0,43,30
220269,1,1,1987,0,0,0,0,3,0,0,19,0,0
220270,0,1,1987,7,7,7,7,7,7,7,7,7,7
220270,0,2,1987,0,0,0,0,0,0,0,0,0,0
220270,1,1,1987,0,0,0,0,0,0,0,0,0,0
220271,1,1,1987,11,11,11,11,11,11,11,11,11,11
220272,0,1,1987,8,30,25,0,18,0,19,0,0,0
220272,1,1,1987,0,0,0,0,0,0,0,0,0,0
220273,0,1,1987,0,0,0,0,0,0,0,0,0,0
220273,1,1,1987,0,0,0,0,0,0,0,0,0,0
220274,1,1,1987,35,9,12,0,0,24,0,4,10,20
220275,1,1,1987,8,8,8,8,8,8,8,8,8,8
220276,1,1,1987,0,0,0,0,0,0,0,0,0,0
220276,2,1,1987,0,0,0,38,0,0,0,0,0,0
220278,1,1,1987,2,2,2,2,2,2,2,2,2,2
220278,2,1,1987,0,0,0,0,0,0,0,0,0,0
220279,0,1,1987,0,0,0,0,0,0,0,0,0,0
220279,1,1,1987,0,0,0,0,0,0,0,0,0,0
220280,1,1,1987,3,3,3,3,3,3,3,3,3,3
220282,1,1,1987,0,0,0,17,0,0,0,0,0,10
220282,2,1,1987,0,0,0,0,0,0,0,0,0,0
220283,1,1,1987,16,16,16,16,16,16,16,16,16,16
220284,1,1,1987,0,32,0,0,0,33,0,0,0,30
220285,1,1,1987,15,15,15,15,15,15,15,15,15,15
220285,2,1,1987,5,5,5,5,5,5,5,5,5,5
220286,1,1,1987,0,0,0,0,10,0,0,0,0,0
220286,2,1,1987,0,0,0,0,0,0,0,0,0,0
220287,0,1,1987,0,0,0,0,0,0,0,0,0,0
220287,1,1,1987,0,0,0,0,0,0,0,0,0,0
220288,0,1,1987,0,0,0,0,17,19,0,0,7,0
220288,1,1,1987,0,0,0,0,0,0,0,0,0,0
220289,0,1,1987,0,0,0,0,0,0,0,0,0,0
220289,1,1,1987,0,24,0,0,0,0,0,0,0,0
220290,0,1,1987,0,0,0,0,0,0,0,0,0,0
220290,1,1,1987,0,0,0,0,0,0,0,0,0,0
220291,1,1,1987,0,0,0,0,0,0,0,0,0,0
220292,1,1,1987,10,29,29,16,0,0,0,0,0,0
220293,1,1,1987,19,0,7,11,0,9,0,0,20,0
220293,2,1,1987,0,0,0,0,0,0,0,0,0,0
220294,0,1,1987,26,0,19,39,0,30,15,13,17,11
220294,1,1,1987,0,0,0,0,0,0,0,0,0,0
220295,1,1,1987,0,0,0,0,0,0,0,0,0,0
220295,2,1,1987,0,0,0,0,0,0,0,0,0,0
220297,1,1,1987,0,0,0,0,0,0,0,0,0,0
220298,1,1,1987,0,0,0,0,0,0,0,7,0,0
220299,1,1,1987,0,0,0,0,0,0,0,0,0,0
220299,2,1,1987,0,0,0,0,0,0,0,0,0,0
220299,3,1,1987,0,0,0,0,0,0,0,17,0,0
220299,4,1,1987,0,0,0,0,0,0,0,0,0,0
220299,5,1,1987,0,0,0,0,8,0,0,0,0,0
220300,1,1,1987,0,0,9,13,0,2,17,25,14,5
220300,2,1,1987,8,8,8,8,8,8,8,8,8,8
220301,0,1,1987,0,0,0,4,0,19,0,0,0,17
220301,1,1,1987,0,7,0,0,0,12,0,0,0,0
220302,0,1,1987,0,0,12,39,22,0,0,25,22,10
220302,1,1,1987,0,0,0,0,0,0,0,0,0,0
220303,1,1,1987,17,17,17,17,17,17,17,17,17,17
220303,2,1,1987,0,0,0,0,0,0,0,0,0,0
220303,3,1,1987,0,0,0,0,0,0,0,0,0,0
220304,1,1,1987,21,21,21,21,21,21,21,21,21,21
220304,2,1,1987,6,0,0,0,5,14,0,10,0,16
220305,1,1,1987,0,8,0,0,0,0,0,0,0,9
220305,2,1,1987,0,0,0,0,20,0,0,0,0,0
220306,1,1,1987,4,0,22,0,27,0,0,19,0,0
220307,0,1,1987,50,50,50,50,50,50,50,50,50,50
220307,1,1,1987,7,25,0,22,22,25,0,0,22,14
220308,0,1,1987,0,0,0,0,0,0,0,0,0,0
220308,1,1,1987,14,14,14,14,14,14,14,14,14,14
220308,2,1,1987,0,0,0,0,0,0,0,0,0,0
220309,1,1,1987,0,0,0,0,0,0,0,0,0,0
220309,2,1,1987,0,0,0,0,0,0,0,0,0,0
220309,3,1,1987,0,0,0,0,0,0,0,0,11,0
220310,1,1,1987,0,0,0,0,0,0,0,0,0,0
220311,0,1,1987,0,0,0,0,0,0,0,0,0,0
220311,0,2,1987,14,0,0,0,0,8,0,12,0,0
220311,1,1,1987,0,0,0,0,0,0,0,0,0,0
220312,1,1,1987,11,11,11,11,11,11,11,11,11,11
220312,2,1,1987,0,0,0,0,0,0,0,0,0,0
220312,3,1,1987,0,0,0,0,0,0,0,0,0,0
220313,1,1,1987,22,0,10,0,17,0,0,20,25,37
220314,1,1,1987,12,12,12,12,12,12,12,12,12,12
220315,1,1,1987,0,0,0,0,0,0,0,0,0,0
220315,2,1,1987,9,0,0,0,0,0,0,21,14,0
220316,0,1,1987,0,20,33,0,0,24,0,16,0,0
220316,1,1,1987,0,0,0,0,0,0,0,0,0,0
220317,0,1,1987,15,15,15,15,15,15,15,15,15,15
220317,1,1,1987,0,0,0,0,0,0,0,0,0,0
220318,1,1,1987,0,0,0,0,0,0,0,0,0,0
220318,2,1,1987,0,0,0,0,0,0,0,0,0,0
220319,1,1,1987,0,0,0,0,0,0,0,0,0,0
220319,2,1,1987,0,0,0,0,0,0,0,0,0,0
220320,1,1,1987,0,0,0,0,0,0,0,0,0,0
220320,2,1,1987,0,0,0,0,0,0,0,0,0,0
220321,1,1,1987,14,14,14,14,14,14,14,14,14,14
220321,2,1,1987,0,0,16,0,0,0,23,10,5,0
220322,1,1,1987,11,0,20,0,0,0,0,0,0,0
220322,2,1,1987,0,0,0,0,0,0,0,0,0,0
220323,1,1,1987,0,20,8,13,23,14,19,21,16,25
220324,1,1,1987,0,0,0,0,0,0,0,0,0,0
220324,2,1,1987,0,0,0,6,0,0,0,0,0,0
220324,3,1,1987,0,0,0,0,0,0,0,0,0,0
220325,1,1,1987,9,9,9,9,9,9,9,9,9,9
220326,1,1,1987,22,19,21,0,10,0,20,20,15,3
220327,1,1,1987,0,0,0,0,0,0,0,0,0,0
220328,1,1,1987,0,0,0,0,0,0,0,0,0,0
220329,1,1,1987,0,0,0,0,0,0,0,0,0,0
220329,2,1,1987,0,0,0,0,0,0,0,0,0,0
220330,0,1,1987,38,38,38,38,38,38,38,38,38,38
220330,1,1,1987,0,0,0,0,0,0,0,1,0,0
220331,1,1,1987,0,0,0,0,0,0,0,19,0,0
220331,2,1,1987,0,0,0,0,0,0,0,0,0,0
220332,1,1,1987,0,0,0,0,0,9,0,0,23,9
220332,2,1,1987,0,0,0,0,0,0,0,0,0,0
220332,3,1,1987,0,0,0,0,0,0,0,0,0,0
220333,1,1,1987,0,0,0,0,0,0,0,0,0,0
220333,2,1,1987,0,0,0,5,0,0,0,0,0,0
220334,0,1,1987,38,63,0,0,18,0,19,17,23,37
220334,1,1,1987,0,0,7,7,8,9,0,0,17,0
220335,0,1,1987,0,0,0,0,25,0,0,0,0,0
220335,1,1,1987,0,0,0,0,0,0,0,0,0,0
220336,1,1,1987,0,0,0,0,0,0,0,0,17,15
220336,2,1,1987,0,0,0,0,10,0,0,0,0,0
220337,1,1,1987,0,0,0,0,9,0,16,23,0,0
220337,2,1,1987,0,0,0,0,0,0,0,0,0,0
220338,1,1,1987,0,0,0,0,0,0,0,22,0,0
220339,1,1,1987,0,0,0,0,0,0,0,3,0,0
220340,1,1,1987,34,34,34,34,34,34,34,34,34,34
220341,1,1,1987,0,0,0,32,0,9,0,0,0,0
220341,2,1,1987,0,0,0,0,11,0,0,0,0,0
220342,1,1,1987,1,1,1,1,1,1,1,1,1,1
220342,2,1,1987,0,0,0,0,0,0,0,0,0,0
220343,1,1,1987,0,0,0,0,0,0,0,0,0,0
220344,1,1,1987,21,21,21,21,21,21,21,21,21,21
220344,2,1,1987,0,0,0,0,0,0,0,0,0,0
220345,1,1,1987,16,16,16,16,16,16,16,16,16,16
220345,2,1,1987,0,0,0,0,0,0,0,0,0,0
220346,1,1,1987,0,0,0,0,0,0,0,0,0,0
220346,2,1,1987,8,8,8,8,8,8,8,8,8,8
220346,3,1,1987,0,0,0,0,0,0,0,0,0,0
220347,1,1,1987,11,11,11,11,11,11,11,11,11,11
220348,1,1,1987,0,0,0,0,0,0,0,0,0,0
220349,1,1,1987,0,0,0,5,0,0,0,0,0,0
220349,2,1,1987,21,0,17,11,17,8,0,0,32,0
220350,1,1,1987,0,0,0,0,0,0,0,0,0,0
220350,2,1,1987,0,0,0,0,0,0,0,0,0,0
220351,1,1,1987,6,4,0,0,12,14,0,0,0,0
220352,1,1,1987,0,0,0,0,0,0,0,0,0,0
220352,2,1,1987,0,0,0,0,0,0,0,0,0,0
220353,1,1,1987,0,0,0,0,0,0,0,0,0,0
220353,2,1,1987,0,0,0,0,0,0,0,0,0,0
220354,1,1,1987,14,14,14,14,14,14,14,14,14,14
220355,0,1,1987,0,0,0,0,0,0,0,0,0,0
220355,1,1,1987,0,0,0,0,0,0,0,0,0,0
220356,1,1,1987,0,0,0,0,0,0,0,0,0,0
220356,2,1,1987,0,0,0,0,0,0,0,0,0,0
220357,0,1,1987,0,0,0,0,0,0,0,0,0,0
220357,1,1,1987,0,0,0,0,4,0,0,0,0,0
220358,1,1,1987,0,25,0,0,0,0,0,0,12,0
220359,1,1,1987,15,15,15,15,15,15,15,15,15,15
220359,2,1,1987,0,0,0,0,0,0,0,0,0,15
220360,1,1,1987,0,0,0,6,0,0,0,20,0,0
220361,0,1,1987,0,0,0,29,0,0,0,24,9,8
220361,1,1,1987,4,0,2,0,0,0,0,0,0,0
220362,1,1,1987,18,18,18,18,18,18,18,18,18,18
220363,1,1,1987,17,0,0,0,0,0,0,0,0,0
220363,2,1,1987,0,0,0,0,0,0,0,0,0,0
220364,1,1,1987,0,0,0,28,0,0,0,0,0,0
220364,2,1,1987,0,0,0,0,0,0,0,0,0,0
220365,1,1,1987,0,0,0,0,0,0,0,0,0,0
220365,2,1,1987,0,0,0,0,0,0,0,0,0,0
220366,0,1,1987,3,39,38,19,4,25,3,28,22,21
220366,1,1,1987,8,8,8,8,8,8,8,8,8,8
220367,1,1,1987,0,32,8,0,16,0,0,0,0,0
220368,1,1,1987,0,0,0,0,0,0,0,0,0,0
220368,2,1,1987,0,0,0,0,0,0,0,0,0,0
220369,1,1,1987,0,24,16,0,16,0,12,0,7,0
220369,2,1,1987,0,0,0,0,0,4,0,0,0,0
220370,1,1,1987,0,14,0,0,0,0,28,0,33,0
220371,0,1,1987,19,44,33,19,27,0,8,20,0,23
220371,0,2,1987,17,9,11,6,0,23,0,0,0,0
220371,1,1,1987,0,0,0,0,0,0,0,0,15,7
220371,2,1,1987,0,0,14,0,0,0,16,0,0,17
220372,0,1,1987,0,0,0,0,0,0,0,0,0,0
220372,1,1,1987,0,0,0,0,0,0,0,0,0,0
220373,1,1,1987,0,0,0,0,0,0,0,0,0,0
220375,1,1,1987,0,0,0,0,0,0,0,0,0,0
220375,2,1,1987,18,18,18,18,18,18,18,18,18,18
220376,0,1,1987,0,0,0,0,0,0,0,0,0,0
220376,1,1,1987,0,0,0,11,12,0,27,0,23,0
220377,1,1,1987,17,0,0,0,0,0,0,0,0,0
220377,2,1,1987,0,0,0,0,3,0,0,0,0,0
220378,0,1,1987,0,18,26,28,17,0,0,19,15,0
220378,1,1,1987,0,14,3,0,0,20,0,0,0,0
220379,1,1,1987,8,8,8,8,8,8,8,8,8,8
220379,2,1,1987,22,28,9,9,18,27,17,15,12,27
220381,1,1,1987,0,0,0,0,0,0,0,0,0,0
220381,2,1,1987,0,21,0,0,0,3,0,0,0,0
220382,1,1,1987,14,14,14,14,14,14,14,14,14,14
220383,1,1,1987,0,0,0,0,0,0,0,0,0,0
220383,2,1,1987,0,0,0,0,0,0,0,0,0,0
220385,1,1,1987,28,28,28,28,28,28,28,28,28,28
220386,1,1,1987,19,19,19,19,19,19,19,19,19,19
220387,1,1,1987,0,0,0,18,0,0,0,0,0,0
220387,2,1,1987,0,0,0,0,0,0,0,0,0,0
220388,0,1,1987,0,0,0,0,0,0,0,0,0,0
220388,1,1,1987,0,0,0,0,13,0,0,0,0,5
220389,1,1,1987,0,0,0,0,0,0,0,0,0,0
220389,2,1,1987,0,0,0,0,0,16,0,0,0,0
220390,0,1,1987,0,0,0,0,0,0,0,0,0,0
220390,1,1,1987,0,0,0,0,0,0,0,0,0,0
220391,0,1,1987,0,0,0,0,0,0,0,0,0,0
220391,1,1,1987,0,0,0,0,0,0,0,0,0,0
220392,1,1,1987,0,0,0,0,0,0,0,20,0,0
220393,1,1,1987,16,0,11,20,11,0,8,12,0,17
220393,2,1,1987,0,0,0,0,0,0,0,0,0,0
220394,1,1,1987,12,12,12,12,12,12,12,12,12,12
220395,1,1,1987,0,0,0,0,0,0,0,0,0,0
220395,2,1,1987,0,0,0,0,0,0,0,0,13,0
220395,3,1,1987,0,0,0,0,0,0,0,0,0,0
220395,4,1,1987,0,0,0,0,0,0,0,10,0,0
220395,5,1,1987,0,0,0,0,0,0,0,0,0,0
220395,6,1,1987,0,0,0,0,0,0,0,0,0,0
220395,7,1,1987,0,0,0,0,0,0,0,0,0,0
220395,8,1,1987,0,0,0,0,0,0,8,0,0,0
220395,9,1,1987,0,0,0,0,0,0,0,0,0,0
220395,10,1,1987,0,0,0,0,0,0,0,0,4,0
220395,11,1,1987,0,0,0,0,0,0,0,0,0,0
220395,12,1,1987,0,0,0,0,19,0,0,0,2,0
220395,13,1,1987,0,0,9,0,0,17,0,0,0,9
220395,14,1,1987,0,0,0,0,0,0,0,0,0,0
220396,1,1,1987,0,15,0,10,0,0,0,0,0,0
220396,2,1,1987,0,0,14,0,14,4,5,7,0,0
220397,0,1,1987,22,0,22,0,16,18,15,18,0,0
220397,1,1,1987,0,0,6,8,0,1,15,0,11,0
220398,1,1,1987,0,12,0,13,10,0,0,30,0,21
220399,0,1,1987,0,0,0,0,0,0,0,0,0,0
220399,1,1,1987,0,0,0,0,0,0,0,0,0,0
220400,1,1,1987,25,25,25,25,25,25,25,25,25,25