ST_CASE,VEH_NO,PER_NO,YEAR,P1,P2,P3,P4,P5,P6,P7,P8,P9,P10
220685,1,1,1987,0,8,8,0,16,0,0,0,0,0
220686,1,1,1987,0,0,0,0,0,0,0,0,0,0
220686,2,1,1987,7,0,0,0,0,0,0,0,5,0
220687,1,1,1987,11,0,23,18,14,8,15,11,10,4
220688,1,1,1987,10,28,23,0,45,0,22,0,0,33
220689,1,1,1987,9,0,0,0,0,0,0,25,0,5
220689,2,1,1987,7,0,0,0,15,0,21,23,8,15
220690,1,1,1987,11,11,11,11,11,11,11,11,11,11
220690,2,1,1987,14,14,14,14,14,14,14,14,14,14
220691,1,1,1987,0,0,0,0,0,0,0,0,0,0
220691,2,1,1987,0,0,0,0,0,0,0,0,0,0
220692,1,1,1987,0,0,0,0,0,0,0,0,0,0
220692,2,1,1987,0,0,0,11,0,0,0,0,0,15
220693,1,1,1987,0,0,0,0,0,0,0,0,0,0
220694,1,1,1987,0,19,9,0,8,16,0,0,8,14
220694,2,1,1987,30,0,14,19,10,4,0,5,13,4
220695,1,1,1987,21,9,0,0,0,0,18,0,0,0
220696,2,1,1987,0,0,24,0,28,0,0,0,0,24
220697,1,1,1987,3,3,3,3,3,3,3,3,3,3
220697,2,1,1987,0,0,0,0,14,0,0,0,0,0
220698,1,1,1987,15,0,0,0,0,0,15,0,0,0
220699,1,1,1987,7,7,7,7,7,7,7,7,7,7
220700,1,1,1987,29,0,11,20,0,0,0,0,16,0
220701,1,1,1987,0,0,0,0,0,0,0,0,0,0
220702,1,1,1987,25,5,23,15,15,28,0,13,18,12
220703,1,1,1987,21,21,21,21,21,21,21,21,21,21
220704,1,1,1987,25,27,18,24,0,14,0,22,0,26
220705,1,1,1987,25,25,25,25,25,25,25,25,25,25
220706,0,1,1987,7,0,4,0,0,0,0,0,0,13
220706,1,1,1987,0,0,0,0,0,0,0,20,0,0
220706,2,1,1987,0,0,0,8,0,0,0,13,0,0
220707,1,1,1987,0,0,0,0,0,0,0,0,0,0
220707,2,1,1987,0,0,0,0,0,0,0,0,0,0
220708,1,1,1987,4,0,0,0,0,2,18,0,11,10
220708,2,1,1987,15,0,0,5,0,2,0,4,0,0
220709,0,1,1987,0,0,0,0,0,0,0,0,0,0
220709,1,1,1987,0,0,0,0,0,0,0,0,0,0
220709,2,1,1987,0,12,0,0,3,0,0,0,11,0
220710,0,1,1987,0,9,29,11,0,53,13,0,0,0
220710,1,1,1987,0,0,0,0,0,0,0,0,0,0
220711,1,1,1987,0,0,14,0,0,0,0,0,0,0
220711,2,1,1987,0,0,0,0,7,0,0,0,0,0
220711,3,1,1987,0,0,0,0,0,0,0,0,0,0
220712,1,1,1987,0,0,0,0,0,0,0,0,0,0
220713,0,1,1987,0,0,0,0,0,0,24,0,0,0
220713,1,1,1987,0,16,14,0,0,0,0,0,0,0
220714,1,1,1987,32,32,32,32,32,32,32,32,32,32
220716,0,1,1987,27,0,30,28,30,23,0,0,0,0
220716,1,1,1987,0,0,0,0,0,0,0,0,0,0
220719,1,1,1987,0,0,30,0,0,0,0,0,0,0
220719,2,1,1987,0,0,0,0,0,0,0,0,0,10
220720,1,1,1987,0,0,0,0,0,0,0,0,0,0
220721,0,1,1987,39,29,14,17,40,28,15,0,0,0
220721,1,1,1987,0,15,0,0,20,0,0,9,0,0
220723,1,1,1987,0,32,0,0,23,15,32,0,26,0
220724,1,1,1987,16,12,0,11,0,0,0,0,0,18
220725,1,1,1987,6,6,6,6,6,6,6,6,6,6
220726,0,1,1987,0,0,0,8,0,0,0,0,0,0
220726,1,1,1987,4,4,4,4,4,4,4,4,4,4
220727,0,1,1987,30,29,18,31,12,0,0,5,0,0
220727,1,1,1987,5,5,5,5,5,5,5,5,5,5
220728,0,1,1987,3,3,3,3,3,3,3,3,3,3
220728,1,1,1987,0,17,19,0,0,0,0,0,0,15
220729,0,1,1987,19,19,19,19,19,19,19,19,19,19
220729,0,2,1987,26,5,25,16,15,0,10,4,23,0
220729,1,1,1987,16,16,16,16,16,16,16,16,16,16
220730,1,1,1987,15,12,11,0,21,15,2,7,11,11
220731,0,1,1987,0,0,8,18,24,12,8,0,10,0
220731,1,1,1987,12,0,0,0,0,15,0,0,22,0
220733,0,1,1987,19,25,3,0,46,0,0,24,25,14
220733,1,1,1987,0,14,0,23,0,16,11,22,13,14
220734,1,1,1987,24,24,24,24,24,24,24,24,24,24
220734,2,1,1987,27,27,27,27,27,27,27,27,27,27
220735,1,1,1987,0,0,0,0,0,0,0,1,0,0
220735,2,1,1987,0,0,0,5,0,35,0,0,0,0
220735,3,1,1987,0,0,0,0,0,0,10,0,0,0
220735,4,1,1987,0,0,0,0,0,0,0,0,0,0
220736,1,1,1987,0,0,12,0,0,0,0,0,0,0
220736,2,1,1987,0,0,0,0,0,0,0,0,0,0
220738,1,1,1987,0,8,17,0,13,12,0,6,0,0
220738,2,1,1987,0,0,0,0,0,0,22,0,20,0
220739,1,1,1987,8,23,0,30,17,9,11,0,11,0
220739,2,1,1987,0,0,0,0,0,0,0,0,5,23
220740,1,1,1987,0,0,0,0,0,0,0,0,0,0
220740,2,1,1987,0,0,0,0,0,0,0,0,0,0
220741,1,1,1987,0,0,18,23,9,34,0,3,22,0
220742,0,1,1987,0,0,0,0,0,0,40,9,0,0
220742,1,1,1987,0,0,0,0,5,0,0,6,0,0
220743,1,1,1987,0,0,0,0,0,0,0,0,0,0
220743,2,1,1987,0,0,0,0,0,0,0,0,0,0
220744,0,1,1987,0,21,13,21,18,0,0,0,0,0
220744,1,1,1987,0,0,0,0,0,0,0,0,0,0
220745,0,1,1987,0,0,0,4,16,0,0,11,0,0
220745,1,1,1987,12,12,12,12,12,12,12,12,12,12
220746,1,1,1987,37,37,37,37,37,37,37,37,37,37
220747,0,1,1987,19,28,10,44,17,7,0,17,0,15
220747,1,1,1987,0,0,0,0,0,0,0,0,0,0
220749,1,1,1987,12,18,16,0,27,22,13,12,9,14
220750,1,1,1987,0,0,0,0,0,0,0,0,0,0
220750,2,1,1987,0,0,0,0,0,0,0,9,0,0
220751,1,1,1987,0,0,0,0,0,9,0,0,0,0
220751,2,1,1987,0,0,0,0,0,0,0,0,0,0
220752,0,1,1987,0,0,0,0,0,0,0,0,0,0
220752,1,1,1987,0,0,0,0,0,0,0,0,27,0
220753,1,1,1987,0,0,0,12,0,0,0,0,0,0
220753,2,1,1987,0,0,0,0,0,0,0,0,0,0
220754,1,1,1987,24,0,22,0,9,18,0,16,14,6
220754,2,1,1987,0,0,0,0,0,10,0,0,0,0
220755,1,1,1987,0,0,0,0,0,0,0,0,0,18
220756,1,1,1987,18,18,18,18,18,18,18,18,18,18
220757,1,1,1987,22,16,46,9,0,0,14,0,0,0
220757,2,1,1987,0,0,19,0,25,0,11,5,0,5
220758,0,1,1987,0,4,0,16,0,0,0,0,0,0
220758,1,1,1987,0,0,14,0,0,0,0,0,0,0
220759,1,1,1987,0,0,0,0,0,0,0,0,0,0
220759,2,1,1987,0,0,0,0,0,0,0,0,0,0
220760,1,1,1987,33,30,14,16,14,18,0,10,15,19
220760,2,1,1987,8,0,17,0,0,0,0,0,30,21
220760,3,1,1987,0,0,0,0,10,9,19,19,0,14
220761,1,1,1987,0,9,0,0,3,0,20,0,0,7
220761,2,1,1987,3,0,0,0,0,0,14,0,0,0
220762,0,1,1987,26,20,0,18,0,3,0,0,0,40
220762,1,1,1987,13,0,0,0,0,0,0,0,27,21
230001,1,1,1987,0,0,0,0,0,0,0,0,0,0
230001,2,1,1987,0,0,0,0,0,9,0,0,0,0
230002,1,1,1987,0,0,0,0,0,0,0,0,0,0
230002,2,1,1987,0,0,0,0,0,0,0,0,0,0
230003,1,1,1987,0,0,0,0,0,0,0,0,0,0
230003,2,1,1987,0,0,0,0,0,0,0,0,0,0
230004,1,1,1987,4,4,4,4,4,4,4,4,4,4
230004,2,1,1987,0,0,28,14,0,5,20,0,0,13
230005,1,1,1987,0,0,0,0,0,0,0,0,0,0
230005,2,1,1987,0,0,0,0,0,0,0,0,0,0
230006,1,1,1987,0,0,0,0,0,0,0,0,0,0
230006,2,1,1987,0,0,0,0,0,0,0,0,0,0
230008,1,1,1987,0,0,0,0,0,0,0,0,0,0
230008,2,1,1987,0,0,0,0,0,0,0,0,0,0
230009,1,1,1987,0,0,0,0,0,0,0,0,0,0
230010,0,1,1987,15,10,0,8,0,7,0,10,11,19
230010,1,1,1987,0,0,0,0,0,0,0,0,0,0
230011,1,1,1987,0,0,0,0,0,0,0,0,0,0
230011,2,1,1987,0,0,0,0,0,0,0,0,0,0
230012,0,1,1987,0,0,0,0,0,0,0,0,0,0
230012,1,1,1987,0,0,0,0,0,0,0,0,0,0
230013,1,1,1987,15,15,15,15,15,15,15,15,15,15
230014,1,1,1987,0,0,0,0,0,0,0,0,0,0
230015,1,1,1987,0,0,0,0,0,0,0,0,0,0
230015,2,1,1987,0,0,0,0,0,0,0,0,0,0
230016,1,1,1987,15,11,0,23,18,16,11,30,20,0
230016,2,1,1987,0,0,0,0,0,0,0,0,0,0
230017,1,1,1987,7,7,7,7,7,7,7,7,7,7
230018,0,1,1987,0,0,0,0,0,0,0,0,0,0
230018,1,1,1987,0,0,0,0,0,0,0,0,0,0
230019,0,1,1987,0,0,0,0,0,0,0,0,0,0
230019,1,1,1987,7,7,7,7,7,7,7,7,7,7
230020,0,1,1987,10,23,36,19,19,17,36,25,27,0
230020,1,1,1987,18,0,13,13,20,0,9,0,0,15
230021,1,1,1987,15,0,11,0,0,0,0,0,0,0
230021,2,1,1987,0,0,0,0,0,0,0,0,0,0
230022,1,1,1987,14,14,14,14,14,14,14,14,14,14
230023,0,1,1987,0,0,0,0,0,0,0,0,0,0
230023,1,1,1987,0,0,0,0,0,12,0,0,14,0
230024,1,1,1987,0,0,0,0,0,0,0,0,0,0
230024,2,1,1987,0,0,0,0,0,0,0,0,0,0
230025,1,1,1987,26,0,0,0,0,0,0,0,0,0
230026,0,1,1987,0,0,0,0,0,0,0,0,0,0
230026,1,1,1987,0,0,0,0,0,0,0,0,0,0
230027,1,1,1987,0,0,20,25,0,0,22,0,0,0
230027,2,1,1987,0,0,0,0,0,0,0,0,0,0
230028,1,1,1987,11,11,11,11,11,11,11,11,11,11
230030,1,1,1987,0,0,0,0,0,0,0,0,0,0
230030,2,1,1987,0,0,0,0,0,0,0,0,0,0
230031,1,1,1987,0,0,0,0,0,0,0,0,0,0
230031,2,1,1987,0,0,0,0,0,0,0,0,0,0
230032,0,1,1987,25,25,25,25,25,25,25,25,25,25
230032,1,1,1987,9,9,9,9,9,9,9,9,9,9
230033,0,1,1987,0,0,0,0,0,0,0,0,0,0
230033,1,1,1987,0,0,0,0,0,0,0,0,0,0
230034,1,1,1987,14,14,14,14,14,14,14,14,14,14
230035,1,1,1987,0,0,0,0,0,0,0,0,0,0
230036,0,1,1987,0,0,0,0,0,0,0,0,0,0
230036,1,1,1987,0,0,0,0,0,0,0,0,0,0
230037,1,1,1987,15,15,15,15,15,15,15,15,15,15
230037,2,1,1987,0,0,0,0,0,0,0,0,0,0
230038,1,1,1987,0,0,0,0,11,0,0,22,14,17
230039,1,1,1987,0,0,0,0,0,0,0,0,0,0
230040,1,1,1987,0,0,0,0,0,0,0,0,0,0
230040,2,1,1987,23,23,23,23,23,23,23,23,23,23
230041,1,1,1987,25,25,25,25,25,25,25,25,25,25
230041,2,1,1987,0,0,0,0,0,0,0,0,0,0
230042,1,1,1987,23,23,23,23,23,23,23,23,23,23
230043,1,1,1987,15,15,15,15,15,15,15,15,15,15
230044,1,1,1987,0,0,0,0,0,0,0,0,0,0
230045,1,1,1987,21,21,21,21,21,21,21,21,21,21
230046,1,1,1987,0,0,0,0,0,0,0,0,0,0
230046,2,1,1987,0,0,16,0,0,0,0,0,19,0
230047,1,1,1987,10,10,10,10,10,10,10,10,10,10
230048,1,1,1987,0,0,0,0,0,0,0,0,0,0
230048,2,1,1987,0,0,0,0,0,0,0,0,0,0
230049,1,1,1987,0,0,0,0,0,0,0,0,0,0
230050,1,1,1987,0,0,0,0,0,0,0,0,0,0
230050,2,1,1987,1,1,1,1,1,1,1,1,1,1
230051,1,1,1987,10,10,10,10,10,10,10,10,10,10
230052,1,1,1987,24,24,24,24,24,24,24,24,24,24
230052,2,1,1987,0,0,0,0,0,0,0,0,0,0
230053,1,1,1987,0,0,0,0,0,0,0,0,0,0
230053,2,1,1987,0,0,0,0,0,0,0,0,0,0
230054,1,1,1987,17,17,17,17,17,17,17,17,17,17
230054,2,1,1987,0,0,0,0,0,0,0,0,0,0
230055,1,1,1987,0,0,0,0,0,0,0,0,0,0
230055,2,1,1987,34,34,34,34,34,34,34,34,34,34
230056,0,1,1987,0,0,0,0,0,0,0,0,0,0
230056,1,1,1987,0,0,0,0,0,0,0,0,0,0
230057,1,1,1987,12,12,12,12,12,12,12,12,12,12
230058,1,1,1987,1,1,1,1,1,1,1,1,1,1
230058,2,1,1987,1,1,1,1,1,1,1,1,1,1
230059,1,1,1987,16,16,16,16,16,16,16,16,16,16
230060,1,1,1987,0,0,0,0,0,0,0,0,0,0
230060,2,1,1987,0,0,0,0,0,0,0,0,0,0
230061,1,1,1987,0,0,0,0,0,0,0,0,0,0
230061,2,1,1987,0,0,0,0,0,0,0,0,0,0
230062,1,1,1987,12,12,12,12,12,12,12,12,12,12
230063,0,1,1987,0,0,0,0,0,0,0,0,0,0
230063,1,1,1987,21,27,7,21,7,16,23,15,12,14
230064,0,1,1987,24,24,24,24,24,24,24,24,24,24
230064,1,1,1987,0,0,0,0,29,0,0,0,0,0
230065,1,1,1987,12,12,12,12,12,12,12,12,12,12
230065,2,1,1987,18,18,18,18,18,18,18,18,18,18
230066,1,1,1987,0,0,0,0,0,0,0,0,0,19
230066,2,1,1987,0,0,0,22,0,0,0,0,0,0
230067,1,1,1987,20,20,20,20,20,20,20,20,20,20
230068,1,1,1987,0,0,0,12,0,0,0,0,0,0
230069,1,1,1987,0,0,0,0,0,0,0,0,0,0
230070,0,1,1987,0,0,0,0,0,0,0,0,0,0
230070,1,1,1987,0,0,0,0,0,0,0,0,0,0
230071,1,1,1987,0,0,0,0,0,0,0,0,0,0
230071,2,1,1987,0,0,0,0,0,0,0,0,0,0
230072,1,1,1987,5,5,5,5,5,5,5,5,5,5
230073,1,1,1987,0,0,0,0,0,0,0,0,0,0
230074,1,1,1987,5,5,5,5,5,5,5,5,5,5
230075,1,1,1987,0,0,0,0,0,0,0,0,0,0
230075,2,1,1987,0,0,0,0,0,0,0,0,0,0
230076,1,1,1987,1,1,1,1,1,1,1,1,1,1
230077,1,1,1987,0,0,0,0,0,0,0,0,0,0
230078,1,1,1987,27,27,27,27,27,27,27,27,27,27
230079,1,1,1987,0,0,0,0,0,0,0,0,0,0
230079,2,1,1987,5,0,0,0,0,0,0,0,0,0
230080,1,1,1987,0,0,0,0,0,0,0,0,0,0
230080,2,1,1987,0,0,0,0,0,0,0,0,0,0
230081,0,1,1987,0,0,0,0,0,0,0,0,0,0
230081,1,1,1987,0,0,0,0,0,0,0,0,0,0
230082,1,1,1987,19,19,19,19,19,19,19,19,19,19
230083,1,1,1987,0,0,0,0,0,0,0,0,0,0
230083,2,1,1987,0,0,0,0,17,0,0,0,0,0
230084,1,1,1987,0,0,0,0,0,0,0,0,0,0
230085,1,1,1987,0,0,0,0,0,0,0,0,0,0
230085,2,1,1987,4,4,4,4,4,4,4,4,4,4
230086,1,1,1987,11,11,11,11,11,11,11,11,11,11
230087,1,1,1987,13,13,13,13,13,13,13,13,13,13
230088,0,1,1987,0,0,11,0,0,0,0,0,0,0
230088,1,1,1987,24,24,24,24,24,24,24,24,24,24
230089,1,1,1987,0,0,0,0,0,0,0,0,0,0
230090,1,1,1987,0,0,0,0,0,0,0,0,0,0
230090,2,1,1987,0,0,0,0,0,0,0,0,0,0
230091,1,1,1987,4,4,4,4,4,4,4,4,4,4
230091,2,1,1987,0,0,0,0,0,0,0,0,0,0
230091,3,1,1987,0,0,0,0,0,0,0,0,0,0
230092,1,1,1987,8,8,8,8,8,8,8,8,8,8
230093,1,1,1987,0,0,0,0,0,0,0,0,0,0
230095,1,1,1987,27,27,27,27,27,27,27,27,27,27
230095,2,1,1987,7,7,7,7,7,7,7,7,7,7
230096,0,1,1987,0,0,0,0,0,0,0,0,0,0
230096,1,1,1987,0,0,0,0,0,0,0,0,0,0
230097,1,1,1987,0,35,0,0,0,0,0,0,0,0
230099,1,1,1987,23,23,23,23,23,23,23,23,23,23
230100,1,1,1987,22,22,22,22,22,22,22,22,22,22
230101,1,1,1987,21,21,21,21,21,21,21,21,21,21
230102,1,1,1987,27,27,27,27,27,27,27,27,27,27
230103,1,1,1987,0,0,0,0,0,0,0,0,0,0
230104,1,1,1987,7,7,7,7,7,7,7,7,7,7
230105,1,1,1987,0,0,0,0,0,0,0,0,0,0
230105,2,1,1987,11,0,10,0,0,15,0,0,0,0
230106,1,1,1987,0,0,0,0,0,0,0,0,0,0
230107,1,1,1987,0,0,0,0,0,0,0,0,0,0
230107,2,1,1987,0,0,0,0,0,0,0,0,0,0
230108,1,1,1987,13,13,13,13,13,13,13,13,13,13
230109,1,1,1987,0,0,0,0,0,0,0,0,0,0
230109,2,1,1987,0,0,0,0,0,0,0,0,0,0
230110,0,1,1987,13,13,13,13,13,13,13,13,13,13
230110,1,1,1987,0,0,0,0,0,0,0,0,0,0
230111,1,1,1987,17,17,17,17,17,17,17,17,17,17
230112,1,1,1987,0,0,0,0,0,0,0,0,0,0
230113,1,1,1987,0,0,0,0,0,0,0,0,0,0
230114,1,1,1987,37,37,37,37,37,37,37,37,37,37
230115,1,1,1987,19,19,19,19,19,19,19,19,19,19
230116,1,1,1987,0,0,0,0,0,0,0,0,0,0
230116,2,1,1987,0,0,0,0,0,0,0,0,0,0
230117,1,1,1987,0,0,0,0,0,0,0,0,0,0
230117,2,1,1987,0,0,0,0,0,0,0,0,0,0
230117,3,1,1987,0,0,0,0,0,0,0,0,0,0
230118,1,1,1987,0,0,15,0,0,16,0,0,0,0
230118,2,1,1987,27,27,27,27,27,27,27,27,27,27
230119,1,1,1987,0,0,0,0,0,0,0,0,0,0
230119,2,1,1987,0,0,0,0,0,0,0,0,0,0
230120,1,1,1987,0,0,0,0,0,0,0,0,0,0
230120,2,1,1987,0,0,0,0,0,0,0,0,0,0
230121,0,1,1987,0,0,0,0,0,0,0,0,0,0
230121,1,1,1987,3,3,3,3,3,3,3,3,3,3
230122,1,1,1987,0,0,0,0,0,0,0,0,0,0
230122,2,1,1987,24,24,24,24,24,24,24,24,24,24
230123,1,1,1987,0,0,0,0,0,0,0,0,0,0
230123,2,1,1987,7,7,7,7,7,7,7,7,7,7
230124,1,1,1987,10,10,10,10,10,10,10,10,10,10
230125,1,1,1987,0,0,0,0,0,0,0,0,0,0
230125,2,1,1987,0,0,0,0,0,0,0,0,0,0
230126,1,1,1987,0,0,0,0,0,0,0,0,0,0
230126,2,1,1987,0,0,0,0,0,0,0,0,0,14
230127,1,1,1987,0,8,0,0,0,0,0,0,0,0
230127,2,1,1987,0,0,0,0,0,0,0,0,0,0
230127,3,1,1987,0,0,0,0,0,0,0,0,0,0
230127,4,1,1987,0,0,0,0,0,0,0,0,0,0
230128,1,1,1987,0,0,0,4,0,0,0,0,0,0
230129,1,1,1987,0,0,0,0,0,0,0,0,0,0
230130,1,1,1987,10,10,10,10,10,10,10,10,10,10
230131,1,1,1987,0,0,0,0,0,0,0,0,0,0
230131,2,1,1987,0,0,0,0,0,0,0,0,0,0
230132,1,1,1987,26,26,26,26,26,26,26,26,26,26
230133,1,1,1987,22,0,0,16,0,4,0,0,0,0
230133,2,1,1987,0,0,0,0,0,0,0,0,12,0
230133,3,1,1987,0,0,0,0,0,0,0,0,0,0
230134,1,1,1987,11,11,11,11,11,11,11,11,11,11
230135,1,1,1987,0,0,0,0,0,0,0,0,0,0
230136,1,1,1987,16,16,16,16,16,16,16,16,16,16
230137,1,1,1987,23,23,23,23,23,23,23,23,23,23
230138,1,1,1987,2,2,2,2,2,2,2,2,2,2
230138,2,1,1987,0,0,0,0,0,0,0,0,0,0
230139,1,1,1987,16,16,16,16,16,16,16,16,16,16
230139,2,1,1987,0,0,0,0,0,0,0,0,19,0
230139,3,1,1987,0,0,0,0,0,0,0,0,0,0
230139,4,1,1987,0,0,0,0,0,0,0,0,0,0
230141,1,1,1987,0,0,0,0,0,0,0,0,0,0
230141,2,1,1987,11,11,11,11,11,11,11,11,11,11
230142,1,1,1987,19,19,19,19,19,19,19,19,19,19
230142,2,1,1987,0,0,0,0,0,0,0,0,0,0
230143,1,1,1987,0,0,0,0,0,0,0,0,0,0
230144,1,1,1987,0,0,0,0,0,0,0,0,0,0
230145,1,1,1987,20,20,20,20,20,20,20,20,20,20
230146,1,1,1987,0,0,0,0,0,0,0,0,0,0
230147,1,1,1987,0,0,0,10,0,0,13,0,0,0
230147,2,1,1987,0,0,0,0,0,0,0,0,0,0
230148,1,1,1987,0,0,0,0,0,0,0,0,0,0
230148,2,1,1987,0,0,0,0,0,0,0,0,0,0
230149,1,1,1987,0,0,24,0,0,0,0,0,0,0
230149,2,1,1987,0,0,9,0,0,0,0,0,0,0
230150,1,1,1987,2,2,2,2,2,2,2,2,2,2
230151,1,1,1987,0,0,0,0,0,0,0,0,0,0
230152,1,1,1987,0,0,0,0,0,0,0,0,0,0
230152,2,1,1987,0,0,0,0,0,0,0,0,0,0
230153,1,1,1987,2,2,2,2,2,2,2,2,2,2
230153,2,1,1987,0,0,0,0,0,0,0,0,0,0
230154,1,1,1987,0,0,0,0,0,0,0,0,0,0
230154,2,1,1987,23,23,23,23,23,23,23,23,23,23
230155,1,1,1987,0,0,0,0,0,0,0,0,0,0
230155,2,1,1987,22,22,22,22,22,22,22,22,22,22
230156,1,1,1987,0,0,0,0,0,0,0,0,0,0
230157,1,1,1987,0,0,0,0,0,0,0,0,0,0
230157,2,1,1987,0,0,0,0,0,0,0,0,0,0
230158,1,1,1987,21,21,21,21,21,21,21,21,21,21
230159,1,1,1987,12,12,12,12,12,12,12,12,12,12
230159,2,1,1987,0,0,0,0,0,0,0,0,0,0
230160,1,1,1987,0,0,0,0,0,0,0,0,0,0
230160,2,1,1987,0,0,0,0,0,0,0,0,0,0
230161,1,1,1987,0,0,0,0,0,0,0,0,0,0
230162,1,1,1987,0,5,0,0,0,0,0,0,0,0
230163,1,1,1987,25,25,25,25,25,25,25,25,25,25
230164,1,1,1987,0,0,0,0,0,0,0,0,0,0
230164,2,1,1987,0,0,0,0,0,0,0,0,0,0
230166,1,1,1987,22,22,22,22,22,22,22,22,22,22
230167,0,1,1987,28,28,28,28,28,28,28,28,28,28
230167,1,1,1987,0,0,0,0,0,0,0,0,0,0
230168,1,1,1987,5,5,5,5,5,5,5,5,5,5
230168,2,1,1987,0,0,0,0,0,0,0,0,0,0
230169,1,1,1987,0,0,0,0,0,0,0,0,0,0
230169,2,1,1987,29,29,29,29,29,29,29,29,29,29
230170,1,1,1987,0,0,0,0,0,0,0,0,0,0
230170,2,1,1987,0,0,0,0,0,0,0,0,0,0
230171,1,1,1987,23,23,23,23,23,23,23,23,23,23
230172,1,1,1987,0,0,0,0,0,0,0,0,0,0
230172,2,1,1987,0,0,0,0,0,0,0,0,0,0
230173,1,1,1987,0,0,0,0,0,0,0,0,0,0
230173,2,1,1987,0,0,0,0,0,0,0,0,0,0
230174,0,1,1987,10,10,10,10,10,10,10,10,10,10
230174,1,1,1987,0,0,0,0,0,0,0,0,0,0
230174,2,1,1987,0,14,0,0,0,0,0,0,12,0
230175,1,1,1987,0,0,0,0,0,0,0,0,0,0
230176,1,1,1987,0,0,0,0,0,0,0,0,0,0
230176,2,1,1987,0,0,0,0,0,0,0,0,0,0
230177,1,1,1987,12,12,12,12,12,12,12,12,12,12
230178,1,1,1987,0,0,0,0,0,0,0,0,0,0
230178,2,1,1987,0,0,0,0,0,0,0,0,0,0
230179,0,1,1987,11,11,11,11,11,11,11,11,11,11
230179,1,1,1987,0,0,0,0,0,0,0,0,0,0
230180,1,1,1987,13,13,13,13,13,13,13,13,13,13
230181,1,1,1987,0,0,0,0,0,0,0,0,0,0
230181,2,1,1987,0,0,0,0,0,0,0,0,0,0
230182,1,1,1987,9,9,9,9,9,9,9,9,9,9
230183,1,1,1987,0,0,0,0,0,0,0,0,0,0
230183,2,1,1987,0,0,22,0,0,0,0,0,16,0
230184,0,1,1987,0,0,0,0,0,0,0,0,0,0
230184,1,1,1987,15,15,15,15,15,15,15,15,15,15
230185,1,1,1987,0,0,0,0,4,0,0,0,0,0
230185,2,1,1987,0,33,0,0,0,7,0,0,0,0
230186,1,1,1987,0,0,4,0,0,0,0,0,0,0
230186,2,1,1987,0,0,0,0,0,0,0,0,0,0
230187,1,1,1987,16,16,16,16,16,16,16,16,16,16
230188,1,1,1987,7,7,7,7,7,7,7,7,7,7
230189,1,1,1987,0,0,0,0,0,0,0,0,0,0
230190,1,1,1987,0,0,0,0,0,0,0,0,0,0
230190,2,1,1987,0,0,0,0,0,0,0,0,0,0
230191,1,1,1987,0,0,0,0,0,0,0,0,0,0
230192,0,1,1987,17,17,17,17,17,17,17,17,17,17
230192,1,1,1987,20,20,20,20,20,20,20,20,20,20
230193,1,1,1987,14,14,14,14,14,14,14,14,14,14
230194,1,1,1987,0,0,0,0,0,0,0,0,0,0
230194,2,1,1987,0,0,0,0,0,0,0,0,0,0
230195,1,1,1987,15,15,15,15,15,15,15,15,15,15
230195,2,1,1987,0,0,0,0,0,0,0,0,0,0
230196,1,1,1987,18,18,18,18,18,18,18,18,18,18
230197,0,1,1987,0,0,0,0,0,0,0,0,0,0
230197,1,1,1987,0,0,0,0,0,0,0,0,0,0
230198,1,1,1987,0,0,0,0,0,0,0,0,0,0
230198,2,1,1987,1,1,1,1,1,1,1,1,1,1
230199,1,1,1987,0,0,0,0,0,0,0,0,0,0
230199,2,1,1987,0,0,0,0,0,0,0,0,0,0
230200,0,1,1987,28,28,28,28,28,28,28,28,28,28
230200,1,1,1987,0,0,0,0,0,0,0,0,0,0
230201,1,1,1987,15,15,15,15,15,15,15,15,15,15
230202,1,1,1987,0,0,0,0,19,0,15,0,0,5
230203,1,1,1987,0,0,0,0,0,0,0,0,0,0
230204,1,1,1987,11,11,11,11,11,11,11,11,11,11
230205,1,1,1987,0,0,0,0,0,0,0,0,0,0
230206,1,1,1987,23,23,23,23,23,23,23,23,23,23
230207,0,1,1987,0,0,0,0,0,0,0,0,0,0
230207,1,1,1987,0,0,0,0,0,0,0,0,0,0
230208,1,1,1987,0,0,0,0,0,0,0,0,0,0
230208,2,1,1987,2,2,2,2,2,2,2,2,2,2
230209,1,1,1987,0,0,0,0,0,0,0,0,0,0
230209,2,1,1987,42,42,42,42,42,42,42,42,42,42
230210,0,1,1987,14,14,14,14,14,14,14,14,14,14
230210,0,2,1987,24,0,30,0,0,19,15,0,9,15
230210,1,1,1987,20,0,0,15,17,0,13,37,0,0
230211,1,1,1987,11,11,11,11,11,11,11,11,11,11
230211,2,1,1987,0,0,0,0,0,0,0,0,0,0
230212,1,1,1987,0,0,0,0,0,0,0,0,0,0
230212,2,1,1987,0,0,0,0,0,0,0,0,0,0
230212,3,1,1987,0,0,0,0,0,0,0,0,0,0
230213,1,1,1987,0,0,0,0,0,0,0,0,0,0
230213,2,1,1987,0,0,0,0,0,0,0,18,0,0
230213,3,1,1987,0,0,0,0,0,0,0,0,0,0
230214,1,1,1987,29,29,29,29,29,29,29,29,29,29
230215,0,1,1987,0,0,0,0,0,0,0,0,0,0