ST_CASE,VEH_NO,PER_NO,YEAR,P1,P2,P3,P4,P5,P6,P7,P8,P9,P10
230216,0,1,1987,0,14,0,0,0,15,0,0,15,0
230216,1,1,1987,0,0,0,0,0,0,0,0,0,0
230217,1,1,1987,0,0,0,0,0,27,0,0,0,0
230217,2,1,1987,0,0,0,0,0,0,0,0,0,0
230218,1,1,1987,3,3,3,3,3,3,3,3,3,3
240001,1,1,1987,0,0,0,0,0,11,0,0,0,0
240001,2,1,1987,22,22,22,22,22,22,22,22,22,22
240002,1,1,1987,20,20,20,20,20,20,20,20,20,20
240003,1,1,1987,8,14,16,0,9,10,14,21,15,7
240005,0,1,1987,0,0,0,0,0,0,0,0,0,0
240005,1,1,1987,0,0,0,0,0,0,0,0,14,0
240006,1,1,1987,0,0,0,0,0,0,0,0,0,0
240006,2,1,1987,14,0,0,8,4,0,0,0,0,0
240007,1,1,1987,0,0,0,0,0,0,0,0,0,0
240007,2,1,1987,0,0,0,0,0,0,0,0,0,0
240008,1,1,1987,0,0,0,0,0,0,0,0,0,0
240008,2,1,1987,0,0,0,0,0,0,0,0,0,0
240009,0,1,1987,0,7,7,0,0,0,0,0,16,33
240009,1,1,1987,0,0,0,0,0,0,0,0,0,0
240010,0,1,1987,11,11,11,11,11,11,11,11,11,11
240010,1,1,1987,0,0,0,0,0,0,0,0,0,0
240012,1,1,1987,0,0,0,0,0,0,0,0,0,0
240013,1,1,1987,23,23,23,23,23,23,23,23,23,23
240014,1,1,1987,0,0,0,0,0,0,0,0,0,0
240014,2,1,1987,0,0,0,0,0,0,0,0,0,0
240015,1,1,1987,0,0,0,17,0,0,0,0,8,0
240015,2,1,1987,0,0,0,0,0,0,0,0,0,0
240015,3,1,1987,0,0,0,0,2,0,0,0,0,0
240016,1,1,1987,0,0,0,0,0,0,0,0,0,0
240016,2,1,1987,0,0,0,0,0,0,0,0,0,0
240017,0,1,1987,0,0,0,0,0,0,0,0,0,0
240017,0,2,1987,0,0,0,0,0,0,0,0,0,0
240017,1,1,1987,6,6,6,6,6,6,6,6,6,6
240018,1,1,1987,0,0,0,0,0,0,0,0,0,0
240018,2,1,1987,0,0,0,0,0,0,0,0,0,0
240018,3,1,1987,0,0,0,0,0,0,0,0,0,0
240018,4,1,1987,0,0,0,0,0,0,0,0,0,0
240019,1,1,1987,16,12,7,14,11,19,16,14,5,4
240020,1,1,1987,20,10,11,9,26,19,5,18,6,7
240021,1,1,1987,0,0,0,0,0,0,0,0,0,0
240021,2,1,1987,0,0,0,0,0,0,0,0,0,0
240022,1,1,1987,16,25,12,12,13,18,13,17,17,9
240022,2,1,1987,11,11,11,11,11,11,11,11,11,11
240023,1,1,1987,19,0,0,0,0,0,0,0,0,0
240023,2,1,1987,28,28,28,28,28,28,28,28,28,28
240023,3,1,1987,0,0,0,0,0,0,0,0,0,0
240024,1,1,1987,10,10,10,10,10,10,10,10,10,10
240024,2,1,1987,0,0,0,0,19,0,0,0,0,0
240025,1,1,1987,0,0,0,0,0,0,0,0,0,0
240026,0,1,1987,0,0,0,0,0,0,0,0,0,0
240026,1,1,1987,0,0,0,0,0,0,0,0,0,0
240027,1,1,1987,12,12,12,12,12,12,12,12,12,12
240028,1,1,1987,4,4,4,4,4,4,4,4,4,4
240029,1,1,1987,13,18,0,0,8,0,23,0,0,0
240029,2,1,1987,0,0,0,0,0,0,0,24,0,0
240030,1,1,1987,0,0,0,0,0,0,0,0,0,0
240030,2,1,1987,0,0,0,0,0,0,0,0,0,0
240030,3,1,1987,0,0,0,0,0,0,0,0,0,0
240031,1,1,1987,0,0,0,0,0,0,0,0,0,0
240032,1,1,1987,0,0,0,0,0,0,0,0,0,0
240032,2,1,1987,0,0,0,0,0,0,0,0,0,0
240033,1,1,1987,0,0,0,0,0,0,0,0,0,0
240034,1,1,1987,0,0,0,0,21,0,0,0,0,0
240034,2,1,1987,0,0,0,0,0,0,0,0,0,0
240035,0,1,1987,0,0,0,0,0,0,0,0,0,0
240035,1,1,1987,0,0,0,0,0,0,0,0,0,0
240036,1,1,1987,0,0,0,0,0,0,0,0,0,0
240036,2,1,1987,0,0,0,0,0,0,0,0,0,0
240037,1,1,1987,0,0,0,0,0,0,0,0,0,0
240038,1,1,1987,25,25,25,25,25,25,25,25,25,25
240038,2,1,1987,8,8,8,8,8,8,8,8,8,8
240039,1,1,1987,26,26,26,26,26,26,26,26,26,26
240039,2,1,1987,0,0,0,0,0,0,0,0,0,0
240040,1,1,1987,0,0,0,0,0,0,0,0,0,0
240041,1,1,1987,39,19,23,15,13,16,12,6,28,9
240042,1,1,1987,0,0,0,0,0,0,0,0,0,0
240042,2,1,1987,0,0,0,0,0,0,0,0,0,0
240043,1,1,1987,0,0,0,0,0,0,0,0,0,0
240043,2,1,1987,0,0,0,0,0,0,0,0,0,0
240044,0,1,1987,1,1,1,1,1,1,1,1,1,1
240044,1,1,1987,0,11,0,0,15,19,0,0,26,10
240045,1,1,1987,0,0,0,0,0,0,0,0,0,0
240046,0,1,1987,0,0,0,0,0,0,0,0,0,0
240046,1,1,1987,0,0,0,0,0,0,0,0,0,0
240046,2,1,1987,0,0,0,0,0,0,0,0,0,0
240047,0,1,1987,1,1,1,1,1,1,1,1,1,1
240047,1,1,1987,0,0,0,6,0,0,0,0,0,0
240048,0,1,1987,0,0,0,0,0,0,0,0,0,0
240048,1,1,1987,19,10,12,19,21,12,30,15,14,8
240049,1,1,1987,0,0,0,0,0,0,0,0,0,0
240049,2,1,1987,0,0,0,0,0,0,0,0,0,0
240050,1,1,1987,0,0,0,16,5,21,0,0,0,0
240050,2,1,1987,0,0,5,0,0,0,0,0,0,0
240050,3,1,1987,0,0,0,0,0,0,0,0,0,0
240051,1,1,1987,0,0,0,0,0,0,0,0,0,0
240051,2,1,1987,0,0,0,0,0,0,0,0,0,0
240052,1,1,1987,0,0,0,0,0,0,0,0,0,0
240052,2,1,1987,25,25,25,25,25,25,25,25,25,25
240053,0,1,1987,0,0,0,0,0,0,0,0,0,0
240053,1,1,1987,0,0,0,0,0,0,0,0,0,0
240054,1,1,1987,0,0,0,0,0,0,0,0,0,0
240055,1,1,1987,0,0,0,0,0,0,0,0,0,0
240055,2,1,1987,0,0,0,0,0,0,0,0,0,0
240056,1,1,1987,0,0,0,0,0,0,0,0,0,0
240056,2,1,1987,13,13,13,13,13,13,13,13,13,13
240057,0,1,1987,0,0,0,0,0,0,0,0,0,0
240057,1,1,1987,0,0,0,0,0,0,11,0,0,0
240058,1,1,1987,17,17,17,17,17,17,17,17,17,17
240059,1,1,1987,9,24,19,15,15,9,20,20,18,16
240059,2,1,1987,17,18,6,15,20,24,17,9,17,11
240060,1,1,1987,10,10,10,10,10,10,10,10,10,10
240061,1,1,1987,0,0,0,0,0,0,0,0,0,0
240062,0,1,1987,10,10,10,10,10,10,10,10,10,10
240062,1,1,1987,0,0,0,0,0,0,0,10,0,0
240063,1,1,1987,0,0,0,0,0,0,0,0,0,0
240063,2,1,1987,18,18,18,18,18,18,18,18,18,18
240064,0,1,1987,17,17,17,17,17,17,17,17,17,17
240064,1,1,1987,6,0,0,0,0,0,0,0,0,0
240065,1,1,1987,0,0,0,0,0,0,0,0,0,0
240065,2,1,1987,0,0,0,0,0,0,0,0,0,0
240066,1,1,1987,2,2,2,2,2,2,2,2,2,2
240066,2,1,1987,22,22,22,22,22,22,22,22,22,22
240067,1,1,1987,0,0,0,0,0,0,0,0,0,0
240067,2,1,1987,0,0,0,0,0,0,0,0,0,0
240068,1,1,1987,17,0,0,0,0,0,0,0,0,0
240068,2,1,1987,0,0,0,0,0,0,0,0,0,0
240069,1,1,1987,4,4,4,4,4,4,4,4,4,4
240069,2,1,1987,0,0,0,0,0,0,0,0,0,0
240070,0,1,1987,0,0,0,0,0,0,0,0,0,0
240070,1,1,1987,0,0,0,0,0,0,0,0,0,0
240071,1,1,1987,0,0,0,0,0,0,0,0,0,0
240072,0,1,1987,0,0,0,0,0,0,0,0,0,0
240072,1,1,1987,0,0,0,0,0,0,0,0,0,0
240073,1,1,1987,0,0,0,0,0,0,0,0,0,0
240073,2,1,1987,0,0,0,0,0,0,0,0,0,0
240073,3,1,1987,0,0,0,0,0,0,0,0,0,0
240073,4,1,1987,0,0,0,0,0,0,0,0,0,0
240074,0,1,1987,0,0,0,0,0,0,0,0,0,0
240074,1,1,1987,4,4,4,4,4,4,4,4,4,4
240075,1,1,1987,0,0,0,0,0,0,0,0,0,0
240075,2,1,1987,0,0,0,0,0,0,0,0,0,0
240075,3,1,1987,0,0,0,0,0,0,0,0,0,0
240076,1,1,1987,0,0,0,0,0,0,0,0,0,0
240076,2,1,1987,0,0,0,0,0,0,0,0,0,0
240077,1,1,1987,0,0,0,0,0,0,0,0,20,0
240077,2,1,1987,0,0,0,0,0,0,0,0,0,0
240078,1,1,1987,6,8,5,4,18,11,13,0,9,8
240079,1,1,1987,0,0,0,0,0,0,0,0,0,0
240080,1,1,1987,15,15,15,15,15,15,15,15,15,15
240081,0,1,1987,0,0,0,0,0,0,0,0,0,0
240081,1,1,1987,14,13,9,12,13,18,15,0,7,13
240082,1,1,1987,0,0,0,0,0,0,2,0,0,0
240082,2,1,1987,0,0,0,0,0,0,0,0,0,0
240083,1,1,1987,0,0,0,0,0,0,0,0,0,0
240084,0,1,1987,0,0,0,0,0,0,0,0,0,0
240084,1,1,1987,0,0,0,0,0,0,0,0,0,0
240086,0,1,1987,0,0,0,0,0,0,0,0,0,0
240086,1,1,1987,4,0,0,10,0,0,0,0,0,0
240087,1,1,1987,17,17,17,17,17,17,17,17,17,17
240089,1,1,1987,8,8,8,8,8,8,8,8,8,8
240089,2,1,1987,0,0,0,0,0,0,0,0,0,0
240089,3,1,1987,0,0,0,0,0,12,0,0,0,0
240089,4,1,1987,0,0,0,10,0,0,0,0,0,0
240090,1,1,1987,0,0,0,0,0,0,0,0,0,0
240091,1,1,1987,22,22,22,22,22,22,22,22,22,22
240091,2,1,1987,0,0,0,0,0,0,0,0,0,0
240092,0,1,1987,0,0,0,0,0,0,0,0,0,12
240092,1,1,1987,0,0,8,0,0,0,0,17,0,0
240093,1,1,1987,0,0,0,0,0,0,0,0,0,0
240093,2,1,1987,0,0,0,0,0,0,0,0,0,0
240094,1,1,1987,0,0,0,0,0,0,0,0,0,0
240094,2,1,1987,14,14,14,14,14,14,14,14,14,14
240095,1,1,1987,0,0,0,0,0,0,0,0,0,0
240095,2,1,1987,0,0,0,0,0,0,0,0,0,0
240096,1,1,1987,0,0,0,0,0,0,0,0,0,0
240096,2,1,1987,0,0,0,0,0,0,0,0,0,0
240097,1,1,1987,0,0,0,8,0,7,0,0,0,0
240098,1,1,1987,0,0,0,0,0,0,0,0,13,0
240099,0,1,1987,21,21,21,21,21,21,21,21,21,21
240099,1,1,1987,9,21,0,0,0,0,0,0,14,0
240100,1,1,1987,0,17,0,0,0,25,0,13,0,0
240101,1,1,1987,0,0,0,0,0,0,0,0,0,0
240102,0,1,1987,0,0,0,0,0,0,0,0,0,0
240102,1,1,1987,0,0,0,0,0,0,0,0,0,0
240103,1,1,1987,0,10,13,16,3,14,17,11,18,5
240104,0,1,1987,21,21,21,21,21,21,21,21,21,21
240104,1,1,1987,0,0,0,0,0,0,0,0,0,0
240105,1,1,1987,19,0,0,0,0,0,0,0,0,0
240105,2,1,1987,0,0,7,17,0,0,12,8,17,8
240106,0,1,1987,30,30,30,30,30,30,30,30,30,30
240106,1,1,1987,0,17,0,0,0,0,0,0,0,0
240107,1,1,1987,0,0,0,0,0,0,0,0,0,0
240107,2,1,1987,0,0,0,0,0,0,0,0,0,0
240108,1,1,1987,34,34,34,34,34,34,34,34,34,34
240109,1,1,1987,22,22,22,22,22,22,22,22,22,22
240110,1,1,1987,0,0,0,0,0,0,0,0,0,0
240110,2,1,1987,0,0,0,0,0,0,0,0,0,0
240111,0,1,1987,0,0,0,0,0,0,0,0,0,0
240111,1,1,1987,0,0,0,0,0,0,0,0,0,0
240112,1,1,1987,0,0,0,0,0,0,0,0,0,0
240112,2,1,1987,0,0,0,26,0,0,0,0,0,0
240113,1,1,1987,0,0,0,0,0,0,0,0,0,0
240114,0,1,1987,28,28,28,28,28,28,28,28,28,28
240114,1,1,1987,4,28,8,4,13,6,11,10,14,8
240115,1,1,1987,16,16,16,16,16,16,16,16,16,16
240116,0,1,1987,2,2,2,2,2,2,2,2,2,2
240116,1,1,1987,0,15,0,0,0,0,0,0,2,25
240117,1,1,1987,3,3,3,3,3,3,3,3,3,3
240117,2,1,1987,0,0,0,0,0,0,0,0,0,0
240117,3,1,1987,0,0,0,0,0,0,0,0,0,0
240118,1,1,1987,0,0,0,0,0,0,0,0,0,0
240118,2,1,1987,0,0,0,0,0,0,0,0,0,0
240119,1,1,1987,0,0,0,19,0,0,0,0,0,0
240119,2,1,1987,0,0,0,0,0,0,0,0,0,0
240120,1,1,1987,15,15,15,15,15,15,15,15,15,15
240120,2,1,1987,0,0,0,0,0,0,0,0,0,0
240121,1,1,1987,0,0,0,0,0,0,0,0,0,0
240121,2,1,1987,0,0,0,0,0,0,0,0,0,0
240122,0,1,1987,0,0,0,0,0,0,0,0,0,0
240122,1,1,1987,0,0,0,0,0,0,0,0,0,0
240123,1,1,1987,0,0,0,0,0,0,0,0,0,0
240123,2,1,1987,0,0,0,0,0,0,0,0,0,0
240124,1,1,1987,0,22,11,0,32,15,0,5,0,0
240124,2,1,1987,22,22,22,22,22,22,22,22,22,22
240125,1,1,1987,6,6,6,6,6,6,6,6,6,6
240125,2,1,1987,0,0,0,0,0,0,0,0,0,0
240125,3,1,1987,0,0,0,0,0,0,0,6,0,20
240126,1,1,1987,0,0,10,0,0,0,0,0,0,0
240127,0,1,1987,22,22,22,22,22,22,22,22,22,22
240127,1,1,1987,4,4,4,4,4,4,4,4,4,4
240128,1,1,1987,22,22,22,22,22,22,22,22,22,22
240129,1,1,1987,0,0,0,0,0,0,0,0,0,0
240129,2,1,1987,0,0,0,0,0,0,0,0,0,0
240130,1,1,1987,6,6,6,6,6,6,6,6,6,6
240131,1,1,1987,21,21,21,21,21,21,21,21,21,21
240132,1,1,1987,18,18,18,18,18,18,18,18,18,18
240132,2,1,1987,0,0,0,14,0,0,0,0,0,0
240133,0,1,1987,0,0,0,0,0,0,0,0,0,0
240133,1,1,1987,0,0,0,0,0,0,0,0,0,0
240134,1,1,1987,9,31,0,23,23,14,0,10,31,0
240135,1,1,1987,0,0,0,0,0,0,0,0,0,0
240135,2,1,1987,0,0,0,0,0,0,0,0,0,0
240136,1,1,1987,0,0,0,0,0,0,0,0,0,0
240136,2,1,1987,0,0,0,0,0,0,0,0,0,0
240136,3,1,1987,0,0,0,0,0,0,0,0,0,0
240137,1,1,1987,0,0,0,0,0,0,0,0,0,0
240138,1,1,1987,0,0,0,0,0,0,0,0,0,0
240139,1,1,1987,0,0,0,0,0,0,0,0,0,0
240140,1,1,1987,0,0,0,0,0,0,0,0,0,0
240140,2,1,1987,0,0,0,0,0,0,0,0,0,0
240141,1,1,1987,0,0,0,0,0,0,0,0,0,0
240142,1,1,1987,0,0,0,0,0,0,0,0,0,0
240142,2,1,1987,0,0,0,0,0,0,0,0,0,0
240143,1,1,1987,15,0,0,3,0,0,8,0,0,0
240143,2,1,1987,20,20,20,20,20,20,20,20,20,20
240144,0,1,1987,0,0,0,0,0,0,0,0,0,0
240144,1,1,1987,13,10,18,0,17,0,0,0,21,0
240144,2,1,1987,0,0,0,0,0,0,0,0,0,0
240145,1,1,1987,21,21,21,21,21,21,21,21,21,21
240146,1,1,1987,0,0,0,0,0,0,0,0,0,0
240146,2,1,1987,9,15,18,17,31,24,9,18,14,0
240147,1,1,1987,0,0,0,0,0,0,0,0,0,0
240147,2,1,1987,0,0,0,0,0,0,0,0,0,0
240148,1,1,1987,0,0,0,0,0,0,0,0,0,0
240148,2,1,1987,0,0,0,0,0,0,0,0,0,0
240149,1,1,1987,0,0,0,0,0,0,0,0,0,0
240150,1,1,1987,21,21,21,21,21,21,21,21,21,21
240151,1,1,1987,0,0,0,0,0,0,0,0,0,0
240152,1,1,1987,4,4,4,4,4,4,4,4,4,4
240153,1,1,1987,1,1,1,1,1,1,1,1,1,1
240154,1,1,1987,0,0,0,0,0,0,0,0,0,0
240154,2,1,1987,0,0,0,0,0,0,0,0,0,0
240154,3,1,1987,0,0,0,0,0,0,0,0,0,0
240155,0,1,1987,0,0,0,0,5,0,0,0,0,0
240155,1,1,1987,0,0,0,0,0,0,0,0,0,0
240156,1,1,1987,17,17,17,17,17,17,17,17,17,17
240157,1,1,1987,0,0,0,0,0,0,0,0,0,0
240157,2,1,1987,24,24,24,24,24,24,24,24,24,24
240158,1,1,1987,8,0,0,0,0,11,12,0,0,0
240158,2,1,1987,0,0,0,0,0,0,0,0,0,0
240159,1,1,1987,5,5,5,5,5,5,5,5,5,5
240159,2,1,1987,0,0,0,0,0,0,0,0,0,0
240160,1,1,1987,35,35,35,35,35,35,35,35,35,35
240161,1,1,1987,15,15,15,15,15,15,15,15,15,15
240162,1,1,1987,0,0,14,0,0,0,0,0,0,0
240162,2,1,1987,13,13,13,13,13,13,13,13,13,13
240163,1,1,1987,22,22,22,22,22,22,22,22,22,22
240164,1,1,1987,26,26,26,26,26,26,26,26,26,26
240164,2,1,1987,0,0,0,0,0,0,0,0,0,0
240165,1,1,1987,0,0,0,0,0,0,0,0,0,0
240165,2,1,1987,0,0,0,0,22,0,0,0,0,0
240166,1,1,1987,9,11,10,12,0,13,6,9,20,15
240166,2,1,1987,0,0,0,0,0,25,0,0,0,0
240167,1,1,1987,14,14,14,14,14,14,14,14,14,14
240168,0,1,1987,0,0,0,0,0,0,0,0,0,0
240168,1,1,1987,0,0,0,0,0,0,0,0,0,0
240169,1,1,1987,0,0,0,0,0,0,0,0,0,0
240170,0,1,1987,0,0,0,0,0,0,0,0,0,0
240170,1,1,1987,12,14,14,20,12,8,10,22,24,3
240171,1,1,1987,21,21,21,21,21,21,21,21,21,21
240171,2,1,1987,0,0,0,0,0,0,0,0,0,0
240171,3,1,1987,0,0,0,0,0,0,0,0,0,0
240172,1,1,1987,0,0,0,0,13,0,0,0,0,0
240173,1,1,1987,18,18,18,18,18,18,18,18,18,18
240174,1,1,1987,0,0,0,0,0,0,0,0,0,0
240174,2,1,1987,0,0,0,0,0,0,0,0,0,0
240175,1,1,1987,12,12,12,12,12,12,12,12,12,12
240175,2,1,1987,0,0,0,0,0,22,0,0,0,0
240176,1,1,1987,0,0,0,0,0,0,0,0,0,0
240176,2,1,1987,0,0,0,0,0,0,0,25,0,0
240177,1,1,1987,3,3,3,3,3,3,3,3,3,3
240178,1,1,1987,0,0,0,0,0,0,0,0,0,0
240178,2,1,1987,0,0,0,0,0,0,0,0,0,0
240179,1,1,1987,0,0,0,0,0,0,0,0,0,0
240180,1,1,1987,0,0,0,0,0,0,0,0,0,13
240180,2,1,1987,17,17,17,17,17,17,17,17,17,17
240181,1,1,1987,18,18,18,18,18,18,18,18,18,18
240182,0,1,1987,23,23,23,23,23,23,23,23,23,23
240182,1,1,1987,0,18,36,21,0,0,0,0,36,19
240184,0,1,1987,0,0,0,0,0,0,0,0,0,0
240184,1,1,1987,0,0,0,0,0,0,0,0,0,0
240185,1,1,1987,0,0,0,0,10,0,0,0,0,0
240185,2,1,1987,0,0,0,0,0,0,0,0,0,0
240186,1,1,1987,0,0,0,0,0,0,0,0,0,20
240187,1,1,1987,5,5,5,5,5,5,5,5,5,5
240188,1,1,1987,0,0,0,0,0,0,0,0,0,0
240188,2,1,1987,0,0,0,0,0,0,0,0,0,0
240189,1,1,1987,27,27,27,27,27,27,27,27,27,27
240190,1,1,1987,21,17,12,0,18,0,0,10,14,0
240191,1,1,1987,12,12,12,12,12,12,12,12,12,12
240192,0,1,1987,31,31,31,31,31,31,31,31,31,31
240192,1,1,1987,16,0,0,23,11,16,9,0,0,10
240193,1,1,1987,0,0,9,0,0,0,0,0,14,0
240194,1,1,1987,27,23,17,21,16,24,15,34,17,16
240195,0,1,1987,0,0,0,0,0,0,0,0,0,0
240195,1,1,1987,0,0,0,28,0,0,0,0,0,0
240195,2,1,1987,0,0,0,0,0,0,0,0,0,0
240195,3,1,1987,0,0,0,0,0,0,0,0,0,0
240196,1,1,1987,0,0,0,0,0,0,0,0,0,0
240197,1,1,1987,13,13,13,13,13,13,13,13,13,13
240198,1,1,1987,0,0,0,0,0,0,0,0,0,0
240199,1,1,1987,20,20,20,20,20,20,20,20,20,20
240200,1,1,1987,0,0,16,0,0,13,0,18,0,0
240201,1,1,1987,16,29,18,24,8,12,14,19,11,21
240201,2,1,1987,0,0,0,0,0,0,0,0,0,0
240202,1,1,1987,16,16,16,16,16,16,16,16,16,16
240203,1,1,1987,0,0,0,0,0,0,0,0,0,0
240204,1,1,1987,0,0,0,0,0,0,0,0,0,0
240204,2,1,1987,0,0,0,0,0,0,0,0,9,0
240205,1,1,1987,5,14,14,0,16,0,12,17,13,14
240206,1,1,1987,0,0,0,0,0,0,0,0,0,0
240207,1,1,1987,6,6,6,6,6,6,6,6,6,6
240208,0,1,1987,22,22,22,22,22,22,22,22,22,22
240208,1,1,1987,0,0,0,0,0,0,0,20,0,0
240209,1,1,1987,0,0,0,0,0,0,0,0,0,0
240209,2,1,1987,0,0,0,0,0,0,0,0,0,0
240210,1,1,1987,25,25,25,25,25,25,25,25,25,25
240211,0,1,1987,0,0,2,0,14,0,7,0,0,0
240211,1,1,1987,0,0,0,0,0,0,0,0,0,0
240212,1,1,1987,0,0,0,0,0,0,0,0,0,0
240212,2,1,1987,0,0,0,0,0,0,0,0,0,0
240213,1,1,1987,0,0,0,0,0,0,0,0,0,0
240213,2,1,1987,0,0,0,0,0,20,0,0,0,0
240214,1,1,1987,0,0,33,0,0,0,0,0,0,0
240214,2,1,1987,0,0,0,0,0,0,0,0,0,0
240216,1,1,1987,0,0,0,0,0,0,0,0,0,0
240216,2,1,1987,6,6,6,6,6,6,6,6,6,6
240217,1,1,1987,13,13,13,13,13,13,13,13,13,13
240218,1,1,1987,0,0,0,0,0,0,0,0,0,0
240219,1,1,1987,0,0,0,0,0,0,0,0,0,0
240219,2,1,1987,0,0,0,0,0,0,0,0,0,0
240219,3,1,1987,0,0,0,0,0,0,0,0,0,0
240220,0,1,1987,0,0,0,0,0,0,0,0,0,0
240220,1,1,1987,0,0,0,0,0,0,0,0,0,0
240221,1,1,1987,0,0,0,0,0,0,0,0,0,0
240221,2,1,1987,0,24,0,0,0,0,0,7,0,0
240222,1,1,1987,0,0,0,0,0,0,0,0,0,0
240222,2,1,1987,0,0,0,0,0,0,0,0,0,0
240223,1,1,1987,0,0,0,0,0,0,0,0,0,0
240223,2,1,1987,2,2,2,2,2,2,2,2,2,2
240224,1,1,1987,30,30,30,30,30,30,30,30,30,30
240224,2,1,1987,0,0,0,0,0,0,0,0,0,0
240225,1,1,1987,19,19,19,19,19,19,19,19,19,19
240225,2,1,1987,0,23,7,15,0,19,0,0,23,0
240226,1,1,1987,0,0,0,0,0,0,0,0,0,0
240227,1,1,1987,0,0,0,12,0,0,0,0,0,0
240227,2,1,1987,13,0,0,0,16,0,0,0,0,0
240228,1,1,1987,0,0,0,0,0,0,0,0,0,0
240228,2,1,1987,0,0,0,0,0,0,0,0,0,0
240229,1,1,1987,15,6,11,21,7,18,8,0,15,5
240230,1,1,1987,3,3,3,3,3,3,3,3,3,3
240230,2,1,1987,7,7,7,7,7,7,7,7,7,7
240230,3,1,1987,0,0,0,0,0,0,0,0,0,0
240231,1,1,1987,12,13,13,5,2,20,11,15,17,13
240232,1,1,1987,27,27,27,27,27,27,27,27,27,27
240232,2,1,1987,0,0,0,0,0,5,0,0,0,0
240233,1,1,1987,13,13,13,13,13,13,13,13,13,13
240234,0,1,1987,21,21,21,21,21,21,21,21,21,21
240234,1,1,1987,0,23,61,0,20,21,0,7,0,0
240235,1,1,1987,0,0,0,0,0,0,0,0,0,0
240236,1,1,1987,0,0,0,0,0,0,0,0,0,0
240236,2,1,1987,0,0,0,0,0,0,0,0,0,0
240237,1,1,1987,0,0,0,0,0,0,0,0,0,0
240238,1,1,1987,24,24,24,24,24,24,24,24,24,24
240238,2,1,1987,12,12,14,13,10,0,17,16,1,24
240239,1,1,1987,0,0,0,0,0,0,0,0,0,0
240239,2,1,1987,0,0,0,0,0,0,0,0,0,0
240240,1,1,1987,16,16,16,16,16,16,16,16,16,16
240241,0,1,1987,31,31,31,31,31,31,31,31,31,31
240241,1,1,1987,5,5,5,5,5,5,5,5,5,5
240242,0,1,1987,11,11,11,11,11,11,11,11,11,11
240242,0,2,1987,0,6,0,13,0,0,0,0,16,22
240242,1,1,1987,0,0,0,0,0,0,0,0,0,0
240242,2,1,1987,0,8,0,0,0,0,21,17,13,0
240242,3,1,1987,0,16,0,9,0,0,13,0,0,0
240243,1,1,1987,0,0,0,0,0,0,0,0,0,0
240243,2,1,1987,11,0,0,0,0,0,0,0,0,0
240244,1,1,1987,0,0,5,0,0,0,0,0,0,0
240244,2,1,1987,0,0,0,0,0,0,0,0,0,0
240245,0,1,1987,0,0,0,0,0,0,0,0,0,0
240245,0,2,1987,0,0,27,0,0,0,0,4,0,0
240245,1,1,1987,14,8,13,9,5,18,6,17,5,16
240246,1,1,1987,19,19,19,19,19,19,19,19,19,19
240247,1,1,1987,0,0,0,0,0,0,0,0,0,0
240247,2,1,1987,0,0,0,10,0,0,0,0,0,0
240248,1,1,1987,34,34,34,34,34,34,34,34,34,34
240249,1,1,1987,0,0,0,0,0,0,0,0,0,0
240250,0,1,1987,0,0,0,0,0,0,0,0,0,0
240250,0,2,1987,10,0,31,4,0,0,24,27,7,0
240250,1,1,1987,14,0,0,32,6,0,0,17,0,24
240251,1,1,1987,28,28,28,28,28,28,28,28,28,28
240251,2,1,1987,0,0,0,0,0,0,0,14,17,0
240251,3,1,1987,0,0,0,0,0,0,0,0,0,0
240251,4,1,1987,0,0,0,0,0,0,0,0,0,0
240252,1,1,1987,0,0,0,0,0,0,0,0,0,0
240254,0,1,1987,23,23,23,23,23,23,23,23,23,23
240254,0,2,1987,9,0,11,12,0,0,16,44,0,0
240254,1,1,1987,0,0,0,0,0,0,0,0,0,0
240255,1,1,1987,0,0,0,0,0,0,0,0,0,0
240255,2,1,1987,4,6,22,13,7,11,7,8,9,0
240256,1,1,1987,0,0,0,0,0,0,0,0,0,0
240257,1,1,1987,0,0,0,0,0,0,0,0,0,0
240257,2,1,1987,0,0,0,0,0,0,0,0,0,0
240258,1,1,1987,0,0,0,0,0,0,0,0,0,0
240258,2,1,1987,0,0,0,0,0,0,0,0,0,0
240259,0,1,1987,1,1,1,1,1,1,1,1,1,1
240259,1,1,1987,0,0,0,0,0,0,0,0,0,0
240260,1,1,1987,10,10,10,10,10,10,10,10,10,10
240261,1,1,1987,0,0,0,0,0,11,0,21,0,0
240262,1,1,1987,5,5,11,22,0,12,8,18,29,13
240263,1,1,1987,1,1,1,1,1,1,1,1,1,1
240263,2,1,1987,6,6,6,6,6,6,6,6,6,6
240264,1,1,1987,6,6,6,6,6,6,6,6,6,6
240264,2,1,1987,0,0,0,0,0,0,0,0,0,0
240265,1,1,1987,12,12,12,12,12,12,12,12,12,12
240265,2,1,1987,0,0,0,0,18,0,0,17,17,0
240266,1,1,1987,0,0,0,0,0,0,0,0,0,0
240267,1,1,1987,0,14,0,0,0,0,0,0,0,0
240267,2,1,1987,0,0,0,0,0,0,0,17,0,0
240267,3,1,1987,0,0,0,0,0,0,0,0,0,0
240268,1,1,1987,14,14,14,14,14,14,14,14,14,14
240269,1,1,1987,0,0,0,22,0,0,0,0,0,0
240269,2,1,1987,0,0,0,0,0,0,0,0,0,0
240270,1,1,1987,0,0,0,0,0,0,0,0,0,0