ST_CASE,VEH_NO,PER_NO,YEAR,P1,P2,P3,P4,P5,P6,P7,P8,P9,P10
240270,2,1,1987,0,0,0,0,0,0,0,0,0,0
240271,1,1,1987,0,0,0,0,0,0,0,0,0,0
240272,1,1,1987,0,0,0,0,0,0,0,0,0,0
240272,2,1,1987,0,0,0,0,0,0,0,0,0,0
240273,1,1,1987,0,0,0,0,0,0,0,0,0,0
240273,2,1,1987,0,0,0,0,0,0,0,0,0,0
240274,1,1,1987,0,0,0,0,0,0,0,0,0,0
240274,2,1,1987,0,0,0,0,0,0,0,0,0,0
240275,1,1,1987,0,0,0,0,0,0,0,0,0,0
240275,2,1,1987,0,0,0,0,0,0,0,0,0,0
240276,1,1,1987,9,13,9,10,4,9,5,21,10,14
240276,2,1,1987,0,0,0,0,0,0,0,27,13,0
240277,1,1,1987,0,0,0,0,0,0,0,0,0,0
240277,2,1,1987,0,0,0,0,0,0,0,0,0,0
240278,1,1,1987,18,18,18,18,18,18,18,18,18,18
240278,2,1,1987,0,0,0,0,0,0,0,0,0,0
240278,3,1,1987,0,0,0,0,0,0,0,0,0,0
240279,1,1,1987,38,43,13,18,0,0,0,0,41,0
240279,2,1,1987,0,9,33,18,0,10,0,0,0,0
240280,1,1,1987,18,18,18,18,18,18,18,18,18,18
240280,2,1,1987,0,0,0,0,0,0,0,0,0,0
240281,0,1,1987,0,0,0,0,0,0,0,0,0,0
240281,1,1,1987,21,21,21,21,21,21,21,21,21,21
240282,1,1,1987,0,0,0,0,0,0,0,0,0,0
240283,1,1,1987,0,0,0,0,3,16,0,0,16,16
240284,1,1,1987,0,0,0,0,0,0,0,0,0,0
240284,2,1,1987,0,0,0,0,0,0,0,0,0,0
240284,3,1,1987,0,0,0,0,0,0,0,0,0,0
240285,1,1,1987,0,0,0,0,0,0,0,0,0,0
240285,2,1,1987,0,0,0,0,0,0,0,0,0,0
240286,1,1,1987,0,0,0,0,4,0,0,0,0,0
240286,2,1,1987,0,0,0,0,0,0,0,0,0,0
240287,0,1,1987,0,0,0,0,0,0,0,0,0,0
240287,1,1,1987,0,0,0,0,0,0,0,0,0,0
240288,1,1,1987,0,0,0,0,0,0,0,0,0,0
240289,1,1,1987,0,0,0,0,0,0,0,0,36,0
240290,1,1,1987,0,0,0,0,0,0,0,0,0,0
240290,2,1,1987,0,5,5,17,13,9,0,0,0,0
240291,1,1,1987,0,0,0,0,0,0,0,0,0,0
240291,2,1,1987,0,0,0,0,0,0,0,0,7,0
240292,1,1,1987,0,0,0,0,0,0,0,0,0,0
240292,2,1,1987,0,0,0,0,0,0,0,0,0,0
240293,1,1,1987,0,0,0,0,0,0,0,0,0,0
240293,2,1,1987,0,0,0,0,0,0,0,0,0,0
240294,1,1,1987,0,0,0,0,0,0,0,0,0,0
240294,2,1,1987,0,0,0,0,0,0,0,0,0,0
240295,1,1,1987,0,0,0,0,0,0,0,0,0,0
240295,2,1,1987,0,8,8,0,22,6,0,6,5,0
240296,0,1,1987,0,0,0,0,0,0,0,0,0,0
240296,1,1,1987,0,27,0,0,12,15,0,25,18,9
240298,1,1,1987,0,0,0,0,0,0,0,0,0,0
240299,0,1,1987,0,0,0,0,0,0,0,0,0,0
240299,1,1,1987,0,0,0,0,0,0,0,0,0,0
240300,1,1,1987,0,0,0,0,0,0,0,0,0,0
240300,2,1,1987,11,4,10,4,16,9,17,9,0,16
240302,1,1,1987,18,18,18,18,18,18,18,18,18,18
240302,2,1,1987,0,0,0,0,0,0,0,0,0,18
240302,3,1,1987,14,14,14,14,14,14,14,14,14,14
240303,1,1,1987,0,0,0,0,0,0,0,0,0,0
240303,2,1,1987,0,0,0,0,0,0,0,0,12,0
240303,3,1,1987,0,0,0,0,0,0,17,0,0,0
240304,1,1,1987,22,0,16,22,14,15,30,0,14,5
240305,0,1,1987,0,0,0,0,0,0,0,0,0,0
240305,1,1,1987,0,0,0,0,0,0,0,0,0,0
240306,1,1,1987,0,0,0,0,7,0,0,0,20,0
240306,2,1,1987,0,0,0,0,0,0,0,0,0,0
240307,0,1,1987,0,0,0,0,0,0,0,0,0,0
240307,1,1,1987,0,0,0,0,0,0,0,0,0,0
240308,1,1,1987,0,0,0,0,0,0,0,0,0,0
240308,2,1,1987,0,0,0,0,0,0,0,0,0,0
240309,1,1,1987,12,12,12,12,12,12,12,12,12,12
240310,1,1,1987,0,0,0,0,0,0,0,0,0,0
240311,1,1,1987,0,0,0,0,0,0,0,0,0,0
240311,2,1,1987,0,0,0,0,0,0,0,0,0,0
240312,1,1,1987,0,0,0,0,0,0,0,0,0,0
240312,2,1,1987,0,0,0,0,0,0,0,0,0,0
240313,1,1,1987,0,0,0,0,0,0,0,0,0,0
240314,0,1,1987,0,0,0,0,0,0,0,0,0,0
240314,0,2,1987,0,0,0,0,0,0,0,0,0,0
240314,1,1,1987,0,10,0,0,0,0,0,0,0,0
240315,1,1,1987,19,19,19,19,19,19,19,19,19,19
240315,2,1,1987,0,0,0,18,0,23,0,0,0,0
240316,1,1,1987,9,0,0,0,24,0,0,0,4,19
240317,0,1,1987,17,17,17,17,17,17,17,17,17,17
240317,1,1,1987,15,7,18,24,5,12,15,18,19,15
240318,1,1,1987,0,0,7,0,0,0,0,0,0,0
240318,2,1,1987,0,0,0,0,0,0,0,14,0,0
240319,1,1,1987,21,21,21,21,21,21,21,21,21,21
240320,0,1,1987,0,0,0,0,0,0,0,0,0,0
240320,0,2,1987,2,16,0,0,0,0,8,0,0,0
240320,0,3,1987,6,0,12,0,0,0,0,14,0,8
240320,1,1,1987,0,0,0,10,0,0,0,0,6,0
240321,1,1,1987,0,0,0,0,10,10,0,0,0,0
240321,2,1,1987,0,0,0,0,0,0,0,0,0,0
240323,1,1,1987,0,0,0,0,0,0,0,0,0,0
240324,1,1,1987,17,17,17,17,17,17,17,17,17,17
240325,0,1,1987,0,0,0,0,0,0,0,0,0,0
240325,1,1,1987,9,9,0,9,34,11,24,0,8,21
240326,0,1,1987,0,0,0,0,0,0,0,0,0,0
240326,1,1,1987,16,8,0,0,0,0,19,0,0,0
240327,0,1,1987,0,0,0,0,0,0,0,0,0,0
240327,1,1,1987,15,15,15,15,15,15,15,15,15,15
240328,0,1,1987,3,3,3,3,3,3,3,3,3,3
240328,1,1,1987,0,0,0,0,0,0,0,0,0,0
240329,1,1,1987,0,0,0,0,0,0,0,0,0,0
240329,2,1,1987,0,0,0,0,0,0,0,0,0,0
240334,1,1,1987,0,0,0,0,0,0,0,0,0,0
240334,2,1,1987,0,0,0,0,0,0,0,0,0,0
240335,1,1,1987,0,0,0,0,0,0,0,0,0,0
240335,2,1,1987,0,7,0,0,0,0,0,0,0,0
240335,3,1,1987,0,0,0,0,0,0,0,0,0,0
240336,1,1,1987,0,0,0,0,0,0,0,0,0,0
240337,0,1,1987,0,0,0,0,0,0,0,0,0,0
240337,1,1,1987,0,0,0,0,0,11,0,0,29,0
240338,1,1,1987,19,19,19,19,19,19,19,19,19,19
240339,1,1,1987,0,0,0,0,0,11,0,0,0,13
240340,0,1,1987,5,5,5,5,5,5,5,5,5,5
240340,1,1,1987,0,0,0,0,0,0,0,0,0,0
240341,0,1,1987,43,0,0,0,0,0,0,0,0,0
240341,1,1,1987,0,0,0,0,0,0,0,0,0,0
240342,0,1,1987,0,0,0,0,0,0,0,0,0,0
240342,1,1,1987,0,17,18,0,0,0,0,0,11,0
240342,2,1,1987,0,0,0,0,0,20,0,0,0,0
240343,1,1,1987,16,16,16,16,16,16,16,16,16,16
240344,1,1,1987,0,0,0,0,0,0,0,0,0,0
240345,1,1,1987,0,0,0,0,0,0,0,0,0,0
240346,0,1,1987,0,0,0,0,0,0,0,0,0,0
240346,1,1,1987,0,0,0,0,0,0,0,0,0,0
240347,0,1,1987,0,0,0,0,0,0,0,0,0,0
240347,1,1,1987,20,0,0,0,0,17,0,0,12,0
240348,1,1,1987,0,0,0,0,0,0,0,0,0,0
240349,0,1,1987,0,0,0,0,0,0,0,0,0,0
240349,1,1,1987,0,0,0,0,0,0,0,0,0,9
240350,1,1,1987,6,6,6,6,6,6,6,6,6,6
240351,0,1,1987,26,26,26,26,26,26,26,26,26,26
240351,1,1,1987,1,1,1,1,1,1,1,1,1,1
240352,1,1,1987,33,33,33,33,33,33,33,33,33,33
240353,1,1,1987,7,7,7,7,7,7,7,7,7,7
240354,0,1,1987,0,0,0,0,0,0,0,0,0,0
240354,1,1,1987,0,14,14,0,0,0,0,0,15,14
240355,1,1,1987,0,0,0,0,0,0,0,0,0,0
240355,2,1,1987,0,0,0,0,0,0,0,0,0,0
240356,1,1,1987,0,0,0,0,0,0,0,0,0,0
240356,2,1,1987,0,0,0,0,0,0,0,0,0,0
240357,1,1,1987,18,0,0,0,0,0,0,0,0,0
240357,2,1,1987,0,0,0,0,0,0,0,0,0,0
240358,1,1,1987,0,0,0,0,0,0,0,0,15,0
240358,2,1,1987,0,8,0,0,0,0,0,0,0,0
240358,3,1,1987,0,2,0,0,0,0,0,0,0,0
240359,1,1,1987,1,1,1,1,1,1,1,1,1,1
240361,1,1,1987,25,13,18,18,9,12,19,21,12,16
240363,1,1,1987,0,0,0,0,0,0,0,0,0,0
240363,2,1,1987,7,0,0,0,0,0,6,0,0,0
240364,1,1,1987,24,24,24,24,24,24,24,24,24,24
240364,2,1,1987,0,0,0,0,0,0,0,0,0,0
240365,0,1,1987,0,0,0,0,0,0,0,0,0,0
240365,1,1,1987,0,0,0,0,0,0,0,0,0,0
240366,0,1,1987,6,6,6,6,6,6,6,6,6,6
240366,1,1,1987,5,5,5,5,5,5,5,5,5,5
240367,0,1,1987,0,0,0,0,0,0,0,0,0,0
240367,1,1,1987,0,0,0,0,0,0,0,17,0,0
240372,1,1,1987,45,12,30,11,18,24,20,23,29,9
240373,1,1,1987,0,0,0,0,0,0,0,0,0,0
240373,2,1,1987,0,0,0,0,0,0,0,0,0,0
240374,1,1,1987,14,14,14,14,14,14,14,14,14,14
240376,1,1,1987,0,0,0,0,0,0,0,0,0,0
240377,1,1,1987,0,0,0,0,0,0,0,0,0,0
240377,2,1,1987,0,0,0,0,0,0,0,0,0,0
240378,1,1,1987,0,0,0,0,0,0,0,0,0,0
240378,2,1,1987,0,0,0,0,0,0,0,0,0,0
240378,3,1,1987,0,0,0,0,0,0,0,0,0,0
240379,1,1,1987,24,24,24,24,24,24,24,24,24,24
240379,2,1,1987,0,0,16,2,15,21,0,23,0,0
240380,1,1,1987,0,0,0,0,0,0,0,0,0,0
240380,2,1,1987,0,0,0,0,8,0,0,0,0,0
240380,3,1,1987,0,0,0,0,0,0,0,0,0,0
240381,1,1,1987,0,0,0,0,0,0,0,0,0,0
240381,2,1,1987,0,0,0,0,0,0,0,0,0,0
240382,1,1,1987,10,10,10,10,10,10,10,10,10,10
240383,1,1,1987,0,0,0,0,0,0,0,13,0,0
240384,1,1,1987,0,0,0,0,31,25,8,19,20,0
240384,2,1,1987,14,14,14,14,14,14,14,14,14,14
240385,0,1,1987,0,0,0,0,0,0,0,0,0,0
240385,0,2,1987,0,4,0,0,0,0,0,0,0,0
240385,1,1,1987,0,0,0,0,0,0,0,0,0,0
240386,1,1,1987,0,13,0,0,0,0,0,0,0,0
240387,1,1,1987,0,0,0,0,0,0,0,0,0,0
240387,2,1,1987,0,0,0,0,0,0,0,0,0,0
240388,1,1,1987,13,13,13,13,13,13,13,13,13,13
240389,1,1,1987,4,4,4,4,4,4,4,4,4,4
240390,1,1,1987,0,0,0,0,0,0,0,0,0,0
240390,2,1,1987,0,0,0,0,0,0,0,0,0,0
240391,1,1,1987,0,0,0,0,0,0,0,0,0,0
240391,2,1,1987,2,2,2,2,2,2,2,2,2,2
240392,1,1,1987,0,0,0,0,0,0,0,0,0,0
240392,2,1,1987,0,0,0,0,0,0,0,0,0,0
240393,1,1,1987,7,0,0,0,0,0,0,0,0,0
240393,2,1,1987,0,0,0,0,0,0,0,0,0,0
240394,1,1,1987,0,0,0,0,0,16,0,0,0,0
240394,2,1,1987,0,0,5,0,0,0,0,0,0,0
240394,3,1,1987,0,0,0,0,0,0,0,0,0,0
240394,4,1,1987,0,0,0,0,0,0,0,5,0,0
240395,1,1,1987,0,0,0,0,0,0,0,0,0,0
240395,2,1,1987,0,0,0,0,0,0,0,0,0,0
240396,1,1,1987,21,21,21,21,21,21,21,21,21,21
240397,1,1,1987,0,0,0,0,0,0,0,0,0,0
240397,2,1,1987,0,0,0,0,0,0,0,0,0,0
240398,1,1,1987,0,0,0,0,0,0,0,0,0,0
240399,1,1,1987,0,0,0,0,0,0,0,0,0,0
240399,2,1,1987,0,0,0,0,0,0,0,0,0,0
240400,1,1,1987,0,0,0,0,0,0,0,18,0,0
240401,1,1,1987,14,6,0,0,0,0,0,0,0,0
240401,2,1,1987,10,10,10,10,10,10,10,10,10,10
240402,0,1,1987,0,0,0,0,0,0,0,0,0,0
240402,1,1,1987,0,0,0,0,0,0,0,0,0,0
240403,1,1,1987,19,19,19,19,19,19,19,19,19,19
240404,1,1,1987,0,0,0,0,0,0,0,0,0,0
240405,1,1,1987,0,0,0,0,0,0,0,0,0,0
240405,2,1,1987,0,0,23,0,0,0,0,0,10,0
240406,1,1,1987,0,0,0,24,0,0,0,0,0,0
240406,2,1,1987,0,0,0,0,0,0,0,0,0,0
240406,3,1,1987,0,0,0,0,0,0,0,0,0,0
240407,1,1,1987,0,0,0,0,0,7,0,0,0,0
240407,2,1,1987,0,0,0,0,0,0,0,0,0,0
240408,1,1,1987,0,0,0,0,0,0,0,0,0,0
240409,1,1,1987,0,0,0,0,0,0,0,0,0,0
240409,2,1,1987,0,9,0,0,0,4,0,0,0,0
240410,0,1,1987,0,0,0,0,0,0,0,0,0,0
240410,1,1,1987,0,0,0,0,0,0,0,0,0,0
240411,1,1,1987,0,0,0,0,0,0,0,0,0,0
240411,2,1,1987,15,11,19,3,9,13,15,6,15,33
240412,0,1,1987,2,13,17,5,21,0,9,0,19,0
240412,0,2,1987,0,0,0,0,0,0,0,0,0,0
240412,0,3,1987,0,0,0,0,0,0,0,0,0,0
240412,1,1,1987,14,14,14,14,14,14,14,14,14,14
240413,1,1,1987,0,0,0,0,0,0,0,0,0,0
240414,1,1,1987,0,0,0,0,0,0,0,0,0,0
240415,0,1,1987,16,16,16,16,16,16,16,16,16,16
240415,1,1,1987,0,0,0,0,0,0,0,10,0,0
240416,0,1,1987,0,0,0,0,0,0,0,0,0,0
240416,1,1,1987,0,0,0,0,0,0,0,0,0,0
240417,1,1,1987,0,0,0,0,0,0,0,0,0,0
240417,2,1,1987,0,0,0,0,0,0,0,0,0,0
240418,1,1,1987,16,16,16,16,16,16,16,16,16,16
240418,2,1,1987,0,0,0,0,0,0,0,0,0,0
240419,0,1,1987,14,14,14,14,14,14,14,14,14,14
240419,0,2,1987,10,19,17,0,13,14,8,9,0,0
240419,1,1,1987,0,0,0,0,0,0,0,0,0,0
240420,1,1,1987,25,25,25,25,25,25,25,25,25,25
240421,1,1,1987,15,9,5,15,10,16,18,25,0,11
240422,1,1,1987,16,16,16,16,16,16,16,16,16,16
240423,1,1,1987,7,22,9,25,0,7,0,10,5,13
240424,1,1,1987,0,0,0,0,0,0,0,0,0,0
240424,2,1,1987,0,0,0,0,0,0,0,0,0,0
240425,0,1,1987,30,30,30,30,30,30,30,30,30,30
240425,1,1,1987,0,0,0,0,0,0,0,0,0,0
240426,1,1,1987,0,0,0,8,7,0,0,13,0,11
240427,0,1,1987,10,22,20,26,0,0,32,7,0,0
240427,1,1,1987,20,4,9,9,9,0,10,3,19,16
240428,1,1,1987,0,0,0,0,21,11,0,0,0,6
240429,1,1,1987,9,26,9,10,9,0,21,21,11,16
240430,1,1,1987,0,6,24,19,4,12,6,20,10,12
240430,2,1,1987,15,15,15,15,15,15,15,15,15,15
240431,1,1,1987,14,14,14,14,14,14,14,14,14,14
240432,1,1,1987,17,0,0,0,0,11,0,14,17,22
240433,1,1,1987,2,2,2,2,2,2,2,2,2,2
240434,0,1,1987,7,7,7,7,7,7,7,7,7,7
240434,1,1,1987,0,0,0,0,0,11,0,0,17,0
240435,1,1,1987,0,0,0,0,0,0,0,0,0,0
240436,1,1,1987,16,16,16,16,16,16,16,16,16,16
240437,1,1,1987,0,0,0,0,0,0,0,0,0,0
240437,2,1,1987,0,0,0,0,0,0,0,0,0,0
240437,3,1,1987,0,0,0,0,0,0,0,0,0,0
240438,0,1,1987,0,0,0,0,0,0,0,0,0,0
240438,1,1,1987,0,0,0,0,0,0,0,0,0,0
240439,0,1,1987,0,0,0,0,0,0,0,0,0,0
240439,1,1,1987,0,0,0,0,0,0,0,0,0,0
240440,0,1,1987,0,0,0,0,0,0,0,0,0,0
240440,1,1,1987,0,0,0,7,0,0,0,11,0,0
240441,1,1,1987,0,0,0,0,0,0,0,0,0,0
240441,2,1,1987,12,30,11,10,10,25,34,16,0,8
240442,0,1,1987,0,0,0,0,0,0,0,0,0,0
240442,1,1,1987,5,27,22,53,25,0,8,37,14,7
240443,1,1,1987,26,26,26,26,26,26,26,26,26,26
240444,1,1,1987,14,18,15,7,33,22,7,25,22,30
240445,1,1,1987,8,8,8,8,8,8,8,8,8,8
240446,1,1,1987,17,17,17,17,17,17,17,17,17,17
240446,2,1,1987,0,0,0,0,0,0,0,0,14,0
240447,0,1,1987,2,2,2,2,2,2,2,2,2,2
240447,1,1,1987,0,0,0,0,0,0,0,0,4,0
240449,0,1,1987,0,0,0,0,0,0,0,0,0,0
240449,1,1,1987,0,0,0,0,0,0,0,5,0,12
240450,1,1,1987,0,0,0,0,0,0,0,0,0,0
240450,2,1,1987,0,0,0,0,0,0,0,0,0,0
240451,1,1,1987,14,0,0,6,6,18,0,11,11,0
240451,2,1,1987,6,6,6,6,6,6,6,6,6,6
240452,1,1,1987,0,0,0,0,0,0,0,0,0,0
240452,2,1,1987,0,0,0,0,0,0,0,0,0,0
240453,1,1,1987,10,0,31,0,0,0,23,0,0,0
240454,1,1,1987,25,25,25,25,25,25,25,25,25,25
240455,1,1,1987,0,0,0,0,0,0,0,0,0,0
240455,2,1,1987,0,0,0,0,0,0,0,0,0,0
240456,1,1,1987,0,0,0,0,0,0,0,0,0,0
240456,2,1,1987,22,8,10,17,19,0,10,14,11,0
240457,1,1,1987,0,0,0,0,0,0,0,0,0,0
240457,2,1,1987,0,0,0,0,0,0,0,0,0,0
240458,1,1,1987,0,0,0,0,0,0,0,0,0,0
240459,0,1,1987,7,7,7,7,7,7,7,7,7,7
240459,1,1,1987,0,0,15,0,0,0,0,0,0,0
240460,1,1,1987,0,0,0,0,0,0,0,0,0,0
240460,2,1,1987,0,0,0,0,0,0,0,0,0,0
240461,1,1,1987,5,12,22,16,13,12,23,6,18,5
240462,0,1,1987,0,0,0,0,0,0,0,0,0,0
240462,0,2,1987,0,11,0,0,0,0,0,5,0,0
240462,1,1,1987,0,0,0,0,0,0,0,0,0,0
240463,1,1,1987,17,17,17,17,17,17,17,17,17,17
240464,1,1,1987,0,19,0,0,0,0,0,0,0,0
240464,2,1,1987,0,0,0,0,0,0,0,0,0,0
240466,1,1,1987,6,6,6,6,6,6,6,6,6,6
240467,0,1,1987,0,0,0,0,0,0,0,0,0,0
240467,1,1,1987,0,0,0,0,0,0,0,0,0,0
240468,0,1,1987,0,0,0,0,0,0,0,0,0,0
240468,1,1,1987,0,0,0,0,0,0,0,0,0,0
240469,1,1,1987,0,0,0,0,0,0,0,0,0,0
240469,2,1,1987,0,0,0,0,0,0,0,0,0,0
240470,1,1,1987,0,0,0,0,0,0,0,0,0,0
240470,2,1,1987,0,0,0,0,0,0,0,0,0,0
240471,1,1,1987,0,0,0,0,0,0,0,0,0,0
240472,1,1,1987,0,0,0,0,0,0,0,0,0,0
240472,2,1,1987,0,0,13,0,0,0,10,0,13,0
240473,0,1,1987,0,0,0,0,0,0,0,0,0,0
240473,1,1,1987,0,0,0,0,0,0,0,0,0,0
240476,1,1,1987,16,0,0,0,0,0,0,8,0,0
240476,2,1,1987,0,0,0,0,0,0,0,0,0,0
240477,1,1,1987,0,0,0,0,0,0,0,0,0,0
240477,2,1,1987,32,0,0,0,0,0,9,0,0,0
240478,1,1,1987,0,0,0,0,0,0,0,0,0,0
240478,2,1,1987,15,0,0,0,0,0,0,0,0,0
240479,1,1,1987,20,12,28,3,17,5,13,11,10,0
240480,0,1,1987,0,18,0,0,0,0,0,0,0,0
240480,1,1,1987,0,0,0,0,0,0,0,0,0,0
240481,1,1,1987,0,0,0,0,0,0,0,0,0,0
240481,2,1,1987,0,0,0,0,0,0,0,0,0,0
240482,1,1,1987,0,0,0,0,0,0,0,0,0,10
240483,1,1,1987,0,0,0,0,0,0,0,0,0,0
240484,1,1,1987,0,0,0,0,10,13,0,12,0,0
240485,1,1,1987,0,0,0,0,0,0,0,0,0,0
240486,0,1,1987,0,0,0,0,0,0,0,0,0,0
240486,1,1,1987,0,0,0,0,0,0,0,0,0,0
240487,1,1,1987,16,16,16,16,16,16,16,16,16,16
240488,1,1,1987,0,0,9,0,23,0,0,0,0,0
240488,2,1,1987,0,0,0,0,0,19,0,0,0,0
240490,0,1,1987,17,17,17,17,17,17,17,17,17,17
240490,1,1,1987,16,12,11,5,7,4,3,5,4,10
240490,2,1,1987,0,0,10,12,4,0,9,0,0,0
240491,1,1,1987,0,0,0,0,0,0,0,0,0,0
240492,1,1,1987,11,16,20,7,0,0,3,0,22,0
240493,1,1,1987,10,10,10,10,10,10,10,10,10,10
240494,1,1,1987,0,0,0,0,0,0,0,0,0,0
240494,2,1,1987,0,0,0,0,0,0,0,0,0,0
240495,1,1,1987,0,0,0,0,0,0,0,0,0,0
240495,2,1,1987,0,0,0,0,0,0,0,0,0,0
240496,1,1,1987,0,0,0,0,0,0,0,0,0,0
240496,2,1,1987,0,0,0,0,0,0,0,0,0,0
240497,1,1,1987,0,0,0,0,0,0,0,0,0,0
240497,2,1,1987,0,0,0,0,0,0,0,0,0,0
240498,1,1,1987,0,0,0,0,0,0,0,0,0,0
240498,2,1,1987,0,0,0,0,19,0,0,0,0,0
240498,3,1,1987,0,0,0,0,0,0,0,0,0,0
240499,1,1,1987,0,0,0,0,0,0,0,0,0,0
240499,2,1,1987,0,0,0,0,0,0,0,0,0,0
240500,1,1,1987,27,27,27,27,27,27,27,27,27,27
240501,1,1,1987,0,11,0,0,0,0,0,0,0,16
240501,2,1,1987,0,0,0,0,0,0,0,0,0,0
240502,1,1,1987,23,25,11,29,17,36,14,24,19,13
240503,0,1,1987,7,7,7,7,7,7,7,7,7,7
240503,1,1,1987,8,26,17,0,0,9,0,0,22,17
240504,0,1,1987,0,0,0,0,0,0,0,0,0,0
240504,1,1,1987,0,0,0,0,0,0,0,0,0,0
240505,1,1,1987,0,0,0,0,0,0,0,0,0,0
240506,1,1,1987,9,9,9,9,9,9,9,9,9,9
240506,2,1,1987,0,0,0,0,0,0,0,0,0,0
240507,1,1,1987,13,9,0,25,11,0,6,0,0,0
240507,2,1,1987,7,7,7,7,7,7,7,7,7,7
240508,1,1,1987,0,0,0,0,0,0,0,0,0,0
240509,1,1,1987,8,8,8,8,8,8,8,8,8,8
240509,2,1,1987,14,20,20,8,15,23,22,10,9,13
240510,1,1,1987,11,11,11,11,11,11,11,11,11,11
240511,1,1,1987,0,0,0,0,0,0,0,0,0,0
240511,2,1,1987,0,0,0,0,0,0,0,0,0,0
240513,0,1,1987,24,24,24,24,24,24,24,24,24,24
240513,1,1,1987,0,0,0,0,9,0,0,0,0,0
240514,1,1,1987,11,17,15,19,12,16,26,3,19,12
240514,2,1,1987,0,0,0,0,0,0,0,0,0,0
240515,0,1,1987,23,23,23,23,23,23,23,23,23,23
240515,1,1,1987,0,0,0,0,0,0,0,9,0,0
240516,1,1,1987,0,0,0,0,0,0,0,0,0,0
240516,2,1,1987,11,0,0,0,28,24,0,22,0,17
240517,1,1,1987,0,0,0,0,0,19,19,0,11,19
240518,1,1,1987,0,0,0,0,0,0,0,0,0,0
240519,1,1,1987,0,0,0,0,0,0,0,0,0,0
240519,2,1,1987,0,0,0,0,0,0,0,0,0,0
240520,0,1,1987,0,0,0,0,0,0,0,0,0,0
240520,1,1,1987,0,0,0,0,0,0,0,0,0,0
240521,1,1,1987,0,0,0,0,0,0,0,0,0,0
240521,2,1,1987,0,0,0,0,0,0,0,0,0,0
240522,1,1,1987,0,0,0,0,0,0,0,0,0,0
240522,2,1,1987,0,0,14,0,0,0,0,16,0,0
240523,1,1,1987,0,0,0,0,0,0,0,0,0,0
240524,0,1,1987,0,0,0,0,0,15,0,0,0,0
240524,1,1,1987,0,6,0,0,0,0,0,0,0,0
240525,1,1,1987,0,0,0,0,0,0,0,0,0,0
240525,2,1,1987,25,25,25,25,25,25,25,25,25,25
240526,1,1,1987,0,0,0,0,0,0,0,0,0,0
240526,2,1,1987,0,0,0,0,0,0,0,0,0,0
240527,1,1,1987,0,0,0,0,0,0,0,0,0,0
240527,2,1,1987,0,0,0,0,0,0,0,0,0,0
240527,3,1,1987,0,0,0,0,0,0,0,0,0,0
240528,1,1,1987,15,15,15,15,15,15,15,15,15,15
240528,2,1,1987,0,0,14,0,0,0,0,0,0,0
240528,3,1,1987,0,0,0,0,0,0,0,0,0,0
240529,1,1,1987,0,0,0,0,0,0,0,0,0,0
240529,2,1,1987,0,0,0,0,0,0,0,0,0,0
240530,1,1,1987,4,15,13,8,28,8,9,12,22,5
240531,1,1,1987,0,0,0,0,0,0,0,0,0,0
240531,2,1,1987,0,0,0,0,0,0,0,0,0,0
240532,1,1,1987,5,5,5,5,5,5,5,5,5,5
240532,2,1,1987,0,0,0,0,0,0,0,0,0,0
240533,1,1,1987,0,0,0,0,0,0,0,0,0,0
240533,2,1,1987,0,0,0,0,0,0,0,0,0,0
240534,1,1,1987,17,0,0,0,10,15,21,0,6,8
240535,1,1,1987,12,12,12,12,12,12,12,12,12,12
240536,0,1,1987,0,0,0,0,0,0,0,0,0,0
240536,1,1,1987,0,18,0,39,5,16,0,12,19,0
240537,1,1,1987,0,0,0,0,0,0,0,0,0,0
240537,2,1,1987,0,0,0,0,0,0,0,0,0,0
240538,0,1,1987,16,16,16,16,16,16,16,16,16,16
240538,1,1,1987,19,19,19,19,19,19,19,19,19,19
240539,1,1,1987,0,0,0,0,0,0,0,0,0,0
240539,2,1,1987,0,0,0,0,0,0,0,0,0,0
240540,0,1,1987,0,0,0,0,0,0,0,0,0,0
240540,1,1,1987,7,7,7,7,7,7,7,7,7,7
240541,1,1,1987,0,0,0,0,0,0,0,0,0,0
240541,2,1,1987,0,0,0,0,0,0,0,0,0,0
240542,1,1,1987,0,0,0,0,0,0,0,0,0,0
240542,2,1,1987,2,7,9,9,17,14,15,20,10,25
240543,1,1,1987,0,0,0,0,0,0,0,0,0,0
240544,1,1,1987,0,0,0,0,0,0,0,0,0,0
240544,2,1,1987,0,0,0,0,0,0,0,0,0,0
240545,1,1,1987,25,13,12,0,0,0,0,0,17,7
240545,2,1,1987,0,0,0,0,0,0,0,0,0,0
240546,1,1,1987,14,14,14,14,14,14,14,14,14,14
240546,2,1,1987,0,0,0,0,0,0,0,0,0,0
240546,3,1,1987,0,0,0,0,0,0,0,0,0,0
240547,0,1,1987,21,21,21,21,21,21,21,21,21,21
240547,1,1,1987,12,27,16,17,0,15,0,0,0,21
240548,1,1,1987,2,2,2,2,2,2,2,2,2,2
240548,2,1,1987,5,5,5,5,5,5,5,5,5,5
240548,3,1,1987,0,0,0,0,0,0,0,0,0,0
240549,0,1,1987,0,0,0,0,0,0,0,0,0,0
240549,1,1,1987,0,0,0,0,0,0,0,0,0,0
240549,2,1,1987,0,0,0,0,0,0,0,0,0,0
240550,1,1,1987,0,0,0,15,0,0,4,0,0,0
240550,2,1,1987,0,0,0,0,0,0,0,0,0,0
240551,1,1,1987,11,11,11,11,11,11,11,11,11,11
240552,1,1,1987,0,0,0,0,0,0,0,0,0,0
240553,1,1,1987,15,15,15,15,15,15,15,15,15,15
240554,1,1,1987,13,13,13,13,13,13,13,13,13,13
240555,1,1,1987,16,16,16,16,16,16,16,16,16,16
240555,2,1,1987,0,0,0,0,0,0,0,0,0,0