ST_CASE,VEH_NO,PER_NO,YEAR,P1,P2,P3,P4,P5,P6,P7,P8,P9,P10
250057,1,1,1987,9,13,16,24,27,30,0,15,23,19
250057,2,1,1987,9,9,9,9,9,9,9,9,9,9
250059,1,1,1987,13,0,0,0,0,0,0,0,0,10
250059,2,1,1987,0,0,0,0,0,15,0,0,0,0
250060,1,1,1987,16,16,16,16,16,16,16,16,16,16
250061,1,1,1987,0,0,0,0,0,0,0,0,0,0
250061,2,1,1987,0,0,0,0,0,0,0,8,0,0
250062,1,1,1987,15,15,15,15,15,15,15,15,15,15
250063,1,1,1987,3,3,3,3,3,3,3,3,3,3
250064,1,1,1987,0,0,0,0,0,0,0,0,0,0
250065,1,1,1987,20,20,20,20,20,20,20,20,20,20
250066,1,1,1987,21,21,21,21,21,21,21,21,21,21
250067,1,1,1987,23,23,23,23,23,23,23,23,23,23
250068,1,1,1987,22,22,22,22,22,22,22,22,22,22
250069,1,1,1987,12,0,0,0,0,0,0,9,0,0
250069,2,1,1987,0,0,0,0,0,0,0,0,0,0
250070,1,1,1987,0,0,0,0,0,0,0,0,0,0
250070,2,1,1987,13,9,13,17,9,12,10,14,21,10
250071,1,1,1987,0,0,9,11,4,16,8,24,39,0
250072,1,1,1987,9,9,9,9,9,9,9,9,9,9
250072,2,1,1987,0,16,11,10,16,15,29,16,20,11
250073,1,1,1987,21,4,18,19,13,21,12,21,7,23
250074,0,1,1987,0,0,0,0,0,0,0,0,0,0
250074,1,1,1987,0,11,0,0,0,0,0,0,0,0
250075,1,1,1987,0,0,0,0,0,0,0,22,0,0
250076,1,1,1987,20,20,20,20,20,20,20,20,20,20
250077,1,1,1987,0,0,0,0,0,0,0,0,0,0
250078,0,1,1987,0,0,0,0,0,0,0,0,0,0
250078,1,1,1987,16,0,0,0,8,0,15,18,0,18
250079,0,1,1987,0,0,0,0,0,0,0,0,0,0
250079,1,1,1987,0,0,0,0,0,0,0,0,0,0
250080,1,1,1987,0,0,0,0,0,0,0,0,0,0
250080,2,1,1987,0,0,0,0,0,0,0,0,0,0
250081,0,1,1987,0,0,0,0,0,0,0,0,0,0
250081,1,1,1987,0,0,0,30,0,0,0,0,0,0
250082,0,1,1987,0,0,0,0,0,0,0,0,0,0
250082,1,1,1987,0,0,0,0,0,0,0,0,0,0
250083,1,1,1987,18,18,18,18,18,18,18,18,18,18
250084,1,1,1987,0,0,0,0,0,0,0,0,0,0
250085,1,1,1987,0,0,0,0,0,0,0,0,0,0
250085,2,1,1987,0,0,0,0,0,0,0,0,0,0
250086,1,1,1987,0,0,0,0,0,0,0,0,0,0
250087,0,1,1987,0,0,0,0,0,0,0,0,0,0
250087,1,1,1987,0,0,0,0,0,0,0,0,0,0
250088,0,1,1987,0,0,0,0,0,0,0,0,0,0
250088,1,1,1987,17,0,0,0,0,0,0,11,0,0
250089,1,1,1987,22,22,22,22,22,22,22,22,22,22
250090,1,1,1987,13,13,13,13,13,13,13,13,13,13
250090,2,1,1987,20,0,0,0,0,0,0,0,0,0
250091,1,1,1987,23,27,5,15,9,22,5,14,18,20
250092,1,1,1987,0,0,0,0,0,0,0,0,0,0
250093,1,1,1987,0,0,0,0,0,0,0,0,0,0
250093,2,1,1987,0,0,0,0,0,0,0,0,0,0
250094,1,1,1987,13,0,2,0,0,0,0,8,0,0
250095,1,1,1987,16,16,16,16,16,16,16,16,16,16
250095,2,1,1987,0,0,0,0,0,0,0,0,0,0
250096,0,1,1987,28,28,28,28,28,28,28,28,28,28
250096,1,1,1987,0,5,16,8,7,8,20,11,20,14
250097,1,1,1987,11,13,14,5,37,19,5,17,8,9
250098,0,1,1987,0,0,0,0,0,0,0,0,0,0
250098,1,1,1987,20,9,11,0,0,0,4,18,16,0
250099,1,1,1987,19,19,19,19,19,19,19,19,19,19
250100,1,1,1987,0,0,0,0,0,8,0,0,0,0
250100,2,1,1987,0,0,0,0,0,0,0,0,0,0
250101,1,1,1987,0,0,0,0,0,0,0,0,0,0
250102,1,1,1987,0,0,0,0,0,0,0,0,0,0
250103,1,1,1987,0,0,0,0,0,0,0,0,0,0
250103,2,1,1987,0,0,0,0,0,0,0,0,0,0
250103,3,1,1987,0,0,28,25,0,33,0,0,0,0
250104,0,1,1987,0,0,0,0,0,0,0,0,0,0
250104,1,1,1987,0,0,0,0,0,0,2,0,0,0
250105,1,1,1987,13,4,35,10,17,6,8,8,3,10
250106,1,1,1987,0,0,0,17,0,0,0,0,0,0
250107,1,1,1987,20,20,20,20,20,20,20,20,20,20
250107,2,1,1987,0,0,10,0,19,21,0,12,0,0
250108,0,1,1987,0,0,0,0,0,0,0,0,0,0
250108,0,2,1987,4,30,0,0,3,10,0,14,0,0
250108,1,1,1987,16,9,12,15,7,0,0,0,13,7
250109,1,1,1987,24,24,24,24,24,24,24,24,24,24
250110,0,1,1987,0,0,0,0,0,0,0,0,0,0
250110,1,1,1987,0,0,0,0,0,0,0,0,0,0
250111,1,1,1987,16,18,11,4,14,6,18,13,27,13
250112,1,1,1987,0,0,0,0,0,0,17,0,0,0
250112,2,1,1987,0,0,0,0,0,0,0,0,0,0
250113,1,1,1987,21,9,22,0,36,14,3,4,22,13
250113,2,1,1987,0,0,0,0,24,0,0,0,5,0
250113,3,1,1987,0,0,0,0,0,0,0,0,0,0
250114,0,1,1987,0,0,0,0,0,0,0,0,0,0
250114,1,1,1987,0,0,0,0,18,0,0,6,0,0
250115,1,1,1987,15,15,15,15,15,15,15,15,15,15
250116,1,1,1987,0,0,12,0,25,9,33,17,0,10
250117,1,1,1987,7,16,15,10,23,13,6,29,18,11
250118,0,1,1987,0,0,0,0,0,0,0,0,0,0
250118,1,1,1987,0,0,0,0,0,0,0,0,0,11
250119,1,1,1987,0,0,0,0,0,0,0,0,0,0
250120,0,1,1987,0,0,0,0,0,0,0,0,0,0
250120,1,1,1987,0,0,0,0,0,0,0,0,0,0
250121,0,1,1987,0,0,0,0,0,0,0,0,0,0
250121,1,1,1987,20,14,14,38,8,9,22,20,8,19
250122,0,1,1987,0,0,0,0,0,0,0,0,0,0
250122,1,1,1987,7,17,15,27,6,20,0,24,10,10
250123,1,1,1987,0,22,17,14,24,25,17,0,10,11
250124,1,1,1987,0,0,0,0,0,0,0,0,0,0
250124,2,1,1987,0,0,0,0,0,0,0,0,0,13
250125,1,1,1987,14,0,14,29,10,14,3,12,5,23
250126,1,1,1987,13,18,19,19,5,0,0,8,18,0
250126,2,1,1987,0,10,0,0,0,0,0,0,0,0
250126,3,1,1987,16,37,0,14,19,18,18,13,0,14
250127,1,1,1987,0,0,0,5,5,0,17,0,5,15
250128,1,1,1987,10,11,0,9,18,13,4,33,0,9
250129,1,1,1987,0,0,0,0,24,0,21,0,0,7
250129,2,1,1987,0,0,6,11,0,0,0,0,0,0
250130,0,1,1987,0,0,0,17,0,0,15,5,18,31
250130,1,1,1987,0,18,0,16,0,7,11,0,0,0
250131,1,1,1987,7,7,7,7,7,7,7,7,7,7
250132,0,1,1987,0,0,0,0,0,0,0,0,0,0
250132,1,1,1987,18,0,0,0,0,0,0,0,0,0
250133,0,1,1987,0,0,0,0,0,0,0,0,0,0
250133,1,1,1987,10,10,4,11,12,14,24,8,14,23
250134,1,1,1987,0,0,0,0,0,0,0,0,0,0
250134,2,1,1987,0,0,0,0,0,0,0,0,0,0
250135,1,1,1987,11,31,0,0,0,7,5,20,17,13
250136,0,1,1987,0,0,0,0,0,0,0,0,0,0
250136,1,1,1987,11,0,0,0,0,0,0,20,0,0
250137,0,1,1987,0,0,0,0,0,0,0,0,0,0
250137,1,1,1987,0,0,0,0,0,0,0,0,19,0
250138,1,1,1987,25,25,25,25,25,25,25,25,25,25
250139,1,1,1987,25,25,25,25,25,25,25,25,25,25
250140,1,1,1987,0,0,0,0,0,0,0,0,0,0
250140,2,1,1987,0,0,5,0,0,0,0,0,0,0
250141,1,1,1987,0,0,0,0,12,19,7,0,0,5
250142,0,1,1987,0,0,0,0,0,0,0,0,0,0
250142,1,1,1987,0,0,0,0,0,0,0,8,0,0
250143,1,1,1987,25,25,25,25,25,25,25,25,25,25
250144,0,1,1987,0,0,0,0,0,0,0,0,0,0
250144,1,1,1987,0,0,0,0,0,0,0,0,0,0
250145,1,1,1987,17,17,17,17,17,17,17,17,17,17
250146,1,1,1987,16,16,16,16,16,16,16,16,16,16
250147,1,1,1987,21,21,21,21,21,21,21,21,21,21
250148,1,1,1987,5,5,5,5,5,5,5,5,5,5
250149,1,1,1987,30,30,30,30,30,30,30,30,30,30
250150,1,1,1987,0,0,0,0,0,0,0,0,0,0
250151,1,1,1987,11,11,11,11,11,11,11,11,11,11
250152,1,1,1987,0,0,0,0,0,0,0,0,0,0
250153,0,1,1987,0,0,0,0,0,0,0,0,0,0
250153,1,1,1987,0,0,0,20,18,0,0,0,0,0
250154,1,1,1987,0,0,0,0,0,0,0,0,0,0
250154,2,1,1987,0,14,0,0,5,0,0,11,0,0
250155,1,1,1987,0,0,0,0,0,0,0,0,0,0
250155,2,1,1987,0,0,18,0,0,0,0,0,0,0
250155,3,1,1987,0,8,0,0,0,7,0,5,0,9
250156,1,1,1987,12,12,12,12,12,12,12,12,12,12
250157,0,1,1987,28,0,0,0,14,0,0,0,6,9
250157,1,1,1987,0,0,0,0,0,0,0,0,0,0
250158,0,1,1987,7,7,7,7,7,7,7,7,7,7
250158,1,1,1987,0,0,0,0,13,0,14,0,10,0
250159,1,1,1987,0,0,0,0,0,0,0,0,0,0
250160,1,1,1987,22,0,0,0,12,0,0,0,0,0
250160,2,1,1987,23,23,23,23,23,23,23,23,23,23
250161,1,1,1987,0,0,0,0,0,0,0,0,0,0
250162,1,1,1987,0,0,0,0,0,9,0,0,0,0
250162,2,1,1987,18,18,18,18,18,18,18,18,18,18
250163,1,1,1987,13,13,13,13,13,13,13,13,13,13
250164,1,1,1987,10,10,10,10,10,10,10,10,10,10
250164,2,1,1987,0,0,0,0,0,0,0,0,0,0
250165,1,1,1987,19,19,19,19,19,19,19,19,19,19
250166,1,1,1987,0,0,0,0,0,0,0,0,0,0
250167,1,1,1987,0,0,0,0,0,0,0,0,0,0
250167,2,1,1987,17,17,17,17,17,17,17,17,17,17
250168,1,1,1987,16,16,16,16,16,16,16,16,16,16
250169,1,1,1987,0,0,0,0,0,0,0,0,0,0
250170,1,1,1987,0,0,0,0,0,0,0,0,0,0
250171,1,1,1987,19,11,11,24,0,29,36,13,0,0
250172,1,1,1987,0,0,0,0,0,0,0,0,0,0
250173,1,1,1987,28,28,28,28,28,28,28,28,28,28
250174,1,1,1987,15,22,11,16,26,10,21,0,12,18
250175,1,1,1987,8,8,8,8,8,8,8,8,8,8
250176,0,1,1987,0,0,0,0,0,0,0,0,0,0
250176,1,1,1987,20,17,30,11,30,17,24,8,14,24
250177,0,1,1987,0,0,0,0,0,0,0,0,0,0
250177,1,1,1987,0,0,0,0,0,0,0,26,0,0
250178,1,1,1987,22,22,22,22,22,22,22,22,22,22
250179,0,1,1987,0,0,0,0,0,0,0,0,0,0
250179,1,1,1987,0,0,0,0,0,0,0,0,0,0
250180,1,1,1987,0,0,0,0,0,0,13,0,0,0
250180,2,1,1987,0,0,0,0,0,0,0,0,0,0
250181,1,1,1987,26,26,26,26,26,26,26,26,26,26
250181,2,1,1987,12,23,0,0,0,0,9,0,0,0
250182,1,1,1987,0,0,0,0,0,0,0,0,0,0
250182,2,1,1987,0,0,0,0,0,0,0,0,0,0
250183,1,1,1987,0,0,0,19,0,0,0,0,31,12
250183,2,1,1987,0,0,13,0,7,0,11,0,0,0
250184,1,1,1987,4,33,25,30,19,13,19,11,16,7
250185,1,1,1987,19,19,19,19,19,19,19,19,19,19
250186,1,1,1987,0,0,0,0,0,0,0,0,0,0
250186,2,1,1987,0,0,0,0,0,0,0,0,0,0
250187,1,1,1987,0,12,0,0,0,0,0,6,0,0
250187,2,1,1987,8,8,8,8,8,8,8,8,8,8
250188,1,1,1987,0,27,0,0,2,6,14,16,18,9
250188,2,1,1987,0,0,0,0,0,0,0,0,0,0
250189,1,1,1987,0,0,0,0,0,0,0,0,0,0
250189,2,1,1987,0,0,0,0,0,0,0,0,0,0
250190,1,1,1987,30,0,22,0,24,5,14,25,32,9
250190,2,1,1987,0,0,13,0,0,27,13,9,15,22
250191,1,1,1987,6,27,0,16,20,21,0,20,16,0
250191,2,1,1987,0,0,0,0,0,0,0,0,0,0
250192,1,1,1987,0,0,0,0,0,0,0,0,0,0
250192,2,1,1987,10,0,0,0,0,6,0,0,8,0
250193,1,1,1987,16,16,16,16,16,16,16,16,16,16
250194,1,1,1987,0,0,0,0,0,16,0,0,0,0
250195,1,1,1987,0,0,0,0,0,0,0,0,0,0
250196,0,1,1987,0,0,0,0,0,0,0,0,0,0
250196,1,1,1987,0,0,0,0,0,0,0,0,0,0
250197,0,1,1987,14,14,14,14,14,14,14,14,14,14
250197,1,1,1987,0,0,2,0,0,18,0,0,0,16
250198,1,1,1987,29,29,29,29,29,29,29,29,29,29
250199,1,1,1987,0,0,0,0,0,0,16,0,8,0
250199,2,1,1987,24,0,0,0,0,9,15,0,0,0
250200,1,1,1987,0,0,0,0,0,0,0,0,0,0
250200,2,1,1987,2,13,0,0,15,17,4,15,15,9
250201,1,1,1987,0,0,0,0,0,0,0,0,0,0
250202,1,1,1987,0,0,0,0,0,0,16,0,0,0
250202,2,1,1987,0,0,0,0,0,0,0,0,0,0
250203,0,1,1987,0,0,0,0,0,0,0,0,0,0
250203,1,1,1987,0,17,0,0,0,0,0,17,6,18
250204,0,1,1987,12,16,0,7,0,0,10,0,0,0
250204,1,1,1987,0,0,0,0,0,0,0,0,0,0
250205,1,1,1987,13,0,5,8,0,0,0,8,0,0
250206,1,1,1987,9,9,9,9,9,9,9,9,9,9
250207,1,1,1987,34,20,0,5,15,0,0,16,23,0
250208,1,1,1987,0,0,0,0,0,0,0,0,0,0
250209,1,1,1987,24,24,24,24,24,24,24,24,24,24
250210,1,1,1987,0,0,0,0,0,0,0,0,0,0
250210,2,1,1987,0,0,0,9,0,0,24,0,0,0
250211,1,1,1987,15,15,15,15,15,15,15,15,15,15
250212,1,1,1987,0,0,0,0,0,0,0,0,0,0
250213,1,1,1987,0,0,0,0,0,0,0,0,0,16
250213,2,1,1987,0,0,0,0,0,0,0,0,0,0
250214,1,1,1987,0,0,0,0,0,0,0,0,0,0
250215,0,1,1987,0,0,0,0,0,0,0,0,0,0
250215,1,1,1987,0,0,0,0,0,0,0,0,0,0
250216,1,1,1987,0,0,0,0,0,0,0,0,0,0
250216,2,1,1987,13,19,5,7,8,12,0,5,12,9
250217,0,1,1987,0,0,0,0,0,0,0,0,0,0
250217,1,1,1987,0,0,0,0,0,0,0,0,0,0
250218,0,1,1987,0,0,0,0,0,0,0,0,0,0
250218,1,1,1987,0,0,0,0,0,0,0,0,6,0
250219,1,1,1987,0,0,0,0,0,0,0,0,0,0
250220,1,1,1987,13,0,0,0,0,0,0,0,0,0
250220,2,1,1987,0,0,0,0,0,0,0,0,0,0
250221,0,1,1987,22,22,22,22,22,22,22,22,22,22
250221,1,1,1987,0,0,0,0,0,0,0,0,0,0
250222,1,1,1987,9,9,9,9,9,9,9,9,9,9
250223,1,1,1987,4,4,4,4,4,4,4,4,4,4
250224,0,1,1987,0,0,0,0,0,0,0,0,0,0
250224,1,1,1987,0,0,0,0,0,0,0,0,0,0
250225,1,1,1987,19,19,19,19,19,19,19,19,19,19
250227,1,1,1987,14,14,14,14,14,14,14,14,14,14
250228,0,1,1987,0,0,0,0,0,0,0,0,0,0
250228,1,1,1987,0,0,0,16,0,0,0,0,11,0
250229,1,1,1987,0,0,0,0,0,0,0,0,0,0
250230,0,1,1987,20,20,20,20,20,20,20,20,20,20
250230,1,1,1987,11,8,18,18,7,16,16,20,0,15
250231,1,1,1987,0,0,0,23,21,0,0,0,0,0
250232,1,1,1987,0,0,0,0,0,0,0,0,0,0
250232,2,1,1987,0,0,0,0,0,0,0,0,0,0
250233,1,1,1987,0,0,0,0,0,0,0,0,12,0
250233,2,1,1987,0,0,0,0,0,0,0,0,0,0
250234,1,1,1987,0,0,0,0,0,0,0,0,0,0
250234,2,1,1987,0,0,0,0,0,0,0,0,0,0
250235,0,1,1987,0,0,0,0,0,0,0,0,0,0
250235,1,1,1987,0,0,0,0,0,0,0,16,0,0
250236,1,1,1987,22,22,22,22,22,22,22,22,22,22
250237,0,1,1987,28,21,0,0,0,0,13,0,15,0
250237,1,1,1987,0,0,0,0,0,0,0,0,0,0
250238,1,1,1987,0,0,0,0,0,0,0,0,0,0
250239,1,1,1987,0,0,0,0,0,0,0,0,0,0
250240,1,1,1987,28,0,0,0,0,0,0,0,0,0
250241,1,1,1987,8,8,8,8,8,8,8,8,8,8
250242,0,1,1987,10,10,10,10,10,10,10,10,10,10
250242,1,1,1987,0,0,0,0,0,10,0,0,0,0
250243,0,1,1987,2,2,2,2,2,2,2,2,2,2
250243,1,1,1987,18,12,15,14,11,12,19,12,17,22
250244,1,1,1987,0,0,0,0,0,0,0,0,0,0
250244,2,1,1987,21,10,10,27,12,8,17,12,23,18
250245,1,1,1987,30,30,30,30,30,30,30,30,30,30
250246,1,1,1987,0,3,24,0,0,8,17,13,22,19
250247,1,1,1987,0,0,0,0,0,0,27,0,0,0
250247,2,1,1987,0,0,0,0,0,9,0,0,0,17
250248,1,1,1987,0,0,0,0,0,0,0,0,0,0
250248,2,1,1987,0,0,0,0,0,0,0,0,0,6
250249,1,1,1987,11,11,11,11,11,11,11,11,11,11
250250,1,1,1987,15,15,15,15,15,15,15,15,15,15
250251,1,1,1987,8,8,8,8,8,8,8,8,8,8
250252,0,1,1987,0,0,0,0,0,0,0,0,0,0
250252,1,1,1987,0,0,0,0,0,0,0,0,0,0
250253,1,1,1987,0,12,17,10,21,19,22,6,23,11
250254,1,1,1987,5,5,5,5,5,5,5,5,5,5
250255,1,1,1987,12,7,14,5,19,9,3,15,24,19
250255,2,1,1987,0,0,0,0,0,0,0,0,0,0
250256,1,1,1987,8,8,8,8,8,8,8,8,8,8
250256,2,1,1987,0,0,0,0,0,0,0,0,0,0
250257,1,1,1987,18,18,18,18,18,18,18,18,18,18
250258,1,1,1987,15,15,0,14,9,31,11,0,17,13
250259,1,1,1987,0,0,0,0,0,0,0,0,0,0
250260,1,1,1987,20,20,20,20,20,20,20,20,20,20
250261,0,1,1987,18,18,18,18,18,18,18,18,18,18
250261,1,1,1987,16,16,16,16,16,16,16,16,16,16
250262,1,1,1987,13,24,17,2,11,8,11,3,23,20
250263,1,1,1987,0,0,0,0,0,0,0,0,0,0
250264,1,1,1987,19,0,24,6,13,28,21,13,27,36
250265,1,1,1987,0,0,0,9,0,8,0,0,0,20
250265,2,1,1987,0,5,0,0,0,0,0,10,15,6
250266,1,1,1987,0,0,0,0,7,0,17,0,0,10
250267,1,1,1987,0,0,0,0,0,0,0,0,0,0
250268,1,1,1987,18,18,18,18,18,18,18,18,18,18
250268,2,1,1987,0,0,0,0,0,0,0,0,0,0
250269,1,1,1987,0,0,0,0,15,0,19,0,0,0
250270,0,1,1987,0,0,0,0,0,0,0,0,0,0
250270,1,1,1987,0,0,0,0,0,0,0,0,0,0
250271,0,1,1987,0,0,0,0,0,0,0,0,0,0
250271,1,1,1987,0,0,0,0,0,0,0,0,0,0
250272,0,1,1987,22,22,22,22,22,22,22,22,22,22
250272,1,1,1987,0,0,0,13,0,0,0,0,0,0
250273,1,1,1987,19,12,28,0,17,12,23,8,16,19
250274,1,1,1987,16,16,16,16,16,16,16,16,16,16
250275,1,1,1987,0,0,0,0,0,0,0,0,0,0
250275,2,1,1987,0,0,8,0,0,0,0,0,0,0
250276,1,1,1987,19,19,19,19,19,19,19,19,19,19
250276,2,1,1987,0,0,13,0,0,0,8,0,0,0
250277,1,1,1987,18,18,18,18,18,18,18,18,18,18
250278,1,1,1987,17,25,24,26,19,0,0,0,18,18
250279,1,1,1987,0,0,0,0,0,0,0,0,0,0
250279,2,1,1987,0,0,0,0,0,0,0,0,0,0
250280,1,1,1987,0,0,0,0,0,0,0,0,0,0
250281,1,1,1987,0,0,0,0,0,0,0,0,0,0
250282,1,1,1987,15,15,15,15,15,15,15,15,15,15
250283,1,1,1987,13,28,23,13,19,13,0,0,10,0
250284,1,1,1987,0,0,0,0,0,0,0,0,0,0
250285,1,1,1987,19,19,19,19,19,19,19,19,19,19
250286,1,1,1987,0,0,0,0,0,0,0,0,0,0
250287,1,1,1987,0,0,0,0,0,0,0,0,0,0
250287,2,1,1987,15,15,15,15,15,15,15,15,15,15
250288,1,1,1987,0,0,0,0,0,0,0,14,0,12
250289,0,1,1987,0,0,0,0,0,0,0,0,0,0
250289,1,1,1987,21,21,21,21,21,21,21,21,21,21
250290,1,1,1987,0,0,0,0,0,0,0,0,0,0
250290,2,1,1987,7,0,0,0,8,0,0,0,0,0
250291,1,1,1987,15,15,15,15,15,15,15,15,15,15
250291,2,1,1987,47,0,29,16,0,6,24,30,10,7
250292,1,1,1987,0,0,0,0,0,0,0,0,0,0
250292,2,1,1987,0,0,0,0,0,0,0,0,0,0
250293,1,1,1987,0,0,0,0,0,0,0,0,0,0
250293,2,1,1987,0,0,0,25,0,0,0,0,0,0
250294,1,1,1987,0,0,0,0,0,0,0,0,0,0
250294,2,1,1987,17,17,17,17,17,17,17,17,17,17
250295,1,1,1987,0,15,0,13,0,13,9,6,23,13
250296,1,1,1987,20,20,20,20,20,20,20,20,20,20
250297,0,1,1987,0,0,0,0,0,0,0,0,0,0
250297,1,1,1987,0,0,0,0,0,0,0,0,0,0
250298,1,1,1987,28,19,21,37,14,14,18,4,14,3
250299,1,1,1987,17,16,17,11,21,20,27,0,17,13
250300,1,1,1987,0,0,0,0,0,11,22,0,0,0
250300,2,1,1987,0,14,0,0,16,0,0,0,0,14
250301,0,1,1987,0,0,0,0,0,0,0,0,0,0
250301,1,1,1987,0,0,0,0,0,0,0,0,0,0
250302,1,1,1987,0,0,0,0,0,0,0,0,0,0
250302,2,1,1987,0,0,0,0,0,0,0,0,0,0
250303,1,1,1987,27,27,27,27,27,27,27,27,27,27
250304,1,1,1987,25,7,0,19,17,17,13,24,6,8
250305,1,1,1987,0,0,0,0,0,0,14,4,0,0
250305,2,1,1987,13,0,0,0,7,0,0,0,0,12
250306,0,1,1987,0,0,0,0,0,0,0,0,0,0
250306,0,2,1987,0,0,0,0,0,0,0,0,0,0
250306,1,1,1987,4,4,4,4,4,4,4,4,4,4
250307,1,1,1987,0,0,0,0,0,0,0,0,0,0
250307,2,1,1987,0,0,0,0,0,0,0,0,0,0
250307,3,1,1987,0,0,0,0,0,0,0,0,0,0
250308,1,1,1987,0,0,0,0,0,0,0,0,0,0
250309,0,1,1987,14,14,14,14,14,14,14,14,14,14
250309,1,1,1987,0,0,0,9,0,0,0,0,0,0
250310,1,1,1987,0,0,0,0,0,0,0,0,0,0
250311,0,1,1987,0,0,0,0,0,0,0,0,0,0
250311,1,1,1987,0,0,0,0,10,0,0,0,0,0
250312,0,1,1987,0,0,0,0,0,0,0,0,0,0
250312,1,1,1987,0,0,0,0,0,0,0,0,0,33
250313,1,1,1987,0,0,0,0,0,0,0,0,0,0
250314,1,1,1987,0,0,0,0,0,0,0,0,0,0
250315,0,1,1987,0,0,0,0,0,0,0,0,0,0
250315,1,1,1987,0,0,0,0,0,0,0,0,8,0
250316,1,1,1987,0,0,0,0,0,0,0,0,0,0
250316,2,1,1987,0,7,0,0,0,34,20,0,0,0
250317,1,1,1987,0,0,0,0,0,0,0,0,0,0
250317,2,1,1987,12,12,12,12,12,12,12,12,12,12
250318,1,1,1987,0,0,0,0,0,0,0,0,0,0
250319,1,1,1987,0,0,0,16,0,0,0,0,0,0
250319,2,1,1987,0,0,0,0,0,7,0,0,0,0
250320,1,1,1987,0,0,0,0,0,0,0,0,0,0
250320,2,1,1987,0,0,0,0,0,0,0,0,0,0
250321,1,1,1987,17,17,17,17,17,17,17,17,17,17
250322,1,1,1987,0,0,0,0,0,0,0,0,0,0
250322,2,1,1987,0,0,0,0,0,0,0,0,0,0
250323,1,1,1987,16,4,10,4,9,11,8,7,20,7
250324,1,1,1987,12,21,4,23,21,6,15,6,26,4
250324,2,1,1987,0,0,0,0,0,0,0,0,0,0
250325,1,1,1987,0,0,0,0,0,0,0,0,0,0
250325,2,1,1987,0,0,0,0,0,0,0,0,0,0
250327,0,1,1987,1,1,1,1,1,1,1,1,1,1
250327,1,1,1987,0,0,17,0,0,0,9,0,0,0
250328,1,1,1987,26,26,26,26,26,26,26,26,26,26
250329,1,1,1987,0,0,0,0,0,0,0,0,0,0
250329,2,1,1987,0,0,0,0,3,0,0,13,0,6
250330,1,1,1987,0,0,0,0,0,0,0,0,0,0
250330,2,1,1987,0,0,0,0,0,0,0,0,0,0
250331,1,1,1987,0,0,0,0,0,0,0,0,0,0
250332,1,1,1987,0,0,0,0,0,0,0,0,0,0
250332,2,1,1987,0,0,0,0,0,0,0,0,0,0
250333,1,1,1987,0,7,0,0,0,0,0,0,0,0
250333,2,1,1987,0,0,0,0,0,0,0,0,0,0
250334,1,1,1987,0,0,0,0,0,0,0,0,0,0
250335,1,1,1987,0,0,0,0,0,0,0,0,0,3
250335,2,1,1987,0,0,0,0,0,0,0,0,0,0
250336,1,1,1987,0,0,0,0,0,0,0,0,0,0
250337,0,1,1987,0,0,0,0,0,0,0,0,0,0
250337,1,1,1987,26,0,0,0,0,0,0,9,0,0
250338,1,1,1987,0,0,0,0,0,0,0,0,0,0
250338,2,1,1987,21,21,21,21,21,21,21,21,21,21
250339,1,1,1987,7,10,17,16,9,0,20,0,13,20
250339,2,1,1987,0,11,0,20,9,0,0,0,0,0
250340,1,1,1987,0,0,0,0,0,0,0,0,0,0
250341,1,1,1987,0,0,0,0,0,0,0,0,0,0
250341,2,1,1987,0,0,0,0,0,0,0,0,0,0
250342,1,1,1987,19,19,19,19,19,19,19,19,19,19
250343,1,1,1987,0,0,0,0,0,0,0,0,0,0
250344,1,1,1987,0,0,0,0,0,0,13,0,0,0
250344,2,1,1987,28,0,0,0,0,0,0,0,0,0
250345,1,1,1987,14,14,14,14,14,14,14,14,14,14
250345,2,1,1987,0,0,0,16,0,0,0,0,0,0
250346,1,1,1987,23,23,23,23,23,23,23,23,23,23
250347,1,1,1987,13,13,13,13,13,13,13,13,13,13
250348,1,1,1987,0,4,20,0,9,15,20,25,11,21
250348,2,1,1987,0,0,0,0,0,21,0,0,0,0
250349,1,1,1987,21,21,21,21,21,21,21,21,21,21
250350,1,1,1987,0,0,0,0,0,0,0,0,0,0
250350,2,1,1987,17,22,17,18,26,13,23,12,11,0
250351,1,1,1987,19,19,19,19,19,19,19,19,19,19
250351,2,1,1987,11,11,11,11,11,11,11,11,11,11
250352,0,1,1987,31,8,41,0,16,13,9,0,31,14
250352,1,1,1987,7,0,0,0,9,0,0,0,12,0
250353,1,1,1987,3,0,0,0,0,0,0,19,23,0
250353,2,1,1987,21,21,21,21,21,21,21,21,21,21
250354,1,1,1987,0,0,0,0,0,0,0,0,0,0
250354,2,1,1987,12,11,16,5,12,30,0,0,7,27
250355,0,1,1987,0,23,0,0,20,21,17,0,28,26
250355,1,1,1987,0,0,0,0,6,10,0,9,11,0
250356,1,1,1987,0,0,0,0,0,0,0,4,12,0
250357,1,1,1987,30,30,30,30,30,30,30,30,30,30