ST_CASE,VEH_NO,PER_NO,YEAR,P1,P2,P3,P4,P5,P6,P7,P8,P9,P10
250358,1,1,1987,0,0,0,0,0,0,0,0,0,0
250359,1,1,1987,0,0,15,15,0,0,0,0,0,13
250359,2,1,1987,7,7,7,7,7,7,7,7,7,7
250360,1,1,1987,23,0,9,0,8,24,0,21,14,12
250361,1,1,1987,0,0,9,0,0,0,0,0,0,0
250361,2,1,1987,0,0,0,0,0,0,0,0,0,0
250362,0,1,1987,0,0,0,0,0,0,0,0,0,0
250362,1,1,1987,0,0,0,0,0,0,0,26,0,0
250363,1,1,1987,0,0,0,0,0,0,0,0,9,0
250363,2,1,1987,0,0,0,0,0,0,0,0,0,0
250364,1,1,1987,0,0,0,0,0,0,0,0,0,0
250365,1,1,1987,18,18,18,18,18,18,18,18,18,18
250365,2,1,1987,16,8,34,0,0,0,0,0,0,0
250366,1,1,1987,0,0,0,0,0,0,0,0,0,0
250366,2,1,1987,0,17,0,0,0,0,0,0,0,0
250367,1,1,1987,0,0,0,0,32,0,0,0,0,12
250367,2,1,1987,0,0,0,0,0,0,0,0,0,0
250368,0,1,1987,5,0,0,13,0,0,0,12,14,0
250368,1,1,1987,0,15,0,0,0,0,0,8,0,0
250369,1,1,1987,0,0,0,0,0,0,0,0,0,0
250369,2,1,1987,0,0,0,0,0,0,0,0,0,0
250370,0,1,1987,19,19,19,19,19,19,19,19,19,19
250370,1,1,1987,0,10,16,13,0,0,13,16,0,0
250371,1,1,1987,28,28,28,28,28,28,28,28,28,28
250372,1,1,1987,18,18,18,18,18,18,18,18,18,18
250373,1,1,1987,0,0,0,0,0,0,0,0,0,0
250373,2,1,1987,0,0,0,1,0,0,0,0,0,0
250373,3,1,1987,0,0,0,0,8,0,0,0,15,0
250374,1,1,1987,26,17,23,27,24,4,22,22,10,24
250375,1,1,1987,0,0,0,0,17,0,0,0,7,0
250375,2,1,1987,0,0,0,0,0,0,0,0,0,0
250376,1,1,1987,0,0,0,0,0,0,0,0,0,0
250377,1,1,1987,15,15,15,15,15,15,15,15,15,15
250378,1,1,1987,0,0,0,0,0,0,0,0,0,0
250378,2,1,1987,0,0,0,0,0,0,0,0,0,0
250379,1,1,1987,21,21,21,21,21,21,21,21,21,21
250380,0,1,1987,0,0,0,0,0,0,0,0,0,0
250380,1,1,1987,9,0,21,7,12,19,13,12,5,16
250381,1,1,1987,0,0,0,0,0,0,0,0,0,0
250381,2,1,1987,0,0,0,0,0,0,0,0,0,0
250382,1,1,1987,6,6,6,6,6,6,6,6,6,6
250383,1,1,1987,26,26,26,26,26,26,26,26,26,26
250384,1,1,1987,0,8,12,32,10,6,10,10,6,6
250384,2,1,1987,0,0,0,0,0,0,0,0,0,0
250385,1,1,1987,14,14,14,14,14,14,14,14,14,14
250386,0,1,1987,0,0,0,0,0,0,0,0,0,0
250386,0,2,1987,0,0,7,0,13,0,0,0,0,0
250386,0,3,1987,0,0,0,0,0,0,0,0,0,0
250386,0,4,1987,0,0,0,0,0,0,0,0,0,0
250386,0,5,1987,0,0,0,0,0,0,0,0,0,0
250386,1,1,1987,0,0,0,0,0,0,0,0,0,0
250386,2,1,1987,0,0,0,0,0,14,0,0,0,0
250386,3,1,1987,0,0,0,0,0,0,0,8,0,0
250387,1,1,1987,6,5,18,12,0,0,7,12,15,9
250388,0,1,1987,0,0,0,0,0,0,0,0,0,0
250388,1,1,1987,9,20,7,24,0,12,13,15,16,0
250389,0,1,1987,0,0,0,0,0,0,0,0,0,0
250389,1,1,1987,13,0,9,26,22,0,0,0,0,0
250390,1,1,1987,0,0,0,21,0,0,0,0,0,0
250391,1,1,1987,0,0,0,0,0,0,0,0,0,0
250391,2,1,1987,0,0,0,0,13,0,0,0,0,0
250392,0,1,1987,20,0,0,0,25,0,0,0,0,0
250392,1,1,1987,21,7,14,8,12,33,18,25,27,22
250393,1,1,1987,26,26,26,26,26,26,26,26,26,26
250393,2,1,1987,0,0,0,0,0,14,0,0,0,0
250394,0,1,1987,0,0,0,0,0,0,0,0,0,0
250394,1,1,1987,0,0,0,0,0,0,18,0,0,0
250395,1,1,1987,0,0,0,0,0,0,0,0,0,0
250396,1,1,1987,12,0,0,9,0,0,0,11,0,0
250397,0,1,1987,0,0,0,0,0,0,0,0,0,0
250397,1,1,1987,29,29,29,29,29,29,29,29,29,29
250398,1,1,1987,28,28,28,28,28,28,28,28,28,28
250398,2,1,1987,0,0,0,0,3,0,0,0,9,0
250399,1,1,1987,0,0,0,0,0,0,0,0,0,0
250399,2,1,1987,0,0,0,0,0,0,7,0,0,0
250399,3,1,1987,0,0,0,0,0,0,0,0,20,0
250399,4,1,1987,0,0,0,0,0,0,0,0,0,5
250400,1,1,1987,0,0,0,0,0,0,0,0,0,0
250401,1,1,1987,7,7,7,7,7,7,7,7,7,7
250401,2,1,1987,0,0,0,0,0,0,0,0,23,0
250401,3,1,1987,0,20,0,0,0,0,25,0,0,0
250402,1,1,1987,18,18,18,18,18,18,18,18,18,18
250403,0,1,1987,6,6,6,6,6,6,6,6,6,6
250403,1,1,1987,12,15,10,17,21,0,7,17,34,23
250404,1,1,1987,0,0,0,0,0,0,0,0,0,0
250404,2,1,1987,0,0,6,0,0,0,0,0,0,0
250405,1,1,1987,0,0,0,0,0,0,0,0,0,0
250406,1,1,1987,13,13,13,13,13,13,13,13,13,13
250407,1,1,1987,28,28,28,28,28,28,28,28,28,28
250407,2,1,1987,0,0,0,0,0,0,0,0,0,0
250408,1,1,1987,0,0,0,0,0,0,0,0,0,0
250409,1,1,1987,0,0,25,0,0,0,0,0,0,0
250410,1,1,1987,0,0,0,0,0,0,0,0,0,0
250410,2,1,1987,0,0,0,0,0,0,0,0,0,0
250411,1,1,1987,0,0,0,0,0,0,0,0,0,0
250412,0,1,1987,18,18,18,18,18,18,18,18,18,18
250412,1,1,1987,0,0,0,0,0,0,0,0,0,0
250413,1,1,1987,0,0,0,7,0,0,0,0,0,0
250413,2,1,1987,18,18,18,18,18,18,18,18,18,18
250414,1,1,1987,0,0,0,0,0,0,0,0,2,0
250415,1,1,1987,0,0,0,0,0,0,0,0,0,0
250415,2,1,1987,0,0,0,0,0,0,9,19,23,0
250415,3,1,1987,0,0,17,0,0,0,0,0,0,19
250416,1,1,1987,16,16,16,16,16,16,16,16,16,16
250417,1,1,1987,18,18,18,18,18,18,18,18,18,18
250418,1,1,1987,20,19,12,26,31,21,0,21,3,0
250418,2,1,1987,0,0,0,0,0,0,0,0,0,0
250419,1,1,1987,0,0,0,0,0,0,0,0,0,0
250419,2,1,1987,0,0,0,0,0,0,0,0,0,0
250420,1,1,1987,27,0,5,8,18,4,9,17,12,9
250420,2,1,1987,0,0,0,0,0,0,0,0,0,0
250421,1,1,1987,16,16,16,16,16,16,16,16,16,16
250421,2,1,1987,14,0,0,0,0,0,0,0,0,0
250422,1,1,1987,0,0,0,0,0,0,0,0,0,0
250423,1,1,1987,5,0,0,0,0,0,0,0,0,0
250423,2,1,1987,0,0,0,0,0,12,15,0,0,0
250424,1,1,1987,0,0,0,0,0,0,0,0,0,0
250424,2,1,1987,0,0,0,0,0,0,0,0,0,0
250425,1,1,1987,0,0,0,0,0,0,0,0,0,0
250425,2,1,1987,0,0,0,0,0,0,0,0,0,0
250426,0,1,1987,0,0,0,0,0,0,0,0,0,0
250426,1,1,1987,0,0,0,0,13,0,0,0,0,0
250427,0,1,1987,22,22,22,22,22,22,22,22,22,22
250427,1,1,1987,0,0,15,0,13,30,0,0,0,0
250428,0,1,1987,0,0,0,0,17,0,0,0,0,5
250428,1,1,1987,14,22,7,2,23,21,8,13,27,15
250429,1,1,1987,12,12,12,12,12,12,12,12,12,12
250430,1,1,1987,32,17,24,9,21,24,11,10,22,8
250431,1,1,1987,0,9,0,0,0,0,0,0,0,0
250433,0,1,1987,0,0,0,0,0,0,0,0,0,0
250433,1,1,1987,0,10,0,0,0,0,0,0,0,8
250434,1,1,1987,0,18,16,17,0,19,17,0,0,30
250435,1,1,1987,0,0,0,0,0,0,0,0,0,0
250437,0,1,1987,18,18,18,18,18,18,18,18,18,18
250437,1,1,1987,19,0,0,17,23,24,30,0,3,19
250438,1,1,1987,0,0,0,0,0,0,0,0,0,0
250438,2,1,1987,0,0,0,0,8,18,0,0,0,0
250438,3,1,1987,0,0,0,0,0,0,0,0,0,0
250439,0,1,1987,0,0,0,0,0,0,0,0,0,0
250439,1,1,1987,0,0,0,15,0,0,0,0,0,0
250440,1,1,1987,28,27,20,26,25,54,8,15,21,30
250441,1,1,1987,0,0,0,0,0,0,0,0,0,0
250441,2,1,1987,0,8,12,0,0,0,0,20,0,19
250442,1,1,1987,13,13,13,13,13,13,13,13,13,13
250443,1,1,1987,0,16,11,15,0,20,7,0,0,12
250444,0,1,1987,0,0,0,0,0,0,0,0,0,0
250444,1,1,1987,0,0,0,0,0,0,0,0,0,0
250445,1,1,1987,0,0,0,0,0,0,0,0,0,0
250445,2,1,1987,0,15,0,0,0,0,0,0,0,0
250446,1,1,1987,0,0,0,0,0,0,0,0,0,0
250447,1,1,1987,27,17,3,10,16,13,0,9,0,0
250448,1,1,1987,0,0,0,0,0,0,0,0,0,0
250448,2,1,1987,0,0,0,0,0,0,0,0,0,0
250449,1,1,1987,19,19,19,19,19,19,19,19,19,19
250450,1,1,1987,18,18,18,18,18,18,18,18,18,18
250451,1,1,1987,0,0,0,0,0,0,0,0,0,0
250452,0,1,1987,0,0,0,0,0,0,0,0,0,0
250452,1,1,1987,19,19,19,19,19,19,19,19,19,19
250453,0,1,1987,0,0,0,0,0,0,0,0,0,0
250453,1,1,1987,5,0,0,0,0,0,0,0,15,25
250454,1,1,1987,21,21,21,21,21,21,21,21,21,21
250455,1,1,1987,0,0,0,0,0,0,0,0,0,0
250456,1,1,1987,27,27,27,27,27,27,27,27,27,27
250457,0,1,1987,0,0,0,0,0,0,0,0,0,0
250457,1,1,1987,15,15,15,15,15,15,15,15,15,15
250458,1,1,1987,0,0,0,0,0,0,0,0,0,0
250458,2,1,1987,0,0,0,0,0,0,0,0,0,0
250459,1,1,1987,0,0,0,0,0,0,0,0,0,0
250459,2,1,1987,0,0,7,0,0,0,0,0,13,0
250460,1,1,1987,26,26,26,26,26,26,26,26,26,26
250460,2,1,1987,11,25,21,43,2,11,10,10,18,20
250461,1,1,1987,18,18,18,18,18,18,18,18,18,18
250462,1,1,1987,0,0,0,0,0,0,0,0,0,0
250462,2,1,1987,0,0,0,15,16,0,0,19,6,0
250463,0,1,1987,15,15,15,15,15,15,15,15,15,15
250463,1,1,1987,22,0,6,19,9,14,21,17,20,6
250464,1,1,1987,18,4,10,0,3,0,0,20,0,0
250465,0,1,1987,0,0,0,0,0,0,0,0,0,0
250465,1,1,1987,0,0,0,0,0,0,0,0,0,15
250466,1,1,1987,23,23,23,23,23,23,23,23,23,23
250467,1,1,1987,0,0,0,0,0,10,0,0,0,0
250467,2,1,1987,0,0,0,0,0,0,0,0,0,0
250468,1,1,1987,0,0,0,0,0,0,0,0,0,0
250468,2,1,1987,0,0,0,0,0,0,0,0,0,0
250470,0,1,1987,0,0,0,0,0,0,0,0,0,0
250470,1,1,1987,25,8,12,16,5,17,28,26,9,21
250471,0,1,1987,0,0,0,0,0,0,0,0,0,0
250471,1,1,1987,13,0,11,21,0,0,0,0,0,0
250472,0,1,1987,0,0,0,0,0,0,0,0,0,0
250472,1,1,1987,0,0,0,0,0,0,0,0,0,0
250473,0,1,1987,23,23,23,23,23,23,23,23,23,23
250473,1,1,1987,14,39,0,0,0,0,0,15,0,5
250474,1,1,1987,0,0,0,0,0,0,0,0,0,0
250475,1,1,1987,0,0,0,0,0,0,0,0,0,0
250476,1,1,1987,18,18,18,18,18,18,18,18,18,18
250477,1,1,1987,0,0,0,0,0,0,0,0,0,0
250478,0,1,1987,9,9,9,9,9,9,9,9,9,9
250478,1,1,1987,0,0,0,9,0,26,0,0,12,0
250479,1,1,1987,0,0,0,0,0,0,0,0,0,0
250479,2,1,1987,0,0,0,0,0,0,0,0,8,0
250480,1,1,1987,21,21,21,21,21,21,21,21,21,21
250480,2,1,1987,0,0,0,0,0,0,0,0,0,0
250480,3,1,1987,13,16,0,0,15,0,0,0,0,0
250481,1,1,1987,0,0,0,0,0,0,0,0,0,0
250481,2,1,1987,0,0,0,0,0,0,0,0,0,0
250482,1,1,1987,0,0,0,0,0,0,0,0,0,0
250482,2,1,1987,0,0,0,0,0,0,0,0,0,0
250482,3,1,1987,0,0,0,0,0,0,0,0,0,0
250483,1,1,1987,0,0,0,0,0,0,0,0,0,0
250484,0,1,1987,0,0,0,0,0,0,0,0,0,0
250484,0,2,1987,0,0,0,0,0,0,0,0,3,0
250484,1,1,1987,0,0,0,0,0,0,0,0,0,0
250485,1,1,1987,0,0,0,0,0,0,0,0,0,0
250486,1,1,1987,1,1,1,1,1,1,1,1,1,1
250487,1,1,1987,10,6,15,9,0,19,0,11,9,20
250488,1,1,1987,0,0,13,0,0,0,0,0,0,0
250489,0,1,1987,10,10,10,10,10,10,10,10,10,10
250489,1,1,1987,18,24,48,0,14,6,26,11,32,24
250490,1,1,1987,0,16,0,18,10,0,0,12,0,13
250491,0,1,1987,14,14,14,14,14,14,14,14,14,14
250491,0,2,1987,13,0,24,0,0,0,0,14,0,10
250491,1,1,1987,11,9,9,26,9,18,0,7,25,15
250492,1,1,1987,1,1,1,1,1,1,1,1,1,1
250492,2,1,1987,16,26,26,0,13,0,12,16,0,0
250493,1,1,1987,0,9,0,0,0,0,0,0,0,0
250494,1,1,1987,0,0,0,0,0,0,0,0,0,0
250494,2,1,1987,0,0,0,0,0,0,0,0,0,0
250495,1,1,1987,0,11,0,0,17,0,0,0,7,0
250496,1,1,1987,14,15,0,14,8,0,24,0,0,0
250496,2,1,1987,0,0,0,0,0,0,0,0,0,0
250497,1,1,1987,5,13,0,5,11,8,0,0,0,0
250498,1,1,1987,0,0,0,0,0,0,0,0,0,0
250498,2,1,1987,0,0,0,0,7,16,16,9,0,0
250499,0,1,1987,29,29,29,29,29,29,29,29,29,29
250499,1,1,1987,0,0,0,0,0,20,10,0,0,0
250500,1,1,1987,0,0,0,0,0,0,0,0,0,0
250501,1,1,1987,10,10,10,10,10,10,10,10,10,10
250502,1,1,1987,30,30,30,30,30,30,30,30,30,30
250503,1,1,1987,0,0,0,0,0,0,0,0,0,0
250503,2,1,1987,0,0,0,0,14,2,0,8,2,0
250504,1,1,1987,0,0,0,0,19,0,0,0,0,0
250504,2,1,1987,0,0,0,0,0,15,0,0,0,0
250505,1,1,1987,14,14,14,14,14,14,14,14,14,14
250506,1,1,1987,21,0,0,0,0,0,0,9,21,0
250506,2,1,1987,0,0,0,0,0,0,0,14,0,0
250507,1,1,1987,15,12,18,27,37,13,0,31,21,21
250508,0,1,1987,26,37,24,16,17,16,39,32,22,15
250508,1,1,1987,12,5,12,9,22,5,10,0,0,5
250509,1,1,1987,0,0,6,0,0,0,17,0,0,0
250509,2,1,1987,4,4,4,4,4,4,4,4,4,4
250510,0,1,1987,0,0,0,0,0,0,0,0,0,0
250510,1,1,1987,0,0,0,11,16,0,0,19,18,0
250511,1,1,1987,5,0,0,0,0,0,0,0,0,0
250511,2,1,1987,0,0,0,0,0,0,0,0,0,0
250512,1,1,1987,17,17,17,17,17,17,17,17,17,17
250513,1,1,1987,22,22,22,22,22,22,22,22,22,22
250514,1,1,1987,7,0,12,0,0,0,0,0,0,0
250514,2,1,1987,23,23,23,23,23,23,23,23,23,23
250515,0,1,1987,31,31,31,31,31,31,31,31,31,31
250515,1,1,1987,12,8,11,12,15,7,0,0,0,0
250516,1,1,1987,16,16,16,16,16,16,16,16,16,16
250517,1,1,1987,20,20,20,20,20,20,20,20,20,20
250518,1,1,1987,21,21,21,21,21,21,21,21,21,21
250519,1,1,1987,0,0,0,0,0,0,0,0,0,0
250519,2,1,1987,0,0,0,0,0,0,0,0,0,0
250520,0,1,1987,17,17,17,17,17,17,17,17,17,17
250520,1,1,1987,2,0,0,12,0,12,13,13,0,0
250521,1,1,1987,19,19,19,19,19,19,19,19,19,19
250522,1,1,1987,0,0,0,0,23,0,0,7,0,0
250522,2,1,1987,0,0,0,0,0,20,19,0,15,0
250523,1,1,1987,0,0,2,0,15,0,23,0,19,12
250524,1,1,1987,14,14,14,14,14,14,14,14,14,14
250524,2,1,1987,0,3,0,0,0,9,0,0,0,0
250525,1,1,1987,13,13,13,13,13,13,13,13,13,13
250526,1,1,1987,20,20,20,20,20,20,20,20,20,20
250527,1,1,1987,0,0,0,0,0,0,0,0,0,0
250528,1,1,1987,31,21,29,19,28,26,22,14,0,23
250529,1,1,1987,19,19,19,19,19,19,19,19,19,19
250530,1,1,1987,19,19,19,19,19,19,19,19,19,19
250531,0,1,1987,0,0,0,24,0,0,0,6,0,0
250531,0,2,1987,0,0,0,0,0,0,0,0,0,0
250531,1,1,1987,0,0,0,0,0,0,7,10,9,0
250532,1,1,1987,9,9,9,9,9,9,9,9,9,9
250533,1,1,1987,0,4,0,0,0,7,0,5,0,14
250534,1,1,1987,11,20,7,13,0,30,8,20,9,19
250534,2,1,1987,2,2,2,2,2,2,2,2,2,2
250535,1,1,1987,0,0,0,0,0,0,0,0,0,0
250537,1,1,1987,0,0,0,0,0,0,0,0,0,0
250537,2,1,1987,0,0,0,0,0,0,0,0,24,0
250538,1,1,1987,11,11,11,11,11,11,11,11,11,11
250539,0,1,1987,0,0,0,0,0,0,0,0,0,0
250539,0,2,1987,0,9,0,0,0,0,0,0,0,0
250539,1,1,1987,0,0,0,0,13,6,0,0,0,0
250540,1,1,1987,0,0,0,0,0,0,0,0,0,0
250540,2,1,1987,0,0,0,0,0,0,0,0,0,0
250541,1,1,1987,0,0,9,0,0,0,0,0,13,0
250541,2,1,1987,0,0,0,0,0,0,0,0,0,0
250542,1,1,1987,4,4,6,22,7,17,0,0,1,0
250542,2,1,1987,12,12,12,12,12,12,12,12,12,12
250543,1,1,1987,17,0,0,0,18,0,10,0,0,0
250544,1,1,1987,8,0,0,0,0,0,0,0,0,0
250544,2,1,1987,20,0,2,0,16,20,0,0,0,0
250545,1,1,1987,7,16,7,0,10,8,23,17,7,0
250545,2,1,1987,6,6,6,6,6,6,6,6,6,6
250546,1,1,1987,21,21,21,21,21,21,21,21,21,21
250546,2,1,1987,9,0,29,14,25,22,0,0,14,0
250547,1,1,1987,0,0,0,0,0,0,0,0,0,0
250548,1,1,1987,0,0,27,0,0,0,0,0,0,0
250548,2,1,1987,0,0,0,0,0,0,0,0,0,0
250549,1,1,1987,0,0,0,13,0,9,0,9,6,9
250549,2,1,1987,0,0,0,0,0,0,0,0,0,0
250550,1,1,1987,15,15,15,15,15,15,15,15,15,15
250551,1,1,1987,25,25,25,25,25,25,25,25,25,25
250552,1,1,1987,13,13,13,13,13,13,13,13,13,13
250553,0,1,1987,0,0,0,0,0,0,0,0,0,0
250553,1,1,1987,0,0,25,7,0,0,0,0,0,0
250554,0,1,1987,0,0,0,0,0,0,0,0,0,0
250554,1,1,1987,0,0,0,0,0,0,0,0,0,0
250555,1,1,1987,25,7,16,10,6,12,8,13,12,20
250556,1,1,1987,13,13,13,13,13,13,13,13,13,13
250556,2,1,1987,20,0,0,5,4,24,0,0,12,0
250557,1,1,1987,21,21,21,21,21,21,21,21,21,21
250558,1,1,1987,18,18,18,18,18,18,18,18,18,18
250559,1,1,1987,35,35,35,35,35,35,35,35,35,35
250560,1,1,1987,0,0,0,0,0,0,0,0,0,0
250561,1,1,1987,0,0,0,0,0,0,0,0,0,0
250562,0,1,1987,0,0,0,0,0,0,0,0,0,0
250562,0,2,1987,0,0,24,6,0,0,0,3,0,0
250562,1,1,1987,0,0,0,5,0,0,0,7,0,0
250563,0,1,1987,14,0,0,0,0,10,0,30,46,0
250563,1,1,1987,0,0,0,0,0,0,0,0,0,6
250564,0,1,1987,0,0,0,0,0,0,0,0,0,0
250564,1,1,1987,0,0,0,0,0,0,0,0,0,0
250565,0,1,1987,0,0,0,0,0,0,0,0,0,0
250565,0,2,1987,0,0,0,0,0,0,0,0,0,0
250565,0,3,1987,0,0,0,0,0,0,0,0,0,0
250565,0,4,1987,0,0,0,0,0,0,0,0,0,0
250565,0,5,1987,0,0,0,0,0,0,0,0,0,0
250565,0,6,1987,0,0,7,0,0,0,0,6,0,0
250565,0,7,1987,0,7,0,0,0,0,0,9,7,0
250565,0,8,1987,2,0,12,16,7,0,0,0,0,0
250565,1,1,1987,0,0,0,0,0,0,0,0,0,0
250565,2,1,1987,0,0,0,0,0,0,0,0,0,0
250566,1,1,1987,0,0,0,0,0,0,0,0,0,0
250567,0,1,1987,26,26,26,26,26,26,26,26,26,26
250567,1,1,1987,0,0,0,0,0,0,0,0,0,0
250568,0,1,1987,0,0,0,0,0,0,0,0,0,0
250568,1,1,1987,0,0,0,0,0,0,0,0,0,0
250569,1,1,1987,0,0,0,0,0,0,0,0,0,0
250569,2,1,1987,0,31,0,8,0,0,0,0,0,0
250570,0,1,1987,0,0,0,0,0,0,0,0,0,0
250570,1,1,1987,0,0,0,0,0,0,5,0,0,0
250571,0,1,1987,0,0,0,0,0,0,0,0,0,0
250571,1,1,1987,0,0,23,0,0,0,0,0,0,0
250572,1,1,1987,10,14,6,17,27,24,15,26,20,25
250572,2,1,1987,0,0,0,0,0,0,0,0,0,0
250573,1,1,1987,0,0,0,0,0,0,0,0,0,0
250573,2,1,1987,0,0,0,0,0,0,0,18,0,0
250574,1,1,1987,14,0,0,0,0,0,15,0,0,0
250575,1,1,1987,0,0,0,0,0,0,0,0,0,0
250576,1,1,1987,0,0,0,11,0,0,0,0,0,0
250576,2,1,1987,0,0,0,0,3,0,0,0,0,16
250577,1,1,1987,22,0,0,0,0,17,0,0,0,0
250577,2,1,1987,0,0,0,0,0,0,0,0,0,0
250578,1,1,1987,0,0,14,0,0,5,0,11,0,14
250578,2,1,1987,22,13,9,11,32,13,21,0,8,11
250579,1,1,1987,0,0,0,0,0,0,0,0,0,0
250579,2,1,1987,3,8,14,9,26,16,5,13,16,11
250580,1,1,1987,0,0,0,0,0,12,0,0,0,0
250581,1,1,1987,17,17,17,17,17,17,17,17,17,17
250582,1,1,1987,17,17,17,17,17,17,17,17,17,17
250582,2,1,1987,0,0,0,0,0,0,4,0,0,0
250583,1,1,1987,0,0,0,0,0,0,0,0,0,0
250583,2,1,1987,0,0,0,0,0,0,0,13,0,0
250584,1,1,1987,20,20,20,20,20,20,20,20,20,20
250585,1,1,1987,0,0,0,0,0,0,0,0,0,0
250586,0,1,1987,0,0,0,0,0,0,0,0,0,0
250586,1,1,1987,0,0,0,0,0,0,0,24,14,0
250587,0,1,1987,21,21,21,21,21,21,21,21,21,21
250587,1,1,1987,0,0,21,0,22,0,7,14,0,0
250588,1,1,1987,0,0,0,0,6,0,0,0,0,0
250588,2,1,1987,0,0,0,0,0,0,0,0,0,0
250589,0,1,1987,0,0,0,0,0,0,0,0,0,0
250589,1,1,1987,0,0,0,0,0,0,0,0,0,0
250590,1,1,1987,14,14,14,14,14,14,14,14,14,14
250591,1,1,1987,22,14,9,12,22,12,9,13,17,14
250591,2,1,1987,6,6,6,6,6,6,6,6,6,6
250592,1,1,1987,0,0,0,0,0,0,0,0,0,0
250592,2,1,1987,0,0,0,0,0,0,0,0,0,0
250593,0,1,1987,19,0,18,24,21,0,0,21,11,10
250593,1,1,1987,0,32,0,0,0,0,0,0,0,0
250594,1,1,1987,0,0,0,0,0,0,0,0,0,0
250594,2,1,1987,0,0,0,0,0,0,14,19,0,0
250595,1,1,1987,0,0,0,0,0,0,0,0,0,0
250596,1,1,1987,0,0,0,0,0,0,0,0,0,0
250596,2,1,1987,0,0,0,0,0,0,0,0,0,0
250597,1,1,1987,0,0,0,0,0,0,0,0,0,0
250597,2,1,1987,0,0,0,0,0,0,0,0,0,0
250598,1,1,1987,0,0,0,0,0,0,0,0,0,0
250598,2,1,1987,0,0,7,0,0,0,0,0,0,0
250599,0,1,1987,0,0,0,0,0,0,0,0,0,0
250599,1,1,1987,17,22,11,13,29,1,15,15,42,20
250600,1,1,1987,0,0,0,0,0,0,0,0,0,0
250600,2,1,1987,0,0,0,0,0,0,0,0,0,0
250601,1,1,1987,0,0,0,0,0,0,0,0,0,0
250601,2,1,1987,0,0,0,0,0,0,0,0,0,0
250602,1,1,1987,0,0,0,0,0,0,0,0,0,0
250602,2,1,1987,9,33,2,13,0,12,9,4,5,5
250603,1,1,1987,0,9,17,0,26,0,0,14,8,17
250603,2,1,1987,0,31,0,0,0,0,0,0,9,0
250604,0,1,1987,13,11,26,0,9,18,0,0,0,28
250604,1,1,1987,0,0,0,0,0,0,10,17,0,0
250605,1,1,1987,0,0,0,0,0,0,0,0,0,0
250605,2,1,1987,0,0,0,0,0,0,0,0,0,0
250606,1,1,1987,17,17,17,17,17,17,17,17,17,17
250607,1,1,1987,4,15,5,20,14,4,14,27,14,4
250608,0,1,1987,0,0,0,0,0,0,0,0,0,0
250608,1,1,1987,0,0,0,0,0,20,12,0,0,0
250609,0,1,1987,22,22,22,22,22,22,22,22,22,22
250609,1,1,1987,0,6,22,0,7,13,0,0,0,0
250610,1,1,1987,0,0,0,0,0,0,0,0,0,0
250610,2,1,1987,0,6,0,0,0,10,0,0,10,0
250611,0,1,1987,0,0,0,0,0,0,0,0,0,0
250611,1,1,1987,0,0,12,26,0,0,0,0,16,0
250612,1,1,1987,0,3,0,0,0,0,0,10,0,0
250612,2,1,1987,0,0,0,0,0,0,0,0,0,0
250613,1,1,1987,12,16,0,0,33,12,0,15,0,0
250614,0,1,1987,0,0,0,0,0,0,0,0,0,0
250614,1,1,1987,9,54,18,50,0,10,6,25,12,0
250615,1,1,1987,2,2,2,2,2,2,2,2,2,2
250616,0,1,1987,0,0,0,0,0,0,0,0,0,0
250616,1,1,1987,0,37,40,11,14,19,14,17,22,13
250617,0,1,1987,0,0,0,0,0,0,0,0,0,0
250617,1,1,1987,10,8,0,10,15,0,13,0,0,14
250618,1,1,1987,0,0,0,0,0,0,0,0,0,0
250619,0,1,1987,0,0,0,0,0,0,0,0,0,0
250619,1,1,1987,22,0,0,0,0,0,0,0,0,0
250620,1,1,1987,0,0,0,0,0,0,0,0,0,0
250620,2,1,1987,0,0,0,0,0,0,0,0,0,0
250621,1,1,1987,7,7,7,7,7,7,7,7,7,7
250621,2,1,1987,0,0,0,0,0,0,0,0,0,0
250622,1,1,1987,0,0,4,0,0,0,2,0,0,12
250623,1,1,1987,0,0,0,0,0,0,0,0,0,0
250624,1,1,1987,0,0,0,0,0,0,0,0,0,0
250624,2,1,1987,0,24,0,9,0,14,0,0,0,0
250625,1,1,1987,14,14,14,14,14,14,14,14,14,14
250626,0,1,1987,20,20,20,20,20,20,20,20,20,20
250626,1,1,1987,0,0,0,0,0,0,0,0,0,0
250627,1,1,1987,15,15,15,15,15,15,15,15,15,15
250628,1,1,1987,8,18,18,19,21,17,27,15,12,11
250628,2,1,1987,10,0,0,0,10,12,0,0,13,0
250629,1,1,1987,0,0,0,0,0,7,10,9,0,0
250630,1,1,1987,16,16,16,16,16,16,16,16,16,16
250631,1,1,1987,0,0,0,0,0,0,0,0,0,0
250632,0,1,1987,0,0,0,0,0,0,0,0,0,0
250632,1,1,1987,0,0,0,0,0,0,0,0,0,0
250633,1,1,1987,0,0,0,0,0,0,0,0,0,0
250633,2,1,1987,5,0,0,0,0,0,16,0,29,0