ST_CASE,VEH_NO,PER_NO,YEAR,P1,P2,P3,P4,P5,P6,P7,P8,P9,P10
250634,1,1,1987,0,0,0,0,10,0,0,0,0,11
250634,2,1,1987,20,0,0,0,0,0,0,0,0,0
250636,1,1,1987,8,0,0,0,5,30,0,11,0,13
250636,2,1,1987,8,7,13,5,12,9,4,9,0,0
250637,1,1,1987,7,7,7,7,7,7,7,7,7,7
250637,2,1,1987,0,11,0,0,0,0,0,0,0,0
250637,3,1,1987,0,0,22,0,0,0,0,0,8,0
250638,1,1,1987,7,7,11,16,10,3,14,6,11,9
250638,2,1,1987,20,0,30,20,0,28,15,0,13,0
250639,1,1,1987,15,31,12,11,17,17,15,16,8,4
250639,2,1,1987,0,0,0,0,0,0,0,0,0,0
250640,0,1,1987,10,10,10,10,10,10,10,10,10,10
250640,1,1,1987,0,0,0,17,0,10,0,23,0,0
250641,0,1,1987,13,13,13,13,13,13,13,13,13,13
250641,1,1,1987,7,3,9,4,21,15,15,8,20,14
250642,0,1,1987,0,38,0,0,0,21,0,0,3,12
250642,1,1,1987,0,14,0,0,10,0,23,0,0,0
250643,1,1,1987,0,17,0,4,0,0,0,0,0,0
250643,2,1,1987,0,0,0,0,0,0,0,0,0,0
250645,0,1,1987,0,0,0,0,0,0,0,0,0,0
250645,1,1,1987,0,0,14,0,0,0,0,0,0,0
250646,1,1,1987,13,13,8,11,15,0,8,9,6,3
250647,0,1,1987,0,0,0,0,0,0,0,0,0,0
250647,1,1,1987,0,9,0,6,0,25,0,8,10,13
250648,1,1,1987,0,0,0,0,0,0,0,0,0,0
250649,1,1,1987,21,5,11,8,0,18,26,12,24,7
250650,1,1,1987,0,0,0,0,11,0,0,22,0,5
250651,1,1,1987,23,23,23,23,23,23,23,23,23,23
250652,0,1,1987,0,0,0,0,0,0,0,0,0,0
250652,1,1,1987,7,12,0,0,0,0,0,0,0,0
250652,2,1,1987,0,0,0,0,0,0,0,0,0,0
250653,0,1,1987,0,0,0,0,0,0,0,0,0,0
250653,0,2,1987,0,0,0,0,0,0,0,0,0,0
250653,0,3,1987,0,0,5,0,0,0,14,7,0,0
250653,0,4,1987,0,17,0,0,0,0,5,0,3,0
250653,1,1,1987,0,0,0,0,3,0,0,0,0,0
260001,1,1,1987,21,21,21,21,21,21,21,21,21,21
260002,1,1,1987,26,26,26,26,26,26,26,26,26,26
260003,1,1,1987,0,0,0,0,0,0,0,0,0,0
260003,2,1,1987,0,0,0,0,0,0,0,0,0,0
260004,1,1,1987,0,0,0,0,0,0,0,0,0,0
260004,2,1,1987,0,0,19,0,0,0,0,0,0,0
260005,1,1,1987,27,27,27,27,27,27,27,27,27,27
260006,1,1,1987,15,31,16,21,20,26,26,31,23,31
260006,2,1,1987,0,0,0,0,0,0,0,0,0,0
260007,1,1,1987,0,0,0,0,0,0,0,0,0,0
260008,1,1,1987,0,0,0,0,0,0,0,0,0,0
260008,2,1,1987,0,0,0,0,0,0,0,0,0,0
260009,1,1,1987,0,0,0,0,0,0,0,0,0,0
260010,1,1,1987,0,0,0,0,0,0,0,0,0,0
260010,2,1,1987,0,0,0,0,0,0,0,0,0,0
260010,3,1,1987,0,0,0,0,0,0,0,0,0,0
260011,1,1,1987,0,0,0,0,0,0,0,0,0,0
260011,2,1,1987,0,0,0,0,0,0,0,0,0,0
260012,1,1,1987,0,0,0,0,0,0,14,0,0,0
260012,2,1,1987,0,0,0,8,0,0,0,0,0,0
260013,1,1,1987,0,0,0,0,0,0,0,0,0,0
260014,1,1,1987,7,10,9,10,20,10,19,17,12,10
260015,1,1,1987,27,27,27,27,27,27,27,27,27,27
260015,2,1,1987,8,0,7,0,0,0,0,0,0,0
260016,1,1,1987,0,0,0,0,0,0,0,0,0,0
260016,2,1,1987,0,0,0,0,0,0,0,0,0,0
260017,1,1,1987,0,0,0,0,0,0,0,0,0,0
260017,2,1,1987,0,0,0,0,18,0,0,0,0,0
260017,3,1,1987,0,0,0,0,0,0,0,0,6,0
260018,0,1,1987,0,0,13,0,0,0,0,0,0,0
260018,1,1,1987,0,0,0,0,0,0,0,0,0,0
260019,1,1,1987,0,0,0,0,7,0,0,0,0,0
260021,1,1,1987,0,0,0,0,0,0,0,0,0,0
260021,2,1,1987,0,0,0,0,0,0,0,0,12,0
260021,3,1,1987,0,8,0,0,17,0,0,0,0,0
260022,1,1,1987,14,14,14,14,14,14,14,14,14,14
260022,2,1,1987,22,22,22,22,22,22,22,22,22,22
260023,1,1,1987,6,0,4,20,11,7,22,20,21,28
260024,0,1,1987,15,15,15,15,15,15,15,15,15,15
260024,1,1,1987,21,21,21,21,21,21,21,21,21,21
260025,1,1,1987,5,5,5,5,5,5,5,5,5,5
260025,2,1,1987,4,4,4,4,4,4,4,4,4,4
260026,1,1,1987,0,0,0,0,9,0,0,0,0,0
260027,1,1,1987,0,0,0,0,0,0,0,0,0,0
260027,2,1,1987,0,0,0,3,0,0,0,0,0,0
260028,1,1,1987,7,13,20,22,10,0,27,11,10,19
260029,1,1,1987,0,0,0,0,0,0,0,0,0,0
260029,2,1,1987,0,0,0,0,0,0,0,0,0,0
260029,3,1,1987,0,0,0,0,0,0,0,0,0,0
260030,1,1,1987,9,9,9,9,9,9,9,9,9,9
260030,2,1,1987,3,3,3,3,3,3,3,3,3,3
260031,1,1,1987,21,21,21,21,21,21,21,21,21,21
260032,1,1,1987,0,0,0,0,0,0,0,0,0,0
260033,1,1,1987,0,0,0,0,0,0,0,0,0,0
260033,2,1,1987,0,0,0,0,0,0,0,0,0,0
260034,1,1,1987,0,0,0,0,0,0,0,0,0,0
260035,1,1,1987,0,5,0,0,0,0,0,0,0,0
260035,2,1,1987,0,0,0,0,0,0,0,0,0,0
260036,0,1,1987,0,0,0,0,0,0,0,0,0,0
260036,1,1,1987,0,0,0,0,0,0,0,0,0,0
260037,1,1,1987,13,25,6,33,16,18,30,10,28,23
260037,2,1,1987,0,0,0,0,0,0,0,0,0,0
260038,1,1,1987,22,22,22,22,22,22,22,22,22,22
260038,2,1,1987,2,2,2,2,2,2,2,2,2,2
260039,1,1,1987,0,0,0,0,0,0,0,0,0,0
260039,2,1,1987,0,0,0,0,0,0,0,0,0,13
260040,1,1,1987,0,0,0,0,0,0,0,0,0,0
260040,2,1,1987,0,0,0,0,0,0,0,0,3,0
260041,0,1,1987,0,0,20,0,0,0,0,0,16,0
260041,1,1,1987,18,37,0,0,0,12,16,0,24,8
260042,1,1,1987,4,4,4,4,4,4,4,4,4,4
260042,2,1,1987,0,0,0,0,0,0,0,0,0,0
260044,1,1,1987,0,0,0,0,0,0,0,0,0,0
260044,2,1,1987,0,0,0,0,0,0,0,0,0,0
260045,1,1,1987,0,0,0,0,0,0,0,0,0,0
260046,1,1,1987,0,0,0,0,0,0,0,0,0,0
260046,2,1,1987,0,0,0,0,0,0,0,0,0,0
260046,3,1,1987,0,0,0,0,0,0,0,0,0,0
260047,1,1,1987,0,0,0,0,0,0,0,0,0,0
260047,2,1,1987,1,1,1,1,1,1,1,1,1,1
260047,3,1,1987,0,0,0,0,0,0,0,0,20,37
260048,1,1,1987,0,0,0,0,0,0,0,0,0,0
260048,2,1,1987,0,0,0,0,0,0,0,0,0,0
260049,1,1,1987,0,0,0,0,0,0,0,0,13,0
260049,2,1,1987,0,0,0,0,0,0,0,0,0,0
260050,1,1,1987,11,11,11,11,11,11,11,11,11,11
260051,1,1,1987,4,4,4,4,4,4,4,4,4,4
260051,2,1,1987,0,0,0,0,0,0,0,0,0,0
260052,1,1,1987,0,0,0,0,0,0,0,0,0,0
260052,2,1,1987,0,0,0,0,0,0,0,0,0,17
260053,1,1,1987,25,0,0,0,0,0,8,0,0,0
260053,2,1,1987,0,0,0,0,0,0,0,0,0,0
260054,1,1,1987,12,9,33,16,44,8,5,13,46,7
260055,0,1,1987,0,0,0,0,0,0,0,35,0,0
260055,1,1,1987,0,0,0,0,0,0,0,0,0,0
260056,0,1,1987,0,0,0,0,0,0,0,0,0,0
260056,0,2,1987,0,0,0,0,0,0,0,0,0,0
260056,1,1,1987,0,0,0,0,0,0,0,0,0,0
260057,1,1,1987,0,0,0,0,0,0,0,0,0,0
260057,2,1,1987,0,0,0,0,0,0,0,0,0,0
260058,0,1,1987,27,27,27,27,27,27,27,27,27,27
260058,1,1,1987,0,0,0,0,0,0,0,0,0,11
260059,0,1,1987,0,20,0,0,0,0,0,0,0,0
260059,1,1,1987,0,0,0,0,0,0,0,0,0,0
260060,1,1,1987,13,13,13,13,13,13,13,13,13,13
260060,2,1,1987,0,0,0,0,0,0,0,0,0,0
260060,3,1,1987,0,0,0,0,0,0,0,0,0,0
260061,1,1,1987,7,7,7,7,7,7,7,7,7,7
260061,2,1,1987,0,0,0,0,0,0,0,0,0,0
260062,1,1,1987,25,14,0,0,0,20,0,0,17,24
260063,1,1,1987,0,0,0,0,0,0,0,0,0,0
260063,2,1,1987,20,20,20,20,20,20,20,20,20,20
260064,1,1,1987,0,0,0,0,0,0,0,0,0,0
260064,2,1,1987,0,0,0,0,0,0,0,0,0,0
260065,1,1,1987,0,0,0,0,0,0,0,0,0,0
260065,2,1,1987,0,0,0,0,0,0,0,0,0,0
260066,1,1,1987,0,0,0,0,0,0,0,0,0,0
260066,2,1,1987,0,0,0,0,0,0,0,0,0,0
260067,1,1,1987,0,0,0,0,0,0,0,0,0,0
260069,1,1,1987,0,0,0,0,0,0,0,0,0,0
260070,1,1,1987,13,13,13,13,13,13,13,13,13,13
260072,1,1,1987,11,11,11,11,11,11,11,11,11,11
260072,2,1,1987,13,13,13,13,13,13,13,13,13,13
260073,1,1,1987,0,0,0,0,0,0,0,0,0,0
260073,2,1,1987,8,7,14,7,8,12,5,12,5,14
260074,0,1,1987,0,0,0,0,0,0,0,0,0,0
260074,1,1,1987,0,0,0,0,0,0,0,0,0,0
260075,1,1,1987,0,0,0,0,0,0,0,0,0,0
260075,2,1,1987,0,0,0,0,0,0,0,0,0,0
260076,1,1,1987,19,19,19,19,19,19,19,19,19,19
260077,1,1,1987,4,11,21,4,10,11,7,21,8,13
260078,1,1,1987,0,0,0,0,0,0,0,0,0,0
260078,2,1,1987,0,0,0,0,0,0,0,0,0,0
260079,1,1,1987,0,0,0,0,0,0,0,0,0,0
260080,1,1,1987,9,29,22,21,43,24,16,20,34,10
260081,1,1,1987,0,0,0,0,0,0,0,0,0,0
260081,2,1,1987,0,0,0,0,0,0,0,0,0,0
260082,1,1,1987,24,24,24,24,24,24,24,24,24,24
260083,1,1,1987,4,4,4,4,4,4,4,4,4,4
260083,2,1,1987,0,0,0,0,0,0,0,0,2,0
260084,1,1,1987,15,15,15,15,15,15,15,15,15,15
260084,2,1,1987,12,12,12,12,12,12,12,12,12,12
260085,1,1,1987,11,3,0,0,6,20,7,4,14,9
260085,2,1,1987,0,0,0,0,0,0,0,0,0,0
260086,1,1,1987,22,22,22,22,22,22,22,22,22,22
260086,2,1,1987,5,14,4,9,13,5,14,14,6,21
260087,1,1,1987,0,3,9,7,13,11,0,8,12,16
260087,2,1,1987,0,0,0,0,0,0,0,0,0,0
260088,0,1,1987,0,0,0,0,0,0,0,0,0,0
260088,1,1,1987,0,0,0,0,0,0,0,0,0,0
260089,0,1,1987,13,0,0,0,0,0,0,0,0,0
260089,0,2,1987,0,0,0,0,0,0,0,0,10,0
260089,1,1,1987,15,0,0,0,0,0,27,0,0,0
260090,1,1,1987,0,0,0,0,0,0,0,0,0,0
260091,1,1,1987,0,0,0,0,0,0,0,0,0,0
260091,2,1,1987,0,0,0,0,0,0,0,0,0,0
260091,3,1,1987,0,0,0,0,0,0,0,0,0,0
260092,0,1,1987,0,0,0,0,0,0,0,0,0,0
260092,1,1,1987,0,0,0,0,0,0,0,0,0,0
260093,1,1,1987,0,0,0,0,0,0,0,0,0,0
260093,2,1,1987,0,0,0,0,0,0,0,0,0,0
260093,3,1,1987,0,0,0,0,0,0,0,0,0,0
260094,1,1,1987,0,0,0,0,0,0,0,0,0,0
260094,2,1,1987,0,0,0,0,0,0,0,0,0,0
260095,0,1,1987,0,0,0,0,0,0,0,0,0,0
260095,1,1,1987,0,0,0,0,0,0,0,0,0,0
260096,0,1,1987,0,0,0,0,0,0,0,0,0,0
260096,1,1,1987,0,0,0,16,0,0,0,0,0,0
260097,1,1,1987,13,13,13,13,13,13,13,13,13,13
260098,1,1,1987,0,0,0,0,0,0,0,0,0,0
260099,1,1,1987,0,0,0,0,0,0,0,0,0,0
260100,1,1,1987,0,0,0,0,0,0,0,0,0,0
260101,0,1,1987,0,0,0,0,0,0,0,0,0,13
260101,1,1,1987,0,0,0,0,0,0,0,0,0,0
260102,1,1,1987,0,0,0,0,0,0,0,0,0,0
260102,2,1,1987,0,0,0,0,0,0,0,18,0,0
260103,1,1,1987,21,24,13,24,0,0,24,19,0,6
260105,1,1,1987,3,3,3,3,3,3,3,3,3,3
260106,0,1,1987,0,0,0,0,0,0,0,0,0,0
260106,1,1,1987,0,0,0,0,0,0,0,0,0,0
260107,1,1,1987,6,6,6,6,6,6,6,6,6,6
260108,1,1,1987,25,25,25,25,25,25,25,25,25,25
260109,1,1,1987,0,0,0,0,0,0,0,0,0,0
260109,2,1,1987,0,0,0,0,0,0,0,0,0,0
260110,1,1,1987,27,27,27,27,27,27,27,27,27,27
260111,1,1,1987,0,0,0,0,0,0,0,0,0,0
260111,2,1,1987,0,0,0,0,0,0,0,0,0,0
260112,1,1,1987,0,0,27,0,0,0,0,0,0,0
260112,2,1,1987,0,0,0,0,0,0,0,0,0,0
260113,1,1,1987,26,26,26,26,26,26,26,26,26,26
260114,1,1,1987,20,20,20,20,20,20,20,20,20,20
260115,1,1,1987,27,27,27,27,27,27,27,27,27,27
260116,1,1,1987,0,0,0,0,0,0,0,0,0,0
260116,2,1,1987,0,0,0,0,0,0,0,0,0,0
260117,1,1,1987,0,0,0,0,0,0,0,0,0,0
260117,2,1,1987,14,24,13,12,9,14,8,9,19,18
260119,1,1,1987,35,35,35,35,35,35,35,35,35,35
260120,1,1,1987,19,19,19,19,19,19,19,19,19,19
260120,2,1,1987,0,0,0,0,0,0,0,0,0,0
260121,1,1,1987,24,24,24,24,24,24,24,24,24,24
260122,1,1,1987,25,25,25,25,25,25,25,25,25,25
260123,1,1,1987,21,21,21,21,21,21,21,21,21,21
260123,2,1,1987,0,0,0,0,0,0,0,0,0,0
260124,1,1,1987,10,12,11,12,5,14,19,15,7,16
260124,2,1,1987,3,3,3,3,3,3,3,3,3,3
260124,3,1,1987,11,11,11,11,11,11,11,11,11,11
260125,1,1,1987,14,14,14,14,14,14,14,14,14,14
260126,1,1,1987,0,0,0,0,0,0,0,0,0,0
260126,2,1,1987,0,0,0,0,0,0,0,0,0,0
260127,0,1,1987,51,51,51,51,51,51,51,51,51,51
260127,1,1,1987,0,0,0,0,0,0,0,0,0,0
260128,0,1,1987,0,4,13,0,4,0,0,0,0,0
260128,0,2,1987,3,0,4,0,0,0,0,6,0,0
260128,0,3,1987,19,10,0,0,4,0,0,0,16,0
260128,1,1,1987,6,6,6,6,6,6,6,6,6,6
260129,1,1,1987,15,15,15,15,15,15,15,15,15,15
260129,2,1,1987,0,0,0,0,0,20,0,0,0,0
260129,3,1,1987,0,0,0,0,0,0,0,0,0,0
260130,1,1,1987,0,0,0,0,0,0,0,0,0,0
260130,2,1,1987,0,0,0,0,0,0,0,0,0,0
260131,1,1,1987,0,0,0,0,0,0,0,0,0,0
260132,0,1,1987,0,0,0,0,0,0,0,0,0,0
260132,1,1,1987,0,0,0,0,0,0,0,0,0,0
260133,0,1,1987,0,0,0,0,0,0,0,0,0,0
260133,1,1,1987,19,19,19,19,19,19,19,19,19,19
260134,0,1,1987,0,0,0,0,0,0,0,0,0,0
260135,1,1,1987,22,25,20,19,16,41,7,19,16,17
260136,1,1,1987,0,0,0,0,0,0,0,0,0,0
260137,1,1,1987,0,0,0,0,0,0,0,0,0,0
260137,2,1,1987,0,0,0,0,0,0,0,0,0,0
260138,0,1,1987,25,25,25,25,25,25,25,25,25,25
260138,1,1,1987,0,0,0,0,0,22,0,0,0,0
260139,1,1,1987,11,11,11,11,11,11,11,11,11,11
260139,2,1,1987,0,0,0,0,0,0,0,0,0,0
260140,1,1,1987,0,0,0,0,0,0,0,0,0,0
260140,2,1,1987,0,0,0,0,0,0,0,0,0,0
260141,0,1,1987,0,0,0,0,0,0,0,0,0,0
260141,0,2,1987,0,0,0,0,0,0,0,0,0,0
260141,1,1,1987,0,0,0,0,0,0,0,0,0,0
260142,1,1,1987,33,24,8,12,34,24,25,9,19,27
260142,2,1,1987,7,0,0,0,0,0,0,0,11,0
260143,1,1,1987,5,11,0,10,10,0,0,8,0,0
260144,0,1,1987,20,20,20,20,20,20,20,20,20,20
260144,1,1,1987,15,15,15,15,15,15,15,15,15,15
260145,0,1,1987,0,0,0,0,0,0,0,0,0,0
260145,1,1,1987,15,0,25,31,6,24,17,18,8,1
260146,1,1,1987,6,6,6,6,6,6,6,6,6,6
260146,2,1,1987,15,0,0,0,0,0,0,0,0,0
260147,1,1,1987,0,0,0,0,0,10,0,0,0,0
260147,2,1,1987,0,0,0,0,0,0,0,0,0,0
260148,0,1,1987,7,7,7,7,7,7,7,7,7,7
260148,1,1,1987,0,0,0,0,0,0,0,0,0,0
260149,0,1,1987,20,20,20,20,20,20,20,20,20,20
260149,0,2,1987,28,28,28,28,28,28,28,28,28,28
260149,1,1,1987,0,0,0,0,0,0,0,0,0,0
260151,0,1,1987,0,0,0,0,0,0,0,0,0,0
260151,1,1,1987,0,0,0,0,0,0,0,0,22,0
260152,1,1,1987,16,16,16,16,16,16,16,16,16,16
260152,2,1,1987,2,2,2,2,2,2,2,2,2,2
260153,1,1,1987,10,10,10,10,10,10,10,10,10,10
260154,0,1,1987,0,0,0,0,0,0,0,0,0,0
260154,1,1,1987,15,15,15,15,15,15,15,15,15,15
260155,1,1,1987,1,1,1,1,1,1,1,1,1,1
260155,2,1,1987,6,6,6,6,6,6,6,6,6,6
260156,1,1,1987,0,0,0,2,11,18,20,0,17,19
260157,1,1,1987,0,0,0,0,0,0,0,0,0,0
260158,1,1,1987,12,12,12,12,12,12,12,12,12,12
260159,1,1,1987,18,24,0,28,0,18,9,0,0,0
260160,1,1,1987,0,0,5,0,0,0,0,0,0,0
260160,2,1,1987,0,0,0,0,0,6,0,0,0,6
260161,1,1,1987,2,2,2,2,2,2,2,2,2,2
260162,1,1,1987,15,15,15,15,15,15,15,15,15,15
260162,2,1,1987,0,0,0,0,0,0,0,0,0,0
260163,1,1,1987,19,19,19,19,19,19,19,19,19,19
260164,1,1,1987,9,9,9,9,9,9,9,9,9,9
260164,2,1,1987,0,0,0,0,23,0,0,0,10,17
260165,1,1,1987,0,0,0,0,0,0,0,0,0,0
260165,2,1,1987,0,0,0,0,0,0,0,0,0,0
260166,1,1,1987,0,0,0,0,0,0,0,0,0,0
260166,2,1,1987,0,0,0,0,0,0,0,0,0,0
260167,1,1,1987,0,0,0,0,0,0,0,0,0,0
260167,2,1,1987,0,0,0,0,0,0,0,0,0,0
260168,1,1,1987,0,0,0,0,0,0,0,0,0,0
260168,2,1,1987,0,0,0,0,0,0,0,0,0,0
260169,1,1,1987,0,0,0,0,0,0,0,0,9,0
260169,2,1,1987,0,0,0,0,0,0,0,0,0,0
260169,3,1,1987,0,0,0,0,0,0,0,0,0,0
260170,1,1,1987,25,25,25,25,25,25,25,25,25,25
260171,1,1,1987,0,0,0,0,0,0,0,0,0,0
260171,2,1,1987,0,0,0,0,0,0,0,0,0,0
260172,1,1,1987,38,38,38,38,38,38,38,38,38,38
260173,0,1,1987,14,14,14,14,14,14,14,14,14,14
260173,1,1,1987,0,0,0,0,0,0,0,0,0,0
260174,1,1,1987,0,0,0,0,0,0,0,0,0,0
260175,1,1,1987,0,0,0,0,0,0,0,0,0,0
260175,2,1,1987,0,0,0,0,0,0,0,0,0,0
260176,0,1,1987,0,0,0,0,0,0,0,0,0,0
260176,1,1,1987,15,15,15,15,15,15,15,15,15,15
260177,0,1,1987,26,26,26,26,26,26,26,26,26,26
260177,1,1,1987,0,0,0,0,0,0,0,24,0,0
260178,0,1,1987,23,23,23,23,23,23,23,23,23,23
260178,1,1,1987,0,0,0,0,0,0,0,0,0,0
260179,1,1,1987,0,0,0,0,0,0,0,0,0,0
260179,2,1,1987,0,0,0,0,0,0,0,0,0,0
260180,1,1,1987,0,0,11,0,0,0,0,0,0,0
260181,0,1,1987,0,12,16,0,0,0,0,0,0,0
260181,1,1,1987,0,0,0,0,0,0,0,0,0,0
260182,1,1,1987,0,0,0,17,0,32,0,0,0,0
260183,1,1,1987,7,7,7,7,7,7,7,7,7,7
260184,1,1,1987,15,15,15,15,15,15,15,15,15,15
260184,2,1,1987,0,0,0,0,0,0,0,0,0,0
260185,1,1,1987,17,21,0,10,14,11,18,6,34,0
260185,2,1,1987,0,0,0,0,0,0,0,0,0,0
260186,1,1,1987,9,9,9,9,9,9,9,9,9,9
260187,1,1,1987,0,0,0,0,0,0,0,0,0,0
260187,2,1,1987,0,0,0,0,0,0,0,0,0,0
260189,1,1,1987,16,16,16,16,16,16,16,16,16,16
260190,1,1,1987,11,15,0,20,20,7,30,18,16,18
260190,2,1,1987,0,0,0,0,0,0,0,0,0,0
260191,0,1,1987,0,0,0,0,0,0,0,0,0,0
260191,1,1,1987,0,0,0,0,0,0,0,0,0,0
260192,1,1,1987,0,0,0,0,0,0,0,14,0,0
260193,1,1,1987,0,0,0,0,0,0,0,0,11,0
260193,2,1,1987,0,0,0,19,0,0,0,0,0,0
260194,1,1,1987,38,38,38,38,38,38,38,38,38,38
260195,0,1,1987,0,0,0,0,0,0,0,0,0,0
260195,1,1,1987,20,18,4,14,26,14,4,5,5,19
260196,1,1,1987,3,3,3,3,3,3,3,3,3,3
260197,0,1,1987,0,0,0,0,0,0,0,0,0,0
260198,1,1,1987,0,0,0,0,0,0,0,0,0,0
260199,0,1,1987,0,0,0,0,0,0,0,6,0,0
260199,0,2,1987,0,0,0,0,0,0,0,0,0,11
260199,1,1,1987,0,0,0,0,0,0,0,0,0,0
260200,1,1,1987,0,0,0,0,0,0,0,0,0,0
260200,2,1,1987,0,0,0,0,0,0,0,0,0,0
260201,0,1,1987,0,0,21,0,0,3,0,0,11,0
260201,1,1,1987,0,0,0,0,0,0,0,0,0,0
260202,1,1,1987,0,0,0,0,0,9,0,0,0,0
260202,2,1,1987,0,0,0,0,0,0,0,0,0,0
260203,1,1,1987,0,0,0,0,0,0,0,0,0,0
260203,2,1,1987,0,0,0,0,0,0,0,0,0,0
260204,1,1,1987,12,12,12,12,12,12,12,12,12,12
260204,2,1,1987,0,0,0,0,0,0,0,0,0,0
260205,0,1,1987,0,0,0,0,0,0,0,0,0,0
260205,1,1,1987,20,20,20,20,20,20,20,20,20,20
260206,1,1,1987,0,0,0,0,0,0,0,0,0,0
260207,0,1,1987,22,22,22,22,22,22,22,22,22,22
260207,1,1,1987,0,0,0,0,0,8,0,0,30,0
260207,2,1,1987,2,2,2,2,2,2,2,2,2,2
260208,0,1,1987,29,29,29,29,29,29,29,29,29,29
260208,1,1,1987,0,26,5,20,16,25,0,18,8,12
260209,0,1,1987,13,11,25,25,14,4,34,0,0,20
260209,1,1,1987,14,35,20,0,0,0,0,0,0,34
260210,1,1,1987,0,0,0,0,0,0,0,0,0,0
260211,1,1,1987,0,0,0,0,0,0,0,0,0,0
260211,2,1,1987,0,0,0,0,0,0,0,0,0,0
260212,1,1,1987,0,0,0,0,0,0,0,0,0,0
260212,2,1,1987,0,0,0,0,0,4,0,0,0,0
260212,3,1,1987,0,0,0,0,0,0,0,0,0,0
260213,1,1,1987,14,14,14,14,14,14,14,14,14,14
260213,2,1,1987,0,0,0,0,5,0,0,0,0,0
260214,0,1,1987,0,0,0,0,0,0,10,0,0,0
260214,1,1,1987,0,0,0,0,0,0,0,0,0,0
260215,1,1,1987,19,19,19,19,19,19,19,19,19,19
260216,1,1,1987,17,17,17,17,17,17,17,17,17,17
260217,1,1,1987,0,0,0,0,0,0,0,0,0,0
260217,2,1,1987,0,0,0,0,19,0,0,0,0,0
260218,0,1,1987,0,0,0,0,0,0,0,0,0,0
260218,1,1,1987,0,0,0,0,0,0,0,0,11,0
260219,1,1,1987,0,0,0,0,0,0,0,0,0,0
260219,2,1,1987,0,0,0,0,0,0,0,0,0,0
260220,1,1,1987,18,18,18,18,18,18,18,18,18,18
260220,2,1,1987,0,0,0,0,0,0,0,0,0,0
260221,1,1,1987,0,0,0,0,9,0,0,0,0,0
260221,2,1,1987,0,16,0,0,0,3,18,0,15,0
260222,1,1,1987,0,14,15,0,0,23,0,17,11,0
260222,2,1,1987,0,12,0,0,0,0,0,0,0,0
260223,1,1,1987,11,6,19,12,15,9,20,12,22,22
260224,0,1,1987,0,0,0,0,0,0,0,0,0,0
260224,1,1,1987,0,0,0,0,0,0,0,0,0,0
260225,1,1,1987,0,0,0,0,0,0,0,0,0,0
260225,2,1,1987,0,0,0,0,0,0,0,0,0,0
260226,1,1,1987,0,0,0,0,5,0,0,0,0,0
260226,2,1,1987,0,0,0,0,0,0,0,0,0,0
260227,1,1,1987,0,0,0,0,0,0,0,0,0,0
260227,2,1,1987,0,0,0,0,0,0,0,0,0,0
260228,1,1,1987,27,27,27,27,27,27,27,27,27,27
260229,1,1,1987,0,0,0,0,0,0,0,0,0,0
260229,2,1,1987,0,0,0,0,0,0,0,0,0,0
260229,3,1,1987,0,0,0,0,0,0,0,0,0,0
260230,1,1,1987,3,6,9,3,7,0,16,7,21,17
260231,0,1,1987,18,18,18,18,18,18,18,18,18,18
260231,1,1,1987,27,34,0,0,22,0,0,0,0,25
260232,1,1,1987,11,8,14,23,18,14,14,13,18,8
260233,1,1,1987,0,0,0,0,0,0,0,0,0,0
260233,2,1,1987,0,0,0,0,0,0,0,0,0,0
260233,3,1,1987,0,0,0,0,0,0,0,0,0,0
260234,1,1,1987,0,0,0,0,0,0,0,0,0,0
260234,2,1,1987,0,0,0,0,0,0,0,0,0,0
260235,1,1,1987,0,0,0,0,0,0,0,0,0,0
260236,1,1,1987,0,0,0,0,0,0,0,0,0,0
260237,1,1,1987,6,6,6,6,6,6,6,6,6,6
260238,1,1,1987,16,16,16,16,16,16,16,16,16,16
260239,0,1,1987,16,16,16,16,16,16,16,16,16,16
260239,1,1,1987,0,0,0,0,0,0,0,0,0,0
260240,1,1,1987,0,0,0,0,0,0,0,0,0,0
260240,2,1,1987,0,0,15,0,0,0,0,0,0,0
260240,3,1,1987,0,0,0,0,0,0,0,0,0,0
260241,1,1,1987,0,0,0,0,0,0,0,0,0,0
260241,2,1,1987,0,0,0,0,0,0,0,0,0,0
260242,0,1,1987,0,0,0,0,0,0,0,0,26,0
260242,1,1,1987,0,11,0,0,17,0,0,0,0,21
260243,1,1,1987,0,0,0,0,0,0,0,0,0,0
260243,2,1,1987,0,0,0,0,0,0,0,0,0,0
260244,1,1,1987,25,0,26,0,25,33,6,15,20,11
260245,1,1,1987,0,0,0,0,0,0,0,0,0,0
260245,2,1,1987,0,0,0,0,0,0,0,0,0,0
260246,0,1,1987,0,0,0,0,0,0,0,0,0,0
260246,1,1,1987,0,0,0,0,0,0,0,0,0,14
260247,1,1,1987,0,0,13,0,0,0,0,13,0,0
260247,2,1,1987,5,5,5,5,5,5,5,5,5,5
260248,1,1,1987,0,0,0,0,0,0,0,0,0,0
260248,2,1,1987,0,0,0,0,0,0,0,0,0,0
260249,0,1,1987,0,0,0,0,0,0,0,0,0,0
260249,1,1,1987,0,0,0,0,0,0,0,0,20,0
260250,1,1,1987,19,19,19,19,19,19,19,19,19,19
260251,1,1,1987,22,39,15,33,22,30,11,25,25,14
260251,2,1,1987,19,16,23,20,22,32,12,17,10,28