ST_CASE,VEH_NO,PER_NO,YEAR,P1,P2,P3,P4,P5,P6,P7,P8,P9,P10
260251,3,1,1987,0,0,0,0,0,0,0,0,0,0
260252,1,1,1987,0,0,0,0,0,0,0,0,0,0
260253,1,1,1987,16,16,16,16,16,16,16,16,16,16
260253,2,1,1987,0,0,0,0,0,0,0,0,0,0
260254,1,1,1987,23,23,23,23,23,23,23,23,23,23
260254,2,1,1987,0,0,0,0,0,0,0,0,0,0
260255,1,1,1987,18,10,10,14,11,20,5,16,15,12
260255,2,1,1987,0,0,0,0,0,0,0,0,0,0
260256,1,1,1987,0,4,0,0,0,0,0,0,0,0
260256,2,1,1987,0,0,0,0,0,0,0,0,0,0
260257,1,1,1987,0,0,0,0,0,0,0,0,0,0
260257,2,1,1987,0,0,0,0,0,0,0,0,0,0
260258,1,1,1987,18,18,18,18,18,18,18,18,18,18
260259,1,1,1987,12,13,13,30,20,25,13,12,22,5
260260,0,1,1987,16,15,0,17,9,16,0,8,19,0
260260,0,2,1987,0,0,0,0,0,0,0,0,0,0
260260,1,1,1987,13,13,13,13,13,13,13,13,13,13
260261,1,1,1987,0,0,0,0,0,0,0,0,0,0
260261,2,1,1987,0,0,0,0,0,0,0,0,0,0
260261,3,1,1987,0,0,0,0,0,0,0,0,0,0
260262,1,1,1987,10,31,21,19,24,17,21,19,18,20
260263,1,1,1987,0,0,0,0,0,0,0,0,0,0
260263,2,1,1987,0,0,8,0,0,0,0,0,0,0
260264,1,1,1987,21,21,21,21,21,21,21,21,21,21
260264,2,1,1987,0,0,0,0,0,0,0,0,0,0
260265,1,1,1987,20,20,20,20,20,20,20,20,20,20
260266,1,1,1987,9,15,13,3,13,14,29,19,15,14
260266,2,1,1987,0,0,0,0,18,0,27,23,0,0
260267,1,1,1987,0,0,0,0,0,0,0,0,0,0
260267,2,1,1987,0,0,0,0,0,0,0,0,0,22
260267,3,1,1987,0,0,0,0,0,0,0,0,0,0
260267,4,1,1987,0,0,0,0,0,0,0,0,0,0
260268,1,1,1987,0,0,0,0,0,0,0,0,0,0
260268,2,1,1987,0,0,0,0,0,0,0,0,0,0
260269,0,1,1987,11,11,11,11,11,11,11,11,11,11
260269,1,1,1987,0,0,0,0,0,0,0,0,0,0
260270,1,1,1987,0,0,0,0,0,0,0,0,0,0
260271,1,1,1987,0,0,0,0,0,0,0,0,0,0
260272,1,1,1987,0,0,0,0,0,0,0,0,0,0
260272,2,1,1987,0,0,0,0,0,0,0,0,0,0
260273,1,1,1987,8,5,19,24,22,28,21,12,20,7
260274,1,1,1987,0,0,0,0,0,0,0,0,0,0
260274,2,1,1987,0,0,0,0,0,0,0,0,0,0
260275,1,1,1987,14,14,14,14,14,14,14,14,14,14
260275,2,1,1987,0,10,0,0,0,0,0,0,0,0
260276,1,1,1987,4,4,4,4,4,4,4,4,4,4
260276,2,1,1987,0,0,0,0,0,0,0,0,0,0
260277,1,1,1987,21,21,21,21,21,21,21,21,21,21
260278,1,1,1987,0,0,0,0,0,0,0,0,0,0
260278,2,1,1987,0,0,0,0,0,0,0,0,0,0
260280,1,1,1987,25,12,15,10,12,21,32,11,15,13
260281,1,1,1987,24,24,24,24,24,24,24,24,24,24
260282,0,1,1987,0,0,0,0,0,0,0,0,0,0
260282,1,1,1987,0,0,0,0,0,0,0,0,0,0
260283,1,1,1987,0,0,0,0,0,0,0,0,0,0
260283,2,1,1987,0,0,0,0,0,0,0,0,0,13
260283,3,1,1987,0,0,0,0,0,0,0,0,0,0
260284,0,1,1987,0,0,0,0,0,0,0,0,0,0
260284,1,1,1987,0,0,0,0,0,0,0,0,0,0
260285,1,1,1987,6,6,6,6,6,6,6,6,6,6
260285,2,1,1987,20,0,0,0,0,0,0,21,0,0
260286,1,1,1987,10,10,10,10,10,10,10,10,10,10
260287,1,1,1987,0,0,0,0,0,0,0,0,0,0
260287,2,1,1987,0,0,0,0,23,0,0,0,0,0
260288,1,1,1987,32,32,32,32,32,32,32,32,32,32
260288,2,1,1987,0,0,0,0,0,0,0,0,0,0
260289,1,1,1987,23,23,23,23,23,23,23,23,23,23
260290,1,1,1987,0,0,11,0,19,0,0,0,0,0
260290,2,1,1987,0,0,0,0,0,0,0,0,0,9
260291,1,1,1987,0,0,0,0,0,0,0,0,0,0
260292,1,1,1987,0,0,0,0,0,0,0,0,0,0
260292,2,1,1987,0,0,11,0,0,0,0,0,0,0
260293,0,1,1987,0,0,0,13,9,0,15,13,7,13
260293,1,1,1987,0,0,0,0,0,0,0,0,0,0
260294,1,1,1987,0,0,0,0,0,0,0,0,0,0
260294,2,1,1987,0,0,0,0,0,0,0,0,0,0
260295,1,1,1987,0,0,0,0,0,0,0,0,0,0
260296,1,1,1987,16,16,16,16,16,16,16,16,16,16
260296,2,1,1987,0,18,0,29,0,0,0,0,16,14
260297,1,1,1987,7,7,7,7,7,7,7,7,7,7
260297,2,1,1987,0,0,0,0,0,0,0,0,0,0
260298,1,1,1987,0,0,0,0,0,0,0,0,0,0
260298,2,1,1987,0,0,0,0,0,0,0,0,0,0
260299,1,1,1987,21,21,21,21,21,21,21,21,21,21
260299,2,1,1987,9,9,17,18,16,5,7,12,15,12
260300,1,1,1987,0,0,0,0,0,0,0,0,0,0
260300,2,1,1987,0,0,0,0,0,0,0,0,0,0
260301,1,1,1987,23,19,10,0,9,17,24,0,8,29
260301,2,1,1987,0,0,0,0,0,0,0,0,0,0
260302,1,1,1987,22,0,21,0,0,0,0,15,0,0
260302,2,1,1987,0,0,0,0,0,24,0,0,0,0
260303,1,1,1987,0,0,0,0,0,0,0,0,0,0
260303,2,1,1987,0,0,0,0,2,0,0,0,0,0
260304,1,1,1987,9,9,9,9,9,9,9,9,9,9
260305,1,1,1987,21,21,21,21,21,21,21,21,21,21
260306,1,1,1987,0,0,0,0,0,0,0,0,0,0
260306,2,1,1987,0,0,0,0,0,0,0,0,0,0
260307,1,1,1987,21,28,0,40,6,21,25,19,13,24
260308,0,1,1987,25,25,25,25,25,25,25,25,25,25
260308,1,1,1987,0,0,0,0,0,0,0,0,0,0
260309,0,1,1987,0,0,0,0,0,0,0,0,0,0
260309,1,1,1987,0,0,0,0,0,0,0,0,0,0
260310,1,1,1987,18,18,18,18,18,18,18,18,18,18
260311,1,1,1987,11,11,11,11,11,11,11,11,11,11
260312,1,1,1987,17,0,0,0,0,0,0,0,0,0
260313,1,1,1987,0,0,0,0,0,0,0,0,0,0
260313,2,1,1987,0,0,0,0,0,0,0,0,0,0
260314,1,1,1987,0,0,0,0,0,0,0,0,0,0
260315,1,1,1987,0,7,12,12,12,17,9,37,0,0
260315,2,1,1987,0,0,0,0,0,0,0,0,0,0
260316,1,1,1987,0,0,0,0,0,0,0,0,0,0
260316,2,1,1987,0,0,0,0,0,0,0,0,0,0
260317,1,1,1987,18,18,18,18,18,18,18,18,18,18
260318,1,1,1987,14,14,14,14,14,14,14,14,14,14
260319,1,1,1987,17,21,34,40,19,35,33,18,6,19
260320,0,6,1987,0,0,0,0,0,0,0,0,0,0
260320,0,7,1987,0,0,0,0,0,8,0,2,0,0
260320,0,8,1987,0,0,0,0,0,0,0,0,0,0
260320,1,1,1987,0,0,0,0,0,0,0,0,0,0
260321,0,1,1987,19,21,14,24,0,22,0,0,13,9
260321,0,2,1987,15,6,14,0,12,5,5,15,18,0
260321,1,1,1987,0,0,0,0,0,0,0,0,0,0
260321,2,1,1987,0,0,0,0,0,0,0,0,0,0
260322,1,1,1987,11,11,11,11,11,11,11,11,11,11
260323,1,1,1987,0,0,0,0,0,0,0,0,0,0
260324,1,1,1987,9,0,0,0,0,0,0,0,0,0
260324,2,1,1987,0,0,0,0,0,0,0,0,0,0
260325,1,1,1987,24,24,24,24,24,24,24,24,24,24
260325,2,1,1987,0,0,0,0,0,0,0,0,0,31
260327,1,1,1987,0,0,0,0,0,0,0,0,0,0
260328,1,1,1987,10,10,10,10,10,10,10,10,10,10
260328,2,1,1987,8,5,11,19,17,12,18,13,16,16
260329,1,1,1987,0,0,0,0,0,0,0,0,0,0
260329,2,1,1987,0,0,0,0,0,0,0,0,0,0
260330,1,1,1987,0,0,0,5,0,0,0,0,0,0
260330,2,1,1987,0,0,0,0,0,0,0,0,0,0
260331,1,1,1987,14,18,10,15,23,14,14,12,10,23
260332,1,1,1987,0,0,0,0,0,0,0,0,0,0
260332,2,1,1987,0,0,0,0,0,0,0,8,0,0
260333,1,1,1987,0,0,0,0,0,0,0,0,0,0
260334,1,1,1987,23,23,23,23,23,23,23,23,23,23
260336,1,1,1987,0,0,0,0,0,0,0,0,0,0
260336,2,1,1987,0,0,0,0,0,0,0,0,0,0
260337,1,1,1987,0,0,0,0,0,0,0,0,0,0
260337,2,1,1987,0,0,0,0,0,0,0,0,0,0
260338,1,1,1987,0,0,0,0,0,0,0,0,0,0
260338,2,1,1987,0,0,0,0,0,0,0,0,0,0
260339,1,1,1987,0,12,4,0,0,0,0,0,0,0
260340,1,1,1987,19,19,19,19,19,19,19,19,19,19
260340,2,1,1987,28,0,0,0,0,20,0,12,0,15
260342,1,1,1987,0,0,0,19,0,0,0,0,0,0
260342,2,1,1987,20,8,0,18,14,10,6,8,25,7
260343,1,1,1987,0,0,27,0,0,17,0,30,0,0
260344,1,1,1987,0,0,0,0,0,7,0,0,0,0
260345,1,1,1987,0,0,0,0,0,0,0,0,0,0
260346,1,1,1987,19,19,20,22,0,16,3,18,19,3
260347,0,1,1987,0,0,0,0,0,0,0,0,0,0
260347,1,1,1987,5,5,5,5,5,5,5,5,5,5
260348,1,1,1987,0,0,0,0,0,0,0,0,0,0
260348,2,1,1987,0,0,0,0,0,0,0,0,0,0
260349,0,1,1987,0,0,0,0,0,0,0,0,0,0
260349,1,1,1987,0,0,0,0,0,0,0,0,0,0
260350,1,1,1987,1,1,1,1,1,1,1,1,1,1
260351,0,1,1987,0,0,0,0,0,0,0,0,0,0
260351,1,1,1987,22,11,0,0,0,10,10,20,9,0
260352,1,1,1987,0,10,8,6,20,18,20,21,17,2
260352,2,1,1987,0,0,0,0,0,0,0,0,0,7
260353,1,1,1987,0,0,0,0,0,0,0,0,0,0
260354,1,1,1987,16,16,16,16,16,16,16,16,16,16
260355,1,1,1987,0,0,0,0,0,0,0,0,0,0
260355,2,1,1987,0,0,0,0,0,0,0,0,0,0
260356,1,1,1987,16,12,9,12,27,14,23,24,17,10
260357,1,1,1987,6,6,6,6,6,6,6,6,6,6
260357,2,1,1987,0,0,0,0,0,0,0,0,0,0
260358,1,1,1987,20,20,20,20,20,20,20,20,20,20
260359,1,1,1987,0,0,0,0,0,0,0,0,0,0
260359,2,1,1987,12,12,12,12,12,12,12,12,12,12
260360,1,1,1987,0,0,11,0,0,0,0,0,0,0
260361,1,1,1987,0,0,0,0,0,0,0,0,0,0
260362,1,1,1987,0,0,0,0,0,0,0,23,0,0
260362,2,1,1987,0,0,0,0,0,0,0,0,0,0
260363,1,1,1987,0,0,0,12,0,0,0,0,0,0
260363,2,1,1987,0,0,0,0,0,0,0,0,0,0
260364,1,1,1987,21,21,21,21,21,21,21,21,21,21
260364,2,1,1987,0,0,0,0,0,0,0,0,0,0
260365,0,1,1987,15,15,15,15,15,15,15,15,15,15
260365,1,1,1987,0,0,0,0,0,0,0,0,0,0
260366,1,1,1987,13,13,13,13,13,13,13,13,13,13
260366,2,1,1987,0,19,0,0,0,0,5,0,0,0
260367,1,1,1987,0,0,0,0,0,0,0,0,23,0
260367,2,1,1987,0,0,22,0,0,0,0,0,0,0
260367,3,1,1987,0,0,0,0,0,0,0,0,0,0
260368,1,1,1987,20,20,20,20,20,20,20,20,20,20
260369,1,1,1987,0,0,0,0,0,0,0,0,0,0
260369,2,1,1987,4,4,4,4,4,4,4,4,4,4
260370,1,1,1987,20,22,4,20,0,6,11,0,13,23
260370,2,1,1987,0,0,0,0,0,0,0,0,0,0
260371,1,1,1987,0,0,0,0,0,0,0,0,0,0
260371,2,1,1987,0,0,0,0,0,0,0,0,0,0
260372,1,1,1987,17,17,17,17,17,17,17,17,17,17
260374,1,1,1987,0,0,0,0,0,0,0,0,0,0
260374,2,1,1987,0,0,0,0,0,0,0,0,0,0
260375,1,1,1987,0,0,0,0,0,12,0,0,0,0
260375,2,1,1987,0,0,0,0,0,0,0,0,0,0
260376,0,1,1987,0,0,0,0,0,0,0,0,0,0
260376,1,1,1987,24,0,0,0,0,0,0,0,0,0
260377,1,1,1987,0,0,0,0,0,0,0,0,0,0
260378,0,1,1987,0,0,0,0,0,0,0,0,0,0
260378,1,1,1987,0,0,0,0,0,0,0,0,0,0
260379,1,1,1987,0,0,0,0,0,0,0,0,0,0
260379,2,1,1987,0,0,0,0,0,0,0,0,0,0
260381,1,1,1987,0,0,6,7,0,15,7,0,0,0
260382,0,1,1987,0,0,0,0,0,0,0,0,0,0
260382,1,1,1987,20,24,41,9,0,0,6,0,0,39
260383,1,1,1987,0,0,0,0,0,15,0,15,0,0
260383,2,1,1987,0,0,0,0,0,0,0,0,0,0
260384,0,1,1987,0,0,0,0,0,0,0,0,0,0
260384,1,1,1987,0,0,0,0,0,0,0,0,0,0
260384,2,1,1987,0,0,0,0,0,0,0,0,0,0
260385,1,1,1987,0,0,0,0,0,0,11,0,0,0
260385,2,1,1987,0,13,0,0,0,0,0,0,0,0
260386,0,1,1987,0,0,0,0,0,0,0,0,0,0
260386,1,1,1987,17,0,20,6,0,32,0,0,23,0
260387,1,1,1987,18,18,18,18,18,18,18,18,18,18
260388,0,1,1987,0,0,0,18,0,25,20,40,15,0
260388,1,1,1987,17,17,17,17,17,17,17,17,17,17
260388,2,1,1987,0,0,0,8,0,0,0,0,0,0
260389,1,1,1987,19,30,24,11,2,17,7,20,6,14
260389,2,1,1987,0,0,0,0,0,0,0,0,0,0
260390,1,1,1987,7,0,9,5,0,0,6,0,23,14
260392,0,1,1987,0,0,0,0,0,0,0,0,0,0
260392,1,1,1987,18,0,0,0,0,0,0,2,0,0
260393,1,1,1987,25,25,25,25,25,25,25,25,25,25
260394,0,1,1987,0,0,0,0,0,0,0,0,0,0
260394,1,1,1987,0,8,0,0,0,0,8,0,0,43
260395,1,1,1987,13,0,0,0,0,0,0,11,11,0
260395,2,1,1987,0,0,0,0,0,0,0,20,14,0
260396,1,1,1987,0,0,0,0,0,0,0,0,0,0
260396,2,1,1987,0,25,0,0,0,0,10,0,0,0
260397,1,1,1987,0,0,0,0,0,0,0,0,0,0
260398,0,1,1987,27,27,27,27,27,27,27,27,27,27
260398,1,1,1987,0,0,0,0,0,0,0,0,0,0
260399,1,1,1987,0,0,0,0,0,0,0,0,0,0
260399,2,1,1987,0,0,0,0,0,0,0,0,0,0
260399,3,1,1987,0,0,0,0,0,0,0,0,0,0
260400,1,1,1987,0,0,0,0,0,0,0,0,0,0
260401,1,1,1987,14,14,14,14,14,14,14,14,14,14
260402,1,1,1987,0,0,0,0,0,0,0,0,0,0
260403,1,1,1987,0,0,0,0,0,0,0,0,0,0
260404,1,1,1987,3,30,9,6,10,7,7,16,17,12
260404,2,1,1987,5,5,5,5,5,5,5,5,5,5
260404,3,1,1987,0,33,22,29,16,11,23,0,0,12
260405,1,1,1987,8,8,8,8,8,8,8,8,8,8
260406,1,1,1987,0,0,0,0,0,0,0,0,0,0
260406,2,1,1987,0,0,0,0,0,0,0,0,0,0
260407,1,1,1987,0,0,0,0,0,0,0,0,0,0
260407,2,1,1987,0,0,0,0,0,0,0,0,0,0
260408,1,1,1987,4,4,4,4,4,4,4,4,4,4
260408,2,1,1987,0,0,0,0,0,0,0,0,0,0
260409,1,1,1987,6,13,14,2,10,12,26,9,11,24
260410,0,1,1987,4,4,4,4,4,4,4,4,4,4
260411,1,1,1987,0,0,0,0,0,0,0,0,0,0
260412,1,1,1987,11,0,23,0,20,23,56,19,24,21
260413,0,1,1987,19,18,4,43,9,19,26,41,29,12
260413,1,1,1987,0,0,0,0,0,0,0,0,0,0
260414,0,1,1987,0,9,0,10,0,0,2,0,0,0
260414,1,1,1987,0,0,0,0,0,0,0,0,0,0
260415,1,1,1987,0,0,0,0,0,0,0,0,0,0
260415,2,1,1987,27,27,27,27,27,27,27,27,27,27
260416,1,1,1987,14,14,14,14,14,14,14,14,14,14
260417,1,1,1987,0,11,0,0,0,0,0,0,0,0
260418,0,1,1987,6,0,0,0,0,0,0,10,0,15
260418,1,1,1987,8,8,0,19,8,28,19,20,14,29
260419,1,1,1987,18,18,18,18,18,18,18,18,18,18
260419,2,1,1987,14,0,0,0,0,0,0,0,0,0
260420,1,1,1987,0,0,0,0,0,0,0,0,0,0
260420,2,1,1987,1,1,1,1,1,1,1,1,1,1
260422,1,1,1987,0,0,0,0,0,0,0,0,0,0
260422,2,1,1987,0,0,0,0,0,0,0,0,0,0
260422,3,1,1987,0,0,0,0,0,0,0,0,0,0
260422,4,1,1987,0,0,0,0,0,0,0,0,0,0
260423,0,1,1987,0,0,0,0,0,0,0,0,0,0
260423,1,1,1987,0,0,0,0,0,0,0,32,0,0
260424,1,1,1987,18,11,19,16,20,24,0,3,0,6
260425,1,1,1987,0,0,0,0,0,0,0,0,0,0
260425,2,1,1987,0,0,0,0,0,0,20,0,0,0
260426,1,1,1987,0,0,0,0,0,0,0,0,0,0
260426,2,1,1987,0,0,0,0,0,0,0,0,0,0
260428,1,1,1987,0,0,0,0,0,0,0,0,0,0
260428,2,1,1987,0,0,0,0,0,0,0,0,0,0
260429,1,1,1987,23,0,20,22,17,13,24,27,14,28
260430,1,1,1987,21,21,21,21,21,21,21,21,21,21
260430,2,1,1987,0,0,0,0,15,0,25,0,23,0
260431,1,1,1987,0,0,0,0,0,0,0,0,0,0
260432,0,1,1987,0,0,0,0,0,0,0,0,0,0
260432,1,1,1987,0,26,0,0,0,0,0,0,0,0
260433,1,1,1987,21,21,21,21,21,21,21,21,21,21
260434,1,1,1987,9,13,14,21,12,16,10,8,0,25
260435,1,1,1987,0,0,0,0,0,0,0,0,0,6
260435,2,1,1987,2,2,2,2,2,2,2,2,2,2
260436,0,1,1987,0,0,0,0,0,0,14,0,0,18
260436,1,1,1987,0,0,0,0,0,0,0,0,0,0
260437,1,1,1987,4,4,4,4,4,4,4,4,4,4
260437,2,1,1987,14,0,0,0,0,0,0,0,33,19
260438,1,1,1987,0,0,0,19,0,0,0,18,0,15
260439,1,1,1987,26,26,26,26,26,26,26,26,26,26
260439,2,1,1987,11,11,11,11,11,11,11,11,11,11
260440,1,1,1987,23,23,23,23,23,23,23,23,23,23
260441,1,1,1987,29,29,29,29,29,29,29,29,29,29
260442,1,1,1987,0,0,0,0,0,0,0,0,20,0
260443,1,1,1987,4,4,4,4,4,4,4,4,4,4
260444,0,1,1987,0,0,0,0,0,0,0,0,0,0
260444,1,1,1987,0,0,0,0,0,0,0,0,0,0
260445,1,1,1987,0,0,0,0,0,0,0,0,0,0
260446,1,1,1987,0,0,0,0,0,0,0,0,0,0
260446,2,1,1987,0,0,0,0,0,0,0,0,0,0
260447,0,1,1987,0,0,0,0,0,0,0,0,0,0
260447,1,1,1987,0,0,0,0,0,0,0,0,0,0
260448,1,1,1987,0,0,0,0,0,0,0,0,0,0
260449,1,1,1987,7,14,15,8,0,7,0,21,20,24
260450,1,1,1987,0,0,0,0,0,0,0,0,0,0
260451,1,1,1987,0,0,0,0,0,0,0,0,0,0
260451,2,1,1987,0,0,0,0,7,0,17,0,0,0
260452,0,1,1987,0,0,0,0,0,0,0,0,0,0
260452,1,1,1987,0,0,0,0,0,0,0,0,0,0
260453,1,1,1987,18,18,18,18,18,18,18,18,18,18
260453,2,1,1987,0,0,0,0,0,0,0,0,0,0
260454,1,1,1987,20,20,20,20,20,20,20,20,20,20
260454,2,1,1987,0,0,0,0,0,0,20,12,0,0
260455,1,1,1987,24,24,24,24,24,24,24,24,24,24
260455,2,1,1987,0,0,0,0,0,0,0,0,0,0
260456,0,1,1987,0,0,0,0,0,0,0,0,0,6
260456,1,1,1987,0,0,0,0,0,0,0,0,0,0
260457,1,1,1987,26,22,30,41,24,11,30,0,26,19
260458,1,1,1987,13,13,13,13,13,13,13,13,13,13
260458,2,1,1987,0,0,0,0,0,0,0,0,0,0
260459,1,1,1987,33,0,16,0,0,0,0,0,0,0
260460,1,1,1987,23,23,23,23,23,23,23,23,23,23
260460,2,1,1987,4,4,4,4,4,4,4,4,4,4
260461,1,1,1987,0,0,0,0,0,0,0,0,0,0
260461,2,1,1987,7,18,8,12,21,18,18,26,6,11
260462,1,1,1987,0,0,0,0,0,0,0,0,0,0
260462,2,1,1987,0,0,0,0,0,0,0,0,0,0
260463,1,1,1987,0,0,0,0,0,0,0,0,0,0
260464,0,1,1987,8,0,11,0,0,0,0,0,0,0
260464,1,1,1987,0,0,0,0,0,1,0,0,0,0
260464,2,1,1987,0,0,0,0,0,0,0,0,0,0
260465,1,1,1987,20,0,12,19,4,13,10,25,17,22
260466,0,1,1987,0,0,0,0,0,0,0,0,0,0
260466,1,1,1987,0,0,0,0,0,0,0,0,0,0
260467,1,1,1987,0,0,0,0,0,0,0,0,0,0
260468,1,1,1987,0,0,0,0,0,0,0,0,0,0
260468,2,1,1987,0,0,0,0,0,0,0,0,0,0
260468,3,1,1987,0,0,0,0,0,0,0,0,0,0
260469,1,1,1987,19,19,19,19,19,19,19,19,19,19
260469,2,1,1987,0,0,0,0,0,0,2,0,0,4
260470,0,1,1987,17,17,17,17,17,17,17,17,17,17
260470,1,1,1987,0,0,0,0,0,0,0,0,0,0
260471,1,1,1987,12,12,12,12,12,12,12,12,12,12
260472,1,1,1987,0,0,0,0,0,0,0,0,0,0
260473,1,1,1987,0,0,0,0,0,0,0,0,0,0
260473,2,1,1987,0,0,0,0,0,0,0,0,0,0
260474,1,1,1987,0,0,0,0,0,0,0,0,0,0
260475,1,1,1987,22,22,22,22,22,22,22,22,22,22
260475,2,1,1987,0,0,0,0,0,0,0,0,0,0
260475,3,1,1987,0,0,0,0,0,0,0,0,0,0
260475,4,1,1987,0,0,0,0,0,0,0,0,0,14
260475,5,1,1987,0,0,0,0,0,0,0,0,0,0
260476,1,1,1987,0,0,0,0,0,0,0,0,0,0
260476,2,1,1987,0,0,0,0,0,0,0,0,0,0
260477,1,1,1987,0,0,3,0,0,0,13,0,21,0
260478,1,1,1987,0,9,0,0,9,0,0,0,0,0
260479,0,1,1987,0,0,0,0,0,0,0,0,0,0
260479,1,1,1987,0,0,0,0,0,11,0,6,0,0
260480,0,1,1987,21,21,21,21,21,21,21,21,21,21
260480,1,1,1987,4,4,4,4,4,4,4,4,4,4
260481,1,1,1987,0,0,0,0,0,0,0,0,0,0
260481,2,1,1987,0,0,0,0,0,0,0,0,0,0
260482,1,1,1987,11,11,11,11,11,11,11,11,11,11
260483,1,1,1987,0,0,0,0,0,0,0,0,0,0
260483,2,1,1987,0,0,0,0,0,0,0,0,0,0
260484,0,1,1987,0,0,0,0,0,0,0,0,0,0
260484,1,1,1987,0,0,0,0,0,0,0,0,0,0
260485,1,1,1987,0,0,0,0,0,0,0,0,0,0
260485,2,1,1987,0,0,0,0,0,0,0,0,0,0
260486,1,1,1987,0,0,0,0,0,0,0,0,0,0
260486,2,1,1987,0,0,0,0,0,0,0,0,0,0
260487,1,1,1987,0,0,0,0,0,0,0,0,0,0
260487,2,1,1987,0,15,0,0,0,0,0,0,0,0
260488,1,1,1987,23,23,23,23,23,23,23,23,23,23
260489,1,1,1987,0,0,0,0,0,22,0,0,0,0
260489,2,1,1987,16,16,16,16,16,16,16,16,16,16
260490,1,1,1987,0,0,0,0,0,0,0,0,0,0
260490,2,1,1987,0,0,0,0,0,0,0,0,0,0
260491,1,1,1987,0,0,0,0,0,0,0,0,0,0
260491,2,1,1987,0,0,0,0,0,0,0,0,0,0
260492,1,1,1987,0,0,0,0,0,0,0,0,0,0
260492,2,1,1987,0,12,0,0,0,0,0,0,28,0
260493,1,1,1987,18,26,22,8,24,8,11,14,15,11
260494,1,1,1987,17,17,17,17,17,17,17,17,17,17
260495,1,1,1987,24,24,24,24,24,24,24,24,24,24
260495,2,1,1987,0,0,0,0,9,0,0,0,14,0
260496,1,1,1987,9,9,9,9,9,9,9,9,9,9
260496,2,1,1987,0,0,0,0,0,0,0,0,0,0
260497,1,1,1987,0,0,0,0,0,0,0,0,0,0
260498,1,1,1987,0,0,17,0,0,28,0,0,24,0
260499,1,1,1987,25,25,25,25,25,25,25,25,25,25
260500,1,1,1987,6,6,6,6,6,6,6,6,6,6
260500,2,1,1987,0,0,0,0,0,0,6,0,0,0
260500,3,1,1987,0,9,0,0,0,19,0,0,0,0
260500,4,1,1987,0,0,0,0,0,0,0,0,0,0
260501,0,1,1987,0,0,0,0,0,0,0,0,0,0
260501,1,1,1987,0,0,0,0,7,0,0,0,0,0
260502,1,1,1987,0,0,0,0,0,0,0,0,0,0
260502,2,1,1987,0,0,0,0,28,0,7,0,0,0
260503,1,1,1987,14,14,13,19,12,28,21,24,16,25
260504,0,1,1987,0,0,0,0,0,0,0,0,0,0
260504,0,2,1987,0,0,0,0,0,0,0,0,0,0
260504,1,1,1987,0,25,0,0,0,0,0,0,0,0
260505,1,1,1987,0,0,0,0,0,0,0,0,0,0
260505,2,1,1987,0,0,0,0,0,0,0,0,0,0
260505,3,1,1987,0,0,0,0,0,0,0,0,0,0
260506,0,1,1987,0,0,0,0,0,0,0,0,0,0
260506,1,1,1987,0,0,0,0,0,9,0,0,0,13
260507,1,1,1987,16,16,16,16,16,16,16,16,16,16
260508,0,1,1987,0,0,16,0,0,0,12,0,0,0
260508,1,1,1987,0,0,0,0,0,0,0,0,0,0
260509,0,1,1987,33,0,22,0,27,0,0,27,0,0
260509,0,2,1987,18,28,18,0,12,0,16,5,7,0
260509,1,1,1987,0,1,0,5,16,0,7,0,26,0
260510,0,1,1987,29,13,0,21,21,38,22,9,29,0
260510,1,1,1987,0,6,0,0,0,0,0,0,0,5
260510,2,1,1987,0,0,18,0,0,0,0,20,0,0
260511,1,1,1987,0,0,0,0,0,0,0,0,0,0
260512,1,1,1987,0,0,0,0,0,0,0,0,0,0
260512,2,1,1987,0,0,0,0,0,9,0,0,0,0
260513,1,1,1987,0,5,16,18,8,15,9,26,22,0
260514,1,1,1987,21,21,21,21,21,21,21,21,21,21
260515,1,1,1987,0,0,0,0,0,0,0,0,0,0
260515,2,1,1987,7,32,6,43,12,0,13,16,14,0
260516,1,1,1987,5,9,10,11,6,9,6,8,6,6
260517,1,1,1987,0,0,0,0,0,0,0,0,0,0
260517,2,1,1987,0,0,0,0,0,0,0,0,0,0
260518,1,1,1987,0,0,0,0,0,0,0,0,0,0
260518,2,1,1987,0,0,0,0,0,0,0,0,0,0
260519,1,1,1987,0,0,0,0,0,0,0,0,0,0
260520,1,1,1987,0,0,0,0,0,0,0,0,0,0
260521,1,1,1987,12,12,12,12,12,12,12,12,12,12
260522,1,1,1987,7,7,7,7,7,7,7,7,7,7
260522,2,1,1987,8,20,29,18,5,26,16,12,18,10
260523,1,1,1987,0,0,0,0,0,0,0,0,0,0
260523,2,1,1987,8,11,0,12,0,7,0,0,0,0
260524,1,1,1987,11,18,26,22,0,24,24,32,12,28
260525,1,1,1987,0,0,0,0,0,0,0,0,0,0
260526,1,1,1987,25,13,8,19,9,17,23,0,18,11
260527,0,1,1987,0,0,0,0,0,0,0,0,0,0
260527,1,1,1987,0,11,0,0,0,0,0,0,0,0
260528,1,1,1987,0,0,0,0,0,0,0,0,17,0
260528,2,1,1987,0,0,0,0,0,0,0,0,0,0
260529,1,1,1987,0,0,0,0,0,0,0,0,0,0
260529,2,1,1987,0,0,0,0,0,0,0,0,0,0
260530,1,1,1987,0,0,0,0,0,0,0,0,0,0
260530,2,1,1987,0,0,0,5,0,0,0,23,0,0