ST_CASE,VEH_NO,PER_NO,YEAR,P1,P2,P3,P4,P5,P6,P7,P8,P9,P10
260530,3,1,1987,0,0,0,0,0,0,0,0,0,0
260531,1,1,1987,0,0,0,0,0,0,0,0,0,0
260532,1,1,1987,0,0,0,0,0,0,0,0,0,0
260532,2,1,1987,0,9,0,0,0,0,0,0,0,0
260533,1,1,1987,0,0,0,0,0,0,0,0,0,0
260533,2,1,1987,0,0,0,0,0,0,0,0,0,0
260534,1,1,1987,16,16,16,16,16,16,16,16,16,16
260535,1,1,1987,0,0,0,0,0,0,0,0,0,0
260536,1,1,1987,0,0,0,0,0,0,0,0,0,0
260536,2,1,1987,0,0,0,0,0,0,0,0,0,0
260537,1,1,1987,5,5,5,5,5,5,5,5,5,5
260537,2,1,1987,0,0,0,0,0,0,0,0,0,0
260538,0,1,1987,0,0,0,0,0,0,0,0,0,0
260538,0,2,1987,0,0,15,0,13,0,5,0,16,0
260538,0,3,1987,0,0,0,0,0,0,0,0,0,0
260538,1,1,1987,0,0,0,0,0,0,0,0,0,0
260539,1,1,1987,0,0,0,0,0,0,0,0,0,0
260539,2,1,1987,0,0,0,0,0,0,0,0,0,0
260540,1,1,1987,8,33,13,13,5,4,3,12,13,2
260540,2,1,1987,0,0,0,0,0,0,0,0,0,0
260540,3,1,1987,0,0,0,0,0,0,0,0,0,0
260541,1,1,1987,31,10,21,11,7,33,7,29,14,20
260541,2,1,1987,0,0,0,0,0,0,0,0,0,0
260542,1,1,1987,25,13,16,19,10,18,0,32,21,11
260542,2,1,1987,0,0,0,0,0,0,0,0,0,0
260543,1,1,1987,28,28,28,28,28,28,28,28,28,28
260544,1,1,1987,0,0,5,0,0,0,0,0,0,0
260544,2,1,1987,0,0,0,0,0,0,0,0,0,0
260545,1,1,1987,0,0,0,0,0,0,0,0,0,0
260545,2,1,1987,0,0,0,0,0,0,0,0,0,0
260546,1,1,1987,0,0,0,0,0,0,0,0,0,0
260546,2,1,1987,0,0,0,0,0,0,0,0,0,0
260547,1,1,1987,11,11,11,11,11,11,11,11,11,11
260548,1,1,1987,9,9,9,9,9,9,9,9,9,9
260549,0,1,1987,19,19,19,19,19,19,19,19,19,19
260549,1,1,1987,0,0,0,0,8,0,0,0,0,0
260550,1,1,1987,0,0,22,0,28,17,15,11,14,6
260552,0,1,1987,0,0,0,0,0,0,0,0,0,0
260552,1,1,1987,0,0,0,0,0,0,11,0,0,0
260553,1,1,1987,0,0,0,0,0,0,0,0,0,0
260553,2,1,1987,0,21,0,0,0,0,0,0,0,0
260554,1,1,1987,5,5,5,5,5,5,5,5,5,5
260555,1,1,1987,0,0,0,0,0,0,8,0,0,9
260556,1,1,1987,31,13,23,22,21,27,14,26,16,21
260557,0,1,1987,27,31,13,17,20,12,14,15,29,41
260557,1,1,1987,0,0,0,0,0,0,0,0,0,0
260558,0,1,1987,28,28,28,28,28,28,28,28,28,28
260558,1,1,1987,0,0,0,0,0,0,0,0,0,0
260559,0,1,1987,0,0,0,0,0,0,0,0,0,0
260559,1,1,1987,0,0,17,0,0,0,0,0,0,0
260560,1,1,1987,0,0,0,0,0,0,0,0,0,0
260560,2,1,1987,0,0,0,0,0,0,0,0,0,0
260562,0,1,1987,0,0,0,0,0,0,0,0,0,0
260562,1,1,1987,0,0,0,0,0,0,0,0,0,0
260563,1,1,1987,18,18,18,18,18,18,18,18,18,18
260563,2,1,1987,13,0,0,0,24,17,0,0,0,0
260564,1,1,1987,0,0,0,0,0,0,0,0,0,0
260564,2,1,1987,0,0,11,16,0,2,0,0,20,0
260565,1,1,1987,21,0,13,0,0,0,0,0,0,0
260565,2,1,1987,0,0,0,0,0,0,0,0,0,0
260565,3,1,1987,0,0,0,0,0,0,0,0,0,0
260566,1,1,1987,10,36,4,24,15,19,25,18,14,22
260567,1,1,1987,0,0,0,0,0,0,0,0,0,0
260568,0,1,1987,0,0,0,0,0,0,0,0,0,0
260568,1,1,1987,9,12,3,11,0,25,12,15,20,0
260569,1,1,1987,0,0,0,0,0,0,0,0,0,0
260570,1,1,1987,0,0,0,0,0,17,0,0,0,0
260570,2,1,1987,11,9,18,18,14,22,21,23,10,0
260571,1,1,1987,0,0,0,0,0,0,0,0,0,0
260571,2,1,1987,13,13,13,13,13,13,13,13,13,13
260572,1,1,1987,8,8,8,8,8,8,8,8,8,8
260573,1,1,1987,14,12,34,0,27,15,18,26,29,16
260574,1,1,1987,21,21,21,21,21,21,21,21,21,21
260575,0,1,1987,0,0,6,0,0,0,0,0,15,0
260575,1,1,1987,0,0,0,0,0,0,0,0,0,8
260576,1,1,1987,0,0,0,0,0,0,0,0,0,0
260577,1,1,1987,16,16,16,16,16,16,16,16,16,16
260578,1,1,1987,16,16,16,16,16,16,16,16,16,16
260578,2,1,1987,0,0,0,0,0,0,0,0,0,0
260579,1,1,1987,33,33,33,33,33,33,33,33,33,33
260580,1,1,1987,10,12,5,13,18,5,16,16,22,0
260580,2,1,1987,8,29,0,15,23,0,16,9,14,10
260581,0,1,1987,21,21,21,21,21,21,21,21,21,21
260581,1,1,1987,24,12,17,18,13,0,0,0,0,17
260582,1,1,1987,0,0,0,0,0,0,0,0,0,0
260582,2,1,1987,0,0,0,0,0,0,0,0,0,0
260583,1,1,1987,2,2,2,2,2,2,2,2,2,2
260583,2,1,1987,0,13,0,0,9,0,15,0,0,0
260584,1,1,1987,0,0,0,0,0,0,0,0,0,0
260585,1,1,1987,0,0,0,0,24,0,0,23,0,0
260586,1,1,1987,13,13,13,13,13,13,13,13,13,13
260587,1,1,1987,20,20,20,20,20,20,20,20,20,20
260587,2,1,1987,0,0,0,0,0,0,0,0,0,0
260588,0,1,1987,0,0,0,0,0,0,0,0,0,0
260588,1,1,1987,0,0,0,0,0,0,0,0,0,0
260589,0,1,1987,0,0,0,0,0,0,0,0,0,0
260589,1,1,1987,10,10,10,10,10,10,10,10,10,10
260589,2,1,1987,0,0,0,0,0,0,0,0,0,0
260589,3,1,1987,0,0,0,0,0,0,0,0,0,0
260590,0,1,1987,0,0,0,0,0,0,0,0,0,0
260590,1,1,1987,0,0,0,0,0,0,0,0,0,0
260591,1,1,1987,20,20,20,20,20,20,20,20,20,20
260592,1,1,1987,0,0,0,0,0,0,0,0,0,0
260593,1,1,1987,6,6,6,6,6,6,6,6,6,6
260594,1,1,1987,4,4,4,4,4,4,4,4,4,4
260594,2,1,1987,0,0,0,0,0,0,0,0,0,0
260595,1,1,1987,0,0,0,0,0,0,0,0,0,0
260595,2,1,1987,0,0,0,0,0,0,0,0,0,0
260596,1,1,1987,0,0,0,0,0,0,0,0,0,0
260596,2,1,1987,0,0,0,0,0,0,0,0,0,0
260597,1,1,1987,0,0,0,0,0,0,0,0,0,0
260597,2,1,1987,0,0,0,0,0,0,0,0,0,0
260598,1,1,1987,0,0,0,0,0,0,0,0,0,0
260598,2,1,1987,0,0,0,0,0,0,0,0,0,0
260598,3,1,1987,0,0,0,0,0,0,0,0,0,0
260599,1,1,1987,26,0,0,0,0,9,24,0,22,0
260600,1,1,1987,23,23,23,23,23,23,23,23,23,23
260602,0,1,1987,17,16,23,32,18,6,15,45,7,9
260602,0,2,1987,17,14,14,0,9,17,0,0,12,16
260602,1,1,1987,23,23,23,23,23,23,23,23,23,23
260603,1,1,1987,21,21,21,21,21,21,21,21,21,21
260604,1,1,1987,0,0,0,0,0,0,0,0,0,0
260604,2,1,1987,0,0,0,0,0,0,0,0,0,0
260605,1,1,1987,0,0,0,0,0,0,0,0,0,0
260605,2,1,1987,0,0,0,0,0,0,0,0,0,0
260606,1,1,1987,0,0,0,0,0,0,0,0,0,0
260606,2,1,1987,0,0,0,0,0,0,0,0,0,0
260607,1,1,1987,0,6,0,0,0,0,0,0,0,0
260608,1,1,1987,14,14,14,14,14,14,14,14,14,14
260609,0,1,1987,0,0,0,0,0,0,0,0,0,0
260609,1,1,1987,0,0,0,0,0,0,0,0,0,0
260610,1,1,1987,0,0,0,0,0,0,0,0,0,0
260611,1,1,1987,0,0,0,0,0,0,0,0,0,12
260612,1,1,1987,0,0,0,0,0,0,0,0,0,0
260612,2,1,1987,0,0,0,0,0,0,0,0,0,0
260613,1,1,1987,19,9,15,7,12,9,20,15,12,9
260614,1,1,1987,14,14,14,14,14,14,14,14,14,14
260615,0,1,1987,38,27,37,21,5,19,24,20,14,30
260615,1,1,1987,0,20,0,0,0,0,0,0,0,0
260616,0,1,1987,0,0,0,0,0,0,0,0,0,0
260616,1,1,1987,0,0,0,0,0,0,0,0,0,0
260617,1,1,1987,6,0,0,0,0,0,0,0,0,0
260618,1,1,1987,15,15,15,15,15,15,15,15,15,15
260619,1,1,1987,11,11,11,11,11,11,11,11,11,11
260619,2,1,1987,7,7,7,7,7,7,7,7,7,7
260620,1,1,1987,0,0,0,0,0,0,0,0,0,0
260621,1,1,1987,15,15,15,15,15,15,15,15,15,15
260621,2,1,1987,0,0,0,0,0,0,0,0,0,0
260622,0,1,1987,0,0,0,0,9,0,0,0,21,0
260622,1,1,1987,0,0,0,0,0,0,0,0,0,0
260623,1,1,1987,0,0,0,0,0,0,0,0,0,0
260623,2,1,1987,0,0,0,0,0,0,0,0,0,0
260624,1,1,1987,27,27,27,27,27,27,27,27,27,27
260625,1,1,1987,0,0,0,0,0,0,0,0,0,0
260625,2,1,1987,0,0,0,0,0,0,0,0,0,0
260626,0,1,1987,0,0,0,0,0,0,0,0,0,0
260626,1,1,1987,0,0,0,0,0,0,0,4,0,0
260627,0,1,1987,0,0,0,0,0,0,0,0,0,0
260627,1,1,1987,0,0,0,0,0,0,0,0,0,0
260628,1,1,1987,22,22,22,22,22,22,22,22,22,22
260629,1,1,1987,0,0,0,22,0,0,0,0,0,0
260629,2,1,1987,0,0,0,0,0,12,0,0,0,0
260630,1,1,1987,17,17,17,17,17,17,17,17,17,17
260631,1,1,1987,0,0,0,0,0,0,0,0,0,0
260631,2,1,1987,0,0,0,0,0,0,0,0,0,0
260631,3,1,1987,0,0,0,0,0,0,0,0,0,0
260632,1,1,1987,19,19,19,19,19,19,19,19,19,19
260633,1,1,1987,13,13,13,13,13,13,13,13,13,13
260634,1,1,1987,0,0,0,0,0,0,0,0,0,0
260634,2,1,1987,0,0,0,0,0,0,0,11,0,0
260635,1,1,1987,0,0,0,0,0,0,0,0,0,0
260636,1,1,1987,0,0,0,0,5,0,0,0,0,0
260636,2,1,1987,0,0,0,0,0,0,0,0,0,0
260637,1,1,1987,20,20,20,20,20,20,20,20,20,20
260638,1,1,1987,21,21,21,21,21,21,21,21,21,21
260638,2,1,1987,19,19,19,19,19,19,19,19,19,19
260639,1,1,1987,27,27,27,27,27,27,27,27,27,27
260639,2,1,1987,0,0,0,0,0,0,0,0,0,0
260641,0,1,1987,0,0,0,0,0,0,0,0,0,0
260641,1,1,1987,0,0,7,0,0,0,0,0,0,0
260642,1,1,1987,0,0,0,0,0,10,0,0,0,0
260643,1,1,1987,0,0,0,0,0,0,0,0,0,0
260643,2,1,1987,0,0,0,0,0,0,0,0,0,0
260644,1,1,1987,0,0,0,0,0,0,0,0,0,0
260644,2,1,1987,0,0,0,0,0,0,0,0,0,0
260645,0,1,1987,21,0,0,0,0,0,6,0,0,0
260645,1,1,1987,0,0,0,0,0,0,0,0,0,0
260646,1,1,1987,0,0,0,0,0,0,0,0,0,0
260647,1,1,1987,0,0,0,0,0,0,0,0,10,0
260647,2,1,1987,21,21,21,21,21,21,21,21,21,21
260648,1,1,1987,19,19,19,19,19,19,19,19,19,19
260648,2,1,1987,8,0,0,0,0,12,0,0,0,0
260648,3,1,1987,0,0,4,0,0,0,0,0,0,0
260650,1,1,1987,7,7,7,7,7,7,7,7,7,7
260651,1,1,1987,0,0,0,0,8,0,0,0,0,0
260651,2,1,1987,0,0,0,0,0,0,0,0,0,0
260652,1,1,1987,6,6,6,6,6,6,6,6,6,6
260652,2,1,1987,14,14,14,14,14,14,14,14,14,14
260653,0,1,1987,0,0,0,0,0,0,0,0,0,0
260653,0,2,1987,6,0,0,15,19,21,0,2,0,15
260653,1,1,1987,0,0,0,0,0,0,0,0,0,0
260654,0,1,1987,0,0,0,0,0,0,0,0,0,0
260654,1,1,1987,0,0,0,0,0,0,0,0,0,0
260655,1,1,1987,0,0,0,0,0,0,0,0,0,0
260655,2,1,1987,0,0,0,0,0,0,0,0,14,0
260656,0,1,1987,0,0,0,0,0,0,0,0,0,0
260656,1,1,1987,17,17,17,17,17,17,17,17,17,17
260657,1,1,1987,10,10,10,10,10,10,10,10,10,10
260658,1,1,1987,26,26,26,26,26,26,26,26,26,26
260659,1,1,1987,0,0,17,0,0,15,0,15,0,0
260659,2,1,1987,0,0,0,0,0,0,0,0,0,0
260660,1,1,1987,2,2,2,2,2,2,2,2,2,2
260660,2,1,1987,0,0,0,0,0,0,0,0,0,0
260661,0,1,1987,0,0,0,0,0,0,0,0,0,0
260661,1,1,1987,0,0,0,0,0,0,0,0,0,0
260662,0,1,1987,18,18,18,18,18,18,18,18,18,18
260662,1,1,1987,0,0,0,0,0,16,0,0,0,0
260663,0,1,1987,0,0,0,0,0,0,0,0,0,0
260663,1,1,1987,0,0,0,0,0,0,0,0,0,0
260664,1,1,1987,0,0,0,0,0,0,0,0,0,0
260664,2,1,1987,0,0,0,0,0,0,0,0,0,0
260665,1,1,1987,0,0,0,0,0,0,10,0,0,0
260666,1,1,1987,0,0,0,0,0,0,0,0,0,0
260666,2,1,1987,0,0,0,0,0,0,0,0,0,0
260667,2,1,1987,0,0,0,0,0,0,0,0,0,0
260668,1,1,1987,13,20,27,13,32,4,17,18,17,10
260669,1,1,1987,28,28,28,28,28,28,28,28,28,28
260670,1,1,1987,0,0,0,0,0,0,0,0,0,0
260671,1,1,1987,28,28,28,28,28,28,28,28,28,28
260671,2,1,1987,0,0,0,0,0,0,0,0,0,0
260672,1,1,1987,38,15,10,13,11,30,9,13,23,15
260673,1,1,1987,0,14,13,18,9,13,7,25,0,12
260673,2,1,1987,0,0,0,0,0,0,0,0,11,0
260673,3,1,1987,0,0,0,0,0,26,0,4,0,0
260674,0,1,1987,8,8,8,8,8,8,8,8,8,8
260674,1,1,1987,0,0,0,0,0,0,0,0,0,0
260675,1,1,1987,0,0,0,0,0,0,0,0,0,0
260675,2,1,1987,0,0,0,0,0,0,0,0,0,0
260675,3,1,1987,0,0,0,0,0,0,0,0,0,0
260676,1,1,1987,7,7,7,7,7,7,7,7,7,7
260676,2,1,1987,0,0,0,0,13,17,0,0,0,0
260677,1,1,1987,0,0,0,0,0,0,0,0,0,0
260678,0,1,1987,0,0,0,0,0,0,0,0,0,0
260678,1,1,1987,0,0,0,0,0,0,0,0,0,0
260679,1,1,1987,22,22,22,22,22,22,22,22,22,22
260680,0,1,1987,25,25,25,25,25,25,25,25,25,25
260680,1,1,1987,15,8,19,0,14,8,12,26,3,19
260681,1,1,1987,0,0,0,0,0,0,0,0,0,0
260681,2,1,1987,0,0,0,0,0,0,0,0,0,0
260682,1,1,1987,25,11,17,6,3,20,7,0,0,0
260682,2,1,1987,0,14,15,13,0,20,15,17,17,13
260684,1,1,1987,0,9,8,23,15,0,19,15,14,24
260685,1,1,1987,10,10,10,10,10,10,10,10,10,10
260685,2,1,1987,0,0,0,0,0,0,0,0,0,0
260686,0,1,1987,26,26,26,26,26,26,26,26,26,26
260686,0,2,1987,0,3,26,0,10,0,9,8,7,0
260686,0,3,1987,7,7,9,8,13,0,0,0,42,0
260686,1,1,1987,0,0,29,0,3,0,0,0,0,0
260686,2,1,1987,18,0,25,8,16,22,6,8,0,31
260687,0,1,1987,60,60,60,60,60,60,60,60,60,60
260687,1,1,1987,0,0,0,0,0,0,0,0,0,11
260688,0,1,1987,0,0,0,0,0,0,0,0,0,0
260688,1,1,1987,0,0,0,0,0,0,0,0,0,0
260689,1,1,1987,0,0,0,0,0,0,0,0,0,0
260689,2,1,1987,0,0,0,0,0,0,0,0,0,0
260690,1,1,1987,0,0,0,0,0,0,0,0,0,0
260690,2,1,1987,0,0,12,0,0,0,0,0,0,0
260691,1,1,1987,0,0,0,0,0,0,0,0,0,0
260691,2,1,1987,0,0,0,0,10,0,0,0,0,0
260692,1,1,1987,13,13,13,13,13,13,13,13,13,13
260692,2,1,1987,0,0,0,0,0,0,0,0,0,0
260693,0,1,1987,0,0,0,0,0,0,0,0,0,0
260693,1,1,1987,0,0,0,0,0,0,0,0,0,0
260694,1,1,1987,32,32,32,32,32,32,32,32,32,32
260695,0,1,1987,27,27,27,27,27,27,27,27,27,27
260695,1,1,1987,0,0,13,0,0,13,0,0,25,0
260696,1,1,1987,21,12,20,14,11,20,21,8,13,14
260696,2,1,1987,0,0,0,0,0,0,0,0,0,0
260697,0,1,1987,0,0,0,0,0,0,0,0,0,0
260697,1,1,1987,0,0,0,0,0,0,0,0,0,0
260698,1,1,1987,16,16,16,16,16,16,16,16,16,16
260698,2,1,1987,0,0,0,0,0,0,0,0,0,0
260699,1,1,1987,10,10,10,10,10,10,10,10,10,10
260699,2,1,1987,0,0,0,0,0,0,0,0,0,0
260700,1,1,1987,19,6,12,5,3,21,15,15,12,5
260701,1,1,1987,28,28,28,28,28,28,28,28,28,28
260702,1,1,1987,24,24,24,24,24,24,24,24,24,24
260703,1,1,1987,0,0,20,0,32,0,4,0,0,0
260704,0,1,1987,0,0,0,0,0,0,0,0,0,0
260704,1,1,1987,0,0,0,0,0,0,0,0,4,0
260705,0,1,1987,0,0,0,5,17,13,0,18,2,0
260705,1,1,1987,0,0,0,0,0,0,0,0,0,0
260706,1,1,1987,32,34,8,21,0,9,14,3,14,13
260706,2,1,1987,0,0,0,0,0,0,0,0,0,0
260707,0,1,1987,0,0,0,0,0,0,0,0,0,0
260707,1,1,1987,25,0,0,0,0,0,0,0,0,0
260708,1,1,1987,0,0,0,0,0,0,0,0,0,0
260708,2,1,1987,0,0,0,0,0,0,0,0,0,0
260708,3,1,1987,0,0,0,0,0,0,0,0,0,0
260709,1,1,1987,9,9,9,9,9,9,9,9,9,9
260711,1,1,1987,0,0,0,0,0,0,0,0,0,0
260711,2,1,1987,0,0,0,0,0,0,0,0,0,0
260712,0,1,1987,18,18,18,18,18,18,18,18,18,18
260712,1,1,1987,15,24,17,23,18,24,26,7,11,23
260713,1,1,1987,0,0,0,0,0,0,0,0,0,0
260714,1,1,1987,0,0,0,0,0,0,0,11,0,0
260715,0,1,1987,5,5,5,5,5,5,5,5,5,5
260715,1,1,1987,10,10,10,10,10,10,10,10,10,10
260716,1,1,1987,16,16,16,16,16,16,16,16,16,16
260716,2,1,1987,7,7,7,7,7,7,7,7,7,7
260717,1,1,1987,0,0,0,0,0,0,0,0,0,0
260717,2,1,1987,0,0,0,0,0,0,0,0,0,0
260717,3,1,1987,0,0,0,0,0,0,18,0,0,0
260718,1,1,1987,0,0,0,0,0,0,0,0,0,0
260718,2,1,1987,8,14,3,4,16,12,8,13,10,12
260719,1,1,1987,0,0,8,0,0,0,0,0,2,0
260719,2,1,1987,0,0,0,0,0,0,0,0,0,0
260720,1,1,1987,0,0,0,0,0,0,0,0,0,0
260720,2,1,1987,0,0,0,0,0,0,0,0,0,0
260721,1,1,1987,0,0,0,0,0,0,0,0,0,0
260721,2,1,1987,17,8,0,0,15,33,7,21,23,0
260722,1,2,1987,0,22,0,0,0,0,24,18,0,0
260723,0,1,1987,0,0,0,0,0,0,0,0,0,0
260723,1,1,1987,0,0,0,0,0,0,0,0,0,0
260724,1,1,1987,0,0,0,0,0,0,0,0,0,0
260724,2,1,1987,0,0,0,0,0,0,0,0,0,0
260725,1,1,1987,27,27,27,27,27,27,27,27,27,27
260726,0,1,1987,0,0,0,0,0,0,0,0,0,0
260726,1,1,1987,24,22,15,26,11,11,20,15,18,10
260727,1,1,1987,0,0,0,0,0,0,0,0,0,0
260727,2,1,1987,0,0,0,0,0,0,0,0,13,0
260728,1,1,1987,14,16,16,17,4,38,15,17,17,12
260729,0,1,1987,0,0,0,0,0,0,0,0,0,0
260729,1,1,1987,0,10,0,0,0,0,0,21,19,0
260730,1,1,1987,19,19,19,19,19,19,19,19,19,19
260730,2,1,1987,0,0,0,0,0,0,0,7,0,0
260732,1,1,1987,0,0,0,0,0,0,0,0,0,0
260733,1,1,1987,18,10,24,24,5,20,15,28,19,10
260734,1,1,1987,12,13,20,25,16,27,22,0,22,0
260734,2,1,1987,12,12,12,12,12,12,12,12,12,12
260735,1,1,1987,16,22,17,8,15,22,12,30,32,11
260736,1,1,1987,7,24,33,20,16,15,8,12,5,11
260737,1,1,1987,0,0,0,7,0,0,0,0,0,0
260737,2,1,1987,0,0,0,0,0,0,0,0,0,0
260738,1,1,1987,0,0,0,0,16,18,0,0,13,0
260739,0,1,1987,0,0,0,0,0,0,0,0,0,0
260739,1,1,1987,0,0,0,0,0,0,0,0,0,0
260740,1,1,1987,0,0,0,8,17,0,6,0,0,0
260741,0,1,1987,0,0,0,0,0,0,0,0,0,0
260741,1,1,1987,0,0,0,0,33,0,0,14,17,14
260742,0,1,1987,26,26,26,26,26,26,26,26,26,26
260742,1,1,1987,2,0,0,0,0,0,0,0,0,0
260743,1,1,1987,29,29,29,29,29,29,29,29,29,29
260743,2,1,1987,12,12,12,12,12,12,12,12,12,12
260744,1,1,1987,22,22,22,22,22,22,22,22,22,22
260744,2,1,1987,0,0,0,0,0,0,0,0,0,0
260745,1,1,1987,0,0,0,0,0,0,0,0,0,0
260746,1,1,1987,18,18,18,18,18,18,18,18,18,18
260747,1,1,1987,31,31,31,31,31,31,31,31,31,31
260748,1,1,1987,27,27,27,27,27,27,27,27,27,27
260749,1,1,1987,0,0,0,0,0,0,0,0,0,0
260750,1,1,1987,10,0,0,10,26,0,0,0,0,2
260751,1,1,1987,15,0,9,0,0,0,0,16,31,24
260752,0,1,1987,0,0,0,0,0,0,0,5,0,0
260752,1,1,1987,0,0,0,0,0,0,0,0,0,0
260753,1,1,1987,0,0,0,0,0,0,0,0,0,0
260753,2,1,1987,0,0,0,0,0,0,0,0,0,0
260754,1,1,1987,0,0,0,0,0,0,0,0,0,0
260754,2,1,1987,0,0,0,0,0,0,0,0,0,0
260755,1,1,1987,0,0,0,0,0,0,0,0,0,0
260755,2,1,1987,0,0,0,0,0,0,0,0,0,0
260756,1,1,1987,12,12,12,12,12,12,12,12,12,12
260757,1,1,1987,12,12,12,12,12,12,12,12,12,12
260757,2,1,1987,0,0,0,0,0,0,0,0,0,0
260758,1,1,1987,0,0,0,0,0,0,0,0,0,0
260758,2,1,1987,14,14,14,14,14,14,14,14,14,14
260759,1,1,1987,0,8,0,2,0,0,0,0,0,0
260760,1,1,1987,0,0,0,0,0,0,0,0,0,0
260760,2,1,1987,0,0,0,0,0,0,0,0,0,0
260761,1,1,1987,19,19,19,19,19,19,19,19,19,19
260762,1,1,1987,25,25,25,25,25,25,25,25,25,25
260762,2,1,1987,0,23,12,0,17,13,9,6,13,22
260763,1,1,1987,0,12,22,14,12,24,21,19,18,13
260764,1,1,1987,21,21,21,21,21,21,21,21,21,21
260765,0,1,1987,0,9,20,0,0,0,5,40,0,0
260765,0,2,1987,0,0,0,0,0,0,0,0,0,0
260765,1,1,1987,18,18,18,18,18,18,18,18,18,18
260766,1,1,1987,0,0,0,0,0,0,0,0,0,0
260766,2,1,1987,0,0,0,0,0,0,0,0,0,0
260767,1,1,1987,12,12,12,12,12,12,12,12,12,12
260767,2,1,1987,0,0,0,0,0,0,0,0,0,0
260768,1,1,1987,18,18,18,18,18,18,18,18,18,18
260768,2,1,1987,0,0,0,0,0,0,0,0,0,0
260768,3,1,1987,0,0,0,0,7,0,0,0,0,15
260769,1,1,1987,23,23,23,23,23,23,23,23,23,23
260770,1,1,1987,0,0,0,0,0,0,0,0,0,0
260771,1,1,1987,0,0,0,0,28,0,0,0,0,10
260772,1,1,1987,0,0,0,0,0,6,0,0,0,0
260772,2,1,1987,0,0,0,0,0,0,0,0,0,0
260773,0,1,1987,0,0,0,0,0,0,0,0,0,0
260773,1,1,1987,0,0,0,0,0,0,0,0,0,0
260773,3,1,1987,13,22,0,18,20,9,17,18,10,22
260774,1,1,1987,0,0,0,0,0,0,0,0,0,0
260774,2,1,1987,0,0,0,0,25,0,0,0,0,0
260775,1,1,1987,0,0,0,0,10,0,0,11,0,0
260775,2,1,1987,0,0,3,0,0,0,0,0,0,16
260776,0,1,1987,0,0,0,0,0,0,0,0,0,0
260776,1,1,1987,0,0,0,0,0,0,0,0,0,0
260777,1,1,1987,0,0,0,0,0,0,0,0,0,0
260777,2,1,1987,8,8,8,8,8,8,8,8,8,8
260778,1,1,1987,0,0,0,0,0,0,0,0,0,22
260778,2,1,1987,0,0,0,0,0,0,0,0,0,0
260780,1,1,1987,2,2,2,2,2,2,2,2,2,2
260781,0,1,1987,0,0,0,0,0,0,0,0,0,0
260781,1,1,1987,0,0,0,0,0,0,0,0,0,0
260782,1,1,1987,8,7,18,18,18,38,28,14,25,18
260783,1,1,1987,11,11,11,11,11,11,11,11,11,11
260784,0,1,1987,0,0,0,0,0,0,0,0,0,0
260784,1,1,1987,0,0,0,0,0,0,0,0,0,0
260785,1,1,1987,19,19,19,19,19,19,19,19,19,19
260786,1,1,1987,0,0,0,0,0,0,0,0,0,0
260787,1,1,1987,0,0,0,0,0,0,0,0,0,0
260788,1,1,1987,0,0,0,0,0,0,0,0,0,0
260788,2,1,1987,0,0,0,0,0,0,0,0,0,0
260789,1,1,1987,8,8,8,8,8,8,8,8,8,8
260790,1,1,1987,0,0,0,0,0,0,0,0,0,0
260791,1,1,1987,15,15,15,15,15,15,15,15,15,15
260792,0,1,1987,0,0,0,0,0,0,0,0,0,0
260792,1,1,1987,0,0,0,0,0,0,0,0,0,0
260793,1,1,1987,0,17,0,0,0,0,0,0,0,0
260793,2,1,1987,0,0,0,0,0,0,0,0,0,0
260794,1,1,1987,30,30,30,30,30,30,30,30,30,30
260795,1,1,1987,10,10,10,10,10,10,10,10,10,10
260795,2,1,1987,0,0,0,0,0,0,0,0,13,0
260796,1,1,1987,0,0,0,0,0,0,0,0,0,0
260796,2,1,1987,0,0,0,0,0,0,0,0,0,0
260797,1,1,1987,0,0,0,0,0,0,0,0,0,0
260798,1,1,1987,0,0,0,0,0,0,0,0,0,0
260798,2,1,1987,0,0,0,0,0,0,0,0,0,0
260799,1,1,1987,0,0,0,0,0,0,0,0,0,0
260799,2,1,1987,0,0,0,0,0,0,0,0,0,0
260799,3,1,1987,0,0,0,0,0,0,0,0,0,0
260800,1,1,1987,0,9,16,7,10,24,19,13,14,20
260800,2,1,1987,0,0,0,0,0,0,0,0,0,0
260801,1,1,1987,0,0,0,0,0,0,0,0,0,0
260801,2,1,1987,0,0,0,0,0,0,0,0,0,0
260802,1,1,1987,20,20,20,20,20,20,20,20,20,20
260803,1,1,1987,0,0,0,0,11,0,0,0,0,0
260803,2,1,1987,0,0,0,0,0,0,0,0,0,0
260804,1,1,1987,0,0,0,0,0,0,0,0,0,0
260804,2,1,1987,17,0,0,0,0,0,0,0,0,0
260805,1,1,1987,10,15,10,33,28,5,9,23,29,23
260806,0,1,1987,0,14,0,34,0,0,16,0,33,0
260806,1,1,1987,0,0,0,0,0,0,0,0,0,0
260806,2,1,1987,0,0,0,0,0,0,0,0,0,0
260807,1,1,1987,0,0,0,0,0,0,4,0,0,0
260807,2,1,1987,0,0,0,0,0,0,0,0,0,0
260808,1,1,1987,0,0,0,0,0,0,0,0,0,0
260808,2,1,1987,0,0,0,0,0,0,0,0,0,0