ST_CASE,VEH_NO,PER_NO,YEAR,P1,P2,P3,P4,P5,P6,P7,P8,P9,P10
260809,0,1,1987,15,15,15,15,15,15,15,15,15,15
260809,1,1,1987,0,0,0,0,0,0,0,0,0,0
260810,1,1,1987,0,0,0,0,0,0,0,0,0,11
260811,1,1,1987,27,27,27,27,27,27,27,27,27,27
260811,2,1,1987,0,0,0,0,0,0,0,0,0,0
260812,1,1,1987,0,0,0,0,0,0,0,0,0,0
260812,2,1,1987,0,0,0,0,0,0,0,0,0,0
260813,1,1,1987,22,0,0,3,0,0,0,0,0,0
260814,1,1,1987,0,0,0,0,0,0,0,0,0,0
260814,2,1,1987,0,0,0,0,0,0,0,0,0,0
260815,1,1,1987,0,0,0,0,0,0,0,0,15,0
260816,1,1,1987,16,13,18,10,22,5,10,18,25,0
260817,1,1,1987,0,0,0,0,0,0,0,0,0,0
260818,1,1,1987,0,0,0,0,0,0,0,0,0,0
260818,2,1,1987,0,0,0,0,0,0,0,0,0,0
260819,1,1,1987,0,0,0,0,0,0,0,0,0,0
260820,1,1,1987,2,2,2,2,2,2,2,2,2,2
260820,2,1,1987,0,0,0,0,0,0,0,0,0,0
260820,3,1,1987,0,0,0,0,0,0,0,0,0,0
260821,1,1,1987,0,0,0,0,0,0,0,0,0,0
260821,2,1,1987,0,0,0,0,0,0,0,0,0,0
260822,1,1,1987,29,29,29,29,29,29,29,29,29,29
260823,1,1,1987,21,16,22,48,15,10,17,12,15,6
260824,1,1,1987,3,3,3,3,3,3,3,3,3,3
260824,2,1,1987,0,0,0,0,0,0,0,0,0,0
260825,0,1,1987,24,24,24,24,24,24,24,24,24,24
260825,1,1,1987,0,0,0,0,0,5,0,0,0,0
260826,1,1,1987,0,0,0,0,0,0,0,0,0,0
260826,2,1,1987,0,0,0,0,5,0,0,0,0,0
260827,1,1,1987,0,0,0,0,0,0,0,0,0,0
260827,2,1,1987,0,0,0,0,0,0,0,0,0,0
260828,1,1,1987,23,23,23,23,23,23,23,23,23,23
260828,2,1,1987,0,0,0,0,0,0,0,0,0,0
260829,1,1,1987,26,26,26,26,26,26,26,26,26,26
260829,2,1,1987,0,0,0,0,0,0,0,0,0,0
260829,3,1,1987,0,0,0,0,0,0,0,0,0,0
260830,1,1,1987,2,2,2,2,2,2,2,2,2,2
260830,2,1,1987,0,0,0,0,0,0,0,0,0,0
260831,1,1,1987,23,23,23,23,23,23,23,23,23,23
260832,1,1,1987,22,22,22,22,22,22,22,22,22,22
260833,1,1,1987,26,26,26,26,26,26,26,26,26,26
260834,1,1,1987,0,0,0,0,0,0,0,0,0,0
260834,2,1,1987,11,0,0,0,0,0,0,25,0,0
260835,1,1,1987,0,0,0,0,0,0,0,0,0,0
260835,2,1,1987,0,0,0,0,0,0,0,0,0,0
260836,1,1,1987,0,0,0,0,0,0,0,0,0,0
260837,1,1,1987,13,4,23,17,16,15,4,13,5,13
260838,1,1,1987,0,0,0,0,14,0,0,0,0,0
260838,2,1,1987,0,0,0,0,0,0,0,0,0,0
260838,3,1,1987,0,0,0,0,0,0,0,0,0,0
260838,4,1,1987,0,0,0,0,0,0,0,0,0,0
260839,1,1,1987,0,0,0,0,0,0,0,0,0,0
260839,2,1,1987,0,0,0,0,0,0,0,0,0,0
260840,1,1,1987,0,0,0,0,0,0,0,0,0,0
260840,2,1,1987,0,0,0,0,8,0,0,0,0,0
260841,1,1,1987,8,8,8,8,8,8,8,8,8,8
260841,2,1,1987,0,0,0,0,0,0,0,0,0,0
260842,1,1,1987,0,0,0,0,0,0,0,0,0,0
260843,1,1,1987,0,0,0,0,0,0,0,0,0,0
260844,1,1,1987,8,22,0,11,23,26,14,20,15,24
260844,2,1,1987,0,0,0,0,0,0,0,0,0,0
260845,1,1,1987,4,4,4,4,4,4,4,4,4,4
260845,2,1,1987,18,18,18,18,18,18,18,18,18,18
260846,1,1,1987,0,0,0,0,0,0,17,0,0,0
260847,0,1,1987,23,23,23,23,23,23,23,23,23,23
260847,1,1,1987,1,1,1,1,1,1,1,1,1,1
260848,1,1,1987,0,0,25,0,0,0,0,0,0,8
260848,2,1,1987,0,0,0,0,0,0,0,0,12,0
260848,3,1,1987,0,0,0,0,0,0,0,0,0,0
260849,1,1,1987,25,25,25,25,25,25,25,25,25,25
260850,1,1,1987,0,17,19,0,18,0,0,0,0,0
260851,1,1,1987,0,0,0,0,0,0,0,0,0,0
260851,2,1,1987,0,0,0,0,0,0,0,0,0,0
260852,0,1,1987,28,28,28,28,28,28,28,28,28,28
260852,1,1,1987,12,12,12,12,12,12,12,12,12,12
260853,1,1,1987,0,0,0,0,0,0,0,0,0,0
260853,2,1,1987,0,0,0,0,0,0,0,0,0,0
260853,3,1,1987,0,0,0,0,0,0,0,0,0,0
260854,1,1,1987,18,18,18,18,18,18,18,18,18,18
260854,2,1,1987,0,0,0,0,0,0,0,0,0,0
260855,1,1,1987,21,21,21,21,21,21,21,21,21,21
260855,2,1,1987,0,0,0,0,0,0,0,0,0,0
260856,0,1,1987,20,20,20,20,20,20,20,20,20,20
260856,1,1,1987,14,9,30,18,19,17,6,15,5,22
260857,1,1,1987,15,15,15,15,15,15,15,15,15,15
260857,2,1,1987,21,10,20,25,22,7,20,10,25,18
260858,1,1,1987,0,0,0,0,0,0,0,0,0,0
260858,2,1,1987,17,17,17,17,17,17,17,17,17,17
260859,1,1,1987,0,0,0,0,0,0,0,0,0,0
260859,2,1,1987,0,0,0,0,0,0,0,0,0,0
260860,0,1,1987,0,0,0,0,0,0,0,0,0,0
260860,1,1,1987,14,0,0,0,0,0,0,18,0,0
260861,1,1,1987,23,23,23,23,23,23,23,23,23,23
260861,2,1,1987,0,0,0,0,0,0,0,0,0,0
260862,1,1,1987,31,31,31,31,31,31,31,31,31,31
260862,2,1,1987,0,0,0,0,0,0,0,0,0,0
260863,0,1,1987,0,0,0,0,0,0,0,0,0,0
260863,1,1,1987,0,0,0,0,0,0,0,0,11,0
260864,0,1,1987,0,0,0,0,0,0,0,0,0,0
260864,1,1,1987,0,0,0,0,0,0,0,0,0,0
260865,1,1,1987,0,0,0,21,16,0,0,0,0,0
260865,2,1,1987,16,21,8,17,11,18,13,14,0,0
260866,1,1,1987,14,14,21,22,11,6,12,25,17,19
260867,1,1,1987,0,0,0,0,0,0,0,0,0,0
260868,1,1,1987,31,31,31,31,31,31,31,31,31,31
260869,0,1,1987,0,0,0,0,0,0,0,0,0,0
260869,1,1,1987,0,0,0,0,0,0,0,0,0,0
260870,1,1,1987,0,0,0,18,0,0,0,0,7,0
260870,2,1,1987,0,0,0,0,4,15,12,0,0,0
260871,1,1,1987,0,0,0,0,0,0,0,0,0,0
260871,2,1,1987,0,0,0,0,4,0,0,0,0,0
260872,0,1,1987,0,0,0,0,0,0,0,0,0,0
260872,1,1,1987,0,0,0,0,0,0,17,0,0,0
260873,1,1,1987,0,0,0,0,0,0,0,0,0,0
260873,2,1,1987,0,0,0,0,0,0,0,0,0,0
260874,0,1,1987,0,0,0,0,0,0,0,0,0,0
260874,1,1,1987,0,0,0,0,0,2,0,0,0,0
260875,1,1,1987,0,0,0,0,0,0,0,0,0,0
260876,1,1,1987,8,13,5,27,14,8,7,13,8,7
260876,2,1,1987,0,0,0,0,0,0,0,0,0,0
260877,1,1,1987,0,15,15,4,0,15,26,26,22,37
260877,2,1,1987,0,0,0,0,0,0,0,0,0,0
260878,1,1,1987,0,0,0,0,0,0,0,0,0,0
260879,1,1,1987,0,0,0,0,0,7,0,0,0,0
260879,2,1,1987,0,0,0,0,0,13,0,0,0,0
260880,0,1,1987,0,0,0,0,0,0,0,0,0,0
260880,1,1,1987,18,13,27,17,13,11,19,5,0,5
260881,0,1,1987,15,15,15,15,15,15,15,15,15,15
260881,1,1,1987,0,0,0,13,0,0,0,0,0,12
260881,2,1,1987,0,0,0,0,0,0,0,0,0,0
260882,1,1,1987,0,0,0,0,0,0,0,0,0,0
260882,2,1,1987,0,0,0,0,0,0,0,0,0,0
260882,3,1,1987,0,0,0,0,0,0,0,0,0,0
260882,4,1,1987,0,0,0,0,0,0,0,0,0,0
260882,5,1,1987,0,0,12,0,0,0,0,0,0,0
260882,6,1,1987,4,0,0,0,0,0,0,0,0,0
260882,7,1,1987,0,0,0,0,0,0,0,0,0,0
260883,0,1,1987,0,9,17,11,0,0,24,0,0,0
260883,1,1,1987,0,0,0,0,0,15,0,0,0,0
260884,1,1,1987,12,12,12,12,12,12,12,12,12,12
260884,2,1,1987,0,0,0,0,0,0,0,0,0,0
260885,1,1,1987,22,22,22,22,22,22,22,22,22,22
260886,1,1,1987,13,13,13,13,13,13,13,13,13,13
260887,1,1,1987,29,29,29,29,29,29,29,29,29,29
260888,0,1,1987,12,0,0,18,0,12,0,0,0,8
260888,1,1,1987,0,0,0,0,0,0,0,0,0,0
260889,0,1,1987,32,32,32,32,32,32,32,32,32,32
260889,1,1,1987,17,0,26,0,29,22,0,17,12,32
260890,1,1,1987,25,25,25,25,25,25,25,25,25,25
260890,2,1,1987,0,3,0,0,0,0,0,0,0,10
260891,1,1,1987,9,6,9,15,25,17,22,12,18,11
260892,1,1,1987,21,20,0,28,0,0,0,0,0,0
260893,0,1,1987,37,37,37,37,37,37,37,37,37,37
260893,1,1,1987,2,2,2,2,2,2,2,2,2,2
260895,0,1,1987,24,0,11,23,0,16,13,13,10,18
260895,1,1,1987,0,0,0,0,0,0,0,0,0,0
260896,1,1,1987,0,34,0,0,0,0,0,0,0,0
260896,2,1,1987,0,0,0,0,0,0,0,0,0,0
260896,3,1,1987,0,0,0,0,0,0,0,0,0,0
260898,1,1,1987,0,5,14,0,8,0,0,0,0,0
260899,1,1,1987,0,0,0,0,0,0,0,0,0,0
260900,1,1,1987,0,0,0,0,0,0,0,0,0,0
260900,2,1,1987,0,0,0,0,0,0,0,0,0,0
260901,0,1,1987,0,0,0,0,0,0,0,39,5,0
260901,1,1,1987,0,0,0,0,0,0,0,0,0,0
260902,1,1,1987,15,15,15,15,15,15,15,15,15,15
260902,2,1,1987,0,0,0,0,0,0,0,0,0,0
260902,3,1,1987,0,0,0,0,0,0,0,0,0,0
260903,1,1,1987,8,34,22,19,16,25,24,18,25,17
260903,2,1,1987,0,0,0,0,0,0,0,0,0,0
260904,1,1,1987,2,2,2,2,2,2,2,2,2,2
260904,2,1,1987,0,0,0,0,0,0,0,0,0,0
260905,1,1,1987,16,16,16,16,16,16,16,16,16,16
260907,1,1,1987,0,0,0,0,0,0,0,0,0,0
260908,1,1,1987,0,0,0,0,0,0,0,0,0,0
260908,2,1,1987,13,0,0,0,0,0,0,0,0,0
260909,1,1,1987,0,0,10,0,0,0,0,0,0,0
260909,2,1,1987,0,0,0,0,0,0,0,0,0,0
260910,1,1,1987,25,25,25,25,25,25,25,25,25,25
260911,1,1,1987,24,24,24,24,24,24,24,24,24,24
260912,1,1,1987,0,0,0,0,0,0,0,0,0,0
260912,2,1,1987,0,0,0,0,0,0,0,0,0,0
260913,1,1,1987,0,0,0,0,0,0,0,0,0,0
260913,2,1,1987,0,0,0,0,0,0,0,0,0,0
260914,1,1,1987,0,0,0,0,0,0,0,0,0,0
260914,2,1,1987,0,0,0,0,0,21,16,0,0,0
260915,1,1,1987,0,0,0,0,0,0,0,0,0,0
260915,2,1,1987,0,0,12,0,0,0,0,0,7,0
260916,0,1,1987,0,0,0,0,0,0,0,0,0,0
260916,1,1,1987,0,0,0,0,0,0,0,0,0,0
260917,1,1,1987,0,10,0,0,0,5,0,0,0,0
260917,2,1,1987,0,0,0,0,0,0,0,0,0,0
260918,1,1,1987,22,22,22,22,22,22,22,22,22,22
260918,2,1,1987,0,0,5,0,0,0,0,0,0,0
260919,1,1,1987,10,10,10,10,10,10,10,10,10,10
260920,0,1,1987,0,0,0,0,0,0,0,0,11,0
260920,1,1,1987,0,0,0,0,0,0,0,0,0,0
260921,1,1,1987,21,0,12,0,9,15,9,0,10,35
260921,2,1,1987,0,0,0,18,0,0,0,0,0,0
260922,1,1,1987,18,18,18,18,18,18,18,18,18,18
260922,2,1,1987,0,0,0,0,31,0,0,10,0,0
260923,1,1,1987,0,0,0,0,0,0,0,0,0,0
260923,2,1,1987,8,0,0,0,0,0,0,0,2,0
260924,1,1,1987,33,33,33,33,33,33,33,33,33,33
260925,1,1,1987,25,25,25,25,25,25,25,25,25,25
260926,1,1,1987,18,18,18,18,18,18,18,18,18,18
260927,1,1,1987,0,0,0,0,0,0,0,0,0,0
260928,0,1,1987,16,16,16,16,16,16,16,16,16,16
260928,1,1,1987,16,16,16,16,16,16,16,16,16,16
260929,1,1,1987,1,1,1,1,1,1,1,1,1,1
260930,0,1,1987,22,22,22,22,22,22,22,22,22,22
260930,1,1,1987,6,6,6,6,6,6,6,6,6,6
260931,1,1,1987,21,21,21,21,21,21,21,21,21,21
260932,0,1,1987,2,2,2,2,2,2,2,2,2,2
260932,1,1,1987,0,13,21,13,17,10,11,9,16,15
260933,1,1,1987,5,5,5,5,5,5,5,5,5,5
260934,1,1,1987,13,13,13,13,13,13,13,13,13,13
260935,1,1,1987,0,0,0,0,0,0,0,0,0,0
260936,1,1,1987,0,0,0,0,0,0,0,0,0,0
260936,2,1,1987,0,0,0,0,0,0,0,0,0,0
260937,1,1,1987,0,0,0,0,0,0,0,0,0,0
260937,2,1,1987,0,0,0,0,0,0,0,0,0,0
260938,1,1,1987,33,33,33,33,33,33,33,33,33,33
260939,0,1,1987,0,0,0,0,0,0,0,0,0,0
260939,1,1,1987,0,0,0,0,0,0,0,0,0,0
260940,1,1,1987,0,0,0,0,0,8,0,0,0,0
260940,2,1,1987,0,0,0,0,0,0,0,0,0,0
260941,1,1,1987,0,0,0,0,0,0,0,0,0,0
260941,2,1,1987,0,0,0,0,0,0,0,0,0,0
260942,1,1,1987,0,0,0,0,0,0,0,0,0,0
260943,1,1,1987,0,0,0,0,0,0,0,0,0,0
260943,2,1,1987,0,0,0,0,11,0,0,0,0,0
260944,1,1,1987,16,16,16,16,16,16,16,16,16,16
260944,2,1,1987,0,0,0,0,0,0,0,0,0,0
260945,1,1,1987,0,0,0,0,0,0,0,0,0,0
260945,2,1,1987,0,0,0,0,0,0,0,0,0,0
260946,1,1,1987,0,0,0,0,0,19,0,0,0,0
260946,2,1,1987,0,0,0,0,0,0,0,0,0,0
260947,1,1,1987,24,24,24,24,24,24,24,24,24,24
260948,1,1,1987,0,0,0,0,0,0,0,0,0,0
260949,1,1,1987,13,13,13,13,13,13,13,13,13,13
260950,1,1,1987,21,28,0,9,7,9,14,12,21,14
260951,1,1,1987,0,0,0,0,0,0,0,0,0,0
260952,1,1,1987,8,0,0,0,0,0,0,0,0,0
260953,1,1,1987,11,11,11,11,11,11,11,11,11,11
260953,2,1,1987,0,0,0,0,0,0,0,0,0,0
260954,1,1,1987,5,5,5,5,5,5,5,5,5,5
260954,2,1,1987,0,0,9,19,11,24,30,18,15,16
260955,0,1,1987,24,24,24,24,24,24,24,24,24,24
260955,1,1,1987,0,0,0,0,0,0,0,0,0,0
260956,0,1,1987,0,0,0,0,0,22,0,0,0,0
260956,0,2,1987,2,12,10,0,3,0,0,8,9,0
260956,1,1,1987,0,0,0,0,0,0,0,0,7,3
260957,1,1,1987,0,0,0,0,0,0,0,0,0,0
260957,2,1,1987,0,0,0,0,0,0,0,0,0,0
260958,1,1,1987,21,21,21,21,21,21,21,21,21,21
260959,1,1,1987,22,0,0,0,17,15,14,15,0,18
260959,2,1,1987,0,0,0,8,18,0,0,0,0,0
260960,1,1,1987,12,12,12,12,12,12,12,12,12,12
260961,1,1,1987,0,0,0,0,0,0,0,0,0,0
260961,2,1,1987,0,0,0,0,0,0,0,0,0,0
260962,1,1,1987,0,0,0,0,0,0,0,0,0,0
260962,2,1,1987,0,0,0,0,0,0,0,0,0,0
260962,3,1,1987,0,0,0,0,0,0,0,0,0,0
260963,1,1,1987,0,0,0,0,0,0,0,0,0,0
260964,0,1,1987,0,0,0,0,0,0,0,0,0,6
260964,1,1,1987,0,0,0,0,0,0,0,0,0,0
260965,1,1,1987,0,0,0,0,0,0,0,0,0,0
260965,2,1,1987,0,0,0,0,0,0,0,0,0,0
260965,3,1,1987,0,0,0,0,0,0,0,0,0,0
260966,1,1,1987,14,12,16,18,18,17,24,16,18,8
260967,1,1,1987,13,0,0,15,12,0,12,21,0,21
260968,1,1,1987,0,0,0,0,0,0,0,0,0,0
260968,2,1,1987,0,0,0,0,0,0,0,0,0,0
260968,3,1,1987,0,0,0,0,0,0,0,0,0,0
260969,1,1,1987,0,0,0,0,0,0,0,0,0,0
260970,0,1,1987,0,0,0,0,0,0,0,0,0,0
260970,1,1,1987,0,0,0,0,8,0,0,7,0,0
260971,1,1,1987,21,21,21,21,21,21,21,21,21,21
260971,2,1,1987,0,0,0,0,0,0,11,0,0,0
260971,3,1,1987,0,0,0,0,8,0,0,18,0,0
260971,4,1,1987,0,0,0,0,0,0,0,0,0,0
260972,0,1,1987,26,26,26,26,26,26,26,26,26,26
260972,1,1,1987,0,0,0,0,0,0,0,0,0,0
260973,1,1,1987,16,17,16,17,27,0,13,15,11,5
260973,2,1,1987,0,0,0,0,0,0,0,0,0,0
260973,3,1,1987,0,0,0,0,0,0,0,0,0,0
260974,1,1,1987,0,0,0,0,0,0,0,0,0,0
260974,2,1,1987,0,0,0,0,0,0,0,0,3,6
260975,1,1,1987,20,20,20,20,20,20,20,20,20,20
260975,2,1,1987,20,20,20,20,20,20,20,20,20,20
260976,1,1,1987,15,15,15,15,15,15,15,15,15,15
260977,1,1,1987,0,0,0,0,0,0,0,0,0,0
260978,1,1,1987,34,34,34,34,34,34,34,34,34,34
260978,2,1,1987,0,0,0,0,0,0,0,0,0,0
260978,3,1,1987,0,9,0,0,0,0,0,0,0,15
260978,4,1,1987,0,0,0,0,0,0,0,0,0,0
260979,1,1,1987,0,0,0,0,0,0,0,0,0,0
260980,1,1,1987,0,0,0,13,21,10,21,41,15,18
260980,2,1,1987,0,0,0,0,0,0,0,0,0,0
260981,0,1,1987,0,0,0,0,0,0,0,0,0,0
260981,1,1,1987,13,13,13,13,13,13,13,13,13,13
260982,1,1,1987,0,0,0,0,0,0,0,0,0,0
260982,2,1,1987,0,0,0,0,0,0,0,0,0,0
260983,1,1,1987,7,7,7,7,7,7,7,7,7,7
260983,2,1,1987,0,0,0,0,0,0,0,0,0,0
260984,1,1,1987,0,0,0,0,0,0,0,0,0,0
260984,2,1,1987,0,0,0,0,0,0,0,0,9,0
260985,1,1,1987,0,0,0,0,0,0,0,0,0,0
260986,1,1,1987,25,25,25,25,25,25,25,25,25,25
260986,2,1,1987,0,0,0,0,0,0,0,0,0,0
260987,1,1,1987,0,0,0,0,0,0,0,0,0,0
260987,2,1,1987,0,0,0,0,0,0,0,0,0,0
260988,0,1,1987,17,17,17,17,17,17,17,17,17,17
260988,1,1,1987,0,0,0,0,0,0,0,0,0,0
260989,1,1,1987,0,0,0,0,0,0,0,0,0,0
260989,2,1,1987,0,0,0,0,0,0,0,0,0,0
260990,0,1,1987,0,0,0,0,17,0,0,0,0,0
260991,1,1,1987,0,0,0,0,0,0,0,0,0,0
260991,2,1,1987,0,0,0,0,0,0,0,0,0,0
260992,1,1,1987,35,35,35,35,35,35,35,35,35,35
260993,1,1,1987,13,23,8,9,10,12,20,29,16,9
260993,2,1,1987,29,29,29,29,29,29,29,29,29,29
260994,0,1,1987,30,30,30,30,30,30,30,30,30,30
260994,1,1,1987,0,0,0,0,0,0,0,0,0,0
260994,2,1,1987,0,0,0,0,0,0,0,0,0,0
260995,1,1,1987,0,0,0,13,0,0,0,9,0,0
260996,1,1,1987,9,13,26,20,10,21,23,16,15,14
260997,1,1,1987,15,15,15,15,15,15,15,15,15,15
260998,1,1,1987,0,0,0,0,0,0,0,0,0,0
260998,2,1,1987,0,0,0,0,0,0,0,0,0,0
260999,1,1,1987,21,21,21,21,21,21,21,21,21,21
260999,2,1,1987,0,0,0,0,0,0,0,0,0,0
261000,0,1,1987,0,0,0,0,0,0,0,0,0,0
261000,1,1,1987,9,9,9,9,9,9,9,9,9,9
261001,1,1,1987,9,9,9,9,9,9,9,9,9,9
261001,2,1,1987,0,0,0,8,0,0,0,0,0,0
261002,1,1,1987,13,10,0,11,7,20,6,0,9,9
261002,2,1,1987,23,24,18,0,10,6,15,23,11,31
261003,1,1,1987,0,0,0,0,0,0,0,0,0,0
261003,2,1,1987,0,0,0,0,0,0,7,0,0,0
261005,1,1,1987,21,21,21,21,21,21,21,21,21,21
261006,1,1,1987,0,0,0,0,0,0,0,0,0,0
261006,2,1,1987,0,0,0,0,0,0,0,0,0,0
261007,1,1,1987,0,0,0,0,0,0,0,0,0,0
261007,2,1,1987,0,0,0,0,0,0,0,0,0,0
261008,1,1,1987,0,0,0,0,0,0,0,0,0,0
261008,2,1,1987,0,0,0,0,0,0,0,0,0,0
261009,1,1,1987,0,0,0,0,0,0,0,0,0,0
261009,2,1,1987,0,0,0,0,0,0,0,0,0,0
261010,1,1,1987,0,0,0,0,0,0,0,8,0,0
261010,2,1,1987,0,0,0,0,0,0,0,0,0,0
261011,1,1,1987,0,0,0,0,0,0,0,0,0,0
261011,2,1,1987,0,0,0,0,0,0,0,0,0,0
261012,0,1,1987,0,0,0,0,0,0,0,0,0,0
261012,1,1,1987,0,29,11,18,22,0,22,0,0,16
261013,0,1,1987,19,19,19,19,19,19,19,19,19,19
261013,1,1,1987,0,0,0,0,0,0,0,0,0,0
261013,2,1,1987,5,5,5,5,5,5,5,5,5,5
261014,1,1,1987,0,0,0,0,0,0,0,0,0,0
261016,1,1,1987,0,0,0,0,0,0,0,0,0,0
261016,2,1,1987,0,0,5,0,0,0,0,0,0,9
261017,1,1,1987,19,10,39,29,20,21,19,14,15,18
261018,0,1,1987,0,0,0,0,0,0,0,0,0,0
261018,1,1,1987,0,0,0,0,0,0,0,0,0,0
261019,1,1,1987,0,0,0,0,0,0,0,0,0,0
261019,2,1,1987,50,50,50,50,50,50,50,50,50,50
261020,1,1,1987,23,13,11,9,8,0,16,17,0,0
261021,0,1,1987,0,0,0,0,0,0,0,0,0,0
261021,1,1,1987,0,0,0,0,0,0,0,0,0,0
261022,0,1,1987,0,0,0,0,0,0,0,0,0,0
261022,1,1,1987,0,0,0,16,0,0,0,0,0,0
261023,0,1,1987,0,0,0,0,0,0,0,0,0,0
261023,1,1,1987,0,0,0,0,0,0,0,0,0,0
261024,1,1,1987,0,0,0,0,0,0,0,0,0,0
261024,2,1,1987,0,0,0,0,0,0,0,9,0,0
261024,3,1,1987,0,0,0,0,0,0,0,24,0,0
261025,1,1,1987,9,0,0,0,0,0,0,0,0,0
261025,2,1,1987,0,0,0,0,0,0,0,0,0,0
261026,1,1,1987,4,4,4,4,4,4,4,4,4,4
261027,1,1,1987,15,15,15,15,15,15,15,15,15,15
261028,1,1,1987,0,0,0,0,0,0,0,0,0,0
261028,2,1,1987,0,0,0,0,0,0,0,0,0,0
261029,1,1,1987,0,0,16,17,0,0,0,5,0,0
261029,2,1,1987,0,0,0,0,0,0,0,0,0,0
261030,1,1,1987,0,0,0,0,0,0,0,0,0,0
261030,2,1,1987,0,0,0,0,0,0,0,0,0,0
261031,1,1,1987,10,10,10,10,10,10,10,10,10,10
261032,1,1,1987,16,16,16,16,16,16,16,16,16,16
261033,1,1,1987,21,21,21,21,21,21,21,21,21,21
261033,2,1,1987,0,0,0,0,0,0,0,0,0,0
261034,1,1,1987,0,0,0,0,0,0,0,5,0,0
261034,2,1,1987,23,23,23,23,23,23,23,23,23,23
261035,1,1,1987,18,14,16,8,15,14,5,15,25,11
261036,1,1,1987,31,31,31,31,31,31,31,31,31,31
261037,1,1,1987,0,0,0,0,0,0,0,0,0,0
261037,2,1,1987,0,0,0,0,0,0,0,0,0,0
261038,0,1,1987,0,0,0,0,0,0,0,0,0,0
261038,1,1,1987,0,0,0,0,0,0,0,0,0,0
261039,1,1,1987,0,0,0,0,0,0,0,0,0,0
261040,0,1,1987,0,0,0,0,0,0,0,0,0,0
261040,1,1,1987,0,0,0,0,10,0,0,0,0,0
261040,3,1,1987,0,0,0,0,0,0,0,0,0,0
261041,1,1,1987,22,22,22,22,22,22,22,22,22,22
261042,1,1,1987,0,0,0,0,0,0,0,0,0,0
261042,2,1,1987,0,0,0,0,0,0,0,0,0,0
261042,3,1,1987,0,0,0,0,0,0,0,0,0,0
261043,1,1,1987,24,24,24,24,24,24,24,24,24,24
261043,2,1,1987,0,0,0,0,0,0,0,0,0,0
261044,1,1,1987,0,0,0,0,0,0,0,0,0,0
261044,2,1,1987,0,0,0,0,0,0,0,0,0,0
261044,3,1,1987,0,0,0,0,0,0,0,0,0,0
261045,1,1,1987,14,24,15,13,20,17,13,7,0,8
261046,0,1,1987,0,0,0,0,0,0,0,3,0,0
261046,0,2,1987,0,0,0,0,0,0,0,0,0,0
261046,1,1,1987,0,0,0,0,0,0,0,10,0,0
261047,1,1,1987,0,0,0,0,0,0,0,0,0,0
261047,2,1,1987,0,0,0,0,0,0,0,0,0,0
261048,1,1,1987,23,18,26,16,22,13,27,17,18,8
261049,1,1,1987,24,12,0,0,0,12,34,0,0,13
261050,1,1,1987,3,0,0,0,0,0,0,0,0,0
261050,2,1,1987,0,0,0,0,0,0,0,0,0,0
261051,1,1,1987,0,0,9,0,0,0,0,20,0,0
261052,1,1,1987,18,18,18,18,18,18,18,18,18,18
261053,1,1,1987,0,0,0,0,0,0,0,0,0,0
261053,2,1,1987,0,0,0,0,0,0,0,0,0,0
261054,1,1,1987,0,0,0,0,0,0,0,0,0,0
261054,2,1,1987,0,0,0,0,0,0,0,0,0,0
261055,0,1,1987,0,0,0,0,0,0,0,0,0,0
261055,1,1,1987,0,0,6,17,9,6,7,16,10,15
261056,1,1,1987,18,18,18,18,18,18,18,18,18,18
261056,2,1,1987,9,9,9,9,9,9,9,9,9,9
261057,0,1,1987,0,0,0,0,0,0,0,0,0,0
261057,1,1,1987,26,26,26,26,26,26,26,26,26,26
261058,1,1,1987,0,0,0,0,0,0,0,0,0,0
261058,2,1,1987,0,0,0,0,0,0,0,0,0,0
261059,1,1,1987,0,0,0,0,0,0,0,0,0,0
261059,2,1,1987,0,0,0,0,0,0,0,0,0,0
261060,1,1,1987,0,0,0,0,0,0,0,0,0,0
261061,0,1,1987,23,23,23,23,23,23,23,23,23,23
261061,1,1,1987,0,0,0,0,0,0,0,0,0,0
261062,1,1,1987,18,18,18,18,18,18,18,18,18,18
261063,1,1,1987,24,24,24,24,24,24,24,24,24,24
261064,1,1,1987,10,10,10,10,10,10,10,10,10,10
261065,1,1,1987,0,0,0,0,0,0,0,0,0,12
261065,2,1,1987,0,0,0,0,0,0,0,0,0,0
261066,1,1,1987,19,19,19,19,19,19,19,19,19,19
261067,0,1,1987,24,24,24,24,24,24,24,24,24,24
261067,1,1,1987,0,0,0,0,0,0,9,0,0,0
261068,1,1,1987,12,16,24,6,12,23,26,12,17,20
261069,1,1,1987,13,13,13,13,13,13,13,13,13,13
261070,1,1,1987,16,0,0,3,4,12,6,14,9,0
261071,0,1,1987,31,17,23,18,25,21,18,23,23,11
261071,1,1,1987,0,0,17,0,0,0,0,0,0,0
261072,1,1,1987,24,8,22,9,16,16,16,24,9,15
261072,2,1,1987,0,0,0,0,0,0,0,0,0,0
261073,1,1,1987,11,27,21,13,17,6,20,10,15,9
261073,2,1,1987,12,0,0,0,0,10,0,0,0,0
261074,1,1,1987,13,13,13,13,13,13,13,13,13,13
261075,0,1,1987,0,0,0,0,0,0,0,0,0,0