ST_CASE,VEH_NO,PER_NO,YEAR,P1,P2,P3,P4,P5,P6,P7,P8,P9,P10
261075,1,1,1987,0,0,0,0,0,0,0,0,0,0
261076,1,1,1987,15,0,0,0,0,0,0,0,0,0
261076,2,1,1987,0,0,0,0,0,0,0,0,0,0
261077,1,1,1987,0,0,0,0,0,0,0,0,0,0
261077,2,1,1987,24,24,24,24,24,24,24,24,24,24
261078,0,1,1987,0,0,0,0,0,0,0,0,0,0
261078,1,1,1987,0,0,0,0,0,0,0,8,0,0
261079,1,1,1987,0,0,0,0,0,0,0,0,0,0
261080,1,1,1987,0,0,0,0,0,0,0,0,0,0
261081,1,1,1987,20,20,20,20,20,20,20,20,20,20
261081,2,1,1987,0,0,0,0,0,0,0,0,0,0
261081,3,1,1987,0,0,0,0,0,0,0,0,0,0
261082,1,1,1987,0,0,0,0,14,0,0,0,0,0
261083,1,1,1987,0,0,0,0,0,0,0,0,0,0
261083,2,1,1987,0,0,10,0,7,0,0,0,0,0
261084,0,1,1987,7,7,7,7,7,7,7,7,7,7
261084,1,1,1987,1,1,1,1,1,1,1,1,1,1
261085,1,1,1987,12,12,12,12,12,12,12,12,12,12
261086,1,1,1987,17,7,6,26,19,18,11,5,15,15
261086,2,1,1987,5,5,5,5,5,5,5,5,5,5
261087,1,1,1987,0,8,14,6,4,0,17,0,12,16
261088,1,1,1987,18,16,23,40,18,11,23,15,9,12
261088,2,1,1987,0,0,0,0,0,0,0,0,0,0
261089,1,1,1987,13,16,7,15,16,4,11,13,17,7
261089,2,1,1987,21,21,21,21,21,21,21,21,21,21
261090,1,1,1987,0,0,0,0,0,0,0,0,0,0
261090,2,1,1987,0,0,0,0,0,0,0,0,0,0
261091,0,1,1987,0,0,0,0,0,0,0,0,0,0
261091,1,1,1987,0,0,0,0,0,0,0,0,0,0
261092,1,1,1987,14,14,14,14,14,14,14,14,14,14
261092,2,1,1987,0,0,0,0,0,0,0,0,0,0
261093,1,1,1987,0,0,0,0,0,0,0,0,0,0
261094,1,1,1987,0,0,0,0,0,0,0,0,0,0
261094,2,1,1987,0,0,0,5,0,0,8,0,0,0
261095,0,1,1987,0,0,0,0,0,0,0,0,0,0
261095,1,1,1987,11,11,11,11,11,11,11,11,11,11
261096,1,1,1987,23,23,23,23,23,23,23,23,23,23
261097,1,1,1987,28,28,28,28,28,28,28,28,28,28
261098,1,1,1987,20,20,20,20,20,20,20,20,20,20
261099,1,1,1987,25,15,20,15,27,24,10,24,22,16
261100,1,1,1987,13,13,13,13,13,13,13,13,13,13
261101,0,1,1987,0,0,0,0,0,0,0,0,0,0
261101,0,2,1987,0,0,0,0,0,0,0,0,0,0
261101,1,1,1987,0,0,0,0,0,0,0,0,0,0
261102,1,1,1987,18,18,18,18,18,18,18,18,18,18
261102,2,1,1987,11,11,11,11,11,11,11,11,11,11
261103,1,1,1987,0,0,0,0,0,0,0,0,0,0
261103,2,1,1987,0,0,0,0,0,0,0,0,0,0
261104,1,1,1987,0,0,0,0,0,0,0,0,0,0
261105,0,1,1987,0,0,0,0,0,0,0,0,0,0
261105,1,1,1987,0,0,0,0,0,0,0,0,0,0
261106,1,1,1987,0,0,0,0,0,0,0,0,0,0
261107,1,1,1987,0,0,0,0,0,0,0,0,0,0
261107,2,1,1987,0,0,0,0,0,0,0,0,0,0
261108,0,1,1987,0,0,0,19,0,0,0,0,0,0
261108,0,2,1987,0,0,0,0,0,0,0,0,0,0
261108,1,1,1987,0,0,0,0,0,0,0,0,0,0
261109,0,1,1987,0,0,0,0,0,0,0,0,0,0
261109,1,1,1987,0,0,0,0,0,0,0,0,0,0
261110,1,1,1987,11,11,11,11,11,11,11,11,11,11
261110,2,1,1987,0,0,0,0,0,0,0,0,0,0
261111,1,1,1987,22,22,22,22,22,22,22,22,22,22
261112,1,1,1987,0,0,0,0,0,0,0,0,0,0
261112,2,1,1987,0,0,0,0,0,0,0,0,0,0
261113,0,1,1987,15,0,0,24,0,0,0,11,0,14
261113,1,1,1987,0,0,0,0,0,0,0,0,0,0
261114,1,1,1987,3,23,14,17,8,7,8,11,11,16
261115,1,1,1987,0,0,0,0,0,0,0,0,0,21
261116,1,1,1987,20,20,20,20,20,20,20,20,20,20
261117,1,1,1987,0,0,0,28,0,0,0,13,18,22
261117,2,1,1987,0,0,0,0,0,0,0,0,0,0
261118,1,1,1987,0,0,0,0,0,0,0,0,0,0
261118,2,1,1987,0,0,0,0,0,0,0,0,8,0
261118,3,1,1987,0,0,0,20,0,0,0,0,0,0
261119,1,1,1987,0,0,0,0,0,0,0,0,0,15
261119,2,1,1987,0,20,0,0,0,0,0,0,0,0
261120,1,1,1987,0,0,0,0,0,14,0,0,0,0
261120,2,1,1987,0,0,0,0,0,0,0,11,0,0
261121,0,1,1987,21,21,21,21,21,21,21,21,21,21
261121,1,1,1987,0,0,0,0,0,0,16,0,0,0
261122,1,1,1987,0,0,0,0,0,0,0,0,0,0
261123,1,1,1987,22,22,22,22,22,22,22,22,22,22
261123,2,1,1987,0,27,0,0,0,0,0,0,0,0
261124,1,1,1987,30,0,34,0,39,0,29,0,10,19
261124,2,1,1987,3,3,3,3,3,3,3,3,3,3
261125,1,1,1987,0,0,0,0,0,0,0,0,0,0
261125,2,1,1987,0,0,0,0,0,0,0,0,0,0
261125,3,1,1987,0,0,0,0,0,0,0,0,0,0
261126,1,1,1987,1,1,1,1,1,1,1,1,1,1
261126,2,1,1987,0,0,0,0,0,0,0,0,0,0
261126,3,1,1987,0,0,0,0,0,0,0,0,0,0
261126,4,1,1987,0,0,0,0,0,0,0,0,0,0
261127,0,1,1987,11,18,18,23,6,34,22,21,13,0
261127,1,1,1987,0,0,0,0,0,0,0,0,0,0
261128,1,1,1987,0,0,0,0,0,0,0,0,0,0
261128,2,1,1987,0,0,0,0,0,0,0,0,0,0
261129,1,1,1987,0,0,0,0,0,0,0,0,0,0
261129,2,1,1987,0,0,0,0,0,0,0,0,0,0
261130,1,1,1987,0,0,0,0,0,0,0,0,0,0
261130,2,1,1987,0,0,0,0,0,0,0,0,0,0
261131,1,1,1987,0,0,0,0,0,0,0,0,0,0
261131,2,1,1987,0,0,0,0,0,0,0,0,0,0
261132,1,1,1987,20,20,20,20,20,20,20,20,20,20
261132,2,1,1987,0,0,0,0,0,0,0,0,0,0
261133,1,1,1987,27,27,27,27,27,27,27,27,27,27
261133,2,1,1987,14,14,14,14,14,14,14,14,14,14
261134,1,1,1987,0,0,21,14,0,0,0,0,0,29
261135,1,1,1987,0,0,0,0,0,0,0,0,0,0
261135,2,1,1987,0,0,0,0,0,12,0,0,0,0
261136,0,1,1987,0,0,0,0,0,0,8,13,0,0
261137,1,1,1987,4,4,4,4,4,4,4,4,4,4
261138,1,1,1987,10,10,10,10,10,10,10,10,10,10
261138,2,1,1987,0,0,0,0,0,0,0,0,0,0
261139,1,1,1987,38,38,38,38,38,38,38,38,38,38
261139,2,1,1987,11,11,11,11,11,11,11,11,11,11
261140,1,1,1987,9,9,9,9,9,9,9,9,9,9
261140,2,1,1987,11,0,0,0,0,0,0,0,0,0
261140,3,1,1987,0,0,0,16,0,0,12,0,22,0
261141,1,1,1987,21,21,21,21,21,21,21,21,21,21
261142,1,1,1987,16,16,16,16,16,16,16,16,16,16
261142,2,1,1987,0,0,0,0,0,0,0,0,0,0
261143,1,1,1987,0,19,0,0,0,0,0,0,0,0
261143,2,1,1987,0,0,0,0,0,0,0,0,0,0
261144,1,1,1987,18,18,18,18,18,18,18,18,18,18
261144,2,1,1987,0,7,0,0,0,0,0,30,0,0
261145,0,1,1987,0,0,0,0,0,0,0,0,0,0
261145,1,1,1987,0,0,0,0,0,0,0,0,0,0
261146,1,1,1987,0,0,4,0,0,0,0,0,0,0
261146,2,1,1987,0,0,0,0,0,0,0,0,0,0
261147,1,1,1987,21,21,21,21,21,21,21,21,21,21
261147,2,1,1987,0,0,0,0,0,0,0,0,0,0
261148,0,1,1987,24,24,24,24,24,24,24,24,24,24
261148,1,1,1987,0,0,0,0,0,0,0,0,0,0
261149,1,1,1987,0,0,0,0,0,0,0,5,0,0
261149,2,1,1987,0,0,0,0,0,0,0,0,0,0
261149,3,1,1987,0,0,0,0,0,0,0,0,11,0
261150,0,1,1987,0,0,0,0,0,0,0,0,0,0
261150,1,1,1987,0,0,0,0,0,0,0,0,0,0
261151,1,1,1987,0,0,0,0,0,0,0,0,0,0
261151,2,1,1987,0,0,0,0,0,0,0,0,0,0
261152,1,1,1987,0,0,0,0,0,0,0,0,0,0
261153,1,1,1987,9,9,9,9,9,9,9,9,9,9
261153,2,1,1987,6,13,0,15,5,15,12,22,21,24
261154,1,1,1987,19,19,19,19,19,19,19,19,19,19
261155,1,1,1987,0,0,0,0,0,0,0,0,0,0
261155,2,1,1987,8,8,8,8,8,8,8,8,8,8
261156,1,1,1987,11,11,11,11,11,11,11,11,11,11
261156,2,1,1987,0,0,0,0,0,19,0,0,0,0
261157,1,1,1987,24,19,0,15,12,8,35,0,6,14
261158,1,1,1987,15,15,15,15,15,15,15,15,15,15
261159,1,1,1987,16,16,16,16,16,16,16,16,16,16
261160,1,1,1987,26,14,13,14,7,14,0,27,18,0
261160,2,1,1987,8,8,8,8,8,8,8,8,8,8
261161,0,1,1987,0,0,0,0,0,0,0,0,0,0
261161,1,1,1987,13,13,13,13,13,13,13,13,13,13
261161,2,1,1987,0,0,0,19,0,13,0,0,12,0
261162,1,1,1987,15,15,15,15,15,15,15,15,15,15
261162,2,1,1987,0,0,0,0,6,0,0,0,0,0
261163,1,1,1987,18,18,18,18,18,18,18,18,18,18
261164,1,1,1987,0,0,0,0,0,0,0,0,0,0
261164,2,1,1987,0,0,0,0,0,0,0,0,0,0
261165,1,1,1987,28,28,28,28,28,28,28,28,28,28
261166,0,1,1987,0,0,0,0,0,0,0,0,0,0
261166,1,1,1987,0,0,0,0,0,0,0,0,0,0
261167,1,1,1987,14,14,14,14,14,14,14,14,14,14
261168,1,1,1987,0,0,0,0,0,0,0,0,0,0
261168,2,1,1987,1,1,1,1,1,1,1,1,1,1
261169,1,1,1987,0,0,0,0,0,0,0,0,14,0
261169,2,1,1987,0,0,0,0,0,0,0,0,0,0
261170,1,1,1987,0,0,0,0,0,0,0,0,0,0
261171,0,1,1987,0,0,0,0,0,0,0,0,0,0
261171,1,1,1987,0,0,0,0,0,0,0,0,0,0
261172,1,1,1987,0,0,0,0,0,0,0,0,0,0
261172,2,1,1987,0,0,0,0,0,0,0,0,0,0
261173,1,1,1987,0,0,0,0,0,0,0,0,0,0
261173,2,1,1987,0,0,0,0,0,0,0,0,0,0
261174,1,1,1987,0,0,0,0,0,0,0,17,0,0
261175,1,1,1987,0,0,0,0,0,0,0,0,0,0
261175,2,1,1987,0,0,0,0,0,0,0,0,0,0
261176,1,1,1987,12,12,12,12,12,12,12,12,12,12
261176,2,1,1987,0,0,0,0,0,0,0,0,0,0
261177,1,1,1987,26,20,8,7,24,24,11,0,17,16
261177,2,1,1987,17,17,17,17,17,17,17,17,17,17
261178,1,1,1987,0,0,0,0,0,0,0,0,0,0
261179,1,1,1987,0,0,0,6,0,0,17,0,8,0
261179,2,1,1987,0,0,0,0,0,0,0,0,0,0
261180,1,1,1987,0,0,0,0,0,0,0,0,0,0
261180,2,1,1987,0,0,0,0,0,0,0,0,0,0
261181,0,1,1987,34,13,12,23,22,35,32,21,11,19
261181,1,1,1987,15,17,0,24,0,15,33,0,0,15
261182,1,1,1987,25,25,25,25,25,25,25,25,25,25
261182,2,1,1987,0,0,0,0,0,0,0,8,0,0
261183,1,1,1987,13,17,12,19,13,18,28,18,11,17
261184,0,1,1987,34,34,34,34,34,34,34,34,34,34
261184,1,1,1987,0,0,0,0,0,0,0,0,0,0
261185,1,1,1987,24,12,15,6,24,21,18,20,27,23
261186,1,1,1987,0,0,0,0,0,0,0,0,0,0
261186,2,1,1987,0,0,0,0,0,0,0,0,0,0
261187,0,1,1987,0,0,0,0,0,0,0,0,0,0
261187,1,1,1987,0,0,0,0,0,0,0,10,0,0
261187,2,1,1987,0,11,0,0,0,0,0,0,0,0
261188,1,1,1987,0,0,0,0,0,0,8,0,0,0
261188,2,1,1987,0,0,0,0,0,0,4,0,0,0
261189,1,1,1987,8,14,12,18,19,8,7,0,26,5
261189,2,1,1987,21,21,21,21,21,21,21,21,21,21
261190,1,1,1987,0,0,0,0,0,0,0,0,0,0
261190,2,1,1987,0,0,0,0,0,0,0,0,0,0
261191,0,1,1987,0,0,0,0,0,19,0,15,22,0
261191,1,1,1987,15,8,24,11,0,13,15,9,10,13
261191,3,1,1987,0,0,8,0,0,0,11,0,0,0
261192,1,1,1987,6,6,6,6,6,6,6,6,6,6
261193,1,1,1987,0,0,0,0,0,0,0,0,0,0
261193,2,1,1987,0,0,0,0,0,0,0,0,0,0
261194,1,1,1987,0,0,0,0,0,0,0,0,0,0
261195,1,1,1987,0,0,0,0,0,0,0,0,0,0
261196,1,1,1987,0,0,0,0,0,0,0,0,0,0
261197,1,1,1987,10,8,21,20,16,19,9,15,13,19
261197,2,1,1987,16,16,16,16,16,16,16,16,16,16
261198,0,1,1987,11,13,17,27,9,15,25,18,27,12
261198,1,1,1987,0,7,0,0,18,0,0,0,0,0
261199,1,1,1987,0,0,0,0,0,0,0,0,0,0
261199,2,1,1987,0,0,0,0,0,0,0,0,0,0
261200,1,1,1987,0,0,0,0,0,0,0,0,0,0
261200,2,1,1987,0,0,0,0,0,0,0,0,0,0
261202,1,1,1987,0,0,0,0,0,0,0,0,0,0
261202,2,1,1987,0,0,0,0,0,0,0,0,0,0
261203,1,1,1987,0,0,0,0,0,0,0,0,0,0
261204,1,1,1987,0,0,0,0,5,0,0,0,0,0
261205,1,1,1987,0,0,0,0,0,0,0,0,0,0
261205,2,1,1987,0,0,0,0,0,0,0,0,0,0
261207,1,1,1987,0,0,0,0,0,0,0,0,23,0
261207,2,1,1987,0,0,10,0,10,0,0,0,0,0
261207,3,1,1987,0,0,0,0,0,0,0,0,0,0
261208,1,1,1987,0,0,0,0,0,0,0,26,0,0
261208,2,1,1987,0,0,0,0,0,0,0,0,0,0
261209,1,1,1987,0,0,0,0,0,0,0,0,0,0
261211,1,1,1987,8,8,8,8,8,8,8,8,8,8
261211,2,1,1987,0,0,0,0,0,0,9,0,0,0
261212,1,1,1987,0,0,0,0,0,0,0,0,0,0
261212,2,1,1987,15,0,0,16,0,8,0,0,0,0
261213,1,1,1987,0,0,0,0,0,0,0,0,0,0
261214,1,1,1987,0,0,0,0,0,0,0,0,0,0
261214,2,1,1987,0,0,0,0,0,0,0,0,0,0
261215,1,1,1987,14,14,14,14,14,14,14,14,14,14
261215,2,1,1987,0,0,0,0,0,0,0,0,0,0
261215,3,1,1987,0,0,0,0,0,0,0,0,0,0
261216,1,1,1987,10,15,15,14,5,7,11,18,4,20
261217,1,1,1987,0,0,0,0,0,0,0,0,0,0
261218,1,1,1987,11,11,11,11,11,11,11,11,11,11
261218,2,1,1987,0,0,0,0,0,0,0,0,0,0
261219,1,1,1987,18,18,18,18,18,18,18,18,18,18
261220,1,1,1987,0,0,0,0,0,0,0,0,0,0
261220,2,1,1987,0,0,0,0,8,0,0,0,0,0
261221,1,1,1987,0,0,0,0,0,0,0,0,0,0
261221,2,1,1987,0,0,0,0,0,0,0,0,0,0
261222,1,1,1987,4,4,4,4,4,4,4,4,4,4
261223,1,1,1987,0,0,0,0,0,0,0,0,0,0
261223,2,1,1987,0,0,0,0,0,0,0,0,0,0
261224,0,1,1987,13,13,13,13,13,13,13,13,13,13
261224,1,1,1987,0,0,0,0,0,0,0,3,0,0
261224,2,1,1987,20,0,0,4,0,0,21,0,20,10
261224,3,1,1987,0,0,0,0,0,0,0,0,0,0
261225,1,1,1987,0,0,0,0,0,0,0,0,0,0
261225,2,1,1987,0,0,0,0,0,0,0,0,0,0
261226,1,1,1987,12,12,12,12,12,12,12,12,12,12
261226,2,1,1987,0,0,0,0,0,0,0,0,0,0
261227,1,1,1987,0,0,0,0,0,0,0,0,0,0
261227,2,1,1987,0,0,0,0,0,0,0,0,0,0
261228,1,1,1987,0,0,0,0,0,0,0,0,0,0
261229,0,1,1987,21,21,20,23,17,42,13,9,28,41
261229,1,1,1987,0,0,0,4,19,0,0,0,0,18
261230,0,1,1987,0,0,0,0,0,0,0,0,0,0
261230,1,1,1987,0,0,0,0,0,0,0,0,0,0
261230,2,1,1987,0,0,0,20,0,0,0,0,17,0
261231,1,1,1987,0,0,0,0,0,0,0,0,0,0
261231,2,1,1987,0,0,0,0,0,0,0,0,0,0
261232,1,1,1987,0,0,0,0,0,0,0,0,0,0
261232,2,1,1987,0,0,0,0,0,0,0,0,36,0
261233,1,1,1987,26,26,26,26,26,26,26,26,26,26
261233,2,1,1987,0,0,0,0,0,0,0,0,0,12
261234,1,1,1987,0,0,0,0,0,0,0,0,0,0
261234,2,1,1987,18,0,0,0,0,0,0,0,0,0
261235,1,1,1987,0,0,0,0,0,0,0,0,0,0
261235,2,1,1987,0,0,0,0,0,0,0,0,0,0
261235,3,1,1987,0,0,0,0,0,0,0,0,0,0
261236,1,1,1987,21,21,21,21,21,21,21,21,21,21
261236,2,1,1987,4,4,4,4,4,4,4,4,4,4
261237,1,1,1987,22,22,22,22,22,22,22,22,22,22
261238,1,1,1987,21,24,15,20,21,19,15,0,15,17
261240,1,1,1987,5,5,5,5,5,5,5,5,5,5
261240,2,1,1987,12,12,12,12,12,12,12,12,12,12
261241,1,1,1987,9,9,9,9,9,9,9,9,9,9
261242,1,1,1987,0,0,0,0,0,0,0,0,0,0
261243,1,1,1987,15,15,15,15,15,15,15,15,15,15
261243,2,1,1987,11,11,11,11,11,11,11,11,11,11
261244,1,1,1987,11,11,11,11,11,11,11,11,11,11
261244,2,1,1987,3,3,3,3,3,3,3,3,3,3
261245,1,1,1987,14,13,21,34,34,13,12,16,0,13
261245,2,1,1987,0,7,15,7,0,15,9,2,13,8
261246,1,1,1987,6,6,6,6,6,6,6,6,6,6
261246,2,1,1987,8,8,8,8,8,8,8,8,8,8
261247,1,1,1987,0,0,0,0,0,0,0,0,0,0
261247,2,1,1987,15,15,15,15,15,15,15,15,15,15
261248,0,1,1987,0,0,0,0,0,0,0,0,6,0
261248,0,2,1987,0,0,0,0,0,0,0,0,0,20
261248,1,1,1987,0,0,0,0,0,0,0,0,0,0
261249,1,1,1987,19,18,19,16,9,11,14,20,18,24
261249,2,1,1987,0,0,0,0,0,0,0,0,0,0
261250,1,1,1987,18,18,18,18,18,18,18,18,18,18
261251,1,1,1987,32,32,32,32,32,32,32,32,32,32
261251,2,1,1987,0,0,0,0,0,0,0,0,0,0
261252,1,1,1987,20,20,20,20,20,20,20,20,20,20
261253,0,1,1987,0,0,0,0,0,0,0,0,0,0
261253,1,1,1987,0,0,0,0,0,0,0,0,0,0
261254,1,1,1987,0,0,0,0,0,0,0,0,0,0
261254,2,1,1987,0,28,19,0,0,0,0,0,0,0
261255,0,1,1987,0,0,0,0,0,0,0,0,0,0
261255,1,1,1987,0,0,0,0,0,0,0,0,0,0
261256,1,1,1987,16,16,16,16,16,16,16,16,16,16
261257,0,1,1987,0,0,19,19,9,0,31,33,21,22
261257,1,1,1987,0,0,0,0,0,0,0,0,0,0
261258,1,1,1987,0,0,0,0,0,0,0,0,0,0
261258,2,1,1987,0,0,0,0,0,0,0,0,0,0
261259,1,1,1987,0,0,0,0,0,0,0,0,0,0
261259,2,1,1987,0,0,0,0,0,0,0,0,0,0
261260,1,1,1987,0,0,0,0,0,0,0,0,0,0
261260,2,1,1987,0,0,0,0,0,0,0,0,0,0
261260,3,1,1987,0,0,0,0,0,0,0,0,0,0
261261,1,1,1987,3,3,3,3,3,3,3,3,3,3
261261,2,1,1987,0,0,0,0,0,0,0,0,0,0
261262,0,1,1987,20,20,20,20,20,20,20,20,20,20
261262,1,1,1987,18,18,18,18,18,18,18,18,18,18
261263,0,1,1987,0,0,0,0,0,0,0,0,0,0
261263,0,2,1987,0,0,0,0,0,0,0,0,0,6
261263,1,1,1987,0,0,0,0,0,0,0,0,0,0
261264,1,1,1987,0,0,0,0,0,0,0,0,0,0
261264,2,1,1987,0,0,0,0,0,0,0,0,0,0
261265,0,1,1987,0,0,0,0,0,0,0,0,0,0
261265,1,1,1987,0,0,0,0,0,0,0,0,0,0
261266,1,1,1987,19,19,19,19,19,19,19,19,19,19
261266,2,1,1987,0,0,0,0,0,0,0,11,0,0
261267,1,1,1987,16,16,16,16,16,16,16,16,16,16
261267,2,1,1987,0,0,0,0,0,0,0,0,0,0
261268,1,1,1987,29,29,29,29,29,29,29,29,29,29
261269,1,1,1987,5,10,25,31,16,22,6,37,13,13
261270,1,1,1987,0,0,0,0,0,0,15,0,16,0
261270,2,1,1987,0,0,0,0,0,0,0,0,0,0
261271,1,1,1987,6,24,8,13,17,0,10,6,9,13
261271,2,1,1987,0,0,0,0,0,0,0,0,0,0
261272,1,1,1987,0,0,0,0,0,0,0,0,0,0
261272,2,1,1987,0,0,0,0,0,0,0,0,0,0
261273,1,1,1987,0,0,0,0,0,0,0,0,0,0
261273,2,1,1987,0,0,0,0,0,0,0,0,0,0
261273,3,1,1987,0,0,0,0,0,0,0,0,0,0
261274,1,1,1987,0,0,0,0,0,0,0,0,0,0
261274,2,1,1987,0,0,0,0,0,0,0,0,0,0
261275,1,1,1987,0,0,0,0,0,0,0,0,0,0
261275,2,1,1987,0,0,0,0,0,0,0,0,0,0
261276,1,1,1987,0,0,0,0,0,0,0,0,20,0
261276,2,1,1987,0,21,0,0,0,0,0,0,0,0
261276,3,1,1987,0,0,0,0,0,0,0,0,0,0
261277,1,1,1987,43,43,43,43,43,43,43,43,43,43
261278,1,1,1987,10,13,0,31,14,14,27,27,5,0
261278,2,1,1987,0,0,0,38,0,0,0,0,34,0
261279,1,1,1987,0,0,0,0,0,0,0,0,0,0
261279,2,1,1987,0,0,0,0,17,0,7,0,0,0
261280,0,1,1987,0,0,0,0,4,0,0,0,0,0
261280,1,1,1987,0,0,0,0,0,0,0,0,0,0
261281,1,1,1987,15,11,16,4,11,13,12,16,9,21
261282,1,1,1987,3,3,3,3,3,3,3,3,3,3
261283,1,1,1987,20,15,0,10,7,0,18,21,10,14
261284,0,1,1987,0,0,0,0,0,0,0,0,0,0
261284,1,1,1987,0,0,0,0,0,0,0,0,0,0
261285,1,1,1987,0,0,0,0,0,0,0,0,0,0
261286,1,1,1987,0,0,0,0,0,0,0,0,0,0
261287,0,1,1987,0,0,0,0,0,0,0,0,0,0
261287,1,1,1987,0,0,0,0,0,0,0,0,0,0
261287,2,1,1987,0,0,0,0,0,0,0,0,0,0
261288,1,1,1987,23,23,23,23,23,23,23,23,23,23
261289,1,1,1987,20,24,20,24,27,38,12,4,16,23
261289,2,1,1987,29,29,29,29,29,29,29,29,29,29
261290,1,1,1987,0,0,0,0,12,23,26,0,8,0
261291,1,1,1987,25,40,21,15,30,13,19,35,20,13
261291,2,1,1987,0,0,0,0,0,0,0,0,0,0
261292,1,1,1987,24,15,39,30,18,19,17,31,18,27
261293,1,1,1987,0,0,0,0,0,0,0,0,0,0
261294,1,1,1987,0,0,0,0,0,24,0,0,15,0
261295,1,1,1987,0,0,0,0,0,0,0,0,0,0
261296,1,1,1987,0,0,0,0,0,0,0,0,0,0
261296,2,1,1987,0,0,0,0,0,0,0,0,0,0
261297,1,1,1987,9,20,0,0,0,0,0,0,0,0
261297,2,1,1987,3,3,3,3,3,3,3,3,3,3
261298,1,1,1987,22,22,22,22,22,22,22,22,22,22
261299,1,1,1987,14,21,19,17,19,23,20,0,25,13
261300,1,1,1987,16,16,16,16,16,16,16,16,16,16
261300,2,1,1987,0,27,0,0,0,0,0,0,13,0
261301,1,1,1987,0,0,0,0,0,0,0,0,17,0
261302,1,1,1987,24,24,24,24,24,24,24,24,24,24
261303,0,1,1987,0,0,0,7,0,0,0,0,16,17
261303,1,1,1987,11,2,13,11,16,0,23,16,19,19
261304,1,1,1987,25,29,9,23,13,33,0,27,10,17
261305,1,1,1987,0,0,0,0,0,0,0,0,0,0
261306,1,1,1987,0,0,0,0,0,0,0,0,0,0
261306,2,1,1987,10,10,10,10,10,10,10,10,10,10
261307,1,1,1987,0,0,0,0,20,20,0,0,0,0
261308,1,1,1987,0,0,0,0,0,0,0,0,0,0
261308,2,1,1987,0,0,0,0,0,0,0,0,0,0
261308,3,1,1987,0,0,0,0,0,0,0,0,0,0
261309,1,1,1987,0,0,0,0,0,0,0,0,0,0
261309,2,1,1987,0,0,0,0,0,0,0,0,0,0
261310,1,1,1987,5,5,5,5,5,5,5,5,5,5
261310,2,1,1987,0,0,0,0,0,0,0,0,0,0
261311,0,1,1987,0,0,0,0,0,0,0,0,0,0
261311,1,1,1987,0,0,21,0,0,0,11,0,0,0
261312,1,1,1987,0,0,0,0,0,0,0,0,0,0
261312,2,1,1987,0,0,0,0,0,0,0,0,0,0
261313,1,1,1987,22,22,22,22,22,22,22,22,22,22
261313,2,1,1987,0,0,0,0,0,0,0,0,0,0
261314,0,1,1987,0,0,0,0,0,0,0,0,0,0
261314,1,1,1987,0,0,0,0,0,0,0,0,0,0
261315,1,1,1987,0,0,0,0,0,0,0,0,0,0
261315,2,1,1987,0,0,0,0,0,0,0,0,0,0
261316,0,1,1987,0,0,9,0,0,0,0,0,0,0
261316,1,1,1987,0,0,0,0,0,0,0,0,0,0
261317,1,1,1987,16,0,0,5,0,0,0,0,0,0
261317,2,1,1987,0,0,0,0,0,0,0,0,15,33
261318,1,1,1987,0,0,0,0,0,0,0,0,0,0
261319,0,1,1987,13,19,21,26,26,0,0,46,0,0
261319,1,1,1987,0,0,0,20,0,0,0,0,0,11
261320,1,1,1987,0,0,0,0,0,0,0,0,0,0
261320,2,1,1987,13,13,13,13,13,13,13,13,13,13
261321,1,1,1987,24,0,0,0,0,0,0,0,0,8
261322,1,1,1987,16,6,20,10,12,19,9,5,8,0
261323,1,1,1987,10,10,10,10,10,10,10,10,10,10
261324,0,1,1987,0,0,0,0,0,0,0,10,0,0
261324,1,1,1987,9,9,9,9,9,9,9,9,9,9
261325,0,1,1987,15,0,0,0,31,0,20,27,33,27
261325,1,1,1987,0,0,0,11,26,0,0,0,0,0
261326,1,1,1987,0,0,0,4,0,0,0,0,0,0
261326,2,1,1987,0,0,0,0,0,0,0,0,0,0
261327,1,1,1987,0,0,0,11,0,0,0,0,0,0
261327,2,1,1987,0,0,0,0,0,0,0,0,0,0
261328,1,1,1987,27,0,0,15,0,0,0,22,0,14
261329,1,1,1987,16,24,21,13,27,0,18,16,18,0
261329,2,1,1987,0,0,0,0,0,0,0,0,0,0
261330,0,1,1987,8,0,15,26,6,0,34,16,24,0
261330,0,2,1987,12,9,12,8,4,11,10,24,6,0
261330,1,1,1987,0,0,14,0,0,0,0,0,0,0
261331,1,1,1987,28,28,28,28,28,28,28,28,28,28
261332,0,1,1987,0,13,37,0,41,0,0,29,0,13
261332,0,2,1987,0,12,17,3,17,11,0,10,0,0
261332,1,1,1987,18,18,18,18,18,18,18,18,18,18
261333,0,1,1987,0,17,0,0,9,0,0,0,0,0
261333,1,1,1987,8,0,0,0,12,13,5,0,0,0
261334,0,1,1987,1,0,0,0,0,0,0,0,0,0
261334,0,2,1987,0,0,0,0,0,0,0,0,0,0
261334,1,1,1987,0,0,0,0,0,0,0,0,0,0
261335,1,1,1987,29,29,29,29,29,29,29,29,29,29
261335,2,1,1987,0,0,0,0,0,0,0,0,0,0
261336,1,1,1987,19,0,0,0,0,14,23,0,0,0