ST_CASE,VEH_NO,PER_NO,YEAR,P1,P2,P3,P4,P5,P6,P7,P8,P9,P10
261336,2,1,1987,0,0,0,0,0,0,0,0,0,0
261337,0,1,1987,0,0,0,0,0,0,0,0,0,0
261337,1,1,1987,0,0,0,0,0,0,0,0,0,0
261338,1,1,1987,0,0,0,0,0,0,0,0,0,0
261338,2,1,1987,0,0,0,0,0,6,0,0,0,0
261339,1,1,1987,28,28,28,28,28,28,28,28,28,28
261340,1,1,1987,0,0,0,0,0,0,0,0,0,0
261340,2,1,1987,0,0,0,0,0,0,0,0,0,0
261341,1,1,1987,0,0,0,0,0,9,0,0,0,0
261341,2,1,1987,0,0,0,0,0,0,0,0,0,0
261342,1,1,1987,0,0,0,0,0,0,0,0,0,0
261342,2,1,1987,0,0,0,0,0,0,0,0,0,0
261343,1,1,1987,0,0,0,0,0,21,8,15,0,0
261343,2,1,1987,0,11,11,5,12,12,11,0,0,0
261344,0,1,1987,0,0,0,0,0,0,0,0,0,0
261344,1,1,1987,0,0,0,0,0,0,0,0,0,0
261345,1,1,1987,0,0,0,0,0,0,0,0,0,0
261346,1,1,1987,0,0,0,0,0,0,0,0,0,0
261346,2,1,1987,0,0,0,0,0,0,0,0,0,0
261347,1,1,1987,0,0,0,0,0,0,0,0,0,0
261347,2,1,1987,0,0,0,0,0,0,0,0,0,0
261347,3,1,1987,0,0,0,0,0,0,0,0,0,0
261348,1,1,1987,3,3,3,3,3,3,3,3,3,3
261348,2,1,1987,0,0,0,0,0,0,0,0,0,0
261349,1,1,1987,20,20,20,20,20,20,20,20,20,20
261349,2,1,1987,0,0,0,0,0,0,0,0,0,0
261350,1,1,1987,0,0,0,0,0,0,0,0,0,0
261350,2,1,1987,0,0,0,0,0,0,10,11,0,0
261351,1,1,1987,16,16,16,16,16,16,16,16,16,16
261352,1,1,1987,0,0,0,0,0,0,0,12,0,0
261352,2,1,1987,0,0,10,0,0,0,0,0,2,0
261353,1,1,1987,0,0,0,0,0,0,0,0,0,0
261354,1,1,1987,0,0,0,0,0,0,0,0,0,0
261355,1,1,1987,0,0,0,0,0,0,0,0,0,0
261356,1,1,1987,13,13,13,13,13,13,13,13,13,13
261356,2,1,1987,11,11,11,11,11,11,11,11,11,11
261357,1,1,1987,11,0,0,27,25,22,13,7,20,10
261358,1,1,1987,26,26,26,26,26,26,26,26,26,26
261359,1,1,1987,0,0,0,0,0,0,0,0,0,0
261359,2,1,1987,0,0,0,0,0,0,0,0,0,0
261359,3,1,1987,0,0,0,0,0,25,0,0,0,0
261360,1,1,1987,1,1,1,1,1,1,1,1,1,1
261361,1,1,1987,33,16,15,36,12,31,36,10,12,26
261361,2,1,1987,0,0,0,0,0,0,0,0,0,0
261362,0,1,1987,20,24,5,15,27,24,45,46,25,23
261362,1,1,1987,22,12,14,21,21,21,4,22,0,12
261363,1,1,1987,0,0,0,0,0,0,0,0,0,0
261363,2,1,1987,0,0,0,0,0,0,0,0,0,0
261364,1,1,1987,20,20,20,20,20,20,20,20,20,20
261364,2,1,1987,0,0,0,0,0,0,0,0,0,0
261365,1,1,1987,16,16,16,16,16,16,16,16,16,16
261365,2,1,1987,0,0,0,0,0,0,0,0,0,0
261366,1,1,1987,3,3,3,3,3,3,3,3,3,3
261367,1,1,1987,33,11,25,21,22,23,24,26,18,24
261368,1,1,1987,0,0,0,0,0,0,0,0,0,0
261368,2,1,1987,0,0,0,0,0,0,0,0,0,0
261368,3,1,1987,0,0,0,0,0,0,0,0,0,0
261368,4,1,1987,0,12,0,0,0,13,0,0,0,0
261368,5,1,1987,0,0,0,0,0,0,0,0,0,0
261369,0,1,1987,25,18,22,24,5,25,0,10,35,19
261369,0,2,1987,7,7,7,7,7,7,7,7,7,7
261369,1,1,1987,13,13,13,13,13,13,13,13,13,13
261370,1,1,1987,0,0,0,0,0,0,0,0,0,0
261370,2,1,1987,0,14,13,25,8,14,18,12,4,12
261371,1,1,1987,1,1,1,1,1,1,1,1,1,1
261371,2,1,1987,0,0,0,0,0,0,0,0,0,0
261371,3,1,1987,0,0,0,0,8,0,0,0,0,0
261371,4,1,1987,6,0,0,0,0,0,0,0,0,0
261371,5,1,1987,0,0,0,0,0,0,0,7,0,0
261372,1,1,1987,0,0,0,0,0,9,0,0,0,0
261372,2,1,1987,0,0,0,0,0,0,0,0,0,0
261373,1,1,1987,15,15,15,15,15,15,15,15,15,15
261373,2,1,1987,0,0,0,0,0,0,0,0,0,0
261374,1,1,1987,0,0,7,0,19,4,10,7,0,0
261374,2,1,1987,0,0,0,0,0,0,0,0,0,0
261375,1,1,1987,17,17,17,17,17,17,17,17,17,17
261376,0,1,1987,0,0,0,0,0,0,0,0,0,0
261376,1,1,1987,0,0,0,0,0,0,0,0,0,0
261377,1,1,1987,12,12,12,12,12,12,12,12,12,12
261378,1,1,1987,0,0,0,0,0,0,0,12,0,0
261378,2,1,1987,0,0,0,0,0,0,0,0,0,19
261379,1,1,1987,16,21,25,27,32,19,8,18,13,19
261380,1,1,1987,14,14,14,14,14,14,14,14,14,14
261381,1,1,1987,24,24,24,24,24,24,24,24,24,24
261381,2,1,1987,0,0,0,0,0,0,0,0,0,0
261382,1,1,1987,14,14,14,14,14,14,14,14,14,14
261383,1,1,1987,0,0,0,0,0,0,0,0,0,0
261383,2,1,1987,1,1,1,1,1,1,1,1,1,1
261384,0,1,1987,6,7,12,0,6,8,13,15,0,11
261384,2,1,1987,31,31,31,31,31,31,31,31,31,31
261385,1,1,1987,10,10,10,10,10,10,10,10,10,10
261385,2,1,1987,0,0,0,0,0,0,0,0,0,0
261386,1,1,1987,27,27,27,27,27,27,27,27,27,27
261386,2,1,1987,11,30,0,0,0,0,31,10,0,9
261387,1,1,1987,7,7,7,7,7,7,7,7,7,7
261387,2,1,1987,0,0,0,0,0,0,0,0,0,0
261388,1,1,1987,10,10,10,10,10,10,10,10,10,10
261388,2,1,1987,0,0,0,0,0,0,0,0,0,0
261389,1,1,1987,0,0,0,0,0,0,0,0,0,23
261389,2,1,1987,0,0,28,0,10,0,0,0,0,0
261390,1,1,1987,14,14,14,14,14,14,14,14,14,14
261390,2,1,1987,0,0,0,0,0,0,0,0,0,0
261391,1,1,1987,0,0,0,0,0,0,0,0,0,0
261391,2,1,1987,0,0,0,0,0,0,0,0,0,0
261392,1,1,1987,14,14,14,14,14,14,14,14,14,14
261392,2,1,1987,0,0,0,0,0,0,0,0,0,0
261393,1,1,1987,0,4,0,0,0,0,0,0,0,28
261394,1,1,1987,0,0,0,0,0,0,0,0,0,0
261395,1,1,1987,0,0,0,0,0,0,0,0,0,0
261395,2,1,1987,0,0,0,0,0,0,0,0,0,0
261396,1,1,1987,0,0,0,0,0,0,0,0,0,0
261396,2,1,1987,0,0,0,0,0,0,0,0,0,0
261397,1,1,1987,0,0,0,0,0,0,0,0,10,0
261397,2,1,1987,0,0,0,0,0,0,0,0,0,0
261398,1,1,1987,10,10,10,10,10,10,10,10,10,10
261398,2,1,1987,2,7,32,16,3,0,16,12,8,10
261399,1,1,1987,0,7,0,0,0,0,0,0,0,0
261400,1,1,1987,0,0,0,0,0,0,0,0,0,0
261400,2,1,1987,0,0,0,0,0,0,0,0,0,0
261400,3,1,1987,0,0,0,0,0,0,0,0,0,0
261401,1,1,1987,21,15,21,9,8,31,0,38,11,14
261401,2,1,1987,0,0,0,0,0,0,0,0,0,0
261402,0,1,1987,29,29,29,29,29,29,29,29,29,29
261402,1,1,1987,18,18,18,18,18,18,18,18,18,18
261403,1,1,1987,5,5,5,5,5,5,5,5,5,5
261404,0,1,1987,0,0,0,0,0,0,0,0,0,0
261404,1,1,1987,9,9,9,9,9,9,9,9,9,9
261405,1,1,1987,0,0,0,0,0,0,10,0,0,0
261405,2,1,1987,0,0,0,0,0,0,0,0,0,0
261406,1,1,1987,0,8,0,0,0,0,19,0,0,0
261406,2,1,1987,0,0,0,0,0,0,0,0,0,0
261407,1,1,1987,14,0,16,0,16,26,4,0,13,18
261408,1,1,1987,22,22,22,22,22,22,22,22,22,22
261409,1,1,1987,0,0,0,0,0,0,0,0,0,0
261409,2,1,1987,0,0,0,0,0,0,0,0,0,0
261409,3,1,1987,0,0,0,0,0,0,0,0,0,0
261409,4,1,1987,0,0,0,0,0,0,0,0,0,0
261410,0,1,1987,8,8,8,8,8,8,8,8,8,8
261410,1,1,1987,0,0,0,0,0,0,0,0,0,0
261411,1,1,1987,0,0,0,0,0,0,0,0,0,0
261412,1,1,1987,0,0,0,0,0,0,0,0,0,0
261412,2,1,1987,0,0,0,0,0,0,0,0,0,0
261413,0,1,1987,0,6,12,0,9,20,0,0,0,0
261413,1,1,1987,0,0,0,0,0,0,0,0,0,0
261414,1,1,1987,10,10,10,10,10,10,10,10,10,10
261414,2,1,1987,11,6,0,13,6,17,9,7,21,16
261415,1,1,1987,0,0,0,0,0,0,0,0,0,0
261415,2,1,1987,0,0,0,0,0,0,0,0,0,0
261416,1,1,1987,18,26,15,24,19,37,28,25,20,13
261417,1,1,1987,0,0,8,0,0,0,0,0,0,0
261417,2,1,1987,0,0,0,0,0,0,0,0,0,0
261418,1,1,1987,0,0,0,0,0,0,0,0,0,0
261418,2,1,1987,0,0,0,0,0,0,0,0,0,0
261419,1,1,1987,16,16,16,16,16,16,16,16,16,16
261420,1,1,1987,0,0,0,0,10,0,0,8,0,0
261420,2,1,1987,0,0,0,0,0,0,0,0,0,0
261421,1,1,1987,0,0,0,0,0,0,0,0,0,0
261421,2,1,1987,0,0,0,0,0,0,8,0,0,0
261423,1,1,1987,0,0,0,0,0,0,0,0,0,12
261423,2,1,1987,0,0,0,0,0,0,0,0,0,0
261424,1,1,1987,0,0,0,0,0,0,0,0,0,0
261424,2,1,1987,19,19,19,19,19,19,19,19,19,19
261424,3,1,1987,0,0,8,0,0,0,0,0,0,0
261425,0,1,1987,0,0,0,0,0,0,0,0,0,0
261425,1,1,1987,0,0,0,0,0,0,0,0,0,0
261426,1,1,1987,0,0,0,0,0,7,0,0,0,0
261426,2,1,1987,0,0,0,0,0,0,0,0,0,0
261427,0,1,1987,0,0,0,0,0,0,0,0,0,0
261427,1,1,1987,0,0,0,0,0,0,0,0,0,0
261428,1,1,1987,0,0,0,0,0,0,0,0,0,0
261428,2,1,1987,0,0,0,0,0,0,0,0,0,0
261429,0,1,1987,0,0,0,0,0,0,0,0,0,0
261429,1,1,1987,0,0,0,0,0,0,0,0,0,0
261430,1,1,1987,22,22,22,22,22,22,22,22,22,22
261431,0,1,1987,0,0,0,0,0,0,0,0,0,0
261431,1,1,1987,0,0,0,0,0,0,0,0,0,0
261432,1,1,1987,0,0,0,0,0,0,0,0,0,0
261432,2,1,1987,0,0,0,0,0,0,0,0,6,0
261433,1,1,1987,0,0,0,0,0,0,0,0,0,0
261434,1,1,1987,0,0,0,0,0,0,0,0,0,0
261434,2,1,1987,0,0,0,0,0,0,0,0,0,0
261435,0,1,1987,12,9,0,0,0,0,0,0,0,15
261435,1,1,1987,0,0,20,6,0,0,18,0,0,8
261436,1,1,1987,0,0,0,0,21,0,0,0,0,0
261437,1,1,1987,0,0,0,0,0,0,0,0,0,0
261437,2,1,1987,0,0,0,0,0,0,0,0,0,0
261438,1,1,1987,0,0,0,0,0,0,0,0,0,0
261438,2,1,1987,0,0,0,0,0,0,0,0,0,0
261439,0,1,1987,0,0,0,0,0,0,0,0,0,0
261439,1,1,1987,0,0,0,0,0,0,0,0,0,0
261440,0,1,1987,0,0,21,0,0,15,22,13,0,19
261440,1,1,1987,4,0,13,19,11,0,0,34,27,4
261441,1,1,1987,31,31,31,31,31,31,31,31,31,31
261442,1,1,1987,13,13,13,13,13,13,13,13,13,13
261443,1,1,1987,27,27,27,27,27,27,27,27,27,27
261444,0,1,1987,0,0,0,0,0,0,0,0,0,0
261444,1,1,1987,0,0,0,0,0,0,0,0,0,0
261445,1,1,1987,12,23,7,4,16,15,10,22,3,19
261446,1,1,1987,15,5,22,8,8,10,13,10,18,8
261446,2,1,1987,0,0,0,0,0,14,11,0,0,19
261446,3,1,1987,0,0,0,0,0,0,0,0,0,0
261447,1,1,1987,0,0,0,0,0,0,0,0,0,0
261447,2,1,1987,0,0,0,0,0,0,0,0,0,0
261447,3,1,1987,0,0,0,0,0,0,0,0,0,0
261448,1,1,1987,0,26,0,0,0,0,0,0,0,0
261448,2,1,1987,0,0,0,0,0,0,0,0,0,0
261449,1,1,1987,0,0,0,0,0,0,0,0,0,0
261449,2,1,1987,9,9,19,14,17,6,12,9,24,31
261451,0,1,1987,0,32,26,0,25,2,30,33,0,0
261451,0,2,1987,13,15,0,13,0,3,0,25,4,0
261451,2,1,1987,0,0,0,0,0,0,0,0,0,0
261452,1,1,1987,0,0,0,17,14,0,0,0,0,0
261453,1,1,1987,0,0,0,0,0,0,0,0,0,0
261453,2,1,1987,6,0,27,37,0,10,0,10,14,0
261454,1,1,1987,0,0,24,0,0,0,25,0,32,24
261455,1,1,1987,0,0,0,0,0,0,0,0,0,0
261455,2,1,1987,0,0,20,0,0,0,0,0,0,0
261456,1,1,1987,0,0,0,0,0,0,0,0,0,0
261457,1,1,1987,0,0,0,0,0,0,0,0,0,0
261457,2,1,1987,0,0,0,0,0,0,0,0,0,0
261458,1,1,1987,12,12,12,12,12,12,12,12,12,12
261459,1,1,1987,8,8,7,17,22,4,19,12,14,16
261459,2,1,1987,0,0,0,0,0,0,0,0,0,0
261460,1,1,1987,0,0,0,0,0,0,0,0,0,0
261461,1,1,1987,0,0,0,0,16,0,0,0,8,0
261461,2,1,1987,0,0,0,0,0,0,0,0,6,0
261464,1,1,1987,0,0,0,0,0,0,0,0,0,0
261464,2,1,1987,0,0,0,0,0,0,0,0,0,0
270001,1,1,1987,0,0,9,0,17,0,19,6,0,0
270001,2,1,1987,0,0,0,0,0,0,0,0,0,0
270002,1,1,1987,12,2,11,0,16,0,10,0,21,19
270003,1,1,1987,24,24,24,24,24,24,24,24,24,24
270004,1,1,1987,0,0,0,0,0,0,0,0,0,0
270005,0,1,1987,0,0,0,0,0,0,0,0,0,0
270005,1,1,1987,0,0,0,0,0,0,7,0,13,0
270006,1,1,1987,22,22,22,22,22,22,22,22,22,22
270007,1,1,1987,19,19,19,19,19,19,19,19,19,19
270007,2,1,1987,0,0,0,0,0,0,0,0,0,0
270008,1,1,1987,0,0,0,0,0,0,0,0,0,0
270008,2,1,1987,0,0,0,0,0,0,0,0,0,0
270009,1,1,1987,0,0,0,0,0,0,0,0,0,0
270009,2,1,1987,0,0,0,0,0,0,0,0,0,0
270010,0,1,1987,0,0,0,0,0,0,0,0,0,0
270010,1,1,1987,0,0,0,0,0,0,0,0,0,0
270011,1,1,1987,0,0,0,0,0,0,0,0,0,0
270012,1,1,1987,0,0,0,0,0,0,0,0,0,0
270012,2,1,1987,24,24,24,24,24,24,24,24,24,24
270013,1,1,1987,0,0,0,0,0,0,0,22,0,0
270014,0,1,1987,0,0,0,0,0,0,0,0,0,0
270014,1,1,1987,0,0,0,0,0,0,0,0,0,0
270015,1,1,1987,0,0,0,0,0,0,0,0,0,0
270015,2,1,1987,0,0,0,0,0,0,0,0,0,0
270016,1,1,1987,0,0,0,0,0,0,0,0,0,0
270016,2,1,1987,0,0,0,0,0,0,0,0,0,0
270017,1,1,1987,13,13,13,13,13,13,13,13,13,13
270018,1,1,1987,0,0,0,0,0,0,0,0,0,0
270018,2,1,1987,0,0,0,0,0,0,0,0,0,0
270018,3,1,1987,0,0,0,0,0,0,0,0,0,0
270019,1,1,1987,0,0,0,0,0,0,0,0,0,0
270020,1,1,1987,0,0,0,0,0,0,0,0,0,0
270020,2,1,1987,22,22,22,22,22,22,22,22,22,22
270021,1,1,1987,37,37,37,37,37,37,37,37,37,37
270022,1,1,1987,0,0,0,0,0,0,0,0,0,0
270022,2,1,1987,0,0,0,0,0,0,0,0,0,0
270023,1,1,1987,0,0,0,0,0,0,0,0,0,0
270023,2,1,1987,21,21,21,21,21,21,21,21,21,21
270024,1,1,1987,0,0,0,0,0,0,0,0,0,0
270025,1,2,1987,8,8,8,8,8,8,8,8,8,8
270026,0,1,1987,0,0,0,19,23,0,0,25,20,0
270026,1,1,1987,0,0,0,0,0,0,0,0,0,0
270027,1,1,1987,19,19,19,19,19,19,19,19,19,19
270027,2,1,1987,0,0,0,0,0,0,0,0,0,0
270028,1,1,1987,17,17,17,17,17,17,17,17,17,17
270029,1,1,1987,0,0,0,0,0,0,0,0,0,0
270030,1,1,1987,0,0,0,0,0,0,0,0,0,0
270030,2,1,1987,0,0,0,0,0,0,0,0,0,0
270030,3,1,1987,0,0,0,0,0,0,0,0,0,0
270031,0,1,1987,0,0,0,0,0,0,0,0,0,0
270031,1,1,1987,0,0,0,0,0,0,0,0,0,0
270032,1,1,1987,0,0,0,0,0,0,0,0,0,0
270032,2,1,1987,0,0,0,0,0,0,0,0,0,0
270032,3,1,1987,0,0,0,0,0,0,0,0,0,0
270034,1,1,1987,0,0,0,0,0,0,0,0,0,0
270035,1,1,1987,23,23,23,23,23,23,23,23,23,23
270035,2,1,1987,0,0,0,0,0,0,0,0,0,0
270036,1,1,1987,23,23,23,23,23,23,23,23,23,23
270036,2,1,1987,0,0,0,0,0,0,0,0,0,0
270037,1,1,1987,21,21,21,21,21,21,21,21,21,21
270038,0,1,1987,0,0,0,0,0,0,0,0,0,0
270038,1,1,1987,0,0,0,0,0,0,0,0,0,0
270039,1,1,1987,31,31,31,31,31,31,31,31,31,31
270040,1,1,1987,26,26,26,26,26,26,26,26,26,26
270041,1,1,1987,20,20,20,20,20,20,20,20,20,20
270042,1,1,1987,14,14,14,14,14,14,14,14,14,14
270043,1,1,1987,9,0,28,6,0,0,17,0,19,0
270043,2,1,1987,2,0,22,0,0,0,0,0,0,0
270044,1,1,1987,27,27,27,27,27,27,27,27,27,27
270044,2,1,1987,0,0,0,0,0,0,0,0,0,0
270045,1,1,1987,0,0,0,0,0,0,0,0,0,0
270045,2,1,1987,0,0,0,0,0,0,0,0,16,0
270046,0,1,1987,0,0,0,0,0,0,0,0,0,0
270046,1,1,1987,0,0,0,0,0,0,0,0,0,0
270047,1,1,1987,0,0,0,0,0,0,0,0,0,0
270048,1,1,1987,0,0,0,0,0,0,0,0,0,0
270048,2,1,1987,0,0,0,0,0,0,0,0,0,7
270049,1,1,1987,26,26,26,26,26,26,26,26,26,26
270049,2,1,1987,0,0,0,0,0,0,0,0,0,0
270050,1,1,1987,0,0,0,0,0,0,28,0,0,0
270050,2,1,1987,0,0,0,0,0,0,0,0,0,0
270051,0,1,1987,0,0,0,0,0,0,0,0,0,0
270051,1,1,1987,0,0,0,0,0,0,0,0,0,0
270052,1,1,1987,0,0,0,0,0,0,0,0,0,0
270052,2,1,1987,0,0,0,0,0,0,0,0,0,0
270053,0,1,1987,0,0,0,0,0,0,0,0,0,0
270053,1,1,1987,0,0,0,0,0,0,0,0,21,0
270054,0,1,1987,0,0,0,0,0,0,0,0,0,0
270054,1,1,1987,0,0,0,0,0,0,0,0,0,0
270055,1,1,1987,0,0,0,0,0,0,0,0,0,0
270055,2,1,1987,0,0,0,0,0,0,0,0,0,0
270056,1,1,1987,0,0,0,0,0,0,0,0,0,0
270056,2,1,1987,0,0,0,14,0,0,0,0,0,0
270057,1,1,1987,17,17,17,17,17,17,17,17,17,17
270058,0,1,1987,9,9,9,9,9,9,9,9,9,9
270058,1,1,1987,0,19,0,0,0,14,0,35,25,24
270059,1,1,1987,8,8,8,8,8,8,8,8,8,8
270060,0,1,1987,0,0,0,0,0,0,0,0,0,0
270060,1,1,1987,0,0,0,0,0,0,0,0,0,0
270061,0,1,1987,0,0,0,0,0,0,16,0,6,0
270061,0,2,1987,0,0,0,0,0,0,0,0,0,0
270061,1,1,1987,0,0,0,0,0,0,0,0,0,0
270061,2,1,1987,0,0,0,0,0,0,0,0,0,0
270062,1,1,1987,0,0,0,0,0,0,0,0,0,0
270062,2,1,1987,0,0,0,0,0,0,0,0,0,0
270063,1,1,1987,0,0,0,0,0,0,0,0,0,0
270063,2,1,1987,0,0,0,0,0,0,0,0,0,0
270064,1,1,1987,24,24,24,24,24,24,24,24,24,24
270065,1,1,1987,0,0,0,0,0,0,0,0,0,0
270066,0,1,1987,0,0,0,0,0,0,15,0,0,0
270066,0,2,1987,0,0,0,0,0,0,0,0,0,0
270066,1,1,1987,0,0,0,0,0,0,0,0,0,0
270067,0,1,1987,0,0,0,0,0,0,0,0,0,0
270067,1,1,1987,0,0,0,0,0,0,0,0,0,0
270068,1,1,1987,0,0,0,0,0,0,0,0,0,0
270069,1,1,1987,0,0,0,0,0,0,0,0,0,0
270069,2,1,1987,0,0,0,0,0,0,0,0,0,0
270070,1,1,1987,0,0,0,0,0,0,0,0,0,0
270070,2,1,1987,0,0,0,0,0,0,0,0,0,0
270071,1,1,1987,0,0,0,0,0,0,0,0,0,0
270071,2,1,1987,0,0,0,0,0,0,0,0,0,0
270072,1,1,1987,0,0,4,0,0,0,0,0,0,0
270072,2,1,1987,0,0,0,0,0,0,0,0,0,0
270073,1,1,1987,0,0,0,0,0,0,0,0,0,0
270074,1,1,1987,16,16,16,16,16,16,16,16,16,16
270075,1,1,1987,0,0,0,0,0,0,0,0,0,0
270076,0,1,1987,16,16,16,16,16,16,16,16,16,16
270076,1,1,1987,0,0,0,0,0,0,0,0,0,0
270077,1,1,1987,0,0,0,0,0,0,0,0,0,0
270078,1,1,1987,18,18,18,18,18,18,18,18,18,18
270079,1,1,1987,0,0,0,0,0,0,0,0,0,0
270080,1,1,1987,14,14,14,14,14,14,14,14,14,14
270081,1,1,1987,0,0,0,0,0,0,0,0,0,0
270082,1,1,1987,0,0,0,0,0,0,0,0,0,0
270082,2,1,1987,16,16,16,16,16,16,16,16,16,16
270083,0,1,1987,0,0,0,0,0,0,0,0,0,0
270083,1,1,1987,0,0,0,0,0,0,0,0,0,0
270084,0,1,1987,0,0,0,0,0,0,0,0,0,0
270084,1,1,1987,0,0,0,0,0,0,0,0,0,0
270085,1,1,1987,21,21,21,21,21,21,21,21,21,21
270086,1,1,1987,0,0,0,0,0,0,0,0,0,0
270087,1,1,1987,24,24,24,24,24,24,24,24,24,24
270088,1,1,1987,0,0,0,0,0,0,0,0,0,0
270088,2,1,1987,0,0,0,0,0,0,0,0,0,0
270089,0,1,1987,0,0,0,0,0,0,0,0,0,0
270089,1,1,1987,1,1,1,1,1,1,1,1,1,1
270090,1,1,1987,12,12,12,12,12,12,12,12,12,12
270091,1,1,1987,0,0,0,0,0,0,0,0,0,0
270091,2,1,1987,0,0,0,0,0,0,0,0,0,0
270092,1,1,1987,19,19,19,19,19,19,19,19,19,19
270093,1,1,1987,11,11,11,11,11,11,11,11,11,11
270094,1,1,1987,7,7,7,7,7,7,7,7,7,7
270095,1,1,1987,20,22,15,10,21,20,17,20,17,7
270096,1,1,1987,0,0,0,0,0,0,0,0,0,0
270096,2,1,1987,0,9,0,0,0,0,0,0,0,0
270096,3,1,1987,0,0,0,0,0,0,0,0,0,0
270097,1,1,1987,0,0,0,0,0,0,0,0,0,0
270098,0,1,1987,0,0,0,0,0,0,0,0,0,0
270098,1,1,1987,0,0,0,0,0,0,0,0,0,0
270099,1,1,1987,19,19,19,19,19,19,19,19,19,19
270100,1,1,1987,0,0,0,0,0,0,0,0,0,0
270100,2,1,1987,0,0,0,0,0,0,0,0,0,0
270101,1,1,1987,4,4,4,4,4,4,4,4,4,4
270102,1,1,1987,0,0,0,0,0,0,0,0,0,0
270102,2,1,1987,0,0,0,0,0,0,0,0,0,0
270103,1,1,1987,0,0,7,0,12,0,0,0,0,0
270103,2,1,1987,0,0,0,0,0,0,0,0,0,0
270104,1,1,1987,0,0,0,0,0,13,21,0,0,0
270105,1,1,1987,0,18,16,0,23,17,0,6,9,9
270106,1,1,1987,29,29,29,29,29,29,29,29,29,29
270106,2,1,1987,7,9,13,18,8,22,33,0,5,13
270107,0,1,1987,0,0,0,0,0,0,0,0,0,0
270107,1,1,1987,0,18,0,0,0,0,0,0,0,0
270108,1,1,1987,8,8,8,8,8,8,8,8,8,8
270109,1,1,1987,0,0,0,0,0,0,0,0,0,0
270109,2,1,1987,10,10,10,10,10,10,10,10,10,10
270110,1,1,1987,29,29,29,29,29,29,29,29,29,29
270111,1,1,1987,0,0,0,0,0,0,0,0,0,0
270112,0,1,1987,0,0,0,0,0,0,0,0,0,0
270112,1,1,1987,19,0,6,25,0,4,14,16,13,13
270113,0,1,1987,31,31,31,31,31,31,31,31,31,31
270113,1,1,1987,11,11,11,11,11,11,11,11,11,11
270115,1,1,1987,0,0,0,0,0,0,0,0,0,0
270116,1,1,1987,19,19,19,19,19,19,19,19,19,19
270116,2,1,1987,0,0,0,0,0,0,0,0,0,0
270117,1,1,1987,0,0,0,0,0,0,0,0,0,0
270117,2,1,1987,0,0,0,0,0,0,0,0,0,0
270118,1,1,1987,21,21,21,21,21,21,21,21,21,21
270119,1,1,1987,14,14,14,14,14,14,14,14,14,14
270120,1,1,1987,10,10,10,10,10,10,10,10,10,10
270121,1,1,1987,22,22,22,22,22,22,22,22,22,22
270122,1,1,1987,25,26,13,28,14,28,0,0,23,28
270123,1,1,1987,23,23,23,23,23,23,23,23,23,23
270124,1,1,1987,0,0,0,0,0,0,0,0,0,0
270124,2,1,1987,0,0,0,0,0,0,0,0,0,0
270125,0,1,1987,0,0,0,0,0,0,0,0,0,0
270125,1,1,1987,0,0,0,0,0,0,0,0,0,0
270126,1,1,1987,13,13,13,13,13,13,13,13,13,13
270128,1,1,1987,0,0,0,0,0,0,0,0,0,0
270128,2,1,1987,0,0,0,0,0,0,0,0,0,0
270129,1,1,1987,15,15,15,15,15,15,15,15,15,15
270129,2,1,1987,2,2,2,2,2,2,2,2,2,2
270130,1,1,1987,18,18,18,18,18,18,18,18,18,18
270131,1,2,1987,11,11,11,11,11,11,11,11,11,11
270132,1,1,1987,48,48,48,48,48,48,48,48,48,48
270133,1,1,1987,0,0,0,0,0,0,0,0,0,0
270134,1,1,1987,0,0,0,0,0,0,0,0,0,11
270134,2,1,1987,0,0,0,0,0,0,0,0,0,0
270136,1,1,1987,12,12,12,12,12,12,12,12,12,12
270137,1,1,1987,0,0,0,0,0,0,0,0,0,0
270137,2,1,1987,0,0,0,0,0,0,0,0,0,0
270138,1,1,1987,0,0,0,0,0,28,0,0,0,0
270138,2,1,1987,31,31,31,31,31,31,31,31,31,31
270140,1,1,1987,0,0,0,0,0,0,0,0,0,0
270141,1,1,1987,2,2,2,2,2,2,2,2,2,2
270141,2,1,1987,0,0,0,0,0,0,0,0,0,0
270142,1,1,1987,22,22,22,22,22,22,22,22,22,22
270143,1,1,1987,10,10,10,10,10,10,10,10,10,10
270143,2,1,1987,14,14,14,14,14,14,14,14,14,14
270144,1,1,1987,0,0,0,12,0,0,0,0,0,0
270145,1,1,1987,0,0,0,0,0,0,0,0,0,0
270145,2,1,1987,0,0,0,0,0,0,0,0,0,0
270146,1,1,1987,1,1,1,1,1,1,1,1,1,1
270147,1,1,1987,18,18,18,18,18,18,18,18,18,18
270147,2,1,1987,0,0,0,0,0,0,0,0,0,0
270148,0,1,1987,0,0,0,0,0,0,0,0,0,0
270148,1,1,1987,0,0,0,0,0,0,0,0,0,0
270149,1,1,1987,17,17,17,17,17,17,17,17,17,17
270150,1,1,1987,18,18,18,18,18,18,18,18,18,18
270150,2,1,1987,9,9,9,9,9,9,9,9,9,9
270151,1,1,1987,13,0,0,0,0,14,13,21,8,0
270152,1,1,1987,0,0,0,0,0,0,0,0,0,0
270152,2,1,1987,0,0,0,0,0,0,0,0,0,0
270153,1,1,1987,10,10,10,10,10,10,10,10,10,10