ST_CASE,VEH_NO,PER_NO,YEAR,P1,P2,P3,P4,P5,P6,P7,P8,P9,P10
280233,1,1,1987,20,20,20,20,20,20,20,20,20,20
280234,1,1,1987,0,0,45,0,0,0,0,0,0,13
280234,2,1,1987,0,0,0,0,0,0,0,0,0,0
280235,1,1,1987,0,0,0,0,0,0,0,0,0,11
280235,2,1,1987,0,0,0,0,0,0,0,0,0,0
280236,1,1,1987,0,0,0,0,0,0,0,0,0,0
280236,2,1,1987,4,4,4,4,4,4,4,4,4,4
280237,1,1,1987,0,0,0,0,0,12,0,0,0,0
280238,1,1,1987,0,18,0,0,0,10,0,0,0,0
280239,1,1,1987,0,0,0,0,0,0,0,0,0,0
280239,2,1,1987,0,0,0,0,0,0,0,0,0,0
280240,1,1,1987,0,0,0,12,0,0,0,0,0,0
280240,2,1,1987,0,0,0,0,0,0,25,0,0,0
280241,1,1,1987,0,0,0,0,0,0,0,0,15,0
280242,1,1,1987,0,0,0,0,0,0,0,0,0,0
280243,1,1,1987,0,0,0,0,0,0,0,0,0,0
280243,2,1,1987,17,17,17,17,17,17,17,17,17,17
280244,1,1,1987,0,0,19,0,0,0,0,25,0,0
280244,2,1,1987,0,0,0,26,0,12,0,15,0,0
280245,1,1,1987,0,5,0,0,0,0,0,0,0,0
280245,2,1,1987,0,0,0,0,0,0,0,0,0,0
280246,1,1,1987,0,6,0,0,0,0,0,0,0,0
280247,1,1,1987,0,0,0,0,0,0,0,0,0,0
280247,2,1,1987,0,0,0,0,0,0,0,0,0,0
280248,1,1,1987,0,0,24,0,0,32,24,0,0,0
280248,2,1,1987,11,24,0,0,9,0,18,14,14,0
280249,1,1,1987,0,12,0,0,0,0,0,0,0,0
280249,2,1,1987,0,0,0,0,0,0,0,0,0,0
280250,0,1,1987,0,0,15,0,0,0,0,0,0,0
280250,1,1,1987,0,0,0,0,0,0,0,0,0,0
280251,1,1,1987,32,27,0,0,15,17,0,14,18,0
280251,2,1,1987,0,0,11,0,0,27,14,0,0,19
280252,1,1,1987,14,14,14,14,14,14,14,14,14,14
280254,1,1,1987,0,0,0,0,0,0,0,0,0,0
280254,2,1,1987,0,0,0,0,0,0,0,0,0,0
280255,1,1,1987,0,0,0,0,0,0,18,0,0,14
280255,2,1,1987,0,0,0,23,0,0,0,0,0,0
280256,1,1,1987,0,0,5,8,20,0,9,19,35,0
280257,1,1,1987,19,0,0,13,0,24,0,0,22,0
280258,1,1,1987,0,0,0,0,0,0,0,0,0,0
280258,2,1,1987,0,0,0,0,0,0,0,0,0,39
280259,1,1,1987,0,0,0,0,0,0,0,0,0,0
280259,2,1,1987,0,0,0,0,0,0,0,0,0,0
280260,1,1,1987,27,15,13,0,23,34,5,11,0,6
280261,0,1,1987,0,0,30,0,0,0,0,0,0,0
280261,1,1,1987,0,0,0,0,0,7,0,11,24,0
280262,1,1,1987,0,0,0,0,0,0,0,0,0,0
280264,1,1,1987,0,0,7,0,0,0,0,0,0,0
280265,1,1,1987,15,22,23,23,0,11,0,27,0,28
280266,1,1,1987,17,18,13,0,8,0,29,19,24,0
280267,1,1,1987,27,43,0,33,0,22,39,21,22,0
280268,1,1,1987,17,21,8,11,11,18,31,0,29,33
280269,1,1,1987,0,0,23,0,0,0,0,0,0,0
280270,1,1,1987,0,0,0,0,0,0,0,0,0,0
280270,2,1,1987,0,0,0,0,0,0,0,0,0,0
280271,0,1,1987,0,0,0,0,0,0,0,0,0,0
280271,1,1,1987,16,0,0,0,0,0,0,0,0,0
280272,1,1,1987,0,0,0,0,0,0,0,0,0,0
280272,2,1,1987,0,0,0,0,0,0,0,0,0,0
280273,0,1,1987,0,0,0,0,0,0,0,0,0,0
280273,1,1,1987,0,0,0,0,0,0,0,0,0,0
280274,1,1,1987,0,0,0,14,12,0,0,0,0,0
280275,1,1,1987,46,0,11,9,28,5,0,27,12,22
280276,1,1,1987,0,0,0,4,0,0,0,0,0,0
280277,1,1,1987,0,0,0,0,0,0,0,0,0,0
280277,2,1,1987,0,0,0,0,0,0,0,0,0,0
280277,3,1,1987,0,0,10,0,0,0,0,0,9,8
280279,1,1,1987,0,0,0,0,0,0,0,0,0,0
280280,0,1,1987,0,22,33,27,0,0,17,22,0,7
280280,1,1,1987,0,13,0,0,0,0,0,0,0,15
280281,1,1,1987,0,0,0,0,0,0,0,0,0,0
280281,2,1,1987,0,11,0,0,0,0,0,0,0,0
280282,1,1,1987,11,0,0,8,14,0,0,9,11,0
280282,2,1,1987,3,0,0,0,0,0,0,0,0,22
280283,1,1,1987,0,27,0,14,35,18,27,30,19,0
280284,1,1,1987,0,0,0,0,0,0,0,48,0,0
280284,2,1,1987,0,15,0,17,0,0,0,0,0,0
280286,1,1,1987,0,0,0,0,0,0,17,0,0,0
280286,2,1,1987,0,0,0,0,0,0,18,0,20,22
280287,1,1,1987,10,0,0,0,0,0,0,0,0,0
280287,2,1,1987,0,0,0,0,0,0,0,0,0,0
280288,1,1,1987,0,0,0,10,11,0,0,6,0,0
280288,2,1,1987,0,0,0,0,0,0,0,0,0,0
280289,1,1,1987,2,19,0,0,0,0,26,0,21,0
280289,2,1,1987,8,8,8,8,8,8,8,8,8,8
280290,1,1,1987,0,0,0,0,0,0,0,0,0,0
280290,2,1,1987,0,0,0,0,0,0,0,0,0,0
280291,1,1,1987,0,0,0,8,0,0,0,0,0,0
280291,2,1,1987,8,0,0,0,17,0,0,0,22,0
280292,1,1,1987,0,0,7,7,0,19,16,0,0,0
280293,1,1,1987,0,0,24,17,26,0,19,21,6,0
280294,1,1,1987,0,29,13,22,20,23,11,19,0,14
280295,1,1,1987,24,16,19,21,8,0,22,17,0,32
280296,0,1,1987,0,0,0,0,22,0,0,0,0,0
280296,1,1,1987,0,0,0,0,6,0,0,0,0,0
280297,1,1,1987,0,0,0,0,0,0,0,0,0,18
280297,2,1,1987,0,0,0,0,0,0,0,0,0,0
280298,1,1,1987,0,15,38,0,0,42,8,0,0,17
280299,1,1,1987,0,0,0,17,0,0,0,0,0,6
280299,2,1,1987,0,0,0,0,0,0,0,0,0,0
280300,0,1,1987,0,0,0,0,0,0,0,0,0,0
280300,1,1,1987,0,30,0,0,0,0,12,0,0,0
280301,1,1,1987,0,0,0,0,0,0,0,0,0,0
280301,2,1,1987,0,0,0,6,0,0,0,18,0,0
280302,1,1,1987,0,0,0,0,0,0,0,0,0,0
280302,2,1,1987,0,0,0,0,0,0,0,0,0,0
280303,1,1,1987,0,8,0,0,6,0,4,0,0,0
280304,1,1,1987,0,0,0,25,12,15,0,0,0,0
280304,2,1,1987,0,0,0,13,26,0,0,0,31,28
280305,1,1,1987,0,0,0,0,0,0,0,0,0,0
280305,2,1,1987,0,14,0,0,0,0,0,0,0,0
280306,1,1,1987,0,0,0,0,0,0,0,0,0,0
280306,2,1,1987,0,0,0,0,0,0,0,0,0,0
280307,1,1,1987,0,0,6,22,0,0,0,0,0,0
280307,2,1,1987,0,0,0,0,0,0,0,0,0,0
280308,1,1,1987,9,0,0,5,0,0,0,0,0,0
280309,1,1,1987,0,8,0,0,0,0,0,0,0,0
280309,2,1,1987,0,0,0,0,0,0,0,0,0,0
280310,1,1,1987,13,0,0,6,0,0,4,0,0,0
280311,1,1,1987,0,0,0,0,0,0,0,0,0,0
280311,2,1,1987,0,0,0,0,0,0,0,27,0,0
280312,1,1,1987,0,0,13,0,0,0,0,0,0,0
280312,2,1,1987,6,20,0,23,0,22,12,0,11,18
280313,1,1,1987,0,0,0,0,0,0,0,0,0,0
280313,2,1,1987,0,0,0,0,0,0,0,0,0,0
280314,1,1,1987,0,0,0,10,0,0,0,0,0,0
280314,2,1,1987,10,0,0,0,0,0,0,0,0,4
280315,1,1,1987,0,0,0,0,0,0,0,0,0,0
280315,2,1,1987,0,0,0,0,0,0,0,0,0,0
280316,1,1,1987,28,17,0,27,11,10,0,0,0,12
280317,1,1,1987,0,0,20,0,0,0,0,0,0,0
280318,0,1,1987,0,0,0,0,0,0,0,0,0,0
280318,1,1,1987,0,0,0,0,0,0,0,0,0,0
280319,1,1,1987,0,0,0,0,0,0,0,0,0,0
280320,1,1,1987,0,0,0,0,0,0,0,3,0,0
280322,1,1,1987,0,0,0,0,0,0,0,0,0,4
280322,2,1,1987,0,0,0,0,0,0,0,0,0,0
280323,1,1,1987,0,0,0,0,0,0,0,0,0,0
280323,2,1,1987,0,0,0,0,0,0,0,0,0,0
280324,1,1,1987,0,0,0,0,20,0,38,0,0,17
280326,1,1,1987,0,0,0,0,0,0,0,0,0,0
280326,2,1,1987,0,0,0,0,0,0,16,0,0,0
280327,1,1,1987,0,0,0,0,0,0,0,0,0,0
280327,2,1,1987,0,0,0,0,34,0,0,0,0,13
280328,1,1,1987,31,0,12,0,0,0,15,0,0,24
280329,1,1,1987,0,0,0,0,0,0,0,0,6,0
280329,2,1,1987,35,9,20,19,0,0,0,8,0,0
280330,1,1,1987,0,0,14,0,0,16,0,0,3,0
280330,2,1,1987,0,0,0,0,0,0,0,0,0,0
280331,1,1,1987,7,7,7,7,7,7,7,7,7,7
280332,1,1,1987,0,0,0,0,0,0,0,0,0,0
280333,1,1,1987,0,0,0,0,0,0,19,15,13,0
280333,2,1,1987,17,0,0,0,0,0,0,0,20,0
280334,1,1,1987,0,0,0,0,0,0,0,0,0,0
280334,2,1,1987,0,0,0,0,0,0,0,0,0,0
280335,1,1,1987,13,0,0,0,0,0,22,17,0,0
280336,1,1,1987,0,11,10,0,15,5,0,18,11,0
280337,1,1,1987,0,0,0,0,0,0,0,0,0,0
280337,2,1,1987,0,0,0,0,29,0,21,0,0,0
280338,1,1,1987,8,8,8,8,8,8,8,8,8,8
280339,1,1,1987,0,9,0,0,13,0,0,11,0,0
280340,1,1,1987,0,0,21,0,0,15,0,0,5,0
280341,1,1,1987,18,18,18,18,18,18,18,18,18,18
280342,0,1,1987,0,0,0,0,0,0,0,0,0,0
280342,1,1,1987,0,0,0,0,0,0,0,0,13,0
280343,1,1,1987,10,10,10,10,10,10,10,10,10,10
280344,1,1,1987,3,0,0,0,0,0,0,0,0,0
280344,2,1,1987,0,0,0,0,17,0,0,0,0,0
280345,1,1,1987,0,17,0,22,0,0,2,0,16,0
280346,1,1,1987,24,22,0,15,0,0,32,0,5,20
280347,1,1,1987,0,14,16,18,42,0,0,0,0,0
280348,1,1,1987,0,0,0,0,0,0,0,0,0,0
280348,2,1,1987,0,0,0,0,0,0,0,0,0,0
280349,1,1,1987,0,0,0,0,0,0,0,0,0,0
280349,2,1,1987,0,0,0,0,0,9,0,0,0,0
280350,0,1,1987,0,0,0,0,0,0,0,16,0,0
280350,1,1,1987,0,0,0,0,0,0,0,0,0,0
280351,1,1,1987,0,0,0,25,10,23,0,0,0,0
280352,1,1,1987,0,0,0,0,0,0,0,0,0,0
280353,1,1,1987,0,0,0,0,0,0,0,0,0,0
280353,2,1,1987,15,15,15,15,15,15,15,15,15,15
280354,1,1,1987,0,0,0,11,0,0,0,0,0,0
280355,1,1,1987,0,30,0,0,0,0,0,0,41,0
280355,2,1,1987,0,0,0,0,0,0,0,0,0,0
280356,1,1,1987,6,22,22,8,13,15,19,17,24,0
280357,1,1,1987,0,0,0,0,0,0,0,0,0,0
280357,2,1,1987,0,0,0,0,0,0,0,0,0,0
280358,1,1,1987,0,0,0,0,0,8,0,0,0,0
280358,2,1,1987,0,0,0,0,0,6,0,0,0,0
280358,3,1,1987,0,0,0,0,10,0,0,0,0,0
280359,1,1,1987,0,11,0,0,0,0,0,0,0,0
280359,2,1,1987,0,0,0,0,0,9,0,0,0,0
280360,1,1,1987,2,13,0,11,0,0,0,11,0,18
280361,1,1,1987,12,12,12,12,12,12,12,12,12,12
280362,1,1,1987,0,0,0,0,0,0,0,0,9,0
280363,1,1,1987,12,30,0,0,0,0,14,0,0,0
280364,0,1,1987,9,0,29,0,18,0,25,23,0,0
280364,1,1,1987,0,0,0,0,0,0,0,0,0,0
280365,1,1,1987,0,20,0,0,10,0,0,0,0,0
280366,1,1,1987,0,0,0,0,0,0,0,0,0,0
280366,2,1,1987,9,0,0,15,14,18,0,0,23,0
280367,1,1,1987,0,0,0,8,0,0,0,0,9,6
280368,1,1,1987,25,0,0,0,0,4,0,15,29,0
280369,1,1,1987,0,0,0,0,0,0,0,0,0,0
280369,2,1,1987,0,0,0,0,0,10,0,0,0,0
280370,1,1,1987,0,0,0,0,0,11,0,0,6,0
280370,2,1,1987,6,0,16,0,0,0,0,0,0,0
280371,1,1,1987,0,0,0,0,0,22,0,0,0,0
280371,2,1,1987,0,0,0,0,0,0,0,0,0,0
280372,1,1,1987,0,0,0,0,0,0,0,0,0,0
280372,2,1,1987,12,12,12,12,12,12,12,12,12,12
280373,1,1,1987,0,13,0,0,0,0,0,11,0,0
280374,1,1,1987,50,25,12,4,17,26,0,39,0,27
280375,1,1,1987,0,0,0,0,0,0,0,0,0,0
280375,2,1,1987,0,0,0,0,0,0,0,0,0,0
280376,0,1,1987,0,0,0,0,0,0,0,0,0,0
280376,1,1,1987,0,0,0,0,0,0,0,0,0,0
280377,1,1,1987,0,0,0,15,0,0,14,20,0,0
280378,1,1,1987,0,0,0,0,0,0,0,0,0,0
280378,2,1,1987,0,0,0,0,0,0,0,0,0,0
280379,1,1,1987,25,28,9,37,19,23,11,0,0,19
280380,1,1,1987,0,0,0,34,0,0,39,0,0,0
280380,2,1,1987,0,0,0,0,0,0,0,0,0,0
280381,1,1,1987,0,0,0,0,0,0,0,0,0,0
280381,2,1,1987,26,0,6,44,0,21,0,19,0,0
280384,1,1,1987,0,0,10,0,0,0,0,0,0,0
280384,2,1,1987,0,17,0,0,0,0,0,0,0,0
280385,1,1,1987,0,0,0,11,0,11,0,0,0,0
280386,0,1,1987,0,0,0,0,0,0,0,0,0,0
280386,0,2,1987,0,0,0,0,0,0,0,0,0,0
280386,0,3,1987,0,0,0,0,0,0,0,0,0,0
280386,0,4,1987,0,0,0,0,0,0,0,0,0,0
280386,1,1,1987,0,0,0,0,0,0,0,0,0,0
280387,1,1,1987,0,0,0,0,0,0,9,0,0,15
280388,1,1,1987,0,0,0,0,0,0,0,0,0,0
280389,1,1,1987,0,0,0,0,0,0,0,0,0,0
280389,2,1,1987,0,0,0,0,0,0,0,0,0,0
280390,1,1,1987,7,0,0,0,0,12,0,0,0,0
280390,2,1,1987,0,0,0,0,0,0,0,0,0,0
280391,1,1,1987,0,10,0,0,0,0,0,0,19,0
280392,1,1,1987,0,0,0,0,0,0,0,15,20,0
280393,1,1,1987,29,15,0,0,18,19,0,18,8,20
280394,1,1,1987,0,0,0,0,0,0,0,0,0,0
280394,2,1,1987,0,0,0,0,0,0,0,0,0,0
280396,1,1,1987,15,0,0,15,18,36,34,0,0,0
280397,1,1,1987,12,0,19,0,0,0,24,10,28,17
280398,1,1,1987,0,0,0,0,0,0,0,0,0,0
280399,0,1,1987,0,0,0,0,0,0,0,0,0,0
280399,1,1,1987,0,0,0,17,0,26,0,0,10,0
280400,1,1,1987,0,0,0,0,0,0,0,0,0,0
280401,1,1,1987,0,0,0,0,0,0,0,0,0,0
280401,2,1,1987,0,0,0,0,0,0,0,0,0,0
280402,0,1,1987,0,0,0,0,0,0,0,0,0,0
280402,1,1,1987,0,0,0,0,0,0,0,0,0,0
280403,1,1,1987,0,0,0,0,0,0,0,0,0,0
280404,1,1,1987,0,0,0,0,24,0,0,0,0,0
280404,2,1,1987,0,11,24,0,0,17,0,8,0,0
280405,1,1,1987,16,0,38,20,0,21,0,25,13,13
280407,1,1,1987,0,22,0,27,0,0,8,0,19,0
280408,1,1,1987,22,13,15,34,26,0,0,25,31,19
280408,2,1,1987,0,0,0,0,0,0,0,0,0,0
280409,1,1,1987,0,0,0,0,0,0,0,0,0,0
280409,2,1,1987,0,0,0,0,0,0,0,0,0,0
280410,1,1,1987,0,0,0,0,0,12,0,0,0,0
280410,2,1,1987,0,16,0,0,0,0,0,0,0,0
280411,1,1,1987,15,0,0,0,0,35,0,20,0,0
280412,1,1,1987,20,24,0,17,24,18,0,0,15,0
280413,1,1,1987,0,0,0,0,0,0,0,0,0,0
280413,2,1,1987,0,0,0,0,0,0,0,0,0,0
280414,1,1,1987,0,0,15,0,0,0,0,0,0,0
280414,2,1,1987,12,12,12,12,12,12,12,12,12,12
280415,1,1,1987,0,0,0,0,0,0,0,0,0,0
280415,2,1,1987,0,0,0,0,0,0,0,0,0,0
280415,3,1,1987,0,0,0,0,0,0,0,0,0,0
280416,1,1,1987,0,0,0,0,0,0,0,0,0,0
280416,2,1,1987,16,12,0,0,0,0,16,31,14,0
280417,1,1,1987,0,0,0,21,13,0,0,16,0,32
280418,1,1,1987,12,12,12,12,12,12,12,12,12,12
280418,2,1,1987,0,0,0,0,0,0,0,0,0,0
280419,1,1,1987,2,2,2,2,2,2,2,2,2,2
280420,0,1,1987,16,0,29,0,0,20,0,0,0,0
280420,1,1,1987,0,7,0,0,0,0,0,0,11,0
280421,1,1,1987,0,0,0,0,0,0,0,0,0,0
280421,2,1,1987,0,0,0,0,0,0,0,0,0,0
280422,1,1,1987,0,0,0,0,0,0,0,0,0,0
280422,2,1,1987,0,0,0,0,0,0,0,0,0,0
280423,1,1,1987,39,11,26,0,46,0,22,0,9,0
280424,1,1,1987,0,0,0,0,0,0,0,0,0,0
280424,2,1,1987,0,0,0,0,0,0,0,0,0,0
280425,1,1,1987,0,0,0,0,7,0,0,0,0,0
280425,2,1,1987,0,0,0,0,0,0,4,0,0,0
280426,1,1,1987,0,0,0,0,0,0,0,0,0,0
280426,2,1,1987,0,16,0,0,0,0,0,0,0,32
280426,3,1,1987,15,0,26,0,36,0,29,0,25,33
280427,1,1,1987,17,0,0,0,19,0,13,10,0,19
280428,1,1,1987,13,13,13,13,13,13,13,13,13,13
280429,1,1,1987,14,24,16,30,32,10,25,15,5,21
280430,1,1,1987,0,0,0,0,0,0,20,0,0,0
280430,2,1,1987,0,0,15,0,19,0,0,8,0,0
280431,1,1,1987,21,21,21,21,21,21,21,21,21,21
280431,2,1,1987,0,0,0,0,0,0,0,0,0,0
280432,1,1,1987,0,0,0,0,0,0,0,0,14,0
280432,2,1,1987,0,0,0,5,10,0,0,0,9,0
280433,1,1,1987,0,0,0,0,0,0,0,0,0,0
280433,2,1,1987,0,0,0,0,0,0,0,0,0,0
280434,1,1,1987,0,0,0,0,0,0,0,0,0,22
280435,1,1,1987,3,3,3,3,3,3,3,3,3,3
280436,1,1,1987,0,0,0,0,0,0,0,6,0,0
280436,2,1,1987,0,0,0,0,0,0,0,0,0,0
280437,1,1,1987,0,0,0,0,0,0,0,0,0,0
280437,2,1,1987,0,0,0,0,0,0,0,0,0,21
280438,0,1,1987,0,0,0,0,0,0,0,0,0,0
280438,1,1,1987,0,0,0,0,0,0,0,0,0,0
280440,1,1,1987,0,0,0,0,0,0,0,0,0,0
280441,1,1,1987,0,0,11,0,0,0,18,0,0,19
280443,1,1,1987,0,0,0,0,0,0,0,0,0,0
280443,2,1,1987,0,0,0,0,0,18,5,0,0,25
280444,1,1,1987,0,0,0,0,0,0,0,0,0,0
280445,1,1,1987,0,0,0,0,11,0,0,0,0,0
280445,2,1,1987,20,0,0,28,0,18,6,0,0,15
280446,1,1,1987,0,0,0,0,0,0,0,0,0,0
280447,1,1,1987,0,0,0,0,0,0,0,0,0,0
280447,2,1,1987,0,0,0,0,0,0,0,0,0,0
280448,1,1,1987,0,0,0,0,0,0,0,0,0,0
280448,2,1,1987,0,0,0,0,0,0,0,0,0,0
280449,1,1,1987,0,0,13,7,0,0,3,0,11,7
280450,1,1,1987,25,33,12,0,14,14,6,0,0,32
280451,1,1,1987,0,0,0,0,0,0,0,0,0,0
280451,2,1,1987,0,0,0,0,0,0,0,0,0,0
280452,1,1,1987,0,0,0,0,0,0,0,0,0,0
280452,2,1,1987,0,0,0,0,0,0,9,0,0,0
280453,1,1,1987,0,0,0,0,0,0,0,0,0,0
280453,2,1,1987,0,0,0,21,26,0,0,31,0,0
280454,1,1,1987,0,7,0,0,17,0,13,18,14,0
280455,1,1,1987,0,0,6,3,0,0,0,0,0,0
280456,1,1,1987,0,0,0,0,0,0,0,0,0,0
280457,1,1,1987,9,9,9,9,9,9,9,9,9,9
280458,1,1,1987,0,0,13,0,0,9,20,11,6,2
280460,1,1,1987,18,22,8,21,12,27,0,19,0,0
280461,1,1,1987,0,15,19,0,0,15,28,15,0,27
280462,1,1,1987,0,0,0,0,0,0,0,0,0,0
280462,2,1,1987,0,17,0,0,0,0,0,0,16,27
280463,1,1,1987,0,0,0,0,0,0,0,0,0,0
280463,2,1,1987,0,0,0,0,0,0,0,0,0,0
280464,1,1,1987,0,0,0,0,0,0,0,0,13,0
280464,2,1,1987,0,0,0,0,0,0,0,0,0,0
280465,1,1,1987,0,0,19,0,0,18,0,0,0,0
280466,1,1,1987,0,0,0,0,0,0,0,0,0,0
280466,2,1,1987,0,0,0,0,9,0,0,0,0,0
280467,1,1,1987,0,0,0,0,0,0,0,0,0,0
280468,1,1,1987,0,0,0,0,6,5,0,0,0,0
280469,0,1,1987,0,17,0,21,0,0,0,2,8,0
280469,1,1,1987,0,0,0,0,0,0,0,0,0,0
280470,1,1,1987,14,0,0,0,27,17,10,33,17,13
280471,1,1,1987,0,0,0,0,0,0,0,0,0,0
280471,2,1,1987,0,0,0,0,0,0,0,0,0,0
280472,1,1,1987,17,0,0,0,0,0,0,0,0,0
280472,2,1,1987,0,0,0,0,11,28,15,0,0,0
280473,1,1,1987,0,5,0,0,0,0,0,0,0,0
280474,1,1,1987,0,0,0,0,0,0,0,0,0,0
280474,2,1,1987,0,0,0,0,0,0,0,0,0,0
280475,1,1,1987,22,21,14,29,10,21,6,18,19,0
280476,1,1,1987,0,0,0,18,0,15,0,0,0,0
280476,2,1,1987,0,0,0,0,0,0,0,0,0,0
280477,1,1,1987,0,0,0,0,0,0,0,0,0,0
280477,2,1,1987,0,0,0,36,0,12,0,0,0,0
280478,1,1,1987,0,0,0,0,0,0,0,0,0,0
280478,2,1,1987,0,0,0,0,0,0,0,0,0,0
280478,3,1,1987,0,0,0,0,0,0,0,0,0,0
280479,0,1,1987,46,16,12,0,0,0,0,3,0,0
280479,1,1,1987,13,20,23,32,19,24,19,33,9,23
280481,1,1,1987,0,0,0,0,0,0,0,0,0,0
280482,1,1,1987,0,0,4,0,0,0,0,0,0,0
280482,2,1,1987,0,0,0,0,0,0,0,0,0,0
280483,1,1,1987,0,0,0,7,6,0,0,8,0,0
280483,2,1,1987,0,6,0,15,13,17,29,7,0,0
280484,0,1,1987,0,0,5,0,0,0,12,17,0,0
280484,1,1,1987,0,8,0,24,0,9,12,0,0,0
280485,0,1,1987,0,37,0,0,0,16,0,6,0,0
280485,1,1,1987,0,0,15,0,0,0,0,0,18,0
280486,1,1,1987,0,0,6,26,0,0,0,0,0,0
280486,2,1,1987,0,0,0,0,0,0,0,0,0,0
280487,1,1,1987,0,0,0,0,0,0,0,0,0,0
280488,1,1,1987,0,0,0,7,23,0,0,13,32,16
280490,1,1,1987,0,0,0,0,0,0,0,0,0,0
280491,1,1,1987,0,0,0,0,0,0,0,0,0,0
280491,2,1,1987,0,0,0,0,0,0,0,0,0,0
280492,1,1,1987,15,18,23,0,29,0,28,29,0,37
280492,2,1,1987,0,0,15,0,0,9,28,14,19,0
280493,1,1,1987,0,0,0,0,0,0,0,0,0,0
280494,1,1,1987,0,0,0,0,12,0,0,0,0,0
280494,2,1,1987,0,0,0,0,0,0,0,0,0,0
280495,1,1,1987,0,0,0,0,0,0,0,2,0,0
280495,2,1,1987,0,0,0,0,24,24,0,0,20,0
280496,1,1,1987,0,0,0,0,24,0,0,0,0,0
280497,1,1,1987,0,0,21,24,0,14,0,9,0,22
280498,1,1,1987,0,0,0,0,0,0,0,0,0,0
280498,2,1,1987,0,0,0,0,0,0,0,0,0,0
280499,1,1,1987,18,7,9,18,5,14,22,25,0,0
280500,0,1,1987,0,0,0,0,0,0,0,0,0,0
280500,1,1,1987,0,0,0,0,0,0,0,0,0,0
280501,1,1,1987,0,0,0,0,0,0,0,0,9,0
280504,0,1,1987,0,22,0,0,0,0,0,0,6,0
280504,1,1,1987,0,0,0,0,0,0,0,0,0,0
280505,0,1,1987,0,0,0,4,0,0,0,8,0,21
280505,1,1,1987,0,0,0,0,0,0,0,0,0,0
280506,1,1,1987,0,0,0,0,0,0,0,9,0,0
280506,2,1,1987,13,0,0,0,0,0,0,0,0,11
280507,1,1,1987,0,0,0,0,0,0,0,0,0,0
280507,2,1,1987,0,0,0,0,0,0,0,0,0,0
280508,1,1,1987,0,0,0,0,0,0,0,0,0,0
280508,2,1,1987,0,0,0,0,24,0,0,0,20,0
280509,1,1,1987,0,0,0,0,13,14,0,0,0,0
280510,1,1,1987,0,12,0,27,0,0,0,0,21,0
280511,1,1,1987,20,20,20,20,20,20,20,20,20,20
280511,2,1,1987,0,0,0,0,0,0,0,0,15,0
280512,1,1,1987,0,0,7,0,0,12,0,0,33,0
280513,1,1,1987,0,0,13,0,0,0,0,0,0,0
280513,2,1,1987,0,0,0,0,0,0,23,0,0,0
280514,1,1,1987,31,31,31,31,31,31,31,31,31,31
280515,1,1,1987,0,0,0,22,0,0,0,11,13,27
280515,2,1,1987,0,0,0,0,0,0,0,0,0,0
280516,1,1,1987,0,0,0,0,0,0,0,0,0,0
280516,2,1,1987,0,0,0,0,0,0,0,0,0,0
280517,1,1,1987,0,0,0,0,11,0,0,18,0,0
280518,1,1,1987,3,3,3,3,3,3,3,3,3,3
280518,2,1,1987,0,0,0,0,0,0,0,0,0,0
280519,1,1,1987,16,12,0,13,10,0,0,21,0,0
280520,1,1,1987,0,0,0,0,0,0,0,0,0,0
280520,2,1,1987,0,0,0,0,0,0,0,0,0,0
280521,1,1,1987,0,0,0,0,0,0,0,0,0,0
280521,2,1,1987,0,0,0,0,0,0,0,0,0,4
280522,1,1,1987,0,0,0,0,0,0,0,0,0,0
280522,2,1,1987,0,0,0,0,0,0,0,0,0,0
280523,1,1,1987,0,0,0,0,0,0,0,0,0,0
280524,1,1,1987,0,13,0,23,0,17,4,15,0,0
280525,1,1,1987,0,0,0,0,0,0,0,0,0,0
280525,2,1,1987,0,6,0,0,9,0,0,0,0,0
280526,1,1,1987,16,13,29,12,22,20,9,15,14,20
280527,1,1,1987,0,0,0,0,0,0,0,0,0,0
280528,1,1,1987,0,0,0,0,0,0,0,0,0,0
280528,2,1,1987,0,0,0,0,0,0,0,0,0,0
280529,1,1,1987,0,12,0,0,0,0,0,0,11,0
280530,1,1,1987,0,0,0,0,0,0,0,0,0,0
280530,2,1,1987,13,0,0,0,0,0,20,28,0,0
280531,1,1,1987,12,8,18,11,22,37,0,18,26,18
280532,1,1,1987,0,0,0,0,0,0,0,0,0,0
280532,2,1,1987,0,0,0,0,0,0,0,0,0,0
280533,1,1,1987,36,0,0,0,6,16,32,12,17,22
280534,1,1,1987,0,0,0,0,0,0,0,4,0,0
280535,1,1,1987,0,0,0,0,0,0,0,0,0,0
280536,1,1,1987,0,0,0,0,0,0,0,0,0,0
280536,2,1,1987,0,0,0,0,0,0,0,0,0,0
280537,1,1,1987,0,0,0,0,0,0,0,0,0,0
280537,2,1,1987,0,0,0,0,0,0,0,0,0,0
280538,1,1,1987,0,0,0,0,0,0,0,0,0,0
280538,2,1,1987,0,0,0,0,0,0,0,0,0,0
280538,3,1,1987,0,0,0,0,0,0,0,0,0,0
280539,1,1,1987,0,0,0,23,0,0,25,0,0,0
280539,2,1,1987,0,0,0,0,0,0,0,0,0,0
280540,1,1,1987,0,0,0,0,0,0,0,0,0,0
280540,2,1,1987,0,0,0,0,0,0,0,0,0,0
280541,1,1,1987,5,5,5,5,5,5,5,5,5,5
280542,1,1,1987,0,0,0,14,0,0,0,0,15,0
280542,2,1,1987,0,0,0,0,0,9,0,20,0,12
280543,1,1,1987,0,0,0,0,0,0,0,16,0,0
280543,2,1,1987,0,0,20,0,0,0,0,13,0,0
280544,1,1,1987,0,0,0,0,0,0,0,0,0,0
280545,1,1,1987,0,15,15,0,0,0,0,0,0,17
280546,1,1,1987,0,0,0,14,31,0,0,0,0,0
280546,2,1,1987,0,0,0,0,0,0,0,0,0,0
280547,1,1,1987,0,0,0,0,0,0,0,0,0,0
280548,1,1,1987,0,0,0,0,0,0,0,0,0,0
280548,2,1,1987,0,0,9,0,7,0,13,0,0,0