ST_CASE,VEH_NO,PER_NO,YEAR,P1,P2,P3,P4,P5,P6,P7,P8,P9,P10
280549,1,1,1987,0,15,0,0,0,0,0,13,13,25
280550,1,1,1987,0,12,14,32,13,12,0,15,0,0
280551,1,1,1987,0,0,0,17,0,0,0,0,0,0
280551,2,1,1987,0,0,0,0,0,0,0,0,0,0
280552,1,1,1987,21,0,26,21,0,20,16,0,0,0
280553,1,1,1987,0,0,0,0,0,0,0,0,0,0
280553,2,1,1987,0,0,0,0,0,0,0,0,0,0
280554,1,1,1987,0,0,0,0,0,25,0,0,0,0
280554,2,1,1987,0,0,0,0,0,0,0,0,0,0
280555,0,1,1987,0,0,3,0,0,0,0,0,3,0
280555,1,1,1987,0,0,0,0,0,0,0,0,0,0
280556,1,1,1987,8,28,0,29,15,0,0,0,15,0
280557,1,1,1987,22,0,23,26,23,23,28,19,13,0
280558,1,1,1987,18,0,0,32,31,17,0,0,0,0
280559,1,1,1987,5,0,0,0,0,0,0,0,0,0
280559,2,1,1987,0,0,0,0,0,0,0,0,0,0
280560,0,1,1987,0,0,0,0,0,0,0,0,0,0
280560,1,1,1987,0,0,0,0,0,0,0,0,0,0
280561,1,1,1987,0,14,0,0,0,0,0,14,0,0
280561,2,1,1987,0,0,0,0,0,0,0,0,0,0
280562,1,1,1987,0,0,0,0,0,0,0,0,0,0
280563,0,1,1987,0,0,0,0,0,0,0,0,0,0
280563,1,1,1987,0,0,0,0,0,0,0,0,2,0
280564,1,1,1987,20,20,20,20,20,20,20,20,20,20
280565,1,1,1987,11,11,11,11,11,11,11,11,11,11
280566,1,1,1987,0,21,0,21,0,0,24,18,13,0
280567,1,1,1987,0,0,0,0,0,0,0,0,0,0
280567,2,1,1987,0,0,0,0,0,0,0,0,0,0
280567,3,1,1987,0,0,0,0,0,0,0,0,0,0
280569,1,1,1987,15,15,15,15,15,15,15,15,15,15
280570,1,1,1987,0,18,3,0,0,17,0,13,0,0
280570,2,1,1987,0,0,0,0,26,0,0,0,0,0
280571,1,1,1987,0,0,0,0,0,0,0,0,0,0
280571,2,1,1987,0,0,0,0,0,0,0,0,0,0
280572,1,1,1987,14,16,8,13,20,15,19,22,23,10
280573,1,1,1987,0,0,0,0,0,0,0,0,0,0
280574,1,1,1987,0,0,0,0,20,0,0,21,0,20
280575,1,1,1987,0,0,0,0,0,0,0,0,0,0
280575,2,1,1987,0,0,0,0,0,0,0,0,0,0
280576,1,1,1987,8,8,8,8,8,8,8,8,8,8
280576,2,1,1987,0,0,0,0,0,0,0,0,0,0
280576,3,1,1987,0,0,0,0,0,0,0,0,27,0
280576,4,1,1987,0,0,0,0,26,0,0,0,5,14
280577,1,1,1987,0,22,0,0,0,0,0,0,0,0
280578,1,1,1987,0,0,0,0,0,0,0,0,0,6
280578,2,1,1987,0,0,0,0,0,0,0,0,0,0
280579,1,1,1987,0,0,0,0,0,0,0,0,15,0
280579,2,1,1987,0,0,0,0,0,0,0,0,0,0
280580,1,1,1987,0,0,17,0,0,0,0,0,0,0
280580,2,1,1987,0,0,0,0,0,0,0,0,0,0
280581,1,1,1987,0,0,0,0,0,0,0,0,0,0
280581,2,1,1987,0,0,0,0,0,0,0,0,0,0
280582,1,1,1987,21,21,21,21,21,21,21,21,21,21
280583,1,1,1987,0,0,14,0,0,8,0,0,0,0
280584,1,1,1987,36,14,21,26,15,0,6,17,25,23
280584,2,1,1987,0,0,0,8,0,0,0,0,13,0
280585,1,1,1987,0,0,0,0,0,0,0,0,0,0
280585,2,1,1987,0,0,0,0,45,5,0,0,0,0
280586,1,1,1987,11,11,11,11,11,11,11,11,11,11
280586,2,1,1987,0,0,0,0,0,0,0,0,0,0
280587,1,1,1987,0,0,0,7,0,0,0,0,0,0
280588,1,1,1987,13,16,19,20,31,0,13,25,21,0
280589,1,1,1987,0,0,0,0,0,0,0,0,0,0
280589,2,1,1987,5,0,0,0,0,0,0,0,0,0
280590,1,1,1987,0,0,0,0,0,0,0,0,0,0
280590,2,1,1987,13,13,13,13,13,13,13,13,13,13
280591,1,1,1987,0,30,11,0,11,16,0,0,24,23
280592,1,1,1987,0,0,0,0,0,0,0,0,0,0
280593,1,1,1987,0,0,7,0,0,21,0,0,0,0
280594,0,1,1987,0,0,0,0,0,0,0,0,0,0
280594,1,1,1987,0,0,0,0,12,0,0,0,0,0
280595,1,1,1987,0,10,0,0,0,0,0,0,0,0
280595,2,1,1987,0,0,0,0,0,0,0,0,0,0
280596,1,1,1987,0,0,0,0,0,0,16,24,0,0
280597,1,1,1987,0,0,0,0,0,0,0,0,0,0
280597,2,1,1987,0,0,0,0,0,0,0,0,0,0
280598,1,1,1987,11,22,0,0,0,0,13,8,19,0
280599,1,1,1987,0,18,0,0,0,30,14,18,0,0
280600,1,1,1987,0,0,0,19,0,0,0,0,0,0
280601,1,1,1987,0,0,0,0,0,0,0,0,0,0
280601,2,1,1987,0,0,0,0,0,0,0,0,18,9
280602,1,1,1987,0,0,0,0,0,0,0,0,0,0
280602,2,1,1987,0,0,0,0,0,0,14,0,0,0
280603,0,1,1987,0,0,0,0,0,0,0,0,0,0
280603,1,1,1987,0,0,0,0,0,0,0,0,0,0
280604,1,1,1987,11,16,0,17,11,0,0,23,0,0
280605,1,1,1987,0,17,0,0,0,37,27,0,28,10
280606,1,1,1987,0,0,4,10,0,0,0,0,0,0
280607,1,1,1987,0,0,0,0,0,0,0,0,0,0
280607,2,1,1987,0,0,20,0,0,0,0,0,0,0
280608,1,1,1987,0,23,0,0,35,47,25,26,16,15
280609,1,1,1987,0,0,0,0,0,0,0,0,0,0
280610,0,1,1987,0,0,0,0,0,0,0,0,0,0
280610,1,1,1987,18,0,0,0,0,0,0,0,0,0
280611,1,1,1987,15,9,10,0,0,0,18,0,19,13
280612,0,1,1987,0,0,0,0,0,0,0,0,24,0
280612,1,1,1987,0,0,0,0,0,0,0,0,0,0
280613,1,1,1987,0,0,0,0,0,0,0,0,0,0
280614,0,1,1987,0,0,0,0,0,0,0,0,22,0
280614,1,1,1987,0,0,0,0,0,0,13,0,0,0
280615,1,1,1987,0,0,0,0,0,0,0,0,0,0
280615,2,1,1987,0,0,18,0,0,0,0,0,0,0
280616,1,1,1987,0,0,0,0,29,0,0,17,0,0
280617,1,1,1987,0,0,0,0,0,0,0,0,0,0
280617,2,1,1987,0,0,0,0,0,0,0,0,0,0
280618,1,1,1987,21,0,0,20,0,0,0,0,0,0
280618,2,1,1987,0,0,0,0,0,0,0,0,0,0
280619,1,1,1987,22,20,0,0,0,0,0,23,0,0
280620,1,1,1987,23,0,39,50,14,29,0,36,28,42
280621,1,1,1987,0,0,0,0,0,0,0,0,0,0
280621,2,1,1987,0,0,0,0,0,0,0,0,0,0
280622,0,1,1987,0,0,0,0,0,0,8,35,9,0
280622,1,1,1987,0,23,0,0,0,0,0,0,0,0
280623,1,1,1987,0,20,0,0,0,0,19,0,0,0
280623,2,1,1987,0,0,0,0,0,0,0,9,16,26
280624,0,1,1987,0,0,0,0,0,0,0,0,0,0
280624,1,1,1987,0,0,0,0,0,0,0,9,0,0
280625,1,1,1987,0,0,0,0,0,0,0,29,0,0
280625,2,1,1987,0,0,0,0,0,0,0,0,0,0
280626,1,1,1987,0,0,7,0,0,0,0,0,0,0
280626,2,1,1987,0,0,0,0,0,0,0,0,0,0
280627,1,1,1987,0,0,0,0,10,0,0,0,22,4
280628,1,1,1987,0,0,0,0,0,0,0,0,0,0
280628,2,1,1987,0,0,0,0,0,0,0,0,0,0
280629,1,1,1987,0,0,0,0,0,0,0,0,0,0
280629,2,1,1987,10,0,0,0,0,0,0,0,0,0
280629,3,1,1987,0,0,0,0,0,0,0,0,0,0
280630,1,1,1987,12,0,0,0,0,0,0,0,0,0
280630,2,1,1987,0,0,0,0,0,0,0,0,0,0
280631,1,1,1987,0,0,0,0,0,0,0,0,0,0
280631,2,1,1987,0,28,9,0,0,0,0,0,0,29
280632,1,1,1987,0,0,0,0,0,0,0,0,0,0
280633,0,1,1987,0,0,0,0,0,0,0,15,0,0
280633,1,1,1987,0,0,0,0,0,0,0,0,0,0
280634,1,1,1987,0,0,0,0,0,0,0,0,0,0
280635,1,1,1987,0,0,30,22,23,0,26,0,13,19
280636,1,1,1987,0,0,0,0,0,0,0,0,0,0
280637,1,1,1987,0,0,21,23,0,0,0,0,0,0
280638,1,1,1987,29,0,0,0,0,0,0,0,0,0
280639,1,1,1987,0,0,0,0,0,25,0,0,0,0
280640,0,1,1987,0,0,0,0,0,0,0,0,0,0
280640,1,1,1987,0,0,0,0,0,0,0,0,0,0
280641,0,1,1987,0,0,0,9,19,11,0,0,0,0
280641,1,1,1987,0,0,0,0,0,0,4,0,0,0
280642,1,1,1987,8,0,0,0,0,0,0,0,0,0
280642,2,1,1987,0,0,0,0,0,0,10,0,0,0
280643,1,1,1987,0,0,0,0,0,0,0,0,0,0
280643,2,1,1987,0,0,0,0,0,0,0,0,0,0
280644,1,1,1987,0,0,0,0,0,0,0,0,0,0
280644,2,1,1987,0,0,0,0,0,0,0,0,0,12
280645,1,1,1987,0,0,0,0,0,0,0,0,0,0
280645,2,1,1987,23,0,0,0,0,0,0,0,0,0
280646,1,1,1987,0,0,0,0,0,0,0,0,0,0
280646,2,1,1987,0,0,0,0,0,0,0,0,0,0
280647,1,1,1987,0,0,0,13,0,0,0,16,10,8
280647,2,1,1987,0,0,0,0,0,0,0,0,0,0
280648,0,1,1987,0,0,0,9,0,10,0,0,0,0
280648,1,1,1987,0,0,0,0,0,0,0,0,0,0
280649,1,1,1987,0,21,17,48,42,13,0,0,10,0
280650,1,1,1987,0,0,0,0,18,0,0,0,0,0
280650,2,1,1987,0,0,0,0,0,0,0,0,0,0
280651,1,1,1987,18,35,0,2,6,15,10,0,15,3
280652,1,1,1987,23,0,12,32,0,28,11,0,18,0
280653,1,1,1987,7,13,31,21,0,17,23,15,4,0
280654,1,1,1987,0,0,0,0,0,0,0,0,0,0
280655,1,1,1987,0,0,0,0,0,0,0,23,0,0
280655,2,1,1987,0,0,0,0,0,0,0,0,0,0
280655,3,1,1987,0,0,0,0,16,17,0,0,0,0
280656,1,1,1987,22,0,0,11,0,0,23,23,0,0
280657,1,1,1987,6,0,7,0,6,27,0,23,0,13
280658,1,1,1987,0,0,0,0,0,0,0,0,0,0
280658,2,1,1987,0,0,0,0,0,0,0,0,0,0
280659,1,1,1987,0,0,0,12,0,24,0,0,0,14
280660,1,1,1987,0,0,0,0,0,0,0,0,0,0
280660,2,1,1987,0,0,0,0,0,0,0,0,0,0
280661,1,1,1987,0,13,0,0,0,0,0,0,0,0
280662,1,1,1987,0,0,0,0,0,0,0,0,0,0
280662,2,1,1987,0,0,0,0,0,0,0,9,0,0
280663,1,1,1987,0,8,0,0,14,0,0,0,0,0
280664,1,1,1987,0,0,0,0,0,0,0,0,0,13
280664,2,1,1987,0,8,0,0,0,0,0,0,0,0
280665,0,1,1987,0,0,0,0,0,0,0,0,0,0
280665,1,1,1987,0,0,0,0,0,0,0,0,0,12
280666,1,1,1987,0,0,0,0,0,0,0,0,0,0
280666,2,1,1987,0,0,0,0,0,0,0,0,0,0
280666,3,1,1987,0,0,0,0,0,0,0,0,0,0
280667,1,1,1987,0,0,0,0,0,0,0,0,0,0
280667,2,1,1987,0,0,0,0,0,0,0,0,0,0
280668,1,1,1987,22,11,21,23,10,0,36,0,7,0
280669,1,1,1987,0,0,13,12,0,34,0,14,0,0
280669,2,1,1987,0,0,0,0,0,0,0,0,0,0
280669,3,1,1987,0,0,0,0,0,0,0,0,0,0
280670,1,1,1987,0,0,0,3,0,0,18,0,0,34
280671,1,1,1987,0,0,0,0,0,0,0,0,0,0
280672,1,1,1987,23,28,43,0,15,9,0,15,12,29
280673,1,1,1987,0,0,0,0,0,0,0,0,10,0
280674,1,1,1987,23,0,26,21,28,21,12,8,26,8
280675,1,1,1987,22,12,0,0,23,0,19,33,0,34
280676,0,1,1987,0,0,0,0,30,19,0,0,0,0
280676,1,1,1987,0,0,0,0,0,0,0,0,0,0
280677,1,1,1987,21,18,0,18,21,0,20,26,29,17
280678,1,1,1987,0,0,0,0,0,12,0,0,0,0
280678,2,1,1987,0,0,0,0,39,0,0,14,0,0
280679,1,1,1987,0,0,0,0,0,0,0,0,0,0
280679,2,1,1987,0,0,0,0,0,0,0,0,0,0
280680,1,1,1987,8,0,6,0,0,0,0,0,0,0
290001,1,1,1987,0,0,0,0,0,0,0,0,0,0
290001,2,1,1987,21,21,21,21,21,21,21,21,21,21
290002,1,1,1987,0,0,15,0,0,20,6,0,14,0
290003,1,1,1987,16,16,16,16,16,16,16,16,16,16
290004,1,1,1987,25,25,25,25,25,25,25,25,25,25
290005,1,1,1987,0,0,0,0,0,0,0,0,0,0
290006,1,1,1987,0,0,0,0,0,0,0,0,0,0
290006,2,1,1987,17,11,3,7,4,18,6,26,0,15
290007,1,1,1987,0,0,0,0,0,0,0,0,0,0
290008,1,1,1987,13,13,13,13,13,13,13,13,13,13
290008,2,1,1987,0,0,0,0,0,0,0,0,0,0
290009,1,1,1987,0,0,0,0,0,13,29,0,0,18
290010,1,1,1987,0,17,0,0,0,0,16,0,22,0
290011,1,1,1987,0,0,0,0,0,0,0,0,0,7
290011,2,1,1987,0,0,0,0,0,0,0,0,0,0
290012,0,1,1987,12,7,48,38,14,35,30,21,11,18
290012,1,1,1987,0,0,0,0,0,0,0,0,14,0
290013,1,1,1987,0,0,0,0,0,0,0,0,0,0
290013,2,1,1987,0,0,0,0,0,0,0,0,0,0
290014,0,1,1987,0,0,0,0,0,0,0,0,0,0
290014,1,1,1987,0,0,0,0,0,0,0,0,0,0
290015,1,1,1987,0,0,0,0,0,0,0,0,0,0
290015,2,1,1987,0,0,0,0,0,0,0,0,0,0
290016,1,1,1987,0,0,0,0,0,0,0,0,0,0
290017,1,1,1987,0,0,0,0,0,0,0,0,0,0
290017,2,1,1987,0,0,0,0,0,0,0,0,0,0
290018,1,1,1987,0,0,0,0,0,0,0,0,0,0
290019,0,1,1987,0,0,0,0,0,0,0,0,0,0
290019,1,1,1987,0,0,0,0,0,0,0,0,0,0
290020,1,1,1987,0,0,0,0,0,0,0,0,0,0
290021,1,1,1987,19,19,19,19,19,19,19,19,19,19
290022,0,1,1987,0,0,0,0,0,0,0,0,0,0
290022,1,1,1987,29,0,0,0,0,25,8,0,11,0
290023,1,1,1987,0,11,32,0,0,0,18,33,0,0
290024,1,1,1987,0,0,0,0,0,0,0,0,0,0
290024,2,1,1987,0,0,0,0,0,0,0,0,0,0
290025,1,1,1987,16,0,0,0,17,0,0,0,0,0
290025,2,1,1987,0,0,0,0,0,0,0,0,0,0
290026,1,1,1987,0,0,0,0,0,0,0,0,0,0
290026,2,1,1987,0,0,0,0,0,0,0,0,0,0
290027,1,1,1987,0,0,0,0,0,0,0,0,0,8
290028,1,1,1987,0,6,0,0,0,0,0,0,0,0
290028,2,1,1987,0,0,0,0,0,0,0,0,0,0
290029,1,1,1987,19,15,4,17,18,19,0,0,9,20
290029,2,1,1987,0,0,0,12,0,0,0,0,0,0
290030,1,1,1987,13,0,0,0,0,0,22,0,0,0
290031,1,1,1987,12,0,0,0,0,0,0,0,0,0
290032,0,1,1987,10,10,14,22,29,0,17,0,0,0
290032,1,1,1987,0,28,0,0,0,51,13,0,24,3
290033,1,1,1987,0,0,0,13,0,0,0,0,0,0
290033,2,1,1987,0,0,0,0,0,0,0,0,0,0
290034,1,1,1987,0,0,0,0,0,0,0,0,0,0
290034,2,1,1987,0,0,0,0,0,0,0,0,0,0
290035,1,1,1987,10,11,18,10,22,21,10,14,21,22
290035,2,1,1987,0,0,0,0,0,0,0,0,0,0
290036,1,1,1987,31,31,31,31,31,31,31,31,31,31
290036,2,1,1987,0,0,0,0,0,0,0,0,0,0
290037,1,1,1987,0,0,0,0,0,0,0,0,0,0
290037,2,1,1987,23,23,23,23,23,23,23,23,23,23
290038,1,1,1987,38,15,33,13,11,29,16,12,16,12
290038,2,1,1987,6,0,0,14,0,0,18,18,6,0
290039,1,1,1987,15,15,15,15,15,15,15,15,15,15
290039,2,1,1987,0,0,0,0,0,0,0,0,0,0
290040,1,1,1987,0,15,0,13,15,25,13,0,19,0
290040,2,1,1987,0,0,0,0,0,0,0,0,0,0
290041,1,1,1987,30,30,30,30,30,30,30,30,30,30
290041,2,1,1987,0,0,0,0,0,0,0,0,0,0
290042,1,1,1987,0,0,0,0,0,7,0,0,0,0
290042,2,1,1987,0,0,0,0,0,8,0,11,0,0
290043,1,1,1987,0,0,0,0,0,0,0,0,0,0
290043,2,1,1987,0,14,0,0,0,33,0,0,21,0
290044,1,1,1987,10,23,10,0,9,12,8,2,9,9
290044,2,1,1987,0,0,0,0,0,0,0,5,0,0
290045,1,1,1987,0,9,0,0,0,0,0,0,0,0
290045,2,1,1987,0,0,0,0,0,0,0,0,0,0
290046,1,1,1987,0,0,0,15,0,0,0,0,0,0
290047,1,1,1987,0,0,0,0,0,0,0,0,0,0
290047,2,1,1987,0,0,0,0,0,0,0,0,0,0
290048,1,1,1987,0,0,0,0,0,0,0,0,0,0
290048,2,1,1987,24,24,24,24,24,24,24,24,24,24
290049,1,1,1987,0,0,0,18,13,0,0,0,21,0
290049,2,1,1987,0,0,0,0,0,0,0,0,0,0
290049,3,1,1987,0,0,0,0,0,0,0,0,10,0
290050,1,1,1987,29,29,29,29,29,29,29,29,29,29
290050,2,1,1987,0,0,0,0,0,0,0,0,14,0
290051,1,1,1987,28,28,28,28,28,28,28,28,28,28
290051,2,1,1987,0,0,0,0,0,0,0,0,0,0
290052,1,1,1987,24,24,24,24,24,24,24,24,24,24
290053,1,1,1987,9,9,9,9,9,9,9,9,9,9
290054,1,1,1987,0,0,0,0,0,0,0,0,0,0
290055,1,1,1987,0,0,0,0,0,0,0,0,0,0
290056,1,1,1987,21,21,21,21,21,21,21,21,21,21
290056,2,1,1987,0,0,0,0,0,0,0,0,0,0
290057,1,1,1987,16,16,16,16,16,16,16,16,16,16
290058,1,1,1987,26,0,22,24,25,0,29,25,13,18
290059,1,1,1987,0,0,0,0,0,0,0,0,0,0
290060,1,1,1987,0,0,0,0,7,0,0,0,0,0
290060,2,1,1987,0,0,0,0,0,0,0,0,0,0
290061,1,1,1987,0,0,0,0,0,0,0,0,0,0
290061,2,1,1987,0,0,0,0,0,0,0,0,0,0
290062,1,1,1987,0,0,0,0,0,0,0,0,0,0
290062,2,1,1987,0,0,0,0,0,0,0,0,0,0
290063,1,1,1987,0,0,0,0,0,0,0,0,0,0
290063,2,1,1987,35,35,35,35,35,35,35,35,35,35
290064,1,1,1987,7,14,29,17,0,0,22,0,28,19
290064,2,1,1987,0,0,0,0,0,0,0,0,0,0
290065,1,1,1987,0,0,15,0,0,26,10,13,0,28
290066,1,1,1987,22,22,22,22,22,22,22,22,22,22
290066,2,1,1987,20,0,0,0,0,0,0,0,0,0
290066,3,1,1987,0,0,0,0,0,0,0,27,0,0
290066,4,1,1987,13,0,0,0,0,0,0,0,0,0
290066,5,1,1987,0,0,0,0,0,0,0,0,0,0
290067,1,1,1987,0,0,0,0,20,0,14,0,17,0
290067,2,1,1987,10,10,10,10,10,10,10,10,10,10
290068,1,1,1987,0,0,35,0,26,10,35,8,0,0
290068,2,1,1987,0,0,0,0,0,0,0,0,0,0
290069,1,1,1987,0,0,0,0,0,0,0,0,0,0
290069,2,1,1987,0,0,0,0,0,0,0,0,0,0
290070,1,1,1987,26,26,26,26,26,26,26,26,26,26
290070,2,1,1987,0,0,17,0,0,0,0,20,0,0
290071,1,1,1987,0,0,0,0,0,0,0,0,0,0
290072,1,1,1987,17,17,17,17,17,17,17,17,17,17
290073,1,1,1987,14,14,14,14,14,14,14,14,14,14
290074,1,1,1987,13,0,0,0,0,0,0,0,6,0
290074,2,1,1987,0,0,0,0,0,0,0,0,20,0
290075,1,1,1987,0,0,0,0,0,0,0,0,0,0
290075,2,1,1987,0,0,0,0,0,0,0,0,0,0
290076,1,1,1987,29,29,29,29,29,29,29,29,29,29
290076,2,1,1987,0,0,0,0,0,0,0,0,0,0
290077,1,1,1987,0,0,0,0,21,0,0,0,0,0
290077,2,1,1987,0,0,0,0,0,17,0,0,0,0
290078,1,1,1987,24,24,24,24,24,24,24,24,24,24
290078,2,1,1987,0,0,0,0,0,0,0,0,0,0
290079,1,1,1987,0,0,0,0,14,0,7,0,0,0
290079,2,1,1987,0,0,0,0,0,0,0,0,0,0
290080,1,1,1987,21,10,9,0,7,30,13,17,21,6
290080,2,1,1987,20,20,20,20,20,20,20,20,20,20
290081,1,1,1987,0,0,0,0,0,0,22,0,0,0
290081,2,1,1987,0,0,0,0,0,0,0,0,0,0
290082,1,1,1987,7,9,14,14,11,9,0,2,3,39
290082,2,1,1987,0,0,0,0,0,0,0,0,15,0
290083,1,1,1987,23,21,11,14,28,0,7,15,18,21
290083,2,1,1987,4,4,4,4,4,4,4,4,4,4
290083,3,1,1987,0,7,3,0,4,0,8,14,0,15
290083,4,1,1987,0,0,0,0,0,0,0,0,0,0
290083,5,1,1987,0,0,21,0,0,0,0,0,5,0
290084,1,1,1987,0,0,0,0,0,0,0,0,0,0
290084,2,1,1987,0,0,0,0,0,0,0,0,0,0
290085,1,1,1987,0,0,0,0,0,0,0,0,0,0
290086,1,1,1987,0,0,0,0,0,0,0,0,0,0
290086,2,1,1987,9,24,10,15,25,32,11,10,9,8
290087,1,1,1987,0,0,0,0,0,0,0,0,0,0
290087,2,1,1987,0,0,0,0,8,3,0,0,0,0
290088,1,1,1987,7,17,14,26,12,2,7,22,21,24
290089,1,1,1987,14,14,14,14,14,14,14,14,14,14
290090,1,1,1987,0,0,0,0,0,0,0,0,0,0
290091,1,1,1987,0,0,0,0,0,15,0,0,0,0
290091,2,1,1987,0,0,0,0,0,0,0,0,0,0
290091,3,1,1987,0,0,0,0,0,0,0,0,0,0
290092,1,1,1987,13,10,19,0,11,0,15,29,17,16
290093,1,1,1987,0,0,18,0,0,0,0,11,0,0
290094,1,1,1987,16,16,16,16,16,16,16,16,16,16
290095,1,1,1987,0,0,0,0,0,0,0,0,0,0
290096,1,1,1987,17,17,17,17,17,17,17,17,17,17
290096,2,1,1987,0,0,0,0,0,0,0,0,0,0
290097,0,1,1987,0,0,0,0,0,0,0,0,0,0
290097,1,1,1987,0,0,0,0,0,0,0,0,0,0
290098,1,1,1987,0,0,0,0,0,0,0,2,0,0
290098,2,1,1987,10,10,10,10,10,10,10,10,10,10
290099,1,1,1987,5,5,5,5,5,5,5,5,5,5
290099,2,1,1987,25,0,22,0,0,0,0,0,0,0
290100,1,1,1987,15,15,15,15,15,15,15,15,15,15
290100,2,1,1987,0,26,0,0,0,0,0,11,15,0
290101,1,1,1987,15,3,0,6,17,11,20,19,15,9
290101,2,1,1987,0,0,0,0,0,4,13,0,0,8
290102,1,1,1987,0,0,0,0,0,0,0,0,0,0
290102,2,1,1987,23,23,23,23,23,23,23,23,23,23
290103,1,1,1987,22,22,22,22,22,22,22,22,22,22
290103,2,1,1987,0,0,0,0,0,0,0,0,0,0
290104,1,1,1987,0,0,0,0,0,0,0,0,0,0
290105,1,1,1987,0,0,0,0,0,11,0,0,0,0
290106,1,1,1987,0,0,0,0,0,0,0,0,0,0
290107,1,1,1987,36,36,36,36,36,36,36,36,36,36
290108,1,1,1987,0,0,0,0,0,0,0,0,0,0
290108,2,1,1987,0,0,0,23,0,0,25,0,0,0
290109,1,1,1987,0,0,0,0,0,0,0,0,0,0
290109,2,1,1987,0,0,0,0,0,0,0,0,0,0
290110,1,1,1987,0,0,0,0,0,0,0,0,0,0
290110,2,1,1987,0,0,0,0,0,0,0,0,0,0
290111,1,1,1987,48,48,48,48,48,48,48,48,48,48
290111,2,1,1987,0,0,0,0,0,0,0,0,0,0
290112,1,1,1987,0,0,0,0,0,0,0,0,0,0
290113,1,1,1987,0,0,40,0,9,0,0,0,0,31
290114,1,1,1987,0,0,0,0,0,0,0,0,0,0
290114,2,1,1987,0,19,0,0,14,0,13,12,0,0
290115,1,1,1987,7,6,16,11,0,14,12,4,15,11
290115,2,1,1987,9,0,0,0,0,0,0,0,0,0
290116,1,1,1987,0,0,0,0,0,0,0,0,0,0
290116,2,1,1987,0,0,0,0,0,19,0,0,0,0
290117,1,1,1987,0,0,0,0,0,0,0,0,0,0
290117,2,1,1987,0,0,0,0,0,0,0,0,0,0
290118,1,1,1987,0,0,0,0,0,0,0,0,0,0
290118,2,1,1987,0,0,0,0,0,0,0,0,0,0
290119,1,1,1987,0,0,0,0,0,0,0,0,0,0
290119,2,1,1987,0,0,0,0,0,0,0,0,0,0
290120,1,1,1987,7,16,6,15,15,17,0,15,20,11
290120,2,1,1987,0,0,0,0,0,0,0,0,0,0
290121,1,1,1987,0,0,14,0,17,0,22,0,0,0
290122,1,1,1987,29,29,29,29,29,29,29,29,29,29
290123,1,1,1987,0,0,0,0,0,0,13,0,0,0
290123,2,1,1987,0,0,0,0,0,0,0,0,0,0
290124,1,1,1987,13,17,32,17,15,11,14,24,22,0
290125,1,1,1987,0,0,0,0,0,0,0,0,0,0
290125,2,1,1987,0,0,0,0,0,0,0,0,0,0
290126,1,1,1987,0,0,0,0,0,0,0,0,0,0
290126,2,1,1987,0,0,0,0,0,0,0,0,0,0
290127,1,1,1987,23,23,23,23,23,23,23,23,23,23
290128,1,1,1987,19,9,23,6,24,40,23,23,23,11
290129,1,1,1987,0,0,0,0,0,0,0,0,0,0
290130,1,1,1987,0,0,0,0,0,0,0,0,10,4
290131,1,1,1987,0,0,0,0,0,0,0,0,0,0
290131,2,1,1987,0,0,12,0,0,0,0,0,0,0
290132,1,1,1987,0,0,0,0,0,0,0,0,0,0
290132,2,1,1987,0,0,0,22,0,0,0,0,0,0
290133,0,1,1987,0,0,0,0,0,0,0,0,0,0
290133,1,1,1987,0,0,0,0,0,0,0,0,0,0
290134,1,1,1987,0,0,0,22,0,0,0,0,0,0
290135,0,1,1987,0,0,0,0,0,0,0,0,0,0
290135,1,1,1987,0,0,0,0,0,0,0,0,0,0
290136,0,1,1987,0,7,0,0,0,35,8,28,17,16
290136,1,1,1987,0,0,0,14,0,0,0,0,0,0
290136,2,1,1987,0,0,0,0,0,0,0,8,0,17
290136,3,1,1987,0,0,0,0,0,0,0,0,0,0
290137,1,1,1987,0,0,0,0,8,0,0,0,0,0
290137,2,1,1987,0,0,0,0,0,0,0,0,0,0
290138,1,1,1987,0,30,0,0,0,0,0,0,0,0
290139,1,1,1987,21,21,21,21,21,21,21,21,21,21
290139,2,1,1987,0,0,0,0,0,0,0,0,0,0
290140,1,1,1987,0,0,0,0,0,0,0,0,0,25
290141,1,1,1987,0,0,0,0,4,0,0,9,0,0
290141,2,1,1987,1,1,1,1,1,1,1,1,1,1
290142,1,1,1987,18,7,22,26,22,5,15,21,40,0
290143,0,1,1987,0,0,0,0,0,0,0,0,0,0
290143,1,1,1987,0,0,0,0,0,16,0,0,0,12
290144,1,1,1987,20,20,20,20,20,20,20,20,20,20
290145,1,1,1987,0,0,0,21,0,0,0,0,0,0
290145,2,1,1987,0,0,0,0,0,0,0,0,0,0
290146,0,1,1987,21,21,21,21,21,21,21,21,21,21
290146,1,1,1987,0,17,0,6,0,0,0,0,0,0
290147,1,1,1987,24,24,24,24,24,24,24,24,24,24
290148,1,1,1987,22,14,14,41,19,18,19,21,13,0
290149,1,1,1987,0,0,0,0,0,0,0,0,0,0
290149,2,1,1987,0,0,0,0,0,0,0,0,0,0
290150,1,1,1987,2,2,2,2,2,2,2,2,2,2
290150,2,1,1987,0,0,0,0,0,0,0,0,0,0
290151,1,1,1987,0,0,14,0,0,0,0,0,0,0
290152,1,1,1987,25,25,25,25,25,25,25,25,25,25
290152,2,1,1987,0,0,0,0,0,0,0,0,0,0
290153,1,1,1987,0,0,6,6,0,0,0,0,8,0
290153,2,1,1987,0,0,0,0,0,0,0,0,0,0