ST_CASE,VEH_NO,PER_NO,YEAR,P1,P2,P3,P4,P5,P6,P7,P8,P9,P10
290154,1,1,1987,27,27,27,27,27,27,27,27,27,27
290154,2,1,1987,0,0,0,8,13,30,11,38,21,0
290155,0,1,1987,0,0,0,0,0,0,0,0,0,0
290155,1,1,1987,0,0,0,0,0,0,0,0,0,0
290157,1,1,1987,0,0,0,0,0,0,0,0,0,0
290158,1,1,1987,0,0,0,0,0,0,24,15,0,22
290159,1,1,1987,21,21,21,21,21,21,21,21,21,21
290160,1,1,1987,12,14,7,7,16,10,0,17,29,6
290161,1,1,1987,17,17,17,17,17,17,17,17,17,17
290162,1,1,1987,7,7,7,7,7,7,7,7,7,7
290163,1,1,1987,21,21,21,21,21,21,21,21,21,21
290164,1,1,1987,10,10,11,19,14,35,0,25,24,23
290164,2,1,1987,12,11,0,19,0,0,0,21,11,0
290165,1,1,1987,0,0,0,0,0,0,0,0,0,0
290165,2,1,1987,0,0,0,0,0,0,0,0,0,0
290166,1,1,1987,0,0,0,0,0,0,0,0,0,0
290166,2,1,1987,0,0,11,0,0,0,0,0,0,0
290167,1,1,1987,17,17,17,17,17,17,17,17,17,17
290167,2,1,1987,0,0,0,0,0,0,0,0,0,22
290168,1,1,1987,0,0,0,0,0,0,0,0,0,0
290168,2,1,1987,0,0,0,0,0,0,0,0,0,0
290169,0,1,1987,19,28,0,21,7,23,18,0,0,0
290169,2,1,1987,0,0,0,4,0,0,0,0,0,0
290170,1,1,1987,30,30,30,30,30,30,30,30,30,30
290170,2,1,1987,0,0,0,16,0,0,0,0,0,0
290170,3,1,1987,0,0,0,0,0,0,0,0,0,0
290171,1,1,1987,16,0,7,0,0,0,0,0,12,10
290172,1,1,1987,0,0,0,0,0,0,0,0,0,0
290172,2,1,1987,18,22,6,0,41,24,10,8,4,19
290173,1,1,1987,14,14,14,14,14,14,14,14,14,14
290174,0,1,1987,27,27,27,27,27,27,27,27,27,27
290174,1,1,1987,31,39,31,0,0,0,9,0,21,0
290175,1,1,1987,0,0,0,0,0,0,0,0,0,0
290175,2,1,1987,0,0,0,0,0,0,0,0,0,0
290176,1,1,1987,0,0,0,0,0,0,0,0,0,0
290176,2,1,1987,0,0,0,0,0,0,0,0,0,0
290177,1,1,1987,0,6,0,0,0,0,0,20,7,0
290178,1,1,1987,0,0,0,0,0,0,0,0,0,0
290178,2,1,1987,0,0,0,0,0,0,0,0,0,0
290180,1,1,1987,23,23,23,23,23,23,23,23,23,23
290181,1,1,1987,9,9,9,9,9,9,9,9,9,9
290182,1,1,1987,0,0,0,0,0,0,0,0,0,0
290183,1,1,1987,37,0,11,0,11,0,0,16,5,13
290184,1,1,1987,0,18,13,12,26,10,10,27,18,28
290184,2,1,1987,0,0,0,0,0,0,0,0,0,0
290185,0,1,1987,0,0,0,0,0,0,0,0,0,0
290185,1,1,1987,0,0,13,0,0,0,0,0,0,15
290186,1,1,1987,13,0,30,20,0,0,0,5,0,15
290186,2,1,1987,29,29,29,29,29,29,29,29,29,29
290187,1,1,1987,0,0,14,0,0,0,0,0,0,0
290188,1,1,1987,0,0,0,0,0,0,0,0,0,0
290188,2,1,1987,14,14,14,14,14,14,14,14,14,14
290189,0,1,1987,26,26,26,26,26,26,26,26,26,26
290189,1,1,1987,6,16,3,16,19,23,18,20,15,15
290190,1,1,1987,8,3,9,0,16,3,8,9,0,6
290190,2,1,1987,17,11,17,4,18,9,19,14,21,9
290191,1,1,1987,0,0,0,0,0,0,0,0,0,0
290192,1,1,1987,0,0,0,0,0,0,0,0,0,8
290192,2,1,1987,0,0,0,0,0,0,0,0,0,0
290193,1,1,1987,0,0,0,15,0,0,10,0,14,0
290193,2,1,1987,0,0,0,0,0,0,0,0,0,0
290194,1,1,1987,20,33,16,15,32,10,19,14,5,26
290194,2,1,1987,0,0,0,0,0,0,0,11,0,0
290195,1,1,1987,0,0,0,12,0,0,9,0,0,0
290195,2,1,1987,0,0,0,0,0,0,0,0,0,0
290196,1,1,1987,0,0,0,0,0,0,0,0,0,0
290197,1,1,1987,29,10,12,11,2,7,12,10,0,9
290197,2,1,1987,0,0,0,0,0,0,0,0,0,0
290198,1,1,1987,0,0,0,0,0,0,0,0,0,0
290198,2,1,1987,0,6,10,22,5,19,0,7,4,17
290199,1,1,1987,0,0,0,0,0,0,0,0,0,0
290200,1,1,1987,0,0,3,0,0,0,7,0,0,0
290200,2,1,1987,0,0,0,0,0,0,0,0,0,0
290201,1,1,1987,0,0,0,0,0,0,0,0,0,0
290201,2,1,1987,0,0,0,0,0,0,0,0,0,0
290201,3,1,1987,0,0,0,0,0,30,0,0,0,0
290202,1,1,1987,21,24,3,19,24,0,10,6,13,10
290203,1,1,1987,0,0,0,0,0,0,7,0,0,0
290203,2,1,1987,24,24,24,24,24,24,24,24,24,24
290204,1,1,1987,20,20,20,20,20,20,20,20,20,20
290204,2,1,1987,0,0,0,0,0,0,0,0,0,0
290205,1,1,1987,0,0,0,0,0,0,0,0,0,0
290205,2,1,1987,0,0,0,0,0,0,0,0,0,7
290206,1,1,1987,39,20,7,31,19,1,8,10,20,10
290206,2,1,1987,19,16,13,8,19,24,22,23,0,11
290206,3,1,1987,0,0,0,0,0,0,0,0,0,0
290207,1,1,1987,26,26,26,26,26,26,26,26,26,26
290207,2,1,1987,0,0,0,0,0,0,0,0,0,0
290208,1,1,1987,0,0,0,0,0,0,0,0,0,0
290208,2,1,1987,0,0,0,0,0,0,0,0,0,0
290209,1,1,1987,24,24,24,24,24,24,24,24,24,24
290210,1,1,1987,19,16,0,9,15,21,11,17,12,17
290211,1,1,1987,0,0,16,0,12,14,4,0,19,0
290212,1,1,1987,26,0,0,0,6,17,19,28,22,0
290213,1,1,1987,12,12,12,12,12,12,12,12,12,12
290214,1,1,1987,0,0,0,0,0,0,0,0,0,0
290214,2,1,1987,0,0,0,0,0,0,0,0,0,0
290215,1,1,1987,18,18,18,18,18,18,18,18,18,18
290216,0,1,1987,22,22,22,22,22,22,22,22,22,22
290216,1,1,1987,0,2,0,0,0,19,10,0,0,16
290216,2,1,1987,0,0,5,0,0,0,18,0,0,0
290216,3,1,1987,15,0,0,19,0,0,0,12,32,0
290217,1,1,1987,0,0,0,0,0,0,0,11,0,0
290217,2,1,1987,24,0,0,13,0,0,0,0,0,15
290218,1,1,1987,0,0,0,0,0,0,0,0,0,0
290218,2,1,1987,0,0,0,0,0,0,0,0,0,11
290219,1,1,1987,25,24,0,10,18,17,5,23,9,12
290220,1,1,1987,22,22,22,22,22,22,22,22,22,22
290221,1,1,1987,3,3,3,3,3,3,3,3,3,3
290222,1,1,1987,0,0,0,0,0,0,0,0,0,0
290223,1,1,1987,0,0,0,0,0,0,0,0,0,0
290224,1,1,1987,0,13,0,0,0,0,0,0,0,0
290224,2,1,1987,0,0,0,0,0,0,0,0,0,0
290225,1,1,1987,8,0,12,12,8,0,21,0,0,21
290226,0,1,1987,26,11,19,30,0,38,44,0,36,15
290226,1,1,1987,0,0,0,0,0,7,0,0,0,0
290227,1,1,1987,10,10,10,10,10,10,10,10,10,10
290227,2,1,1987,0,0,0,0,0,0,0,0,0,0
290228,1,1,1987,0,0,0,0,0,0,0,0,0,0
290228,2,1,1987,13,13,7,7,5,9,21,6,12,12
290229,1,1,1987,0,0,0,0,0,0,24,0,0,0
290229,2,1,1987,0,0,0,7,0,0,0,0,0,0
290230,1,1,1987,29,13,0,24,20,31,21,32,0,0
290231,1,1,1987,0,0,0,0,0,0,0,0,0,0
290231,2,1,1987,0,0,0,0,0,0,0,0,0,0
290232,1,1,1987,0,12,10,0,0,0,0,24,0,0
290232,2,1,1987,0,0,0,0,0,0,0,0,0,0
290233,1,1,1987,0,0,0,0,0,0,0,0,0,0
290233,2,1,1987,7,0,0,0,0,0,0,0,0,0
290234,1,1,1987,25,34,23,25,20,16,11,0,28,17
290235,1,1,1987,13,13,13,13,13,13,13,13,13,13
290236,1,1,1987,0,0,0,0,0,0,0,0,0,0
290237,1,1,1987,0,0,10,0,0,0,0,0,0,0
290238,1,1,1987,0,0,0,0,0,0,0,0,0,0
290238,2,1,1987,0,0,0,0,0,0,0,0,0,0
290239,1,1,1987,30,30,30,30,30,30,30,30,30,30
290240,1,1,1987,0,0,0,0,0,0,0,0,0,0
290240,2,1,1987,0,0,0,0,0,0,0,0,0,0
290240,3,1,1987,0,0,0,0,0,0,0,0,0,0
290241,1,1,1987,0,0,0,0,0,0,0,0,0,0
290241,2,1,1987,0,0,0,0,0,0,0,0,0,0
290242,0,1,1987,18,18,18,18,18,18,18,18,18,18
290242,1,1,1987,0,0,0,0,0,0,0,0,0,0
290243,1,1,1987,0,0,0,0,6,0,0,0,0,4
290243,2,1,1987,0,0,0,0,0,0,0,0,0,0
290243,3,1,1987,0,0,0,0,0,0,0,0,0,0
290244,1,1,1987,0,0,0,0,0,0,0,0,0,0
290244,2,1,1987,0,0,0,0,0,0,0,0,0,0
290245,0,1,1987,0,0,0,0,0,0,0,0,0,2
290245,2,1,1987,0,0,0,0,0,0,0,0,0,0
290246,1,1,1987,0,0,0,0,0,0,0,0,0,0
290246,2,1,1987,0,0,0,0,0,0,0,0,0,0
290247,1,1,1987,8,8,8,8,8,8,8,8,8,8
290248,1,1,1987,0,0,0,0,0,0,0,0,0,0
290249,1,1,1987,0,0,0,0,0,0,0,0,0,0
290249,2,1,1987,0,0,0,0,0,0,0,0,0,0
290249,3,1,1987,0,0,0,0,0,0,0,0,0,0
290250,1,1,1987,9,9,9,9,9,9,9,9,9,9
290251,1,1,1987,0,0,0,10,0,0,0,0,0,0
290251,2,1,1987,4,13,0,18,0,36,8,0,0,10
290253,1,1,1987,28,28,28,28,28,28,28,28,28,28
290253,2,1,1987,0,0,0,0,0,0,0,0,6,0
290254,1,1,1987,33,33,33,33,33,33,33,33,33,33
290254,2,1,1987,0,0,0,0,0,0,0,0,0,0
290255,0,1,1987,0,0,0,0,28,0,0,0,0,0
290255,1,1,1987,0,0,0,0,0,0,0,0,0,0
290256,0,2,1987,0,11,0,0,8,0,0,0,0,4
290256,0,3,1987,1,1,1,1,1,1,1,1,1,1
290256,1,1,1987,0,0,0,0,0,0,0,0,0,0
290257,1,1,1987,0,0,0,0,0,0,0,0,0,0
290257,2,1,1987,0,0,0,0,0,0,0,0,0,0
290257,3,1,1987,0,0,0,0,0,0,0,0,0,0
290258,1,1,1987,0,0,0,0,0,0,0,0,0,0
290258,2,1,1987,0,0,0,0,0,0,0,0,0,0
290259,1,1,1987,0,0,0,0,0,0,0,0,0,0
290259,2,1,1987,0,0,0,0,0,0,0,17,0,0
290260,1,1,1987,13,13,13,13,13,13,13,13,13,13
290261,1,1,1987,5,0,0,0,0,0,0,0,0,0
290261,2,1,1987,0,0,0,0,0,0,0,0,0,0
290262,1,1,1987,8,0,4,18,12,19,11,12,3,11
290262,2,1,1987,0,0,0,6,0,0,19,0,0,0
290263,1,1,1987,8,12,12,14,19,28,0,14,20,9
290264,1,1,1987,0,28,0,0,0,0,0,0,0,19
290264,2,1,1987,0,0,0,0,0,0,0,0,0,0
290265,0,1,1987,23,23,23,23,23,23,23,23,23,23
290265,1,1,1987,0,0,0,0,0,0,0,0,0,0
290266,1,1,1987,16,16,16,16,16,16,16,16,16,16
290267,1,1,1987,22,22,22,22,22,22,22,22,22,22
290267,2,1,1987,0,12,28,0,14,0,0,0,0,0
290268,0,1,1987,0,0,0,0,0,0,0,0,0,0
290268,1,1,1987,0,0,14,0,4,0,0,0,0,13
290269,1,1,1987,23,0,16,29,26,16,28,0,12,0
290270,1,1,1987,18,18,18,18,18,18,18,18,18,18
290271,1,1,1987,0,0,0,0,0,0,0,9,0,3
290272,1,1,1987,20,0,0,0,0,0,0,0,0,0
290272,2,1,1987,19,0,0,0,0,0,0,0,0,0
290273,1,1,1987,0,0,0,0,0,0,0,0,10,0
290273,2,1,1987,0,0,0,0,0,0,18,0,0,0
290274,1,1,1987,15,0,15,0,0,0,0,0,0,0
290275,1,1,1987,0,0,12,0,0,0,12,0,0,0
290276,1,1,1987,0,0,0,0,0,0,0,0,0,0
290277,1,1,1987,11,11,11,11,11,11,11,11,11,11
290278,1,1,1987,0,0,0,0,0,0,0,0,0,0
290278,2,1,1987,0,0,0,0,0,0,6,4,0,27
290279,1,1,1987,0,0,0,0,0,0,0,0,0,0
290279,2,1,1987,0,17,0,0,0,0,0,0,10,0
290280,1,1,1987,11,11,11,11,11,11,11,11,11,11
290281,1,1,1987,21,21,21,21,21,21,21,21,21,21
290282,1,1,1987,16,0,0,0,0,0,0,0,0,0
290282,2,1,1987,0,0,0,0,0,0,0,0,0,0
290283,1,1,1987,9,9,9,9,9,9,9,9,9,9
290284,1,1,1987,0,0,0,0,0,0,0,0,0,0
290284,2,1,1987,0,0,0,0,0,0,0,0,0,0
290285,1,1,1987,0,0,0,0,0,0,0,0,0,0
290285,2,1,1987,0,0,0,0,0,5,0,0,0,0
290286,1,1,1987,19,26,29,18,14,11,22,18,11,6
290287,1,1,1987,0,0,7,0,5,9,0,11,4,0
290288,1,1,1987,21,21,21,21,21,21,21,21,21,21
290289,1,1,1987,20,20,20,20,20,20,20,20,20,20
290290,1,1,1987,17,0,0,25,0,0,0,32,23,0
290291,1,1,1987,11,0,15,4,12,15,26,0,25,0
290291,2,1,1987,0,0,0,0,0,0,0,0,0,0
290292,1,1,1987,5,10,13,6,3,22,9,14,5,16
290293,0,1,1987,0,0,0,0,0,0,0,0,0,0
290293,1,1,1987,0,0,0,0,0,0,0,0,0,0
290294,1,1,1987,0,0,0,0,0,0,0,0,0,0
290295,0,1,1987,19,19,19,19,19,19,19,19,19,19
290295,1,1,1987,0,7,0,0,0,0,0,0,0,0
290296,1,1,1987,0,0,0,0,0,0,0,0,0,0
290296,2,1,1987,0,0,0,0,0,0,0,0,0,0
290296,3,1,1987,0,0,0,0,0,0,0,0,14,0
290297,1,1,1987,14,14,14,14,14,14,14,14,14,14
290298,1,1,1987,0,0,0,0,0,0,0,0,0,0
290299,1,1,1987,0,0,0,0,0,0,0,0,0,0
290300,1,1,1987,16,16,16,16,16,16,16,16,16,16
290301,1,1,1987,21,21,21,21,21,21,21,21,21,21
290302,1,1,1987,0,0,0,0,0,17,0,0,0,0
290302,2,1,1987,21,21,21,21,21,21,21,21,21,21
290303,1,1,1987,0,0,0,17,0,0,14,0,0,0
290304,1,1,1987,0,0,0,0,0,0,0,0,0,0
290304,2,1,1987,13,0,0,0,0,18,0,0,0,0
290305,1,1,1987,12,0,10,4,0,0,0,0,0,0
290306,1,1,1987,0,0,0,0,0,18,0,0,0,0
290306,2,1,1987,17,0,0,0,3,6,0,0,0,0
290307,0,1,1987,0,0,0,0,0,0,0,0,0,0
290307,1,1,1987,19,0,0,0,0,0,0,0,0,0
290308,1,1,1987,13,15,22,20,8,3,16,14,26,6
290308,2,1,1987,0,0,0,0,0,0,0,0,13,0
290309,1,1,1987,0,0,0,0,0,0,0,0,0,0
290309,2,1,1987,0,0,0,0,9,0,0,0,0,15
290310,1,1,1987,6,6,6,6,6,6,6,6,6,6
290311,0,1,1987,25,25,25,25,25,25,25,25,25,25
290311,1,1,1987,0,0,19,10,0,0,6,24,12,0
290312,1,1,1987,0,0,0,0,0,0,0,0,0,0
290313,1,1,1987,0,26,8,21,20,24,20,17,19,14
290314,1,1,1987,27,27,27,27,27,27,27,27,27,27
290315,1,1,1987,2,0,0,8,11,3,25,0,14,0
290316,1,1,1987,15,0,0,0,0,11,23,23,0,14
290317,1,1,1987,0,0,0,0,0,0,0,0,0,0
290318,1,1,1987,0,0,0,0,0,0,0,0,0,0
290318,2,1,1987,0,0,0,0,0,0,0,0,0,0
290318,3,1,1987,0,0,0,0,0,0,0,0,24,0
290319,1,1,1987,4,4,4,4,4,4,4,4,4,4
290320,1,1,1987,17,17,17,17,17,17,17,17,17,17
290321,1,1,1987,7,0,0,0,9,0,0,0,0,9
290322,1,1,1987,0,0,0,0,0,0,0,0,0,0
290323,1,1,1987,0,0,0,0,0,0,0,16,0,0
290324,1,1,1987,13,2,29,12,24,0,0,0,0,18
290325,1,1,1987,0,0,0,22,0,0,0,0,0,0
290325,2,1,1987,0,0,14,15,8,0,0,0,0,0
290326,0,1,1987,7,0,0,0,0,0,35,14,0,0
290326,1,1,1987,0,0,0,0,0,0,19,0,0,14
290327,0,1,1987,25,0,10,26,15,0,0,0,32,0
290327,0,2,1987,0,12,0,0,12,0,0,0,4,0
290327,0,3,1987,0,13,0,30,0,0,0,0,16,8
290327,1,1,1987,0,0,0,0,0,0,7,0,6,0
290327,2,1,1987,2,2,2,2,2,2,2,2,2,2
290328,1,1,1987,0,0,0,0,0,0,0,0,0,0
290329,1,1,1987,18,18,18,18,18,18,18,18,18,18
290329,2,1,1987,0,0,0,0,0,0,0,0,0,0
290330,1,1,1987,0,0,0,0,0,9,0,0,23,0
290331,1,1,1987,0,0,0,0,24,0,16,0,0,0
290332,1,1,1987,8,0,6,20,22,0,10,3,0,21
290333,1,1,1987,23,23,23,23,23,23,23,23,23,23
290333,2,1,1987,0,16,0,0,20,0,0,0,0,0
290334,1,1,1987,0,0,17,0,0,20,0,0,6,0
290334,2,1,1987,0,23,0,0,11,27,10,0,34,23
290335,1,1,1987,0,0,6,0,0,0,0,0,0,0
290335,2,1,1987,0,41,0,0,0,16,0,0,0,6
290336,1,1,1987,0,0,11,0,0,0,0,0,22,0
290337,1,1,1987,0,0,0,0,0,0,0,0,0,0
290337,2,1,1987,0,0,0,0,0,0,0,0,0,0
290337,3,1,1987,0,0,0,0,0,0,0,0,0,0
290337,4,1,1987,0,0,0,0,0,0,0,0,0,0
290338,1,1,1987,0,0,0,0,0,0,0,0,0,0
290339,0,1,1987,0,0,0,0,0,0,0,0,0,0
290339,1,1,1987,0,0,6,0,0,0,0,0,0,0
290340,1,1,1987,32,14,16,15,19,22,22,0,18,11
290341,1,1,1987,0,0,0,0,0,0,0,0,0,0
290341,2,1,1987,10,8,0,0,17,0,0,0,0,0
290342,1,1,1987,19,19,19,19,19,19,19,19,19,19
290343,1,1,1987,7,7,7,7,7,7,7,7,7,7
290344,1,1,1987,0,0,0,0,0,0,0,0,0,0
290345,1,1,1987,0,35,12,19,0,26,21,0,20,0
290346,1,1,1987,17,0,0,15,0,19,29,0,19,0
290346,2,1,1987,0,0,4,0,0,0,0,0,0,0
290347,0,1,1987,0,0,0,0,0,0,0,0,0,0
290347,0,2,1987,0,0,0,0,0,0,0,0,0,0
290347,1,1,1987,4,4,4,4,4,4,4,4,4,4
290348,1,1,1987,0,0,0,0,0,0,0,0,0,13
290348,2,1,1987,6,0,0,0,0,0,0,0,0,0
290349,1,1,1987,0,0,0,0,0,0,0,0,0,0
290349,2,1,1987,15,12,0,19,0,0,0,31,30,0
290350,1,1,1987,17,17,17,17,17,17,17,17,17,17
290351,1,1,1987,5,5,5,5,5,5,5,5,5,5
290352,1,1,1987,21,21,21,21,21,21,21,21,21,21
290353,1,1,1987,0,0,0,0,0,0,0,0,0,0
290353,2,1,1987,0,0,0,18,0,0,0,0,0,0
290354,1,1,1987,0,37,0,0,0,14,27,0,0,0
290354,2,1,1987,0,0,0,0,0,0,0,0,0,0
290355,0,1,1987,0,31,35,7,25,7,24,16,19,24
290355,1,1,1987,0,0,0,0,0,12,0,0,14,0
290356,1,1,1987,26,26,26,26,26,26,26,26,26,26
290357,1,1,1987,0,0,0,0,0,0,0,0,0,0
290357,2,1,1987,0,0,0,0,0,0,0,0,0,0
290358,1,1,1987,0,0,0,0,0,0,2,0,0,0
290359,1,1,1987,0,13,0,0,0,0,0,26,0,0
290359,2,1,1987,0,0,0,0,0,0,0,0,0,0
290360,1,1,1987,0,0,0,0,0,0,0,0,0,0
290361,0,1,1987,0,0,0,0,0,0,0,0,0,0
290361,1,1,1987,0,0,0,16,28,0,0,0,0,0
290362,0,1,1987,44,44,44,44,44,44,44,44,44,44
290362,1,1,1987,1,1,1,1,1,1,1,1,1,1
290363,1,1,1987,0,0,0,0,0,0,0,0,0,0
290363,2,1,1987,0,0,0,0,0,0,0,0,0,0
290364,1,1,1987,24,33,0,11,34,20,17,28,39,28
290365,1,1,1987,0,0,0,0,0,0,0,0,0,0
290366,1,1,1987,22,0,13,14,0,0,34,17,0,0
290367,1,1,1987,23,23,23,23,23,23,23,23,23,23
290368,1,1,1987,0,0,0,0,0,0,0,0,0,0
290368,2,1,1987,16,6,0,0,17,0,20,13,0,8
290369,1,1,1987,15,0,22,18,13,17,19,41,14,22
290370,1,1,1987,8,13,7,14,18,30,0,0,15,17
290371,1,1,1987,26,19,10,13,21,12,20,12,0,20
290372,1,1,1987,7,20,0,0,0,35,0,25,0,0
290372,2,1,1987,0,0,0,0,0,0,0,0,0,0
290373,1,1,1987,15,18,15,23,0,38,10,8,32,39
290374,1,1,1987,0,0,15,0,0,0,21,0,0,0
290374,2,1,1987,0,0,0,0,0,0,0,0,0,0
290375,1,1,1987,24,24,24,24,24,24,24,24,24,24
290376,1,1,1987,11,8,16,0,0,21,0,11,4,18
290377,1,1,1987,19,19,19,19,19,19,19,19,19,19
290378,1,1,1987,0,0,0,0,0,0,0,0,0,0
290378,2,1,1987,0,0,0,0,0,0,0,0,0,0
290379,1,1,1987,0,0,0,0,0,0,0,19,0,0
290379,2,1,1987,0,0,0,0,0,0,0,0,0,0
290380,1,1,1987,4,4,4,4,4,4,4,4,4,4
290380,2,1,1987,8,5,7,13,3,8,18,5,0,28
290380,3,1,1987,5,0,0,11,12,20,0,0,14,0
290381,1,1,1987,25,25,25,25,25,25,25,25,25,25
290382,1,1,1987,18,18,18,18,18,18,18,18,18,18
290383,1,1,1987,0,0,0,0,0,0,0,0,0,0
290384,0,1,1987,22,22,22,22,22,22,22,22,22,22
290384,1,1,1987,0,0,0,0,0,0,0,0,15,0
290384,2,1,1987,0,0,8,0,20,7,0,0,19,6
290385,1,1,1987,15,15,15,15,15,15,15,15,15,15
290386,1,1,1987,24,24,24,24,24,24,24,24,24,24
290386,2,1,1987,9,9,9,9,9,9,9,9,9,9
290387,1,1,1987,0,0,0,13,0,0,0,0,0,0
290387,2,1,1987,0,0,0,0,0,0,0,0,0,0
290388,0,1,1987,0,0,0,0,0,0,0,0,0,0
290388,1,1,1987,0,0,33,23,0,0,2,9,17,16
290389,1,1,1987,23,23,23,23,23,23,23,23,23,23
290390,1,1,1987,19,19,19,19,19,19,19,19,19,19
290391,1,1,1987,0,0,0,26,0,0,0,0,0,0
290391,2,1,1987,0,0,0,0,0,0,0,9,13,15
290392,1,1,1987,0,0,0,0,0,0,0,0,0,0
290393,0,1,1987,0,0,0,0,0,0,0,0,0,0
290393,1,1,1987,0,0,44,0,0,0,0,0,0,0
290394,0,1,1987,0,0,0,0,0,0,0,0,0,0
290394,1,1,1987,0,0,0,0,0,0,0,0,0,0
290395,1,1,1987,18,30,6,26,21,13,5,12,15,14
290396,1,1,1987,4,0,0,0,10,0,0,0,0,0
290397,1,1,1987,17,17,17,17,17,17,17,17,17,17
290398,1,1,1987,0,0,16,0,0,0,26,0,0,21
290398,2,1,1987,0,0,0,0,0,0,0,0,0,0
290399,1,1,1987,4,11,0,0,30,11,0,11,3,11
290400,1,1,1987,29,29,29,29,29,29,29,29,29,29
290400,2,1,1987,0,0,0,0,0,0,0,0,0,16
290401,1,1,1987,0,0,0,0,0,0,0,0,0,0
290402,1,1,1987,0,0,25,0,0,0,0,19,0,0
290402,2,1,1987,0,0,0,0,0,0,0,0,0,0
290403,0,1,1987,0,0,0,0,0,18,0,0,0,0
290403,1,1,1987,0,0,0,7,12,0,0,11,0,0
290404,1,1,1987,0,0,15,0,27,0,0,17,10,14
290404,2,1,1987,0,0,0,0,0,0,0,0,16,0
290404,3,1,1987,0,0,0,0,0,0,0,0,13,0
290405,1,1,1987,9,9,9,9,9,9,9,9,9,9
290406,1,1,1987,12,12,17,25,12,23,0,12,31,5
290406,2,1,1987,0,0,0,20,0,0,0,0,0,0
290407,1,1,1987,2,15,2,35,8,11,9,8,19,30
290408,1,1,1987,0,0,36,21,0,8,0,29,24,0
290409,1,1,1987,0,0,0,0,0,0,0,0,0,0
290409,2,1,1987,0,0,0,0,0,0,0,0,0,0
290410,1,1,1987,22,29,10,21,16,25,19,16,26,22
290411,1,1,1987,0,3,14,0,0,8,0,21,0,0
290411,2,1,1987,9,34,12,17,23,6,20,21,12,28
290412,1,1,1987,0,0,0,0,0,0,0,0,0,0
290413,1,1,1987,0,0,0,0,0,0,0,0,0,0
290413,2,1,1987,0,0,0,14,0,0,0,0,0,0
290414,1,1,1987,38,18,22,10,0,16,12,13,11,0
290415,1,1,1987,11,6,23,20,0,17,17,14,14,19
290415,2,1,1987,0,0,0,0,0,0,0,0,0,0
290416,1,1,1987,16,0,12,4,13,9,11,7,11,3
290417,1,1,1987,0,0,0,0,0,0,0,0,0,0
290418,1,1,1987,16,16,13,11,13,30,11,17,13,15
290419,0,1,1987,33,33,33,33,33,33,33,33,33,33
290419,1,1,1987,0,15,0,0,0,0,5,13,0,0
290420,1,1,1987,0,0,0,0,0,0,0,0,0,0
290420,2,1,1987,0,0,8,0,0,0,0,0,0,0
290422,1,1,1987,23,0,0,9,0,0,0,28,0,13
290423,1,1,1987,0,0,0,0,0,0,0,0,7,0
290423,2,1,1987,0,0,0,0,0,0,0,0,0,0
290424,1,1,1987,23,23,23,23,23,23,23,23,23,23
290425,1,1,1987,12,15,21,32,35,5,10,6,12,12
290426,1,1,1987,0,0,0,0,0,0,0,0,0,0
290426,2,1,1987,0,0,23,0,0,0,0,0,0,0
290427,1,1,1987,15,15,15,15,15,15,15,15,15,15
290427,2,1,1987,0,5,0,0,0,16,0,0,9,0
290428,1,1,1987,0,0,0,0,0,0,0,0,0,0
290428,2,1,1987,0,0,0,0,0,0,0,0,0,0
290429,0,1,1987,0,0,0,0,0,0,0,0,0,0
290429,1,1,1987,0,0,0,0,0,0,0,0,0,0
290430,1,1,1987,14,9,0,3,3,7,12,8,12,16
290431,1,1,1987,8,8,8,8,8,8,8,8,8,8
290432,1,1,1987,0,0,0,0,0,0,0,0,0,0
290432,2,1,1987,0,0,0,0,0,0,0,0,0,0
290433,1,1,1987,26,26,26,26,26,26,26,26,26,26
290434,1,1,1987,0,0,0,0,0,0,0,0,0,0
290435,1,1,1987,0,0,0,0,0,0,0,0,0,0
290436,1,1,1987,0,0,0,0,0,0,0,0,0,0
290436,2,1,1987,0,0,0,0,7,17,0,0,0,0
290436,3,1,1987,0,0,0,0,0,0,0,0,0,0
290437,1,1,1987,0,0,0,0,0,0,0,0,0,0
290438,1,1,1987,0,0,0,0,0,0,23,6,9,0
290438,2,1,1987,16,16,16,16,16,16,16,16,16,16
290439,1,1,1987,0,0,0,0,0,0,0,0,0,13
290439,2,1,1987,0,0,0,0,0,0,0,0,0,0
290440,0,1,1987,0,0,0,0,0,0,0,0,0,0
290440,1,1,1987,0,0,0,0,14,22,0,0,0,0
290441,1,1,1987,0,0,0,16,11,0,0,0,0,0
290442,1,1,1987,22,22,22,22,22,22,22,22,22,22
290442,2,1,1987,0,0,0,0,0,23,0,0,0,0
290443,1,1,1987,0,0,0,0,0,3,0,11,0,0
290443,2,1,1987,0,0,0,0,0,0,0,0,0,0
290444,1,1,1987,21,21,21,21,21,21,21,21,21,21
290445,1,1,1987,22,0,22,15,17,18,17,20,24,11
290446,0,1,1987,12,38,12,13,12,23,30,25,21,31