ST_CASE,VEH_NO,PER_NO,YEAR,P1,P2,P3,P4,P5,P6,P7,P8,P9,P10
290446,0,2,1987,9,7,22,21,8,26,15,6,0,16
290446,0,3,1987,0,10,24,7,0,6,6,0,31,0
290446,1,1,1987,4,4,4,4,4,4,4,4,4,4
290447,1,1,1987,0,0,20,10,7,0,0,0,0,0
290447,2,1,1987,0,0,0,0,0,0,0,0,0,0
290448,1,1,1987,0,0,0,0,0,0,0,0,0,0
290448,2,1,1987,0,0,0,0,0,0,0,0,0,0
290449,1,1,1987,0,0,0,0,0,0,0,0,0,0
290450,1,1,1987,0,0,0,0,0,0,0,0,0,0
290451,1,1,1987,13,13,13,13,13,13,13,13,13,13
290452,1,1,1987,0,0,0,0,0,7,17,0,0,0
290454,1,1,1987,0,0,0,0,0,0,0,0,0,0
290454,2,1,1987,0,0,0,0,0,0,0,0,0,0
290455,1,1,1987,0,17,15,24,10,18,30,0,0,23
290455,2,1,1987,0,0,0,0,0,0,0,0,0,0
290456,1,1,1987,22,22,22,22,22,22,22,22,22,22
290457,1,1,1987,17,0,13,29,0,12,18,27,0,10
290457,2,1,1987,0,8,0,0,0,0,11,0,0,0
290458,1,1,1987,10,17,17,13,0,18,0,0,0,24
290458,2,1,1987,11,11,11,11,11,11,11,11,11,11
290459,1,1,1987,28,28,28,28,28,28,28,28,28,28
290460,1,1,1987,16,16,16,16,16,16,16,16,16,16
290461,1,1,1987,0,0,0,0,17,6,10,0,11,0
290462,1,1,1987,23,23,23,23,23,23,23,23,23,23
290463,1,1,1987,0,0,0,0,0,0,0,0,0,8
290463,2,1,1987,22,30,24,18,7,11,18,19,17,27
290464,1,1,1987,0,16,13,0,23,0,0,0,17,0
290465,1,1,1987,0,0,0,0,0,0,0,0,0,0
290465,2,1,1987,2,27,0,20,12,0,11,10,9,8
290466,1,1,1987,27,27,27,27,27,27,27,27,27,27
290467,1,1,1987,0,0,0,0,0,0,0,0,0,0
290468,1,1,1987,37,0,15,0,11,11,4,5,24,5
290469,1,1,1987,0,0,0,0,0,0,0,0,0,0
290469,2,1,1987,0,0,0,0,0,0,0,0,0,0
290470,1,1,1987,1,1,1,1,1,1,1,1,1,1
290470,2,1,1987,0,0,0,0,0,0,0,0,0,0
290471,1,1,1987,23,23,23,23,23,23,23,23,23,23
290472,1,1,1987,15,15,15,15,15,15,15,15,15,15
290473,1,1,1987,23,19,0,0,19,16,0,0,5,0
290474,1,1,1987,0,0,0,33,0,0,0,0,0,0
290474,2,1,1987,0,0,0,0,0,8,0,0,0,0
290475,0,1,1987,0,0,0,0,0,0,0,0,0,0
290475,1,1,1987,0,0,0,0,0,0,0,0,0,0
290476,1,1,1987,18,18,18,18,18,18,18,18,18,18
290477,1,1,1987,0,0,0,0,0,0,0,0,0,0
290477,2,1,1987,0,0,0,0,0,0,0,0,0,0
290478,1,1,1987,0,0,0,14,0,0,0,0,0,0
290479,1,1,1987,0,0,0,0,0,0,0,0,0,0
290480,0,1,1987,0,0,0,0,0,0,0,0,0,0
290480,1,1,1987,0,0,0,8,0,0,0,0,0,0
290480,2,1,1987,0,0,0,0,0,0,0,10,0,0
290481,0,1,1987,29,29,29,29,29,29,29,29,29,29
290481,1,1,1987,12,6,9,27,4,12,27,10,29,11
290482,0,1,1987,0,0,0,0,0,0,18,0,0,6
290482,1,1,1987,0,0,8,0,0,0,0,0,0,0
290483,1,1,1987,0,0,0,9,25,0,0,27,0,0
290484,1,1,1987,17,12,16,0,20,10,0,0,5,0
290485,1,1,1987,0,0,0,0,0,0,0,0,0,0
290486,1,1,1987,35,0,12,0,0,23,18,13,36,0
290487,1,1,1987,0,0,21,0,0,0,0,0,17,0
290488,1,1,1987,0,0,0,0,11,0,0,0,0,0
290488,2,1,1987,9,9,9,9,9,9,9,9,9,9
290489,1,1,1987,0,0,0,0,0,0,0,0,0,0
290489,2,1,1987,12,0,0,0,0,0,0,0,0,0
290490,1,1,1987,0,21,0,0,4,20,30,12,0,8
290491,1,1,1987,0,25,0,0,0,24,0,0,0,0
290492,1,1,1987,0,0,0,0,0,0,0,0,0,0
290492,2,1,1987,0,0,0,0,0,0,0,0,0,0
290492,3,1,1987,0,0,0,0,0,0,0,0,0,0
290492,4,1,1987,6,0,0,18,0,0,0,0,0,0
290493,1,1,1987,0,31,0,18,16,0,0,12,8,0
290493,2,1,1987,0,0,0,0,0,0,0,0,0,0
290494,1,1,1987,10,22,34,13,27,12,22,22,40,0
290495,1,1,1987,0,15,0,26,31,0,0,0,0,0
290496,1,1,1987,0,0,0,0,0,0,0,0,0,0
290496,2,1,1987,0,0,0,0,0,0,0,0,0,19
290497,1,1,1987,0,21,22,13,13,18,6,20,17,19
290498,1,1,1987,0,0,0,0,0,0,0,0,0,0
290499,1,1,1987,0,0,17,5,25,0,16,11,11,0
290500,0,1,1987,19,0,0,0,0,20,0,13,34,0
290500,1,1,1987,0,0,22,0,20,0,10,0,19,14
290501,1,1,1987,4,0,0,0,0,3,15,0,0,6
290501,2,1,1987,0,0,0,0,0,0,0,0,0,0
290502,0,1,1987,0,11,0,0,0,0,0,0,0,12
290502,1,1,1987,0,0,0,0,0,0,0,17,0,0
290503,1,1,1987,0,0,0,10,0,0,0,11,0,0
290504,1,1,1987,0,10,18,0,24,0,13,0,26,0
290505,1,1,1987,0,3,0,0,0,0,0,0,0,0
290506,1,1,1987,0,0,0,0,0,0,0,0,0,0
290507,1,1,1987,0,17,0,0,9,0,0,0,0,0
290508,1,1,1987,27,27,27,27,27,27,27,27,27,27
290509,1,1,1987,0,5,0,0,0,13,0,0,0,0
290509,2,1,1987,0,0,0,0,12,0,0,0,0,0
290510,1,1,1987,22,22,22,22,22,22,22,22,22,22
290511,1,1,1987,17,14,12,14,14,16,8,10,11,22
290511,2,1,1987,22,0,0,9,0,5,0,0,0,0
290512,0,1,1987,16,16,16,16,16,16,16,16,16,16
290512,1,1,1987,6,11,0,0,10,0,0,9,0,0
290513,1,1,1987,0,0,0,0,0,0,0,0,0,0
290514,0,1,1987,0,0,0,0,0,0,0,0,0,0
290514,1,1,1987,0,0,0,0,0,0,17,0,0,0
290515,1,1,1987,19,19,19,19,19,19,19,19,19,19
290516,0,1,1987,0,0,0,0,0,0,0,0,0,0
290516,1,1,1987,9,0,0,0,0,21,0,0,0,0
290517,1,1,1987,10,0,0,24,0,0,13,7,15,0
290518,1,1,1987,0,0,0,0,0,0,0,0,0,0
290518,2,1,1987,0,0,0,0,0,0,0,0,0,0
290518,3,1,1987,0,6,25,0,0,0,25,0,0,0
290519,1,1,1987,0,0,0,12,0,0,0,0,0,0
290519,2,1,1987,0,0,0,0,0,0,0,8,0,0
290519,3,1,1987,0,0,0,0,0,0,0,0,0,0
290520,1,1,1987,0,0,0,0,0,0,11,0,0,0
290520,2,1,1987,0,0,0,0,0,0,0,0,0,0
290521,1,1,1987,0,0,0,0,0,0,0,0,0,0
290521,2,1,1987,0,0,0,0,0,0,0,0,0,0
290522,1,1,1987,0,0,0,0,0,0,0,0,0,0
290522,2,1,1987,2,7,0,0,0,9,0,0,0,0
290522,3,1,1987,0,0,0,0,0,0,0,0,0,0
290523,1,1,1987,0,0,0,0,0,0,0,0,0,0
290523,2,1,1987,0,0,0,0,0,0,0,0,0,0
290523,3,1,1987,0,0,0,0,0,0,0,0,0,0
290524,1,1,1987,0,0,0,0,0,5,0,0,0,0
290524,2,1,1987,0,0,0,0,0,0,0,0,0,0
290525,1,1,1987,21,21,21,21,21,21,21,21,21,21
290526,1,1,1987,0,0,0,0,0,0,0,0,0,0
290526,2,1,1987,0,0,0,0,0,0,0,0,0,0
290527,1,1,1987,0,0,0,0,0,0,0,0,0,0
290528,1,1,1987,13,13,13,13,13,13,13,13,13,13
290529,1,1,1987,0,0,0,0,0,0,0,0,0,0
290529,2,1,1987,0,0,0,0,0,0,0,0,0,0
290530,1,1,1987,20,18,0,0,0,8,0,15,9,31
290530,2,1,1987,13,13,13,13,13,13,13,13,13,13
290531,0,1,1987,7,7,7,7,7,7,7,7,7,7
290531,1,1,1987,0,0,0,0,0,0,0,0,0,0
290532,1,1,1987,18,18,18,18,18,18,18,18,18,18
290533,1,1,1987,0,0,0,0,0,0,0,0,0,0
290533,2,1,1987,0,13,0,0,0,0,0,0,0,0
290534,1,1,1987,0,0,0,0,0,0,0,0,0,0
290534,2,1,1987,0,0,0,0,0,0,0,15,0,0
290535,1,1,1987,0,21,4,15,16,0,19,0,9,13
290536,1,1,1987,0,0,0,0,0,0,0,0,0,0
290536,2,1,1987,0,0,0,0,0,0,0,0,0,0
290537,1,1,1987,0,0,12,10,0,0,0,0,0,11
290537,2,1,1987,0,0,0,0,0,0,0,0,0,0
290538,1,1,1987,0,0,0,0,0,0,0,0,0,0
290538,2,1,1987,0,0,0,0,0,0,0,0,0,0
290538,3,1,1987,0,0,0,0,0,0,0,0,0,0
290539,1,1,1987,0,0,16,0,0,0,0,0,10,23
290540,1,1,1987,25,25,25,25,25,25,25,25,25,25
290541,1,1,1987,20,20,20,20,20,20,20,20,20,20
290542,1,1,1987,14,18,14,11,0,0,4,13,4,20
290542,2,1,1987,16,0,0,0,0,0,0,0,0,0
290543,1,1,1987,0,0,0,8,0,0,3,0,0,0
290543,2,1,1987,12,12,12,12,12,12,12,12,12,12
290544,0,1,1987,0,0,0,0,0,0,0,0,0,0
290544,0,2,1987,0,0,0,0,0,0,0,0,0,0
290544,1,1,1987,12,35,18,16,21,8,15,0,9,17
290545,1,1,1987,19,19,19,19,19,19,19,19,19,19
290545,2,1,1987,0,0,15,0,0,0,0,0,0,0
290546,1,1,1987,0,16,11,0,0,4,19,6,40,25
290546,2,1,1987,5,5,5,5,5,5,5,5,5,5
290547,1,1,1987,14,20,0,4,10,5,22,14,6,20
290547,2,1,1987,0,0,0,0,0,0,0,0,0,0
290548,1,1,1987,0,0,0,0,0,0,0,0,0,0
290548,2,1,1987,0,0,22,0,2,0,0,0,0,0
290549,1,1,1987,0,0,0,0,0,0,0,0,0,0
290549,2,1,1987,11,20,24,17,10,22,13,23,26,25
290550,1,1,1987,5,5,5,5,5,5,5,5,5,5
290551,1,1,1987,0,0,0,0,0,0,0,0,0,0
290552,1,1,1987,18,18,18,18,18,18,18,18,18,18
290553,0,1,1987,0,0,0,0,0,0,0,0,0,0
290553,1,1,1987,0,0,0,0,0,0,0,0,0,0
290554,1,1,1987,0,0,0,0,0,0,0,0,0,0
290554,2,1,1987,0,19,0,0,0,0,0,21,0,0
290555,1,1,1987,0,0,0,0,0,0,0,0,0,0
290556,1,1,1987,12,12,12,12,12,12,12,12,12,12
290557,1,1,1987,0,0,0,0,6,0,0,14,16,0
290558,1,1,1987,14,10,24,14,9,18,26,11,23,18
290559,1,1,1987,0,0,0,0,0,0,0,0,0,0
290559,2,1,1987,0,0,0,0,0,0,0,0,0,0
290560,1,1,1987,0,0,0,0,0,0,0,0,0,0
290560,2,1,1987,0,0,0,0,0,0,0,0,0,0
290561,1,1,1987,21,21,21,21,21,21,21,21,21,21
290562,1,1,1987,0,0,0,0,0,0,0,0,0,0
290562,2,1,1987,0,0,0,0,0,0,0,0,0,0
290563,1,1,1987,13,9,10,3,10,16,7,14,22,11
290563,2,1,1987,4,0,0,0,0,0,0,0,11,0
290564,1,1,1987,0,0,0,0,0,0,0,0,0,0
290564,2,1,1987,0,0,0,0,0,0,0,0,0,0
290565,1,1,1987,0,16,0,15,13,13,24,21,17,10
290566,1,1,1987,0,0,0,0,0,0,0,0,0,0
290567,1,1,1987,19,19,19,19,19,19,19,19,19,19
290568,1,1,1987,14,25,15,16,18,17,16,22,18,18
290569,1,1,1987,11,0,0,0,0,0,18,0,0,0
290569,2,1,1987,22,22,22,22,22,22,22,22,22,22
290570,1,1,1987,19,5,0,20,18,15,0,14,0,26
290571,1,1,1987,0,14,0,0,0,0,0,0,0,0
290572,1,1,1987,17,17,17,17,17,17,17,17,17,17
290573,1,1,1987,0,24,16,14,0,23,11,0,0,19
290574,0,1,1987,16,16,16,16,16,16,16,16,16,16
290574,1,1,1987,0,9,0,12,0,5,0,0,17,0
290575,1,1,1987,11,10,15,7,11,11,20,17,11,36
290576,1,1,1987,8,13,15,9,19,7,11,13,4,12
290577,1,1,1987,7,0,0,0,0,0,0,0,0,0
290577,2,1,1987,0,0,0,0,0,0,0,8,0,0
290578,1,1,1987,0,0,0,0,0,0,0,0,0,0
290578,2,1,1987,0,0,0,0,0,0,0,0,0,0
290579,1,1,1987,0,0,12,0,0,4,0,0,0,0
290580,1,1,1987,0,0,0,0,0,0,0,0,0,0
290580,2,1,1987,17,25,19,12,28,5,21,23,23,28
290581,1,1,1987,0,0,0,0,0,0,0,15,0,0
290581,2,1,1987,0,6,0,0,0,0,0,0,0,0
290582,1,1,1987,0,21,12,19,8,5,19,0,24,0
290582,2,1,1987,0,0,0,0,0,0,0,0,0,0
290583,1,1,1987,0,0,0,12,9,0,0,0,0,0
290583,2,1,1987,5,7,14,14,0,0,0,0,0,0
290584,1,1,1987,10,13,5,18,6,26,18,9,32,32
290585,1,1,1987,27,0,2,0,0,0,0,0,18,0
290586,1,1,1987,32,0,0,27,13,0,0,26,0,0
290587,1,1,1987,0,0,20,0,0,15,0,0,0,9
290588,1,1,1987,0,0,0,12,13,0,0,0,0,0
290588,2,1,1987,0,0,0,0,0,0,0,0,0,0
290589,1,1,1987,0,0,0,0,0,0,0,0,0,0
290590,1,1,1987,0,0,0,0,20,0,0,7,0,13
290591,1,1,1987,0,14,0,19,5,4,0,0,0,0
290591,2,1,1987,0,0,0,0,0,0,0,0,3,0
290592,0,1,1987,0,0,0,21,0,0,13,0,11,0
290592,1,1,1987,0,0,0,0,0,9,10,0,0,0
290593,0,1,1987,0,0,0,0,0,0,0,0,0,0
290593,1,1,1987,0,25,15,19,14,20,5,3,13,15
290594,1,1,1987,18,18,18,18,18,18,18,18,18,18
290595,0,1,1987,8,8,8,8,8,8,8,8,8,8
290595,1,1,1987,0,12,0,0,0,0,0,16,0,0
290596,0,1,1987,19,27,29,33,12,17,22,0,21,17
290596,1,1,1987,0,0,0,0,0,0,0,0,0,0
290597,1,1,1987,0,0,0,0,0,0,0,0,0,0
290597,2,1,1987,0,0,0,0,0,0,0,0,0,0
290598,1,1,1987,0,0,0,0,0,0,0,0,0,0
290599,1,1,1987,15,10,12,25,25,5,18,7,8,21
290599,2,1,1987,19,0,0,0,0,0,0,0,0,0
290600,1,1,1987,0,0,0,0,0,0,0,0,0,0
290600,2,1,1987,0,0,0,0,0,0,14,0,0,0
290601,1,1,1987,0,0,0,0,0,0,0,0,0,0
290601,2,1,1987,0,0,0,0,7,12,0,1,0,3
290601,3,1,1987,0,0,0,0,0,0,0,0,0,0
290602,1,1,1987,0,0,0,0,0,0,0,0,0,0
290603,1,1,1987,0,7,0,0,0,0,0,0,27,0
290603,2,1,1987,27,3,12,18,24,26,12,8,11,15
290604,1,1,1987,15,0,0,0,0,0,0,0,0,0
290604,2,1,1987,0,0,0,0,0,0,0,0,0,0
290605,0,1,1987,20,20,20,20,20,20,20,20,20,20
290605,1,1,1987,7,6,0,0,0,18,14,0,15,0
290605,2,1,1987,0,0,7,22,0,0,27,0,0,0
290606,1,1,1987,21,8,7,0,20,13,0,11,21,20
290607,1,1,1987,24,24,24,24,24,24,24,24,24,24
290608,1,1,1987,9,0,14,0,20,0,0,11,0,0
290609,1,1,1987,12,19,5,14,15,14,18,12,15,0
290610,1,1,1987,10,10,10,10,10,10,10,10,10,10
290610,2,1,1987,0,0,0,0,0,0,0,0,0,0
290611,1,1,1987,12,12,12,12,12,12,12,12,12,12
290612,1,1,1987,0,0,0,0,0,0,0,0,0,0
290612,2,1,1987,0,0,0,0,0,0,0,0,0,0
290613,1,1,1987,0,0,0,0,0,0,0,0,0,0
290613,2,1,1987,0,0,0,0,0,0,0,0,0,0
290613,3,1,1987,0,0,0,0,0,0,0,0,0,0
290614,1,1,1987,14,14,14,14,14,14,14,14,14,14
290615,1,1,1987,17,0,0,0,10,0,0,12,21,10
290615,2,1,1987,0,0,0,0,0,0,0,0,0,0
290616,1,1,1987,18,14,16,19,24,16,12,17,34,9
290616,2,1,1987,0,0,0,0,7,0,5,0,0,0
290617,1,1,1987,0,0,25,0,0,0,23,0,5,0
290618,1,1,1987,24,24,24,24,24,24,24,24,24,24
290619,1,1,1987,0,0,0,10,0,0,28,0,0,0
290620,1,1,1987,13,13,13,13,13,13,13,13,13,13
290621,1,1,1987,0,8,0,6,0,8,0,0,0,13
290622,1,1,1987,0,0,0,0,0,0,0,0,0,0
290622,2,1,1987,0,15,12,0,23,11,0,0,0,13
290623,1,1,1987,0,0,0,0,0,0,0,0,0,0
290623,2,1,1987,0,0,0,0,0,0,0,0,0,0
290624,1,1,1987,0,0,0,0,0,0,0,0,0,0
290624,2,1,1987,0,0,0,0,0,0,0,0,0,0
290625,1,1,1987,0,0,0,0,0,0,0,0,0,0
290626,0,1,1987,0,0,0,0,0,0,0,0,0,0
290626,1,1,1987,7,0,0,0,0,0,0,0,0,0
290627,1,1,1987,0,20,10,0,9,0,0,0,0,0
290627,2,1,1987,37,16,0,6,6,18,19,9,14,11
290628,1,1,1987,0,0,0,0,0,0,0,0,0,0
290629,1,1,1987,14,0,22,18,0,0,10,26,0,0
290630,1,1,1987,17,17,17,17,17,17,17,17,17,17
290631,1,1,1987,0,0,0,0,0,0,0,0,0,0
290632,1,1,1987,27,0,13,0,19,30,28,21,27,13
290633,1,1,1987,0,0,0,23,0,0,0,0,0,0
290633,2,1,1987,0,0,0,0,0,0,0,0,0,0
290634,1,1,1987,0,0,0,0,0,0,0,0,0,0
290634,2,1,1987,0,0,0,0,0,0,0,0,0,0
290635,1,1,1987,0,0,0,0,0,0,0,0,0,0
290635,2,1,1987,0,0,0,0,0,0,0,0,0,0
290636,1,1,1987,0,0,0,0,0,0,0,0,0,0
290636,2,1,1987,5,0,0,4,0,0,0,0,0,0
290637,0,1,1987,0,0,0,0,0,0,0,0,0,0
290637,1,1,1987,0,0,0,0,0,0,0,0,0,0
290638,0,1,1987,0,0,0,0,0,0,0,0,0,0
290638,1,1,1987,0,0,0,0,0,0,0,0,0,0
290639,1,1,1987,6,14,25,0,13,27,22,19,15,0
290639,2,1,1987,0,13,7,0,0,0,0,0,0,0
290640,1,1,1987,0,0,0,0,0,0,0,0,0,0
290640,2,1,1987,18,18,18,18,18,18,18,18,18,18
290641,1,1,1987,8,8,8,8,8,8,8,8,8,8
290642,1,1,1987,0,0,0,0,0,0,0,0,0,0
290643,1,1,1987,9,21,10,7,21,4,15,9,18,3
290644,1,1,1987,15,15,15,15,15,15,15,15,15,15
290645,1,1,1987,0,0,0,0,0,0,0,0,0,0
290646,1,1,1987,16,11,0,0,0,0,0,0,0,0
290647,1,1,1987,0,0,0,0,0,0,0,0,0,0
290648,0,1,1987,0,0,0,0,0,0,0,0,0,0
290648,1,1,1987,10,0,0,14,0,0,0,0,0,0
290649,1,1,1987,0,0,0,0,0,0,0,0,0,0
290649,2,1,1987,9,0,0,0,0,0,9,8,10,0
290650,1,1,1987,10,25,8,4,0,15,9,14,0,19
290651,1,1,1987,10,13,11,0,0,16,0,6,4,10
290652,1,1,1987,2,2,2,2,2,2,2,2,2,2
290652,2,1,1987,0,0,0,0,0,0,6,0,0,0
290653,1,1,1987,0,0,0,0,0,0,0,0,0,0
290654,1,1,1987,0,0,0,0,0,0,0,0,0,0
290655,1,1,1987,0,0,0,0,0,0,0,0,0,0
290656,1,1,1987,13,15,17,31,25,21,9,17,13,15
290657,1,1,1987,12,12,12,12,12,12,12,12,12,12
290658,1,1,1987,8,17,15,0,18,20,6,11,8,22
290658,2,1,1987,7,0,0,0,0,0,0,0,5,0
290659,0,1,1987,26,26,26,26,26,26,26,26,26,26
290659,1,1,1987,10,2,27,13,16,9,0,0,0,18
290660,0,1,1987,0,0,0,0,0,0,0,0,0,0
290660,1,1,1987,0,0,3,0,0,0,0,0,0,0
290661,1,1,1987,11,21,0,0,0,0,0,0,40,0
290662,1,1,1987,16,16,16,16,16,16,16,16,16,16
290663,1,1,1987,0,36,0,29,0,0,0,0,0,0
290664,1,1,1987,0,0,0,0,0,0,0,0,0,0
290665,1,1,1987,14,14,14,14,14,14,14,14,14,14
290666,1,1,1987,0,0,0,0,0,0,0,0,0,0
290666,2,1,1987,0,0,0,0,0,0,0,0,0,0
290667,1,1,1987,0,0,0,0,0,0,0,0,0,0
290667,2,1,1987,0,0,0,0,0,10,0,0,0,0
290668,1,1,1987,0,0,0,0,0,0,0,0,0,0
290668,2,1,1987,6,0,0,0,0,0,0,0,0,0
290669,1,1,1987,0,0,0,0,0,0,0,0,0,0
290670,1,1,1987,25,25,25,25,25,25,25,25,25,25
290671,1,1,1987,0,0,0,0,0,0,0,0,0,0
290671,2,1,1987,0,0,0,0,0,16,0,0,0,0
290672,1,1,1987,0,19,0,0,0,0,0,10,15,0
290672,2,1,1987,0,0,0,0,0,0,0,0,0,0
290673,1,1,1987,0,0,0,0,0,0,0,0,0,0
290674,1,1,1987,17,17,14,11,20,25,18,11,9,20
290674,2,1,1987,0,0,0,0,0,0,0,0,0,0
290674,3,1,1987,0,0,0,0,0,36,0,0,0,0
290675,1,1,1987,0,0,0,0,0,0,0,0,0,0
290675,2,1,1987,0,0,0,0,0,0,0,0,0,0
290676,1,1,1987,0,0,0,0,0,0,0,0,0,0
290677,1,1,1987,14,14,14,14,14,14,14,14,14,14
290677,2,1,1987,0,0,0,0,0,0,0,0,0,0
290678,1,1,1987,24,21,5,14,30,20,43,9,12,22
290679,1,1,1987,9,0,12,27,17,5,20,37,26,0
290680,1,1,1987,0,0,35,0,26,4,39,15,0,0
290680,2,1,1987,13,0,0,0,0,0,0,16,0,0
290680,3,1,1987,0,0,0,0,0,0,0,0,0,0
290681,0,1,1987,0,0,0,0,0,0,0,0,0,0
290681,1,1,1987,22,22,22,22,22,22,22,22,22,22
290681,2,1,1987,0,0,0,0,0,0,0,0,0,0
290681,3,1,1987,1,1,1,1,1,1,1,1,1,1
290682,1,1,1987,0,0,0,0,0,0,0,0,0,0
290683,1,1,1987,17,17,17,17,17,17,17,17,17,17
290684,1,1,1987,11,26,0,6,4,14,15,15,16,10
290685,1,1,1987,15,15,0,28,13,0,30,19,0,9
290686,1,1,1987,9,9,9,9,9,9,9,9,9,9
290686,2,1,1987,0,7,17,8,8,25,13,24,16,11
290687,0,1,1987,23,23,23,23,23,23,23,23,23,23
290687,1,1,1987,12,15,9,14,0,0,0,9,26,0
290688,1,1,1987,6,18,2,8,0,4,3,0,5,12
290689,1,1,1987,8,14,15,3,8,11,16,18,17,16
290690,1,1,1987,19,32,0,0,0,0,0,21,0,0
290691,1,1,1987,20,20,20,20,20,20,20,20,20,20
290692,1,1,1987,0,0,0,0,0,0,0,0,0,0
290693,1,1,1987,0,0,8,0,0,0,0,0,0,0
290694,0,1,1987,30,30,30,30,30,30,30,30,30,30
290694,1,1,1987,0,0,0,0,0,0,9,0,0,0
290695,1,1,1987,18,19,18,6,12,31,11,34,14,15
290696,1,1,1987,0,0,0,0,0,0,0,0,7,0
290696,2,1,1987,10,10,10,10,10,10,10,10,10,10
290697,1,1,1987,6,6,6,6,6,6,6,6,6,6
290697,2,1,1987,11,21,15,18,14,5,14,4,11,19
290698,1,1,1987,0,15,22,0,23,12,11,0,14,0
290698,2,1,1987,34,0,0,19,0,27,13,11,0,0
290699,1,1,1987,0,0,0,0,0,0,0,0,0,0
290699,2,1,1987,0,0,0,0,0,0,0,0,0,0
290700,1,1,1987,0,0,0,0,0,0,0,0,0,0
290700,2,1,1987,0,3,0,0,0,0,0,0,0,0
290701,1,1,1987,16,22,19,10,14,32,33,23,15,14
290702,1,1,1987,16,16,16,16,16,16,16,16,16,16
290703,1,1,1987,0,0,0,0,0,0,0,0,0,0
290703,2,1,1987,0,0,0,0,0,0,0,0,0,0
290704,1,1,1987,0,0,0,0,0,0,0,0,0,0
290704,2,1,1987,0,15,0,0,0,0,0,0,0,0
290705,1,1,1987,15,0,26,0,0,0,0,0,0,0
290705,2,1,1987,0,2,0,0,0,0,0,0,0,0
290706,1,1,1987,0,0,0,0,0,0,0,0,0,0
290707,1,1,1987,0,0,0,0,0,0,0,0,0,0
290707,2,1,1987,0,0,0,0,0,0,0,0,0,0
290707,3,1,1987,0,0,0,0,0,0,0,0,0,0
290707,4,1,1987,0,0,0,0,0,0,0,0,0,0
290708,1,1,1987,13,13,13,13,13,13,13,13,13,13
290709,0,1,1987,16,14,28,22,0,23,14,47,29,13
290709,1,1,1987,0,0,0,0,0,0,0,0,0,0
290710,1,1,1987,26,26,26,26,26,26,26,26,26,26
290711,1,1,1987,0,0,0,0,0,0,0,0,0,0
290711,2,1,1987,0,0,0,0,0,0,0,0,0,0
290712,0,1,1987,0,0,0,0,0,0,0,0,0,0
290712,1,1,1987,7,7,7,7,7,7,7,7,7,7
290713,0,1,1987,0,38,0,7,0,16,0,0,0,0
290713,0,2,1987,8,0,4,0,0,0,0,0,0,0
290713,1,1,1987,16,8,0,0,0,0,0,0,0,0
290714,1,1,1987,0,0,0,0,0,0,0,0,0,0
290715,1,1,1987,0,0,0,0,0,0,0,0,0,0
290715,2,1,1987,0,0,0,0,0,0,0,0,0,0
290715,3,1,1987,0,0,0,0,0,0,0,0,0,0
290716,1,1,1987,19,0,0,9,0,14,0,15,12,0
290717,1,1,1987,0,0,0,5,0,0,0,0,0,17
290717,2,1,1987,0,0,0,0,30,0,0,0,12,0
290718,1,1,1987,29,0,0,0,0,0,0,0,0,0
290719,1,1,1987,0,0,0,0,0,0,0,0,0,0
290719,2,1,1987,0,0,0,0,0,0,0,0,0,0
290720,1,1,1987,0,20,0,0,0,0,0,0,0,0
290720,2,1,1987,0,0,0,0,0,0,0,0,0,4
290721,1,1,1987,18,16,4,6,19,24,33,21,20,12
290721,2,1,1987,0,0,0,0,0,0,0,0,0,0
290721,3,1,1987,0,0,13,12,6,0,0,0,0,0
290721,4,1,1987,15,0,13,0,0,0,0,0,3,0
290722,1,1,1987,20,20,20,20,20,20,20,20,20,20
290722,2,1,1987,2,0,0,0,0,0,0,7,13,0
290723,1,1,1987,0,0,0,0,0,0,0,0,0,0
290723,2,1,1987,0,0,0,0,0,0,0,0,0,0
290724,1,1,1987,9,46,19,0,15,13,0,0,19,0
290724,2,1,1987,0,0,0,0,0,0,0,0,0,0
290725,1,1,1987,0,0,0,3,0,0,0,19,0,0
290725,2,1,1987,0,0,0,0,0,0,27,0,0,0
290726,1,1,1987,0,14,0,0,0,0,0,0,4,0
290726,2,1,1987,0,11,0,0,0,11,0,0,0,0
290727,1,1,1987,0,12,16,0,28,3,15,0,12,0
290727,2,1,1987,0,0,0,15,0,0,0,0,0,0
290727,3,1,1987,0,0,0,0,0,17,0,0,0,0
290728,1,1,1987,0,11,0,0,0,0,0,0,0,0
290728,2,1,1987,0,0,0,0,0,0,0,0,0,0
290728,3,1,1987,0,0,0,0,0,0,0,0,0,0
290728,4,1,1987,0,0,8,0,0,0,0,0,0,0
290728,5,1,1987,0,0,0,0,0,0,0,0,0,0
290729,1,1,1987,20,20,20,20,20,20,20,20,20,20
290730,1,1,1987,27,18,37,10,16,0,12,21,6,24
290730,2,1,1987,0,12,0,0,0,0,14,0,0,0
290731,1,1,1987,0,0,0,0,0,0,0,0,0,0
290732,1,1,1987,0,0,0,0,0,0,0,23,0,0
290733,1,1,1987,0,11,0,0,0,0,14,0,0,0