ST_CASE,VEH_NO,PER_NO,YEAR,P1,P2,P3,P4,P5,P6,P7,P8,P9,P10
290733,2,1,1987,0,0,0,0,0,5,0,0,0,0
290733,3,1,1987,0,0,0,0,0,0,0,0,0,12
290734,1,1,1987,0,0,0,0,0,0,0,0,12,0
290734,2,1,1987,0,0,0,0,0,0,0,0,0,0
290734,3,1,1987,0,0,0,0,10,0,0,0,0,0
290734,4,1,1987,0,0,0,0,0,0,0,0,0,0
290734,5,1,1987,0,0,0,0,0,0,0,0,0,0
290734,6,1,1987,0,0,0,0,0,0,0,0,0,0
290734,7,1,1987,13,12,0,0,14,11,27,0,7,0
290735,1,1,1987,17,17,17,17,17,17,17,17,17,17
290736,1,1,1987,0,0,0,0,0,0,0,0,0,0
290737,0,1,1987,0,0,0,0,0,0,0,0,0,0
290737,1,1,1987,0,0,0,0,0,0,0,0,0,0
290738,1,1,1987,0,0,0,0,0,0,0,0,0,0
290738,2,1,1987,0,0,0,0,0,46,0,0,0,0
290739,1,1,1987,21,21,21,21,21,21,21,21,21,21
290740,1,1,1987,0,0,0,0,0,0,0,0,0,0
290740,2,1,1987,0,0,0,0,19,0,0,11,7,0
290741,1,1,1987,4,16,0,34,0,9,17,0,0,5
290741,2,1,1987,0,0,0,0,0,0,0,0,0,0
290742,1,1,1987,23,23,23,23,23,23,23,23,23,23
290743,1,1,1987,2,2,2,2,2,2,2,2,2,2
290743,2,1,1987,0,0,3,19,0,0,0,0,0,0
290744,1,1,1987,0,0,0,0,0,0,0,0,0,0
290745,1,1,1987,0,0,0,0,0,6,0,5,0,22
290745,2,1,1987,0,0,0,0,0,0,0,0,0,0
290746,1,1,1987,6,6,6,6,6,6,6,6,6,6
290747,1,1,1987,0,0,14,5,0,0,0,0,0,0
290747,2,1,1987,0,0,0,0,0,0,29,0,0,0
290748,1,1,1987,0,0,0,0,0,0,0,20,17,0
290749,1,1,1987,14,23,17,15,18,26,2,34,12,15
290750,1,1,1987,0,0,0,0,0,0,0,0,0,0
290750,2,1,1987,13,0,0,0,0,7,14,18,0,0
290751,1,1,1987,0,0,0,0,0,0,0,0,0,0
290752,1,1,1987,0,0,0,0,0,0,13,0,0,0
290752,2,1,1987,0,0,0,0,0,0,0,0,0,0
290753,1,1,1987,21,21,21,21,21,21,21,21,21,21
290754,0,1,1987,0,0,0,0,0,0,0,0,0,0
290754,0,2,1987,8,0,12,10,0,0,10,14,0,0
290754,0,3,1987,0,4,10,26,0,0,12,0,0,0
290754,0,4,1987,0,11,0,0,15,0,0,24,0,0
290754,0,5,1987,0,0,15,0,0,11,0,7,0,0
290754,1,1,1987,0,0,0,0,0,0,0,0,0,0
290755,1,1,1987,0,0,0,0,0,0,0,0,0,0
290755,2,1,1987,0,0,0,0,0,0,0,0,0,0
290755,3,1,1987,0,0,0,0,0,0,0,0,0,0
290755,4,1,1987,0,0,0,0,0,0,0,0,0,0
290756,1,1,1987,0,0,0,0,0,0,0,0,0,0
290757,1,1,1987,26,26,26,26,26,26,26,26,26,26
290758,1,2,1987,0,0,0,18,0,0,0,0,0,11
290759,1,1,1987,15,15,15,15,15,15,15,15,15,15
290760,1,1,1987,10,0,0,0,0,0,0,0,0,0
290760,2,1,1987,0,0,0,0,0,0,0,0,0,0
290761,1,1,1987,0,0,0,0,0,0,0,0,0,0
290762,1,1,1987,16,16,16,16,16,16,16,16,16,16
290762,2,1,1987,0,0,16,0,0,0,0,0,0,0
290763,1,1,1987,18,18,18,18,18,18,18,18,18,18
290764,1,1,1987,14,9,15,8,16,13,22,4,5,10
290765,1,1,1987,0,0,0,0,0,0,0,0,0,0
290765,2,1,1987,0,0,0,0,0,0,0,0,0,0
290766,1,1,1987,0,0,0,0,0,0,0,0,18,0
290767,0,1,1987,0,0,0,0,0,0,0,0,0,0
290767,1,1,1987,0,0,0,0,0,0,0,0,0,0
290768,1,1,1987,33,33,33,33,33,33,33,33,33,33
290768,2,1,1987,0,0,0,0,0,0,0,0,0,0
290769,1,1,1987,13,13,13,13,13,13,13,13,13,13
290770,1,1,1987,31,31,31,31,31,31,31,31,31,31
290771,1,1,1987,26,26,26,26,26,26,26,26,26,26
290772,1,1,1987,18,18,3,0,13,13,0,20,0,9
290773,1,1,1987,0,0,0,0,0,0,0,0,0,0
290773,2,1,1987,0,0,0,0,20,0,11,0,0,0
290774,1,1,1987,9,9,9,9,9,9,9,9,9,9
290774,2,1,1987,0,24,0,0,0,0,0,0,0,0
290775,1,1,1987,30,30,30,30,30,30,30,30,30,30
290776,1,1,1987,25,25,25,25,25,25,25,25,25,25
290777,1,1,1987,11,11,11,11,11,11,11,11,11,11
290778,1,1,1987,0,7,0,14,5,24,0,3,6,10
290779,1,1,1987,26,26,26,26,26,26,26,26,26,26
290779,2,1,1987,0,0,0,0,0,0,0,0,0,0
290780,1,1,1987,0,0,0,0,0,0,0,0,11,0
290781,0,1,1987,21,23,6,6,32,25,0,24,11,15
290781,1,1,1987,0,22,0,5,0,0,0,14,0,0
290782,1,1,1987,0,0,0,0,0,0,0,0,0,0
290783,1,1,1987,0,16,16,15,18,12,7,24,5,24
290783,2,1,1987,0,0,0,6,0,0,0,11,0,5
290784,1,1,1987,0,0,0,0,0,0,0,0,0,0
290784,2,1,1987,0,0,0,0,0,0,0,0,0,0
290785,1,1,1987,12,13,12,13,11,5,23,22,9,15
290785,2,1,1987,20,0,0,13,39,0,8,0,0,0
290786,0,1,1987,0,0,0,0,0,0,0,0,0,0
290786,1,1,1987,0,0,0,0,0,0,0,0,0,0
290787,1,1,1987,17,17,17,17,17,17,17,17,17,17
290787,2,1,1987,0,0,0,0,0,0,0,0,0,0
290788,1,1,1987,0,0,0,0,0,0,0,0,0,0
290788,2,1,1987,0,0,0,0,0,0,0,0,0,0
290788,3,1,1987,0,0,0,4,0,0,0,0,0,0
290789,1,1,1987,0,0,0,0,0,0,0,0,0,0
290789,2,1,1987,0,0,0,0,0,0,0,0,0,0
290790,1,1,1987,30,30,30,30,30,30,30,30,30,30
290791,0,1,1987,2,2,2,2,2,2,2,2,2,2
290791,1,1,1987,0,0,0,0,0,0,0,0,0,0
290792,1,1,1987,21,16,14,9,12,0,10,14,15,0
290792,2,1,1987,0,12,0,0,0,5,0,0,0,0
290793,1,1,1987,0,0,0,0,0,0,0,0,0,0
290793,2,1,1987,0,0,0,0,5,0,0,0,0,0
290793,3,1,1987,0,0,0,26,0,0,0,0,3,0
290793,4,1,1987,0,0,0,0,0,0,0,0,0,0
290794,0,1,1987,0,0,0,0,0,0,0,0,0,0
290794,1,1,1987,0,0,0,0,0,0,0,0,0,0
290795,0,1,1987,0,0,0,15,14,29,19,0,21,0
290795,1,1,1987,0,0,0,0,0,0,0,0,0,0
290795,2,1,1987,24,0,0,0,0,0,0,0,0,0
290796,1,1,1987,0,0,0,0,0,0,0,0,0,0
290796,2,1,1987,0,0,0,0,0,0,0,0,0,0
290797,1,1,1987,9,11,0,0,0,0,0,0,0,0
290797,2,1,1987,0,0,0,0,0,0,0,0,0,0
290798,0,1,1987,3,3,3,3,3,3,3,3,3,3
290798,1,1,1987,16,16,16,16,16,16,16,16,16,16
290799,1,1,1987,0,0,0,0,0,0,0,0,0,0
290800,1,1,1987,10,0,0,0,0,0,0,0,0,0
290800,2,1,1987,0,12,19,5,0,0,0,0,8,0
290801,1,1,1987,16,13,9,3,19,16,1,25,21,29
290802,1,1,1987,19,2,16,15,14,12,12,14,31,9
290803,1,1,1987,0,0,0,0,0,0,0,0,0,0
290803,2,1,1987,0,0,0,0,0,0,0,0,0,0
290804,1,1,1987,22,22,22,22,22,22,22,22,22,22
290805,1,1,1987,0,0,0,0,0,18,0,24,0,0
290805,2,1,1987,31,18,5,20,17,23,21,25,14,25
290805,3,1,1987,0,0,0,0,0,0,0,0,0,0
290806,1,1,1987,0,0,0,0,0,0,0,0,0,0
290807,0,1,1987,9,0,17,0,0,0,0,34,9,0
290807,1,1,1987,12,0,0,0,0,6,0,7,20,24
290808,1,1,1987,0,0,0,14,0,12,27,28,19,0
290809,1,1,1987,0,0,0,9,0,0,0,0,0,0
290809,2,1,1987,0,0,0,0,0,0,0,0,0,0
290810,1,1,1987,0,0,0,0,0,0,0,0,0,0
290810,2,1,1987,6,0,0,0,0,0,0,0,0,0
290811,1,1,1987,0,0,0,0,0,16,0,0,0,0
290812,1,1,1987,20,9,9,0,0,0,6,34,0,0
290813,1,1,1987,22,25,6,8,20,30,21,7,12,19
290814,1,1,1987,0,0,0,0,0,0,0,0,0,0
290814,2,1,1987,0,0,0,0,0,0,0,0,0,0
290815,1,1,1987,0,0,0,0,0,5,0,0,0,0
290815,2,1,1987,0,0,0,0,0,0,0,0,0,0
290816,1,1,1987,21,14,16,26,16,26,8,36,28,0
290817,0,1,1987,25,25,22,11,0,26,0,0,39,22
290817,1,1,1987,0,0,0,0,0,0,0,0,0,0
290818,0,1,1987,9,18,13,27,19,0,0,0,0,28
290818,0,2,1987,22,48,4,0,0,12,15,8,24,18
290818,1,1,1987,12,0,7,3,12,9,13,0,8,8
290819,1,1,1987,26,26,26,26,26,26,26,26,26,26
290820,1,1,1987,10,10,10,10,10,10,10,10,10,10
290820,2,1,1987,0,0,0,0,23,0,0,0,0,0
290821,1,1,1987,19,19,19,19,19,19,19,19,19,19
290822,1,1,1987,21,17,28,8,16,15,14,19,31,24
290823,1,1,1987,0,0,0,10,0,0,0,0,0,0
290824,1,1,1987,0,0,0,0,0,0,0,0,0,0
290824,2,1,1987,15,0,0,0,0,0,0,0,0,0
290824,3,1,1987,0,0,0,0,17,0,0,0,0,0
290825,1,1,1987,0,0,0,0,0,0,0,0,0,0
290825,2,1,1987,0,0,0,0,0,0,14,0,0,0
290825,3,1,1987,0,0,0,20,0,0,15,29,0,0
290825,4,1,1987,0,0,0,0,0,0,0,0,19,0
290826,0,1,1987,27,27,27,27,27,27,27,27,27,27
290826,1,1,1987,0,0,0,54,0,0,0,3,0,0
290827,1,1,1987,0,0,0,0,0,0,0,0,0,0
290827,2,1,1987,10,10,10,10,10,10,10,10,10,10
290828,0,1,1987,0,0,0,0,0,0,0,21,0,19
290828,1,1,1987,8,10,0,0,0,3,0,0,0,0
290829,1,1,1987,23,23,23,23,23,23,23,23,23,23
290830,1,1,1987,0,0,0,0,0,0,0,0,0,0
290830,2,1,1987,0,0,0,0,8,0,0,37,18,0
290831,1,1,1987,18,18,18,18,18,18,18,18,18,18
290832,0,1,1987,14,14,14,14,14,14,14,14,14,14
290832,1,1,1987,0,0,0,0,0,18,0,8,0,0
290833,1,1,1987,14,18,0,13,0,26,3,7,0,15
290833,2,1,1987,0,0,0,0,0,0,0,19,0,29
290834,1,1,1987,18,18,18,18,18,18,18,18,18,18
290835,1,1,1987,8,0,0,0,16,0,0,0,0,14
290835,2,1,1987,11,11,11,11,11,11,11,11,11,11
290836,1,1,1987,32,32,32,32,32,32,32,32,32,32
290837,1,1,1987,23,23,23,23,23,23,23,23,23,23
290838,1,1,1987,0,0,0,0,0,0,0,0,0,0
290839,0,1,1987,0,0,0,0,0,0,0,0,0,0
290839,1,1,1987,0,0,0,0,0,0,0,0,0,0
290840,1,1,1987,0,0,0,0,0,0,0,0,0,0
290840,2,1,1987,0,0,0,0,0,0,0,0,0,0
290841,1,1,1987,0,0,0,0,0,0,0,0,0,0
290841,2,1,1987,0,0,0,0,0,0,0,0,0,0
290842,1,1,1987,32,32,32,32,32,32,32,32,32,32
290842,2,1,1987,0,0,0,0,0,0,0,0,0,0
290842,3,1,1987,0,0,0,0,0,0,0,0,0,0
290843,1,1,1987,16,0,24,0,0,19,21,0,0,0
290844,1,1,1987,0,0,0,0,0,0,0,0,0,14
290845,1,1,1987,15,19,17,17,8,31,22,10,23,6
290846,1,1,1987,0,0,0,0,0,0,0,0,0,0
290847,1,1,1987,28,28,28,28,28,28,28,28,28,28
290847,2,1,1987,0,0,0,0,0,0,0,0,0,0
290848,1,1,1987,22,22,22,22,22,22,22,22,22,22
290848,2,1,1987,0,0,0,0,0,0,0,0,0,0
290849,1,1,1987,0,0,0,0,0,0,0,17,0,0
290849,2,1,1987,28,0,0,0,10,0,0,0,0,0
290850,1,1,1987,0,0,0,0,0,0,0,0,0,0
290850,2,1,1987,0,0,0,0,0,0,0,0,0,0
290851,0,1,1987,0,0,0,0,0,0,0,0,0,0
290851,1,1,1987,0,0,0,0,0,16,0,10,13,0
290851,2,1,1987,0,0,0,0,0,0,0,0,0,0
290852,0,1,1987,14,14,14,14,14,14,14,14,14,14
290852,1,1,1987,0,0,0,0,0,2,0,0,0,0
290853,1,1,1987,0,0,0,0,0,0,0,0,0,0
290853,2,1,1987,0,0,0,0,0,0,0,0,0,0
290853,3,1,1987,0,0,0,0,0,0,0,0,0,0
290854,1,1,1987,0,0,11,0,0,0,0,0,0,0
290855,1,1,1987,0,0,0,0,0,0,0,0,0,0
290856,1,1,1987,0,0,0,15,20,0,0,0,0,0
290856,2,1,1987,0,0,0,0,0,15,0,0,0,0
290857,1,1,1987,2,13,6,12,9,14,20,17,16,4
290857,2,1,1987,12,16,14,25,14,14,10,15,19,18
290858,1,1,1987,0,0,0,0,0,0,0,0,0,0
290859,1,1,1987,0,0,0,0,0,0,0,0,0,0
290859,2,1,1987,0,0,8,0,12,0,0,0,16,0
290860,1,1,1987,0,0,0,0,0,0,0,0,0,14
290860,2,1,1987,0,0,20,0,0,29,0,17,15,12
290861,1,1,1987,0,16,0,0,15,0,44,0,0,0
290861,2,1,1987,0,7,0,0,0,0,0,0,0,0
290862,1,1,1987,32,32,32,32,32,32,32,32,32,32
290862,2,1,1987,0,0,0,0,0,0,0,0,0,15
290863,1,1,1987,0,0,0,0,0,0,0,0,0,0
290864,1,1,1987,0,0,28,0,0,0,0,0,0,0
290864,2,1,1987,0,7,27,0,8,0,0,0,0,6
290865,1,1,1987,0,0,0,0,0,0,0,0,0,0
290866,0,1,1987,5,0,0,0,0,0,0,0,0,0
290866,1,1,1987,0,0,0,0,0,0,0,0,0,0
290867,1,1,1987,0,0,0,0,0,0,0,0,0,0
290867,2,1,1987,0,8,0,0,0,0,0,0,0,0
290868,1,1,1987,8,18,7,23,19,7,16,20,13,14
290869,1,1,1987,0,0,0,0,0,0,0,0,0,0
290869,2,1,1987,0,0,0,0,0,0,0,0,0,0
290870,1,1,1987,0,0,0,0,0,0,0,0,0,0
290870,2,1,1987,0,0,0,0,0,0,0,0,0,7
290870,3,1,1987,0,25,6,0,24,5,11,20,3,0
290870,4,1,1987,0,0,0,0,0,0,0,0,0,9
290871,0,1,1987,0,0,0,0,0,0,0,0,0,0
290871,1,1,1987,0,8,0,0,0,0,0,0,0,0
290872,1,1,1987,0,0,0,0,0,0,0,6,0,0
290872,2,1,1987,17,0,0,0,11,9,0,0,0,21
290873,1,1,1987,33,33,33,33,33,33,33,33,33,33
290873,2,1,1987,0,0,0,0,0,0,0,3,0,0
290874,1,1,1987,21,15,13,18,23,34,14,21,33,25
290875,1,1,1987,11,11,11,11,11,11,11,11,11,11
290876,0,1,1987,29,29,29,29,29,29,29,29,29,29
290876,1,1,1987,0,0,0,0,0,0,0,9,0,0
290877,1,1,1987,26,26,26,26,26,26,26,26,26,26
290878,1,1,1987,0,0,0,0,0,0,0,0,0,0
290878,2,1,1987,0,0,0,0,0,0,0,0,0,0
290879,1,1,1987,0,0,0,0,0,0,0,0,0,0
290880,0,1,1987,0,0,0,0,0,0,0,0,0,0
290880,1,1,1987,0,0,0,0,0,0,0,0,0,0
290881,1,1,1987,0,0,0,0,0,0,0,0,0,0
290881,2,1,1987,0,0,0,0,0,0,0,0,0,0
290882,1,1,1987,0,0,0,0,0,0,5,0,12,10
290883,1,1,1987,0,0,0,0,0,0,0,0,0,0
290884,1,1,1987,0,0,12,0,6,30,0,0,12,18
290885,1,1,1987,0,0,0,0,0,0,0,0,0,0
290885,2,1,1987,0,0,12,0,0,0,0,0,0,0
290886,0,1,1987,0,0,0,0,0,0,0,0,0,0
290886,1,1,1987,0,0,0,0,0,0,0,0,0,0
290886,2,1,1987,0,16,0,0,0,19,5,11,0,0
290887,1,1,1987,0,0,0,0,0,0,0,0,0,5
290887,2,1,1987,0,0,0,0,0,0,14,0,0,0
290888,1,1,1987,19,0,0,0,0,0,12,0,0,0
290888,2,1,1987,22,22,22,22,22,22,22,22,22,22
290889,1,1,1987,18,14,14,4,0,7,10,11,20,0
290889,2,1,1987,0,0,0,0,0,0,0,0,0,0
290890,0,1,1987,21,21,21,21,21,21,21,21,21,21
290890,1,1,1987,0,25,22,12,0,0,0,13,0,0
290891,1,1,1987,0,8,25,23,30,8,18,20,15,21
290892,1,1,1987,15,12,7,18,17,17,9,11,25,16
290893,0,1,1987,0,0,0,0,0,0,0,0,0,0
290893,1,1,1987,0,0,0,0,0,0,0,0,0,0
290894,0,1,1987,6,6,6,6,6,6,6,6,6,6
290894,1,1,1987,0,0,0,0,0,0,0,0,0,0
290895,0,1,1987,20,20,20,20,20,20,20,20,20,20
290895,1,1,1987,0,0,0,0,0,0,0,0,14,0
290896,0,1,1987,0,0,0,0,0,0,0,0,0,0
290896,1,1,1987,0,0,0,0,0,0,0,0,8,0
290897,1,1,1987,0,0,0,3,18,0,0,3,4,0
290898,1,1,1987,0,0,26,0,0,0,34,14,20,0
290899,1,1,1987,0,0,0,0,0,0,0,0,0,0
290899,2,1,1987,0,0,0,0,0,0,0,0,0,0
290899,3,1,1987,0,0,0,0,0,0,0,0,0,0
290899,4,1,1987,0,0,0,0,0,0,0,0,0,0
290900,0,1,1987,0,0,0,0,0,0,0,0,0,0
290900,1,1,1987,0,0,0,0,0,0,0,0,0,0
290901,0,1,1987,0,0,0,0,0,0,0,0,0,0
290901,1,1,1987,14,17,0,0,0,0,0,0,0,25
290902,1,1,1987,0,0,0,0,14,0,0,0,0,22
290903,1,1,1987,10,10,10,10,10,10,10,10,10,10
290904,0,1,1987,22,22,22,22,22,22,22,22,22,22
290904,1,1,1987,0,0,0,0,0,0,7,21,0,12
290905,1,1,1987,12,12,12,12,12,12,12,12,12,12
290906,1,1,1987,5,5,5,5,5,5,5,5,5,5
290907,1,1,1987,0,0,0,0,0,0,0,0,0,0
290907,2,1,1987,0,12,0,0,0,15,0,0,0,0
290908,1,1,1987,0,15,0,0,0,18,13,0,15,14
290908,2,1,1987,22,0,0,0,18,18,0,0,21,18
290909,0,1,1987,28,28,28,28,28,28,28,28,28,28
290909,1,1,1987,8,0,9,0,0,0,0,0,0,0
290910,1,1,1987,0,6,0,0,0,10,0,0,0,0
290911,1,1,1987,25,25,25,25,25,25,25,25,25,25
290912,1,1,1987,20,9,0,13,20,10,0,11,0,19
290912,2,1,1987,16,14,5,0,0,0,0,26,0,0
290912,3,1,1987,0,16,16,0,0,18,0,0,6,0
290913,1,1,1987,0,0,0,0,0,0,0,0,0,0
290914,1,1,1987,5,0,0,5,0,0,0,0,0,0
290915,1,1,1987,0,0,0,0,0,0,0,0,0,0
290915,2,1,1987,0,0,0,0,0,0,0,0,0,0
290916,1,1,1987,0,0,0,0,0,0,0,0,0,0
290917,1,1,1987,0,15,0,0,0,0,0,0,0,0
290918,1,1,1987,0,0,0,11,0,14,0,0,0,0
290918,2,1,1987,0,0,0,0,0,0,0,0,0,0
290919,1,1,1987,0,0,0,0,0,0,0,0,0,0
290920,1,1,1987,17,17,17,17,17,17,17,17,17,17
290921,1,1,1987,19,19,19,19,19,19,19,19,19,19
290922,1,1,1987,0,0,0,0,0,0,0,0,0,6
290922,2,1,1987,0,0,0,0,0,0,0,0,0,0
290923,1,1,1987,0,0,0,0,0,0,0,7,0,0
290924,1,1,1987,31,31,31,31,31,31,31,31,31,31
290925,1,1,1987,0,0,0,0,0,0,0,0,0,0
290925,2,1,1987,0,0,0,0,0,0,0,0,39,0
290926,1,1,1987,23,23,23,23,23,23,23,23,23,23
290927,1,1,1987,13,12,16,4,7,0,16,6,14,0
290928,1,1,1987,0,0,0,0,0,0,0,0,0,0
290928,2,1,1987,15,0,0,0,0,0,0,0,20,0
290929,1,1,1987,0,0,0,0,0,0,0,0,0,0
290929,2,1,1987,0,0,0,0,0,0,0,0,0,0
290929,3,1,1987,0,0,0,0,0,0,0,0,0,0
290930,0,1,1987,0,0,0,0,0,0,0,4,0,0
290930,1,1,1987,0,0,0,0,0,0,0,0,0,0
290931,1,1,1987,0,0,0,0,0,0,0,0,0,0
290931,2,1,1987,0,0,0,0,0,0,0,0,0,0
290932,1,1,1987,17,15,26,20,21,27,17,17,22,11
290934,1,1,1987,0,0,0,0,0,0,0,0,0,0
290934,2,1,1987,5,0,0,0,0,21,0,0,13,0
300001,1,1,1987,0,0,0,0,0,0,0,0,0,0
300001,2,1,1987,20,20,20,20,20,20,20,20,20,20
300002,1,1,1987,5,5,5,5,5,5,5,5,5,5
300002,2,1,1987,0,0,0,0,0,0,0,0,0,0
300003,1,1,1987,16,16,16,16,16,16,16,16,16,16
300004,1,1,1987,0,0,0,0,0,0,0,0,0,0
300004,2,1,1987,0,0,0,0,0,0,0,0,0,0
300005,0,1,1987,15,15,15,15,15,15,15,15,15,15
300005,1,1,1987,0,0,0,0,0,0,0,0,0,0
300006,1,1,1987,0,0,0,0,0,0,0,0,0,0
300006,2,1,1987,0,0,0,0,0,0,0,0,0,0
300007,1,1,1987,26,26,26,26,26,26,26,26,26,26
300008,1,1,1987,31,31,31,31,31,31,31,31,31,31
300010,1,1,1987,0,0,0,0,0,0,0,0,0,0
300010,2,1,1987,0,0,8,0,0,0,0,0,0,0
300011,0,1,1987,0,0,0,0,0,0,0,0,0,0
300011,1,1,1987,0,0,0,0,0,0,0,0,0,0
300012,1,1,1987,11,11,11,11,11,11,11,11,11,11
300013,0,1,1987,0,0,0,0,0,0,0,0,0,0
300013,1,1,1987,0,0,0,0,0,0,0,0,0,0
300014,1,1,1987,5,10,6,13,16,14,18,3,24,0
300014,2,1,1987,22,22,22,22,22,22,22,22,22,22
300014,3,1,1987,0,0,0,0,0,0,0,0,0,0
300015,1,1,1987,0,0,0,0,0,0,0,0,0,0
300015,2,1,1987,0,0,0,0,0,0,0,0,0,0
300016,1,1,1987,0,0,0,0,0,0,0,0,0,0
300016,2,1,1987,14,8,8,14,16,9,0,3,27,9
300017,1,1,1987,0,0,0,0,0,0,0,0,0,0
300018,1,1,1987,23,23,23,23,23,23,23,23,23,23
300019,1,1,1987,31,31,31,31,31,31,31,31,31,31
300020,1,1,1987,0,0,0,0,0,0,0,0,0,0
300020,2,1,1987,0,7,0,0,0,8,0,0,0,0
300021,1,1,1987,8,8,8,8,8,8,8,8,8,8
300022,0,1,1987,0,0,0,0,0,0,0,0,0,0
300022,1,1,1987,0,0,13,0,0,0,0,0,18,0
300023,1,1,1987,0,0,0,0,16,0,0,0,0,0
300023,2,1,1987,0,0,0,0,0,0,0,0,0,0
300024,1,1,1987,0,0,0,0,0,0,0,0,0,0
300024,2,1,1987,0,0,0,0,15,0,0,0,0,0
300025,1,1,1987,15,15,15,15,15,15,15,15,15,15
300025,2,1,1987,0,0,0,0,0,0,0,0,0,0
300026,1,1,1987,24,24,24,24,24,24,24,24,24,24
300026,2,1,1987,1,1,1,1,1,1,1,1,1,1
300026,3,1,1987,0,0,0,0,0,0,0,0,0,0
300026,4,1,1987,0,0,0,0,0,0,0,0,0,0
300027,1,1,1987,18,18,18,18,18,18,18,18,18,18
300028,1,1,1987,0,0,0,0,0,0,0,0,0,0
300029,1,1,1987,0,0,0,0,0,0,0,0,0,0
300030,1,1,1987,0,0,0,0,0,0,0,0,16,0
300031,1,1,1987,22,22,22,22,22,22,22,22,22,22
300032,0,1,1987,33,33,33,33,33,33,33,33,33,33
300032,1,1,1987,30,30,30,30,30,30,30,30,30,30
300033,1,1,1987,0,0,0,0,0,0,0,0,0,0
300033,2,1,1987,0,0,0,0,0,0,0,0,0,0
300034,1,1,1987,15,15,15,15,15,15,15,15,15,15
300035,1,1,1987,0,0,0,0,0,0,0,0,0,0
300036,1,1,1987,12,12,12,12,12,12,12,12,12,12
300037,1,1,1987,17,17,17,17,17,17,17,17,17,17
300038,1,1,1987,24,24,24,24,24,24,24,24,24,24
300039,1,1,1987,18,18,18,18,18,18,18,18,18,18
300040,1,1,1987,19,19,19,19,19,19,19,19,19,19
300041,1,1,1987,0,0,0,0,0,0,0,0,0,0
300042,1,1,1987,0,0,0,0,0,0,0,0,0,0
300042,2,1,1987,0,0,0,0,0,0,0,0,0,0
300043,1,1,1987,0,0,0,0,0,0,0,0,0,0
300044,1,1,1987,16,16,16,16,16,16,16,16,16,16
300045,1,1,1987,0,0,19,0,0,0,0,0,10,0
300046,1,1,1987,10,10,10,10,10,10,10,10,10,10
300047,0,1,1987,14,14,14,14,14,14,14,14,14,14
300047,1,1,1987,8,8,8,8,8,8,8,8,8,8
300048,1,1,1987,22,22,22,22,22,22,22,22,22,22
300049,1,1,1987,0,0,0,0,0,0,0,0,0,0
300049,2,1,1987,0,0,0,0,0,0,0,0,0,0
300050,0,1,1987,0,0,0,0,0,0,0,0,0,0
300050,1,1,1987,9,9,9,9,9,9,9,9,9,9
300051,1,1,1987,8,8,8,8,8,8,8,8,8,8
300051,2,1,1987,0,0,0,0,0,0,0,0,0,0
300052,1,1,1987,4,4,4,4,4,4,4,4,4,4
300052,2,1,1987,0,0,0,0,0,0,0,0,0,0
300053,1,1,1987,20,20,20,20,20,20,20,20,20,20
300053,2,1,1987,0,0,0,0,0,0,0,0,0,0
300054,0,1,1987,0,0,0,0,0,0,0,0,15,0
300054,1,1,1987,17,17,17,17,17,17,17,17,17,17
300055,0,1,1987,0,0,0,0,0,0,0,0,0,0
300055,1,1,1987,0,0,0,0,0,0,0,0,0,0
300056,1,1,1987,21,21,21,21,21,21,21,21,21,21
300057,1,1,1987,0,0,0,0,0,0,0,0,0,0
300058,1,1,1987,34,34,34,34,34,34,34,34,34,34
300059,1,1,1987,0,0,0,0,0,0,0,0,0,0
300059,2,1,1987,0,0,0,0,0,0,0,0,0,0
300060,1,1,1987,20,20,20,20,20,20,20,20,20,20
300061,1,1,1987,0,0,0,0,0,0,0,0,0,0
300062,1,1,1987,27,27,27,27,27,27,27,27,27,27
300063,1,1,1987,0,0,0,0,0,0,0,0,0,0
300063,2,1,1987,0,0,0,0,0,0,0,0,0,0
300064,1,1,1987,29,29,29,29,29,29,29,29,29,29
300065,1,1,1987,17,17,17,17,17,17,17,17,17,17
300066,1,1,1987,0,0,0,0,0,0,0,0,0,0
300067,1,1,1987,0,0,0,0,0,0,0,0,0,17
300067,2,1,1987,0,0,0,0,0,0,0,0,0,0
300068,1,1,1987,18,18,18,18,18,18,18,18,18,18
300069,0,1,1987,0,22,0,0,0,13,0,0,0,25
300069,1,1,1987,0,0,0,0,0,0,0,0,0,0
300069,2,1,1987,11,11,11,11,11,11,11,11,11,11
300070,1,1,1987,0,0,0,0,0,0,0,0,0,0
300070,2,1,1987,0,0,0,0,0,0,0,0,0,0
300071,1,1,1987,0,0,0,0,0,0,0,0,0,0
300072,1,1,1987,6,6,6,6,6,6,6,6,6,6
300073,1,1,1987,2,2,2,2,2,2,2,2,2,2
300074,1,1,1987,14,14,14,14,14,14,14,14,14,14
300075,1,1,1987,0,0,0,0,0,0,0,0,0,19
300076,1,1,1987,25,25,25,25,25,25,25,25,25,25
300077,1,1,1987,10,8,12,19,11,8,7,8,12,15