ST_CASE,VEH_NO,PER_NO,YEAR,P1,P2,P3,P4,P5,P6,P7,P8,P9,P10
300077,2,1,1987,0,0,12,14,18,0,0,0,12,14
300078,1,1,1987,23,23,23,23,23,23,23,23,23,23
300079,1,1,1987,0,0,0,0,0,0,0,0,0,0
300080,1,1,1987,0,0,0,0,0,0,0,0,0,0
300081,1,1,1987,15,15,15,15,15,15,15,15,15,15
300082,1,1,1987,21,21,21,21,21,21,21,21,21,21
300083,1,1,1987,2,2,2,2,2,2,2,2,2,2
300083,2,1,1987,6,11,28,15,18,10,0,9,0,10
300084,1,1,1987,28,28,28,28,28,28,28,28,28,28
300085,1,1,1987,21,27,0,0,17,13,13,0,18,0
300086,1,1,1987,0,0,0,0,0,0,0,0,0,0
300086,2,1,1987,0,0,0,0,0,0,0,0,0,0
300086,3,1,1987,0,0,0,0,0,0,0,0,9,0
300087,1,1,1987,0,0,0,0,0,0,0,0,0,0
300087,2,1,1987,0,13,0,19,5,12,18,15,13,19
300088,1,1,1987,20,20,20,20,20,20,20,20,20,20
300089,1,1,1987,0,0,0,0,0,0,0,0,0,0
300090,1,1,1987,14,14,14,14,14,14,14,14,14,14
300091,1,1,1987,18,18,18,18,18,18,18,18,18,18
300092,1,1,1987,14,14,14,14,14,14,14,14,14,14
300092,2,1,1987,0,0,0,0,0,0,0,0,0,0
300093,1,1,1987,10,10,10,10,10,10,10,10,10,10
300094,1,1,1987,0,0,0,0,0,0,0,0,0,0
300095,1,1,1987,8,0,0,0,0,0,0,0,0,0
300095,2,1,1987,8,8,8,8,8,8,8,8,8,8
300096,1,1,1987,20,20,20,20,20,20,20,20,20,20
300097,1,1,1987,23,23,23,23,23,23,23,23,23,23
300098,1,1,1987,0,0,0,0,0,0,0,0,0,0
300099,0,1,1987,0,0,0,0,0,0,0,0,0,0
300099,1,1,1987,0,0,0,0,0,0,0,0,0,0
300100,1,1,1987,0,0,0,15,0,0,0,0,0,0
300100,2,1,1987,10,10,10,10,10,10,10,10,10,10
300101,0,1,1987,0,0,0,0,0,0,0,0,0,0
300101,1,1,1987,0,0,0,0,0,0,0,0,0,0
300102,0,1,1987,0,0,0,0,0,0,0,0,0,0
300102,1,1,1987,0,0,0,0,0,0,0,0,0,0
300103,1,1,1987,21,21,21,21,21,21,21,21,21,21
300104,1,1,1987,0,0,0,0,0,0,0,0,0,0
300105,1,1,1987,0,0,0,0,0,0,0,0,0,0
300105,2,1,1987,0,0,0,0,0,0,0,0,0,0
300106,1,1,1987,0,0,0,0,0,0,0,0,0,0
300107,1,1,1987,0,0,0,0,0,0,0,0,0,0
300107,2,1,1987,36,0,0,32,23,0,14,0,0,0
300108,1,1,1987,19,19,19,19,19,19,19,19,19,19
300109,1,1,1987,16,13,19,23,18,9,30,17,25,20
300110,1,1,1987,25,25,25,25,25,25,25,25,25,25
300111,1,1,1987,0,0,0,0,0,0,0,0,0,0
300112,1,1,1987,18,18,18,18,18,18,18,18,18,18
300113,0,1,1987,0,0,0,0,0,0,0,0,0,0
300113,1,1,1987,0,0,0,0,0,0,0,0,0,0
300114,1,1,1987,14,14,14,14,14,14,14,14,14,14
300115,1,1,1987,0,0,0,0,0,0,0,0,0,0
300116,1,1,1987,19,19,19,19,19,19,19,19,19,19
300117,1,1,1987,0,0,0,0,0,0,0,0,0,0
300118,1,1,1987,0,0,0,0,0,0,0,0,0,0
300118,2,1,1987,0,0,0,0,0,0,0,0,0,0
300119,1,1,1987,19,19,19,19,19,19,19,19,19,19
300120,1,1,1987,24,24,24,24,24,24,24,24,24,24
300121,1,1,1987,27,27,27,27,27,27,27,27,27,27
300122,1,2,1987,22,22,22,22,22,22,22,22,22,22
300123,1,1,1987,19,19,19,19,19,19,19,19,19,19
300124,1,1,1987,27,27,27,27,27,27,27,27,27,27
300125,1,1,1987,18,18,18,18,18,18,18,18,18,18
300125,2,1,1987,0,0,0,0,0,0,0,0,0,0
300126,1,1,1987,0,0,0,0,0,0,0,0,0,0
300127,1,1,1987,0,0,0,0,0,0,0,0,0,0
300127,2,1,1987,0,0,0,0,0,0,0,0,0,0
300128,1,1,1987,10,10,10,10,10,10,10,10,10,10
300129,1,1,1987,11,11,11,11,11,11,11,11,11,11
300130,1,1,1987,19,19,19,19,19,19,19,19,19,19
300131,1,1,1987,0,0,0,0,0,0,0,0,0,0
300132,1,1,1987,19,19,19,19,19,19,19,19,19,19
300133,0,1,1987,35,35,35,35,35,35,35,35,35,35
300133,1,1,1987,0,0,0,0,0,0,0,0,0,0
300134,1,1,1987,0,0,0,0,0,0,0,0,0,0
300135,1,1,1987,0,0,0,0,0,0,0,0,0,0
300135,2,1,1987,0,0,0,0,0,0,0,0,0,0
300136,1,1,1987,26,26,26,26,26,26,26,26,26,26
300137,1,1,1987,26,26,26,26,26,26,26,26,26,26
300138,1,1,1987,14,14,14,14,14,14,14,14,14,14
300139,1,1,1987,0,0,0,0,0,0,0,0,0,0
300140,1,1,1987,16,0,0,0,0,0,0,0,0,0
300140,2,1,1987,27,27,27,27,27,27,27,27,27,27
300141,0,1,1987,0,0,0,0,0,0,0,0,0,0
300141,1,1,1987,0,0,0,0,0,0,0,0,0,0
300142,1,1,1987,11,11,11,11,11,11,11,11,11,11
300143,1,1,1987,0,0,0,0,0,0,0,0,0,0
300144,1,1,1987,25,25,25,25,25,25,25,25,25,25
300144,2,1,1987,0,0,0,0,0,0,0,0,0,0
300145,1,1,1987,23,23,23,23,23,23,23,23,23,23
300146,1,1,1987,0,0,0,0,0,0,0,0,0,0
300147,1,1,1987,0,0,0,0,0,0,0,0,0,0
300147,2,1,1987,0,0,0,0,10,0,0,0,0,0
300147,3,1,1987,0,0,0,0,0,0,0,0,0,0
300148,0,1,1987,18,18,18,18,18,18,18,18,18,18
300148,1,1,1987,0,0,0,0,0,0,0,0,0,0
300149,1,1,1987,9,9,9,9,9,9,9,9,9,9
300149,2,1,1987,0,0,0,0,0,0,0,0,0,0
300149,3,1,1987,0,0,0,0,0,0,0,0,0,0
300150,0,1,1987,15,15,15,15,15,15,15,15,15,15
300150,1,1,1987,0,0,0,0,0,0,0,0,0,0
300151,1,1,1987,17,17,17,17,17,17,17,17,17,17
300152,1,1,1987,0,0,0,0,0,0,0,0,0,0
300152,2,1,1987,0,0,0,0,0,0,0,0,0,0
300152,3,1,1987,0,0,0,0,0,0,0,0,0,0
300153,1,1,1987,0,0,0,0,0,0,0,0,0,0
300153,2,1,1987,0,0,0,0,0,0,0,0,0,0
300154,1,1,1987,26,26,26,26,26,26,26,26,26,26
300155,1,1,1987,0,0,0,0,0,0,0,0,0,0
300156,1,1,1987,0,0,0,0,0,0,0,0,0,0
300157,1,1,1987,5,5,5,5,5,5,5,5,5,5
300158,1,1,1987,12,12,12,12,12,12,12,12,12,12
300159,1,1,1987,18,18,18,18,18,18,18,18,18,18
300160,1,1,1987,0,0,0,0,0,0,0,0,0,0
300161,1,1,1987,0,0,0,0,0,0,18,0,0,0
300161,2,1,1987,0,0,0,0,0,0,0,0,0,0
300162,1,1,1987,1,1,1,1,1,1,1,1,1,1
300163,1,1,1987,23,23,23,23,23,23,23,23,23,23
300164,1,1,1987,0,0,0,0,0,0,0,0,0,0
300165,1,1,1987,0,24,0,0,0,0,14,16,0,27
300166,1,1,1987,0,0,0,0,0,0,0,0,0,0
300167,1,1,1987,0,0,0,0,0,0,0,0,0,0
300167,2,1,1987,18,18,18,18,18,18,18,18,18,18
300168,1,1,1987,26,26,26,26,26,26,26,26,26,26
300168,2,1,1987,1,1,1,1,1,1,1,1,1,1
300169,1,1,1987,1,1,1,1,1,1,1,1,1,1
300169,2,1,1987,15,15,15,15,15,15,15,15,15,15
300170,1,1,1987,0,0,0,0,0,0,0,0,0,0
300170,2,1,1987,0,0,0,0,0,0,0,0,0,0
300171,1,1,1987,0,0,0,0,0,0,0,0,0,0
300171,2,1,1987,0,0,0,0,0,0,0,0,0,0
300172,1,1,1987,0,0,0,0,0,0,0,0,0,0
300173,1,1,1987,11,11,11,11,11,11,11,11,11,11
300174,1,1,1987,0,0,0,0,0,0,0,0,0,0
300174,2,1,1987,0,0,0,0,0,0,0,0,0,0
300175,1,1,1987,23,23,23,23,23,23,23,23,23,23
300176,1,1,1987,32,32,32,32,32,32,32,32,32,32
300177,1,1,1987,18,18,18,18,18,18,18,18,18,18
300178,1,1,1987,11,9,8,11,10,26,19,15,18,10
300179,1,1,1987,29,29,29,29,29,29,29,29,29,29
300180,0,1,1987,22,22,22,22,22,22,22,22,22,22
300180,1,1,1987,10,20,29,15,18,10,13,10,0,17
300181,0,1,1987,0,0,0,0,0,0,0,0,0,0
300181,1,1,1987,0,0,0,0,0,0,0,0,0,0
300182,1,1,1987,22,22,22,22,22,22,22,22,22,22
300182,2,1,1987,0,0,16,0,10,16,6,0,0,24
300183,0,1,1987,0,0,0,9,13,0,0,0,0,0
300183,1,1,1987,0,0,0,0,0,0,0,0,0,0
300184,1,1,1987,0,0,0,0,0,0,0,0,0,11
300185,1,1,1987,30,30,30,30,30,30,30,30,30,30
300186,1,1,1987,3,3,3,3,3,3,3,3,3,3
300187,1,1,1987,0,0,0,0,0,0,0,0,0,0
300187,2,1,1987,0,0,0,0,0,0,0,0,0,0
300187,3,1,1987,0,0,0,0,0,0,0,0,0,0
300188,1,1,1987,0,0,0,0,0,0,0,0,0,0
300188,2,1,1987,0,0,0,0,0,0,0,0,0,0
300189,1,1,1987,0,0,0,0,0,0,0,0,0,0
300189,2,1,1987,0,0,0,0,0,0,0,0,0,0
300190,1,1,1987,0,0,0,0,0,0,0,0,0,0
300190,2,1,1987,0,0,0,0,0,0,0,0,0,0
300191,1,1,1987,0,0,0,0,0,0,0,0,0,0
300192,1,1,1987,0,0,0,0,0,0,0,0,0,0
300192,2,1,1987,0,0,0,0,0,0,0,0,0,0
300193,1,1,1987,0,0,0,0,0,0,0,0,0,0
300194,1,1,1987,8,8,8,8,8,8,8,8,8,8
300195,1,1,1987,27,27,27,27,27,27,27,27,27,27
300196,1,1,1987,38,38,38,38,38,38,38,38,38,38
300197,1,1,1987,3,3,3,3,3,3,3,3,3,3
300197,2,1,1987,23,23,23,23,23,23,23,23,23,23
300198,0,1,1987,0,3,0,0,0,0,9,0,0,0
300198,0,2,1987,0,0,0,0,0,0,0,0,0,0
300198,1,1,1987,0,0,0,0,0,0,0,0,0,0
300199,1,1,1987,25,0,0,0,0,0,24,28,0,0
310001,1,1,1987,20,20,20,20,20,20,20,20,20,20
310002,1,1,1987,0,0,0,0,0,0,0,0,0,0
310002,2,1,1987,0,0,0,0,0,0,0,0,0,0
310003,1,1,1987,0,0,0,0,0,0,0,0,0,0
310004,1,1,1987,0,0,0,0,0,0,0,0,0,0
310004,2,1,1987,0,0,0,0,0,0,0,0,0,0
310005,1,1,1987,8,8,8,8,8,8,8,8,8,8
310005,2,1,1987,0,0,0,0,0,0,0,0,0,0
310006,1,1,1987,0,0,0,0,0,0,0,0,0,0
310007,1,1,1987,21,21,21,21,21,21,21,21,21,21
310007,2,1,1987,0,0,0,0,0,0,0,0,0,0
310007,3,1,1987,0,21,0,0,0,0,0,0,0,0
310008,0,1,1987,21,21,21,21,21,21,21,21,21,21
310008,1,1,1987,0,0,0,0,0,0,0,0,0,0
310009,1,1,1987,0,0,0,0,0,0,0,0,0,0
310009,2,1,1987,0,0,0,0,0,0,0,0,0,0
310010,1,1,1987,11,11,11,11,11,11,11,11,11,11
310011,1,1,1987,0,0,0,0,0,0,0,0,0,0
310011,2,1,1987,0,0,0,0,0,0,0,0,0,0
310012,1,1,1987,16,16,16,16,16,16,16,16,16,16
310013,1,1,1987,0,0,0,0,0,0,0,0,0,0
310014,1,1,1987,0,0,0,0,0,0,0,0,0,0
310015,1,1,1987,0,0,0,0,0,0,0,0,0,0
310015,2,1,1987,17,17,17,17,17,17,17,17,17,17
310016,1,1,1987,6,6,6,6,6,6,6,6,6,6
310017,1,1,1987,0,0,0,0,0,0,0,0,0,0
310017,2,1,1987,0,0,0,0,0,0,0,0,0,0
310018,1,1,1987,0,0,0,0,0,0,0,0,0,0
310019,1,1,1987,0,0,0,0,0,0,0,0,0,0
310020,1,1,1987,0,0,0,0,0,0,0,0,0,0
310021,1,1,1987,0,0,0,0,0,0,0,0,0,0
310021,2,1,1987,5,5,5,5,5,5,5,5,5,5
310022,1,1,1987,0,0,0,0,0,0,0,0,0,0
310022,2,1,1987,0,0,0,0,0,0,0,0,0,0
310023,1,1,1987,0,0,0,0,0,0,0,0,0,0
310023,2,1,1987,0,0,0,0,0,0,0,0,0,0
310024,1,1,1987,0,0,0,0,0,0,0,0,0,0
310024,2,1,1987,0,0,0,0,0,0,0,0,0,0
310024,3,1,1987,0,0,0,0,0,0,0,0,0,0
310025,1,1,1987,0,0,0,0,0,0,0,0,0,0
310026,1,1,1987,17,17,17,17,17,17,17,17,17,17
310027,1,1,1987,0,0,0,0,0,0,0,0,0,0
310027,2,1,1987,0,0,0,0,0,0,0,0,0,0
310028,1,1,1987,0,0,0,0,0,0,0,0,0,0
310029,1,1,1987,2,2,2,2,2,2,2,2,2,2
310029,2,1,1987,0,0,0,0,0,0,0,0,0,0
310030,1,1,1987,0,25,0,0,0,17,15,0,0,0
310031,1,1,1987,6,6,6,6,6,6,6,6,6,6
310032,1,1,1987,0,0,0,0,0,7,18,28,0,19
310033,1,1,1987,0,0,0,0,0,0,0,0,0,0
310033,2,1,1987,0,0,0,0,0,0,0,0,0,0
310034,1,1,1987,0,0,0,0,0,0,0,0,0,0
310034,2,1,1987,0,0,0,0,0,0,0,0,0,0
310035,1,1,1987,28,28,28,28,28,28,28,28,28,28
310036,1,1,1987,0,0,0,0,0,0,0,0,0,0
310036,2,1,1987,0,0,0,0,0,0,0,0,0,0
310037,1,1,1987,9,9,9,9,9,9,9,9,9,9
310038,1,1,1987,20,20,20,20,20,20,20,20,20,20
310039,1,1,1987,0,0,0,0,0,0,0,0,0,0
310040,1,1,1987,0,0,0,0,0,0,0,0,0,0
310040,2,1,1987,0,0,0,0,0,0,0,0,0,0
310041,1,1,1987,0,0,0,0,0,0,0,0,0,0
310041,2,1,1987,33,33,33,33,33,33,33,33,33,33
310042,1,1,1987,0,0,0,0,0,0,0,0,0,0
310043,1,1,1987,0,0,0,0,0,0,0,0,0,0
310043,2,1,1987,0,0,0,0,0,0,0,0,0,0
310044,1,3,1987,0,0,0,0,0,0,0,0,0,0
310044,2,1,1987,0,0,0,0,0,0,0,0,0,0
310045,1,1,1987,0,0,0,0,0,0,0,0,0,0
310046,0,1,1987,28,28,28,28,28,28,28,28,28,28
310046,1,1,1987,0,0,0,0,0,0,0,0,0,0
310047,0,1,1987,0,0,0,0,0,0,0,0,0,0
310047,1,1,1987,0,0,0,0,0,0,0,0,0,0
310048,1,1,1987,0,0,0,0,0,0,0,0,0,0
310049,1,1,1987,0,0,0,0,0,0,0,0,0,0
310050,1,1,1987,35,28,0,30,21,13,35,19,15,25
310051,1,1,1987,3,3,3,3,3,3,3,3,3,3
310051,2,1,1987,0,0,0,0,0,0,0,0,0,0
310052,1,1,1987,0,0,0,0,0,0,0,0,0,0
310052,2,1,1987,0,0,0,0,0,0,0,0,0,0
310053,1,1,1987,0,0,11,0,0,0,0,0,0,0
310053,2,1,1987,27,27,27,27,27,27,27,27,27,27
310054,1,1,1987,21,21,21,21,21,21,21,21,21,21
310054,2,1,1987,0,0,0,0,0,0,0,0,0,0
310055,1,1,1987,18,14,25,17,26,1,19,7,16,23
310056,1,1,1987,0,7,0,0,18,0,0,0,0,7
310057,1,1,1987,0,0,0,0,0,0,0,0,0,0
310058,1,1,1987,22,22,22,22,22,22,22,22,22,22
310059,1,1,1987,0,0,0,0,0,0,0,0,0,0
310060,1,1,1987,8,8,8,8,8,8,8,8,8,8
310061,0,1,1987,22,22,22,22,22,22,22,22,22,22
310061,1,1,1987,2,2,2,2,2,2,2,2,2,2
310062,1,1,1987,0,0,0,0,0,0,0,0,0,0
310062,2,1,1987,20,20,20,20,20,20,20,20,20,20
310063,1,1,1987,17,17,17,17,17,17,17,17,17,17
310063,2,1,1987,1,1,1,1,1,1,1,1,1,1
310064,1,1,1987,0,0,0,0,0,0,0,0,0,0
310064,2,1,1987,22,22,22,22,22,22,22,22,22,22
310065,1,1,1987,20,20,20,20,20,20,20,20,20,20
310066,1,1,1987,29,29,29,29,29,29,29,29,29,29
310066,2,1,1987,0,0,0,0,0,0,0,0,0,0
310067,1,1,1987,0,0,0,0,0,0,0,0,0,0
310067,2,1,1987,0,0,0,0,0,0,0,0,0,0
310068,1,1,1987,11,11,11,11,11,11,11,11,11,11
310068,2,1,1987,0,0,0,0,0,0,0,0,0,0
310069,1,1,1987,0,0,0,0,0,0,0,0,0,0
310069,2,1,1987,18,18,18,18,18,18,18,18,18,18
310070,0,1,1987,9,0,32,15,0,0,20,0,20,0
310070,1,1,1987,11,0,0,8,0,21,0,0,0,16
310071,1,1,1987,16,16,16,16,16,16,16,16,16,16
310072,0,1,1987,0,0,0,0,0,0,0,0,0,0
310072,1,1,1987,0,0,0,0,0,0,0,0,0,0
310074,1,1,1987,11,11,11,11,11,11,11,11,11,11
310075,1,1,1987,11,11,11,11,11,11,11,11,11,11
310076,1,1,1987,0,0,0,0,0,0,0,0,0,0
310077,1,1,1987,1,1,1,1,1,1,1,1,1,1
310077,2,1,1987,0,0,0,0,0,0,0,0,0,0
310079,0,1,1987,0,0,0,0,0,0,0,0,0,0
310079,1,1,1987,0,0,0,0,0,0,0,0,0,0
310080,1,1,1987,15,15,15,15,15,15,15,15,15,15
310081,1,1,1987,0,0,0,0,0,0,0,0,0,0
310081,2,1,1987,0,0,0,0,0,0,0,0,0,0
310081,3,1,1987,0,0,0,0,0,0,0,0,0,0
310081,4,1,1987,2,2,2,2,2,2,2,2,2,2
310082,1,1,1987,0,0,0,0,0,0,0,0,0,0
310082,2,1,1987,18,18,18,18,18,18,18,18,18,18
310083,1,1,1987,0,0,0,0,0,0,0,0,0,0
310083,2,1,1987,0,0,0,0,0,0,0,0,0,0
310084,1,1,1987,0,19,16,0,0,21,0,19,23,10
310085,0,1,1987,0,0,0,0,0,0,0,0,0,0
310085,1,1,1987,0,0,0,0,0,0,0,0,0,0
310085,2,1,1987,14,19,0,16,0,25,13,0,0,16
310086,1,1,1987,0,0,0,0,0,0,0,0,0,0
310086,2,1,1987,0,0,0,0,0,0,0,0,0,0
310087,1,1,1987,0,0,0,0,0,0,0,0,0,0
310087,2,1,1987,0,0,0,0,0,0,0,0,0,0
310087,3,1,1987,0,0,0,0,0,0,0,0,0,0
310088,1,1,1987,0,0,0,0,0,0,0,0,0,0
310088,2,1,1987,0,0,0,0,0,0,0,0,0,0
310089,1,1,1987,12,12,12,12,12,12,12,12,12,12
310090,1,1,1987,0,0,0,0,0,0,0,0,0,0
310091,1,1,1987,0,0,0,0,0,0,0,0,0,0
310091,2,1,1987,0,0,0,0,0,0,0,0,0,0
310092,1,1,1987,0,0,0,0,0,0,0,0,0,0
310092,2,1,1987,0,0,0,0,0,0,0,0,0,0
310093,1,1,1987,0,0,0,0,0,0,0,0,0,0
310093,2,1,1987,3,3,3,3,3,3,3,3,3,3
310094,1,1,1987,30,30,30,30,30,30,30,30,30,30
310095,1,1,1987,0,0,0,0,0,0,0,0,0,0
310096,1,1,1987,13,13,13,13,13,13,13,13,13,13
310097,0,1,1987,0,0,28,0,0,3,16,0,0,0
310097,1,1,1987,9,9,9,9,9,9,9,9,9,9
310098,1,1,1987,0,0,0,0,0,0,0,0,0,0
310099,1,1,1987,0,0,0,0,0,0,0,0,0,0
310099,2,1,1987,0,0,0,0,0,0,0,0,0,0
310100,1,1,1987,0,0,0,0,0,0,0,0,0,0
310100,2,1,1987,0,0,0,0,0,0,0,0,0,0
310101,1,1,1987,0,0,0,0,0,0,0,0,0,0
310101,2,1,1987,0,0,0,0,0,0,0,0,0,0
310102,1,1,1987,0,0,0,0,0,0,0,0,0,0
310102,2,1,1987,0,0,0,0,0,0,0,0,0,0
310103,1,1,1987,0,0,0,0,0,0,0,0,0,0
310103,2,1,1987,0,0,0,0,0,0,0,0,0,0
310104,1,1,1987,0,0,0,0,0,0,0,0,0,0
310105,1,1,1987,0,0,0,0,0,0,0,0,19,0
310106,1,1,1987,24,4,18,33,21,11,26,14,2,9
310108,1,1,1987,0,0,0,0,0,0,0,0,0,0
310108,2,1,1987,0,0,0,0,0,0,0,0,0,0
310109,1,1,1987,0,0,0,0,0,0,0,0,0,0
310109,2,1,1987,0,0,0,0,0,0,0,0,0,0
310109,3,1,1987,6,6,6,6,6,6,6,6,6,6
310110,1,1,1987,0,0,0,0,16,0,0,0,0,0
310110,2,1,1987,0,0,8,0,0,0,32,0,25,0
310111,1,1,1987,0,0,0,0,0,0,0,0,0,0
310112,1,1,1987,0,0,0,0,0,0,0,0,0,0
310112,2,1,1987,2,2,2,2,2,2,2,2,2,2
310113,1,1,1987,16,16,16,16,16,16,16,16,16,16
310114,1,1,1987,10,10,10,10,10,10,10,10,10,10
310115,1,1,1987,0,0,0,0,0,0,0,0,0,0
310116,1,1,1987,4,4,4,4,4,4,4,4,4,4
310117,1,1,1987,5,5,5,5,5,5,5,5,5,5
310118,1,1,1987,10,0,0,10,13,11,0,0,0,0
310118,2,1,1987,6,6,6,6,6,6,6,6,6,6
310119,0,1,1987,0,0,0,0,0,0,0,0,0,0
310119,1,1,1987,0,0,0,0,0,0,0,0,0,0
310120,1,1,1987,17,17,17,17,17,17,17,17,17,17
310121,1,1,1987,10,10,10,10,10,10,10,10,10,10
310121,2,1,1987,0,0,0,0,0,0,0,0,0,0
310122,1,1,1987,0,0,0,0,0,0,0,0,0,0
310123,0,1,1987,0,0,0,0,0,0,0,0,0,0
310123,1,1,1987,16,16,16,16,16,16,16,16,16,16
310124,1,1,1987,0,0,0,0,0,0,0,0,0,0
310125,1,1,1987,20,20,20,20,20,20,20,20,20,20
310126,1,1,1987,0,0,0,0,0,0,0,0,0,0
310127,1,1,1987,0,15,0,0,23,0,6,4,0,0
310128,1,1,1987,0,0,0,0,0,0,0,0,0,0
310129,1,1,1987,25,25,25,25,25,25,25,25,25,25
310130,1,1,1987,16,16,16,16,16,16,16,16,16,16
310131,0,1,1987,0,0,0,0,0,0,0,0,0,0
310131,1,1,1987,0,0,0,0,0,0,0,0,0,0
310132,1,1,1987,0,0,0,0,0,0,0,0,0,0
310133,1,1,1987,0,0,0,26,0,31,0,0,0,18
310134,1,1,1987,15,15,15,15,15,15,15,15,15,15
310135,1,1,1987,0,0,0,0,0,0,0,0,0,0
310135,2,1,1987,0,0,0,0,0,0,0,0,0,0
310136,1,1,1987,0,0,0,0,0,0,0,0,0,0
310136,2,1,1987,25,25,25,25,25,25,25,25,25,25
310137,1,1,1987,0,0,0,0,0,0,0,0,0,0
310138,1,1,1987,0,0,0,0,0,0,0,0,0,0
310139,1,1,1987,0,0,0,0,0,0,0,0,0,0
310139,2,1,1987,0,0,0,0,0,0,0,0,0,0
310140,1,1,1987,0,0,0,0,0,0,0,0,0,0
310141,1,1,1987,0,0,0,0,0,0,0,0,0,0
310141,2,1,1987,0,0,0,0,0,0,0,0,0,0
310142,1,1,1987,0,0,0,0,0,0,0,0,0,0
310143,1,1,1987,0,0,0,0,0,0,16,0,0,0
310143,2,1,1987,0,25,0,0,0,0,0,0,0,0
310144,1,1,1987,31,31,31,31,31,31,31,31,31,31
310145,1,1,1987,0,0,0,0,0,0,0,0,6,0
310145,2,1,1987,0,0,0,0,0,0,0,0,0,0
310146,1,1,1987,25,25,25,25,25,25,25,25,25,25
310147,1,1,1987,0,0,0,0,0,0,10,0,0,0
310147,2,1,1987,0,0,0,0,0,0,0,0,0,0
310147,3,1,1987,6,0,0,0,0,4,0,11,0,0
310147,4,1,1987,0,0,0,0,0,0,0,0,0,0
310147,5,1,1987,0,10,0,0,0,0,0,0,0,0
310148,1,1,1987,0,0,0,0,0,0,0,0,0,0
310148,2,1,1987,0,0,0,0,0,0,0,0,0,0
310149,1,1,1987,12,12,12,12,12,12,12,12,12,12
310150,1,1,1987,0,0,0,0,0,0,0,0,0,0
310151,1,1,1987,0,15,0,8,0,7,0,0,0,0
310151,2,1,1987,0,0,0,0,0,0,0,0,0,0
310152,1,1,1987,0,0,0,0,0,0,0,0,0,0
310152,2,1,1987,0,0,0,0,0,0,0,0,0,0
310152,3,1,1987,0,0,0,0,0,0,0,0,0,0
310153,1,1,1987,0,38,0,20,18,22,4,26,0,11
310153,2,1,1987,16,16,16,16,16,16,16,16,16,16
310154,1,1,1987,0,0,0,0,0,0,0,0,0,0
310154,2,1,1987,0,0,0,0,0,0,0,0,0,0
310155,1,1,1987,0,0,0,0,0,0,0,0,0,0
310156,0,1,1987,31,31,31,31,31,31,31,31,31,31
310156,0,2,1987,24,24,24,24,24,24,24,24,24,24
310156,1,1,1987,7,7,7,7,7,7,7,7,7,7
310157,1,1,1987,34,34,34,34,34,34,34,34,34,34
310157,2,1,1987,0,0,0,0,0,0,0,0,0,0
310158,1,1,1987,0,0,0,0,0,0,0,0,0,0
310159,1,1,1987,0,0,0,0,0,0,0,0,11,0
310159,2,1,1987,7,7,7,7,7,7,7,7,7,7
310159,3,1,1987,0,0,0,14,0,0,0,0,0,0
310160,1,1,1987,0,0,0,0,0,0,0,0,0,0
310161,1,1,1987,12,12,12,12,12,12,12,12,12,12
310162,1,1,1987,0,0,0,0,0,0,0,0,0,0
310163,1,1,1987,0,0,0,0,0,0,0,0,32,0
310163,2,1,1987,0,16,0,0,0,0,0,0,0,0
310164,0,1,1987,4,4,4,4,4,4,4,4,4,4
310164,1,1,1987,12,12,12,12,12,12,12,12,12,12
310165,1,1,1987,0,0,0,0,0,0,0,0,0,0
310165,2,1,1987,0,0,0,0,0,0,0,0,0,0
310165,3,1,1987,10,0,0,0,0,0,0,0,0,0
310166,1,1,1987,0,0,0,0,0,0,0,0,0,0
310166,2,1,1987,0,0,0,0,0,0,0,0,0,0
310167,1,1,1987,0,0,0,0,0,0,0,0,0,0
310168,1,1,1987,0,0,0,0,26,0,0,0,0,12
310169,1,1,1987,0,0,0,0,0,0,0,0,0,0
310169,2,1,1987,0,0,0,0,0,0,0,0,0,0
310170,1,1,1987,0,0,0,0,0,0,0,0,0,0
310171,1,1,1987,0,0,0,0,0,0,0,0,0,0
310171,2,1,1987,29,29,29,29,29,29,29,29,29,29
310172,1,1,1987,0,0,0,0,0,0,0,0,0,0
310173,1,1,1987,16,16,16,16,16,16,16,16,16,16
310173,2,1,1987,5,5,5,5,5,5,5,5,5,5
310174,1,1,1987,0,0,0,0,0,0,0,0,0,0
310175,1,1,1987,10,10,10,10,10,10,10,10,10,10
310176,1,1,1987,19,19,19,19,19,19,19,19,19,19
310177,1,1,1987,0,0,0,0,0,0,0,0,0,0
310177,2,1,1987,0,0,0,0,0,0,0,0,0,0
310177,3,1,1987,0,0,0,0,0,0,0,0,0,0
310178,1,1,1987,21,21,21,21,21,21,21,21,21,21
310179,1,1,1987,0,0,0,0,0,0,0,0,0,0
310180,1,1,1987,0,0,24,0,14,0,0,22,7,0
310180,2,1,1987,0,0,0,0,0,0,0,6,0,0
310181,0,1,1987,0,0,0,0,35,0,0,0,20,19
310181,1,1,1987,16,16,16,16,16,16,16,16,16,16
310182,1,1,1987,0,0,0,0,0,0,0,0,0,0
310182,2,1,1987,0,0,0,0,0,0,0,0,0,0
310183,1,1,1987,22,22,22,22,22,22,22,22,22,22