ST_CASE,VEH_NO,PER_NO,YEAR,P1,P2,P3,P4,P5,P6,P7,P8,P9,P10
340097,2,1,1987,15,0,0,0,0,0,0,0,0,0
340098,1,1,1987,0,0,0,0,0,0,0,0,0,0
340098,2,1,1987,22,22,22,22,22,22,22,22,22,22
340099,0,1,1987,0,0,0,0,0,0,0,0,0,0
340099,0,2,1987,0,0,0,0,0,0,0,0,0,0
340099,1,1,1987,20,20,20,20,20,20,20,20,20,20
340099,2,1,1987,0,0,0,0,0,0,0,0,0,0
340100,1,1,1987,0,0,0,0,0,0,0,0,0,0
340101,1,1,1987,0,22,0,0,0,0,0,0,0,0
340101,2,1,1987,0,0,30,0,19,0,0,13,0,3
340102,1,1,1987,4,4,4,4,4,4,4,4,4,4
340103,1,1,1987,0,0,0,0,0,0,0,0,0,0
340105,1,1,1987,0,0,0,0,0,0,0,0,0,0
340106,1,1,1987,0,0,0,0,0,0,0,0,0,0
340106,2,1,1987,0,0,0,0,0,0,0,0,0,0
340106,3,1,1987,0,0,0,0,0,0,0,0,0,0
340107,0,1,1987,0,0,0,0,0,0,0,0,0,0
340107,1,1,1987,0,0,0,0,0,0,0,0,0,0
340108,1,1,1987,21,21,21,21,21,21,21,21,21,21
340110,0,1,1987,0,0,0,0,0,0,0,0,0,0
340110,1,1,1987,0,0,0,0,0,0,15,0,0,0
340111,1,1,1987,0,0,0,0,0,0,0,12,0,0
340111,2,1,1987,0,0,0,8,0,0,0,0,0,0
340111,3,1,1987,0,0,0,0,0,0,0,0,0,0
340111,4,1,1987,3,3,3,3,3,3,3,3,3,3
340112,1,1,1987,0,0,0,0,0,0,0,0,0,0
340112,2,1,1987,13,13,13,13,13,13,13,13,13,13
340113,1,1,1987,0,0,0,0,0,0,0,0,0,0
340114,1,1,1987,0,0,0,0,0,0,0,0,0,0
340114,2,1,1987,24,24,24,24,24,24,24,24,24,24
340115,1,1,1987,0,0,0,0,0,0,0,0,0,0
340116,1,1,1987,17,17,17,17,17,17,17,17,17,17
340117,1,1,1987,0,0,0,0,0,0,0,0,0,0
340117,2,1,1987,0,0,0,0,0,0,0,0,0,0
340119,1,1,1987,0,0,0,0,0,0,0,0,0,0
340119,2,1,1987,0,0,0,0,0,0,0,0,0,0
340120,0,1,1987,0,0,0,0,0,0,0,0,0,0
340120,1,1,1987,0,0,0,0,0,0,0,0,0,0
340121,1,1,1987,0,0,0,0,0,0,0,0,0,0
340122,0,1,1987,0,0,0,0,0,0,0,0,0,0
340122,1,1,1987,0,0,0,0,0,0,0,0,0,0
340123,0,1,1987,0,0,0,0,0,0,0,0,0,0
340123,1,1,1987,0,0,0,0,0,0,0,0,0,0
340124,1,1,1987,2,2,2,2,2,2,2,2,2,2
340125,1,1,1987,19,19,19,19,19,19,19,19,19,19
340125,2,1,1987,0,0,0,20,0,0,0,0,0,0
340126,0,1,1987,22,31,11,0,11,0,26,17,0,39
340126,1,1,1987,0,0,0,0,0,0,0,0,0,0
340127,0,1,1987,0,0,0,0,0,0,0,0,0,0
340127,1,1,1987,0,0,0,0,0,0,0,0,0,0
340128,1,1,1987,0,0,0,12,0,0,0,0,0,0
340129,1,1,1987,0,0,0,0,0,0,0,0,0,0
340129,2,1,1987,0,0,0,0,0,0,0,0,0,0
340130,1,1,1987,0,0,0,0,0,0,10,0,0,0
340130,2,1,1987,0,0,0,16,0,0,0,0,0,0
340130,3,1,1987,0,0,0,0,0,0,0,0,0,0
340131,0,1,1987,0,0,0,0,0,0,0,0,0,0
340131,1,1,1987,0,0,0,0,0,0,0,0,0,0
340132,1,1,1987,0,0,0,0,0,0,0,0,0,0
340132,2,1,1987,0,0,0,0,0,0,0,0,0,0
340133,0,1,1987,5,5,5,5,5,5,5,5,5,5
340133,0,2,1987,36,20,0,0,2,17,7,0,10,0
340133,1,1,1987,0,0,0,0,0,0,0,0,0,0
340134,1,1,1987,0,0,0,0,0,0,0,0,0,0
340134,2,1,1987,0,0,0,0,0,0,0,0,0,12
340135,1,1,1987,0,0,0,29,0,6,0,0,0,0
340136,1,1,1987,0,0,0,0,0,0,0,0,0,0
340137,0,1,1987,20,20,20,20,20,20,20,20,20,20
340137,1,1,1987,0,0,0,0,0,0,0,0,0,0
340138,1,1,1987,11,6,12,14,14,31,11,21,43,28
340139,1,1,1987,16,16,16,16,16,16,16,16,16,16
340140,0,1,1987,0,0,0,0,0,0,0,0,0,0
340140,1,1,1987,0,0,0,0,8,0,0,0,0,0
340141,0,1,1987,0,0,0,0,0,0,0,0,0,0
340141,0,2,1987,0,0,0,0,0,0,0,0,0,0
340141,1,1,1987,13,13,13,13,13,13,13,13,13,13
340142,1,1,1987,17,17,17,17,17,17,17,17,17,17
340143,1,1,1987,23,23,23,23,23,23,23,23,23,23
340145,0,1,1987,0,0,0,0,0,0,0,0,0,0
340145,1,1,1987,0,0,0,0,0,0,0,0,0,0
340146,1,1,1987,0,0,0,0,0,0,0,0,0,0
340148,1,1,1987,12,12,12,12,12,12,12,12,12,12
340149,0,1,1987,0,0,0,0,0,0,0,0,0,0
340149,1,1,1987,8,8,8,8,8,8,8,8,8,8
340152,1,1,1987,0,0,0,0,0,0,0,0,0,0
340152,2,1,1987,19,19,19,19,19,19,19,19,19,19
340153,1,1,1987,0,0,0,0,0,16,0,0,13,0
340153,2,1,1987,0,0,0,0,0,0,0,0,0,0
340154,0,1,1987,0,0,0,0,0,0,0,0,0,0
340154,0,2,1987,0,0,0,0,0,0,0,0,0,0
340154,1,1,1987,1,1,1,1,1,1,1,1,1,1
340155,1,1,1987,0,0,0,0,0,0,0,0,0,0
340155,2,1,1987,0,0,0,0,0,0,0,0,0,0
340156,1,1,1987,0,0,0,0,0,0,0,0,0,0
340156,2,1,1987,4,4,4,4,4,4,4,4,4,4
340156,3,1,1987,0,0,0,0,0,0,0,0,0,0
340157,1,1,1987,24,24,24,24,24,24,24,24,24,24
340159,1,1,1987,0,0,0,0,0,0,0,0,0,0
340160,0,1,1987,0,0,0,0,0,0,0,0,0,0
340160,1,1,1987,0,0,0,0,0,0,0,0,0,0
340162,0,1,1987,0,0,0,0,0,0,0,0,0,0
340162,1,1,1987,0,0,0,0,0,0,0,0,0,0
340163,1,1,1987,0,0,0,0,0,0,0,0,0,0
340163,2,1,1987,0,0,0,0,0,0,0,0,0,0
340164,1,1,1987,0,0,0,0,0,0,0,0,0,0
340164,2,1,1987,0,0,0,0,0,0,0,0,0,0
340165,1,1,1987,0,0,0,0,0,0,0,0,0,0
340165,2,1,1987,0,0,0,0,0,0,0,0,0,0
340166,1,1,1987,0,0,0,0,0,0,0,0,0,0
340166,2,1,1987,0,0,0,0,0,0,0,0,0,0
340167,1,1,1987,0,0,0,0,0,0,0,0,0,0
340167,2,1,1987,0,0,0,0,0,0,0,0,0,0
340168,0,1,1987,0,0,0,0,0,0,0,0,0,0
340168,1,1,1987,0,0,0,0,0,0,0,0,0,0
340169,0,1,1987,0,11,8,16,0,0,23,0,0,0
340169,1,1,1987,0,0,0,0,0,0,0,0,0,0
340171,0,1,1987,20,20,20,20,20,20,20,20,20,20
340171,1,1,1987,0,0,0,0,0,0,0,0,0,0
340172,1,1,1987,29,29,29,29,29,29,29,29,29,29
340173,1,1,1987,4,4,4,4,4,4,4,4,4,4
340173,2,1,1987,0,0,0,0,0,0,0,0,0,0
340174,0,1,1987,0,0,0,27,0,0,0,0,0,0
340174,1,1,1987,0,0,0,0,0,0,0,0,0,0
340176,1,1,1987,0,0,0,0,0,0,0,0,0,0
340176,2,1,1987,0,0,0,0,0,0,0,0,0,0
340176,3,1,1987,0,0,0,0,0,0,0,0,0,0
340177,0,1,1987,0,0,0,0,0,0,0,0,0,0
340177,1,1,1987,0,0,0,0,0,0,0,0,0,0
340177,2,1,1987,0,0,0,0,0,0,0,0,0,0
340178,1,1,1987,0,0,0,0,0,0,0,0,0,5
340178,2,1,1987,0,0,0,0,0,0,0,0,0,0
340179,1,1,1987,14,14,14,14,14,14,14,14,14,14
340180,0,1,1987,26,26,26,26,26,26,26,26,26,26
340180,1,1,1987,14,19,0,0,22,0,7,12,0,0
340180,2,1,1987,0,0,0,0,0,0,0,0,0,0
340181,1,1,1987,0,0,0,0,0,0,0,0,0,0
340181,2,1,1987,0,0,15,0,0,0,0,0,0,0
340182,1,1,1987,0,0,0,0,0,0,0,0,0,0
340182,2,1,1987,25,25,25,25,25,25,25,25,25,25
340183,0,1,1987,0,0,0,0,0,0,0,0,0,0
340183,1,1,1987,26,26,26,26,26,26,26,26,26,26
340184,1,1,1987,0,0,0,0,0,0,0,0,0,0
340184,2,1,1987,10,10,10,10,10,10,10,10,10,10
340185,1,1,1987,0,0,0,0,0,0,0,0,0,0
340185,2,1,1987,0,0,0,0,0,0,0,0,0,0
340187,1,1,1987,9,0,0,9,0,0,0,0,0,0
340187,2,1,1987,0,0,0,0,0,0,0,0,0,0
340188,1,1,1987,0,0,0,0,0,0,0,0,0,0
340189,1,1,1987,0,0,0,0,0,0,0,0,0,0
340189,2,1,1987,0,0,0,0,0,0,0,0,0,0
340190,1,1,1987,12,12,12,12,12,12,12,12,12,12
340191,1,1,1987,0,0,0,0,0,0,0,0,0,0
340192,0,1,1987,0,0,0,0,7,18,0,7,15,11
340192,1,1,1987,12,12,12,12,12,12,12,12,12,12
340193,1,1,1987,0,0,0,0,0,0,0,0,0,0
340193,2,1,1987,0,0,0,0,0,0,0,0,0,0
340194,1,1,1987,2,2,2,2,2,2,2,2,2,2
340195,1,1,1987,0,0,0,0,0,0,0,13,0,0
340195,2,1,1987,0,0,0,7,0,0,0,0,0,0
340195,3,1,1987,0,0,0,0,0,0,0,0,0,0
340196,1,1,1987,0,0,0,0,0,0,0,0,0,0
340196,2,1,1987,0,0,0,0,0,0,0,0,0,0
340197,1,1,1987,13,13,13,13,13,13,13,13,13,13
340198,1,1,1987,0,0,0,0,0,0,0,0,0,0
340198,2,1,1987,1,1,1,1,1,1,1,1,1,1
340199,0,1,1987,55,11,5,21,0,24,0,45,21,0
340199,0,2,1987,0,0,0,25,0,0,0,0,0,0
340199,1,1,1987,15,15,15,15,15,15,15,15,15,15
340200,1,1,1987,22,22,22,22,22,22,22,22,22,22
340201,1,1,1987,0,0,0,0,0,0,0,0,0,0
340201,2,1,1987,0,0,0,0,0,0,0,0,0,0
340202,0,1,1987,6,6,6,6,6,6,6,6,6,6
340202,1,1,1987,0,0,0,0,0,0,0,0,0,0
340203,0,1,1987,4,4,4,4,4,4,4,4,4,4
340203,1,1,1987,0,13,0,0,0,0,0,0,0,0
340204,1,1,1987,0,0,0,0,0,0,0,0,0,0
340204,2,1,1987,0,0,0,0,0,0,0,0,0,0
340204,3,1,1987,0,0,0,0,0,0,0,0,0,0
340205,0,1,1987,18,18,18,18,18,18,18,18,18,18
340205,1,1,1987,22,0,0,0,0,0,7,0,0,0
340206,1,1,1987,0,0,0,0,0,0,0,0,0,0
340206,2,1,1987,0,0,0,0,0,0,0,0,0,0
340206,3,1,1987,0,0,0,0,0,0,0,0,0,0
340207,1,1,1987,13,13,13,13,13,13,13,13,13,13
340207,2,1,1987,0,0,11,0,0,0,0,0,0,0
340208,1,1,1987,0,0,0,0,0,0,0,0,0,0
340208,2,1,1987,0,0,0,0,0,0,0,0,0,0
340209,1,1,1987,25,0,0,0,0,0,0,0,0,0
340210,0,1,1987,0,0,0,0,12,14,0,0,0,0
340210,1,1,1987,0,0,0,0,0,0,0,0,0,0
340211,0,1,1987,0,0,0,0,0,0,0,0,0,0
340211,1,1,1987,0,0,0,0,0,0,0,0,0,0
340211,2,1,1987,0,17,0,0,0,0,0,0,0,0
340212,1,1,1987,11,0,19,23,17,0,9,0,30,14
340213,0,1,1987,0,0,0,0,0,0,0,0,0,0
340213,1,1,1987,0,0,0,0,0,0,0,0,0,0
340214,0,1,1987,0,0,0,0,0,0,0,0,0,0
340214,1,1,1987,0,0,0,0,0,0,0,0,0,0
340215,0,1,1987,0,0,0,0,0,0,0,0,0,0
340215,1,1,1987,0,0,0,0,0,0,0,0,12,0
340216,0,1,1987,0,0,0,0,0,0,0,0,0,0
340216,1,1,1987,0,0,0,0,0,0,0,0,0,0
340217,1,1,1987,11,11,11,11,11,11,11,11,11,11
340217,2,1,1987,0,0,0,0,0,0,0,0,0,0
340218,1,1,1987,0,0,0,0,4,0,18,0,23,13
340218,2,1,1987,0,0,0,0,0,0,0,0,0,0
340219,0,1,1987,0,0,0,0,0,0,0,0,0,0
340219,1,1,1987,10,10,10,10,10,10,10,10,10,10
340220,1,1,1987,0,0,0,0,0,0,0,0,0,0
340221,1,1,1987,0,8,9,0,20,0,0,22,0,21
340221,2,1,1987,25,25,25,25,25,25,25,25,25,25
340222,0,1,1987,25,17,0,0,0,8,16,14,9,0
340222,1,1,1987,0,0,0,0,0,1,0,0,0,0
340223,1,1,1987,0,0,0,0,0,0,0,0,0,0
340224,1,1,1987,0,0,0,0,0,0,0,0,0,0
340224,2,1,1987,0,0,0,0,0,0,0,0,0,0
340225,1,1,1987,24,24,24,24,24,24,24,24,24,24
340225,2,1,1987,0,0,0,0,0,0,0,0,0,0
340226,1,1,1987,4,4,4,4,4,4,4,4,4,4
340227,1,1,1987,0,0,0,0,0,0,0,0,0,0
340227,2,1,1987,0,0,0,0,0,0,0,0,0,0
340227,3,1,1987,0,0,0,0,0,0,0,0,0,0
340228,1,1,1987,0,0,0,0,0,0,0,0,0,0
340228,2,1,1987,0,0,0,0,0,0,0,0,0,0
340229,1,1,1987,30,30,30,30,30,30,30,30,30,30
340231,0,1,1987,27,27,27,27,27,27,27,27,27,27
340231,1,1,1987,0,0,0,0,0,0,0,0,0,0
340232,1,1,1987,14,14,14,14,14,14,14,14,14,14
340233,1,1,1987,0,0,0,0,0,0,0,0,0,0
340234,1,1,1987,0,0,0,0,0,0,0,0,0,0
340234,2,1,1987,2,2,2,2,2,2,2,2,2,2
340235,1,1,1987,0,0,0,0,0,0,0,0,0,0
340236,1,1,1987,0,0,0,0,0,0,0,0,0,0
340237,1,1,1987,0,0,0,0,0,0,0,0,0,0
340237,2,1,1987,0,0,0,0,0,0,0,0,0,0
340238,1,1,1987,0,0,0,0,0,0,0,0,0,0
340238,2,1,1987,0,0,0,0,0,0,0,0,0,0
340238,3,1,1987,0,10,0,0,0,0,0,0,0,0
340239,0,1,1987,0,0,0,0,0,0,0,0,0,0
340239,1,1,1987,0,0,0,0,0,0,0,0,0,0
340240,1,1,1987,0,0,0,0,0,0,0,0,0,0
340240,2,1,1987,0,0,0,0,0,0,0,0,0,0
340240,3,1,1987,0,0,0,0,0,0,0,0,0,0
340240,4,1,1987,0,0,0,0,0,0,0,0,0,0
340240,5,1,1987,0,0,0,0,0,0,0,0,0,0
340241,1,1,1987,27,27,27,27,27,27,27,27,27,27
340241,2,1,1987,0,0,0,0,0,0,0,0,0,0
340242,1,1,1987,0,0,0,0,0,0,0,0,0,0
340242,2,1,1987,0,0,0,0,0,0,0,0,0,0
340243,1,1,1987,0,0,0,0,0,0,0,0,0,0
340243,2,1,1987,0,0,0,0,0,0,0,0,0,0
340243,3,1,1987,0,0,0,0,0,0,0,0,0,0
340244,1,1,1987,26,26,26,26,26,26,26,26,26,26
340245,1,1,1987,28,28,28,28,28,28,28,28,28,28
340245,2,1,1987,2,2,2,2,2,2,2,2,2,2
340246,1,1,1987,0,19,0,0,0,0,0,0,21,0
340246,2,1,1987,12,12,12,12,12,12,12,12,12,12
340246,3,1,1987,0,0,0,0,0,0,0,0,0,0
340247,0,1,1987,0,0,0,0,0,0,0,0,0,0
340247,1,1,1987,0,0,0,0,0,17,0,0,11,0
340248,1,1,1987,0,0,0,0,0,0,0,0,0,0
340248,2,1,1987,0,0,0,0,0,0,0,0,0,0
340249,1,1,1987,35,35,35,35,35,35,35,35,35,35
340250,1,1,1987,0,0,0,0,0,0,0,0,0,0
340251,1,1,1987,20,20,20,20,20,20,20,20,20,20
340251,2,1,1987,14,14,14,14,14,14,14,14,14,14
340252,1,1,1987,0,0,0,0,0,0,0,0,0,0
340252,2,1,1987,0,0,0,0,0,0,0,0,0,0
340252,3,1,1987,0,0,0,0,0,0,0,0,0,0
340253,0,1,1987,18,18,18,18,18,18,18,18,18,18
340253,1,1,1987,0,0,0,0,0,0,0,0,0,9
340254,1,1,1987,26,26,26,26,26,26,26,26,26,26
340255,1,1,1987,0,0,0,0,0,0,0,0,0,0
340256,1,1,1987,0,0,0,0,0,0,0,0,0,0
340257,1,1,1987,14,14,14,14,14,14,14,14,14,14
340258,1,1,1987,0,0,0,0,0,0,0,0,0,0
340258,2,1,1987,0,0,0,0,0,0,0,0,0,0
340259,0,1,1987,0,0,0,0,0,0,0,0,0,0
340259,1,1,1987,0,0,0,0,0,0,0,0,0,0
340260,0,1,1987,0,0,0,0,0,0,0,0,0,0
340260,1,1,1987,0,0,0,0,0,0,0,0,0,0
340260,2,1,1987,0,0,0,0,0,0,0,0,0,0
340261,1,1,1987,0,0,0,0,0,0,0,0,0,0
340263,1,1,1987,24,24,24,24,24,24,24,24,24,24
340264,1,1,1987,13,13,13,13,13,13,13,13,13,13
340265,1,1,1987,0,0,0,0,0,0,0,0,0,0
340265,2,1,1987,0,0,0,0,0,0,0,0,0,0
340266,1,1,1987,0,0,0,0,0,0,0,0,0,0
340266,2,1,1987,0,0,0,0,0,0,0,0,0,0
340267,0,1,1987,0,0,0,0,0,0,0,0,0,0
340267,1,1,1987,0,19,0,0,0,0,0,0,0,0
340268,1,1,1987,0,0,0,0,0,22,0,0,0,0
340269,0,1,1987,14,14,14,14,14,14,14,14,14,14
340269,1,1,1987,0,0,0,0,0,0,0,0,0,0
340270,1,1,1987,0,0,0,0,0,0,0,0,0,0
340271,1,1,1987,0,0,0,0,0,0,0,0,0,0
340272,1,1,1987,5,5,5,5,5,5,5,5,5,5
340273,0,1,1987,0,0,0,0,0,0,0,0,0,0
340273,1,1,1987,0,0,0,0,0,0,0,0,0,0
340274,0,1,1987,0,0,0,0,0,0,0,0,0,0
340274,1,1,1987,0,0,0,0,0,0,0,0,0,7
340275,1,1,1987,24,24,24,24,24,24,24,24,24,24
340277,1,1,1987,0,0,0,0,0,0,0,0,0,0
340277,2,1,1987,0,0,0,0,0,0,0,0,0,0
340277,3,1,1987,0,0,0,0,0,0,0,0,0,0
340277,4,1,1987,0,0,0,0,0,0,0,0,0,0
340277,5,1,1987,0,11,0,0,0,0,0,0,0,0
340277,6,1,1987,0,0,0,0,0,0,0,0,0,0
340277,7,1,1987,0,0,0,0,0,0,0,0,0,0
340277,8,1,1987,0,0,0,0,0,0,0,0,0,0
340277,9,1,1987,0,0,0,0,0,0,0,0,0,0
340277,10,1,1987,0,0,0,0,0,0,0,0,0,0
340277,11,1,1987,0,0,0,0,0,0,0,0,0,0
340277,12,1,1987,0,0,0,0,0,0,0,0,0,0
340277,13,1,1987,0,0,0,0,0,0,0,0,0,0
340278,1,1,1987,25,25,25,25,25,25,25,25,25,25
340278,2,1,1987,0,0,0,0,0,0,0,0,0,0
340279,1,1,1987,17,17,17,17,17,17,17,17,17,17
340280,1,1,1987,0,0,0,0,0,0,0,0,0,0
340280,2,1,1987,10,10,10,10,10,10,10,10,10,10
340281,0,1,1987,22,22,22,22,22,22,22,22,22,22
340281,1,1,1987,0,0,0,0,0,0,0,0,0,0
340282,1,1,1987,0,0,0,0,0,0,0,0,0,0
340282,2,1,1987,0,0,0,0,0,0,0,0,0,0
340283,0,1,1987,22,22,22,22,22,22,22,22,22,22
340283,1,1,1987,0,0,0,0,0,0,0,0,0,0
340284,1,1,1987,0,0,0,0,0,0,0,0,0,0
340285,1,1,1987,0,0,0,0,0,0,0,0,0,0
340286,1,1,1987,0,0,0,0,0,0,0,0,0,0
340286,2,1,1987,0,0,0,0,0,0,0,0,0,0
340287,1,1,1987,16,16,16,16,16,16,16,16,16,16
340288,0,1,1987,0,0,0,0,0,0,0,0,0,0
340288,1,1,1987,0,0,0,0,0,0,0,0,0,0
340289,1,1,1987,0,0,0,0,0,0,0,0,0,0
340289,2,1,1987,14,26,16,0,20,8,13,24,17,15
340290,1,1,1987,19,19,19,19,19,19,19,19,19,19
340291,0,1,1987,0,0,0,0,0,0,0,0,0,0
340291,1,1,1987,0,0,0,0,0,0,0,0,0,0
340293,0,1,1987,0,0,0,0,0,0,0,0,0,0
340293,1,1,1987,0,0,0,0,0,24,0,0,0,0
340294,0,1,1987,20,20,20,20,20,20,20,20,20,20
340294,1,1,1987,0,12,0,0,0,0,0,0,0,0
340295,1,1,1987,0,0,0,0,0,0,0,0,0,0
340295,2,1,1987,0,0,0,0,14,0,0,0,0,0
340296,1,1,1987,0,0,0,0,0,0,0,0,0,0
340296,2,1,1987,0,0,0,0,0,0,0,0,0,0
340297,1,1,1987,0,0,0,0,0,0,0,0,0,0
340298,1,1,1987,0,0,0,0,0,0,0,0,0,0
340299,1,1,1987,13,13,13,13,13,13,13,13,13,13
340299,2,1,1987,0,0,13,0,0,26,0,14,0,5
340300,1,1,1987,0,0,0,0,0,0,0,0,0,4
340301,1,1,1987,11,11,11,11,11,11,11,11,11,11
340302,1,1,1987,15,11,0,0,0,0,0,0,0,0
340303,1,1,1987,8,8,8,8,8,8,8,8,8,8
340304,0,1,1987,0,0,0,0,0,0,0,0,0,0
340304,1,1,1987,0,0,0,0,12,0,0,30,0,0
340305,1,1,1987,0,0,0,0,0,0,0,0,0,0
340305,2,1,1987,0,0,0,0,0,0,0,0,0,0
340305,3,1,1987,0,0,0,0,0,0,0,0,0,0
340305,4,1,1987,0,0,0,0,0,0,0,0,0,0
340306,1,1,1987,0,0,0,0,0,0,0,0,0,0
340306,2,1,1987,0,0,0,0,0,0,0,0,0,0
340308,1,1,1987,0,0,0,0,0,0,0,0,0,0
340308,2,1,1987,0,0,0,0,0,0,0,0,0,0
340309,1,1,1987,0,0,0,0,0,0,0,0,0,0
340309,2,1,1987,0,18,0,0,0,0,0,0,0,0
340310,1,1,1987,0,0,0,0,0,0,0,0,0,0
340311,1,1,1987,2,2,2,2,2,2,2,2,2,2
340312,1,1,1987,0,0,0,0,0,0,0,0,0,0
340313,1,1,1987,0,0,0,0,0,0,0,0,0,0
340313,2,1,1987,0,0,0,0,0,0,0,0,0,0
340313,3,1,1987,0,0,0,0,0,0,0,0,0,0
340314,0,1,1987,0,0,0,0,0,0,0,0,0,0
340314,1,1,1987,0,0,0,0,0,0,0,0,0,0
340315,0,1,1987,0,0,0,0,0,0,0,0,0,0
340315,1,1,1987,0,0,0,0,0,0,0,0,0,0
340316,0,1,1987,0,0,0,0,0,0,0,0,0,0
340316,1,1,1987,0,0,0,0,0,0,5,0,0,0
340318,1,1,1987,0,0,0,0,0,0,0,0,0,0
340320,1,1,1987,10,28,29,20,22,17,21,6,27,10
340321,1,1,1987,0,0,0,0,0,0,0,0,0,0
340321,2,1,1987,16,16,16,16,16,16,16,16,16,16
340322,1,1,1987,0,0,0,0,0,0,0,0,0,0
340322,2,1,1987,0,0,0,0,0,0,0,0,0,0
340324,1,1,1987,0,0,0,0,0,0,0,0,0,0
340324,2,1,1987,0,0,0,0,0,0,0,0,0,0
340324,3,1,1987,0,0,0,0,0,0,0,0,0,0
340325,1,1,1987,0,0,0,0,0,0,0,0,0,0
340325,2,1,1987,0,0,0,0,0,0,0,0,0,0
340326,0,1,1987,0,0,0,0,0,0,0,0,0,0
340326,1,1,1987,0,0,0,0,0,0,0,0,0,0
340327,1,1,1987,14,14,14,14,14,14,14,14,14,14
340328,1,1,1987,27,27,27,27,27,27,27,27,27,27
340328,2,1,1987,0,0,0,0,0,0,13,0,0,7
340329,1,1,1987,0,0,0,0,0,0,0,0,0,0
340329,2,1,1987,0,0,0,0,0,0,0,0,0,0
340330,1,1,1987,0,0,0,0,0,0,14,0,0,0
340330,2,1,1987,14,14,14,14,14,14,14,14,14,14
340330,3,1,1987,0,0,0,0,0,0,0,0,3,0
340331,1,1,1987,7,7,7,7,7,7,7,7,7,7
340331,2,1,1987,13,13,13,13,13,13,13,13,13,13
340332,0,1,1987,0,0,0,0,0,0,0,0,0,0
340332,1,1,1987,10,10,10,10,10,10,10,10,10,10
340335,1,1,1987,0,0,14,0,0,0,0,0,0,0
340335,2,1,1987,0,0,0,0,0,0,0,0,0,0
340336,1,1,1987,0,0,0,0,0,0,0,0,0,0
340336,2,1,1987,0,0,0,0,0,0,0,0,0,0
340337,0,1,1987,3,3,3,3,3,3,3,3,3,3
340337,1,1,1987,0,21,4,0,6,0,29,0,0,0
340338,1,1,1987,19,19,19,19,19,19,19,19,19,19
340339,1,1,1987,0,0,0,0,0,0,0,0,0,0
340339,2,1,1987,19,19,19,19,19,19,19,19,19,19
340341,1,1,1987,0,0,0,0,0,0,0,0,0,0
340341,2,1,1987,0,0,0,0,0,0,0,0,0,0
340342,1,1,1987,0,0,0,0,0,0,0,0,0,0
340342,2,1,1987,13,13,13,13,13,13,13,13,13,13
340343,1,1,1987,14,14,14,14,14,14,14,14,14,14
340344,1,1,1987,0,0,0,0,0,0,0,0,0,0
340344,2,1,1987,0,0,0,0,0,0,0,0,0,0
340344,3,1,1987,0,0,0,0,0,0,0,0,0,0
340345,1,1,1987,0,0,0,0,0,0,0,0,0,0
340345,2,1,1987,0,0,0,0,0,0,0,0,0,0
340346,1,1,1987,0,0,0,0,0,0,0,0,0,0
340346,2,1,1987,0,0,28,0,0,0,0,0,0,0
340347,1,1,1987,5,5,5,5,5,5,5,5,5,5
340349,1,1,1987,0,0,0,0,0,0,0,0,0,19
340349,2,1,1987,0,0,0,0,0,0,0,10,0,0
340350,0,1,1987,0,0,0,0,0,0,0,0,0,0
340350,1,1,1987,0,0,0,0,0,0,0,0,0,0
340352,0,1,1987,0,0,0,0,0,0,0,0,0,0
340352,1,1,1987,0,0,0,0,0,0,0,16,0,0
340353,1,1,1987,9,9,9,9,9,9,9,9,9,9
340354,1,1,1987,0,0,0,0,0,0,0,0,0,0
340355,1,1,1987,15,15,15,15,15,15,15,15,15,15
340358,1,1,1987,0,0,0,0,0,0,0,0,0,0
340359,1,1,1987,0,0,0,0,0,0,0,0,0,0
340359,2,1,1987,4,4,4,4,4,4,4,4,4,4
340360,1,1,1987,0,0,0,0,0,0,0,0,0,0
340360,2,1,1987,0,0,0,0,0,0,0,0,0,0
340361,1,1,1987,0,0,0,0,0,0,0,0,0,0
340362,1,1,1987,0,0,5,7,0,0,0,9,0,0
340362,2,1,1987,0,0,0,0,0,0,0,0,0,0
340363,0,1,1987,17,17,17,17,17,17,17,17,17,17
340363,0,2,1987,11,11,13,6,0,13,0,0,6,9
340363,1,1,1987,0,0,0,0,0,0,0,0,0,0
340364,0,1,1987,0,0,0,0,0,0,0,0,0,0
340364,1,1,1987,0,0,0,0,0,0,0,0,0,0
340365,1,1,1987,0,0,0,0,0,0,0,0,0,0
340366,1,1,1987,0,0,0,0,0,0,0,0,0,0
340366,2,1,1987,0,0,0,0,0,0,0,0,0,0
340367,1,1,1987,0,0,0,0,0,0,0,0,0,0
340368,1,1,1987,0,0,0,0,0,0,0,0,0,0
340369,1,1,1987,7,7,7,7,7,7,7,7,7,7
340369,2,1,1987,0,0,0,0,0,0,0,0,0,0
340370,0,1,1987,0,0,0,0,0,0,0,0,0,0
340370,1,1,1987,0,0,0,0,0,16,0,31,31,21
340371,1,1,1987,0,0,0,0,0,0,0,0,0,0
340371,2,3,1987,3,0,6,0,0,0,0,0,0,0
340373,1,1,1987,0,0,0,0,0,0,0,0,0,0
340373,2,1,1987,0,0,0,0,0,0,0,0,0,0
340375,1,1,1987,9,9,9,9,9,9,9,9,9,9
340376,1,1,1987,0,0,0,0,0,0,0,0,0,0
340377,0,1,1987,0,0,0,0,0,0,0,0,0,0
340377,1,1,1987,0,0,0,0,0,4,0,0,0,0
340378,0,1,1987,0,0,0,0,0,0,0,0,0,0
340378,1,1,1987,0,0,0,0,0,0,0,0,0,0
340379,0,1,1987,0,0,0,0,0,0,0,0,0,0
340379,1,1,1987,0,0,0,0,0,0,0,0,0,0
340380,1,1,1987,0,0,0,0,0,18,0,0,0,0
340380,2,1,1987,0,0,0,0,13,0,0,0,0,0
340381,1,1,1987,0,0,0,0,0,0,0,0,0,0