ST_CASE,VEH_NO,PER_NO,YEAR,P1,P2,P3,P4,P5,P6,P7,P8,P9,P10
340382,1,1,1987,0,0,0,0,0,0,0,0,0,0
340383,0,1,1987,0,0,0,0,0,0,0,0,0,0
340383,1,1,1987,0,0,0,0,0,0,0,0,0,0
340384,1,1,1987,0,0,0,0,0,0,0,0,0,0
340384,2,1,1987,0,0,0,0,0,0,0,0,0,0
340384,3,1,1987,0,0,0,0,0,0,0,0,0,0
340385,1,1,1987,19,19,19,19,19,19,19,19,19,19
340386,0,1,1987,5,5,5,5,5,5,5,5,5,5
340386,1,1,1987,17,17,17,17,17,17,17,17,17,17
340387,1,1,1987,0,0,0,0,0,0,0,0,0,0
340387,2,1,1987,0,0,0,0,0,0,0,0,0,0
340388,0,1,1987,0,0,0,0,0,0,0,0,0,0
340388,1,1,1987,0,0,0,0,0,14,0,0,0,0
340389,1,1,1987,19,19,19,19,19,19,19,19,19,19
340389,2,1,1987,0,0,0,0,0,0,0,0,0,0
340389,3,1,1987,0,0,0,0,0,0,0,0,0,0
340390,1,1,1987,0,0,0,0,0,0,0,0,0,0
340390,2,1,1987,0,0,0,0,0,0,0,0,0,0
340391,1,1,1987,0,0,0,0,0,0,0,0,0,0
340392,1,1,1987,0,0,0,0,0,0,0,0,0,0
340392,2,1,1987,14,0,0,0,0,0,12,6,0,0
340393,1,1,1987,0,0,0,0,0,0,0,0,0,0
340393,2,1,1987,0,0,0,0,0,0,0,0,0,0
340394,1,1,1987,0,0,0,0,0,0,0,0,0,0
340394,2,1,1987,0,0,0,0,0,0,0,0,0,0
340395,1,1,1987,0,0,0,0,0,0,0,0,0,0
340395,2,1,1987,0,0,0,0,0,0,0,0,0,0
340396,0,1,1987,0,0,0,0,0,0,0,0,0,0
340396,1,1,1987,0,0,0,0,0,0,0,0,0,0
340397,1,1,1987,9,9,9,9,9,9,9,9,9,9
340398,1,1,1987,0,0,0,0,0,0,0,0,0,0
340398,2,1,1987,0,0,0,0,0,0,0,0,0,0
340399,1,1,1987,0,0,0,0,0,0,0,0,0,0
340400,1,1,1987,0,0,0,0,0,0,0,0,0,0
340401,1,1,1987,0,0,0,0,16,0,0,0,9,23
340402,0,1,1987,0,0,0,0,0,0,0,0,0,0
340402,1,1,1987,0,0,0,0,9,0,9,0,0,0
340403,1,1,1987,0,0,0,0,0,0,0,0,0,0
340403,2,1,1987,0,0,0,0,0,8,0,15,0,0
340404,1,1,1987,0,0,0,0,0,0,0,0,0,0
340404,2,1,1987,0,0,0,0,0,0,0,0,0,0
340405,1,1,1987,18,18,18,18,18,18,18,18,18,18
340405,2,1,1987,22,0,0,0,0,0,0,0,0,0
340406,1,1,1987,0,0,0,0,0,0,0,0,0,0
340406,2,1,1987,14,0,0,0,0,0,0,0,0,0
340408,1,1,1987,0,0,0,0,0,0,0,0,0,0
340408,2,1,1987,0,0,0,0,0,0,0,0,0,0
340409,1,1,1987,0,0,0,0,0,0,0,0,0,0
340409,2,1,1987,0,0,0,0,0,0,0,0,0,0
340410,0,1,1987,6,6,6,6,6,6,6,6,6,6
340410,1,1,1987,0,0,0,0,0,0,0,0,0,0
340411,1,1,1987,0,0,0,0,0,0,0,0,0,0
340411,2,1,1987,0,0,0,0,0,0,0,0,0,0
340412,1,1,1987,0,0,0,0,0,0,0,0,0,0
340412,2,1,1987,26,26,26,26,26,26,26,26,26,26
340414,1,1,1987,0,0,0,0,0,0,0,0,0,0
340414,2,1,1987,0,0,0,0,0,0,0,0,0,0
340414,3,1,1987,0,0,0,0,0,25,0,0,0,0
340415,1,1,1987,27,27,27,27,27,27,27,27,27,27
340416,0,1,1987,0,0,0,0,0,0,0,0,0,0
340416,1,1,1987,0,0,0,0,0,0,0,0,0,0
340417,1,1,1987,4,4,4,4,4,4,4,4,4,4
340417,2,1,1987,0,0,0,0,0,0,0,0,0,0
340418,1,1,1987,9,9,9,9,9,9,9,9,9,9
340419,1,1,1987,0,0,0,0,0,0,0,0,0,0
340420,1,1,1987,10,10,10,10,10,10,10,10,10,10
340421,0,1,1987,37,37,37,37,37,37,37,37,37,37
340421,1,1,1987,0,0,0,0,0,0,0,0,0,0
340422,1,1,1987,0,0,0,0,0,0,0,0,0,0
340422,2,1,1987,0,0,0,0,0,0,0,0,0,0
340423,1,1,1987,0,0,0,0,0,0,0,0,0,0
340423,2,1,1987,0,0,0,0,0,0,0,0,0,0
340424,1,1,1987,0,0,0,0,0,0,0,0,0,0
340424,2,1,1987,0,0,0,0,0,0,0,0,0,0
340425,0,1,1987,0,0,0,0,0,0,0,0,0,0
340425,1,1,1987,0,0,0,0,0,0,0,0,0,0
340426,1,1,1987,29,29,29,29,29,29,29,29,29,29
340427,1,1,1987,0,0,0,0,0,0,0,0,0,0
340428,0,1,1987,0,0,0,0,0,0,0,2,0,0
340428,1,1,1987,7,0,0,0,0,0,0,0,0,0
340429,1,1,1987,0,0,0,0,0,0,0,0,0,0
340430,1,1,1987,4,4,4,4,4,4,4,4,4,4
340432,1,1,1987,0,0,0,0,0,0,0,0,0,0
340433,1,1,1987,0,0,0,0,0,0,0,0,0,0
340433,2,1,1987,0,0,0,0,0,0,0,0,0,0
340434,1,1,1987,0,0,0,0,0,0,0,0,0,0
340435,0,1,1987,19,19,19,19,19,19,19,19,19,19
340435,1,1,1987,6,6,6,6,6,6,6,6,6,6
340436,1,1,1987,0,15,0,0,0,0,0,17,0,0
340436,2,1,1987,0,0,0,0,0,0,0,0,0,0
340436,3,1,1987,0,11,27,0,3,0,17,13,18,14
340437,1,1,1987,0,0,0,0,0,0,0,0,0,0
340438,1,1,1987,0,0,0,0,0,0,0,0,0,0
340438,2,1,1987,0,0,0,0,0,0,0,0,0,0
340439,1,1,1987,1,1,1,1,1,1,1,1,1,1
340439,2,1,1987,0,0,0,0,0,0,0,0,0,0
340440,1,1,1987,22,22,22,22,22,22,22,22,22,22
340441,1,1,1987,5,5,5,5,5,5,5,5,5,5
340442,0,1,1987,0,0,0,0,0,0,0,0,0,0
340442,1,1,1987,0,0,0,0,0,0,0,0,0,0
340443,1,1,1987,0,0,0,0,0,0,0,0,0,0
340443,2,1,1987,0,0,0,0,0,0,0,0,0,0
340444,0,1,1987,0,0,0,0,0,0,0,0,0,0
340444,1,1,1987,18,18,18,18,18,18,18,18,18,18
340445,1,1,1987,23,23,23,23,23,23,23,23,23,23
340446,1,1,1987,0,0,0,0,0,0,0,0,0,0
340446,2,1,1987,0,0,0,0,0,0,0,0,0,0
340447,0,1,1987,31,31,31,31,31,31,31,31,31,31
340447,1,1,1987,0,0,0,0,0,0,0,0,0,0
340448,1,1,1987,18,18,18,18,18,18,18,18,18,18
340449,0,1,1987,17,17,17,17,17,17,17,17,17,17
340449,1,1,1987,11,0,0,0,0,0,0,0,0,0
340450,0,1,1987,15,15,15,15,15,15,15,15,15,15
340450,1,1,1987,0,0,0,15,0,0,0,0,0,21
340451,1,1,1987,10,10,10,10,10,10,10,10,10,10
340451,2,1,1987,0,0,0,0,0,0,0,0,0,0
340452,1,1,1987,0,0,0,0,0,0,0,0,0,0
340452,2,1,1987,0,0,0,0,0,0,0,0,0,0
340453,1,1,1987,15,15,15,15,15,15,15,15,15,15
340454,0,1,1987,0,0,0,0,33,0,0,0,0,0
340454,1,1,1987,0,0,0,0,0,0,0,0,0,9
340455,1,1,1987,16,16,16,16,16,16,16,16,16,16
340455,2,1,1987,6,0,0,0,0,0,2,0,0,0
340456,1,4,1987,0,0,0,0,0,0,0,0,3,0
340457,0,1,1987,0,0,0,0,0,0,0,0,0,0
340457,1,1,1987,0,0,0,0,0,0,0,0,0,0
340458,1,1,1987,0,0,0,0,0,0,0,0,0,0
340458,2,1,1987,0,0,0,0,0,0,0,24,0,0
340459,1,1,1987,0,0,0,0,0,0,0,0,0,0
340459,2,1,1987,0,0,0,0,0,0,0,0,0,0
340459,3,1,1987,0,0,0,0,0,0,0,0,0,0
340460,0,1,1987,0,0,0,0,0,0,0,0,0,0
340460,1,1,1987,0,20,0,0,0,0,0,0,0,0
340461,0,1,1987,0,0,0,0,0,0,0,0,0,0
340461,1,1,1987,0,0,0,0,8,0,0,0,0,0
340462,0,1,1987,0,0,0,0,0,0,0,0,0,0
340462,1,1,1987,0,0,0,0,0,0,0,0,0,0
340463,1,1,1987,0,0,0,0,0,0,0,0,0,0
340464,1,1,1987,19,0,0,0,0,0,23,0,29,0
340465,1,1,1987,0,0,0,0,0,0,0,0,0,0
340465,2,1,1987,13,13,13,13,13,13,13,13,13,13
340466,1,1,1987,20,20,20,20,20,20,20,20,20,20
340467,0,1,1987,0,0,0,0,0,0,0,0,0,0
340467,1,1,1987,0,0,0,0,0,0,0,0,0,0
340468,1,1,1987,13,13,13,13,13,13,13,13,13,13
340468,2,1,1987,0,0,0,0,0,0,0,0,0,0
340468,3,1,1987,0,0,0,0,0,0,0,0,0,0
340469,1,1,1987,9,9,9,9,9,9,9,9,9,9
340470,0,1,1987,22,22,22,22,22,22,22,22,22,22
340470,1,1,1987,0,4,24,0,18,23,0,0,19,5
340471,1,1,1987,29,29,29,29,29,29,29,29,29,29
340471,2,1,1987,0,0,0,3,0,0,26,0,0,0
340472,1,1,1987,5,5,5,5,5,5,5,5,5,5
340473,1,1,1987,0,0,0,0,0,0,0,0,0,0
340473,2,1,1987,0,0,0,0,0,0,0,0,0,0
340474,1,1,1987,28,28,28,28,28,28,28,28,28,28
340475,1,1,1987,0,0,0,0,0,0,0,0,0,0
340475,2,1,1987,0,0,0,0,0,0,0,0,0,0
340476,1,1,1987,0,0,0,0,0,0,0,0,0,0
340476,2,1,1987,0,0,0,0,0,0,0,0,0,0
340476,3,1,1987,0,0,0,0,0,0,0,0,0,0
340476,4,1,1987,0,0,0,0,0,0,0,0,0,0
340476,5,1,1987,0,0,0,0,0,0,0,0,0,11
340476,6,1,1987,0,0,0,0,0,2,0,0,0,0
340476,7,1,1987,0,0,0,0,0,0,0,0,0,0
340476,8,1,1987,0,0,0,0,0,0,0,0,0,0
340476,9,1,1987,0,0,0,0,0,0,0,0,0,0
340477,1,1,1987,0,0,0,0,0,0,0,0,0,0
340478,1,1,1987,9,9,9,9,9,9,9,9,9,9
340479,1,1,1987,0,16,0,8,0,0,3,0,0,0
340480,1,1,1987,7,7,7,7,7,7,7,7,7,7
340481,1,1,1987,0,0,0,0,0,0,0,0,0,0
340481,2,1,1987,0,0,0,0,0,0,0,0,0,0
340482,0,1,1987,33,33,33,33,33,33,33,33,33,33
340482,1,1,1987,3,3,3,3,3,3,3,3,3,3
340483,0,1,1987,0,0,0,0,0,0,0,0,0,0
340483,1,1,1987,0,0,0,0,0,0,0,0,0,0
340484,1,1,1987,0,0,0,0,0,0,0,0,0,0
340484,2,1,1987,0,0,0,0,0,10,0,0,0,0
340484,3,1,1987,0,0,0,0,0,0,0,0,0,0
340485,1,1,1987,11,11,11,11,11,11,11,11,11,11
340486,1,1,1987,0,16,0,9,0,0,36,0,0,0
340486,2,1,1987,16,16,16,16,16,16,16,16,16,16
340487,1,1,1987,19,19,19,19,19,19,19,19,19,19
340488,1,1,1987,0,19,14,0,11,8,0,17,0,0
340488,2,1,1987,10,16,11,0,12,0,0,15,11,0
340489,1,1,1987,0,0,0,0,0,0,0,0,0,0
340491,1,1,1987,11,11,11,11,11,11,11,11,11,11
340492,1,1,1987,0,0,0,0,0,0,0,0,0,0
340493,1,1,1987,0,0,0,0,0,0,0,0,6,0
340493,2,1,1987,0,0,0,0,0,0,0,0,0,23
340494,1,1,1987,0,0,0,0,0,0,0,0,0,0
340495,1,1,1987,0,0,0,0,0,0,0,0,0,0
340495,2,1,1987,17,17,17,17,17,17,17,17,17,17
340496,1,1,1987,0,0,0,0,0,0,0,0,0,15
340496,2,1,1987,0,0,0,0,0,0,0,0,0,0
340498,0,1,1987,20,20,20,20,20,20,20,20,20,20
340498,1,1,1987,22,22,22,22,22,22,22,22,22,22
340499,0,1,1987,0,0,0,0,0,0,0,0,0,0
340499,1,1,1987,0,0,0,0,0,0,0,0,0,0
340500,1,1,1987,0,0,0,0,0,0,0,0,0,0
340501,1,1,1987,0,0,0,0,0,0,0,0,0,0
340501,2,1,1987,0,0,0,0,0,0,0,0,0,0
340502,1,1,1987,0,0,0,0,0,0,0,0,0,0
340502,2,1,1987,0,0,0,0,0,0,0,0,0,0
340503,1,1,1987,0,0,0,0,0,0,0,0,0,0
340504,1,1,1987,0,0,0,0,0,0,0,0,0,0
340504,2,1,1987,0,0,0,0,0,0,0,0,0,0
340505,1,1,1987,0,0,0,0,0,0,0,0,0,0
340506,0,1,1987,0,0,0,0,0,0,0,0,0,0
340506,1,1,1987,0,0,0,0,0,0,0,0,0,0
340507,0,1,1987,0,11,0,0,0,0,0,0,0,0
340507,1,1,1987,0,0,0,0,23,0,0,0,0,0
340508,0,1,1987,0,0,0,0,0,0,0,0,0,0
340508,1,1,1987,0,0,0,0,0,0,0,0,10,0
340509,1,1,1987,0,0,0,0,0,0,0,0,0,0
340509,2,1,1987,0,0,0,0,0,0,0,0,0,0
340510,1,1,1987,0,0,0,0,0,0,0,0,0,0
340511,1,1,1987,0,0,0,0,0,0,0,0,0,0
340512,0,1,1987,0,0,0,0,0,0,0,0,0,0
340512,1,1,1987,8,13,18,23,6,18,20,13,6,11
340513,1,1,1987,0,0,0,0,0,0,0,0,0,0
340514,0,1,1987,0,2,0,0,0,0,0,0,0,0
340514,0,2,1987,0,0,0,0,0,0,0,0,0,0
340514,1,1,1987,0,0,0,0,0,0,0,0,0,0
340514,2,1,1987,0,0,0,0,0,0,0,0,0,0
340515,1,1,1987,0,0,0,0,0,0,0,0,0,0
340516,1,1,1987,0,0,0,0,0,0,0,0,0,0
340516,2,1,1987,0,0,0,0,0,0,0,0,0,0
340517,1,1,1987,0,20,0,0,5,0,0,0,0,0
340518,1,1,1987,14,14,14,14,14,14,14,14,14,14
340519,1,1,1987,14,14,14,14,14,14,14,14,14,14
340520,1,1,1987,21,21,21,21,21,21,21,21,21,21
340521,1,1,1987,0,0,0,0,0,0,0,0,0,0
340521,2,1,1987,0,0,0,0,0,0,0,0,0,0
340522,1,1,1987,0,0,0,0,0,0,0,0,0,0
340522,2,1,1987,0,0,10,0,0,0,0,0,0,0
340523,0,1,1987,0,0,0,0,16,0,0,0,0,0
340523,1,1,1987,0,0,0,0,8,0,0,0,0,0
340525,1,1,1987,5,5,5,5,5,5,5,5,5,5
340526,1,1,1987,16,16,16,16,16,16,16,16,16,16
340527,0,1,1987,16,16,16,16,16,16,16,16,16,16
340527,1,1,1987,4,0,0,0,0,0,0,0,8,0
340528,1,1,1987,0,0,0,0,0,0,0,0,0,0
340528,2,1,1987,0,0,0,0,0,0,0,0,0,0
340529,0,1,1987,0,0,0,0,0,0,0,0,0,0
340529,1,1,1987,0,0,0,0,0,0,0,0,0,0
340530,1,1,1987,0,0,0,0,0,0,0,0,0,0
340530,2,1,1987,0,0,0,0,0,0,0,0,0,0
340531,1,1,1987,0,0,0,0,0,0,0,0,0,0
340532,0,1,1987,0,0,0,0,0,0,0,0,0,0
340532,1,1,1987,0,0,0,0,0,0,0,0,0,0
340533,1,1,1987,19,19,19,19,19,19,19,19,19,19
340533,2,1,1987,0,0,0,0,0,0,0,0,0,0
340534,1,1,1987,0,0,8,0,0,0,0,0,0,0
340535,1,1,1987,0,0,0,0,0,0,0,0,0,0
340535,2,1,1987,0,0,0,0,0,0,0,0,0,0
340536,1,1,1987,0,0,0,0,0,0,0,0,0,0
340536,2,1,1987,0,0,0,0,0,0,0,0,0,0
340536,3,1,1987,0,0,0,0,0,0,0,0,0,0
340537,1,1,1987,0,0,0,0,0,0,0,0,0,0
340537,2,1,1987,4,4,4,4,4,4,4,4,4,4
340538,1,1,1987,23,23,23,23,23,23,23,23,23,23
340539,1,1,1987,15,15,15,15,15,15,15,15,15,15
340540,0,1,1987,0,0,9,0,14,0,14,19,0,33
340540,1,1,1987,0,0,0,0,0,0,0,0,0,0
340541,1,1,1987,9,9,9,9,9,9,9,9,9,9
340541,2,1,1987,0,0,0,0,17,9,0,0,0,0
340542,1,1,1987,0,0,0,0,0,0,0,0,0,0
340542,2,1,1987,0,0,0,0,0,0,0,0,0,0
340543,1,1,1987,0,0,0,0,0,0,0,0,0,0
340543,2,1,1987,0,0,0,0,0,0,0,0,0,0
340544,1,1,1987,0,0,0,0,0,0,0,0,0,0
340544,2,1,1987,0,0,0,0,0,0,0,0,0,0
340545,1,1,1987,21,21,21,21,21,21,21,21,21,21
340545,2,1,1987,0,0,0,0,0,0,0,0,0,0
340546,1,1,1987,0,0,0,0,0,0,0,0,0,0
340546,2,1,1987,0,0,0,0,0,0,0,0,0,0
340546,3,1,1987,0,0,0,0,0,0,0,0,0,0
340546,4,3,1987,0,0,0,0,0,0,0,0,0,0
340546,5,1,1987,0,0,0,0,0,0,0,0,0,0
340546,6,1,1987,0,0,0,0,0,0,0,0,0,0
340546,7,1,1987,0,0,12,0,0,0,0,0,0,0
340546,8,1,1987,0,0,0,0,0,0,0,0,0,0
340546,9,1,1987,0,0,0,0,0,0,0,0,0,0
340547,1,1,1987,4,4,4,4,4,4,4,4,4,4
340547,2,1,1987,0,0,0,0,0,0,0,0,0,0
340548,0,1,1987,0,0,0,0,0,0,0,0,0,0
340548,0,2,1987,0,0,0,0,0,0,0,0,0,0
340548,1,1,1987,0,0,0,0,0,0,0,0,0,0
340549,1,1,1987,0,0,0,0,0,0,0,0,0,0
340549,2,1,1987,0,0,0,0,0,0,0,0,12,0
340550,0,1,1987,0,0,0,0,0,0,0,0,0,0
340550,1,1,1987,0,0,0,0,0,0,0,0,0,0
340551,1,1,1987,0,0,0,0,0,0,0,0,0,0
340552,1,1,1987,0,0,0,0,0,0,0,0,0,0
340552,2,1,1987,43,0,0,0,0,0,0,0,12,0
340553,1,1,1987,0,0,0,0,0,0,0,0,0,0
340554,1,1,1987,0,0,0,0,0,0,0,0,0,0
340554,2,1,1987,0,0,0,0,0,0,0,0,0,0
340555,0,1,1987,0,0,0,0,0,0,0,0,0,0
340555,1,1,1987,0,0,0,0,0,0,0,0,0,0
340556,1,1,1987,4,4,4,4,4,4,4,4,4,4
340556,2,1,1987,0,0,0,0,0,0,0,0,0,0
340557,0,1,1987,0,0,0,0,0,0,0,0,0,0
340557,1,1,1987,0,0,0,0,0,0,0,0,0,0
340559,1,1,1987,0,0,0,0,0,18,0,0,0,0
340559,2,1,1987,0,0,0,0,0,0,0,0,0,0
340560,1,1,1987,15,15,15,15,15,15,15,15,15,15
340561,1,1,1987,19,19,19,19,19,19,19,19,19,19
340561,2,1,1987,0,0,0,0,0,0,0,0,0,0
340562,0,1,1987,28,28,28,28,28,28,28,28,28,28
340562,1,1,1987,19,0,9,10,12,16,14,0,19,0
340563,1,1,1987,0,0,16,0,0,0,0,0,0,0
340564,1,1,1987,0,0,0,0,0,0,0,0,0,0
340565,1,1,1987,20,20,20,20,20,20,20,20,20,20
340566,1,1,1987,18,18,18,18,18,18,18,18,18,18
340567,1,1,1987,18,14,24,30,11,0,11,0,19,4
340568,0,1,1987,24,24,24,24,24,24,24,24,24,24
340568,1,1,1987,17,0,0,7,0,20,0,0,0,0
340569,0,1,1987,0,0,0,0,0,0,0,0,0,0
340569,1,1,1987,0,0,0,0,0,0,0,0,0,0
340570,1,1,1987,0,0,0,0,0,0,0,0,0,0
340570,2,1,1987,0,6,0,0,0,0,0,0,0,0
340571,1,3,1987,0,0,0,0,0,0,0,0,0,0
340571,2,1,1987,0,0,0,0,0,0,0,0,0,0
340572,1,1,1987,16,16,16,16,16,16,16,16,16,16
340573,1,1,1987,0,2,0,0,0,0,0,0,0,0
340574,1,1,1987,0,0,0,0,0,0,0,0,0,0
340575,1,1,1987,0,0,0,0,0,0,0,0,0,0
340575,2,1,1987,0,0,0,0,0,0,0,0,0,0
340576,1,1,1987,0,0,0,0,0,0,0,0,0,0
340576,2,1,1987,0,0,0,0,0,0,0,0,0,0
340577,0,1,1987,0,0,0,0,0,0,0,0,0,0
340577,1,1,1987,0,0,0,0,0,0,0,0,0,0
340578,1,1,1987,0,0,0,0,0,0,0,0,0,0
340578,2,1,1987,0,0,0,0,0,0,0,0,0,0
340579,0,1,1987,24,24,24,24,24,24,24,24,24,24
340579,1,1,1987,14,0,27,0,0,0,0,0,0,10
340580,1,1,1987,10,10,10,10,10,10,10,10,10,10
340581,1,1,1987,27,27,27,27,27,27,27,27,27,27
340582,1,1,1987,9,9,9,9,9,9,9,9,9,9
340583,1,1,1987,4,4,4,4,4,4,4,4,4,4
340584,1,1,1987,0,0,0,0,0,0,0,0,0,0
340584,2,1,1987,0,0,0,0,0,0,0,0,0,0
340584,3,1,1987,0,0,0,0,0,0,0,0,0,0
340585,1,1,1987,23,23,23,23,23,23,23,23,23,23
340586,1,1,1987,12,32,10,19,0,14,10,0,0,0
340587,0,1,1987,14,14,14,14,14,14,14,14,14,14
340587,1,1,1987,0,0,0,0,0,0,19,0,12,9
340589,1,1,1987,0,0,0,0,0,0,0,0,0,0
340589,2,1,1987,0,0,0,9,0,0,0,0,0,0
340590,1,1,1987,0,0,0,0,0,0,0,7,0,0
340590,2,1,1987,16,16,16,16,16,16,16,16,16,16
340591,1,1,1987,0,0,0,0,0,0,0,0,0,0
340591,2,1,1987,0,0,0,0,0,0,0,0,0,0
340592,1,1,1987,19,19,19,19,19,19,19,19,19,19
340593,1,1,1987,20,20,20,20,20,20,20,20,20,20
340593,2,1,1987,19,0,0,0,0,0,0,0,0,0
340594,0,1,1987,0,0,0,0,0,0,0,0,0,0
340594,1,1,1987,0,0,0,0,0,0,0,11,0,0
340595,0,1,1987,0,0,29,0,0,0,0,0,0,0
340595,0,2,1987,0,0,0,0,3,0,0,0,21,0
340595,1,1,1987,0,0,0,0,0,0,0,0,0,0
340596,1,1,1987,16,16,16,16,16,16,16,16,16,16
340596,2,1,1987,0,0,0,0,0,0,0,0,0,0
340597,1,1,1987,32,32,32,32,32,32,32,32,32,32
340598,1,1,1987,0,0,0,0,0,0,5,0,0,0
340599,1,1,1987,0,0,0,0,0,0,0,0,0,0
340600,0,1,1987,19,19,19,19,19,19,19,19,19,19
340600,1,1,1987,0,0,0,0,8,0,22,0,0,0
340601,1,1,1987,0,0,0,0,0,0,0,0,0,0
340601,2,1,1987,0,0,0,0,0,0,0,0,0,0
340601,3,1,1987,0,0,0,0,0,0,0,0,0,0
340602,1,1,1987,21,21,21,21,21,21,21,21,21,21
340602,2,1,1987,9,9,9,9,9,9,9,9,9,9
340603,1,2,1987,0,0,29,23,0,0,18,0,13,0
340604,1,1,1987,18,18,18,18,18,18,18,18,18,18
340605,1,1,1987,17,17,17,17,17,17,17,17,17,17
340607,1,1,1987,21,21,21,21,21,21,21,21,21,21
340608,0,1,1987,0,0,0,0,0,0,0,0,0,0
340608,1,1,1987,0,0,0,0,0,0,0,0,0,0
340609,0,1,1987,0,0,0,0,0,0,0,0,0,0
340609,2,1,1987,0,0,0,0,0,0,0,0,0,0
340610,1,1,1987,0,0,0,0,0,0,7,0,0,0
340610,2,1,1987,0,0,0,0,0,0,0,0,0,0
340610,3,1,1987,0,0,0,0,0,0,0,0,0,0
340611,0,1,1987,20,20,20,20,20,20,20,20,20,20
340611,1,1,1987,0,0,0,0,0,0,0,0,0,0
340612,1,1,1987,9,0,0,0,13,0,0,11,0,0
340613,1,1,1987,8,8,8,8,8,8,8,8,8,8
340613,2,1,1987,0,0,0,0,19,11,0,13,0,21
340614,1,1,1987,0,0,0,0,0,0,0,0,0,0
340614,2,1,1987,18,18,18,18,18,18,18,18,18,18
340615,1,1,1987,0,0,0,0,0,0,0,0,0,0
340616,1,1,1987,0,0,0,0,0,0,0,0,0,0
340616,2,1,1987,0,0,0,0,0,0,0,0,0,0
340617,1,1,1987,31,14,9,0,0,11,0,22,15,21
340618,0,1,1987,24,0,16,0,0,33,0,0,9,0
340618,1,1,1987,21,0,0,0,0,0,0,0,6,0
340619,0,1,1987,31,31,31,31,31,31,31,31,31,31
340619,1,1,1987,0,0,0,0,0,0,0,0,0,0
340620,1,1,1987,15,15,15,15,15,15,15,15,15,15
340620,2,1,1987,0,0,0,0,0,0,0,0,0,0
340621,1,1,1987,23,23,23,23,23,23,23,23,23,23
340622,0,1,1987,29,29,29,29,29,29,29,29,29,29
340622,1,1,1987,0,0,0,0,0,0,0,0,0,0
340622,2,1,1987,0,0,0,0,0,0,0,0,0,0
340623,1,1,1987,0,0,0,0,0,0,0,0,0,0
340623,2,1,1987,11,11,11,11,11,11,11,11,11,11
340624,0,1,1987,0,0,0,0,0,0,0,0,0,0
340624,1,1,1987,0,22,12,18,0,0,0,17,16,0
340625,1,1,1987,0,0,0,0,0,0,0,0,0,0
340625,2,1,1987,0,0,0,0,0,0,0,0,0,0
340626,1,1,1987,0,0,0,0,0,0,0,0,0,0
340627,1,1,1987,0,0,0,0,0,0,0,0,0,0
340627,2,1,1987,12,12,12,12,12,12,12,12,12,12
340628,0,1,1987,0,0,0,0,0,0,0,0,0,0
340628,1,1,1987,0,0,0,4,0,18,0,8,4,0
340629,1,1,1987,17,19,0,17,11,0,0,16,0,0
340630,1,1,1987,0,0,0,0,0,0,0,0,0,0
340631,1,1,1987,0,0,0,0,0,0,0,0,0,0
340632,1,1,1987,0,0,0,0,0,0,0,0,0,0
340633,1,1,1987,0,0,0,0,0,0,0,0,0,0
340633,2,1,1987,0,0,0,0,0,0,0,0,28,0
340634,0,1,1987,0,0,0,0,0,0,0,0,4,0
340634,1,1,1987,0,0,0,0,0,0,0,0,0,0
340635,0,1,1987,22,19,51,26,11,0,0,9,26,0
340635,1,1,1987,14,9,0,0,0,0,0,0,0,0
340636,0,1,1987,0,0,0,0,0,0,0,0,13,0
340636,1,1,1987,0,0,0,0,0,0,0,0,0,0
340637,1,1,1987,0,0,0,0,0,0,0,0,0,0
340638,1,1,1987,1,1,1,1,1,1,1,1,1,1
340639,1,1,1987,0,0,0,0,0,0,0,0,0,0
340640,1,1,1987,0,0,0,0,0,0,0,0,0,0
340641,0,1,1987,7,7,7,7,7,7,7,7,7,7
340641,1,1,1987,0,0,0,0,0,0,0,0,0,0
340642,1,1,1987,0,0,0,0,0,0,0,0,0,0
340642,2,1,1987,0,0,0,0,0,0,0,0,0,0
340643,1,1,1987,0,0,0,0,0,0,0,0,0,0
340643,2,1,1987,0,0,0,0,0,0,0,0,0,0
340644,1,1,1987,0,0,0,0,0,0,0,0,0,0
340644,2,1,1987,23,23,23,23,23,23,23,23,23,23
340645,1,1,1987,0,0,0,0,0,0,0,0,0,0
340646,0,1,1987,0,0,0,0,0,0,0,0,0,0
340646,1,1,1987,0,0,0,0,0,0,0,0,0,0
340647,0,1,1987,0,0,0,0,0,0,0,0,0,0
340647,1,1,1987,13,0,0,0,0,0,0,0,0,0
340647,2,1,1987,0,0,0,0,0,0,20,0,17,0
340648,0,1,1987,0,0,0,0,0,0,0,0,0,0
340648,1,1,1987,0,0,0,0,0,0,0,0,0,0
340649,1,1,1987,0,0,0,0,0,0,0,0,0,0
340651,1,1,1987,0,0,0,0,0,0,0,0,0,0
340651,2,1,1987,27,27,27,27,27,27,27,27,27,27
340652,1,1,1987,22,22,22,22,22,22,22,22,22,22
340652,2,1,1987,0,0,0,16,0,19,0,0,0,0
340653,1,1,1987,16,16,16,16,16,16,16,16,16,16
340654,1,1,1987,0,0,0,0,0,0,0,0,0,0
340654,2,1,1987,0,0,0,0,0,0,0,0,0,0
340655,1,1,1987,0,24,25,0,0,0,0,13,0,13
340655,2,1,1987,8,0,13,26,20,28,13,12,0,23
340655,3,1,1987,0,0,0,11,0,10,0,12,0,0
340656,1,1,1987,26,26,26,26,26,26,26,26,26,26
340656,2,1,1987,0,0,0,0,0,0,0,0,0,0
340657,1,1,1987,0,13,12,0,0,15,0,6,13,7
340658,0,1,1987,0,0,0,0,0,0,0,0,0,0
340658,1,1,1987,0,0,16,9,0,10,0,7,0,10
340659,1,1,1987,12,12,12,12,12,12,12,12,12,12