ST_CASE,VEH_NO,PER_NO,YEAR,P1,P2,P3,P4,P5,P6,P7,P8,P9,P10
350222,1,1,1987,0,0,0,0,0,0,0,0,0,0
350223,1,1,1987,16,16,16,16,16,16,16,16,16,16
350224,1,1,1987,0,0,0,0,0,0,0,0,0,0
350225,1,1,1987,26,26,26,26,26,26,26,26,26,26
350226,1,1,1987,0,0,0,0,0,0,0,0,0,0
350227,1,1,1987,0,0,0,0,0,0,0,0,0,0
350228,1,1,1987,0,0,0,0,0,0,0,0,0,0
350229,1,1,1987,0,0,0,0,0,0,0,0,0,0
350229,2,1,1987,12,12,12,12,12,12,12,12,12,12
350230,1,1,1987,0,0,0,0,0,0,0,0,0,0
350231,1,1,1987,15,15,15,15,15,15,15,15,15,15
350232,0,1,1987,25,0,43,18,18,8,25,21,10,16
350232,1,1,1987,0,0,0,0,0,0,0,0,0,0
350233,1,1,1987,0,0,0,0,0,0,0,0,0,0
350233,2,1,1987,13,13,13,13,13,13,13,13,13,13
350234,1,1,1987,24,24,24,24,24,24,24,24,24,24
350235,1,1,1987,19,19,19,19,19,19,19,19,19,19
350236,1,1,1987,0,0,0,0,0,0,16,0,0,0
350236,2,1,1987,17,17,17,17,17,17,17,17,17,17
350237,1,1,1987,0,0,0,0,0,0,0,0,0,0
350237,2,1,1987,28,28,28,28,28,28,28,28,28,28
350238,1,1,1987,0,0,0,0,0,0,0,0,0,0
350238,2,1,1987,0,0,0,0,0,0,0,0,0,0
350238,3,1,1987,0,0,0,0,0,0,0,0,0,0
350239,1,1,1987,0,7,0,0,0,11,0,0,0,0
350239,2,1,1987,30,33,20,17,30,20,11,22,20,11
350240,1,1,1987,28,28,28,28,28,28,28,28,28,28
350241,1,1,1987,1,1,1,1,1,1,1,1,1,1
350241,2,1,1987,0,0,0,0,0,0,0,0,0,0
350242,0,1,1987,24,24,24,24,24,24,24,24,24,24
350242,1,1,1987,11,6,8,0,12,10,0,0,26,17
350243,1,1,1987,12,21,23,10,0,17,5,44,22,20
350243,2,1,1987,24,24,24,24,24,24,24,24,24,24
350244,1,1,1987,0,0,0,0,0,0,0,0,0,0
350245,1,1,1987,24,24,24,24,24,24,24,24,24,24
350246,1,1,1987,0,0,0,0,0,0,0,0,0,0
350246,2,1,1987,0,0,0,6,0,0,0,0,0,0
350247,1,1,1987,0,0,0,0,0,0,0,0,0,0
350248,1,1,1987,0,0,0,0,0,0,0,0,0,0
350249,1,1,1987,20,20,20,20,20,20,20,20,20,20
350249,2,1,1987,11,11,11,11,11,11,11,11,11,11
350250,1,1,1987,0,0,0,0,0,0,0,0,0,0
350250,2,1,1987,16,12,22,10,8,23,4,19,0,2
350251,1,1,1987,0,0,0,0,0,0,0,0,0,0
350251,2,1,1987,0,0,0,0,0,0,0,0,0,0
350252,1,1,1987,0,0,0,0,0,0,0,0,0,0
350252,2,1,1987,6,6,6,6,6,6,6,6,6,6
350253,1,1,1987,33,33,33,33,33,33,33,33,33,33
350254,1,1,1987,16,16,16,16,16,16,16,16,16,16
350255,0,1,1987,38,38,38,38,38,38,38,38,38,38
350255,1,1,1987,0,0,0,0,0,0,21,23,0,0
350256,1,1,1987,0,0,0,0,0,0,0,0,0,0
350257,1,1,1987,23,23,23,23,23,23,23,23,23,23
350258,1,1,1987,0,0,0,0,0,0,0,0,0,0
350259,1,1,1987,0,0,0,0,0,0,0,0,0,0
350260,1,1,1987,0,0,0,0,0,0,0,0,10,0
350261,1,1,1987,4,2,14,17,0,19,0,29,0,0
350262,0,1,1987,26,26,26,26,26,26,26,26,26,26
350262,1,1,1987,0,0,0,0,0,0,0,0,0,0
350263,1,1,1987,0,0,0,0,0,0,0,0,0,0
350263,2,1,1987,0,0,0,0,0,0,0,0,0,0
350264,1,1,1987,0,0,0,0,0,0,0,0,0,0
350265,1,1,1987,0,0,0,0,0,0,0,0,0,0
350265,2,1,1987,0,0,0,0,0,9,0,0,0,0
350266,1,1,1987,0,0,0,0,0,0,0,0,0,0
350266,2,1,1987,0,0,0,0,0,0,0,0,0,0
350267,1,1,1987,28,28,28,28,28,28,28,28,28,28
350267,2,1,1987,28,0,0,0,0,12,0,0,27,0
350267,3,1,1987,0,0,0,0,0,0,0,0,0,0
350268,1,1,1987,20,20,20,20,20,20,20,20,20,20
350269,1,1,1987,11,15,16,16,25,0,11,12,13,23
350270,1,1,1987,0,0,0,0,0,0,0,0,0,0
350271,1,1,1987,18,18,18,18,18,18,18,18,18,18
350272,1,1,1987,0,0,0,0,0,0,0,0,0,0
350273,1,1,1987,0,0,0,0,0,0,0,0,0,0
350273,2,1,1987,26,26,26,26,26,26,26,26,26,26
350274,1,1,1987,22,22,22,22,22,22,22,22,22,22
350274,2,1,1987,0,0,0,0,0,0,0,0,0,0
350275,1,1,1987,0,0,0,0,0,0,0,0,0,0
350275,2,1,1987,0,0,0,0,0,0,0,0,0,0
350276,1,1,1987,16,0,0,8,0,19,0,0,0,0
350276,2,1,1987,0,0,0,0,0,0,8,0,0,0
350277,0,1,1987,24,24,24,24,24,24,24,24,24,24
350277,1,1,1987,0,0,0,0,0,0,0,0,0,0
350278,1,1,1987,0,0,0,0,0,0,0,0,0,0
350278,2,1,1987,0,0,0,0,0,0,0,0,0,0
350279,0,1,1987,12,12,12,12,12,12,12,12,12,12
350279,1,1,1987,0,0,0,0,0,0,0,0,0,0
350280,1,1,1987,0,0,0,0,0,0,0,0,0,0
350280,2,1,1987,0,0,0,0,0,0,0,0,0,0
350281,1,1,1987,0,0,0,0,0,0,0,0,0,0
350281,2,1,1987,0,0,0,0,0,0,0,0,0,0
350282,1,1,1987,0,0,0,0,0,0,0,0,0,0
350282,2,1,1987,0,0,0,0,0,0,0,0,0,0
350283,0,1,1987,25,25,25,25,25,25,25,25,25,25
350283,1,1,1987,0,0,0,0,0,0,0,0,0,0
350283,2,1,1987,8,8,8,8,8,8,8,8,8,8
350284,1,1,1987,0,0,0,0,0,0,0,0,0,0
350285,1,1,1987,20,14,0,0,0,0,14,0,0,0
350285,2,1,1987,12,12,12,12,12,12,12,12,12,12
350286,1,1,1987,0,0,0,0,0,0,0,0,0,0
350287,1,1,1987,0,7,0,0,0,0,0,0,0,0
350287,2,1,1987,0,0,0,0,0,0,0,0,0,0
350288,1,1,1987,0,0,0,0,0,0,0,0,0,0
350288,2,1,1987,23,23,23,23,23,23,23,23,23,23
350289,1,1,1987,9,9,9,9,9,9,9,9,9,9
350290,1,1,1987,19,19,19,19,19,19,19,19,19,19
350291,1,1,1987,0,0,0,0,0,0,0,0,0,0
350291,2,1,1987,0,0,0,0,0,0,0,0,0,0
350291,3,1,1987,0,0,0,0,0,0,0,0,0,0
350292,0,1,1987,28,28,28,28,28,28,28,28,28,28
350292,1,1,1987,0,0,0,16,0,0,0,0,0,0
350293,1,1,1987,27,27,27,27,27,27,27,27,27,27
350294,1,1,1987,14,0,16,10,35,15,9,7,6,15
350295,1,1,1987,22,22,22,22,22,22,22,22,22,22
350296,1,1,1987,12,12,12,12,12,12,12,12,12,12
350296,2,1,1987,0,0,32,0,0,0,11,0,0,0
350297,0,1,1987,22,22,22,22,22,22,22,22,22,22
350297,1,1,1987,5,0,0,2,0,0,0,17,0,28
350298,1,1,1987,13,13,13,13,13,13,13,13,13,13
350299,1,1,1987,0,0,0,0,0,0,0,13,0,0
350300,1,1,1987,0,0,0,0,0,0,0,0,0,0
350300,2,1,1987,0,0,0,0,0,0,0,0,0,0
350301,1,1,1987,0,0,0,0,0,0,0,0,0,0
350302,0,1,1987,1,1,1,1,1,1,1,1,1,1
350302,1,1,1987,0,0,0,0,0,0,0,0,0,0
350303,1,1,1987,0,0,0,0,0,0,0,0,0,0
350303,2,1,1987,3,3,3,3,3,3,3,3,3,3
350304,1,1,1987,15,15,15,15,15,15,15,15,15,15
350304,2,1,1987,21,9,16,11,5,21,23,23,2,21
350305,1,1,1987,21,0,9,0,0,0,0,0,15,0
350306,1,1,1987,0,0,0,0,0,0,0,0,0,0
350307,1,1,1987,0,0,0,0,0,0,0,0,0,0
350307,2,1,1987,25,25,25,25,25,25,25,25,25,25
350308,0,1,1987,37,37,37,37,37,37,37,37,37,37
350308,1,1,1987,0,0,0,0,0,0,0,0,0,0
350309,0,1,1987,25,25,25,25,25,25,25,25,25,25
350309,1,1,1987,0,16,0,0,0,0,0,0,0,0
350310,1,1,1987,25,25,25,25,25,25,25,25,25,25
350311,1,1,1987,5,5,5,5,5,5,5,5,5,5
350312,1,1,1987,16,16,16,16,16,16,16,16,16,16
350312,2,1,1987,0,2,0,0,0,0,0,0,0,0
350313,1,1,1987,0,0,0,0,0,0,0,0,0,0
350313,2,1,1987,11,0,0,0,0,0,0,0,0,0
350313,3,1,1987,0,10,9,0,18,0,0,0,0,0
350314,1,1,1987,22,22,22,22,22,22,22,22,22,22
350314,2,1,1987,0,0,0,0,0,0,0,0,0,0
350315,0,1,1987,0,0,0,0,0,0,0,0,0,0
350315,1,1,1987,20,20,20,20,20,20,20,20,20,20
350316,1,1,1987,0,0,0,0,0,0,0,0,0,0
350317,1,1,1987,0,0,0,0,0,0,0,0,0,0
350317,2,1,1987,0,0,0,0,4,0,0,0,0,0
350317,3,1,1987,0,0,0,0,0,0,0,0,0,0
350318,1,1,1987,13,13,13,13,13,13,13,13,13,13
350319,1,1,1987,0,16,25,19,25,0,25,16,13,11
350320,1,1,1987,0,0,0,0,0,0,0,0,0,0
350320,2,1,1987,2,2,2,2,2,2,2,2,2,2
350321,1,1,1987,23,23,23,23,23,23,23,23,23,23
350322,1,1,1987,0,0,0,0,0,0,0,0,0,0
350323,1,1,1987,0,0,0,0,0,0,18,0,0,0
350324,1,1,1987,22,22,22,22,22,22,22,22,22,22
350325,0,1,1987,29,29,29,29,29,29,29,29,29,29
350325,1,1,1987,9,9,9,9,9,9,9,9,9,9
350326,1,1,1987,24,24,24,24,24,24,24,24,24,24
350327,1,1,1987,0,0,0,0,0,0,0,0,0,0
350327,2,1,1987,0,0,0,0,0,0,0,0,0,0
350328,1,1,1987,0,0,0,0,0,0,0,0,0,0
350328,2,1,1987,0,0,9,0,0,0,0,0,0,0
350329,0,1,1987,0,0,0,0,0,0,0,0,0,0
350329,0,2,1987,0,0,0,0,0,0,0,0,0,0
350329,1,1,1987,0,0,0,0,0,0,0,25,0,0
350330,1,1,1987,0,0,0,0,0,0,0,0,0,0
350330,2,1,1987,5,0,11,0,0,0,0,0,7,0
350331,1,1,1987,0,9,62,22,0,25,0,0,23,0
350331,2,1,1987,14,14,14,14,14,14,14,14,14,14
350332,1,1,1987,26,26,26,26,26,26,26,26,26,26
350332,2,1,1987,0,0,0,0,0,0,0,0,0,0
350333,1,1,1987,0,0,10,0,0,0,0,0,21,0
350333,2,1,1987,30,30,30,30,30,30,30,30,30,30
350334,1,1,1987,7,14,4,0,10,7,17,14,26,9
350335,0,1,1987,0,0,0,0,0,0,0,0,0,0
350335,0,2,1987,0,0,0,0,0,0,0,0,0,0
350335,1,1,1987,0,0,0,0,16,3,0,0,0,0
350336,0,1,1987,31,31,31,31,31,31,31,31,31,31
350336,1,1,1987,0,36,0,26,0,21,23,0,8,0
350337,0,1,1987,22,22,22,22,22,22,22,22,22,22
350337,0,2,1987,0,10,12,0,0,0,0,0,15,0
350337,1,1,1987,0,0,0,0,0,0,0,0,0,0
350338,1,1,1987,1,1,1,1,1,1,1,1,1,1
350339,1,1,1987,10,10,10,10,10,10,10,10,10,10
350340,1,1,1987,22,30,11,18,28,18,19,22,39,11
350342,1,1,1987,28,28,28,28,28,28,28,28,28,28
350342,2,1,1987,0,0,0,0,0,0,0,0,0,0
350343,1,1,1987,8,8,8,8,8,8,8,8,8,8
350343,2,1,1987,0,0,0,0,0,13,0,20,0,0
350344,0,1,1987,1,1,1,1,1,1,1,1,1,1
350344,1,1,1987,0,0,0,0,0,0,0,0,0,0
350345,1,1,1987,8,8,8,8,8,8,8,8,8,8
350346,1,1,1987,37,37,37,37,37,37,37,37,37,37
350347,0,1,1987,0,0,0,0,0,0,0,0,0,0
350347,1,1,1987,2,2,2,2,2,2,2,2,2,2
350348,1,1,1987,0,0,0,0,0,0,0,0,0,0
350349,0,1,1987,0,0,0,0,0,0,0,0,0,0
350349,1,1,1987,0,0,0,0,0,0,0,0,0,0
350350,1,1,1987,0,0,0,0,0,0,0,0,0,0
350350,2,1,1987,0,8,0,0,0,0,0,0,0,0
350351,0,1,1987,20,20,20,20,20,20,20,20,20,20
350351,1,1,1987,0,0,0,0,0,0,0,0,0,0
350352,1,1,1987,1,1,1,1,1,1,1,1,1,1
350353,1,1,1987,0,0,0,0,3,0,0,0,0,0
350353,2,1,1987,0,0,0,0,0,0,0,0,0,0
350354,0,1,1987,34,24,34,14,43,33,17,8,0,18
350354,1,1,1987,0,0,0,0,0,0,0,0,17,0
350355,1,1,1987,0,0,0,0,0,0,0,0,0,0
350356,0,1,1987,5,18,38,0,0,23,0,14,6,29
350356,0,2,1987,25,20,25,16,19,0,0,0,24,0
350356,1,1,1987,13,13,13,13,13,13,13,13,13,13
350357,1,1,1987,0,0,0,0,0,0,0,0,0,0
350357,2,1,1987,0,0,0,0,0,0,0,0,0,0
350358,1,1,1987,0,0,0,0,0,0,0,0,0,0
350358,2,1,1987,0,0,0,0,0,0,0,9,0,12
350358,3,1,1987,0,0,0,0,0,0,0,0,0,0
350359,1,1,1987,0,0,0,0,0,0,0,0,0,0
350359,2,1,1987,10,10,10,10,10,10,10,10,10,10
350360,1,1,1987,0,0,0,0,0,0,0,0,0,0
350360,2,1,1987,19,19,19,19,19,19,19,19,19,19
350361,1,1,1987,0,0,0,0,3,0,0,0,0,0
350362,1,1,1987,24,24,24,24,24,24,24,24,24,24
350363,1,1,1987,11,11,11,11,11,11,11,11,11,11
350364,1,1,1987,37,37,37,37,37,37,37,37,37,37
350365,0,1,1987,34,34,34,34,34,34,34,34,34,34
350365,1,1,1987,9,51,0,17,0,0,0,0,15,11
350366,1,1,1987,19,19,19,19,19,19,19,19,19,19
350367,1,1,1987,0,0,0,0,0,0,0,0,0,0
350367,2,1,1987,0,0,0,0,9,0,0,0,0,0
350368,1,1,1987,0,0,0,0,0,22,0,0,0,0
350369,0,1,1987,24,24,24,24,24,24,24,24,24,24
350369,1,1,1987,0,0,0,0,0,0,0,0,0,0
350370,1,1,1987,0,0,0,0,0,0,0,0,0,0
350371,0,1,1987,25,25,25,25,25,25,25,25,25,25
350371,1,1,1987,0,0,0,0,0,0,0,0,0,0
350372,1,1,1987,22,22,22,22,22,22,22,22,22,22
350373,1,1,1987,0,0,0,0,0,0,0,0,0,0
350373,2,1,1987,13,13,13,13,13,13,13,13,13,13
350374,0,1,1987,0,0,0,0,0,0,0,0,0,0
350374,1,1,1987,0,0,0,0,0,0,0,0,0,0
350375,1,1,1987,0,0,0,0,0,0,0,0,0,0
350375,2,1,1987,11,0,0,0,0,0,0,0,0,0
350376,1,1,1987,16,16,16,16,16,16,16,16,16,16
350376,2,1,1987,0,0,0,23,0,0,0,0,0,0
350377,0,1,1987,34,34,34,34,34,34,34,34,34,34
350377,1,1,1987,0,0,0,0,0,0,0,0,0,0
350378,0,1,1987,23,23,23,23,23,23,23,23,23,23
350378,1,1,1987,3,3,3,3,3,3,3,3,3,3
350379,0,1,1987,17,17,17,17,17,17,17,17,17,17
350379,1,1,1987,0,0,0,0,0,0,0,0,0,0
350380,1,1,1987,26,26,26,26,26,26,26,26,26,26
350381,1,1,1987,26,26,26,26,26,26,26,26,26,26
350382,1,1,1987,0,0,2,0,3,0,21,0,20,11
350383,1,1,1987,0,0,0,0,0,0,0,0,0,0
350383,2,1,1987,20,20,20,20,20,20,20,20,20,20
350384,1,1,1987,6,6,6,6,6,6,6,6,6,6
350385,1,1,1987,1,1,1,1,1,1,1,1,1,1
350386,1,1,1987,22,22,22,22,22,22,22,22,22,22
350387,1,1,1987,0,0,0,0,0,0,0,0,0,0
350387,2,1,1987,0,0,0,0,0,0,0,0,0,0
350388,1,1,1987,22,22,22,22,22,22,22,22,22,22
350389,1,1,1987,16,16,16,16,16,16,16,16,16,16
350390,1,1,1987,21,21,21,21,21,21,21,21,21,21
350391,1,1,1987,11,11,11,11,11,11,11,11,11,11
350391,2,1,1987,0,0,11,0,0,0,0,0,0,0
350392,1,1,1987,19,19,19,19,19,19,19,19,19,19
350393,1,1,1987,21,21,21,21,21,21,21,21,21,21
350393,2,1,1987,0,0,0,0,0,0,0,0,0,0
350394,1,1,1987,4,4,4,4,4,4,4,4,4,4
350395,1,1,1987,30,30,30,30,30,30,30,30,30,30
350396,1,1,1987,0,0,0,0,0,0,0,0,0,0
350396,2,1,1987,16,16,16,16,16,16,16,16,16,16
350396,3,1,1987,0,0,0,0,0,0,0,8,0,0
350397,0,1,1987,12,12,12,12,12,12,12,12,12,12
350397,1,1,1987,0,0,0,0,6,0,0,0,0,0
350398,1,1,1987,21,0,0,0,0,0,0,0,0,0
350398,2,1,1987,0,0,0,0,0,0,0,0,0,0
350399,0,1,1987,43,0,4,0,21,23,10,12,0,15
350399,1,1,1987,0,0,0,0,0,12,25,0,0,27
350400,1,1,1987,0,19,0,0,0,0,0,0,0,0
350401,1,1,1987,0,0,0,0,0,0,0,0,0,0
350401,2,1,1987,0,0,0,0,0,0,0,0,0,0
350402,1,1,1987,0,0,0,0,0,0,0,0,0,0
350402,2,1,1987,0,0,0,0,0,0,0,0,0,0
350402,3,1,1987,0,0,0,0,0,0,0,0,0,0
350403,1,1,1987,0,21,0,0,0,0,8,0,0,0
350403,2,1,1987,1,1,1,1,1,1,1,1,1,1
350404,1,1,1987,15,15,15,15,15,15,15,15,15,15
350405,1,1,1987,25,25,25,25,25,25,25,25,25,25
350406,1,1,1987,7,7,7,7,7,7,7,7,7,7
350407,1,1,1987,1,1,1,1,1,1,1,1,1,1
350408,0,1,1987,0,0,0,0,0,0,10,0,0,0
350408,1,1,1987,0,0,3,20,0,17,0,0,20,0
350409,1,1,1987,15,15,15,15,15,15,15,15,15,15
350410,1,1,1987,24,24,24,24,24,24,24,24,24,24
350411,1,1,1987,18,18,18,18,18,18,18,18,18,18
350412,0,1,1987,0,0,0,0,0,0,0,0,0,0
350412,1,1,1987,0,0,0,0,0,0,0,0,0,0
350413,1,1,1987,7,7,7,7,7,7,7,7,7,7
350413,2,1,1987,0,0,0,0,0,0,0,0,0,0
350414,1,1,1987,7,7,7,7,7,7,7,7,7,7
350414,2,1,1987,0,0,0,0,0,0,0,0,0,0
350415,1,1,1987,9,9,9,9,9,9,9,9,9,9
350416,1,1,1987,25,25,25,25,25,25,25,25,25,25
350417,1,1,1987,0,0,0,0,0,0,0,0,0,0
350417,2,1,1987,19,14,0,3,23,0,11,0,7,10
350418,1,1,1987,4,8,0,19,23,7,10,24,20,3
350419,1,1,1987,29,0,0,5,19,0,0,0,0,23
350420,1,1,1987,16,16,16,16,16,16,16,16,16,16
350420,2,1,1987,0,0,0,0,11,0,0,0,0,0
350421,1,1,1987,25,25,25,25,25,25,25,25,25,25
350422,1,1,1987,0,0,0,0,0,0,0,14,0,0
350422,2,1,1987,5,5,5,5,5,5,5,5,5,5
350423,1,1,1987,0,0,0,0,0,0,0,15,0,0
350423,2,1,1987,24,24,24,24,24,24,24,24,24,24
350424,1,1,1987,0,0,0,0,0,0,0,0,6,0
350424,2,1,1987,0,0,0,11,0,0,0,0,0,0
350425,0,1,1987,26,19,38,12,6,30,17,5,11,12
350425,1,1,1987,0,0,0,0,0,0,15,0,0,0
350426,0,1,1987,0,0,0,0,0,0,0,0,0,0
350426,1,1,1987,0,0,0,0,0,0,0,0,0,0
350427,0,1,1987,0,0,0,0,0,0,0,0,0,0
350427,1,1,1987,23,0,20,0,8,15,25,18,20,0
350428,1,1,1987,5,5,5,5,5,5,5,5,5,5
350428,2,1,1987,27,27,27,27,27,27,27,27,27,27
350430,1,1,1987,0,0,0,0,0,0,0,0,18,0
350430,2,1,1987,0,0,0,0,0,0,0,0,0,0
350431,1,1,1987,0,0,0,0,0,0,0,0,0,0
350431,2,1,1987,0,0,0,0,0,0,0,0,0,0
350432,1,1,1987,1,1,1,1,1,1,1,1,1,1
350433,1,1,1987,26,18,34,32,7,16,14,16,15,22
350434,1,1,1987,1,1,1,1,1,1,1,1,1,1
350435,1,1,1987,0,40,0,0,0,0,0,0,0,20
350436,1,1,1987,13,13,13,13,13,13,13,13,13,13
350437,1,1,1987,14,12,18,23,24,38,22,13,32,19
350438,1,1,1987,23,9,0,0,0,0,0,0,0,0
350439,1,1,1987,0,0,8,0,0,0,0,0,0,0
350440,1,1,1987,0,0,0,14,0,15,0,0,0,0
350441,1,1,1987,0,0,0,0,0,0,0,0,0,0
350441,2,1,1987,0,0,0,0,0,0,0,0,0,0
350442,0,1,1987,24,24,24,24,24,24,24,24,24,24
350442,1,1,1987,0,0,0,0,0,0,0,0,0,0
350443,1,1,1987,46,46,46,46,46,46,46,46,46,46
350443,2,1,1987,0,0,0,0,0,0,0,0,0,0
350444,1,1,1987,5,5,5,5,5,5,5,5,5,5
350445,1,1,1987,19,19,19,19,19,19,19,19,19,19
350446,1,1,1987,0,0,0,0,0,0,0,0,0,0
350446,2,1,1987,0,0,0,0,0,0,0,0,0,0
350447,1,1,1987,24,24,24,24,24,24,24,24,24,24
350448,1,1,1987,1,1,1,1,1,1,1,1,1,1
350449,1,1,1987,18,0,0,0,0,0,0,0,0,0
350449,2,1,1987,0,0,0,0,0,0,0,0,23,0
350449,3,1,1987,0,0,0,0,0,0,0,0,0,0
350450,1,1,1987,0,7,0,0,0,0,0,0,0,0
350451,1,1,1987,17,17,17,17,17,17,17,17,17,17
350452,1,1,1987,28,28,28,28,28,28,28,28,28,28
350452,2,1,1987,18,18,18,18,18,18,18,18,18,18
350453,0,1,1987,1,1,1,1,1,1,1,1,1,1
350453,1,1,1987,0,0,0,0,0,24,0,0,0,0
350454,1,1,1987,0,0,0,0,0,0,0,16,0,0
350455,0,1,1987,32,32,32,32,32,32,32,32,32,32
350455,1,1,1987,13,0,0,0,0,0,0,0,0,0
350456,1,1,1987,20,20,20,20,20,20,20,20,20,20
350456,2,1,1987,0,0,0,0,0,0,0,0,0,0
350456,3,1,1987,0,0,0,0,0,0,0,0,0,0
350456,4,1,1987,0,0,0,0,0,0,0,0,0,0
350456,5,1,1987,0,0,0,0,0,0,0,0,0,0
350457,1,1,1987,11,11,11,11,11,11,11,11,11,11
350458,0,1,1987,0,0,0,0,0,0,0,0,0,0
350458,0,2,1987,0,0,0,0,0,0,0,0,0,0
350458,1,1,1987,0,0,0,0,0,0,0,0,0,0
350459,1,1,1987,8,8,8,8,8,8,8,8,8,8
350460,1,1,1987,20,27,15,26,12,24,23,19,23,11
350461,0,1,1987,24,24,24,24,24,24,24,24,24,24
350461,1,1,1987,0,0,0,0,0,0,0,0,0,0
350462,1,1,1987,0,0,14,0,0,0,0,0,0,0
350462,2,1,1987,0,0,0,0,0,0,0,0,0,0
350463,0,1,1987,32,32,32,32,32,32,32,32,32,32
350463,1,1,1987,21,17,0,0,0,29,0,0,0,0
350464,1,1,1987,21,0,8,0,0,0,0,0,0,0
350465,1,1,1987,0,0,0,0,0,12,0,0,0,0
350466,1,1,1987,0,0,32,0,0,0,0,0,0,0
350467,1,1,1987,18,18,18,18,18,18,18,18,18,18
350468,1,1,1987,0,0,0,0,0,0,0,0,0,0
350469,1,1,1987,0,0,0,0,0,0,0,0,0,0
350470,1,1,1987,0,0,0,0,0,0,0,0,0,0
350471,1,1,1987,18,18,18,18,18,18,18,18,18,18
350472,1,1,1987,0,0,0,0,0,0,0,0,0,0
350472,2,1,1987,38,38,38,38,38,38,38,38,38,38
350473,1,1,1987,3,3,3,3,3,3,3,3,3,3
350474,1,1,1987,0,0,0,0,0,0,0,0,0,0
350474,2,1,1987,0,0,0,0,0,0,0,0,0,0
350475,1,1,1987,0,12,0,0,0,0,0,0,0,0
350475,2,1,1987,0,0,0,0,0,0,0,0,0,0
350476,1,1,1987,14,14,14,14,14,14,14,14,14,14
350477,0,1,1987,15,15,15,15,15,15,15,15,15,15
350477,1,1,1987,0,0,0,0,0,0,0,0,0,0
350478,1,1,1987,19,19,19,19,19,19,19,19,19,19
350479,0,1,1987,33,33,33,33,33,33,33,33,33,33
350479,1,1,1987,15,23,0,0,0,0,0,0,0,24
350480,1,1,1987,0,0,0,0,0,0,0,0,0,0
350480,2,1,1987,0,0,0,0,0,0,0,0,0,0
350481,0,1,1987,27,27,27,27,27,27,27,27,27,27
350481,1,1,1987,0,0,0,0,0,13,0,0,0,0
350482,1,1,1987,23,23,23,23,23,23,23,23,23,23
350483,1,1,1987,0,11,0,15,0,28,0,0,0,0
350483,2,1,1987,0,0,0,0,0,0,0,0,0,0
350484,1,1,1987,13,26,21,6,15,35,13,24,10,16
350485,1,1,1987,15,15,25,22,18,10,10,14,26,20
350485,2,1,1987,0,0,0,0,0,0,0,0,0,0
350486,1,1,1987,3,3,3,3,3,3,3,3,3,3
350486,2,1,1987,17,24,0,16,0,18,24,15,0,0
350487,0,1,1987,19,19,19,19,19,19,19,19,19,19
350487,1,1,1987,12,0,23,49,0,18,0,0,0,21
350488,0,1,1987,22,22,22,22,22,22,22,22,22,22
350488,1,1,1987,35,26,0,21,14,24,0,0,0,0
350490,1,1,1987,0,0,0,0,0,0,0,0,0,0
350490,2,1,1987,0,0,0,0,0,0,0,0,0,0
350491,0,1,1987,0,0,0,24,0,0,0,8,5,0
350491,0,2,1987,8,8,8,8,8,8,8,8,8,8
350491,1,1,1987,0,0,0,0,0,0,0,0,0,0
350492,1,1,1987,0,13,0,0,26,17,0,0,0,0
350492,2,1,1987,0,0,11,13,0,11,0,0,0,10
350493,1,1,1987,24,13,15,35,26,17,21,31,14,5
350494,0,1,1987,22,22,22,22,22,22,22,22,22,22
350494,1,1,1987,15,30,27,6,11,33,31,0,17,0
350495,1,1,1987,9,9,9,9,9,9,9,9,9,9
350496,1,1,1987,17,17,17,17,17,17,17,17,17,17
350497,0,1,1987,23,23,23,23,23,23,23,23,23,23
350497,1,1,1987,0,0,0,0,0,0,0,0,36,0
350498,0,1,1987,23,23,23,23,23,23,23,23,23,23
350498,1,1,1987,8,8,8,8,8,8,8,8,8,8
350499,0,1,1987,0,0,0,0,0,0,0,0,0,0
350499,1,1,1987,0,0,0,0,0,16,0,0,0,0
360001,0,1,1987,3,3,3,3,3,3,3,3,3,3
360001,1,1,1987,17,15,22,25,22,14,22,31,14,13
360002,1,1,1987,0,0,0,0,0,0,0,0,0,0
360002,2,1,1987,0,0,0,0,0,0,0,0,0,0
360003,1,1,1987,0,0,0,0,0,0,0,0,0,0
360003,2,1,1987,0,0,0,0,0,0,0,0,0,0
360004,1,1,1987,11,3,6,20,10,5,19,8,0,9
360004,2,1,1987,0,0,0,0,0,0,0,0,0,0
360005,1,1,1987,0,0,0,0,0,0,0,0,0,0
360005,2,1,1987,0,0,20,0,0,0,0,0,0,0