ST_CASE,VEH_NO,PER_NO,YEAR,P1,P2,P3,P4,P5,P6,P7,P8,P9,P10
360272,2,1,1987,0,0,0,0,0,0,0,0,0,0
360273,0,1,1987,0,0,0,0,0,0,0,0,0,0
360273,1,1,1987,0,0,0,0,0,0,0,0,0,0
360274,0,1,1987,0,0,0,0,0,0,0,0,0,0
360274,1,1,1987,0,0,0,0,0,0,0,0,0,0
360275,0,1,1987,0,0,10,0,0,0,6,0,5,0
360275,1,1,1987,0,0,0,0,0,0,0,0,0,0
360276,1,1,1987,0,0,0,16,15,23,34,0,0,21
360277,0,1,1987,16,16,16,16,16,16,16,16,16,16
360277,1,1,1987,3,0,0,12,0,0,0,20,0,0
360278,0,1,1987,0,0,0,0,0,0,0,0,0,0
360278,1,1,1987,0,0,0,0,0,0,0,19,0,0
360278,2,1,1987,0,0,0,0,0,0,0,15,0,0
360279,1,1,1987,0,0,0,0,0,0,0,0,14,0
360279,2,1,1987,0,0,0,0,0,0,0,0,0,0
360280,1,1,1987,0,0,0,0,0,0,0,0,0,0
360280,2,1,1987,0,0,0,0,0,0,0,0,0,0
360280,3,1,1987,0,0,0,0,0,0,0,0,0,0
360281,1,1,1987,11,0,6,0,26,0,19,0,10,0
360282,1,1,1987,10,38,7,18,32,17,12,31,23,14
360283,1,1,1987,0,0,0,0,0,0,0,0,0,0
360283,2,1,1987,0,0,0,0,0,0,0,0,0,0
360284,1,1,1987,0,0,0,0,0,0,0,0,0,0
360284,2,1,1987,0,0,0,0,0,0,0,0,0,0
360285,0,1,1987,30,30,30,30,30,30,30,30,30,30
360285,1,1,1987,0,0,0,0,0,0,0,13,0,0
360286,1,1,1987,0,0,0,0,0,0,0,0,0,0
360286,2,1,1987,0,0,0,0,0,0,0,0,0,0
360287,0,1,1987,0,0,0,0,0,0,0,0,0,0
360287,1,1,1987,0,0,0,0,0,0,0,0,0,0
360289,1,1,1987,0,0,0,0,0,0,0,0,0,0
360289,2,1,1987,0,0,0,0,0,1,0,0,0,0
360290,1,1,1987,0,0,0,0,0,0,0,0,0,0
360290,2,1,1987,20,0,0,14,24,26,17,0,0,9
360291,1,1,1987,23,23,23,23,23,23,23,23,23,23
360292,1,1,1987,0,0,0,0,0,0,0,0,0,0
360292,2,1,1987,15,11,7,0,0,0,0,2,0,8
360293,0,1,1987,0,0,0,0,0,0,0,0,0,0
360293,1,1,1987,0,0,0,0,0,0,0,0,0,0
360294,1,1,1987,0,0,0,0,0,0,0,0,36,0
360295,0,1,1987,17,0,37,0,0,0,19,0,23,0
360295,1,1,1987,19,15,0,0,0,7,0,28,0,0
360296,1,1,1987,10,0,0,0,15,0,14,0,6,0
360296,2,1,1987,25,20,20,19,7,0,11,0,39,0
360297,0,1,1987,0,0,0,0,0,0,0,0,0,0
360297,1,1,1987,0,0,0,0,0,11,0,0,0,0
360299,1,1,1987,0,0,0,0,0,0,0,0,0,0
360299,2,1,1987,0,0,0,0,0,0,0,0,0,0
360299,3,1,1987,1,1,1,1,1,1,1,1,1,1
360300,0,1,1987,0,16,0,6,25,15,0,0,0,5
360300,1,1,1987,0,0,0,0,0,0,0,0,0,0
360301,1,1,1987,0,0,0,0,0,0,0,0,0,0
360302,1,1,1987,21,14,8,13,20,7,25,29,9,10
360302,2,1,1987,13,0,0,10,0,0,0,0,0,0
360303,1,1,1987,0,0,0,0,0,0,0,0,0,0
360304,0,1,1987,0,0,0,0,0,0,0,0,0,0
360304,1,1,1987,19,0,0,16,0,0,0,0,0,15
360305,1,2,1987,24,24,24,24,24,24,24,24,24,24
360306,1,1,1987,0,0,0,0,0,0,0,0,0,0
360306,2,1,1987,0,0,0,4,0,0,0,0,0,0
360306,3,1,1987,0,0,0,0,0,0,0,0,0,0
360307,1,1,1987,0,0,0,0,0,0,0,0,0,0
360308,0,1,1987,0,0,0,0,0,0,0,0,0,0
360308,1,1,1987,0,15,0,7,46,13,5,13,0,14
360309,1,1,1987,0,0,0,0,0,0,0,0,0,0
360310,1,1,1987,20,20,20,20,20,20,20,20,20,20
360311,1,1,1987,0,0,0,0,0,0,0,0,0,0
360312,1,1,1987,16,16,16,16,16,16,16,16,16,16
360312,2,1,1987,0,2,0,0,0,0,0,0,0,0
360313,0,1,1987,0,0,0,0,0,0,0,0,0,0
360313,1,1,1987,20,0,0,0,0,0,0,0,0,0
360314,0,1,1987,18,18,18,18,18,18,18,18,18,18
360314,1,1,1987,0,0,0,29,0,15,0,0,11,0
360315,1,1,1987,0,0,4,11,0,12,0,10,22,0
360316,0,1,1987,1,1,1,1,1,1,1,1,1,1
360316,0,2,1987,0,0,10,17,12,9,0,4,15,0
360316,1,1,1987,15,0,0,19,0,0,0,13,17,0
360317,0,1,1987,0,0,0,0,0,0,0,0,0,0
360317,1,1,1987,0,0,0,0,0,0,0,0,0,0
360318,0,1,1987,14,14,14,14,14,14,14,14,14,14
360318,1,1,1987,0,0,9,26,0,8,0,0,0,0
360319,1,1,1987,0,0,0,0,0,0,0,0,0,0
360320,2,1,1987,0,0,0,0,0,0,0,0,0,0
360320,3,1,1987,0,0,0,0,0,0,0,0,0,0
360320,4,1,1987,0,0,0,0,0,0,0,0,0,0
360321,1,1,1987,11,11,11,11,11,11,11,11,11,11
360322,1,1,1987,16,16,16,16,16,16,16,16,16,16
360323,0,1,1987,0,0,0,0,0,0,0,0,0,0
360323,0,2,1987,0,0,0,0,0,0,0,0,0,0
360323,1,1,1987,0,0,0,0,0,0,0,0,0,0
360324,0,1,1987,19,22,0,0,14,8,0,0,9,0
360324,1,1,1987,8,11,16,11,8,0,11,18,0,25
360325,1,1,1987,0,5,0,0,0,0,0,0,0,0
360325,2,1,1987,0,0,0,0,0,0,0,0,0,0
360326,1,1,1987,0,0,0,0,0,0,0,0,0,0
360326,2,1,1987,0,0,0,0,0,0,0,0,0,0
360328,0,1,1987,37,37,37,37,37,37,37,37,37,37
360328,1,1,1987,9,12,18,9,9,11,15,8,10,3
360329,1,1,1987,0,12,7,0,0,0,15,0,0,0
360330,0,1,1987,0,0,0,0,0,0,0,0,0,0
360330,1,1,1987,0,0,0,0,0,0,0,0,0,0
360331,0,1,1987,0,0,0,0,0,0,0,0,0,0
360331,1,1,1987,0,0,0,0,0,0,0,0,0,0
360332,1,1,1987,0,0,0,0,0,0,0,0,0,0
360333,1,1,1987,0,0,0,0,0,0,0,0,0,0
360334,0,1,1987,36,0,0,14,13,8,0,0,0,7
360334,1,1,1987,0,0,0,0,0,0,0,0,0,0
360335,0,1,1987,0,0,0,0,0,0,0,0,0,0
360335,1,1,1987,0,0,0,0,0,0,0,0,0,0
360336,1,1,1987,7,7,7,7,7,7,7,7,7,7
360337,1,1,1987,17,17,17,17,17,17,17,17,17,17
360337,2,1,1987,0,19,0,0,0,0,0,0,0,0
360338,1,1,1987,0,0,0,0,0,0,0,0,0,0
360339,1,1,1987,0,0,0,0,0,0,0,0,0,0
360340,1,1,1987,0,0,0,0,0,0,0,0,0,0
360340,2,1,1987,24,24,24,24,24,24,24,24,24,24
360341,1,1,1987,0,0,0,0,0,18,0,0,0,0
360341,2,1,1987,17,0,0,0,0,0,0,0,0,22
360342,1,1,1987,0,0,0,0,0,0,0,6,9,0
360342,2,1,1987,21,22,0,0,11,30,0,0,8,0
360343,1,1,1987,20,20,20,20,20,20,20,20,20,20
360344,1,1,1987,2,2,2,2,2,2,2,2,2,2
360344,2,1,1987,0,0,0,10,0,0,0,0,11,0
360345,1,1,1987,24,13,16,17,26,21,19,25,35,27
360346,1,1,1987,13,13,26,15,12,21,11,29,10,16
360346,2,1,1987,0,0,0,0,0,0,0,0,0,0
360347,1,1,1987,0,17,0,16,0,0,0,14,17,0
360348,0,1,1987,6,6,6,6,6,6,6,6,6,6
360348,1,1,1987,0,0,0,0,0,0,9,0,0,0
360349,1,1,1987,0,0,0,16,28,0,0,0,0,24
360350,1,1,1987,0,0,0,0,0,0,0,0,0,0
360350,2,1,1987,0,0,0,0,0,0,0,0,0,0
360351,1,1,1987,0,0,0,0,0,0,0,0,0,0
360351,2,1,1987,0,0,0,0,0,0,0,0,0,0
360352,0,1,1987,0,0,0,0,0,0,0,0,0,0
360352,1,1,1987,0,0,0,0,0,0,0,0,0,0
360353,0,1,1987,0,0,0,0,0,0,0,0,0,0
360353,1,1,1987,0,0,0,0,0,0,0,0,0,0
360354,1,1,1987,0,0,0,0,0,0,17,0,0,0
360354,2,1,1987,0,0,0,0,8,0,0,0,0,0
360355,0,1,1987,0,0,0,0,0,0,0,0,0,0
360355,1,1,1987,0,0,0,0,0,0,0,0,0,0
360356,1,1,1987,0,0,0,0,0,0,0,22,0,0
360356,2,1,1987,0,0,0,0,0,0,0,0,0,0
360357,0,1,1987,0,0,0,0,0,0,0,0,0,0
360357,1,1,1987,0,0,0,0,0,0,0,0,0,0
360357,2,1,1987,0,0,0,0,0,16,0,0,0,12
360357,3,1,1987,0,0,28,0,0,0,0,4,0,0
360358,1,1,1987,0,0,0,0,0,0,0,0,0,0
360358,2,1,1987,0,0,0,0,0,0,0,0,14,0
360359,1,1,1987,0,0,0,0,0,0,0,0,0,0
360359,2,1,1987,11,11,11,11,11,11,11,11,11,11
360360,1,1,1987,0,0,0,0,0,0,0,0,0,0
360361,1,1,1987,28,28,28,28,28,28,28,28,28,28
360362,0,1,1987,0,0,0,0,0,0,28,0,15,0
360362,1,1,1987,0,0,0,0,0,0,0,0,0,0
360363,1,1,1987,0,0,0,0,0,0,0,0,0,0
360364,1,1,1987,0,0,0,0,0,18,0,0,0,0
360365,1,1,1987,0,0,0,0,0,0,0,0,0,0
360366,1,1,1987,8,0,0,0,0,0,0,0,0,0
360367,1,1,1987,0,0,0,0,0,0,0,0,0,0
360368,1,1,1987,6,0,0,0,0,0,0,0,0,0
360368,2,1,1987,0,0,0,0,0,0,0,0,0,0
360369,1,1,1987,22,22,22,22,22,22,22,22,22,22
360370,1,1,1987,0,0,0,0,0,0,0,9,0,0
360370,2,1,1987,10,10,10,10,10,10,10,10,10,10
360371,1,1,1987,0,6,0,0,0,0,0,0,0,0
360372,1,1,1987,18,18,18,18,18,18,18,18,18,18
360372,2,1,1987,0,0,0,0,0,5,0,0,0,0
360373,1,1,1987,18,18,18,18,18,18,18,18,18,18
360374,1,1,1987,0,0,0,0,0,0,0,0,0,0
360374,2,1,1987,0,0,0,0,0,0,0,0,0,0
360374,3,1,1987,0,0,0,0,0,0,0,0,0,0
360375,1,1,1987,0,0,0,0,0,0,0,0,0,0
360375,2,1,1987,0,0,0,0,0,0,0,0,0,0
360376,0,1,1987,0,0,0,0,0,0,0,0,0,0
360376,1,1,1987,0,0,0,0,0,0,0,0,0,0
360377,0,1,1987,0,0,0,0,0,0,0,0,0,0
360377,1,1,1987,0,0,0,0,0,0,0,0,0,0
360377,2,1,1987,20,0,55,39,14,25,0,15,31,0
360377,3,1,1987,19,18,27,0,13,7,0,29,0,10
360378,0,1,1987,0,0,0,0,0,0,0,0,0,0
360378,1,1,1987,0,0,0,0,0,0,0,0,5,0
360379,1,1,1987,0,0,0,0,0,0,0,0,0,0
360379,2,1,1987,0,0,0,0,0,0,0,0,0,0
360380,0,1,1987,1,1,1,1,1,1,1,1,1,1
360380,1,1,1987,0,0,0,0,0,0,0,0,0,0
360381,0,1,1987,26,26,26,26,26,26,26,26,26,26
360381,1,1,1987,0,21,0,20,19,0,14,0,0,19
360382,0,1,1987,14,14,14,14,14,14,14,14,14,14
360382,1,1,1987,0,9,15,0,0,0,0,0,0,8
360383,1,1,1987,7,7,7,7,7,7,7,7,7,7
360383,2,1,1987,0,0,0,0,0,0,0,0,0,0
360384,1,1,1987,0,0,0,0,0,0,0,0,0,0
360384,2,1,1987,0,0,0,0,0,0,0,0,0,0
360385,1,1,1987,0,0,0,0,17,0,0,0,0,0
360385,2,1,1987,0,0,17,0,0,0,0,0,0,0
360386,0,1,1987,0,0,0,0,0,0,0,0,0,0
360386,1,1,1987,0,0,0,0,0,0,0,0,0,0
360387,0,1,1987,0,0,0,0,0,0,0,0,0,0
360387,1,1,1987,0,0,0,0,0,0,0,0,0,0
360388,0,1,1987,0,0,0,0,0,0,0,0,0,0
360388,1,1,1987,0,0,0,0,0,0,0,0,10,0
360388,2,1,1987,9,10,0,29,0,0,0,0,0,21
360389,1,1,1987,12,20,15,0,13,8,15,42,19,16
360390,1,1,1987,9,9,9,9,9,9,9,9,9,9
360391,1,1,1987,0,0,0,0,0,0,0,0,0,0
360391,2,1,1987,0,22,0,0,0,0,0,0,0,0
360391,3,1,1987,0,0,0,0,0,0,0,0,0,0
360392,0,1,1987,0,0,0,0,0,0,0,0,0,0
360392,1,1,1987,0,0,0,0,0,0,0,0,0,0
360393,0,1,1987,30,30,30,30,30,30,30,30,30,30
360393,1,1,1987,0,0,0,0,0,0,0,4,0,0
360395,1,1,1987,18,18,18,18,18,18,18,18,18,18
360396,1,1,1987,0,0,0,0,0,0,0,0,0,0
360396,2,1,1987,0,0,0,0,0,0,0,0,0,9
360397,1,1,1987,12,6,12,4,11,11,14,0,6,6
360398,1,1,1987,0,0,0,0,0,0,0,0,0,0
360399,1,1,1987,0,8,0,0,0,0,0,0,0,0
360399,2,1,1987,10,0,24,0,0,0,0,0,0,0
360400,1,1,1987,0,0,0,0,0,0,0,0,0,0
360400,2,1,1987,0,0,0,0,0,0,0,0,0,0
360401,0,1,1987,10,11,0,0,0,0,0,0,0,0
360401,1,1,1987,0,0,0,0,0,0,0,0,0,0
360402,0,1,1987,19,19,19,19,19,19,19,19,19,19
360402,1,1,1987,0,0,0,0,0,0,0,0,0,0
360403,1,1,1987,0,0,18,20,0,29,6,0,0,10
360403,2,1,1987,10,10,10,10,10,10,10,10,10,10
360404,1,1,1987,28,28,28,28,28,28,28,28,28,28
360405,1,1,1987,0,0,0,0,0,0,0,0,0,0
360405,2,1,1987,0,0,0,0,0,0,0,0,0,0
360406,1,1,1987,0,0,0,0,0,0,0,0,0,0
360406,2,1,1987,0,0,0,0,0,0,0,0,0,0
360407,0,1,1987,0,0,0,0,0,0,0,0,0,0
360407,1,1,1987,0,0,0,0,0,0,0,0,18,0
360408,1,1,1987,0,0,0,0,0,0,0,0,0,0
360408,2,1,1987,0,0,0,0,0,0,0,0,0,0
360409,0,1,1987,0,0,0,0,0,0,0,0,23,0
360409,1,1,1987,0,30,0,0,0,0,0,0,0,0
360410,0,1,1987,0,0,0,0,0,0,0,0,0,0
360410,1,1,1987,0,0,0,0,0,0,0,0,0,0
360411,0,1,1987,8,7,0,0,30,0,0,5,6,0
360411,0,2,1987,0,0,0,0,0,0,0,0,0,0
360411,1,1,1987,9,5,19,8,12,8,16,12,9,9
360412,1,1,1987,0,0,0,0,0,0,0,0,0,0
360412,2,1,1987,0,0,0,0,0,9,0,0,0,0
360413,0,1,1987,19,19,19,19,19,19,19,19,19,19
360413,1,1,1987,0,0,0,8,0,0,0,0,0,0
360414,1,1,1987,0,0,0,0,0,0,0,0,0,0
360414,2,1,1987,0,0,0,0,0,0,0,0,0,0
360415,0,1,1987,0,0,0,0,0,0,0,0,0,0
360415,1,1,1987,0,0,0,0,0,0,0,0,0,0
360416,1,1,1987,0,0,0,0,0,0,0,0,0,0
360416,2,1,1987,0,0,0,0,0,0,0,0,0,0
360417,1,1,1987,17,24,20,22,8,24,57,17,19,38
360418,0,1,1987,0,0,0,0,0,0,0,0,0,0
360418,1,1,1987,29,0,19,0,8,0,10,0,0,0
360419,1,1,1987,2,2,2,2,2,2,2,2,2,2
360420,1,1,1987,0,0,0,0,0,0,25,0,0,0
360420,2,1,1987,6,0,5,16,11,7,0,0,11,0
360420,3,1,1987,0,9,12,11,21,9,15,9,5,15
360421,0,1,1987,4,4,4,4,4,4,4,4,4,4
360421,1,1,1987,0,0,0,0,0,0,0,0,0,0
360423,1,1,1987,35,35,35,35,35,35,35,35,35,35
360423,2,1,1987,0,0,0,0,0,0,8,0,0,0
360424,0,1,1987,7,7,7,7,7,7,7,7,7,7
360424,1,1,1987,0,0,0,0,0,0,0,0,0,0
360425,1,1,1987,6,6,6,6,6,6,6,6,6,6
360426,1,1,1987,11,27,4,18,16,15,7,14,11,12
360426,2,1,1987,13,0,12,16,26,5,0,12,21,0
360427,0,1,1987,0,0,0,0,0,0,0,0,0,0
360427,1,1,1987,0,36,0,30,11,9,0,8,26,0
360428,0,1,1987,0,0,0,0,0,0,0,0,0,0
360428,0,2,1987,0,0,3,0,0,0,0,0,0,0
360428,0,3,1987,0,0,0,0,0,0,0,0,0,0
360428,1,1,1987,0,0,0,0,0,0,0,0,0,17
360428,2,1,1987,0,0,10,0,0,0,6,0,0,0
360429,1,1,1987,3,3,3,3,3,3,3,3,3,3
360430,1,1,1987,0,0,0,0,0,0,0,0,0,0
360431,1,1,1987,0,0,0,0,0,0,0,0,0,0
360431,2,1,1987,0,0,0,0,0,0,0,0,0,0
360432,0,1,1987,0,0,0,0,0,0,0,0,0,0
360432,1,1,1987,10,0,0,0,0,0,0,0,11,0
360433,0,1,1987,0,0,0,0,0,0,0,0,0,0
360433,1,1,1987,0,0,0,0,0,0,0,0,0,0
360434,1,1,1987,0,0,0,0,0,0,0,0,0,0
360434,2,1,1987,10,10,10,10,10,10,10,10,10,10
360435,1,1,1987,4,4,4,4,4,4,4,4,4,4
360436,0,1,1987,0,0,0,0,0,0,0,0,0,0
360436,1,1,1987,0,0,0,0,0,0,0,0,0,0
360437,0,1,1987,0,0,0,0,0,0,0,0,0,0
360437,1,1,1987,0,0,0,0,0,0,0,0,0,0
360438,1,1,1987,12,12,12,12,12,12,12,12,12,12
360439,0,1,1987,0,0,0,0,0,0,0,0,0,0
360439,1,1,1987,11,20,0,0,0,0,0,0,0,0
360440,0,1,1987,0,14,0,0,0,0,0,0,0,0
360440,0,2,1987,0,0,0,0,11,0,0,0,7,0
360440,1,1,1987,0,0,0,0,0,0,0,0,0,0
360441,1,1,1987,8,8,8,8,8,8,8,8,8,8
360442,1,1,1987,11,20,7,8,10,17,3,7,14,18
360443,0,1,1987,0,0,0,0,0,0,0,0,0,0
360443,1,1,1987,0,0,0,0,0,0,0,0,0,0
360444,0,1,1987,0,0,0,0,0,0,0,0,0,0
360444,1,1,1987,0,0,0,0,0,0,0,0,0,0
360444,2,1,1987,0,0,0,0,0,0,0,0,0,0
360445,1,1,1987,0,0,0,0,0,0,0,0,0,0
360446,0,1,1987,3,3,3,3,3,3,3,3,3,3
360446,1,1,1987,0,0,0,0,0,0,0,0,0,0
360447,1,1,1987,0,0,0,0,0,0,0,0,0,0
360447,2,1,1987,0,0,0,0,0,0,0,0,0,0
360448,1,1,1987,8,8,8,8,8,8,8,8,8,8
360449,1,1,1987,19,19,19,19,19,19,19,19,19,19
360450,1,1,1987,17,17,17,17,17,17,17,17,17,17
360450,2,1,1987,0,0,0,0,0,0,0,13,0,0
360450,3,1,1987,0,0,0,0,0,0,0,0,0,0
360451,1,1,1987,0,0,0,0,0,0,0,0,0,0
360452,1,1,1987,0,0,10,0,0,0,0,0,0,0
360452,2,1,1987,19,19,19,19,19,19,19,19,19,19
360452,3,1,1987,0,0,0,0,0,0,12,0,0,0
360453,0,1,1987,0,0,0,0,0,0,0,0,0,0
360453,1,1,1987,0,0,0,16,0,0,0,0,0,0
360454,1,1,1987,11,11,11,11,11,11,11,11,11,11
360454,2,1,1987,0,0,0,0,0,0,4,0,0,0
360454,3,1,1987,0,0,0,0,0,0,0,0,0,0
360455,1,1,1987,0,0,7,0,6,10,0,0,20,0
360455,2,1,1987,0,0,0,0,0,0,0,0,0,0
360456,0,1,1987,0,0,0,0,0,0,0,0,0,0
360456,1,1,1987,0,0,0,0,0,0,0,0,0,0
360458,1,1,1987,0,0,0,0,0,0,0,0,0,0
360458,2,1,1987,0,0,0,0,0,0,10,17,0,0
360459,1,1,1987,0,0,0,0,0,0,0,0,0,0
360459,2,1,1987,0,0,0,0,0,0,0,0,0,0
360460,1,1,1987,24,24,24,24,24,24,24,24,24,24
360461,1,1,1987,0,0,6,9,8,0,0,0,0,22
360461,2,1,1987,20,0,0,0,0,0,0,0,0,0
360462,1,1,1987,0,0,0,0,0,0,0,0,0,0
360462,2,1,1987,0,0,0,0,0,0,0,0,0,0
360463,0,1,1987,2,2,2,2,2,2,2,2,2,2
360463,1,1,1987,0,0,0,0,0,0,0,0,0,0
360464,1,1,1987,11,0,0,32,0,0,0,0,0,0
360465,1,1,1987,4,4,4,4,4,4,4,4,4,4
360466,0,1,1987,0,0,0,0,0,0,0,0,0,0
360466,1,1,1987,0,0,0,0,0,0,0,0,0,0
360467,1,1,1987,15,15,15,15,15,15,15,15,15,15
360468,1,1,1987,11,11,11,11,11,11,11,11,11,11
360469,1,1,1987,0,0,0,0,0,0,0,0,0,0
360469,2,1,1987,0,0,0,0,0,6,0,0,0,0
360470,1,1,1987,24,24,24,24,24,24,24,24,24,24
360471,1,1,1987,0,0,0,0,0,0,0,0,0,0
360471,2,1,1987,0,0,0,0,0,0,0,0,0,0
360471,3,1,1987,0,0,0,0,0,0,0,0,0,0
360472,1,1,1987,0,11,0,0,0,0,0,0,0,0
360473,1,1,1987,21,19,21,12,17,15,15,23,11,12
360474,0,1,1987,19,19,19,19,19,19,19,19,19,19
360474,1,1,1987,16,14,8,17,0,22,0,13,0,13
360475,1,1,1987,0,0,0,12,0,0,0,0,0,0
360475,2,1,1987,0,0,0,0,0,0,0,0,0,0
360476,1,1,1987,0,0,0,0,11,0,0,0,9,0
360476,2,1,1987,0,0,0,0,0,0,0,0,0,0
360477,1,1,1987,11,18,10,4,14,10,4,4,4,3
360478,0,1,1987,0,28,0,29,13,12,24,24,18,6
360478,1,1,1987,19,23,28,0,12,26,0,16,19,14
360479,1,1,1987,3,3,3,3,3,3,3,3,3,3
360479,2,1,1987,5,5,5,5,5,5,5,5,5,5
360480,0,1,1987,0,0,0,0,0,0,0,0,0,0
360480,1,1,1987,0,0,0,0,0,0,0,0,0,0
360481,1,1,1987,7,7,7,7,7,7,7,7,7,7
360482,0,1,1987,0,0,0,0,0,0,0,0,0,0
360482,1,1,1987,0,0,0,0,0,0,0,0,0,0
360483,0,1,1987,0,0,0,0,0,0,0,0,0,0
360483,1,1,1987,0,0,0,24,9,19,27,13,10,0
360484,1,1,1987,0,0,0,0,0,0,0,0,0,0
360484,2,1,1987,0,0,0,0,0,0,0,0,0,0
360485,1,1,1987,20,20,20,20,20,20,20,20,20,20
360486,1,1,1987,16,22,26,10,17,5,8,0,20,15
360487,1,1,1987,12,11,9,7,18,14,6,8,9,17
360488,1,1,1987,0,0,0,0,0,0,0,0,0,0
360488,2,1,1987,0,19,0,0,0,0,0,0,0,0
360489,1,1,1987,0,0,0,0,0,0,0,0,0,0
360489,2,1,1987,0,0,0,0,0,0,0,0,0,0
360490,1,1,1987,23,11,8,20,16,12,15,9,16,7
360491,1,1,1987,16,16,16,16,16,16,16,16,16,16
360492,1,1,1987,15,4,10,18,15,8,9,14,9,20
360493,1,1,1987,11,11,11,11,11,11,11,11,11,11
360494,0,1,1987,0,0,0,0,0,0,0,0,0,0
360494,1,1,1987,0,0,0,0,49,0,0,0,0,0
360495,1,1,1987,0,0,0,0,0,0,0,0,0,0
360495,2,1,1987,0,19,0,0,0,0,0,0,0,0
360496,1,1,1987,24,24,24,24,24,24,24,24,24,24
360497,0,1,1987,0,0,0,0,0,0,0,0,0,0
360497,1,1,1987,0,0,0,0,0,0,0,0,0,0
360498,1,1,1987,0,0,0,0,0,0,0,0,0,0
360499,1,1,1987,1,1,1,1,1,1,1,1,1,1
360499,2,1,1987,0,0,0,0,0,0,0,0,0,0
360500,1,1,1987,7,30,29,20,15,16,11,0,22,5
360501,1,1,1987,20,20,20,20,20,20,20,20,20,20
360502,0,1,1987,0,0,0,0,0,0,0,0,0,0
360502,1,1,1987,0,0,0,0,0,0,0,0,0,0
360503,0,1,1987,0,0,0,0,0,0,0,0,0,0
360503,1,1,1987,16,0,0,0,0,0,0,0,0,0
360504,0,1,1987,22,22,22,22,22,22,22,22,22,22
360504,1,1,1987,0,7,0,0,0,17,0,5,18,0
360504,2,1,1987,14,41,0,20,34,24,44,24,0,0
360504,3,1,1987,0,38,27,0,19,21,0,19,0,0
360505,1,1,1987,19,7,0,0,21,15,30,23,14,16
360505,2,1,1987,0,0,0,0,0,0,0,0,0,0
360506,1,1,1987,0,0,0,0,0,0,0,0,0,21
360506,2,1,1987,0,0,0,0,0,0,0,0,0,0
360507,1,1,1987,0,10,5,8,0,11,9,8,9,0
360507,2,1,1987,0,0,0,0,0,0,0,0,0,0
360508,1,1,1987,8,8,8,8,8,8,8,8,8,8
360509,1,1,1987,24,24,24,24,24,24,24,24,24,24
360510,0,1,1987,0,0,0,0,0,0,0,0,0,0
360510,1,1,1987,0,0,0,0,0,0,0,0,0,0
360511,0,1,1987,16,24,0,0,0,6,0,0,0,32
360511,1,1,1987,0,0,0,0,0,0,0,0,0,0
360512,0,1,1987,0,0,0,0,0,0,0,0,0,0
360512,1,1,1987,10,17,16,0,9,0,6,0,0,15
360512,2,1,1987,0,0,0,0,0,0,0,7,0,0
360513,0,1,1987,0,0,0,0,0,0,0,0,0,0
360513,1,1,1987,7,0,0,0,0,0,0,0,0,0
360514,1,1,1987,24,24,24,24,24,24,24,24,24,24
360515,1,1,1987,17,17,17,17,17,17,17,17,17,17
360516,0,1,1987,0,0,0,0,0,0,0,0,0,0
360516,1,1,1987,0,0,0,0,0,0,6,0,0,0
360517,1,1,1987,19,0,30,0,0,0,0,11,0,0
360517,2,1,1987,0,0,0,0,0,0,0,0,0,0
360519,1,1,1987,4,4,4,4,4,4,4,4,4,4
360520,0,1,1987,0,0,0,0,0,0,0,0,0,0
360520,1,1,1987,0,0,11,0,0,0,0,0,0,12
360521,1,1,1987,0,0,0,0,0,0,0,0,0,0
360522,1,1,1987,0,0,10,0,19,17,0,0,17,26
360523,1,1,1987,0,0,0,0,0,0,0,0,0,0
360524,0,1,1987,0,0,0,0,0,0,0,0,0,0
360524,1,1,1987,0,0,0,0,0,0,0,0,0,0
360525,1,1,1987,0,0,0,0,0,0,0,0,0,0
360525,2,1,1987,0,0,0,0,0,0,0,0,0,0
360526,1,1,1987,0,0,0,0,0,0,0,0,0,0
360527,1,1,1987,20,20,20,20,20,20,20,20,20,20
360528,1,1,1987,18,18,18,18,18,18,18,18,18,18
360529,1,1,1987,0,0,0,0,0,0,0,0,0,0
360529,2,1,1987,0,0,0,13,0,0,0,0,0,0
360530,0,1,1987,0,0,0,0,0,0,0,0,0,0
360530,1,1,1987,0,0,0,0,0,0,0,0,0,0
360531,1,1,1987,0,13,10,0,0,16,34,11,14,11
360531,2,1,1987,10,0,0,0,6,18,0,0,0,0
360532,1,1,1987,0,0,0,0,0,0,0,0,0,0
360532,2,1,1987,0,0,0,0,0,0,0,0,0,0
360533,0,1,1987,29,29,29,29,29,29,29,29,29,29
360533,1,1,1987,7,14,14,20,0,11,0,19,11,7
360534,0,1,1987,0,0,0,0,0,0,0,0,0,0
360534,1,1,1987,0,0,0,0,0,0,0,0,0,0
360534,2,1,1987,0,0,14,0,0,15,0,0,0,18
360535,1,1,1987,19,19,19,19,19,19,19,19,19,19
360535,2,1,1987,0,0,0,0,0,0,0,17,0,0
360536,1,1,1987,0,0,0,0,0,0,0,0,0,0
360537,1,1,1987,21,21,21,21,21,21,21,21,21,21
360538,1,1,1987,14,14,14,14,14,14,14,14,14,14
360539,1,1,1987,20,22,22,0,29,14,12,18,14,16
360540,1,1,1987,0,0,0,0,0,0,0,6,8,0
360540,2,1,1987,18,0,0,0,0,0,0,21,15,0
360541,1,1,1987,0,0,0,0,0,0,0,0,0,0
360541,2,1,1987,0,0,0,0,0,0,0,0,0,0
360541,3,1,1987,0,0,0,0,0,0,0,0,0,0
360541,4,1,1987,0,0,0,0,0,0,0,0,0,0
360541,5,1,1987,0,0,0,0,0,0,0,0,0,0
360542,1,1,1987,24,10,16,20,16,21,17,13,28,39