ST_CASE,VEH_NO,PER_NO,YEAR,P1,P2,P3,P4,P5,P6,P7,P8,P9,P10
360543,1,1,1987,0,0,0,0,0,0,0,0,0,0
360543,2,1,1987,0,18,0,27,11,15,13,14,11,2
360544,1,1,1987,0,0,0,0,0,0,0,0,0,0
360544,2,1,1987,0,0,0,0,0,0,0,0,0,0
360545,1,1,1987,15,15,15,15,15,15,15,15,15,15
360546,1,1,1987,0,0,0,0,0,0,0,0,0,0
360547,0,1,1987,0,0,0,0,0,0,0,0,0,0
360547,1,1,1987,0,0,0,0,0,0,0,0,0,0
360548,1,1,1987,20,20,20,20,20,20,20,20,20,20
360549,1,1,1987,28,26,5,15,0,11,8,26,14,18
360550,1,1,1987,0,0,0,0,0,0,0,0,0,0
360550,2,1,1987,0,0,0,0,0,0,0,5,0,0
360551,0,1,1987,0,0,0,0,0,0,0,0,0,0
360551,1,1,1987,0,10,6,8,13,7,11,18,13,13
360552,0,1,1987,0,0,0,0,0,0,0,0,0,0
360552,1,1,1987,0,0,0,0,0,0,0,0,0,0
360553,1,1,1987,0,0,0,0,0,0,0,0,0,0
360553,2,1,1987,0,0,0,0,0,0,0,0,0,0
360554,1,1,1987,16,16,16,16,16,16,16,16,16,16
360555,1,1,1987,0,0,0,0,0,0,0,0,0,0
360556,1,1,1987,0,0,0,0,0,0,0,0,0,0
360556,2,1,1987,0,0,0,0,0,0,0,0,0,0
360557,0,1,1987,0,0,0,0,0,0,0,0,0,0
360557,1,1,1987,0,0,0,0,0,0,0,0,0,0
360558,1,1,1987,5,0,0,22,18,35,0,31,0,0
360559,1,1,1987,0,0,0,0,0,0,0,0,0,0
360560,1,1,1987,17,17,17,17,17,17,17,17,17,17
360561,1,1,1987,0,0,0,0,0,0,15,0,0,0
360561,2,1,1987,0,0,17,0,0,10,16,26,0,0
360562,0,1,1987,5,5,5,5,5,5,5,5,5,5
360562,1,1,1987,0,12,0,0,0,0,0,0,0,0
360563,1,1,1987,0,0,0,0,0,0,0,0,0,0
360563,2,1,1987,0,0,0,0,0,0,0,0,0,0
360564,1,1,1987,0,0,0,12,0,0,0,0,15,0
360564,2,1,1987,0,0,0,0,0,0,0,0,0,0
360565,1,1,1987,0,0,0,0,0,0,0,0,0,0
360565,2,1,1987,0,15,0,0,0,0,0,0,0,0
360566,0,1,1987,0,0,0,0,0,0,0,0,0,0
360566,1,1,1987,0,0,0,0,0,0,0,0,0,0
360567,0,1,1987,10,19,0,0,0,0,0,18,0,13
360567,1,1,1987,0,0,0,0,0,0,0,0,0,0
360568,1,1,1987,0,6,0,0,0,0,0,0,0,0
360568,2,1,1987,18,0,0,0,0,0,0,26,0,0
360569,1,1,1987,0,0,0,0,0,0,0,0,0,0
360569,2,1,1987,0,0,0,0,0,0,0,0,0,0
360569,3,1,1987,0,0,0,0,0,21,0,0,0,0
360569,4,1,1987,0,0,0,0,0,0,0,0,0,0
360570,1,1,1987,0,0,0,0,0,0,0,0,0,0
360570,2,1,1987,12,12,12,12,12,12,12,12,12,12
360571,1,1,1987,17,17,17,17,17,17,17,17,17,17
360572,1,1,1987,0,0,0,0,0,0,0,0,0,0
360573,1,1,1987,0,0,0,0,0,0,0,0,0,0
360573,2,1,1987,0,0,0,0,0,0,0,0,0,0
360574,0,1,1987,5,5,5,5,5,5,5,5,5,5
360574,1,1,1987,0,0,0,0,0,0,0,0,0,7
360575,1,1,1987,0,0,0,0,0,0,0,0,0,0
360575,2,1,1987,0,0,0,0,0,0,0,0,0,0
360576,1,1,1987,0,0,0,0,0,0,0,0,0,0
360576,2,1,1987,0,0,0,0,0,0,0,0,0,0
360576,3,1,1987,0,0,0,0,0,0,0,0,0,0
360577,0,1,1987,28,28,28,28,28,28,28,28,28,28
360577,1,1,1987,0,0,0,0,0,0,0,0,0,0
360577,2,1,1987,0,0,0,0,0,0,0,0,0,0
360578,0,1,1987,0,0,0,0,0,0,0,0,0,0
360578,1,1,1987,0,0,0,0,0,0,0,0,0,0
360579,1,1,1987,0,0,0,0,0,0,0,0,0,0
360579,2,1,1987,12,12,12,12,12,12,12,12,12,12
360580,0,1,1987,0,0,0,0,0,0,0,0,0,0
360580,1,1,1987,8,0,0,0,0,0,0,0,0,19
360581,1,1,1987,0,0,0,0,0,0,0,0,0,0
360582,1,1,1987,0,0,0,0,0,0,0,0,0,0
360583,1,1,1987,0,0,0,0,0,0,0,0,0,0
360583,2,1,1987,0,0,0,0,0,0,0,0,0,0
360584,1,1,1987,18,18,18,18,18,18,18,18,18,18
360585,1,1,1987,19,19,19,19,19,19,19,19,19,19
360586,1,1,1987,0,0,0,0,0,0,0,0,0,0
360587,0,1,1987,3,3,3,3,3,3,3,3,3,3
360587,1,1,1987,0,0,0,0,0,13,0,0,0,0
360588,1,1,1987,0,0,0,0,0,0,0,0,0,0
360588,2,1,1987,0,0,0,0,0,0,0,0,0,0
360589,1,1,1987,0,0,0,0,14,0,19,0,16,4
360590,1,1,1987,0,0,0,0,0,0,0,0,0,0
360591,0,1,1987,23,23,23,23,23,23,23,23,23,23
360591,1,1,1987,18,0,0,8,0,0,0,0,0,14
360592,0,1,1987,0,0,0,0,0,0,0,0,0,0
360592,1,1,1987,0,0,0,0,0,0,0,0,0,0
360593,1,1,1987,1,1,1,1,1,1,1,1,1,1
360594,1,1,1987,0,0,0,0,0,0,0,0,0,0
360594,2,1,1987,0,0,0,0,0,0,0,0,0,0
360594,3,1,1987,0,0,0,0,0,0,0,0,0,0
360595,1,1,1987,0,0,0,0,0,0,0,0,0,0
360595,2,1,1987,25,25,25,25,25,25,25,25,25,25
360596,0,1,1987,0,0,0,0,0,0,0,0,0,0
360596,1,1,1987,0,0,0,0,0,0,0,0,0,0
360597,1,1,1987,18,14,15,18,18,18,25,0,16,29
360598,0,1,1987,0,0,0,0,0,0,0,0,0,0
360598,0,2,1987,0,0,0,0,0,0,0,0,0,0
360598,1,1,1987,0,0,0,0,0,0,0,0,0,0
360599,1,1,1987,1,1,1,1,1,1,1,1,1,1
360599,2,1,1987,0,0,0,0,0,0,0,0,0,0
360599,3,1,1987,0,0,0,0,0,0,0,0,0,0
360600,0,1,1987,0,0,0,0,0,0,0,0,0,0
360600,1,1,1987,0,0,0,0,0,0,0,0,0,0
360601,1,1,1987,0,0,0,0,0,0,0,0,0,0
360601,2,1,1987,0,0,0,0,0,0,0,0,0,17
360602,0,1,1987,0,0,0,0,0,0,0,0,0,0
360602,1,1,1987,13,0,0,0,14,0,0,0,0,0
360603,1,1,1987,0,0,0,0,0,0,0,0,0,0
360603,2,1,1987,0,0,0,0,0,0,0,0,0,0
360603,3,1,1987,0,0,0,0,0,0,0,0,0,0
360604,1,1,1987,22,22,22,22,22,22,22,22,22,22
360605,1,1,1987,0,15,12,0,0,0,0,0,0,0
360606,1,1,1987,0,0,0,0,0,0,0,0,0,0
360606,2,1,1987,0,0,0,0,0,0,0,0,0,0
360607,1,1,1987,0,0,0,0,0,0,0,0,0,0
360608,1,1,1987,0,12,15,11,8,16,20,20,28,5
360608,2,1,1987,0,0,0,0,0,0,0,0,0,0
360609,1,1,1987,10,10,10,10,10,10,10,10,10,10
360610,0,1,1987,17,17,17,17,17,17,17,17,17,17
360610,1,1,1987,16,7,23,27,2,7,0,17,18,14
360611,0,1,1987,0,0,0,0,0,0,0,0,0,0
360611,1,1,1987,0,0,0,0,0,0,0,0,0,0
360612,0,1,1987,0,0,0,0,0,0,0,0,16,0
360612,1,1,1987,0,0,0,0,0,0,0,0,0,0
360613,0,1,1987,0,0,0,0,0,0,0,0,0,0
360613,1,1,1987,11,25,26,0,23,16,20,0,58,0
360614,1,1,1987,0,0,0,0,0,0,0,0,0,0
360614,2,1,1987,0,0,0,0,0,0,0,0,0,0
360614,3,1,1987,0,0,0,0,0,0,0,0,0,0
360614,4,1,1987,0,0,0,0,0,0,0,0,0,0
360615,0,1,1987,12,12,12,12,12,12,12,12,12,12
360615,1,1,1987,18,14,0,0,25,0,4,14,14,0
360616,0,1,1987,0,0,0,0,0,0,0,0,0,0
360616,1,1,1987,0,0,0,0,0,0,0,0,14,0
360617,0,1,1987,0,0,0,0,0,0,0,0,0,0
360617,1,1,1987,0,0,0,0,0,0,0,0,0,0
360618,0,1,1987,0,0,0,0,0,0,0,0,0,0
360618,1,1,1987,0,0,0,0,30,0,0,0,0,0
360619,1,1,1987,0,0,0,0,0,0,0,0,0,0
360619,2,1,1987,0,13,0,12,0,0,0,0,0,0
360620,0,1,1987,0,0,0,0,0,0,0,0,0,0
360620,1,1,1987,2,0,0,0,0,0,0,0,0,0
360621,0,2,1987,0,0,0,0,0,0,0,0,0,0
360621,1,1,1987,23,11,11,16,9,25,13,27,17,9
360622,1,1,1987,0,0,0,0,0,0,0,6,0,0
360622,2,1,1987,0,0,0,0,0,0,0,0,0,0
360623,0,1,1987,0,0,0,0,0,0,0,0,0,0
360623,1,1,1987,0,0,0,0,0,0,0,0,0,0
360624,0,1,1987,0,0,0,0,5,6,0,17,0,0
360624,1,1,1987,20,20,20,20,20,20,20,20,20,20
360625,0,1,1987,0,0,0,0,0,0,0,0,0,0
360625,1,1,1987,0,0,0,0,7,39,0,0,0,0
360626,0,1,1987,11,11,11,11,11,11,11,11,11,11
360626,1,1,1987,0,10,0,0,0,0,0,0,0,0
360627,1,1,1987,24,0,16,5,14,3,0,16,0,13
360628,1,1,1987,0,0,0,0,15,8,0,0,0,0
360628,2,1,1987,0,0,0,0,0,0,0,0,0,0
360629,0,1,1987,0,0,0,0,0,0,0,0,0,0
360629,1,1,1987,0,0,0,0,0,0,0,0,0,0
360630,1,1,1987,21,21,21,21,21,21,21,21,21,21
360631,0,1,1987,2,2,2,2,2,2,2,2,2,2
360631,1,1,1987,0,0,0,0,0,0,0,0,0,0
360632,1,1,1987,6,6,6,6,6,6,6,6,6,6
360633,0,1,1987,0,0,0,0,0,0,0,0,0,0
360633,1,1,1987,25,18,15,0,0,0,0,0,0,0
360634,0,1,1987,5,19,28,0,13,0,0,0,0,0
360634,1,1,1987,0,0,0,0,0,0,0,0,0,0
360635,0,1,1987,0,0,0,0,0,0,0,0,0,0
360635,1,1,1987,0,0,0,0,0,0,0,0,0,0
360636,1,1,1987,0,0,0,9,0,0,0,0,0,0
360636,2,1,1987,0,0,0,0,0,0,0,0,0,0
360637,1,1,1987,2,22,10,18,20,8,8,18,17,4
360638,1,1,1987,27,27,27,27,27,27,27,27,27,27
360639,1,1,1987,0,0,0,0,0,0,0,0,0,0
360639,2,1,1987,0,0,0,0,0,0,16,0,0,0
360640,1,1,1987,7,39,17,12,13,20,21,27,32,26
360640,2,1,1987,14,14,14,14,14,14,14,14,14,14
360641,1,1,1987,4,4,4,4,4,4,4,4,4,4
360642,0,1,1987,2,2,2,2,2,2,2,2,2,2
360642,1,1,1987,0,0,0,0,0,0,0,0,0,0
360643,1,1,1987,26,26,26,26,26,26,26,26,26,26
360644,1,1,1987,0,0,0,0,0,0,0,0,0,0
360644,2,1,1987,0,0,0,0,0,0,0,0,0,9
360645,1,1,1987,7,7,7,7,7,7,7,7,7,7
360645,2,1,1987,0,0,0,0,0,0,0,0,0,0
360646,1,1,1987,0,0,0,0,0,0,0,0,0,0
360647,1,1,1987,0,0,0,0,0,0,0,0,0,0
360648,1,1,1987,0,0,0,0,0,0,0,0,0,0
360649,1,1,1987,9,9,9,9,9,9,9,9,9,9
360649,2,1,1987,0,0,0,0,0,0,0,0,0,0
360650,1,1,1987,6,6,6,6,6,6,6,6,6,6
360650,2,1,1987,0,0,0,0,0,0,0,0,0,0
360651,0,1,1987,0,12,0,5,23,25,0,18,0,0
360651,1,1,1987,0,0,26,0,0,0,0,0,0,0
360652,1,1,1987,21,21,21,21,21,21,21,21,21,21
360653,1,1,1987,19,19,19,19,19,19,19,19,19,19
360654,1,1,1987,0,0,0,0,0,0,0,0,0,0
360654,2,1,1987,0,0,0,0,0,0,0,0,0,0
360654,3,1,1987,0,0,0,0,0,0,0,0,0,0
360654,4,1,1987,0,0,0,0,0,0,0,0,0,0
360655,1,1,1987,11,11,11,11,11,11,11,11,11,11
360656,0,1,1987,0,0,0,0,0,0,0,0,0,0
360656,1,1,1987,0,0,0,0,0,0,0,0,0,0
360657,1,1,1987,0,0,0,0,0,0,0,0,0,0
360657,2,1,1987,0,0,0,0,0,0,0,0,0,0
360658,1,1,1987,24,24,24,24,24,24,24,24,24,24
360659,1,1,1987,0,0,0,0,0,0,0,0,0,0
360659,2,1,1987,0,0,0,0,0,0,0,0,0,0
360660,1,1,1987,0,0,0,0,0,0,0,0,0,0
360660,2,1,1987,0,0,0,0,0,0,0,0,0,0
360661,1,1,1987,0,0,0,0,6,0,0,0,0,0
360661,2,1,1987,0,0,0,0,0,0,0,0,0,0
360662,1,1,1987,25,25,25,25,25,25,25,25,25,25
360663,1,1,1987,0,0,0,0,0,0,0,0,0,0
360664,0,1,1987,0,0,14,0,0,0,0,20,12,0
360664,0,2,1987,8,8,8,8,8,8,8,8,8,8
360664,1,1,1987,0,0,0,0,0,12,0,12,0,15
360665,1,1,1987,0,0,0,0,0,0,0,0,0,0
360666,1,1,1987,8,8,8,8,8,8,8,8,8,8
360667,1,1,1987,0,0,18,0,0,0,0,0,0,20
360668,0,1,1987,18,18,18,18,18,18,18,18,18,18
360668,1,1,1987,0,3,4,4,0,15,0,0,9,0
360669,1,1,1987,0,0,0,0,0,0,0,0,0,0
360670,1,1,1987,22,22,22,22,22,22,22,22,22,22
360671,1,1,1987,22,26,15,0,9,24,0,11,11,13
360672,1,1,1987,0,0,5,0,0,0,0,0,0,0
360672,2,1,1987,0,11,0,0,9,5,0,0,0,22
360673,1,1,1987,0,0,0,0,0,0,0,0,0,0
360674,1,1,1987,0,0,0,0,0,0,0,0,0,0
360674,2,1,1987,0,0,0,0,0,0,0,0,0,0
360675,1,1,1987,11,11,11,11,11,11,11,11,11,11
360675,2,1,1987,0,0,0,0,0,0,0,0,0,0
360676,0,1,1987,0,0,0,0,0,0,0,0,0,0
360676,1,1,1987,0,0,0,0,0,0,0,0,0,0
360677,1,1,1987,0,0,0,0,0,0,0,0,0,0
360677,2,1,1987,0,0,0,9,0,0,0,0,8,0
360678,1,1,1987,0,16,0,0,29,0,0,0,0,5
360679,1,1,1987,4,0,0,0,0,0,0,0,0,0
360679,2,1,1987,0,0,0,0,0,0,0,0,0,0
360680,0,1,1987,0,0,0,0,0,0,9,0,0,0
360680,1,1,1987,0,0,0,9,0,0,0,0,0,0
360681,1,1,1987,0,0,0,0,0,0,0,0,0,0
360681,2,1,1987,0,0,0,10,0,0,0,0,0,0
360682,0,1,1987,0,0,0,0,0,0,0,0,0,0
360682,1,1,1987,0,0,0,0,0,0,0,0,0,0
360683,1,1,1987,0,0,0,0,0,0,0,0,0,0
360683,2,1,1987,8,0,0,0,0,0,0,0,0,0
360684,1,1,1987,0,0,4,0,0,0,0,9,0,0
360684,2,1,1987,0,0,0,0,0,0,0,0,0,0
360685,1,1,1987,23,21,10,16,13,10,41,15,39,14
360686,1,1,1987,0,0,0,0,0,0,0,0,0,0
360686,2,1,1987,19,9,13,0,5,5,0,0,0,0
360686,3,1,1987,0,0,0,0,0,0,0,0,0,0
360687,0,1,1987,0,0,0,0,0,0,0,0,0,0
360687,1,1,1987,0,0,35,0,0,0,0,0,0,0
360688,1,1,1987,0,0,0,0,0,0,0,0,0,0
360688,2,1,1987,0,0,0,0,0,0,0,0,0,0
360689,1,1,1987,17,17,17,17,17,17,17,17,17,17
360690,1,1,1987,9,9,9,9,9,9,9,9,9,9
360691,0,1,1987,0,0,0,0,0,0,0,0,0,0
360691,1,1,1987,0,14,0,19,9,0,18,15,22,21
360692,1,1,1987,17,31,17,35,13,27,14,7,24,13
360693,1,1,1987,10,10,10,10,10,10,10,10,10,10
360693,2,1,1987,22,12,13,9,0,12,13,15,11,12
360694,1,1,1987,0,0,0,0,0,0,0,0,0,0
360694,2,1,1987,0,21,0,0,0,0,0,0,21,0
360695,1,1,1987,18,18,18,18,18,18,18,18,18,18
360696,1,1,1987,0,0,0,0,0,0,0,0,0,0
360696,2,1,1987,0,0,0,0,0,0,0,0,0,0
360697,1,1,1987,2,2,2,2,2,2,2,2,2,2
360697,2,1,1987,0,0,0,0,0,0,0,0,0,0
360697,3,1,1987,0,0,0,0,25,0,0,0,0,0
360697,4,1,1987,0,0,0,0,0,0,0,0,0,0
360698,1,1,1987,25,0,13,9,20,28,15,14,0,16
360698,2,1,1987,0,0,0,0,0,0,0,0,0,0
360699,1,1,1987,0,14,0,0,0,0,9,0,0,0
360700,0,1,1987,0,0,0,0,0,0,0,0,0,0
360700,0,2,1987,11,21,0,3,0,0,0,0,0,0
360700,1,1,1987,12,11,9,10,10,16,23,0,29,17
360701,1,1,1987,0,0,0,0,0,10,0,4,0,35
360702,1,1,1987,0,0,0,0,0,0,0,0,0,0
360702,2,1,1987,19,19,19,19,19,19,19,19,19,19
360702,3,1,1987,6,0,0,0,0,0,0,0,0,0
360703,1,1,1987,18,18,14,19,16,0,2,21,10,4
360703,2,1,1987,0,0,0,0,0,0,0,0,0,0
360703,3,1,1987,0,0,0,0,15,0,0,0,0,0
360704,1,1,1987,0,0,0,0,0,0,0,0,0,0
360705,0,1,1987,22,22,22,22,22,22,22,22,22,22
360705,1,1,1987,0,0,0,0,9,0,0,0,0,0
360706,1,1,1987,0,0,0,0,0,0,0,0,0,0
360706,2,1,1987,0,0,0,0,0,0,0,0,0,0
360707,1,1,1987,0,0,0,0,0,0,0,0,0,0
360707,2,1,1987,11,0,15,11,10,15,13,0,27,19
360709,0,1,1987,0,0,0,0,0,0,0,0,0,0
360709,1,1,1987,0,0,0,0,0,0,0,0,0,0
360710,1,1,1987,0,0,0,0,0,0,0,0,0,0
360711,1,1,1987,1,1,1,1,1,1,1,1,1,1
360712,1,1,1987,0,0,0,0,0,0,0,0,0,0
360712,2,1,1987,0,0,0,0,0,0,0,0,0,0
360713,1,1,1987,0,0,0,0,0,0,11,0,0,0
360713,2,1,1987,0,0,0,0,0,0,0,16,8,0
360714,0,1,1987,11,11,11,11,11,11,11,11,11,11
360714,1,1,1987,0,0,0,0,0,0,22,0,13,7
360715,1,1,1987,0,0,0,0,0,0,0,0,0,0
360716,0,1,1987,16,16,16,16,16,16,16,16,16,16
360716,1,1,1987,0,24,13,15,12,27,9,11,15,0
360717,1,1,1987,24,24,24,24,24,24,24,24,24,24
360718,1,1,1987,0,22,0,12,0,46,14,13,0,24
360719,1,1,1987,22,24,32,9,33,25,23,22,13,8
360720,1,1,1987,14,14,14,14,14,14,14,14,14,14
360721,1,1,1987,10,10,10,10,10,10,10,10,10,10
360722,1,1,1987,19,19,19,19,19,19,19,19,19,19
360723,1,1,1987,26,6,20,5,19,16,5,6,28,10
360724,1,1,1987,0,0,23,0,0,0,0,14,0,0
360724,2,1,1987,0,0,0,0,0,0,0,0,0,0
360725,1,1,1987,19,19,19,19,19,19,19,19,19,19
360725,2,1,1987,0,0,0,0,0,0,0,0,0,0
360726,0,1,1987,0,0,0,0,0,0,0,0,0,0
360726,1,1,1987,0,0,0,0,0,0,0,0,0,0
360727,1,1,1987,0,0,0,0,5,19,0,0,14,0
360728,1,1,1987,26,0,0,0,15,0,0,0,0,0
360729,1,1,1987,0,0,0,0,3,0,0,0,0,0
360729,2,1,1987,18,20,8,7,9,9,17,18,6,10
360731,1,1,1987,0,0,0,32,3,0,0,0,8,0
360731,2,1,1987,0,15,0,0,0,0,0,0,0,0
360732,0,1,1987,0,0,0,0,0,0,0,0,0,0
360732,1,1,1987,0,0,0,0,0,0,0,0,0,0
360733,1,1,1987,5,5,5,5,5,5,5,5,5,5
360734,1,1,1987,0,0,0,0,0,0,0,0,0,0
360735,1,1,1987,4,4,4,4,4,4,4,4,4,4
360735,2,1,1987,17,9,20,7,0,15,12,0,0,13
360736,1,1,1987,18,0,9,12,29,0,14,12,30,25
360737,1,1,1987,0,0,10,0,16,0,0,0,12,0
360737,2,1,1987,0,0,0,0,16,0,0,0,0,0
360738,1,1,1987,12,12,15,0,0,5,12,25,16,26
360739,1,1,1987,0,0,9,9,14,18,0,15,0,11
360740,1,1,1987,16,0,0,0,0,0,0,0,0,0
360741,1,1,1987,9,0,5,0,8,28,0,6,0,0
360741,2,1,1987,9,22,14,16,28,0,0,0,6,8
360742,1,1,1987,0,0,0,0,0,0,0,0,0,0
360742,2,1,1987,26,19,24,18,22,16,11,0,20,0
360743,0,1,1987,0,0,0,0,0,0,0,0,0,0
360743,1,1,1987,23,19,19,0,28,22,10,16,8,16
360744,0,1,1987,0,0,0,0,0,0,0,0,0,0
360744,1,1,1987,0,0,0,0,0,0,0,0,0,0
360745,1,1,1987,11,11,11,11,11,11,11,11,11,11
360746,1,1,1987,14,14,14,14,14,14,14,14,14,14
360747,1,1,1987,3,3,3,3,3,3,3,3,3,3
360747,2,1,1987,0,0,11,26,14,0,0,16,3,0
360748,1,1,1987,0,0,0,0,0,0,0,0,0,0
360748,2,1,1987,0,0,0,0,0,0,0,0,0,0
360749,1,1,1987,0,0,0,0,0,0,0,0,0,0
360750,1,1,1987,0,0,10,5,0,18,0,0,0,0
360751,1,1,1987,21,21,21,21,21,21,21,21,21,21
360752,1,1,1987,0,0,0,0,0,0,0,0,0,0
360752,2,1,1987,0,0,0,0,0,0,0,0,0,0
360753,1,1,1987,0,0,0,0,0,6,0,0,0,0
360753,2,1,1987,0,0,0,0,0,0,0,0,0,0
360754,1,1,1987,0,0,0,0,0,0,0,0,0,0
360754,2,1,1987,0,0,0,0,0,0,0,0,0,0
360754,3,1,1987,0,0,0,0,0,0,0,0,0,0
360755,1,1,1987,16,13,10,16,25,14,21,4,7,0
360755,2,1,1987,0,0,0,0,0,0,0,0,2,0
360755,3,1,1987,0,0,0,0,0,0,0,0,0,0
360756,1,1,1987,0,0,0,0,0,0,0,0,0,0
360756,2,1,1987,0,0,0,0,0,0,0,0,0,0
360757,1,1,1987,0,0,0,0,0,0,0,0,0,0
360758,1,1,1987,0,0,0,0,0,0,0,0,0,0
360759,1,1,1987,14,14,14,14,14,14,14,14,14,14
360760,1,1,1987,19,33,16,9,19,24,13,42,15,36
360761,0,1,1987,0,0,0,0,0,0,0,0,0,0
360761,1,1,1987,0,0,0,0,0,0,0,0,0,0
360761,2,1,1987,0,0,0,0,0,0,0,0,0,0
360762,1,1,1987,0,0,0,0,0,0,0,0,0,0
360762,2,1,1987,0,0,0,14,0,0,0,0,0,0
360763,1,1,1987,0,0,0,0,0,0,0,0,0,0
360763,2,1,1987,0,0,0,0,0,0,0,0,0,0
360764,1,1,1987,0,0,0,0,0,0,15,0,0,0
360764,2,1,1987,0,0,0,0,0,0,0,0,0,0
360765,1,1,1987,17,17,17,17,17,17,17,17,17,17
360765,2,1,1987,0,0,0,0,0,0,14,0,0,6
360766,1,1,1987,7,7,9,17,11,13,13,14,24,17
360767,1,1,1987,0,0,0,0,0,0,0,11,0,0
360767,2,1,1987,0,0,0,0,0,0,0,0,0,0
360768,1,1,1987,0,0,0,0,0,0,0,0,0,0
360768,2,1,1987,0,0,0,0,0,0,0,0,0,0
360769,1,1,1987,28,14,18,30,22,20,18,0,20,15
360769,2,1,1987,0,0,0,0,0,0,0,0,0,0
360770,1,1,1987,0,0,0,15,0,0,0,0,5,0
360771,0,1,1987,0,0,0,0,0,0,0,0,0,0
360771,1,1,1987,0,0,0,0,0,0,0,0,0,0
360772,1,1,1987,0,0,0,0,0,0,7,0,0,0
360773,1,1,1987,18,18,18,18,18,18,18,18,18,18
360774,1,1,1987,0,0,0,0,0,0,0,0,0,0
360775,1,1,1987,0,0,0,0,0,0,0,0,0,0
360775,2,1,1987,0,0,0,0,0,0,0,0,0,0
360776,0,1,1987,0,0,0,0,0,0,0,0,0,0
360776,0,2,1987,0,0,11,0,0,0,0,0,0,0
360776,0,3,1987,9,0,14,0,4,0,0,0,18,0
360776,1,1,1987,15,15,15,15,15,15,15,15,15,15
360777,1,1,1987,23,23,23,23,23,23,23,23,23,23
360779,1,1,1987,14,14,14,14,14,14,14,14,14,14
360780,1,1,1987,0,0,0,0,0,0,0,0,0,0
360780,2,1,1987,0,0,0,0,0,0,0,0,0,0
360782,1,1,1987,6,6,6,6,6,6,6,6,6,6
360783,1,1,1987,23,23,23,23,23,23,23,23,23,23
360783,2,1,1987,0,0,0,0,0,0,18,0,0,0
360784,1,1,1987,15,15,15,15,15,15,15,15,15,15
360785,1,1,1987,7,7,7,7,7,7,7,7,7,7
360786,1,1,1987,0,0,0,0,0,0,0,0,0,0
360787,1,1,1987,13,13,13,13,13,13,13,13,13,13
360788,1,1,1987,0,0,0,0,0,0,0,0,0,0
360788,2,1,1987,0,0,0,0,0,0,0,0,0,0
360789,1,1,1987,21,21,21,21,21,21,21,21,21,21
360789,2,1,1987,0,0,0,0,0,0,0,0,0,0
360789,3,1,1987,0,0,0,0,0,22,0,0,0,0
360790,1,1,1987,0,0,0,17,0,0,0,0,0,0
360790,2,1,1987,0,0,0,0,0,0,0,0,0,0
360791,1,1,1987,0,0,0,0,0,0,0,0,0,0
360791,2,1,1987,0,6,10,20,13,13,3,9,10,14
360792,0,1,1987,0,0,0,0,0,0,0,0,0,0
360792,1,1,1987,0,0,0,0,0,0,0,0,0,0
360793,1,1,1987,0,0,7,0,0,0,0,0,0,0
360793,2,1,1987,3,3,3,3,3,3,3,3,3,3
360794,1,1,1987,0,16,16,0,9,16,21,9,13,0
360794,2,1,1987,0,0,0,0,0,0,0,0,0,0
360795,0,1,1987,0,0,0,0,0,0,0,0,0,0
360795,1,1,1987,0,0,0,0,0,0,0,0,0,0
360796,1,1,1987,10,10,10,10,10,10,10,10,10,10
360797,0,1,1987,0,0,0,0,0,0,0,0,0,0
360797,1,1,1987,0,0,0,0,0,0,0,0,0,0
360798,1,1,1987,14,14,14,14,14,14,14,14,14,14
360799,0,1,1987,16,0,0,0,0,39,0,0,0,0
360799,1,1,1987,0,0,0,0,0,0,0,0,0,0
360800,0,1,1987,0,0,0,0,0,0,0,0,0,0
360800,1,1,1987,0,0,0,8,0,7,0,0,9,0
360801,0,1,1987,0,0,0,0,0,0,0,0,0,0
360801,1,1,1987,0,0,0,0,0,0,0,0,0,0
360801,2,1,1987,0,0,0,0,0,0,0,0,0,0
360802,1,1,1987,0,0,0,0,0,0,0,0,0,0
360803,1,1,1987,27,34,14,19,6,0,35,20,34,27
360804,1,1,1987,0,0,0,0,0,0,0,0,0,0
360804,2,1,1987,0,0,0,0,0,0,0,0,0,0
360805,0,1,1987,0,0,0,0,0,0,0,0,0,0
360805,1,1,1987,0,0,0,0,0,0,0,0,0,0
360806,0,1,1987,0,0,0,0,0,0,0,0,0,0
360806,1,1,1987,0,0,0,0,0,5,0,0,0,0
360807,1,1,1987,0,0,0,0,0,0,0,0,0,0
360807,2,1,1987,0,0,0,0,0,0,0,0,0,0
360808,1,1,1987,0,0,0,0,0,0,0,0,0,0
360808,2,1,1987,0,0,0,0,0,0,0,0,0,0
360809,1,1,1987,0,0,0,0,0,0,0,0,0,0
360809,2,1,1987,0,0,0,0,0,0,0,0,0,0
360809,3,1,1987,0,0,0,0,0,0,0,0,0,0
360810,0,1,1987,0,0,0,0,0,0,0,0,0,0
360810,1,1,1987,0,0,0,0,0,0,0,0,0,0
360811,1,1,1987,0,0,0,0,0,0,0,0,0,0
360811,2,1,1987,0,0,0,0,0,0,0,0,0,0
360812,1,1,1987,0,24,0,0,0,0,0,0,0,0
360812,2,1,1987,0,0,9,0,0,0,0,0,0,0
360813,1,1,1987,35,16,13,3,21,25,10,7,0,13
360813,2,1,1987,0,0,0,0,0,0,0,0,0,0
360814,1,1,1987,17,17,17,17,17,17,17,17,17,17
360815,1,1,1987,13,13,13,13,13,13,13,13,13,13
360815,2,1,1987,0,0,0,0,0,16,0,0,0,0
360816,1,1,1987,0,0,0,0,0,0,0,0,0,0
360816,2,1,1987,0,0,0,0,0,0,0,0,0,0