ST_CASE,VEH_NO,PER_NO,YEAR,P1,P2,P3,P4,P5,P6,P7,P8,P9,P10
360817,1,1,1987,10,10,10,10,10,10,10,10,10,10
360818,1,1,1987,0,0,0,0,0,0,0,0,0,0
360818,2,1,1987,12,14,0,0,11,0,0,0,0,0
360819,0,1,1987,0,0,21,0,0,0,24,0,0,0
360819,1,1,1987,32,14,31,23,24,14,15,27,24,17
360820,1,1,1987,0,0,0,0,0,0,0,0,0,0
360820,2,1,1987,0,0,0,0,0,0,0,0,0,0
360821,1,1,1987,17,17,17,17,17,17,17,17,17,17
360822,0,1,1987,6,6,6,6,6,6,6,6,6,6
360822,1,1,1987,0,0,0,0,18,0,0,0,20,0
360823,1,1,1987,16,16,16,16,16,16,16,16,16,16
360823,2,1,1987,0,5,0,7,16,0,0,0,0,0
360824,0,1,1987,0,0,0,0,0,0,0,0,0,0
360824,1,1,1987,0,0,0,23,0,0,0,16,0,0
360825,1,1,1987,0,0,0,13,0,0,0,9,0,0
360825,2,1,1987,0,0,0,0,0,0,0,0,0,0
360826,0,1,1987,0,0,0,0,0,0,0,0,0,0
360826,1,1,1987,0,0,0,9,0,0,0,0,0,0
360827,1,1,1987,11,11,11,11,11,11,11,11,11,11
360828,1,1,1987,8,0,0,0,0,0,0,0,0,0
360828,2,1,1987,0,9,0,15,0,0,0,0,0,0
360829,1,1,1987,7,7,7,7,7,7,7,7,7,7
360829,2,1,1987,0,27,17,8,0,0,0,0,11,0
360830,0,1,1987,7,7,7,7,7,7,7,7,7,7
360830,0,2,1987,15,0,0,0,0,0,0,0,0,0
360830,1,1,1987,0,0,0,0,0,0,0,0,0,0
360830,2,1,1987,0,0,0,0,0,0,14,0,0,0
360831,1,1,1987,17,17,17,17,17,17,17,17,17,17
360831,2,1,1987,0,0,0,0,0,0,0,0,0,0
360832,1,1,1987,16,12,50,21,15,6,13,14,3,6
360832,2,1,1987,0,0,0,0,0,0,0,0,0,0
360834,0,1,1987,0,0,0,0,0,0,0,0,0,0
360834,1,1,1987,0,0,0,0,0,0,0,0,22,0
360836,1,1,1987,4,4,4,4,4,4,4,4,4,4
360837,0,1,1987,3,3,3,3,3,3,3,3,3,3
360837,1,1,1987,0,0,10,0,0,0,0,0,0,0
360838,1,1,1987,0,0,0,0,0,0,0,0,0,0
360838,2,1,1987,12,12,12,12,12,12,12,12,12,12
360839,1,1,1987,0,0,0,0,0,0,0,0,0,0
360840,0,1,1987,2,2,2,2,2,2,2,2,2,2
360840,1,1,1987,0,0,0,0,0,0,0,0,0,0
360841,0,1,1987,20,20,20,20,20,20,20,20,20,20
360841,1,1,1987,18,28,6,5,31,9,27,15,0,19
360842,0,1,1987,15,15,15,15,15,15,15,15,15,15
360842,1,1,1987,0,9,0,0,0,0,13,0,0,0
360843,1,1,1987,0,0,0,0,0,0,0,0,0,0
360843,2,1,1987,0,0,0,0,0,0,0,0,0,0
360844,1,1,1987,0,0,0,0,0,0,0,0,0,0
360844,2,1,1987,0,0,0,0,0,0,0,0,0,0
360845,1,1,1987,0,26,9,0,0,0,0,0,25,0
360846,1,1,1987,12,12,12,12,12,12,12,12,12,12
360847,0,1,1987,0,0,0,0,0,0,0,0,0,0
360847,0,2,1987,0,0,0,0,0,0,0,0,0,0
360847,1,1,1987,0,0,0,0,0,0,16,0,0,0
360848,0,1,1987,0,0,0,0,0,0,0,0,0,0
360848,1,1,1987,0,0,0,0,0,0,0,0,0,0
360849,0,1,1987,0,0,0,0,0,0,0,0,0,0
360849,1,1,1987,0,0,0,0,0,0,0,0,0,5
360850,1,1,1987,0,0,0,0,0,0,0,0,0,0
360851,1,1,1987,0,0,0,0,0,12,0,16,0,0
360851,2,1,1987,0,0,0,0,0,0,0,0,0,11
360851,3,1,1987,0,0,0,0,0,2,0,0,0,0
360852,0,1,1987,0,0,0,0,0,0,0,0,0,0
360852,1,1,1987,0,0,0,0,0,0,0,3,12,0
360853,0,1,1987,0,0,0,0,0,0,0,0,0,0
360853,1,1,1987,0,0,0,0,0,0,0,0,0,0
360854,1,1,1987,0,0,0,0,0,0,0,0,0,0
360854,2,1,1987,0,0,0,0,0,0,0,0,0,0
360855,0,1,1987,0,0,0,0,0,0,0,0,0,0
360855,1,1,1987,0,6,0,0,7,0,0,0,0,0
360856,0,1,1987,0,0,0,0,0,0,0,0,0,0
360856,1,1,1987,0,0,0,0,0,0,14,0,0,0
360857,0,1,1987,0,0,0,0,0,0,0,0,0,0
360857,1,1,1987,0,0,0,0,0,0,0,0,0,0
360858,1,1,1987,14,24,21,18,11,20,20,0,11,36
360859,1,1,1987,7,0,4,0,0,10,0,11,0,0
360859,2,1,1987,17,39,47,0,0,47,17,0,0,27
360860,0,1,1987,27,27,27,27,27,27,27,27,27,27
360860,1,1,1987,0,0,0,0,0,0,0,6,0,0
360861,1,1,1987,8,0,14,0,0,0,0,10,0,0
360862,1,1,1987,22,22,22,22,22,22,22,22,22,22
360863,1,1,1987,12,12,12,12,12,12,12,12,12,12
360864,1,1,1987,20,20,20,20,20,20,20,20,20,20
360865,1,1,1987,0,0,0,0,0,0,0,0,0,0
360866,1,1,1987,0,0,0,0,0,0,0,0,0,0
360866,2,1,1987,0,0,0,0,0,0,0,0,0,15
360867,0,1,1987,0,0,0,0,0,0,0,0,0,0
360867,1,1,1987,28,15,29,0,8,14,27,4,9,16
360868,1,1,1987,10,10,10,10,10,10,10,10,10,10
360869,1,1,1987,0,0,0,0,0,0,28,0,0,26
360870,1,1,1987,33,33,33,33,33,33,33,33,33,33
360870,2,1,1987,0,0,0,0,0,0,0,0,9,0
360871,0,1,1987,0,0,0,0,0,0,0,0,0,0
360871,1,1,1987,0,0,0,0,0,0,0,7,0,0
360872,0,1,1987,0,0,0,0,0,0,0,0,0,0
360872,1,1,1987,0,0,0,0,0,0,18,0,0,0
360873,1,1,1987,0,0,0,0,0,0,0,0,0,0
360873,2,1,1987,20,14,0,18,6,18,0,12,12,9
360874,1,1,1987,0,5,2,0,0,0,0,0,0,0
360875,1,1,1987,0,0,0,0,0,0,0,0,0,0
360875,2,1,1987,0,0,0,0,7,0,0,6,3,0
360876,1,1,1987,0,0,0,0,0,0,0,0,0,0
360877,1,1,1987,0,0,0,0,0,0,0,0,0,0
360877,2,1,1987,0,14,0,0,0,0,0,0,0,0
360877,3,1,1987,0,0,0,0,0,0,0,0,0,0
360878,1,1,1987,13,13,13,13,13,13,13,13,13,13
360879,1,1,1987,18,13,17,15,17,17,21,12,37,18
360879,2,1,1987,13,13,13,13,13,13,13,13,13,13
360880,1,1,1987,25,25,25,25,25,25,25,25,25,25
360880,2,1,1987,0,0,0,24,10,0,0,0,0,0
360881,1,1,1987,0,5,0,0,0,0,0,0,0,0
360881,2,1,1987,0,0,0,0,0,0,0,3,0,0
360882,0,1,1987,0,0,0,0,0,0,0,0,0,0
360882,0,2,1987,0,0,0,18,10,0,8,0,10,0
360882,1,1,1987,0,0,0,0,0,0,0,0,0,0
360883,1,1,1987,0,0,0,0,0,0,0,0,0,0
360884,1,1,1987,0,0,0,0,0,0,0,0,0,0
360884,2,1,1987,0,0,0,0,0,0,0,0,0,0
360885,1,1,1987,6,0,0,0,0,0,0,0,0,0
360886,1,1,1987,2,2,2,2,2,2,2,2,2,2
360887,1,1,1987,20,20,20,20,20,20,20,20,20,20
360888,1,1,1987,0,0,0,0,0,0,0,0,0,0
360889,1,1,1987,7,7,7,7,7,7,7,7,7,7
360889,2,1,1987,0,0,17,0,0,0,0,0,0,0
360890,0,1,1987,0,0,0,0,0,0,0,0,0,0
360890,1,1,1987,0,12,0,0,0,0,0,17,0,0
360891,1,1,1987,0,14,0,0,38,9,0,0,16,16
360892,0,1,1987,0,0,0,0,0,0,0,0,0,0
360892,1,1,1987,0,0,4,0,0,0,0,0,0,0
360893,1,1,1987,0,0,0,0,0,0,0,0,0,0
360894,1,1,1987,12,12,12,12,12,12,12,12,12,12
360895,1,1,1987,12,12,12,12,12,12,12,12,12,12
360896,1,1,1987,15,17,23,17,21,17,16,15,18,18
360896,2,1,1987,0,0,0,0,0,0,0,0,0,0
360897,1,1,1987,28,0,10,0,0,0,32,24,15,15
360898,1,1,1987,0,0,0,0,0,0,0,0,0,0
360899,1,1,1987,0,0,0,0,0,0,0,0,0,0
360900,1,1,1987,28,28,28,28,28,28,28,28,28,28
360901,1,1,1987,27,27,27,27,27,27,27,27,27,27
360902,1,1,1987,19,19,19,19,19,19,19,19,19,19
360902,2,1,1987,5,0,0,0,0,0,6,0,0,10
360903,1,1,1987,0,0,0,0,0,0,0,0,0,0
360903,2,1,1987,0,0,17,0,0,11,0,17,0,0
360904,1,1,1987,0,0,7,0,0,0,0,0,0,0
360904,2,1,1987,17,13,7,19,0,0,0,0,16,15
360905,1,1,1987,0,0,0,0,0,0,0,0,0,0
360905,2,1,1987,0,0,0,0,0,0,26,0,0,0
360906,1,1,1987,0,0,0,0,0,0,0,0,0,0
360906,2,1,1987,0,0,0,0,0,0,0,0,0,0
360907,1,1,1987,14,14,14,14,14,14,14,14,14,14
360907,2,1,1987,16,0,26,12,0,0,20,32,16,0
360908,1,1,1987,34,34,34,34,34,34,34,34,34,34
360909,1,1,1987,16,16,16,16,16,16,16,16,16,16
360910,1,1,1987,20,20,20,20,20,20,20,20,20,20
360911,1,1,1987,0,0,0,0,0,0,0,0,0,0
360912,1,1,1987,11,11,11,11,11,11,11,11,11,11
360913,0,1,1987,9,9,9,9,9,9,9,9,9,9
360913,1,1,1987,0,0,0,0,0,0,0,0,0,0
360914,1,1,1987,11,11,11,11,11,11,11,11,11,11
360915,1,1,1987,0,0,0,0,0,0,0,0,0,0
360915,2,1,1987,0,0,0,0,0,0,0,0,0,0
360916,1,1,1987,0,0,0,0,0,0,0,0,0,0
360917,1,1,1987,23,20,18,14,0,7,18,15,8,14
360918,1,1,1987,0,0,0,0,0,0,0,0,0,0
360919,1,1,1987,12,12,12,12,12,12,12,12,12,12
360919,2,1,1987,0,0,0,0,0,0,0,0,0,0
360920,1,1,1987,0,0,0,0,0,0,0,0,0,0
360921,1,1,1987,0,0,0,0,0,0,0,0,0,0
360921,2,1,1987,0,0,0,0,0,0,0,0,0,0
360922,0,1,1987,0,0,0,0,0,0,0,0,0,0
360922,1,1,1987,0,0,0,0,0,0,0,0,0,0
360923,1,1,1987,12,12,12,12,12,12,12,12,12,12
360924,0,1,1987,0,0,0,0,0,0,0,0,0,0
360924,1,1,1987,0,0,0,0,0,0,0,0,0,0
360925,1,1,1987,0,8,0,0,0,0,0,0,0,0
360926,1,1,1987,0,0,0,0,0,0,0,0,0,0
360927,1,1,1987,0,0,0,0,0,0,0,0,0,0
360927,2,1,1987,0,0,0,0,0,0,0,0,0,0
360927,3,1,1987,0,0,0,0,0,0,0,0,0,0
360928,1,1,1987,11,11,11,11,11,11,11,11,11,11
360928,2,1,1987,0,0,0,0,22,0,0,0,0,0
360929,1,1,1987,0,0,0,0,0,0,0,0,0,0
360929,2,1,1987,0,0,0,0,0,0,0,0,0,0
360930,0,1,1987,0,0,0,0,0,0,0,0,0,0
360930,1,1,1987,4,0,0,0,0,0,0,0,0,0
360931,1,1,1987,0,0,0,0,0,0,0,0,0,0
360931,2,1,1987,0,0,0,0,0,0,0,0,0,0
360932,1,1,1987,0,0,0,0,0,0,0,0,0,0
360932,2,1,1987,0,0,0,0,0,0,0,0,0,0
360933,1,1,1987,19,19,19,19,19,19,19,19,19,19
360934,1,1,1987,0,0,0,0,0,0,0,0,0,0
360934,2,1,1987,0,0,0,0,13,0,0,0,0,0
360935,1,1,1987,3,3,3,3,3,3,3,3,3,3
360936,1,1,1987,0,0,0,0,0,0,0,0,0,0
360937,1,1,1987,4,4,4,4,4,4,4,4,4,4
360937,2,1,1987,0,0,0,0,0,0,0,0,0,21
360938,1,1,1987,0,0,0,0,0,0,0,0,0,0
360939,1,1,1987,7,7,7,7,7,7,7,7,7,7
360940,1,1,1987,0,0,0,0,0,0,0,0,0,0
360941,1,1,1987,0,0,0,0,0,0,0,0,0,0
360941,2,1,1987,17,0,0,0,0,0,0,0,0,0
360942,1,1,1987,0,0,0,0,0,0,0,0,0,0
360942,2,1,1987,0,0,0,0,0,0,0,0,0,0
360943,1,1,1987,0,0,0,0,0,0,0,0,0,0
360943,2,1,1987,0,16,0,0,0,0,0,0,0,0
360944,0,1,1987,8,8,8,8,8,8,8,8,8,8
360944,1,1,1987,0,0,0,0,0,0,0,0,0,0
360945,0,1,1987,0,0,28,8,0,7,0,0,14,19
360945,1,1,1987,65,9,0,0,0,30,23,0,24,26
360946,1,1,1987,0,0,0,0,0,0,0,0,0,0
360947,1,1,1987,0,0,0,0,0,0,0,0,0,0
360947,2,1,1987,0,0,0,0,0,0,0,0,0,0
360948,1,1,1987,0,0,0,0,0,0,0,0,0,0
360948,2,1,1987,0,0,0,0,0,0,0,0,0,0
360949,1,1,1987,0,0,10,0,0,4,0,0,0,0
360949,2,1,1987,0,0,0,0,0,16,0,14,0,0
360949,3,1,1987,0,0,22,0,0,0,0,0,0,0
360950,0,1,1987,0,0,0,0,0,0,0,0,0,0
360950,1,1,1987,0,0,0,0,0,0,0,0,0,0
360951,1,1,1987,0,0,0,0,0,0,0,0,0,0
360951,2,1,1987,0,0,0,0,0,0,0,0,0,0
360952,0,1,1987,0,0,0,0,0,0,0,0,0,0
360952,1,1,1987,0,0,14,0,0,0,0,0,0,0
360953,1,1,1987,5,5,5,5,5,5,5,5,5,5
360953,2,1,1987,13,0,0,0,0,0,0,0,0,0
360954,1,1,1987,0,0,0,0,0,0,0,0,0,0
360955,1,1,1987,0,0,4,0,0,0,0,0,0,0
360955,2,1,1987,0,0,0,0,0,0,0,0,0,0
360956,1,1,1987,21,21,21,21,21,21,21,21,21,21
360957,1,1,1987,0,0,0,0,0,0,0,0,0,0
360957,2,1,1987,0,0,0,0,0,0,0,0,0,0
360958,1,1,1987,29,29,29,29,29,29,29,29,29,29
360959,1,1,1987,0,0,0,0,0,0,0,0,0,0
360959,2,1,1987,0,0,4,0,0,0,0,11,0,0
360960,1,1,1987,7,7,7,7,7,7,7,7,7,7
360961,1,1,1987,25,25,25,25,25,25,25,25,25,25
360962,1,1,1987,0,0,0,0,0,0,0,0,0,0
360963,0,1,1987,0,0,0,0,0,0,0,0,0,0
360963,0,2,1987,0,4,15,0,0,0,0,19,0,0
360963,1,1,1987,0,0,0,0,0,0,0,0,0,0
360964,1,1,1987,0,0,0,0,0,0,0,0,0,0
360964,2,1,1987,0,0,0,0,0,0,0,0,0,0
360965,0,1,1987,0,17,0,0,20,0,11,0,11,0
360965,1,1,1987,6,15,0,0,0,19,20,0,0,29
360966,1,1,1987,0,0,0,0,0,0,0,0,0,0
360966,2,1,1987,0,0,0,0,0,0,0,0,0,0
360967,1,1,1987,0,0,0,0,0,0,0,0,0,0
360967,2,1,1987,18,0,0,0,0,16,0,21,0,15
360968,1,1,1987,20,0,0,0,0,0,0,0,0,0
360968,2,1,1987,0,0,0,0,0,0,0,0,0,0
360969,0,1,1987,0,0,0,0,0,0,0,0,0,0
360969,0,2,1987,0,0,0,0,0,0,0,0,0,0
360969,0,3,1987,0,0,0,0,0,0,0,0,0,0
360969,1,1,1987,0,0,0,0,0,0,0,0,0,0
360969,2,1,1987,0,0,0,0,0,0,0,0,0,0
360970,0,1,1987,3,3,3,3,3,3,3,3,3,3
360970,1,1,1987,0,0,0,0,0,0,0,0,0,0
360971,0,1,1987,0,0,0,0,0,0,0,0,0,0
360971,1,1,1987,0,0,0,0,0,0,0,0,0,0
360972,1,1,1987,0,0,9,0,0,0,0,0,0,0
360972,2,1,1987,0,0,10,0,0,0,0,0,0,0
360973,1,1,1987,0,0,0,0,0,0,0,0,0,0
360973,2,1,1987,0,0,0,0,0,0,0,0,0,0
360974,1,1,1987,0,8,0,0,0,0,0,0,0,24
360975,1,1,1987,0,0,0,0,0,0,0,0,0,0
360975,2,1,1987,2,2,2,2,2,2,2,2,2,2
360976,1,1,1987,0,0,0,0,0,0,0,0,19,0
360976,2,1,1987,0,0,0,0,0,0,0,0,2,0
360977,1,1,1987,0,0,0,0,0,0,0,0,0,0
360977,2,1,1987,0,0,0,0,0,0,0,0,0,0
360978,0,1,1987,0,0,0,0,0,0,0,0,0,0
360978,0,2,1987,0,0,21,13,12,6,6,6,0,0
360978,1,1,1987,0,0,0,5,0,0,0,0,0,0
360979,1,1,1987,0,0,0,0,0,0,0,0,0,0
360980,1,1,1987,6,0,4,7,18,18,6,0,30,13
360980,2,1,1987,0,0,0,0,0,0,0,0,0,0
360981,0,1,1987,9,9,9,9,9,9,9,9,9,9
360981,1,1,1987,0,0,0,0,0,0,0,0,0,0
360982,0,1,1987,7,7,7,7,7,7,7,7,7,7
360982,1,1,1987,0,0,0,0,0,0,17,0,0,0
360982,2,1,1987,0,0,0,12,0,0,0,0,0,0
360983,1,1,1987,0,0,0,0,0,0,0,0,0,0
360984,1,1,1987,12,12,12,12,12,12,12,12,12,12
360985,1,1,1987,3,3,3,3,3,3,3,3,3,3
360986,1,1,1987,0,0,0,0,0,0,22,0,0,0
360986,2,1,1987,0,0,0,0,0,0,0,0,0,0
360987,1,1,1987,25,25,25,25,25,25,25,25,25,25
360988,1,1,1987,24,24,24,24,24,24,24,24,24,24
360988,2,1,1987,0,0,0,0,0,0,0,0,0,6
360989,1,1,1987,12,12,12,12,12,12,12,12,12,12
360990,0,1,1987,1,1,1,1,1,1,1,1,1,1
360990,1,1,1987,0,0,0,0,0,0,0,0,0,0
360991,0,1,1987,0,0,0,0,0,0,0,0,0,0
360991,1,1,1987,9,0,0,0,0,12,0,0,0,14
360992,0,1,1987,38,38,38,38,38,38,38,38,38,38
360992,1,1,1987,12,27,0,0,22,8,0,19,16,0
360992,2,1,1987,0,0,0,0,0,8,0,0,0,0
360993,1,1,1987,31,31,31,31,31,31,31,31,31,31
360994,1,1,1987,0,0,0,0,0,0,0,0,0,0
360995,0,1,1987,0,0,0,0,0,0,0,0,0,0
360995,1,1,1987,7,8,8,0,11,32,0,20,22,11
360996,0,1,1987,0,0,0,0,0,0,0,0,0,0
360996,1,1,1987,0,0,0,0,0,0,0,0,0,0
360997,1,1,1987,0,0,0,0,0,0,0,0,0,0
360997,2,1,1987,0,0,0,0,0,0,0,0,0,0
360997,3,1,1987,21,6,0,0,0,0,0,0,0,21
360997,4,1,1987,0,0,0,0,0,0,0,0,0,0
360997,5,1,1987,0,0,0,0,0,0,11,0,33,0
360997,6,1,1987,0,0,0,0,0,0,0,0,0,0
360998,0,1,1987,0,0,0,0,0,0,0,0,0,0
360998,1,1,1987,5,5,0,20,13,0,11,0,0,21
360999,1,1,1987,2,2,2,2,2,2,2,2,2,2
360999,2,1,1987,0,0,0,0,0,0,0,0,0,0
361000,1,1,1987,0,0,14,0,0,0,0,0,0,0
361000,2,1,1987,0,0,0,0,0,0,0,0,0,0
361001,1,1,1987,0,0,0,0,0,0,0,0,0,0
361001,2,1,1987,29,29,29,29,29,29,29,29,29,29
361002,1,1,1987,0,0,0,0,0,0,0,0,0,0
361002,2,1,1987,19,19,19,19,19,19,19,19,19,19
361003,0,1,1987,16,16,16,16,16,16,16,16,16,16
361003,1,1,1987,0,0,0,0,0,0,0,0,0,0
361004,1,1,1987,18,18,18,18,18,18,18,18,18,18
361005,1,1,1987,0,0,0,0,0,0,10,0,0,22
361006,0,1,1987,3,3,3,3,3,3,3,3,3,3
361006,1,1,1987,7,0,0,22,0,0,0,0,9,9
361007,0,1,1987,0,0,0,0,0,0,0,0,0,0
361007,1,1,1987,0,0,0,0,0,0,0,0,0,0
361008,1,1,1987,0,0,0,0,0,0,0,0,0,0
361009,1,1,1987,11,18,0,21,18,19,26,26,0,20
361010,0,1,1987,0,0,0,0,0,0,18,0,0,0
361010,1,1,1987,7,16,2,5,11,10,10,16,15,15
361011,1,1,1987,0,0,0,0,0,0,0,0,0,0
361011,2,1,1987,4,4,4,4,4,4,4,4,4,4
361012,0,1,1987,3,3,3,3,3,3,3,3,3,3
361012,1,1,1987,0,0,0,0,0,0,0,0,0,9
361013,0,1,1987,3,3,3,3,3,3,3,3,3,3
361013,1,1,1987,5,19,0,19,0,19,14,16,2,5
361014,1,1,1987,10,28,12,0,21,17,21,19,25,7
361015,1,1,1987,5,5,5,5,5,5,5,5,5,5
361016,0,1,1987,0,0,23,0,0,0,0,0,0,20
361016,1,1,1987,0,0,0,6,20,0,20,27,0,0
361017,1,1,1987,15,0,0,0,0,0,0,0,0,18
361017,2,1,1987,0,0,0,0,0,0,0,0,0,0
361018,0,1,1987,0,0,0,0,0,0,0,0,0,0
361018,1,1,1987,0,0,0,0,0,0,0,0,0,0
361019,1,1,1987,24,24,24,24,24,24,24,24,24,24
361019,2,1,1987,0,0,0,0,0,0,0,0,0,0
361020,1,1,1987,0,0,0,8,0,0,0,0,0,0
361020,2,1,1987,5,15,17,10,0,9,0,11,20,20
361020,3,1,1987,0,0,0,0,0,0,0,0,0,0
361021,0,1,1987,17,17,17,17,17,17,17,17,17,17
361021,1,1,1987,23,20,0,0,17,0,11,19,20,10
361022,0,1,1987,0,0,0,0,0,0,0,0,0,10
361022,1,1,1987,0,0,0,0,0,0,0,0,0,0
361023,1,1,1987,0,0,0,0,0,0,29,9,0,0
361023,2,1,1987,4,4,4,4,4,4,4,4,4,4
361024,1,1,1987,18,18,18,18,18,18,18,18,18,18
361025,1,1,1987,7,16,14,0,26,18,19,23,3,14
361026,0,1,1987,0,0,0,0,0,0,0,0,0,0
361026,1,1,1987,0,0,0,0,0,0,0,0,0,0
361027,1,1,1987,0,0,0,0,0,0,0,0,0,0
361027,2,1,1987,0,0,0,0,0,0,0,0,0,0
361028,0,1,1987,0,0,0,0,0,0,0,0,0,0
361028,1,1,1987,17,15,10,17,14,0,8,8,24,16
361029,1,1,1987,0,0,0,0,0,0,0,0,0,0
361029,2,1,1987,8,9,14,29,6,4,7,9,13,14
361030,1,1,1987,23,23,23,23,23,23,23,23,23,23
361031,1,1,1987,0,0,0,0,0,0,0,0,0,0
361031,2,1,1987,0,0,0,0,0,0,0,0,0,0
361031,3,1,1987,0,0,0,0,0,0,0,0,0,10
361032,1,1,1987,0,0,0,0,0,0,0,0,0,0
361032,2,1,1987,0,0,0,0,0,20,0,0,0,0
361033,1,1,1987,0,0,0,0,0,0,0,0,0,0
361033,2,1,1987,25,25,25,25,25,25,25,25,25,25
361034,1,1,1987,0,0,0,0,0,0,0,0,0,0
361034,2,1,1987,0,0,0,0,0,0,0,0,0,0
361035,1,1,1987,0,7,0,0,0,0,0,0,0,0
361035,2,1,1987,0,0,0,0,0,0,0,0,0,0
361036,1,1,1987,0,0,0,0,0,0,0,0,0,0
361036,2,1,1987,0,0,0,0,0,0,0,0,0,0
361037,1,1,1987,0,0,0,0,0,0,0,0,0,0
361037,2,1,1987,7,17,8,14,19,13,16,15,27,10
361038,0,1,1987,23,23,23,23,23,23,23,23,23,23
361038,1,1,1987,0,0,0,0,0,0,0,0,0,0
361039,1,1,1987,0,0,0,0,0,0,0,0,0,0
361040,1,1,1987,0,0,13,18,4,0,11,0,0,0
361041,1,1,1987,0,0,0,0,0,0,0,0,0,0
361041,2,1,1987,0,0,0,0,0,0,0,0,0,0
361042,0,1,1987,4,4,4,4,4,4,4,4,4,4
361042,1,1,1987,16,16,16,16,16,16,16,16,16,16
361043,0,1,1987,0,13,0,0,0,0,0,0,0,0
361043,1,1,1987,0,0,0,0,0,0,0,0,0,0
361044,1,1,1987,14,14,14,14,14,14,14,14,14,14
361045,1,1,1987,13,13,13,13,13,13,13,13,13,13
361046,1,1,1987,0,12,21,0,0,0,0,0,18,28
361046,2,1,1987,18,18,18,18,18,18,18,18,18,18
361047,1,1,1987,0,25,14,23,14,0,0,26,0,0
361048,1,1,1987,0,0,0,0,0,0,0,0,0,0
361048,2,1,1987,0,0,0,0,0,0,0,0,14,0
361049,1,1,1987,9,9,10,12,27,5,9,29,3,11
361049,2,1,1987,17,17,17,17,17,17,17,17,17,17
361050,1,1,1987,10,10,10,10,10,10,10,10,10,10
361051,1,1,1987,0,0,0,0,0,0,0,0,0,0
361051,2,1,1987,0,0,0,0,0,0,0,0,0,0
361052,0,1,1987,0,0,0,0,0,0,0,0,0,0
361052,1,1,1987,0,0,0,0,0,0,0,0,0,0
361053,0,1,1987,0,0,0,0,0,0,0,0,0,0
361053,1,1,1987,0,0,0,0,0,0,0,0,0,0
361054,1,1,1987,0,0,0,0,0,0,0,0,27,0
361054,2,1,1987,0,0,0,0,0,0,0,0,0,0
361054,3,1,1987,0,0,0,0,0,0,0,0,0,0
361055,0,1,1987,22,22,22,22,22,22,22,22,22,22
361055,1,1,1987,0,0,0,15,8,0,0,0,0,0
361056,1,1,1987,0,0,0,0,0,0,0,0,0,0
361056,2,1,1987,0,0,0,0,0,0,0,0,0,0
361057,1,1,1987,13,13,13,13,13,13,13,13,13,13
361057,2,1,1987,0,0,0,0,0,0,0,0,0,0
361058,0,1,1987,0,0,0,0,0,0,0,0,0,0
361058,1,1,1987,0,0,0,0,0,0,0,0,0,0
361058,2,1,1987,0,0,0,0,0,0,0,0,0,0
361059,1,1,1987,0,0,0,0,0,11,0,0,0,0
361059,2,1,1987,21,21,21,21,21,21,21,21,21,21
361060,1,1,1987,2,2,2,2,2,2,2,2,2,2
361061,1,1,1987,3,29,15,0,15,7,0,22,11,13
361061,2,1,1987,0,0,0,0,0,0,0,0,0,0
361062,1,1,1987,12,12,12,12,12,12,12,12,12,12
361063,1,1,1987,7,7,7,7,7,7,7,7,7,7
361064,1,1,1987,0,0,0,0,0,0,0,0,0,0
361064,2,1,1987,15,9,14,13,17,23,24,18,9,23
361065,0,1,1987,0,0,0,0,0,0,0,0,0,0
361065,0,2,1987,3,3,3,3,3,3,3,3,3,3
361065,1,1,1987,14,15,7,19,11,8,24,3,2,19
361066,1,1,1987,25,25,25,25,25,25,25,25,25,25
361067,1,1,1987,27,27,27,27,27,27,27,27,27,27
361068,0,1,1987,0,0,0,0,0,0,0,0,0,0
361068,1,1,1987,0,0,0,0,0,14,0,0,0,6
361069,1,1,1987,1,1,1,1,1,1,1,1,1,1
361070,0,1,1987,0,0,0,0,0,0,0,0,0,0
361070,2,1,1987,0,0,0,0,0,0,0,0,0,0
361071,1,1,1987,14,11,17,13,21,27,17,7,16,6
361071,2,1,1987,0,0,0,0,0,0,0,0,0,0
361072,1,1,1987,9,9,9,9,9,9,9,9,9,9
361072,2,1,1987,0,0,0,11,0,0,0,0,0,0
361073,0,1,1987,0,0,0,0,0,0,0,0,0,0
361073,0,2,1987,17,20,12,10,0,0,0,20,0,0
361073,1,1,1987,15,18,17,9,0,11,21,5,14,17
361074,1,1,1987,0,8,0,0,0,0,26,0,0,0
361075,1,1,1987,0,0,0,0,0,0,0,0,0,0
361075,2,1,1987,28,0,0,0,0,0,0,0,0,0
361076,1,1,1987,18,18,18,8,14,5,12,32,9,17
361076,2,1,1987,0,0,0,0,15,0,14,0,0,0
361077,0,1,1987,0,0,0,0,0,0,0,0,0,0
361077,1,1,1987,0,21,16,28,12,8,21,19,20,35
361078,1,1,1987,10,11,0,13,12,8,0,0,0,0
361079,1,1,1987,5,0,21,27,14,20,15,20,17,26
361079,2,1,1987,0,0,0,9,0,7,0,0,19,14
361080,0,1,1987,0,0,0,0,0,0,0,0,0,0
361080,0,2,1987,0,0,13,16,0,0,0,0,6,0
361080,0,3,1987,21,4,0,21,26,0,0,21,0,0
361080,1,1,1987,7,12,18,0,12,9,8,0,0,2
361081,0,1,1987,33,33,33,33,33,33,33,33,33,33
361081,1,1,1987,11,0,0,0,0,0,0,0,0,0
361082,0,1,1987,13,0,0,8,30,0,16,0,0,0
361082,1,1,1987,0,7,0,0,0,0,0,0,0,0