ST_CASE,VEH_NO,PER_NO,YEAR,P1,P2,P3,P4,P5,P6,P7,P8,P9,P10
361083,1,1,1987,0,0,0,0,0,0,0,0,0,0
361084,0,1,1987,0,0,0,0,0,0,0,0,0,0
361084,1,1,1987,0,0,0,0,0,0,0,0,0,0
361085,0,1,1987,1,1,1,1,1,1,1,1,1,1
361085,1,1,1987,0,0,0,0,0,0,0,0,0,0
361086,1,1,1987,23,23,23,23,23,23,23,23,23,23
361087,0,1,1987,0,0,0,0,0,0,0,0,0,0
361087,1,1,1987,0,0,0,0,0,0,0,0,0,0
361088,1,1,1987,13,13,13,13,13,13,13,13,13,13
361089,1,1,1987,0,0,0,0,0,0,0,0,0,0
361089,2,1,1987,0,0,0,11,0,0,0,0,0,10
361090,0,1,1987,0,0,0,0,0,0,0,0,0,0
361090,1,1,1987,0,0,0,0,0,0,0,0,0,0
361091,1,1,1987,0,0,0,0,0,0,0,0,0,0
361091,2,1,1987,4,4,4,4,4,4,4,4,4,4
361092,1,1,1987,0,0,0,0,0,0,0,0,0,0
361092,2,1,1987,0,0,0,0,0,0,0,0,0,0
361093,1,1,1987,3,3,3,3,3,3,3,3,3,3
361094,1,1,1987,16,16,16,16,16,16,16,16,16,16
361095,0,1,1987,0,0,0,0,0,0,0,0,0,0
361095,1,1,1987,0,0,0,0,0,0,0,0,0,0
361096,1,1,1987,16,9,8,25,20,19,20,7,25,14
361096,2,1,1987,0,14,16,0,0,2,19,12,23,0
361097,0,1,1987,17,17,17,17,17,17,17,17,17,17
361097,1,1,1987,0,0,0,15,27,0,0,0,14,24
361098,0,1,1987,14,14,14,14,14,14,14,14,14,14
361098,1,1,1987,15,0,6,0,0,0,20,5,0,29
361098,2,1,1987,3,0,9,0,0,10,0,0,0,0
361099,1,1,1987,18,18,18,18,18,18,18,18,18,18
361099,2,2,1987,0,0,0,0,0,0,0,0,0,0
361100,1,1,1987,0,0,0,0,0,0,0,0,0,0
361100,2,1,1987,0,0,0,0,0,0,0,0,0,0
361100,3,1,1987,0,0,0,0,0,0,0,0,0,0
361101,1,1,1987,23,23,23,23,23,23,23,23,23,23
361102,1,1,1987,18,18,18,18,18,18,18,18,18,18
361103,1,1,1987,3,13,13,30,10,35,26,27,24,15
361103,2,1,1987,0,0,0,0,0,0,0,0,59,0
361104,1,1,1987,9,9,9,9,9,9,9,9,9,9
361105,1,1,1987,0,0,0,0,0,0,0,0,0,0
361105,2,1,1987,0,0,0,0,0,0,0,0,0,13
361106,0,1,1987,18,24,51,10,0,4,17,22,10,9
361106,1,1,1987,0,0,0,0,0,0,0,0,0,0
361107,1,1,1987,17,17,17,17,17,17,17,17,17,17
361108,0,1,1987,0,0,0,0,0,0,0,0,0,0
361108,1,1,1987,22,17,6,8,19,33,19,11,14,16
361109,0,1,1987,40,23,0,4,0,0,16,16,0,18
361109,1,1,1987,0,0,0,0,0,0,0,0,0,0
361110,0,1,1987,24,24,24,24,24,24,24,24,24,24
361110,1,1,1987,7,0,20,18,0,13,17,0,0,0
361111,1,1,1987,2,2,2,2,2,2,2,2,2,2
361112,0,1,1987,0,0,0,0,0,0,0,0,0,0
361112,1,1,1987,0,0,0,0,0,0,0,0,0,0
361113,1,1,1987,0,14,0,0,16,0,1,0,0,0
361113,2,1,1987,12,12,12,12,12,12,12,12,12,12
361114,1,1,1987,0,0,0,0,0,0,0,0,0,0
361114,2,1,1987,16,16,16,16,16,16,16,16,16,16
361115,1,1,1987,22,13,32,37,11,0,27,0,20,19
361116,0,1,1987,0,0,0,0,0,0,0,0,0,0
361116,1,1,1987,0,0,0,0,0,0,0,0,0,0
361117,1,1,1987,0,0,0,0,0,0,0,0,0,0
361117,2,1,1987,0,0,0,0,0,0,0,3,0,0
361117,3,1,1987,0,0,0,0,0,0,10,0,0,0
361118,1,1,1987,11,11,11,11,11,11,11,11,11,11
361118,2,1,1987,0,0,0,0,0,0,0,0,0,0
361119,1,1,1987,11,11,11,11,11,11,11,11,11,11
361120,1,1,1987,0,0,13,0,0,0,0,0,0,0
361120,2,1,1987,0,0,0,0,0,0,0,0,0,0
361121,1,1,1987,0,0,0,0,0,0,0,0,0,0
361122,0,1,1987,0,0,0,0,0,0,0,0,0,0
361122,1,1,1987,0,0,0,0,0,0,0,0,0,0
361123,1,1,1987,5,5,5,5,5,5,5,5,5,5
361123,2,1,1987,1,1,1,1,1,1,1,1,1,1
361124,1,1,1987,0,0,0,0,0,0,0,0,0,0
361124,2,1,1987,0,0,0,0,0,0,0,0,0,0
361125,1,1,1987,22,22,22,22,22,22,22,22,22,22
361125,2,1,1987,0,0,0,0,0,0,0,0,0,0
361126,1,1,1987,6,4,0,15,18,11,0,10,0,9
361126,2,1,1987,0,0,0,0,0,0,0,0,0,0
361127,0,1,1987,0,0,0,0,0,0,0,0,0,0
361127,1,1,1987,0,6,0,0,0,4,0,0,0,0
361128,0,1,1987,2,2,2,2,2,2,2,2,2,2
361128,1,1,1987,0,12,8,0,0,0,11,0,0,0
361129,1,1,1987,0,15,5,18,13,21,15,10,0,19
361129,2,1,1987,0,0,3,19,0,0,0,0,0,0
361129,3,1,1987,0,0,0,0,0,0,0,0,0,0
361130,1,1,1987,0,0,0,0,0,0,0,0,0,0
361131,1,1,1987,24,11,15,0,0,0,13,8,8,0
361131,2,1,1987,0,0,0,0,0,0,0,0,0,0
361132,1,1,1987,0,0,0,0,0,0,0,0,0,0
361132,2,1,1987,11,11,11,11,11,11,11,11,11,11
361133,0,1,1987,0,0,0,0,0,0,0,0,0,0
361133,1,1,1987,0,0,0,0,0,0,0,0,0,0
361133,2,1,1987,0,0,0,0,0,0,0,0,0,0
361134,0,1,1987,17,0,14,21,16,20,12,0,28,37
361134,1,1,1987,0,0,0,0,0,0,0,0,0,0
361135,1,1,1987,0,0,0,0,0,0,0,0,0,0
361136,0,1,1987,7,34,0,6,0,0,0,20,0,26
361136,1,1,1987,0,0,15,0,0,0,0,0,0,0
361137,1,1,1987,0,0,0,0,0,0,0,0,0,0
361138,1,1,1987,28,28,28,28,28,28,28,28,28,28
361139,1,1,1987,0,0,0,0,10,0,0,0,0,0
361140,1,1,1987,11,11,11,11,11,11,11,11,11,11
361141,0,1,1987,0,0,0,0,0,0,0,0,0,0
361141,1,1,1987,18,0,32,0,0,0,6,19,16,7
361142,0,1,1987,0,0,7,0,0,0,0,0,0,0
361142,1,1,1987,0,0,0,0,0,0,0,0,0,0
361143,1,1,1987,0,0,0,0,0,14,0,0,0,0
361143,2,1,1987,0,0,0,0,0,0,0,0,0,0
361144,0,1,1987,0,0,0,0,0,0,0,0,0,0
361144,1,1,1987,0,0,0,0,0,0,0,0,0,0
361145,0,1,1987,0,0,0,0,0,0,0,0,10,25
361145,1,1,1987,0,0,0,0,0,16,0,0,0,0
361146,0,1,1987,0,0,0,0,0,0,0,0,0,0
361146,1,1,1987,0,0,0,0,0,0,8,0,0,0
361147,1,1,1987,0,0,0,0,0,0,0,0,0,0
361148,0,1,1987,0,0,0,0,0,0,0,0,0,0
361148,1,1,1987,26,8,11,22,19,12,29,25,15,14
361149,1,1,1987,26,26,26,26,26,26,26,26,26,26
361150,0,1,1987,0,9,17,0,0,0,6,0,10,0
361150,1,1,1987,0,8,0,0,0,0,0,9,0,0
361151,1,1,1987,12,25,15,39,13,12,20,14,18,21
361152,1,1,1987,0,0,0,0,0,0,0,0,0,23
361153,1,1,1987,0,0,0,0,0,0,0,0,0,0
361153,2,1,1987,0,0,0,0,0,0,0,0,3,0
361154,1,1,1987,0,0,0,0,0,0,0,0,0,0
361155,1,1,1987,0,0,0,0,0,0,0,0,0,0
361156,1,1,1987,0,0,0,0,0,0,0,0,14,0
361157,1,1,1987,0,0,0,0,0,0,0,0,0,0
361158,1,1,1987,0,0,0,0,0,0,0,0,0,0
361158,2,1,1987,0,0,0,0,0,0,0,0,0,0
361158,3,1,1987,0,0,0,0,0,0,0,0,0,0
361159,1,1,1987,0,0,0,0,0,0,0,0,0,0
361159,2,1,1987,0,0,0,0,0,0,0,0,0,0
361160,1,1,1987,0,0,0,0,0,0,0,0,0,0
361161,1,1,1987,0,0,0,0,0,0,0,25,13,0
361162,1,1,1987,0,0,0,0,0,4,0,0,0,0
361163,1,1,1987,19,0,33,0,0,15,0,0,0,38
361164,1,1,1987,21,0,0,0,0,0,0,0,0,0
361164,2,1,1987,21,21,21,21,21,21,21,21,21,21
361165,1,1,1987,23,23,23,23,23,23,23,23,23,23
361166,1,1,1987,0,0,0,0,0,0,0,0,0,0
361166,2,1,1987,0,0,0,0,0,0,0,0,0,0
361167,1,1,1987,0,0,0,0,0,0,0,0,0,0
361167,2,1,1987,0,0,0,0,0,0,0,0,0,0
361167,3,1,1987,0,0,0,0,0,0,0,0,0,0
361168,1,1,1987,0,0,0,0,0,0,0,0,0,0
361168,2,1,1987,0,0,0,0,0,0,0,0,0,0
361169,1,1,1987,0,0,0,0,0,0,0,0,0,0
361170,1,1,1987,0,0,0,0,0,0,0,0,0,0
361170,2,1,1987,0,0,0,0,0,0,0,0,0,0
361171,1,1,1987,6,22,0,16,0,0,0,22,0,0
361172,1,1,1987,0,0,0,0,0,0,0,0,0,0
361172,2,1,1987,0,0,0,0,0,0,0,0,0,0
361173,1,1,1987,0,0,0,0,0,0,0,0,0,0
361173,2,1,1987,0,0,0,0,0,0,0,0,0,0
361174,1,1,1987,0,0,0,0,0,0,0,0,0,0
361174,2,1,1987,0,0,0,0,0,0,0,0,0,0
361174,3,1,1987,0,0,0,0,0,0,0,0,0,0
361175,1,1,1987,0,0,0,0,0,0,0,0,0,0
361176,1,1,1987,0,0,0,0,0,0,0,0,0,0
361177,1,1,1987,12,12,12,12,12,12,12,12,12,12
361177,2,1,1987,0,0,0,0,0,0,0,0,0,0
361177,3,1,1987,0,0,0,0,0,0,0,0,0,0
361178,1,1,1987,0,0,0,0,0,0,0,0,0,0
361178,2,1,1987,0,0,0,0,0,0,0,0,0,0
361178,3,1,1987,0,0,0,0,0,0,0,8,0,0
361179,1,1,1987,0,0,0,0,0,0,0,0,0,0
361180,1,1,1987,0,0,0,0,0,0,29,0,0,0
361180,2,1,1987,0,0,0,0,0,0,0,0,0,0
361181,1,1,1987,0,0,0,0,0,0,0,0,0,0
361181,2,1,1987,0,0,0,0,0,0,0,0,0,0
361182,1,1,1987,16,18,22,5,7,15,30,17,4,10
361183,1,1,1987,0,0,0,0,0,0,0,0,0,0
361183,2,1,1987,0,0,0,0,0,21,0,0,0,0
361184,1,1,1987,20,8,25,19,9,8,24,14,13,14
361184,2,1,1987,0,0,0,0,0,0,0,0,0,0
361185,1,1,1987,0,0,0,0,0,0,0,0,0,0
361185,2,1,1987,0,0,15,0,0,0,0,7,0,0
361186,0,1,1987,0,0,0,0,0,0,0,0,0,0
361186,1,1,1987,0,0,0,0,0,0,0,0,0,0
361187,1,1,1987,0,0,0,0,0,0,0,0,0,0
361187,2,1,1987,0,0,0,0,0,0,0,0,0,0
361188,1,1,1987,18,18,18,18,18,18,18,18,18,18
361188,2,1,1987,0,0,0,0,0,0,12,0,0,0
361189,1,1,1987,14,14,14,14,14,14,14,14,14,14
361190,0,1,1987,34,0,0,0,0,0,0,24,4,0
361190,1,1,1987,0,6,0,0,0,0,0,0,0,0
361191,1,1,1987,0,33,0,0,0,0,0,0,0,0
361192,0,1,1987,9,0,0,0,0,0,0,0,0,18
361192,1,1,1987,0,0,0,0,0,0,0,0,0,0
361193,0,1,1987,0,0,0,0,0,0,0,0,0,0
361193,1,1,1987,0,0,0,0,0,0,0,0,15,0
361194,0,1,1987,0,0,0,18,0,0,0,0,0,0
361194,1,1,1987,0,0,0,0,0,0,7,0,0,0
361195,1,1,1987,30,0,30,11,22,0,0,0,0,0
361196,1,1,1987,0,0,0,0,0,0,0,0,0,4
361196,2,1,1987,0,0,0,0,0,0,0,0,0,0
361198,1,1,1987,20,20,20,20,20,20,20,20,20,20
361199,1,1,1987,20,0,0,0,0,0,0,0,0,0
361199,2,1,1987,32,32,32,32,32,32,32,32,32,32
361200,0,1,1987,26,26,26,26,26,26,26,26,26,26
361200,1,1,1987,12,12,12,12,12,12,12,12,12,12
361201,0,1,1987,0,0,0,0,0,0,0,0,0,0
361201,1,1,1987,0,0,0,0,0,0,0,0,0,0
361202,1,1,1987,23,9,0,28,13,6,7,12,9,13
361203,1,1,1987,0,0,0,0,0,0,0,0,0,0
361203,2,1,1987,0,0,0,0,0,0,0,0,0,0
361203,3,1,1987,0,0,0,0,0,0,0,0,0,0
361204,1,1,1987,0,17,21,20,2,11,22,20,13,24
361205,0,1,1987,0,0,0,0,0,0,0,0,0,0
361205,1,1,1987,0,0,0,0,0,0,0,0,0,0
361206,1,1,1987,0,0,0,0,0,0,0,0,0,0
361206,2,1,1987,0,0,0,0,0,0,0,0,0,0
361207,0,1,1987,0,0,0,0,0,9,0,0,0,11
361207,1,1,1987,0,0,0,0,0,0,0,0,0,0
361208,1,1,1987,6,29,13,19,11,24,28,18,23,9
361209,1,1,1987,11,11,11,11,11,11,11,11,11,11
361209,2,1,1987,0,0,0,0,0,0,0,0,0,0
361210,0,1,1987,22,0,15,0,0,0,0,15,0,18
361210,0,2,1987,0,0,0,0,0,0,0,0,0,0
361210,1,1,1987,13,18,25,16,18,19,14,0,15,22
361210,2,1,1987,11,15,0,0,0,0,0,0,28,20
361211,1,1,1987,12,12,12,12,12,12,12,12,12,12
361211,2,1,1987,0,0,0,0,11,0,11,0,24,0
361211,3,1,1987,0,0,0,0,0,0,0,0,4,0
361212,1,2,1987,0,0,0,0,0,0,0,0,0,0
361213,1,1,1987,0,0,0,0,0,0,0,0,0,0
361213,2,1,1987,0,0,0,3,0,0,0,0,0,0
361214,1,1,1987,7,7,7,7,7,7,7,7,7,7
361215,1,1,1987,0,0,0,0,0,0,0,21,0,0
361215,2,1,1987,5,5,5,5,5,5,5,5,5,5
361216,0,1,1987,37,37,37,37,37,37,37,37,37,37
361216,1,1,1987,0,0,13,0,0,0,0,0,0,11
361216,2,1,1987,0,0,15,0,5,0,0,0,9,0
361217,1,1,1987,0,0,0,0,0,0,0,0,0,0
361217,2,1,1987,12,12,12,12,12,12,12,12,12,12
361218,1,1,1987,0,0,0,0,0,0,0,0,0,0
361219,1,1,1987,21,21,21,21,21,21,21,21,21,21
361220,1,1,1987,0,0,0,0,0,0,0,0,0,0
361220,2,1,1987,0,0,0,0,0,0,0,0,0,0
361221,1,1,1987,0,0,0,0,0,0,0,0,0,0
361221,2,1,1987,0,0,0,0,0,0,0,0,0,0
361221,3,1,1987,0,0,0,0,0,0,0,0,0,0
361222,0,1,1987,0,0,0,0,0,0,0,0,0,0
361222,1,1,1987,0,0,14,0,0,26,0,0,0,0
361223,1,1,1987,0,0,0,0,0,0,0,0,0,0
361224,1,1,1987,0,0,0,0,0,0,0,0,0,0
361224,2,1,1987,0,0,0,0,0,0,0,0,0,0
361225,1,1,1987,24,8,5,22,10,13,26,14,24,2
361226,1,1,1987,5,5,5,5,5,5,5,5,5,5
361227,0,1,1987,0,0,0,0,0,0,0,0,0,0
361227,1,1,1987,13,13,13,13,13,13,13,13,13,13
361228,0,1,1987,0,0,0,0,0,0,0,0,0,0
361228,1,1,1987,0,0,0,0,0,0,0,0,0,0
361229,1,1,1987,0,0,0,0,0,0,0,0,0,0
361229,2,1,1987,0,0,0,0,0,0,0,0,0,0
361230,0,1,1987,0,0,0,0,0,0,0,0,0,0
361230,1,1,1987,0,0,0,0,0,0,0,0,0,0
361231,1,1,1987,11,17,0,31,0,0,9,11,17,3
361231,2,1,1987,0,0,10,0,0,14,23,0,10,21
361232,0,1,1987,0,0,0,0,0,0,0,0,0,0
361232,1,1,1987,0,0,0,0,0,0,0,0,0,0
361233,0,1,1987,2,2,2,2,2,2,2,2,2,2
361233,1,1,1987,0,0,0,0,0,0,0,0,0,0
361233,2,1,1987,0,0,0,0,0,0,0,0,0,0
361234,1,2,1987,0,15,0,0,0,0,0,12,0,12
361235,1,1,1987,3,3,3,3,3,3,3,3,3,3
361235,2,1,1987,0,0,0,0,0,0,0,0,0,0
361236,1,1,1987,12,12,12,12,12,12,12,12,12,12
361237,1,1,1987,0,0,0,0,0,0,0,0,0,0
361237,2,1,1987,0,0,0,0,0,0,0,0,0,0
361238,1,1,1987,21,21,21,21,21,21,21,21,21,21
361239,1,1,1987,17,17,17,17,17,17,17,17,17,17
361240,1,1,1987,0,0,16,0,0,0,0,0,0,0
361240,2,1,1987,34,0,0,0,0,0,0,0,9,0
361240,3,1,1987,8,0,0,0,0,0,0,0,0,0
361241,1,1,1987,19,19,19,19,19,19,19,19,19,19
361242,1,1,1987,13,0,0,0,0,0,0,0,0,0
361243,1,1,1987,0,0,0,0,0,0,0,0,0,0
361243,2,1,1987,0,0,0,0,0,0,0,0,0,0
361244,1,1,1987,0,0,0,0,0,0,0,0,0,0
361244,2,1,1987,0,0,0,0,0,0,0,0,0,0
361245,1,1,1987,0,0,0,0,0,0,0,0,0,0
361246,1,1,1987,16,16,16,16,16,16,16,16,16,16
361247,1,1,1987,0,0,0,0,0,0,0,0,0,0
361248,1,1,1987,0,0,0,0,0,0,0,0,0,0
361248,2,1,1987,0,0,0,0,0,0,0,0,0,0
361249,1,1,1987,0,0,0,0,0,0,0,0,0,0
361250,1,1,1987,0,0,0,0,0,0,0,0,0,0
361250,2,1,1987,0,0,0,0,0,0,0,0,0,0
361251,0,1,1987,0,9,0,0,11,0,13,0,13,0
361251,1,1,1987,0,0,0,0,9,0,0,0,0,0
361252,1,1,1987,25,25,25,25,25,25,25,25,25,25
361253,1,1,1987,26,26,26,26,26,26,26,26,26,26
361254,0,1,1987,0,0,0,0,0,0,0,0,0,0
361254,1,1,1987,0,0,0,0,0,0,0,0,0,0
361255,1,1,1987,0,0,0,0,0,0,0,0,0,0
361255,2,1,1987,0,0,0,0,0,0,0,0,0,0
361255,3,1,1987,0,0,0,0,0,0,0,0,0,0
361255,4,1,1987,0,0,0,0,0,0,0,0,0,0
361256,0,1,1987,21,21,21,21,21,21,21,21,21,21
361256,1,1,1987,0,5,0,0,0,0,0,0,0,0
361257,1,1,1987,0,0,0,0,0,0,0,0,0,0
361257,2,1,1987,0,0,0,0,0,0,0,0,0,0
361258,1,1,1987,0,0,0,0,0,0,0,0,0,0
361259,1,1,1987,0,0,0,0,0,0,0,0,0,0
361259,2,1,1987,0,0,0,0,0,0,0,0,0,9
361260,1,1,1987,25,25,25,25,25,25,25,25,25,25
361261,1,1,1987,0,0,0,0,0,0,0,0,0,0
361261,2,1,1987,0,0,4,0,0,0,0,0,0,0
361261,3,1,1987,0,0,0,0,0,0,0,0,0,0
361261,4,1,1987,0,0,0,0,11,0,0,0,0,0
361262,1,2,1987,5,5,5,5,5,5,5,5,5,5
361263,0,1,1987,2,2,2,2,2,2,2,2,2,2
361263,1,1,1987,0,0,0,0,0,0,0,0,0,0
361264,0,1,1987,0,0,0,0,0,0,0,0,0,0
361264,1,1,1987,0,0,0,0,0,0,0,0,0,0
361265,0,1,1987,14,14,14,14,14,14,14,14,14,14
361265,1,1,1987,25,0,19,0,0,0,12,17,18,15
361265,2,1,1987,0,0,0,0,0,0,0,0,9,0
361266,0,1,1987,0,12,17,11,0,0,2,8,0,0
361266,1,1,1987,11,42,0,58,11,0,14,15,10,0
361267,0,1,1987,0,0,0,0,0,0,0,0,0,0
361267,1,1,1987,0,0,0,0,0,0,0,0,0,0
361267,2,1,1987,0,0,0,0,0,0,0,0,0,0
361267,3,1,1987,0,0,0,0,4,0,0,0,0,0
361267,4,1,1987,0,0,0,0,0,0,0,0,0,0
361267,5,1,1987,0,0,24,0,0,0,0,0,0,0
361268,1,1,1987,15,15,15,15,15,15,15,15,15,15
361269,0,1,1987,0,0,0,0,0,0,0,0,0,0
361269,1,1,1987,0,0,0,0,0,0,0,0,0,0
361270,0,1,1987,0,0,0,0,0,0,0,0,7,0
361270,1,1,1987,0,0,0,0,26,0,0,0,0,0
361271,1,1,1987,0,0,0,0,0,0,0,0,0,0
361272,0,1,1987,0,0,12,0,31,0,0,21,0,9
361272,1,1,1987,0,0,0,0,0,0,0,0,0,0
361273,0,1,1987,11,11,11,11,11,11,11,11,11,11
361273,1,1,1987,20,10,13,43,0,0,0,0,10,28
361274,0,1,1987,0,0,0,0,0,0,0,0,0,0
361274,1,1,1987,0,6,0,9,0,0,19,0,0,0
361275,1,1,1987,0,0,0,0,0,0,0,0,0,0
361275,2,1,1987,0,10,0,0,0,0,0,0,0,0
361276,1,1,1987,13,21,13,6,16,3,0,18,42,10
361277,0,1,1987,0,0,0,0,0,0,0,0,0,0
361277,1,1,1987,0,0,0,0,0,0,0,0,0,0
361278,1,1,1987,0,0,0,0,0,0,0,0,6,0
361279,1,1,1987,17,17,17,17,17,17,17,17,17,17
361280,0,1,1987,0,19,0,0,0,8,0,0,38,0
361280,1,1,1987,0,0,0,0,0,0,0,0,0,0
361281,1,1,1987,0,0,0,0,5,0,0,0,13,0
361281,2,1,1987,0,0,0,0,0,0,0,5,0,0
361282,1,1,1987,0,0,0,0,0,0,0,0,0,0
361283,1,1,1987,0,0,0,0,0,0,0,0,0,0
361284,1,1,1987,11,11,11,11,11,11,11,11,11,11
361285,1,1,1987,15,15,15,15,15,15,15,15,15,15
361286,1,1,1987,0,0,0,0,0,0,0,0,0,0
361286,2,1,1987,0,0,0,16,0,0,0,0,0,0
361287,1,1,1987,18,18,18,18,18,18,18,18,18,18
361288,1,1,1987,0,0,0,0,0,0,0,0,0,0
361288,2,1,1987,0,0,0,0,0,0,0,0,0,0
361289,0,1,1987,16,16,16,16,16,16,16,16,16,16
361289,1,1,1987,0,0,0,0,16,0,0,0,0,0
361290,1,1,1987,13,13,13,13,13,13,13,13,13,13
361291,0,1,1987,0,0,0,0,0,0,0,0,0,0
361291,1,1,1987,0,0,0,0,9,0,0,0,0,0
361292,1,1,1987,0,0,0,0,0,0,0,0,0,0
361292,2,1,1987,17,29,14,24,16,8,20,7,12,0
361293,1,1,1987,0,0,16,0,16,0,0,0,0,0
361293,2,1,1987,1,1,1,1,1,1,1,1,1,1
361294,0,1,1987,2,2,2,2,2,2,2,2,2,2
361294,1,1,1987,0,0,0,12,0,0,0,0,0,0
361295,1,1,1987,0,5,11,24,14,32,5,10,21,14
361295,2,1,1987,4,4,4,4,4,4,4,4,4,4
361296,1,1,1987,13,8,0,0,0,0,2,0,0,0
361296,2,1,1987,0,34,21,20,0,39,0,19,25,0
361297,1,1,1987,0,0,19,0,0,0,0,0,0,0
361298,1,1,1987,0,0,0,0,0,0,0,0,0,0
361299,1,1,1987,0,0,0,0,0,0,0,0,0,0
361300,1,1,1987,38,13,0,0,0,15,15,0,0,21
361300,2,1,1987,6,0,10,0,16,0,17,13,0,0
361301,0,1,1987,0,0,0,0,0,0,0,0,0,0
361301,1,1,1987,0,0,0,0,0,0,0,0,0,0
361302,1,1,1987,0,0,0,0,0,0,0,5,0,0
361303,1,1,1987,0,0,0,0,0,0,0,0,0,0
361303,2,1,1987,0,0,7,0,0,0,0,0,0,0
361304,1,1,1987,0,0,0,0,0,0,0,0,0,0
361305,0,1,1987,18,18,18,18,18,18,18,18,18,18
361305,1,1,1987,0,0,0,0,0,0,0,0,0,0
361306,0,1,1987,0,0,0,0,0,0,0,0,0,0
361306,1,1,1987,0,0,0,0,0,0,0,0,0,0
361307,1,1,1987,0,0,0,0,0,0,0,0,0,0
361307,2,1,1987,0,0,0,0,0,0,0,0,0,0
361308,1,1,1987,0,0,0,0,0,0,0,0,0,0
361308,2,1,1987,0,0,0,0,0,0,0,0,0,0
361309,1,1,1987,3,0,0,0,0,0,0,0,0,0
361309,2,1,1987,16,16,16,16,16,16,16,16,16,16
361310,1,1,1987,0,0,0,15,0,0,0,0,0,0
361310,2,1,1987,0,0,0,0,0,0,0,0,0,0
361310,3,1,1987,0,0,0,0,0,0,0,0,15,0
361311,1,1,1987,12,12,12,12,12,12,12,12,12,12
361312,0,1,1987,0,0,0,0,0,0,0,0,0,0
361312,1,1,1987,8,0,12,7,19,23,24,22,0,34
361313,0,1,1987,0,0,0,0,0,0,0,0,0,0
361313,1,1,1987,0,0,0,0,0,0,0,0,0,0
361314,0,1,1987,17,17,17,17,17,17,17,17,17,17
361314,1,1,1987,0,0,0,0,0,0,0,0,0,0
361315,1,1,1987,0,0,0,0,0,0,0,0,0,0
361316,1,1,1987,0,0,0,0,0,0,0,0,0,0
361317,0,1,1987,36,36,36,36,36,36,36,36,36,36
361317,1,1,1987,0,0,0,0,0,0,0,0,0,0
361318,1,1,1987,36,8,27,0,0,18,0,0,0,0
361319,1,1,1987,0,0,0,0,0,0,0,0,0,0
361319,2,1,1987,0,0,0,0,0,0,0,0,0,0
361320,1,1,1987,22,22,22,22,22,22,22,22,22,22
361322,1,1,1987,9,9,9,9,9,9,9,9,9,9
361323,1,1,1987,0,0,0,0,0,0,0,0,0,8
361323,2,1,1987,0,0,0,0,0,0,0,0,0,0
361323,3,1,1987,0,0,0,0,0,0,0,0,9,0
361324,1,1,1987,16,16,16,16,16,16,16,16,16,16
361325,1,1,1987,4,13,11,0,27,7,3,9,11,0
361325,2,1,1987,0,0,0,0,0,0,0,0,0,0
361326,1,1,1987,0,0,0,0,0,0,0,0,0,0
361326,2,1,1987,0,0,0,0,0,0,0,0,0,0
361327,1,1,1987,0,0,0,0,0,0,0,0,0,0
361327,2,1,1987,0,0,0,0,0,0,0,24,0,9
361328,0,1,1987,0,0,19,14,19,0,0,0,0,0
361328,1,1,1987,0,0,0,0,0,0,0,0,0,0
361328,2,1,1987,0,0,0,0,0,9,0,0,0,0
361329,1,1,1987,5,16,7,11,4,14,14,22,0,14
361329,2,1,1987,0,0,0,0,0,0,0,0,0,0
361330,1,1,1987,0,0,0,0,0,0,0,0,4,0
361330,2,1,1987,0,0,0,0,0,0,0,0,0,0
361330,3,1,1987,0,0,0,0,0,0,0,0,0,0
361331,1,1,1987,15,15,15,15,15,15,15,15,15,15
361332,1,1,1987,31,31,31,31,31,31,31,31,31,31
361333,1,1,1987,0,0,0,0,0,0,0,0,0,0
361333,2,1,1987,0,0,0,0,0,0,9,0,0,0
361334,1,1,1987,10,25,11,20,28,9,12,26,11,3
361334,2,1,1987,0,0,0,20,0,0,0,0,0,0
361335,1,1,1987,0,0,0,0,0,0,0,0,0,0
361336,1,1,1987,0,0,0,0,0,0,0,0,0,0
361336,2,1,1987,0,0,0,0,0,0,0,0,0,0
361337,1,1,1987,18,18,18,18,18,18,18,18,18,18
361337,2,1,1987,0,0,0,8,0,0,0,0,0,0
361338,1,1,1987,0,0,0,0,0,0,0,0,0,0
361339,1,1,1987,18,0,10,0,0,29,0,0,0,0
361339,2,1,1987,2,2,2,2,2,2,2,2,2,2
361340,0,1,1987,14,14,14,14,14,14,14,14,14,14
361340,1,1,1987,0,0,0,0,0,0,0,0,0,0
361341,1,1,1987,0,0,0,0,0,0,0,0,0,0
361342,1,1,1987,0,0,0,0,0,0,0,0,0,0
361342,2,1,1987,0,0,0,0,0,0,0,0,0,0
361343,1,1,1987,0,0,0,0,0,0,0,0,0,0
361344,1,1,1987,0,0,0,0,0,0,39,0,0,34
361345,1,1,1987,0,0,0,0,0,0,0,0,0,0
361345,2,1,1987,0,0,0,0,0,0,0,0,0,0
361346,1,1,1987,29,29,29,29,29,29,29,29,29,29
361347,0,1,1987,0,0,0,0,0,0,0,0,0,0
361347,1,1,1987,0,0,0,0,0,0,0,0,0,0
361347,2,1,1987,0,0,0,0,0,6,0,0,0,3
361348,0,1,1987,0,8,14,0,0,0,0,0,0,0
361348,1,1,1987,0,0,0,0,0,0,0,0,0,0
361349,1,1,1987,22,22,22,22,22,22,22,22,22,22
361350,1,1,1987,0,0,0,0,0,0,0,0,0,0
361350,2,1,1987,0,0,0,0,0,0,0,0,0,0
361351,1,1,1987,8,8,8,8,8,8,8,8,8,8