ST_CASE,VEH_NO,PER_NO,YEAR,P1,P2,P3,P4,P5,P6,P7,P8,P9,P10
361352,0,1,1987,0,0,0,0,0,0,0,0,0,0
361352,1,1,1987,0,0,0,0,0,0,0,0,0,0
361353,1,1,1987,26,26,26,26,26,26,26,26,26,26
361353,2,1,1987,9,0,8,0,0,0,0,0,0,7
361354,0,1,1987,0,0,0,0,0,0,0,0,0,0
361354,1,1,1987,0,0,0,0,0,0,6,14,0,0
361355,1,1,1987,21,21,21,21,21,21,21,21,21,21
361356,0,1,1987,0,0,0,0,0,0,0,0,0,0
361356,1,1,1987,0,0,0,0,0,0,0,0,0,0
361357,1,1,1987,0,0,0,0,0,0,0,0,0,0
361357,2,1,1987,0,0,0,0,0,0,0,0,0,0
361358,0,1,1987,13,13,13,13,13,13,13,13,13,13
361358,1,1,1987,14,5,11,5,7,8,13,4,12,14
361359,1,1,1987,0,0,0,0,0,0,0,0,0,0
361359,2,1,1987,0,0,0,0,0,0,0,0,0,0
361360,0,1,1987,0,0,8,0,8,19,3,23,0,0
361360,0,2,1987,0,0,0,0,0,0,0,0,0,0
361360,0,3,1987,0,0,0,0,0,0,0,0,0,0
361360,1,1,1987,0,0,0,0,0,14,0,0,0,0
361361,1,1,1987,15,15,15,15,15,15,15,15,15,15
361361,2,1,1987,0,0,0,0,0,0,0,0,0,0
361362,1,1,1987,0,0,0,0,0,0,0,0,0,0
361362,2,1,1987,0,0,0,0,0,0,0,0,0,0
361363,1,1,1987,0,0,0,0,0,0,0,0,0,0
361364,1,1,1987,0,0,0,0,0,0,0,0,0,0
361365,1,1,1987,11,11,11,11,11,11,11,11,11,11
361366,1,2,1987,8,4,0,31,31,15,3,12,9,20
361367,1,1,1987,0,0,0,0,0,0,0,0,0,0
361367,2,1,1987,0,0,0,0,0,0,0,3,0,0
361368,1,1,1987,0,0,0,0,0,0,0,0,0,0
361368,2,1,1987,0,0,0,0,0,0,0,0,0,0
361369,1,1,1987,0,16,13,0,0,14,0,25,0,0
361369,2,1,1987,0,0,0,0,0,0,0,0,0,0
361370,1,1,1987,20,20,20,20,20,20,20,20,20,20
361371,0,1,1987,0,0,0,0,0,0,0,0,0,0
361371,1,1,1987,0,0,0,0,0,0,0,0,0,0
361372,1,1,1987,7,7,7,7,7,7,7,7,7,7
361372,2,1,1987,0,0,0,0,0,0,0,0,0,0
361372,3,1,1987,0,0,0,0,0,0,0,0,0,0
361373,1,1,1987,0,0,0,13,0,0,0,0,0,0
361374,1,1,1987,0,0,0,0,0,0,0,0,0,0
361374,2,1,1987,0,0,0,0,0,0,0,0,0,0
361375,1,1,1987,0,0,0,0,0,0,0,0,0,0
361375,2,1,1987,11,0,0,0,0,0,0,0,0,0
361376,1,1,1987,0,0,0,0,0,0,0,0,0,0
361376,2,1,1987,0,0,0,0,0,0,0,0,0,0
361377,1,1,1987,0,0,0,0,0,0,0,0,0,0
361377,2,1,1987,0,0,0,0,0,0,0,0,0,0
361378,0,1,1987,0,0,0,0,0,0,0,0,0,0
361378,1,1,1987,0,0,0,0,0,0,0,0,0,0
361379,0,1,1987,0,0,0,0,0,0,0,0,0,0
361379,1,1,1987,0,0,0,0,0,0,0,0,0,0
361380,1,1,1987,25,25,25,25,25,25,25,25,25,25
361381,0,1,1987,0,0,0,0,0,0,0,0,0,0
361381,1,1,1987,0,0,0,0,0,0,0,0,0,0
361382,0,1,1987,0,0,0,0,0,0,0,0,0,0
361382,1,1,1987,0,7,0,55,8,0,0,0,0,0
361383,1,1,1987,0,0,0,0,0,0,0,0,0,0
361383,2,1,1987,0,0,0,0,0,0,0,0,0,0
361384,0,1,1987,0,0,0,0,0,0,0,0,0,0
361384,1,1,1987,0,0,8,0,0,0,0,0,0,0
361385,1,1,1987,0,0,0,0,0,0,0,0,0,0
361386,1,1,1987,0,0,0,0,0,0,0,0,0,0
361387,1,1,1987,12,12,12,12,12,12,12,12,12,12
361388,1,1,1987,28,28,28,28,28,28,28,28,28,28
361388,2,1,1987,0,0,0,0,0,0,0,0,0,0
361389,1,1,1987,25,25,25,25,25,25,25,25,25,25
361389,2,1,1987,0,0,0,0,0,0,0,0,0,0
361390,1,1,1987,21,21,21,21,21,21,21,21,21,21
361390,2,1,1987,19,15,21,9,9,0,9,11,27,11
361391,1,1,1987,0,0,0,0,0,0,0,0,0,0
361391,2,1,1987,0,0,0,0,0,0,0,0,0,0
361392,0,1,1987,0,10,0,21,0,0,0,0,0,0
361392,1,1,1987,0,0,0,0,0,0,0,0,0,0
361393,1,1,1987,0,0,0,0,0,0,0,0,0,0
361393,2,1,1987,19,0,10,14,0,0,0,0,0,0
361393,3,1,1987,0,0,0,0,0,0,13,0,0,0
361394,0,1,1987,29,0,16,16,0,25,0,0,0,40
361394,0,2,1987,0,0,5,17,0,0,0,0,0,0
361394,1,1,1987,0,0,0,0,0,0,0,0,0,0
361395,0,1,1987,0,0,0,0,0,0,0,0,0,0
361395,1,1,1987,17,26,8,11,12,9,9,18,8,7
361396,1,1,1987,0,0,0,0,0,0,0,0,0,0
361396,2,1,1987,0,0,0,0,0,0,0,0,0,0
361397,0,1,1987,0,0,0,0,0,0,0,0,0,0
361397,1,1,1987,0,0,0,0,0,0,0,0,0,0
361398,1,1,1987,0,0,0,0,0,0,0,5,0,0
361398,2,1,1987,0,0,0,0,0,0,0,0,0,0
361398,3,1,1987,0,0,0,0,0,0,0,0,0,0
361399,1,1,1987,0,0,0,0,0,0,0,0,0,0
361399,2,1,1987,0,0,0,0,0,0,0,0,0,0
361400,1,1,1987,29,29,29,29,29,29,29,29,29,29
361401,1,1,1987,0,0,0,5,0,0,3,0,0,0
361401,2,1,1987,24,24,24,24,24,24,24,24,24,24
361402,1,1,1987,12,0,0,5,0,5,14,0,0,0
361403,0,1,1987,0,0,0,0,0,0,0,0,0,0
361403,1,1,1987,0,0,0,0,0,0,0,0,0,0
361404,1,1,1987,0,0,0,0,0,0,0,0,0,0
361405,1,1,1987,38,38,38,38,38,38,38,38,38,38
361406,1,1,1987,0,0,0,0,0,0,0,0,0,0
361406,2,1,1987,0,0,0,0,0,0,0,0,0,0
361407,1,1,1987,0,0,0,0,0,0,0,0,0,0
361407,2,1,1987,0,0,0,0,0,0,0,0,0,0
361408,0,1,1987,0,0,0,0,0,0,0,0,0,0
361408,1,1,1987,0,0,0,0,0,0,0,0,0,0
361409,0,1,1987,0,0,0,0,0,0,0,0,0,0
361409,1,1,1987,18,8,12,10,13,2,23,6,20,6
361410,1,1,1987,0,0,0,0,0,0,0,0,0,0
361411,1,1,1987,11,0,0,0,0,0,0,0,0,0
361411,2,1,1987,0,0,0,0,0,0,0,0,0,0
361412,1,1,1987,0,0,0,0,0,0,0,0,0,0
361413,1,1,1987,0,0,0,0,0,0,0,0,0,0
361414,0,1,1987,18,18,18,18,18,18,18,18,18,18
361414,1,1,1987,0,14,0,18,0,0,0,0,0,0
361415,0,1,1987,0,0,0,0,0,0,0,0,0,0
361415,1,1,1987,0,0,21,15,0,18,28,4,0,16
361416,1,1,1987,0,0,0,0,0,0,0,0,0,0
361417,0,1,1987,3,3,3,3,3,3,3,3,3,3
361417,1,1,1987,0,0,0,0,0,0,0,0,0,0
361418,1,1,1987,12,13,8,8,17,13,20,0,34,12
361419,1,1,1987,0,0,0,0,0,0,0,0,0,0
361420,1,1,1987,0,0,0,0,0,0,0,0,0,0
361420,2,1,1987,0,0,0,0,0,0,0,0,0,0
361421,0,1,1987,9,9,9,9,9,9,9,9,9,9
361421,1,1,1987,0,0,0,0,0,0,0,0,0,0
361422,1,2,1987,0,0,0,0,0,0,0,0,0,0
361423,1,1,1987,3,3,3,3,3,3,3,3,3,3
361424,1,1,1987,11,0,0,0,4,11,14,22,4,6
361424,2,1,1987,0,0,0,0,0,0,0,0,0,0
361425,1,1,1987,16,16,16,16,16,16,16,16,16,16
361426,1,1,1987,0,0,0,0,0,0,0,0,0,0
361426,2,1,1987,11,11,11,11,11,11,11,11,11,11
361427,0,1,1987,0,0,0,0,0,0,0,0,0,0
361427,1,1,1987,0,0,5,12,7,6,0,0,0,0
361428,1,1,1987,0,0,0,0,0,0,0,0,0,0
361428,2,1,1987,0,0,0,0,0,0,0,3,0,0
361429,1,1,1987,0,0,0,0,0,0,0,0,0,0
361429,2,1,1987,0,0,0,0,0,0,0,0,15,0
361429,3,1,1987,0,0,0,0,0,0,0,0,0,0
361429,4,1,1987,0,0,0,0,0,0,0,0,0,0
361430,1,1,1987,0,0,0,0,0,0,0,0,0,0
361430,2,1,1987,31,32,29,31,0,28,22,37,20,23
361431,0,1,1987,1,1,1,1,1,1,1,1,1,1
361431,1,1,1987,0,0,0,0,0,0,0,0,0,0
361432,1,1,1987,0,0,0,0,0,0,0,0,0,0
361432,2,1,1987,0,0,27,0,0,0,0,0,0,0
361432,3,1,1987,0,0,0,0,0,0,0,0,0,0
361433,1,1,1987,0,0,0,0,0,0,0,0,0,5
361434,1,1,1987,0,0,0,0,0,0,0,0,0,0
361434,2,1,1987,0,0,0,0,0,0,0,0,0,0
361435,1,1,1987,0,0,0,0,0,0,0,0,0,0
361435,2,1,1987,0,0,0,0,0,0,0,0,0,0
361436,1,1,1987,0,0,0,0,0,0,0,0,0,0
361437,1,1,1987,0,0,0,0,0,0,0,0,0,0
361437,2,1,1987,0,0,0,0,7,0,0,0,10,0
361438,1,1,1987,18,18,18,18,18,18,18,18,18,18
361439,1,1,1987,0,0,0,0,0,0,0,0,0,0
361439,2,1,1987,0,0,0,0,0,0,0,0,0,0
361440,1,1,1987,0,0,0,0,0,0,0,0,0,0
361441,1,1,1987,0,29,0,0,0,0,16,0,0,26
361441,2,1,1987,0,0,0,0,0,0,0,0,0,0
361442,1,1,1987,0,0,37,23,10,0,0,0,0,18
361443,0,1,1987,0,0,0,0,0,0,0,0,0,0
361443,1,1,1987,0,0,0,0,0,0,0,0,0,0
361444,1,1,1987,9,9,9,9,9,9,9,9,9,9
361445,1,1,1987,0,0,0,0,0,0,0,0,0,0
361445,2,1,1987,0,0,0,0,0,0,0,0,0,0
361446,1,1,1987,17,17,20,17,10,6,23,23,11,17
361447,1,1,1987,0,0,0,0,0,0,0,0,0,0
361447,2,1,1987,0,0,0,0,0,0,0,0,0,0
361448,0,1,1987,0,0,0,0,0,0,0,0,0,0
361448,1,1,1987,0,0,0,0,0,0,0,0,0,0
361449,1,1,1987,0,0,0,0,0,0,0,0,0,0
361449,2,1,1987,0,0,0,0,0,0,0,0,0,0
361450,0,1,1987,0,0,0,0,0,0,0,0,0,0
361450,1,1,1987,0,0,0,0,0,0,0,0,0,0
361451,1,1,1987,0,0,0,0,0,0,0,0,0,0
361451,2,1,1987,0,0,0,0,0,0,0,0,0,0
361452,0,1,1987,0,0,0,0,0,0,0,0,0,0
361452,1,1,1987,0,0,0,0,0,0,0,0,0,0
361453,0,1,1987,0,0,0,0,0,0,0,0,0,0
361453,1,1,1987,0,0,0,0,0,0,0,0,0,0
361454,1,1,1987,0,0,0,0,0,0,0,0,0,0
361455,1,1,1987,19,19,19,19,19,19,19,19,19,19
361456,1,1,1987,0,0,0,0,0,0,0,0,0,0
361456,2,1,1987,0,0,0,0,0,0,0,0,0,0
361457,0,1,1987,0,0,0,0,0,0,0,0,0,0
361457,1,1,1987,0,0,0,0,0,0,0,0,0,0
361458,1,1,1987,0,0,0,0,0,0,0,0,0,0
361458,2,1,1987,0,0,0,0,0,0,0,0,0,0
361459,0,1,1987,0,0,0,0,0,0,0,0,0,0
361459,1,1,1987,0,0,0,0,0,0,0,0,0,0
361460,1,1,1987,0,0,0,0,0,0,0,0,0,0
361461,1,1,1987,0,0,0,0,0,0,0,0,0,0
361461,2,1,1987,0,0,18,9,0,16,15,0,11,16
361462,0,1,1987,0,0,0,0,0,0,0,0,0,0
361462,1,1,1987,12,33,10,15,15,5,35,16,12,6
361463,0,1,1987,0,0,0,0,0,0,0,0,0,0
361463,1,1,1987,0,0,0,0,0,0,0,0,0,0
361464,1,1,1987,21,21,21,21,21,21,21,21,21,21
361465,1,1,1987,20,20,20,20,20,20,20,20,20,20
361466,0,1,1987,0,0,0,0,0,0,0,0,0,0
361466,1,1,1987,0,0,0,0,0,0,0,0,0,6
361467,1,1,1987,0,0,0,0,0,0,0,0,0,0
361467,2,1,1987,0,0,0,0,0,0,0,0,15,0
361468,1,1,1987,0,0,39,0,0,0,0,37,0,0
361468,2,1,1987,10,14,7,0,0,30,9,11,15,9
361468,3,1,1987,0,0,0,0,0,0,0,7,0,0
361469,0,1,1987,0,0,0,0,0,0,0,0,0,0
361469,1,1,1987,13,12,10,30,24,21,22,12,6,19
361470,1,1,1987,3,3,3,3,3,3,3,3,3,3
361471,1,1,1987,22,19,7,21,28,19,13,16,0,11
361472,1,1,1987,18,12,8,0,0,8,0,0,0,15
361473,1,1,1987,0,0,0,0,0,0,0,0,0,0
361473,2,1,1987,0,16,0,4,13,11,13,13,13,24
361474,1,1,1987,15,0,11,18,17,18,20,21,30,22
361475,0,1,1987,0,0,0,0,0,0,0,0,0,0
361475,1,1,1987,0,0,0,0,0,0,0,0,0,0
361476,1,1,1987,0,6,34,18,0,0,6,0,7,0
361477,1,1,1987,0,0,0,0,0,0,0,0,0,0
361477,2,1,1987,0,0,0,0,0,0,0,0,0,0
361478,1,1,1987,0,0,0,0,0,0,0,0,0,0
361479,1,1,1987,0,0,0,0,0,0,0,0,0,0
361479,2,1,1987,0,0,0,0,0,0,0,0,0,0
361479,3,1,1987,0,0,0,0,0,0,0,0,0,0
361480,1,1,1987,7,7,7,7,7,7,7,7,7,7
361480,2,1,1987,0,0,0,0,0,0,0,0,0,0
361481,1,1,1987,34,34,34,34,34,34,34,34,34,34
361482,1,1,1987,22,22,22,22,22,22,22,22,22,22
361482,2,1,1987,0,0,0,0,0,0,20,29,22,0
361482,3,1,1987,0,0,0,0,0,0,0,0,0,0
361483,1,1,1987,19,19,19,19,19,19,19,19,19,19
361484,1,1,1987,22,22,22,22,22,22,22,22,22,22
361484,2,1,1987,0,0,0,0,0,0,0,0,0,0
361485,1,1,1987,0,0,0,0,0,0,0,0,0,0
361485,2,1,1987,9,0,21,10,19,19,2,15,0,0
361486,1,1,1987,16,16,16,16,16,16,16,16,16,16
361487,1,1,1987,0,0,0,0,0,0,0,0,0,0
361487,2,1,1987,0,0,0,0,0,0,0,0,0,0
361488,1,1,1987,0,0,0,0,0,0,0,0,0,0
361489,0,1,1987,0,0,0,0,0,0,0,0,0,0
361489,1,1,1987,9,0,0,27,25,13,0,0,20,0
361490,0,1,1987,0,0,0,0,0,0,0,0,0,0
361490,0,2,1987,0,0,0,0,0,0,0,0,0,0
361490,0,3,1987,0,0,0,0,0,0,0,0,0,0
361490,1,1,1987,0,15,0,0,0,0,0,0,0,0
361491,1,1,1987,21,21,21,21,21,21,21,21,21,21
361492,1,1,1987,0,0,0,0,0,0,0,0,0,0
361493,1,1,1987,0,13,0,0,0,19,0,0,0,0
361493,2,1,1987,0,0,0,0,0,0,0,0,0,0
361494,1,1,1987,0,0,0,0,0,0,0,0,0,0
361495,1,1,1987,0,0,0,0,0,0,0,0,0,0
361495,2,1,1987,0,0,0,0,0,0,0,0,0,0
361495,3,1,1987,0,0,0,0,0,0,0,0,0,0
361496,1,1,1987,0,0,0,39,19,0,0,0,22,0
361497,1,1,1987,0,0,0,0,0,0,0,0,0,0
361497,2,1,1987,0,0,0,0,0,0,0,0,0,0
361498,0,1,1987,0,0,0,0,0,0,0,0,0,0
361498,1,1,1987,0,0,0,0,0,0,0,0,0,0
361499,1,1,1987,36,36,36,36,36,36,36,36,36,36
361500,1,1,1987,0,0,0,0,0,0,0,0,0,0
361501,0,1,1987,0,0,0,0,0,0,0,0,0,0
361501,1,1,1987,0,0,0,0,0,18,19,0,0,0
361502,1,1,1987,0,0,0,0,0,0,0,0,0,0
361503,1,1,1987,12,18,6,6,24,9,23,14,11,16
361504,1,1,1987,0,0,0,11,0,0,0,0,0,0
361504,2,1,1987,25,25,25,25,25,25,25,25,25,25
361505,0,1,1987,25,25,25,25,25,25,25,25,25,25
361505,1,1,1987,0,0,0,0,0,0,0,0,0,0
361506,1,1,1987,23,23,23,23,23,23,23,23,23,23
361507,1,1,1987,11,11,11,11,11,11,11,11,11,11
361508,1,1,1987,21,0,0,0,0,0,0,0,0,0
361508,2,1,1987,0,0,0,0,0,0,6,0,0,0
361509,1,1,1987,0,0,0,0,0,0,0,0,0,0
361509,2,1,1987,0,0,0,0,0,0,0,0,0,0
361510,1,1,1987,0,17,0,27,8,0,0,0,0,22
361510,2,1,1987,0,0,0,0,0,0,0,0,0,0
361510,3,1,1987,0,0,0,0,0,0,0,0,0,0
361511,1,1,1987,0,0,0,0,0,0,0,0,0,0
361511,2,1,1987,0,0,0,0,0,0,0,0,0,0
361511,3,1,1987,0,0,0,0,0,0,0,0,0,0
361512,1,1,1987,16,16,16,16,16,16,16,16,16,16
361513,1,1,1987,0,0,0,0,0,0,0,0,0,0
361513,2,1,1987,0,0,0,17,0,0,0,0,0,0
361514,1,1,1987,15,15,15,15,15,15,15,15,15,15
361514,2,1,1987,0,0,0,0,0,0,0,0,0,0
361515,1,1,1987,0,0,0,0,0,0,0,0,0,0
361515,2,1,1987,0,0,0,0,0,0,0,0,0,0
361516,1,1,1987,12,12,12,12,12,12,12,12,12,12
361517,1,1,1987,0,25,10,35,18,0,26,14,11,0
361518,0,1,1987,0,0,0,0,0,10,0,0,9,0
361518,0,2,1987,0,0,8,0,0,0,0,6,10,0
361518,0,3,1987,24,24,24,24,24,24,24,24,24,24
361518,1,1,1987,25,25,25,25,25,25,25,25,25,25
361519,1,1,1987,8,0,0,0,17,0,0,0,11,0
361520,1,1,1987,12,12,12,12,12,12,12,12,12,12
361521,1,1,1987,0,0,0,0,0,0,0,0,0,0
361522,1,1,1987,0,0,0,0,0,0,0,0,0,0
361523,0,1,1987,16,10,0,0,0,0,0,9,0,0
361523,1,1,1987,0,0,0,0,0,0,0,0,0,0
361523,2,1,1987,0,0,0,0,0,0,0,0,0,0
361523,3,1,1987,0,0,0,0,0,0,0,0,0,0
361523,4,1,1987,8,0,0,0,0,0,0,0,0,0
361523,5,1,1987,0,0,0,0,0,0,0,0,0,0
361523,6,1,1987,0,0,0,0,0,0,0,0,0,0
361523,7,1,1987,0,0,0,0,0,0,0,0,0,0
361524,1,1,1987,23,23,23,23,23,23,23,23,23,23
361525,1,1,1987,21,21,21,21,21,21,21,21,21,21
361526,0,1,1987,0,0,0,0,0,0,0,0,0,0
361526,1,1,1987,0,0,0,0,0,0,0,0,0,0
361527,1,1,1987,0,0,0,0,0,0,0,0,0,0
361528,1,1,1987,0,0,0,0,0,0,0,0,0,0
361529,1,1,1987,0,0,0,0,0,0,0,0,0,0
361529,2,1,1987,0,0,0,0,0,0,0,0,0,0
361530,0,1,1987,0,0,0,0,0,0,0,0,0,0
361530,1,1,1987,0,0,0,0,0,0,0,0,0,0
361531,1,1,1987,0,0,0,0,0,3,0,0,0,0
361531,2,1,1987,0,0,0,0,0,0,0,0,0,0
361532,1,1,1987,0,0,0,0,0,0,0,0,0,0
361532,2,1,1987,0,0,0,0,0,0,0,0,0,0
361533,1,1,1987,0,0,0,0,0,0,0,0,0,0
361533,2,1,1987,15,0,0,20,0,13,0,0,0,0
361534,0,1,1987,0,0,0,0,0,0,0,0,0,0
361534,1,1,1987,11,0,0,0,0,0,0,0,0,0
361535,0,1,1987,11,0,15,0,0,0,0,0,0,0
361535,1,1,1987,0,0,0,0,0,0,0,0,0,0
361536,1,1,1987,0,0,0,0,0,0,0,0,0,0
361536,2,1,1987,0,0,0,0,0,0,0,0,0,0
361537,1,1,1987,18,36,25,15,16,19,14,0,12,13
361537,2,1,1987,0,0,0,0,0,0,0,0,0,0
361537,3,1,1987,0,0,0,0,0,0,0,0,0,0
361538,0,1,1987,0,0,0,0,15,0,0,24,0,22
361538,1,1,1987,0,0,0,0,0,0,0,0,0,0
361538,2,1,1987,0,0,0,0,0,11,0,0,0,0
361539,1,1,1987,14,14,14,14,14,14,14,14,14,14
361540,1,1,1987,0,0,0,0,0,0,0,0,0,0
361540,2,1,1987,0,0,0,0,0,0,0,0,0,0
361541,0,1,1987,14,14,14,14,14,14,14,14,14,14
361541,1,1,1987,21,0,21,0,18,15,23,4,10,20
361542,1,1,1987,30,23,19,18,20,21,20,10,17,15
361543,1,1,1987,0,0,0,0,0,0,0,0,0,0
361543,2,1,1987,15,0,16,12,19,21,11,15,11,12
361544,1,1,1987,0,0,0,0,0,0,6,0,0,0
361544,2,1,1987,0,0,0,0,0,0,0,0,0,0
361544,3,1,1987,0,0,0,0,0,0,0,0,0,0
361545,1,1,1987,0,0,0,0,13,0,4,14,0,0
361545,2,1,1987,0,0,0,0,0,0,0,0,0,0
361545,3,1,1987,0,0,0,0,0,0,0,0,0,0
361546,0,1,1987,0,0,0,4,16,0,0,0,21,0
361546,2,1,1987,0,0,0,0,0,0,0,0,0,0
361547,0,1,1987,7,7,7,7,7,7,7,7,7,7
361547,1,1,1987,0,11,8,12,14,0,0,0,0,0
361548,0,1,1987,0,0,0,0,0,0,0,0,0,0
361548,1,1,1987,0,0,0,0,0,0,0,0,0,0
361549,1,1,1987,0,0,0,0,0,0,0,0,0,0
361549,2,1,1987,0,0,0,0,0,25,0,0,0,0
361550,1,1,1987,0,0,0,0,0,0,0,0,0,0
361551,0,1,1987,0,0,0,0,0,0,0,0,0,0
361551,1,1,1987,0,0,0,0,0,0,0,0,0,0
361552,1,1,1987,14,14,14,14,14,14,14,14,14,14
361552,2,1,1987,0,0,0,0,0,0,0,0,0,0
361553,1,1,1987,4,4,4,4,4,4,4,4,4,4
361554,0,1,1987,0,0,0,0,0,0,0,0,0,0
361554,1,1,1987,0,0,0,0,0,0,0,0,0,0
361555,1,1,1987,0,0,0,0,0,0,0,0,0,0
361555,2,1,1987,0,0,0,0,0,0,0,0,0,0
361555,3,1,1987,0,0,0,0,0,0,0,0,0,0
361556,1,1,1987,0,10,10,7,16,11,11,7,11,9
361556,2,1,1987,0,0,0,0,0,0,0,0,0,9
361557,0,1,1987,0,0,0,0,0,0,0,0,0,0
361557,1,1,1987,0,4,0,0,0,0,0,0,0,0
361558,0,1,1987,0,0,0,0,0,0,0,0,0,0
361558,1,1,1987,0,0,0,0,0,0,0,0,0,0
361559,0,1,1987,0,0,0,0,0,0,0,0,0,0
361559,1,1,1987,0,0,0,0,0,0,0,0,0,0
361560,0,1,1987,0,0,0,0,0,0,0,0,0,0
361560,1,1,1987,0,0,0,14,0,0,0,0,0,0
361561,1,1,1987,0,0,0,0,0,0,0,0,0,0
361562,0,1,1987,33,33,33,33,33,33,33,33,33,33
361562,1,1,1987,0,0,0,0,0,0,0,0,17,0
361563,0,1,1987,0,0,0,0,0,0,0,0,0,0
361563,1,1,1987,0,0,0,0,0,0,0,0,0,0
361564,1,1,1987,7,7,7,7,7,7,7,7,7,7
361564,2,1,1987,0,0,0,0,0,0,0,0,0,0
361565,1,1,1987,12,12,12,12,12,12,12,12,12,12
361566,1,1,1987,0,0,0,0,0,0,0,0,0,0
361567,1,1,1987,0,0,0,0,0,0,0,0,0,0
361567,2,1,1987,0,0,0,0,0,0,0,0,0,0
361568,1,1,1987,26,26,26,26,26,26,26,26,26,26
361569,1,1,1987,0,0,0,0,0,0,0,0,0,0
361569,2,1,1987,0,0,0,0,0,0,9,7,0,0
361570,1,1,1987,0,0,0,0,0,0,0,0,0,0
361570,2,1,1987,0,0,0,0,0,0,0,0,0,0
361571,1,1,1987,0,0,14,1,0,0,0,14,0,0
361572,1,1,1987,0,7,0,0,0,0,0,7,0,0
361572,2,1,1987,0,0,0,0,0,0,0,0,0,0
361573,0,1,1987,0,0,0,0,0,0,0,0,0,0
361573,1,1,1987,0,0,0,0,0,0,0,0,0,0
361574,1,1,1987,4,4,4,4,4,4,4,4,4,4
361575,1,1,1987,0,14,7,17,7,5,15,6,6,14
361576,1,1,1987,0,0,0,0,0,0,0,0,0,0
361577,1,1,1987,0,0,0,0,0,0,0,0,0,0
361578,1,1,1987,0,0,0,0,0,0,0,0,0,0
361578,2,1,1987,0,0,0,0,0,0,0,0,0,0
361579,1,1,1987,2,2,2,2,2,2,2,2,2,2
361580,1,1,1987,0,0,0,0,0,0,0,0,15,0
361581,1,1,1987,0,10,0,0,8,10,0,0,0,11
361582,1,1,1987,29,29,29,29,29,29,29,29,29,29
361583,1,1,1987,0,0,0,0,0,0,0,0,0,0
361583,2,1,1987,18,27,23,0,0,9,21,9,17,0
361584,1,1,1987,10,10,10,10,10,10,10,10,10,10
361585,1,1,1987,13,13,13,13,13,13,13,13,13,13
361586,0,1,1987,0,19,0,0,0,25,0,12,6,0
361586,1,1,1987,0,0,0,0,0,19,0,0,0,0
361587,1,1,1987,0,0,0,0,0,0,0,0,0,0
361587,2,1,1987,0,0,0,0,0,0,0,0,0,0
361588,1,1,1987,13,13,13,13,13,13,13,13,13,13
361588,2,1,1987,0,0,17,0,0,0,0,0,0,0
361589,1,1,1987,0,0,0,0,0,0,0,0,0,0
361589,2,1,1987,0,0,0,0,0,0,0,0,0,0
361589,3,1,1987,0,0,0,0,0,0,0,0,0,0
361590,1,1,1987,15,15,15,15,15,15,15,15,15,15
361591,1,1,1987,0,0,0,0,0,0,0,0,0,0
361591,2,1,1987,0,0,0,0,0,0,0,0,0,0
361592,1,1,1987,0,0,0,0,0,0,0,0,0,0
361593,1,1,1987,20,20,20,20,20,20,20,20,20,20
361594,1,1,1987,0,27,0,0,0,0,0,0,0,0
361594,2,1,1987,0,0,0,0,0,0,0,0,0,0
361595,1,1,1987,0,0,0,0,0,0,0,0,0,0
361595,2,1,1987,0,0,0,0,0,0,0,0,0,0
361595,3,1,1987,0,0,0,0,0,0,0,0,0,0
361596,1,1,1987,15,15,15,15,15,15,15,15,15,15
361597,1,1,1987,0,0,0,0,0,0,0,0,0,0
361597,2,1,1987,0,0,0,0,0,0,0,0,0,0
361598,1,1,1987,28,28,28,28,28,28,28,28,28,28
361600,0,1,1987,0,0,0,0,0,0,0,0,0,0
361600,1,1,1987,0,0,0,0,0,0,0,0,0,0
361601,1,2,1987,0,0,0,0,0,0,0,0,0,0
361602,1,1,1987,0,0,0,14,0,15,0,0,0,0
361602,2,1,1987,0,0,0,0,0,0,0,0,0,0
361603,1,1,1987,1,1,1,1,1,1,1,1,1,1
361603,2,1,1987,0,0,0,0,0,0,0,0,0,0
361603,3,1,1987,28,28,28,28,28,28,28,28,28,28
361604,1,1,1987,17,17,17,17,17,17,17,17,17,17
361605,1,1,1987,18,18,18,18,18,18,18,18,18,18
361606,1,1,1987,0,0,0,0,0,0,0,2,0,0
361606,2,1,1987,0,0,0,0,0,0,0,0,0,0
361607,1,1,1987,24,16,12,9,30,32,5,23,21,31
361608,1,1,1987,0,0,0,0,0,0,0,0,0,0
361608,2,1,1987,0,0,0,0,0,0,0,0,0,0
361609,0,1,1987,0,0,0,14,0,0,0,7,0,21
361609,1,1,1987,0,0,0,11,0,0,0,0,13,0
361610,1,1,1987,0,0,0,0,0,0,0,0,0,0
361610,2,1,1987,0,0,0,0,0,0,0,0,0,0
361611,1,1,1987,0,0,0,0,0,0,0,0,0,0
361611,2,1,1987,0,0,0,0,0,0,0,0,0,0
361612,1,1,1987,0,0,0,0,0,0,0,0,0,0
361612,2,1,1987,11,11,11,11,11,11,11,11,11,11
361613,1,1,1987,0,0,0,0,0,0,0,0,0,0
361613,2,1,1987,0,0,0,0,0,0,0,0,0,0
361614,1,1,1987,5,18,12,25,11,19,12,4,10,17
361615,1,1,1987,0,0,0,0,0,0,0,0,0,0
361616,1,1,1987,0,0,0,0,0,0,0,0,0,0
361616,2,1,1987,0,0,0,0,0,0,0,0,0,0
361617,0,1,1987,28,35,20,39,25,0,34,30,22,26
361617,1,1,1987,0,0,24,0,0,0,0,0,0,0
361618,1,1,1987,0,0,0,0,0,0,0,0,0,0
361618,2,1,1987,0,0,0,0,0,0,0,0,0,0
361619,1,1,1987,13,13,13,13,13,13,13,13,13,13
361620,0,1,1987,0,0,0,0,0,0,0,0,0,0