ST_CASE,VEH_NO,PER_NO,YEAR,P1,P2,P3,P4,P5,P6,P7,P8,P9,P10
362140,1,1,1987,0,0,0,0,0,0,0,0,0,0
362141,1,1,1987,0,11,0,0,0,0,0,0,0,21
362141,2,1,1987,0,0,0,11,13,0,0,0,0,0
362142,1,1,1987,0,0,0,0,0,0,0,0,0,0
362142,2,1,1987,0,0,0,0,0,0,0,0,0,0
362143,1,1,1987,0,0,9,0,0,8,0,0,11,0
362144,0,1,1987,0,0,0,0,0,0,0,0,0,0
362144,1,1,1987,0,16,0,0,0,0,0,7,0,0
362145,1,1,1987,0,0,0,0,0,0,0,0,0,0
362146,1,1,1987,0,0,0,0,0,0,0,0,0,0
362147,1,1,1987,0,0,0,0,0,0,0,0,0,0
362147,2,1,1987,0,0,0,0,0,0,0,0,0,0
362148,0,1,1987,0,0,0,0,0,0,0,0,0,0
362148,1,1,1987,0,0,0,0,0,0,0,0,0,0
362149,1,1,1987,0,0,0,0,23,17,0,0,15,0
362150,1,1,1987,0,0,0,0,0,0,0,0,0,0
362150,2,1,1987,0,0,0,0,0,0,0,0,0,0
362152,0,1,1987,0,0,0,0,0,26,0,0,0,0
362152,1,1,1987,13,0,19,26,7,0,27,10,7,11
362153,1,1,1987,12,12,12,12,12,12,12,12,12,12
362153,2,1,1987,0,0,0,0,0,0,0,0,0,0
362155,1,1,1987,0,0,0,0,0,0,0,0,0,0
370001,1,1,1987,0,0,0,0,0,0,0,0,0,0
370002,1,1,1987,6,15,14,6,42,23,30,9,14,22
370003,0,1,1987,6,6,6,6,6,6,6,6,6,6
370003,1,1,1987,0,0,0,0,0,0,0,0,0,0
370004,1,1,1987,0,0,0,0,0,0,0,0,0,0
370004,2,1,1987,0,0,0,0,0,0,0,0,0,0
370005,1,1,1987,0,0,0,0,0,0,0,0,0,0
370005,2,1,1987,0,0,0,0,0,0,0,0,0,0
370006,1,1,1987,23,23,23,23,23,23,23,23,23,23
370007,1,1,1987,0,0,0,0,0,0,0,0,0,0
370008,1,1,1987,0,0,0,0,0,0,0,0,0,0
370008,2,1,1987,0,0,0,0,0,0,0,0,0,0
370009,1,1,1987,26,26,26,26,26,26,26,26,26,26
370010,0,1,1987,0,0,0,0,0,0,0,0,0,0
370010,1,1,1987,0,0,0,0,0,6,0,0,0,0
370011,1,1,1987,20,20,20,20,20,20,20,20,20,20
370012,1,1,1987,0,0,0,0,0,0,0,0,0,0
370012,2,1,1987,0,0,0,0,0,0,0,0,0,0
370013,1,1,1987,19,19,19,19,19,19,19,19,19,19
370014,1,1,1987,23,23,23,23,23,23,23,23,23,23
370015,0,1,1987,23,23,23,23,23,23,23,23,23,23
370015,1,1,1987,0,0,0,0,0,0,0,0,0,0
370016,0,1,1987,0,0,0,0,0,0,0,0,0,0
370016,1,1,1987,0,0,0,0,0,0,0,23,0,0
370017,1,1,1987,0,0,0,0,0,0,0,0,0,0
370017,2,1,1987,0,8,11,3,9,21,0,7,10,10
370018,1,1,1987,0,0,0,0,0,0,0,0,0,0
370018,2,1,1987,0,0,0,0,0,0,0,0,0,0
370019,1,1,1987,0,0,0,0,0,0,0,0,0,0
370019,2,1,1987,0,0,0,0,0,0,0,0,0,0
370020,1,1,1987,22,22,22,22,22,22,22,22,22,22
370021,1,1,1987,0,0,0,0,0,0,0,0,0,0
370021,2,1,1987,0,0,0,0,0,0,0,0,0,0
370022,1,1,1987,0,0,0,0,0,0,0,0,0,0
370022,2,1,1987,0,0,0,0,0,0,0,0,0,0
370023,1,1,1987,0,0,0,0,0,0,0,0,0,0
370023,2,1,1987,0,0,0,0,0,0,0,0,0,0
370023,3,1,1987,0,0,0,0,0,0,0,0,0,0
370024,0,1,1987,23,23,23,23,23,23,23,23,23,23
370024,1,1,1987,0,0,0,0,0,0,0,0,0,0
370025,1,1,1987,0,0,0,0,0,0,0,0,0,0
370025,2,1,1987,0,0,0,0,0,0,0,0,0,0
370026,1,1,1987,10,0,0,0,0,0,0,0,0,0
370026,2,1,1987,17,17,17,17,17,17,17,17,17,17
370027,1,1,1987,0,0,0,0,0,0,0,0,0,0
370027,2,1,1987,0,0,15,11,0,0,0,0,0,0
370027,3,1,1987,0,0,0,0,0,0,0,0,0,0
370028,1,1,1987,0,0,0,0,0,0,0,0,0,0
370028,2,1,1987,11,11,11,11,11,11,11,11,11,11
370029,1,1,1987,18,0,0,25,0,0,12,0,0,12
370030,1,1,1987,5,24,13,22,7,8,14,0,29,11
370030,2,1,1987,0,0,0,0,0,0,12,0,0,0
370031,1,1,1987,0,0,0,0,0,0,0,0,0,0
370031,2,1,1987,0,0,0,0,0,0,0,0,0,0
370032,1,1,1987,0,0,0,0,0,0,0,0,0,0
370032,2,1,1987,0,0,0,0,0,0,0,0,0,0
370033,1,1,1987,20,19,8,8,21,35,11,4,14,0
370034,1,1,1987,0,0,0,0,0,0,0,0,0,0
370034,2,1,1987,0,0,0,0,0,0,0,0,0,0
370034,3,1,1987,0,0,0,0,0,0,0,0,0,0
370035,1,1,1987,8,8,8,8,8,8,8,8,8,8
370035,2,1,1987,0,0,0,0,0,0,0,0,0,0
370036,1,1,1987,12,12,12,12,12,12,12,12,12,12
370036,2,1,1987,0,0,0,0,0,0,0,0,0,0
370037,1,1,1987,10,10,10,10,10,10,10,10,10,10
370038,1,1,1987,0,0,0,0,0,0,0,0,0,0
370038,2,1,1987,0,0,0,0,0,0,0,0,0,0
370039,0,1,1987,24,24,24,24,24,24,24,24,24,24
370039,0,2,1987,0,0,0,13,0,4,0,0,0,15
370039,1,1,1987,6,0,0,0,0,0,0,0,5,0
370040,1,1,1987,0,0,0,0,0,0,0,0,0,0
370040,2,1,1987,0,0,0,0,0,0,0,0,0,0
370041,0,1,1987,0,0,0,0,0,0,0,0,0,0
370041,1,1,1987,0,0,0,0,0,0,0,0,0,0
370042,1,1,1987,8,8,8,8,8,8,8,8,8,8
370042,2,1,1987,0,0,0,0,0,0,0,0,0,0
370043,1,1,1987,0,0,0,0,0,0,0,0,0,0
370043,2,1,1987,0,0,0,0,0,0,0,0,0,0
370044,1,1,1987,0,0,0,0,0,0,0,0,0,0
370044,2,1,1987,0,0,0,0,0,0,0,0,0,0
370044,3,1,1987,0,0,0,0,0,0,0,0,0,0
370045,1,1,1987,13,13,13,13,13,13,13,13,13,13
370045,2,1,1987,0,0,0,0,0,0,0,0,0,0
370046,1,1,1987,0,0,0,0,0,0,0,0,0,0
370047,1,1,1987,0,0,0,0,0,0,0,0,11,0
370047,2,1,1987,0,0,0,0,0,0,0,0,0,0
370048,1,1,1987,12,3,14,11,8,22,16,22,13,11
370049,1,1,1987,0,0,0,0,0,0,0,0,0,0
370050,1,1,1987,0,0,0,0,0,0,0,0,0,0
370050,2,1,1987,0,0,0,0,0,0,0,0,0,0
370051,1,1,1987,0,0,0,0,0,0,0,0,0,0
370051,2,1,1987,0,0,0,0,0,0,0,0,0,0
370052,0,1,1987,0,0,0,0,0,0,0,0,0,0
370052,1,1,1987,0,0,0,0,0,0,0,0,0,0
370053,1,1,1987,0,0,0,0,0,0,0,0,0,0
370054,1,1,1987,34,15,0,27,11,15,32,27,12,6
370055,1,1,1987,19,15,19,0,13,7,0,15,15,14
370055,2,1,1987,0,21,0,31,0,0,19,18,0,0
370056,0,1,1987,6,18,32,32,17,16,16,24,16,15
370056,1,1,1987,0,0,0,0,0,0,0,0,0,0
370057,1,1,1987,0,0,0,0,0,0,0,0,0,0
370057,2,1,1987,0,0,0,0,0,0,0,0,0,0
370058,1,1,1987,19,13,11,4,18,11,14,24,24,13
370059,0,1,1987,7,0,22,0,0,0,11,0,21,22
370059,1,1,1987,0,0,0,0,0,0,0,0,0,13
370060,1,1,1987,19,19,19,19,19,19,19,19,19,19
370061,1,1,1987,0,0,0,0,0,0,0,0,0,0
370062,1,1,1987,0,0,0,0,0,0,0,0,0,0
370062,2,1,1987,0,0,0,0,0,0,0,0,0,0
370063,1,1,1987,0,0,0,0,0,0,0,0,0,0
370063,2,1,1987,15,18,0,0,0,0,0,0,0,0
370064,1,1,1987,0,0,0,0,0,0,0,0,0,0
370065,1,1,1987,0,0,0,0,3,0,0,0,0,0
370065,2,1,1987,5,40,18,0,27,0,11,0,8,17
370066,1,1,1987,0,10,0,0,0,0,0,0,0,0
370067,1,1,1987,0,0,0,0,0,0,0,0,0,0
370067,2,1,1987,0,0,0,0,0,0,0,0,0,0
370068,1,1,1987,0,0,0,0,0,0,0,0,0,0
370069,1,1,1987,5,5,5,5,5,5,5,5,5,5
370070,1,1,1987,11,11,11,11,11,11,11,11,11,11
370071,1,1,1987,0,0,0,0,0,0,0,0,0,0
370071,2,1,1987,0,0,0,0,0,0,0,0,0,0
370072,0,1,1987,45,45,45,45,45,45,45,45,45,45
370072,1,1,1987,0,0,0,0,0,0,0,0,0,0
370073,1,1,1987,0,0,0,0,0,0,0,0,0,0
370074,0,1,1987,0,0,0,0,0,0,0,0,0,0
370074,1,1,1987,0,0,0,0,0,0,0,0,4,0
370075,0,1,1987,33,0,0,0,0,4,0,0,0,8
370075,1,1,1987,0,0,0,0,0,0,0,0,0,6
370076,1,1,1987,22,22,22,22,22,22,22,22,22,22
370076,2,1,1987,0,0,0,0,0,0,0,0,0,0
370077,1,1,1987,10,1,20,12,9,11,8,7,19,15
370077,2,1,1987,0,0,0,0,10,0,0,0,0,0
370078,1,1,1987,0,0,0,0,0,0,0,0,0,0
370078,2,1,1987,0,0,0,0,0,0,0,0,0,0
370079,1,1,1987,17,15,23,34,14,9,15,15,0,9
370079,2,1,1987,0,0,0,0,0,0,0,0,0,0
370080,0,1,1987,39,39,39,39,39,39,39,39,39,39
370080,1,1,1987,0,0,0,0,0,0,0,0,0,0
370081,0,1,1987,17,17,17,17,17,17,17,17,17,17
370081,1,1,1987,0,5,16,3,27,8,16,19,22,18
370082,1,1,1987,9,3,0,4,0,0,0,0,7,0
370082,2,1,1987,0,0,0,0,0,0,0,0,0,0
370083,1,1,1987,0,0,0,0,0,0,0,0,0,0
370084,1,1,1987,0,0,0,0,0,0,0,0,0,0
370084,2,1,1987,0,0,0,0,0,0,0,0,0,0
370084,3,1,1987,0,20,0,0,0,0,0,0,0,0
370085,1,1,1987,0,0,0,0,0,0,0,0,0,15
370085,2,1,1987,38,6,22,0,0,13,29,14,7,6
370086,0,1,1987,44,44,44,44,44,44,44,44,44,44
370086,1,1,1987,6,14,28,0,0,0,0,0,0,9
370087,1,1,1987,19,19,19,19,19,19,19,19,19,19
370087,2,1,1987,0,0,0,0,0,0,0,0,0,0
370088,1,1,1987,0,0,0,0,0,0,0,0,0,0
370088,2,1,1987,0,0,0,0,0,0,0,0,0,0
370089,1,1,1987,13,28,28,13,13,22,26,28,29,27
370089,2,1,1987,0,0,0,0,13,0,0,0,0,0
370090,1,1,1987,0,0,0,0,0,0,0,0,0,0
370090,2,1,1987,16,16,16,16,16,16,16,16,16,16
370091,1,1,1987,0,0,0,0,0,0,0,0,0,0
370091,2,1,1987,12,12,12,12,12,12,12,12,12,12
370092,1,1,1987,0,0,0,0,0,0,0,0,0,0
370093,0,1,1987,0,20,0,0,0,0,0,0,0,0
370093,1,1,1987,0,0,0,10,0,0,0,12,0,0
370094,1,1,1987,23,23,23,23,23,23,23,23,23,23
370094,2,1,1987,0,0,0,0,0,0,0,0,0,0
370095,1,1,1987,0,0,0,0,0,0,0,0,0,0
370095,2,1,1987,0,0,0,0,0,0,0,0,0,0
370096,1,1,1987,0,0,0,0,0,0,0,0,0,0
370097,1,1,1987,0,0,0,11,0,0,0,0,0,0
370098,1,1,1987,0,0,0,0,0,0,0,0,0,0
370098,2,1,1987,0,0,0,0,0,0,0,0,0,0
370099,0,1,1987,6,0,0,0,11,12,0,0,0,0
370099,1,1,1987,0,18,0,0,0,0,0,5,0,0
370100,0,1,1987,0,0,0,0,0,0,0,0,0,0
370100,1,1,1987,0,0,0,0,0,0,0,0,0,0
370101,1,1,1987,0,0,0,0,0,0,0,0,0,0
370101,2,1,1987,0,0,0,0,0,0,0,0,0,0
370102,1,1,1987,3,3,3,3,3,3,3,3,3,3
370102,2,1,1987,15,21,15,20,7,9,9,24,22,0
370103,0,1,1987,20,20,20,20,20,20,20,20,20,20
370103,1,1,1987,0,0,0,0,0,0,0,0,0,0
370104,1,1,1987,14,8,12,25,20,24,24,35,22,6
370105,1,1,1987,7,0,0,8,2,0,11,18,8,12
370106,1,1,1987,20,24,19,16,24,32,24,27,0,21
370107,1,1,1987,38,38,38,38,38,38,38,38,38,38
370108,0,1,1987,33,33,33,33,33,33,33,33,33,33
370108,1,1,1987,0,0,0,0,0,0,0,0,0,0
370109,1,1,1987,4,9,5,16,14,8,7,0,0,18
370109,2,1,1987,0,0,0,0,0,0,0,0,0,0
370109,3,1,1987,0,0,0,0,0,0,0,0,0,0
370110,0,1,1987,0,0,0,0,0,0,0,0,0,0
370110,1,1,1987,0,0,0,0,0,0,0,0,0,0
370111,1,1,1987,20,25,20,28,9,23,5,20,17,11
370111,2,1,1987,19,9,15,20,17,35,21,19,18,41
370111,3,1,1987,0,13,8,13,2,7,24,21,20,9
370112,1,1,1987,0,0,0,0,0,0,0,0,0,0
370112,2,1,1987,0,0,0,0,0,0,26,0,0,0
370112,3,1,1987,0,0,0,0,0,0,0,0,0,0
370113,1,1,1987,16,16,16,16,16,16,16,16,16,16
370114,1,1,1987,17,0,17,0,7,0,0,0,0,0
370114,2,1,1987,0,0,0,0,0,0,0,0,0,0
370115,1,1,1987,0,8,0,0,0,0,0,0,0,0
370116,0,1,1987,0,0,0,0,0,0,0,0,0,0
370116,1,1,1987,0,0,0,0,0,0,0,0,0,0
370117,1,1,1987,0,0,0,0,0,0,0,0,0,0
370117,2,1,1987,0,0,0,0,0,0,0,0,0,0
370117,3,1,1987,0,0,0,0,0,0,0,0,0,0
370117,4,1,1987,0,0,0,0,0,0,29,0,0,0
370117,5,1,1987,19,19,19,19,19,19,19,19,19,19
370118,1,1,1987,0,0,0,0,0,0,0,0,0,0
370118,2,1,1987,18,18,18,18,18,18,18,18,18,18
370119,1,1,1987,15,8,14,17,23,42,14,17,16,19
370120,1,1,1987,19,19,19,19,19,19,19,19,19,19
370120,2,1,1987,0,0,0,0,0,0,0,0,0,0
370120,3,1,1987,0,0,0,0,0,0,0,0,20,0
370121,1,1,1987,34,34,34,34,34,34,34,34,34,34
370121,2,1,1987,0,0,0,0,0,0,0,0,0,0
370122,0,1,1987,0,0,0,0,0,0,0,0,0,0
370122,1,1,1987,0,0,0,0,0,0,0,0,0,0
370123,1,1,1987,0,0,0,0,0,0,0,0,0,0
370123,2,1,1987,0,0,0,0,0,0,0,0,0,0
370124,1,1,1987,0,0,0,0,0,0,0,0,0,0
370124,2,1,1987,5,27,16,31,20,14,12,30,0,38
370125,1,1,1987,22,22,22,22,22,22,22,22,22,22
370125,2,1,1987,0,0,7,0,0,0,0,0,0,0
370126,1,1,1987,8,26,12,8,13,10,14,5,0,8
370126,2,1,1987,0,0,0,0,0,0,0,0,0,0
370127,1,1,1987,19,19,19,19,19,19,19,19,19,19
370128,1,1,1987,9,9,9,9,9,9,9,9,9,9
370129,1,1,1987,0,0,0,0,0,0,0,0,0,0
370130,1,1,1987,0,0,0,0,0,0,0,0,0,0
370130,2,1,1987,0,0,0,0,0,0,0,0,0,0
370131,1,1,1987,0,0,0,0,0,0,0,0,0,0
370131,2,1,1987,0,0,0,0,0,0,0,0,0,0
370132,1,1,1987,0,0,0,0,0,0,0,0,0,0
370132,2,1,1987,0,0,0,10,0,0,0,0,0,0
370133,1,1,1987,0,0,0,0,0,0,0,0,0,0
370133,2,1,1987,0,0,0,0,0,0,0,0,0,0
370134,0,1,1987,0,0,0,0,0,0,0,0,0,0
370134,1,1,1987,0,0,0,0,0,0,0,0,0,0
370135,1,1,1987,0,0,0,0,0,0,0,0,0,0
370136,1,1,1987,23,23,23,23,23,23,23,23,23,23
370136,2,1,1987,0,0,0,8,0,0,0,0,21,0
370137,1,1,1987,0,0,0,0,0,0,0,0,0,0
370138,1,1,1987,3,23,16,32,15,2,0,31,20,16
370139,1,1,1987,0,0,0,0,0,0,12,0,0,0
370139,2,1,1987,0,0,0,0,0,0,0,0,0,0
370140,0,1,1987,0,0,0,0,0,0,0,0,0,0
370140,1,1,1987,0,0,0,0,0,0,0,0,0,0
370141,1,1,1987,0,9,0,0,0,0,0,0,0,0
370141,2,1,1987,11,28,3,15,15,22,23,23,5,0
370142,1,1,1987,0,0,0,0,19,0,0,0,0,0
370142,2,1,1987,0,0,0,0,0,0,0,0,0,0
370143,1,1,1987,0,0,0,0,0,0,0,0,0,26
370143,2,1,1987,0,0,0,0,0,0,0,0,0,0
370144,1,1,1987,12,13,26,20,18,23,16,5,24,12
370145,1,1,1987,0,0,0,0,0,0,0,0,0,0
370145,2,1,1987,8,15,0,0,15,13,5,17,19,0
370146,0,1,1987,29,29,29,29,29,29,29,29,29,29
370146,1,1,1987,0,0,0,0,0,0,0,0,0,0
370147,1,1,1987,19,19,19,19,19,19,19,19,19,19
370148,1,1,1987,0,0,0,0,0,0,0,0,0,0
370148,2,1,1987,0,0,0,0,0,0,0,0,0,0
370148,3,1,1987,0,0,0,0,0,0,0,0,0,0
370149,1,1,1987,7,7,16,15,26,16,21,0,10,10
370150,1,1,1987,5,7,14,18,12,15,13,14,27,11
370150,2,1,1987,0,0,0,0,8,0,0,0,0,0
370151,1,1,1987,0,14,14,24,17,25,26,16,8,29
370151,2,1,1987,22,22,22,22,22,22,22,22,22,22
370152,0,1,1987,0,0,0,0,0,0,0,0,0,0
370152,1,1,1987,0,0,0,0,0,0,0,0,0,0
370153,1,1,1987,0,0,0,0,0,0,0,0,0,0
370153,2,1,1987,0,0,0,0,0,0,0,0,0,0
370154,1,1,1987,0,0,0,0,0,0,0,0,0,0
370155,1,1,1987,10,7,9,10,15,10,12,14,0,17
370155,2,1,1987,0,0,0,0,0,0,0,0,0,0
370156,1,1,1987,19,19,19,19,19,19,19,19,19,19
370157,1,1,1987,0,0,0,0,0,0,0,0,0,0
370158,1,1,1987,0,0,0,0,0,0,0,0,0,0
370158,2,1,1987,0,0,0,0,0,0,0,0,0,0
370159,1,1,1987,22,22,22,22,22,22,22,22,22,22
370160,1,1,1987,0,0,0,0,0,0,0,0,0,0
370160,2,1,1987,0,0,0,0,0,0,0,0,0,0
370161,1,1,1987,0,0,0,0,0,0,0,0,0,0
370161,2,1,1987,0,0,0,0,0,0,0,0,0,0
370162,0,1,1987,0,0,0,0,0,0,0,0,0,21
370162,1,1,1987,0,0,0,0,0,0,0,0,0,0
370163,1,1,1987,32,14,14,14,8,22,10,19,18,12
370164,1,1,1987,10,0,7,10,0,0,18,5,0,6
370165,1,1,1987,0,0,0,0,0,0,0,0,0,0
370166,1,1,1987,0,0,0,0,0,0,0,0,0,0
370167,1,1,1987,7,7,7,7,7,7,7,7,7,7
370167,2,1,1987,0,0,0,0,0,0,0,0,0,0
370168,1,1,1987,0,0,0,0,0,0,0,17,0,0
370168,2,1,1987,0,0,0,0,0,0,0,0,0,0
370169,1,1,1987,0,0,0,0,0,0,0,0,0,0
370170,1,1,1987,0,0,0,0,0,0,0,0,0,0
370170,2,1,1987,0,0,0,0,0,0,0,0,0,0
370171,1,1,1987,0,0,0,0,0,0,0,0,0,0
370172,1,1,1987,11,11,11,11,11,11,11,11,11,11
370173,1,1,1987,13,13,13,13,13,13,13,13,13,13
370173,2,1,1987,0,0,0,0,0,0,0,0,0,0
370174,1,1,1987,0,0,0,0,0,0,0,0,0,0
370174,2,1,1987,0,0,0,0,0,0,0,0,0,0
370175,0,1,1987,15,15,15,15,15,15,15,15,15,15
370175,1,1,1987,0,0,5,9,0,0,4,0,24,15
370176,1,1,1987,0,11,0,22,0,0,0,0,0,0
370177,1,1,1987,10,10,10,10,10,10,10,10,10,10
370178,0,1,1987,0,0,0,16,0,0,0,0,0,0
370178,1,1,1987,25,18,24,7,11,2,6,12,14,11
370179,1,1,1987,13,13,13,13,13,13,13,13,13,13
370180,1,1,1987,9,9,9,9,9,9,9,9,9,9
370181,0,1,1987,43,43,43,43,43,43,43,43,43,43
370181,1,1,1987,0,0,0,0,0,0,0,0,0,26
370182,1,1,1987,14,14,14,14,14,14,14,14,14,14
370183,0,1,1987,10,10,10,10,10,10,10,10,10,10
370183,1,1,1987,0,14,22,19,17,0,0,22,26,14
370184,1,1,1987,0,0,0,0,0,0,0,0,0,0
370184,2,1,1987,0,0,0,0,0,0,0,0,0,0
370185,0,1,1987,37,37,37,37,37,37,37,37,37,37
370185,1,1,1987,0,12,0,0,11,3,0,11,0,0
370186,0,1,1987,27,27,27,27,27,27,27,27,27,27
370186,1,1,1987,0,0,0,0,0,0,0,0,0,0
370187,1,1,1987,23,23,23,23,23,23,23,23,23,23
370188,0,1,1987,18,18,18,18,18,18,18,18,18,18
370188,1,1,1987,0,0,0,0,0,0,14,0,0,0
370189,1,1,1987,0,0,0,0,0,0,0,0,0,0
370189,2,1,1987,15,19,18,16,2,9,23,10,19,0
370190,1,1,1987,17,17,17,17,17,17,17,17,17,17
370191,0,1,1987,25,25,25,25,25,25,25,25,25,25
370191,1,1,1987,0,42,0,12,0,0,9,0,13,21
370192,1,1,1987,6,25,5,32,11,12,0,8,11,4
370193,0,1,1987,0,0,0,0,0,0,0,0,0,0
370193,1,1,1987,0,0,0,0,0,14,0,0,0,0
370193,2,1,1987,0,0,0,0,0,0,0,0,0,0
370194,1,1,1987,0,0,0,0,0,0,0,0,0,0
370194,2,1,1987,0,0,0,0,0,0,0,0,0,0
370195,0,1,1987,12,12,12,12,12,12,12,12,12,12
370195,1,1,1987,32,18,0,13,0,27,0,0,11,0
370196,1,1,1987,0,0,0,0,0,17,0,0,0,0
370196,2,1,1987,10,10,10,10,10,10,10,10,10,10
370197,0,1,1987,10,10,10,10,10,10,10,10,10,10
370197,1,1,1987,0,0,0,0,0,0,0,0,0,11
370198,1,1,1987,17,17,17,17,17,17,17,17,17,17
370199,1,1,1987,20,20,20,20,20,20,20,20,20,20
370199,2,1,1987,0,0,0,0,0,0,0,0,0,0
370200,1,1,1987,10,10,17,9,15,24,8,17,11,7
370201,1,1,1987,0,0,0,0,0,0,0,0,0,0
370201,2,1,1987,0,0,0,0,0,0,0,18,0,0
370201,3,1,1987,0,0,0,13,0,0,0,0,17,0
370202,1,1,1987,0,0,0,0,0,0,0,0,0,0
370202,2,1,1987,0,0,0,0,0,0,0,0,0,0
370203,1,1,1987,14,14,14,14,14,14,14,14,14,14
370204,1,1,1987,19,19,19,19,19,19,19,19,19,19
370205,1,1,1987,0,0,4,0,0,0,0,0,0,0
370205,2,1,1987,8,18,19,14,0,21,13,16,17,13
370206,1,1,1987,0,0,0,0,0,0,0,0,0,0
370206,2,1,1987,0,0,0,0,0,0,0,0,0,0
370207,1,1,1987,0,0,0,0,0,0,0,0,0,0
370208,1,1,1987,0,0,0,0,0,0,0,0,0,0
370209,0,1,1987,33,33,33,33,33,33,33,33,33,33
370209,1,1,1987,0,0,0,19,0,0,0,0,0,0
370210,1,1,1987,21,22,22,15,18,31,18,32,33,41
370211,1,1,1987,0,24,6,9,22,24,0,9,22,17
370211,2,1,1987,0,0,0,0,0,0,0,0,0,0
370211,3,1,1987,0,0,0,0,0,0,0,0,0,0
370212,1,1,1987,16,16,16,16,16,16,16,16,16,16
370212,2,1,1987,0,0,0,0,0,0,0,0,0,0
370213,1,1,1987,0,0,0,0,0,0,0,0,0,0
370213,2,1,1987,21,8,7,18,14,27,9,8,12,15
370213,3,1,1987,0,0,0,0,0,0,0,0,0,0
370214,1,1,1987,22,22,22,22,22,22,22,22,22,22
370215,1,1,1987,0,0,0,0,0,0,0,0,0,0
370215,2,1,1987,0,0,0,0,0,0,0,0,0,0
370216,1,1,1987,0,0,0,0,0,0,0,0,0,0
370217,1,1,1987,0,0,0,0,0,0,0,0,0,0
370217,2,1,1987,0,0,0,0,0,0,0,0,0,26
370218,0,1,1987,34,34,34,34,34,34,34,34,34,34
370218,1,1,1987,0,0,0,0,0,0,0,0,0,0
370219,0,1,1987,0,0,0,0,0,0,0,0,0,0
370219,1,1,1987,0,0,0,0,0,0,0,0,0,0
370220,0,1,1987,28,28,28,28,28,28,28,28,28,28
370220,1,1,1987,0,0,0,0,0,0,0,0,0,0
370221,1,1,1987,0,0,0,0,0,0,0,0,0,0
370222,0,1,1987,0,0,0,0,0,0,0,0,0,0
370222,1,1,1987,0,0,0,0,0,0,0,0,0,0
370223,1,1,1987,0,0,0,0,0,0,0,0,0,0
370224,0,1,1987,9,9,9,9,9,9,9,9,9,9
370224,1,1,1987,0,0,0,0,0,0,0,0,0,0
370225,1,1,1987,0,0,0,0,0,0,0,0,0,0
370225,2,1,1987,0,0,0,0,11,0,0,0,0,0
370226,0,1,1987,34,34,34,34,34,34,34,34,34,34
370226,1,1,1987,14,0,0,0,0,0,0,0,0,0
370227,1,1,1987,3,3,3,3,3,3,3,3,3,3
370227,2,1,1987,0,0,21,0,0,0,0,0,0,0
370228,1,1,1987,11,11,11,11,11,11,11,11,11,11
370229,1,1,1987,0,0,0,0,0,0,0,0,0,0
370229,2,1,1987,0,0,2,21,16,18,0,0,14,24
370230,1,1,1987,11,11,11,11,11,11,11,11,11,11
370231,0,1,1987,19,19,19,19,19,19,19,19,19,19
370231,1,1,1987,0,0,15,7,0,0,0,0,0,0
370232,1,1,1987,25,25,25,25,25,25,25,25,25,25
370233,1,1,1987,0,0,0,0,0,0,0,0,0,0
370233,2,1,1987,0,0,0,0,0,0,0,0,0,0
370234,1,1,1987,0,0,0,0,0,0,0,0,0,0
370234,2,1,1987,16,4,0,0,4,9,4,12,14,16
370235,1,1,1987,0,0,0,0,0,0,0,0,0,0
370236,1,1,1987,11,11,11,11,11,11,11,11,11,11
370237,1,1,1987,0,12,0,23,19,13,0,16,19,0
370238,1,1,1987,0,0,0,0,0,0,0,0,0,0
370238,2,1,1987,5,5,5,5,5,5,5,5,5,5
370240,1,1,1987,0,0,0,0,0,0,0,0,0,0
370240,2,1,1987,0,0,0,0,0,0,0,0,0,0
370241,1,1,1987,11,15,14,8,11,23,8,0,32,39
370242,1,1,1987,0,0,0,0,0,0,0,0,0,0
370242,2,1,1987,0,0,0,0,0,0,0,0,0,0
370243,1,1,1987,24,17,24,13,3,7,12,12,0,5
370244,1,1,1987,0,0,0,0,0,0,0,0,0,0
370245,1,1,1987,0,0,0,0,0,0,0,0,0,0
370246,0,1,1987,0,0,0,0,0,0,0,0,0,0
370246,1,1,1987,0,0,0,0,0,0,0,0,0,0
370247,1,1,1987,0,0,0,0,0,0,0,0,0,0
370248,1,1,1987,0,0,0,0,0,0,0,0,0,0
370248,2,1,1987,0,0,0,0,0,0,0,0,0,0
370249,1,1,1987,19,19,19,19,19,19,19,19,19,19
370250,1,1,1987,0,0,0,0,0,0,0,0,0,0
370250,2,1,1987,0,14,0,0,0,0,0,0,0,0
370251,1,1,1987,20,33,16,11,19,0,8,27,14,19
370251,2,1,1987,0,0,0,0,0,0,0,0,0,0
370252,1,1,1987,12,12,12,12,12,12,12,12,12,12
370252,2,1,1987,0,0,9,0,0,0,0,0,0,0
370253,1,1,1987,23,10,24,15,15,24,0,16,16,16
370253,2,1,1987,8,8,8,8,8,8,8,8,8,8
370254,0,1,1987,0,0,0,0,0,0,0,0,0,0
370254,1,1,1987,0,0,0,0,0,0,0,0,0,0
370255,1,1,1987,3,14,18,18,9,16,20,9,9,10
370256,0,1,1987,0,0,0,0,0,0,0,0,0,0