ST_CASE,VEH_NO,PER_NO,YEAR,P1,P2,P3,P4,P5,P6,P7,P8,P9,P10
370256,1,1,1987,0,0,0,0,0,0,0,4,0,0
370257,1,1,1987,0,0,0,0,0,0,0,0,0,0
370258,1,1,1987,0,0,0,0,0,0,0,0,0,0
370259,1,1,1987,0,0,0,0,0,0,0,0,0,0
370259,2,1,1987,0,0,0,0,0,0,0,0,0,0
370260,1,1,1987,0,0,0,0,0,0,0,0,0,0
370261,1,1,1987,13,0,0,0,0,0,6,0,0,0
370261,2,1,1987,0,0,0,0,0,0,0,0,0,0
370262,1,1,1987,30,30,30,30,30,30,30,30,30,30
370263,1,1,1987,0,18,0,0,0,0,0,0,0,0
370263,2,1,1987,0,0,0,15,0,0,0,0,0,0
370264,1,1,1987,0,0,0,0,0,0,0,0,0,0
370264,2,1,1987,7,14,0,0,0,0,0,0,0,0
370265,1,1,1987,0,0,0,0,0,0,0,0,0,0
370265,2,1,1987,0,0,24,0,0,0,0,0,0,0
370266,1,1,1987,0,0,0,0,0,0,0,0,0,0
370266,2,1,1987,0,0,0,0,0,0,0,0,0,0
370267,0,1,1987,0,11,0,0,0,0,0,0,0,0
370267,1,1,1987,0,0,0,0,0,0,0,0,0,0
370268,0,1,1987,0,0,19,0,0,0,0,31,22,0
370268,1,1,1987,0,0,0,0,0,0,0,0,32,0
370269,1,1,1987,9,9,9,9,9,9,9,9,9,9
370270,1,1,1987,0,0,0,0,0,0,0,0,0,0
370270,2,1,1987,0,0,0,0,0,0,0,0,0,7
370271,1,1,1987,11,11,11,11,11,11,11,11,11,11
370272,1,1,1987,0,0,0,0,0,0,0,0,0,0
370272,2,1,1987,0,0,0,0,0,0,0,0,0,0
370272,3,1,1987,0,0,0,0,0,12,0,0,0,0
370273,1,1,1987,0,0,0,0,0,0,0,0,0,0
370273,2,1,1987,0,0,0,0,0,0,0,0,0,0
370274,1,1,1987,10,10,10,10,10,10,10,10,10,10
370275,1,1,1987,0,0,0,0,0,0,0,0,0,0
370275,2,1,1987,0,0,0,0,0,0,0,0,0,0
370276,1,1,1987,59,59,59,59,59,59,59,59,59,59
370277,1,1,1987,7,4,20,15,10,15,7,0,4,13
370277,2,1,1987,0,0,0,0,0,0,0,0,0,0
370278,1,1,1987,0,0,0,0,0,0,0,0,0,0
370279,1,1,1987,25,9,13,8,4,2,26,16,7,20
370280,1,1,1987,17,11,22,12,20,15,23,17,0,6
370280,2,1,1987,0,0,0,0,0,0,0,0,0,12
370281,1,1,1987,17,17,17,17,17,17,17,17,17,17
370282,1,1,1987,18,13,21,18,18,24,11,16,27,18
370282,2,1,1987,0,0,0,0,0,0,0,0,0,0
370283,1,1,1987,0,0,0,0,0,0,0,0,0,0
370284,1,1,1987,3,3,3,3,3,3,3,3,3,3
370285,0,1,1987,0,0,0,8,0,0,0,15,0,0
370285,1,1,1987,0,0,0,0,0,8,0,0,0,0
370287,1,1,1987,0,0,0,0,0,0,0,0,0,0
370287,2,1,1987,0,0,0,0,0,0,0,0,0,0
370288,1,1,1987,0,0,0,0,0,0,0,0,0,0
370288,2,1,1987,0,0,0,0,0,0,0,0,0,0
370289,1,1,1987,0,0,0,0,0,0,0,0,0,0
370289,2,1,1987,0,0,0,0,0,0,0,0,0,0
370289,3,1,1987,0,0,0,0,0,0,0,0,0,0
370290,1,1,1987,0,0,0,0,0,0,0,0,0,0
370290,2,1,1987,18,18,18,18,18,18,18,18,18,18
370291,1,1,1987,29,29,29,29,29,29,29,29,29,29
370292,1,1,1987,0,0,0,0,0,0,0,0,0,0
370292,2,1,1987,0,0,0,0,0,0,0,0,0,5
370292,3,1,1987,0,0,16,0,12,0,0,0,0,0
370293,1,1,1987,14,14,14,14,14,14,14,14,14,14
370294,0,1,1987,6,6,6,6,6,6,6,6,6,6
370294,1,1,1987,0,0,0,0,0,0,0,0,0,0
370295,1,1,1987,22,22,22,22,22,22,22,22,22,22
370296,1,1,1987,0,0,0,0,0,0,0,0,0,0
370296,2,1,1987,0,0,0,0,0,0,0,0,0,0
370297,1,1,1987,0,0,0,0,0,0,0,0,0,0
370297,2,1,1987,10,0,0,0,0,0,0,0,0,0
370298,1,1,1987,7,0,0,0,8,0,0,0,0,0
370299,1,1,1987,5,11,9,13,0,17,13,12,28,11
370300,0,1,1987,31,31,31,31,31,31,31,31,31,31
370300,1,1,1987,0,0,0,0,0,0,0,0,0,0
370301,1,1,1987,0,13,9,8,9,16,17,0,0,4
370302,0,1,1987,0,0,0,0,0,0,0,0,0,0
370302,1,1,1987,0,0,0,0,0,0,0,0,0,0
370303,1,1,1987,0,0,0,0,0,0,0,0,0,0
370303,2,1,1987,0,0,0,0,0,0,0,0,0,0
370304,1,1,1987,0,0,0,0,0,0,12,0,0,0
370304,2,1,1987,0,0,0,0,0,0,0,0,0,0
370305,1,1,1987,10,9,20,14,8,14,9,11,11,13
370306,1,1,1987,22,22,22,22,22,22,22,22,22,22
370307,1,1,1987,0,0,0,0,0,0,0,0,0,0
370308,1,1,1987,0,0,0,0,0,0,0,0,0,0
370308,2,1,1987,12,13,19,4,24,8,4,13,9,13
370309,1,1,1987,0,0,0,0,0,0,0,0,0,0
370309,2,1,1987,0,0,0,0,24,0,0,0,0,0
370310,1,1,1987,0,0,0,0,0,0,0,0,0,0
370311,1,1,1987,18,9,21,13,4,6,0,11,17,8
370311,2,1,1987,0,0,0,0,0,0,0,0,0,0
370312,1,1,1987,0,0,0,0,0,0,0,0,0,0
370312,2,1,1987,0,0,0,0,0,0,0,0,0,0
370313,0,1,1987,0,0,0,0,11,0,0,0,0,0
370313,1,1,1987,0,0,0,0,0,0,0,0,0,0
370314,0,1,1987,0,0,0,0,0,0,0,0,0,0
370314,1,1,1987,0,0,0,0,0,19,0,0,0,0
370315,0,1,1987,8,8,8,8,8,8,8,8,8,8
370315,1,1,1987,0,0,0,0,0,0,0,0,14,0
370316,1,1,1987,0,0,0,0,0,0,0,0,0,0
370316,2,1,1987,0,0,0,0,0,0,0,0,0,0
370317,1,1,1987,0,0,0,0,0,0,0,0,0,0
370318,1,1,1987,0,0,0,0,0,0,0,0,0,0
370318,2,1,1987,0,0,0,0,0,0,0,0,0,0
370319,1,1,1987,0,0,0,0,0,0,0,0,0,0
370319,2,1,1987,0,0,0,0,0,0,0,0,0,0
370320,1,1,1987,0,0,0,0,0,0,0,0,0,0
370320,2,1,1987,0,0,8,0,0,0,0,0,0,0
370321,1,1,1987,14,14,14,14,14,14,14,14,14,14
370322,1,1,1987,0,0,0,0,0,0,0,0,0,0
370322,2,1,1987,0,0,0,0,0,0,0,0,0,0
370323,1,1,1987,0,0,0,0,0,0,0,0,0,0
370323,2,1,1987,0,0,0,0,0,0,0,0,0,0
370324,1,1,1987,11,10,7,9,14,9,0,22,7,9
370325,1,1,1987,0,0,0,0,0,0,0,0,0,0
370326,1,1,1987,0,0,11,19,0,0,0,19,0,0
370326,2,1,1987,0,0,0,0,0,0,0,0,0,0
370327,0,1,1987,0,0,0,0,0,0,0,0,0,0
370327,1,1,1987,3,0,0,0,0,0,0,0,0,0
370328,1,1,1987,0,0,0,0,0,0,0,0,0,0
370328,2,1,1987,0,0,0,0,0,0,0,0,0,0
370329,1,1,1987,12,0,13,22,5,17,9,31,9,6
370330,1,1,1987,10,3,22,7,16,17,21,13,15,11
370331,1,1,1987,17,12,15,9,8,19,0,4,13,0
370332,1,1,1987,0,0,0,0,0,0,0,0,0,0
370333,1,1,1987,5,5,5,5,5,5,5,5,5,5
370334,1,1,1987,0,0,0,0,0,0,0,0,0,0
370335,1,1,1987,0,0,0,0,0,0,0,0,0,0
370335,2,1,1987,0,0,0,0,0,0,0,0,0,0
370335,3,1,1987,0,0,0,0,0,0,0,0,0,0
370335,4,1,1987,0,0,0,0,0,0,0,0,0,0
370336,0,1,1987,0,0,0,0,0,0,0,0,0,0
370336,1,1,1987,0,0,30,0,0,0,0,0,0,0
370337,1,1,1987,21,21,21,21,21,21,21,21,21,21
370337,2,1,1987,0,0,0,0,0,0,0,0,6,0
370338,1,1,1987,0,0,0,0,0,0,0,0,0,0
370338,2,1,1987,0,4,0,0,0,0,0,0,16,0
370339,0,1,1987,0,0,0,0,0,0,0,0,0,0
370339,1,1,1987,16,17,26,11,14,12,39,28,38,22
370340,0,1,1987,9,28,28,14,23,16,26,10,29,20
370340,1,1,1987,0,0,0,0,0,0,0,0,0,0
370341,1,1,1987,9,9,9,9,9,9,9,9,9,9
370342,1,1,1987,0,0,0,0,0,0,0,0,0,0
370343,1,1,1987,0,0,0,0,0,0,0,0,0,0
370343,2,1,1987,0,0,0,0,0,0,0,0,0,0
370344,0,1,1987,0,0,0,0,0,0,0,0,0,0
370344,1,1,1987,0,0,0,0,0,0,0,0,0,0
370345,1,1,1987,0,0,0,0,0,0,0,0,0,0
370345,2,1,1987,0,0,0,0,0,0,0,0,0,0
370346,1,1,1987,0,0,0,0,0,0,0,0,0,0
370347,0,1,1987,0,0,0,0,0,0,0,0,0,0
370347,1,1,1987,0,0,0,0,0,0,0,0,0,0
370348,0,1,1987,20,20,20,20,20,20,20,20,20,20
370348,1,1,1987,0,0,0,0,0,0,6,0,0,22
370348,2,1,1987,0,0,0,0,0,0,0,0,0,0
370349,1,1,1987,13,16,4,12,7,0,11,9,17,21
370350,1,1,1987,0,0,0,0,0,0,0,0,0,0
370351,0,1,1987,17,17,17,17,17,17,17,17,17,17
370351,1,1,1987,39,27,8,27,22,15,18,14,17,15
370352,1,1,1987,0,0,0,0,0,0,0,0,0,0
370352,2,1,1987,0,0,0,0,0,0,0,0,0,0
370353,1,1,1987,0,0,0,0,0,5,0,0,0,0
370354,0,1,1987,0,0,0,0,0,0,0,0,0,0
370354,1,1,1987,0,7,0,0,0,0,0,0,0,0
370355,1,1,1987,0,0,0,0,0,0,0,0,0,0
370356,1,1,1987,22,5,0,11,16,16,7,13,9,4
370356,2,1,1987,0,0,0,0,0,0,0,0,0,0
370357,1,1,1987,0,0,0,0,0,0,0,0,0,0
370357,2,1,1987,15,20,11,9,13,9,12,0,18,9
370358,1,1,1987,0,0,0,0,0,0,0,0,0,0
370358,2,1,1987,0,0,0,0,0,0,0,0,0,0
370359,1,1,1987,0,0,7,9,0,12,18,11,14,20
370359,2,1,1987,0,0,0,0,0,0,0,0,0,0
370361,1,1,1987,28,11,19,11,8,0,23,23,15,39
370361,2,1,1987,17,17,17,17,17,17,17,17,17,17
370362,1,1,1987,17,9,8,19,6,9,0,18,22,13
370363,1,1,1987,11,0,21,12,20,28,1,23,12,9
370364,1,1,1987,24,24,24,24,24,24,24,24,24,24
370365,0,1,1987,0,0,0,0,0,0,0,0,0,0
370365,1,1,1987,0,0,0,0,0,0,0,0,0,0
370366,0,1,1987,0,0,0,0,0,0,0,0,0,0
370366,1,1,1987,0,0,0,0,0,0,0,0,0,0
370367,1,1,1987,0,0,0,0,0,0,0,0,0,0
370367,2,1,1987,0,0,0,0,6,0,9,0,13,0
370368,0,1,1987,0,0,0,0,0,0,0,0,0,0
370368,1,1,1987,0,0,0,0,0,0,0,0,0,0
370369,0,1,1987,0,0,0,0,0,0,0,0,0,0
370369,1,1,1987,0,0,0,0,0,0,0,0,0,0
370370,1,1,1987,0,0,0,0,0,0,0,0,0,0
370370,2,1,1987,0,0,0,0,0,0,0,0,0,0
370371,0,1,1987,0,0,0,0,0,0,0,0,0,0
370371,1,1,1987,0,9,0,0,0,0,0,0,0,0
370372,1,1,1987,0,0,0,0,0,0,0,0,0,0
370372,2,1,1987,11,3,21,28,6,18,9,19,13,16
370373,1,1,1987,0,0,0,0,0,0,0,0,0,0
370373,2,1,1987,0,0,0,0,0,0,0,0,0,0
370374,1,1,1987,11,11,11,11,11,11,11,11,11,11
370375,1,1,1987,0,0,0,0,0,0,0,0,0,0
370375,2,1,1987,0,0,10,0,0,0,0,0,0,0
370375,3,1,1987,0,0,0,0,0,0,0,0,0,0
370376,1,1,1987,0,14,0,0,0,0,0,0,0,15
370377,1,1,1987,0,0,0,0,0,0,0,0,0,0
370377,2,1,1987,0,0,0,0,0,0,0,0,0,0
370378,1,1,1987,0,0,0,0,0,0,0,0,0,0
370378,2,1,1987,0,0,0,0,0,0,0,0,0,0
370379,1,1,1987,22,22,22,22,22,22,22,22,22,22
370380,0,1,1987,0,0,0,0,0,0,0,0,0,0
370380,1,1,1987,21,0,7,0,0,0,0,0,0,0
370381,1,1,1987,14,14,14,14,14,14,14,14,14,14
370382,0,1,1987,13,13,13,13,13,13,13,13,13,13
370382,1,1,1987,0,0,25,12,0,20,0,0,0,0
370383,1,1,1987,18,27,36,20,14,16,32,6,22,20
370384,1,1,1987,5,25,26,8,14,0,6,13,13,11
370385,1,1,1987,0,0,0,0,0,0,0,14,0,0
370385,2,1,1987,0,0,0,0,0,0,0,0,0,0
370386,1,1,1987,16,16,16,16,16,16,16,16,16,16
370387,1,1,1987,0,0,0,0,0,0,0,0,0,0
370387,2,1,1987,22,22,22,22,22,22,22,22,22,22
370388,1,1,1987,12,19,20,15,21,0,0,17,15,23
370389,1,1,1987,0,0,0,0,0,0,0,0,0,0
370389,2,1,1987,0,0,0,0,0,0,0,0,0,0
370389,3,1,1987,0,0,0,0,0,0,0,0,0,0
370390,0,1,1987,0,0,0,0,0,0,0,0,0,0
370390,1,1,1987,0,0,0,0,11,0,0,0,0,0
370392,1,1,1987,0,0,0,0,0,0,0,0,0,0
370393,1,1,1987,20,20,20,20,20,20,20,20,20,20
370394,1,1,1987,0,0,0,0,0,0,0,0,0,0
370394,2,1,1987,0,0,0,0,0,0,0,0,0,0
370396,1,1,1987,0,0,0,0,0,0,0,0,0,0
370396,2,1,1987,0,0,0,0,0,0,0,0,0,0
370397,0,1,1987,4,4,4,4,4,4,4,4,4,4
370397,1,1,1987,0,0,26,0,0,0,0,0,23,0
370398,1,1,1987,0,0,0,0,0,0,0,0,0,0
370398,2,1,1987,0,0,0,0,0,0,0,0,0,0
370399,0,1,1987,17,17,17,17,17,17,17,17,17,17
370399,1,1,1987,0,0,0,0,0,0,0,0,0,0
370400,1,1,1987,0,0,0,0,0,0,0,0,0,0
370400,2,1,1987,0,0,0,9,0,0,0,0,0,0
370401,1,1,1987,22,22,22,22,22,22,22,22,22,22
370402,1,1,1987,0,0,0,0,0,0,0,0,0,0
370403,1,1,1987,0,3,7,0,0,0,0,0,0,0
370403,2,1,1987,0,0,0,0,0,0,0,0,0,0
370403,3,1,1987,0,0,0,0,0,0,0,5,0,0
370404,1,1,1987,0,0,0,0,0,0,0,0,0,0
370405,1,1,1987,23,23,23,23,23,23,23,23,23,23
370406,0,1,1987,27,27,27,27,27,27,27,27,27,27
370406,1,1,1987,0,0,0,0,0,0,0,0,0,0
370407,1,1,1987,0,27,19,7,22,13,23,18,11,12
370407,2,1,1987,0,0,0,0,0,0,0,0,0,0
370408,1,1,1987,0,0,0,0,0,0,0,0,0,0
370408,2,1,1987,0,0,0,0,0,0,0,0,0,0
370408,3,1,1987,0,0,0,0,0,0,0,0,0,0
370409,1,1,1987,3,0,0,0,0,0,0,8,0,0
370409,2,1,1987,0,0,0,0,0,0,0,0,0,0
370410,1,1,1987,25,25,25,25,25,25,25,25,25,25
370411,1,1,1987,0,0,0,0,0,0,0,0,0,0
370411,2,1,1987,42,42,42,42,42,42,42,42,42,42
370412,0,1,1987,24,24,24,24,24,24,24,24,24,24
370412,1,1,1987,0,0,0,7,0,0,0,0,0,0
370413,1,1,1987,19,24,7,15,18,28,5,25,7,23
370413,2,1,1987,0,13,0,0,15,0,0,0,0,0
370414,1,1,1987,28,28,28,28,28,28,28,28,28,28
370415,1,1,1987,18,18,18,18,18,18,18,18,18,18
370416,1,1,1987,16,16,16,16,16,16,16,16,16,16
370416,2,1,1987,0,0,0,0,0,0,0,9,0,19
370417,0,1,1987,32,32,32,32,32,32,32,32,32,32
370417,1,1,1987,0,0,0,0,0,0,0,0,0,0
370418,1,1,1987,0,0,0,0,0,0,0,0,0,0
370418,2,1,1987,0,0,0,0,0,0,0,0,0,0
370418,3,1,1987,0,0,0,0,5,0,0,0,0,0
370419,1,1,1987,0,0,0,0,0,0,0,0,0,0
370419,2,1,1987,0,0,0,0,0,0,0,0,0,0
370419,3,1,1987,0,0,0,0,0,0,0,0,0,0
370420,1,1,1987,0,0,0,0,15,0,0,0,0,0
370420,2,1,1987,18,18,18,18,18,18,18,18,18,18
370421,1,1,1987,0,9,6,9,0,0,0,0,0,0
370421,2,1,1987,0,0,0,0,0,0,0,0,0,0
370422,1,1,1987,0,0,0,0,0,0,0,0,0,0
370423,1,1,1987,0,0,0,0,0,0,0,0,0,0
370424,0,1,1987,0,0,0,0,0,0,0,0,0,0
370424,1,1,1987,0,0,0,0,0,0,0,0,0,0
370425,0,1,1987,8,8,8,8,8,8,8,8,8,8
370425,1,1,1987,0,0,0,0,0,0,0,0,0,5
370426,1,1,1987,0,0,0,0,0,0,0,0,0,0
370426,2,1,1987,0,0,0,0,0,0,0,0,0,0
370427,1,1,1987,0,0,0,0,0,0,0,0,0,0
370427,2,1,1987,0,0,0,0,0,0,0,0,0,0
370428,1,1,1987,0,0,0,0,0,0,0,0,0,0
370428,2,1,1987,0,0,0,0,0,0,0,0,0,0
370429,1,1,1987,30,30,30,30,30,30,30,30,30,30
370430,1,1,1987,8,10,6,7,0,13,0,0,0,0
370431,1,1,1987,0,0,0,0,0,0,0,0,0,0
370431,2,1,1987,0,0,0,0,0,0,0,0,0,0
370432,1,1,1987,0,0,0,0,0,0,0,0,0,0
370432,2,1,1987,0,0,0,0,0,0,0,0,0,0
370432,3,1,1987,0,0,0,0,0,0,0,0,0,0
370433,1,1,1987,0,0,0,0,0,0,0,0,0,0
370434,1,1,1987,21,21,21,21,21,21,21,21,21,21
370434,2,1,1987,17,0,0,0,0,0,0,0,18,0
370435,1,1,1987,0,0,0,0,0,0,0,0,0,0
370436,1,1,1987,0,0,0,0,0,0,0,0,0,0
370436,2,1,1987,0,0,0,0,0,0,0,0,0,0
370437,1,1,1987,3,3,3,3,3,3,3,3,3,3
370438,1,1,1987,0,0,0,0,0,0,0,0,5,0
370438,2,1,1987,0,0,0,0,0,0,0,0,0,0
370439,1,1,1987,0,0,0,0,0,0,0,0,0,0
370439,2,1,1987,0,0,0,0,0,0,0,0,0,0
370440,1,1,1987,0,0,0,0,0,0,0,0,0,0
370441,1,1,1987,0,13,0,0,0,0,0,0,0,0
370441,2,1,1987,24,12,19,3,12,31,9,7,7,7
370442,1,1,1987,0,0,0,0,0,0,29,0,0,0
370442,2,1,1987,0,0,0,0,0,0,0,0,0,0
370443,0,1,1987,0,0,0,0,0,0,0,0,0,0
370443,1,1,1987,0,0,0,0,0,0,0,0,0,0
370444,1,1,1987,17,17,17,17,17,17,17,17,17,17
370445,1,1,1987,18,22,12,17,18,29,6,18,2,17
370446,0,1,1987,20,21,29,27,29,24,34,0,28,20
370446,1,1,1987,0,15,20,17,6,4,2,20,10,11
370448,1,1,1987,10,11,6,7,0,19,16,12,14,9
370449,1,1,1987,0,0,0,0,0,0,0,0,0,0
370450,1,1,1987,0,0,10,0,0,0,0,0,0,0
370450,2,1,1987,0,0,0,0,0,0,0,0,0,0
370451,1,1,1987,22,22,22,22,22,22,22,22,22,22
370452,1,1,1987,0,0,0,0,0,0,0,0,0,0
370452,2,1,1987,14,14,14,14,14,14,14,14,14,14
370453,1,1,1987,0,6,0,9,0,0,0,0,0,0
370453,2,1,1987,0,0,0,7,0,0,0,0,0,0
370454,0,1,1987,23,23,23,23,23,23,23,23,23,23
370454,1,1,1987,0,0,0,0,0,0,0,0,0,0
370455,0,1,1987,0,0,0,0,0,0,0,0,0,0
370455,1,1,1987,3,9,10,11,19,29,7,20,6,0
370457,1,1,1987,11,0,15,8,9,11,11,28,13,6
370458,1,1,1987,0,0,0,0,0,0,0,0,0,0
370458,2,1,1987,0,0,0,0,0,0,0,0,0,0
370458,3,1,1987,0,0,0,0,0,0,0,0,0,0
370459,0,1,1987,0,0,0,0,0,0,0,0,0,0
370459,1,1,1987,0,0,0,0,0,0,0,0,0,0
370460,1,1,1987,18,18,18,18,18,18,18,18,18,18
370460,2,1,1987,0,0,0,0,0,0,0,0,0,0
370461,0,1,1987,36,36,36,36,36,36,36,36,36,36
370461,1,1,1987,0,0,0,21,0,5,0,0,0,25
370462,1,1,1987,0,0,0,0,0,0,0,0,0,0
370463,1,1,1987,22,22,22,22,22,22,22,22,22,22
370463,2,1,1987,20,11,13,8,18,18,0,17,8,13
370464,1,1,1987,0,0,15,0,18,0,0,0,0,23
370465,1,1,1987,26,26,26,26,26,26,26,26,26,26
370466,1,1,1987,0,0,0,0,0,0,0,0,0,0
370466,2,1,1987,0,0,0,0,0,0,0,0,0,0
370467,1,1,1987,0,0,0,0,0,0,0,0,0,0
370467,2,1,1987,0,0,8,0,0,0,0,0,0,0
370468,0,1,1987,0,0,0,0,0,0,0,0,0,0
370468,0,2,1987,0,0,8,0,0,0,0,0,0,0
370468,1,1,1987,20,25,6,24,9,9,12,15,13,23
370469,1,1,1987,0,0,0,0,0,0,0,0,0,0
370470,1,1,1987,19,19,19,19,19,19,19,19,19,19
370470,2,1,1987,0,0,0,10,0,0,0,8,0,0
370471,1,1,1987,11,11,11,11,11,11,11,11,11,11
370472,1,1,1987,0,0,0,0,0,0,0,3,0,0
370472,2,1,1987,0,0,0,0,0,0,0,0,0,0
370473,1,1,1987,13,13,13,13,13,13,13,13,13,13
370474,1,1,1987,0,0,0,0,0,0,0,0,0,0
370474,2,1,1987,0,0,0,0,0,0,0,0,0,0
370476,1,1,1987,0,0,0,6,34,0,0,0,0,0
370476,2,1,1987,0,0,0,0,4,0,0,0,0,0
370476,3,1,1987,0,0,0,0,0,0,0,0,0,0
370477,1,1,1987,0,0,0,0,0,0,0,0,0,0
370478,1,1,1987,24,24,24,24,24,24,24,24,24,24
370479,1,1,1987,0,0,0,0,0,0,0,0,0,0
370479,2,1,1987,0,0,0,0,0,0,0,0,0,0
370479,3,1,1987,0,0,0,0,0,0,0,0,0,0
370480,1,1,1987,15,0,0,0,0,0,0,0,0,0
370481,1,1,1987,0,0,0,0,0,0,0,0,0,0
370482,1,1,1987,8,17,12,16,6,37,21,18,15,9
370483,1,1,1987,7,30,17,3,18,22,11,15,19,9
370484,1,1,1987,0,0,0,0,0,0,0,0,0,0
370485,0,1,1987,14,14,14,14,14,14,14,14,14,14
370485,1,1,1987,0,0,0,0,0,0,0,0,0,0
370486,1,1,1987,0,0,0,0,0,0,0,0,0,0
370486,2,1,1987,0,0,0,0,0,0,0,0,0,0
370487,1,1,1987,0,0,0,0,0,0,0,0,0,0
370488,1,1,1987,0,0,0,0,0,0,0,0,0,0
370488,2,1,1987,0,0,0,0,0,0,0,0,0,0
370489,1,1,1987,25,25,25,25,25,25,25,25,25,25
370490,1,1,1987,0,0,0,0,0,0,0,0,0,0
370491,1,1,1987,0,0,0,0,0,0,0,0,0,0
370492,1,1,1987,0,0,0,0,0,0,0,0,0,0
370492,2,1,1987,0,0,0,0,0,0,0,0,0,0
370492,3,1,1987,0,0,0,0,0,0,0,0,0,0
370493,1,1,1987,0,0,0,0,0,0,0,0,0,0
370493,2,1,1987,0,0,0,0,0,0,0,0,0,0
370494,1,1,1987,23,12,16,11,9,16,18,0,0,16
370494,2,1,1987,0,0,0,0,0,0,0,0,0,0
370495,1,1,1987,0,0,0,0,0,0,0,0,0,0
370495,2,1,1987,0,0,0,0,0,0,0,0,0,0
370496,1,1,1987,1,0,0,0,0,21,0,5,26,4
370497,1,1,1987,0,0,0,0,0,0,0,0,0,0
370497,2,1,1987,0,0,0,0,0,0,0,0,0,27
370498,1,1,1987,33,33,33,33,33,33,33,33,33,33
370499,1,1,1987,0,0,0,0,0,0,0,0,0,0
370500,1,1,1987,0,0,0,0,0,0,0,0,0,0
370500,2,1,1987,0,0,0,0,0,0,0,0,0,0
370500,3,1,1987,0,0,0,0,0,0,0,0,0,0
370500,4,1,1987,0,7,0,0,0,0,0,0,0,0
370500,5,1,1987,0,0,0,0,0,0,0,0,0,0
370500,6,1,1987,0,0,0,0,0,0,0,0,0,0
370500,7,1,1987,0,0,0,0,0,0,0,0,0,0
370500,8,1,1987,0,0,0,0,0,0,0,0,0,0
370501,0,1,1987,15,15,15,15,15,15,15,15,15,15
370501,1,1,1987,0,7,0,0,0,0,0,8,22,15
370502,1,1,1987,11,0,0,0,0,0,0,0,0,0
370502,2,1,1987,0,0,0,0,0,0,0,0,0,0
370503,1,1,1987,18,13,11,18,19,19,0,21,9,0
370503,2,1,1987,0,10,18,23,7,9,8,9,14,14
370504,1,1,1987,0,0,0,0,0,0,0,0,0,0
370504,2,1,1987,0,0,0,0,0,0,0,0,0,0
370504,3,1,1987,0,0,0,26,0,14,0,0,0,0
370505,1,1,1987,11,11,11,11,11,11,11,11,11,11
370506,1,1,1987,20,13,18,3,13,5,31,20,11,11
370507,1,1,1987,19,19,19,19,19,19,19,19,19,19
370508,1,1,1987,0,0,0,0,0,0,0,0,0,0
370508,2,1,1987,0,0,0,0,0,0,0,0,0,0
370509,1,1,1987,0,0,0,0,0,0,0,0,0,0
370509,2,1,1987,0,0,0,0,0,0,0,0,0,0
370510,1,1,1987,0,0,0,0,0,0,0,0,0,0
370511,1,1,1987,0,0,0,0,0,0,0,0,0,0
370511,2,1,1987,0,0,0,0,0,0,0,0,0,0
370512,1,1,1987,0,0,0,0,0,0,0,0,0,0
370513,1,1,1987,21,18,18,34,2,7,8,14,8,16
370514,0,1,1987,0,0,0,0,0,0,0,0,0,0
370514,1,1,1987,23,12,0,17,0,0,10,0,0,36
370515,1,1,1987,0,0,0,8,0,0,0,0,0,0
370515,2,1,1987,0,0,0,0,0,0,0,0,0,0
370516,1,1,1987,14,14,14,14,14,14,14,14,14,14
370517,0,1,1987,0,0,0,0,0,0,0,0,0,0
370517,1,1,1987,0,0,3,0,0,0,0,0,0,0
370518,1,1,1987,8,8,8,8,8,8,8,8,8,8
370518,2,1,1987,0,0,0,0,23,0,0,0,0,0
370519,0,1,1987,0,0,0,0,0,0,0,0,0,0
370519,1,1,1987,0,20,0,0,0,0,0,0,0,0
370520,1,1,1987,18,18,18,18,18,18,18,18,18,18
370521,1,1,1987,13,13,13,13,13,13,13,13,13,13
370522,1,1,1987,0,0,0,8,0,13,0,0,29,0
370523,1,1,1987,0,0,0,0,0,0,0,0,0,0
370523,2,1,1987,0,0,0,0,0,0,0,0,0,0
370523,3,1,1987,0,0,0,0,0,0,0,0,0,0
370524,0,1,1987,20,18,22,20,25,29,41,25,13,33
370524,1,1,1987,0,0,0,0,0,0,0,0,0,0
370525,1,1,1987,0,0,0,0,0,0,0,0,0,0
370525,2,1,1987,0,0,0,0,0,0,0,0,0,0
370526,1,1,1987,0,0,0,0,0,0,0,0,11,0
370526,2,1,1987,0,0,0,0,0,0,0,0,0,0
370527,1,1,1987,0,0,0,0,0,0,0,0,0,0
370527,2,1,1987,0,0,0,0,0,0,0,0,0,0
370528,1,1,1987,8,8,8,8,8,8,8,8,8,8
370529,0,1,1987,0,0,0,0,0,0,0,0,0,0
370529,1,1,1987,0,0,0,0,0,0,0,0,0,0
370530,1,1,1987,18,18,22,28,9,24,55,0,7,31
370531,0,1,1987,0,14,0,0,0,0,0,0,0,29
370531,1,1,1987,0,24,0,13,15,0,0,0,4,0
370532,1,1,1987,26,24,12,46,23,31,17,0,12,25
370533,1,1,1987,0,0,0,0,0,0,0,0,0,0
370533,2,1,1987,6,15,10,21,14,25,19,12,6,5
370534,1,1,1987,18,18,18,18,18,18,18,18,18,18
370535,1,1,1987,20,5,8,18,8,28,13,0,27,16
370536,1,1,1987,0,0,0,0,0,18,0,0,0,0
370536,2,1,1987,0,0,0,0,0,0,0,0,0,0
370537,0,1,1987,0,29,33,14,24,16,19,40,28,21
370537,1,1,1987,8,22,14,3,14,0,34,22,0,0