ST_CASE,VEH_NO,PER_NO,YEAR,P1,P2,P3,P4,P5,P6,P7,P8,P9,P10
370538,1,1,1987,12,0,0,0,0,0,0,0,0,0
370538,2,1,1987,24,24,24,24,24,24,24,24,24,24
370539,0,1,1987,0,0,0,0,0,0,0,0,0,0
370539,1,1,1987,0,0,0,0,0,0,0,0,0,0
370540,1,1,1987,11,19,21,11,6,24,21,36,3,6
370541,1,1,1987,0,0,0,0,0,0,0,0,0,0
370542,1,1,1987,0,0,0,0,0,0,0,0,0,0
370543,1,1,1987,11,11,11,11,11,11,11,11,11,11
370544,1,1,1987,0,0,0,0,0,0,0,0,0,0
370544,2,1,1987,0,0,0,0,0,0,0,0,0,0
370544,3,1,1987,0,0,0,0,0,0,0,0,0,0
370545,1,1,1987,10,18,24,17,4,16,6,20,20,17
370546,1,1,1987,16,16,16,16,16,16,16,16,16,16
370547,1,1,1987,0,0,0,0,0,0,0,0,0,0
370547,2,1,1987,0,0,0,0,0,0,0,0,0,0
370548,1,1,1987,0,0,0,0,0,0,0,0,0,0
370548,2,1,1987,0,0,0,0,22,0,0,0,0,0
370549,1,1,1987,2,2,2,2,2,2,2,2,2,2
370549,2,1,1987,0,0,0,0,0,0,0,0,0,0
370549,3,1,1987,0,0,0,0,0,0,0,0,0,0
370550,1,1,1987,0,0,0,0,0,0,0,0,0,0
370550,2,1,1987,0,0,0,0,0,0,0,0,0,0
370551,1,1,1987,30,30,30,30,30,30,30,30,30,30
370552,1,1,1987,0,0,0,0,0,0,0,0,0,0
370552,2,1,1987,0,0,0,0,0,0,0,0,0,0
370553,1,1,1987,9,9,9,9,9,9,9,9,9,9
370554,0,1,1987,0,0,0,0,0,0,0,0,0,0
370554,1,1,1987,0,26,0,0,0,0,0,0,0,0
370555,1,1,1987,0,0,0,0,0,0,0,0,0,0
370555,2,1,1987,15,0,0,0,0,21,20,0,0,0
370556,1,1,1987,0,0,0,0,0,0,0,0,0,0
370556,2,1,1987,0,0,0,0,0,0,0,0,0,0
370556,3,1,1987,0,0,0,0,0,0,0,0,0,0
370557,1,1,1987,0,0,0,0,0,0,0,0,0,0
370557,2,1,1987,0,0,0,0,0,0,0,0,0,0
370558,0,1,1987,20,20,20,20,20,20,20,20,20,20
370558,1,1,1987,0,0,0,0,0,0,0,0,0,0
370558,2,1,1987,0,0,0,0,0,0,0,0,0,0
370559,1,1,1987,0,0,0,0,0,0,0,0,0,0
370559,2,1,1987,0,0,0,0,0,0,0,0,0,0
370560,1,1,1987,15,15,15,15,15,15,15,15,15,15
370561,1,1,1987,0,0,0,0,0,0,0,0,0,0
370561,2,1,1987,0,0,0,0,0,0,0,0,0,0
370561,3,1,1987,0,0,0,0,0,0,0,0,0,0
370562,1,1,1987,0,0,0,0,0,0,0,0,0,0
370562,2,1,1987,0,0,0,0,0,0,0,0,0,0
370562,3,1,1987,0,0,0,0,0,0,0,6,0,0
370563,1,1,1987,19,18,23,9,16,13,10,18,15,10
370564,0,1,1987,27,27,27,27,27,27,27,27,27,27
370564,1,1,1987,0,0,0,0,0,0,0,0,0,0
370565,1,1,1987,0,0,0,0,0,0,0,0,0,0
370565,2,1,1987,0,0,0,0,0,0,0,0,0,0
370566,1,1,1987,39,21,13,12,8,9,33,8,11,7
370566,2,1,1987,0,0,0,0,0,0,0,0,0,0
370567,1,1,1987,0,0,0,0,0,0,0,0,0,0
370568,1,1,1987,21,8,14,0,13,21,10,37,11,3
370568,2,1,1987,9,9,9,9,9,9,9,9,9,9
370569,1,1,1987,20,17,37,39,8,14,0,9,24,19
370570,1,1,1987,0,0,0,0,0,0,0,0,0,0
370571,0,1,1987,9,9,9,9,9,9,9,9,9,9
370571,1,1,1987,10,0,0,0,0,13,0,0,15,0
370572,0,1,1987,0,0,0,0,0,0,0,0,0,0
370572,1,1,1987,0,0,0,0,0,0,0,0,0,0
370573,1,1,1987,0,0,0,0,0,0,0,0,0,0
370573,2,1,1987,0,0,0,0,0,18,0,0,0,16
370574,1,1,1987,0,0,0,0,0,0,0,0,0,0
370574,2,1,1987,0,0,0,0,0,0,0,0,0,0
370575,1,1,1987,0,0,0,0,0,0,0,0,0,0
370576,1,1,1987,0,0,0,0,0,0,0,0,0,0
370576,2,1,1987,0,0,0,0,0,0,0,0,0,0
370576,3,1,1987,0,0,0,0,0,0,0,0,0,0
370576,4,1,1987,0,0,0,0,0,0,0,0,0,0
370577,1,1,1987,0,0,0,0,0,0,0,0,0,0
370577,2,1,1987,0,0,0,0,0,0,0,0,0,0
370578,1,1,1987,0,0,0,0,0,0,0,0,0,0
370578,2,1,1987,0,0,0,0,0,0,0,0,0,0
370578,3,1,1987,0,0,0,0,0,0,0,0,0,0
370578,4,1,1987,0,0,0,0,0,0,0,0,0,0
370580,1,1,1987,6,6,6,6,6,6,6,6,6,6
370581,1,1,1987,8,8,8,8,8,8,8,8,8,8
370581,2,1,1987,0,0,0,0,0,0,0,0,0,0
370582,1,1,1987,0,0,0,0,0,0,0,0,0,0
370582,2,1,1987,0,0,0,0,0,0,0,0,0,0
370583,1,1,1987,0,0,0,0,0,0,0,0,0,0
370583,2,1,1987,0,0,14,0,0,0,0,0,0,0
370583,3,1,1987,0,0,0,0,0,0,0,0,0,0
370584,1,1,1987,16,16,16,16,16,16,16,16,16,16
370585,1,1,1987,0,0,0,0,0,0,0,0,0,0
370585,2,1,1987,0,0,0,0,0,0,0,0,0,0
370586,1,1,1987,0,0,0,0,0,0,0,0,0,0
370586,2,1,1987,0,0,0,0,0,0,0,0,0,0
370587,1,1,1987,0,0,0,0,0,0,0,0,0,0
370587,2,1,1987,0,0,0,0,0,0,0,0,0,0
370588,1,1,1987,0,0,0,0,0,0,0,0,0,0
370589,1,1,1987,40,31,12,12,16,21,26,18,31,10
370590,1,1,1987,0,0,0,0,0,0,0,0,0,0
370590,2,1,1987,0,0,0,0,0,0,0,0,0,0
370591,1,1,1987,0,0,0,0,0,0,0,0,0,7
370591,2,1,1987,0,0,0,0,0,0,0,0,0,0
370591,3,1,1987,0,0,0,6,0,0,0,0,0,0
370591,4,1,1987,6,0,0,0,0,0,33,0,0,0
370592,0,1,1987,21,21,21,21,21,21,21,21,21,21
370592,1,1,1987,0,0,15,0,0,0,0,0,0,0
370593,1,1,1987,0,0,0,0,0,0,0,0,0,0
370594,1,1,1987,0,0,0,0,0,0,0,0,0,0
370595,1,1,1987,0,0,0,0,0,0,13,0,0,0
370595,2,1,1987,0,0,0,0,0,0,0,0,0,0
370596,1,1,1987,0,0,0,0,17,0,5,20,30,0
370597,1,1,1987,0,0,0,0,0,0,0,0,0,0
370597,2,1,1987,0,0,0,0,0,0,0,0,0,0
370598,1,1,1987,0,0,0,0,0,0,0,0,0,0
370598,2,1,1987,2,25,16,10,40,8,14,6,13,28
370599,1,1,1987,0,0,0,0,0,0,0,0,0,0
370600,1,1,1987,6,21,19,7,15,0,11,15,11,24
370600,2,1,1987,0,0,0,0,0,0,0,0,0,0
370601,0,1,1987,0,0,0,0,0,0,0,0,0,0
370602,1,1,1987,23,23,23,23,23,23,23,23,23,23
370602,2,1,1987,0,0,0,0,0,0,0,0,0,0
370603,1,1,1987,0,0,0,0,0,0,0,0,0,0
370604,1,1,1987,4,11,12,0,24,8,18,49,0,33
370604,2,1,1987,0,0,0,0,0,0,0,0,0,0
370604,3,1,1987,0,0,0,0,0,0,0,0,0,0
370605,1,1,1987,0,0,0,0,0,0,28,0,0,0
370606,1,1,1987,11,11,11,11,11,11,11,11,11,11
370607,0,1,1987,20,20,20,20,20,20,20,20,20,20
370607,1,1,1987,0,10,0,9,8,11,0,31,14,0
370608,1,1,1987,0,0,0,0,0,0,0,0,0,0
370608,2,1,1987,0,0,0,0,0,0,0,0,0,0
370609,1,1,1987,0,0,0,0,0,0,0,0,0,0
370609,2,1,1987,0,0,0,0,0,0,0,0,0,0
370609,3,1,1987,0,0,0,0,0,0,0,0,0,0
370609,4,1,1987,0,0,0,0,0,0,0,0,0,0
370609,5,1,1987,0,0,0,0,0,0,0,0,0,0
370609,6,1,1987,0,0,0,0,0,0,0,0,0,0
370610,1,1,1987,0,0,0,0,0,0,0,0,0,0
370611,1,1,1987,0,0,0,0,0,0,0,0,0,0
370612,1,1,1987,0,0,0,0,0,0,0,0,0,0
370612,2,1,1987,0,0,0,0,0,0,0,0,0,0
370612,3,1,1987,0,0,0,0,0,0,0,0,0,0
370612,4,1,1987,0,0,24,0,0,0,0,0,0,22
370612,5,1,1987,0,0,0,0,0,0,0,0,0,0
370612,6,1,1987,0,0,0,0,0,0,0,0,0,0
370613,1,1,1987,0,0,0,0,11,0,0,0,0,26
370613,2,1,1987,0,0,0,0,0,0,0,0,0,0
370614,1,1,1987,6,6,6,6,6,6,6,6,6,6
370614,2,1,1987,0,0,0,0,25,0,0,0,0,0
370615,1,1,1987,0,0,0,0,0,32,0,0,0,0
370616,1,1,1987,0,0,0,0,0,0,0,0,0,0
370617,1,1,1987,0,0,0,0,0,0,0,0,0,0
370617,2,1,1987,0,0,0,0,13,0,0,3,0,11
370617,3,1,1987,0,0,0,0,0,0,0,0,0,0
370618,1,1,1987,0,0,0,0,0,0,0,0,0,0
370618,2,1,1987,0,0,0,0,0,0,0,0,0,0
370619,1,1,1987,28,28,28,28,28,28,28,28,28,28
370620,1,1,1987,32,28,22,28,37,20,13,24,18,18
370621,0,1,1987,33,33,33,33,33,33,33,33,33,33
370621,1,1,1987,0,0,0,0,0,0,0,0,3,0
370622,1,1,1987,0,0,0,0,0,0,0,0,0,0
370622,2,1,1987,0,0,0,0,0,0,0,0,0,0
370623,1,1,1987,10,10,10,10,10,10,10,10,10,10
370624,1,1,1987,0,0,0,0,0,0,0,0,0,0
370624,2,1,1987,0,0,0,0,0,0,0,0,0,0
370624,3,1,1987,0,0,0,0,0,0,0,0,0,0
370624,4,1,1987,0,0,0,0,0,0,0,0,0,0
370625,0,1,1987,0,0,0,0,0,0,0,0,0,0
370625,1,1,1987,0,0,0,0,0,0,0,0,0,0
370626,0,1,1987,0,16,0,0,0,0,0,0,0,15
370626,1,1,1987,0,0,0,0,0,0,0,0,0,0
370627,1,1,1987,0,23,30,0,20,0,0,2,0,0
370628,1,1,1987,0,0,0,0,0,0,0,0,0,0
370629,1,1,1987,28,28,28,28,28,28,28,28,28,28
370629,2,1,1987,0,0,0,0,0,0,0,0,0,0
370630,0,1,1987,0,0,0,0,0,0,0,0,0,0
370630,1,1,1987,25,0,0,0,15,15,0,0,11,22
370631,1,1,1987,0,0,0,0,0,0,0,0,0,0
370631,2,1,1987,0,0,0,0,0,0,0,0,2,0
370632,0,1,1987,16,16,16,16,16,16,16,16,16,16
370632,1,1,1987,0,0,7,0,0,0,0,0,0,0
370633,0,1,1987,15,21,10,31,29,29,38,23,53,19
370633,1,1,1987,0,0,0,28,0,21,0,0,0,0
370634,1,1,1987,27,27,27,27,27,27,27,27,27,27
370635,1,1,1987,9,13,11,15,17,26,18,16,15,0
370636,0,1,1987,27,27,27,27,27,27,27,27,27,27
370636,1,1,1987,0,0,0,0,0,0,0,0,0,0
370637,0,1,1987,4,4,4,4,4,4,4,4,4,4
370637,1,1,1987,20,0,0,0,0,0,0,0,0,0
370638,1,1,1987,12,12,12,12,12,12,12,12,12,12
370638,2,1,1987,0,0,0,0,0,0,0,0,0,0
370638,3,1,1987,0,0,0,0,0,0,0,0,0,0
370639,1,1,1987,26,26,26,26,26,26,26,26,26,26
370640,1,1,1987,8,8,8,8,8,8,8,8,8,8
370641,1,1,1987,18,18,18,18,18,18,18,18,18,18
370642,1,1,1987,0,0,0,0,0,0,0,0,0,0
370642,2,1,1987,0,0,0,0,22,0,0,0,0,0
370643,1,1,1987,13,19,3,8,21,17,27,4,0,4
370643,2,1,1987,0,0,0,0,0,0,5,0,0,0
370645,1,1,1987,22,22,22,22,22,22,22,22,22,22
370646,0,1,1987,0,0,0,0,0,10,0,13,0,0
370646,1,1,1987,0,0,0,0,0,0,0,0,0,0
370647,0,1,1987,27,27,27,27,27,27,27,27,27,27
370647,1,1,1987,11,20,6,19,22,14,17,26,10,20
370648,1,1,1987,0,0,0,0,0,0,0,0,0,0
370649,0,1,1987,0,0,0,0,0,0,0,0,0,0
370649,1,1,1987,0,0,26,0,0,0,0,0,0,0
370650,1,1,1987,0,0,0,0,0,0,0,0,0,0
370650,2,1,1987,0,0,0,0,0,0,0,0,0,0
370651,1,1,1987,0,0,0,0,0,0,0,0,0,0
370652,1,1,1987,0,0,0,0,0,0,0,0,0,0
370653,0,1,1987,32,32,32,32,32,32,32,32,32,32
370653,1,1,1987,0,21,0,0,20,12,0,29,0,0
370654,1,1,1987,0,17,0,0,0,0,0,0,0,0
370654,2,1,1987,0,0,0,0,0,0,0,0,0,0
370654,3,1,1987,0,0,0,0,0,0,0,0,0,0
370654,4,1,1987,0,0,0,0,0,0,0,0,0,0
370655,1,1,1987,0,0,0,0,0,0,0,0,0,0
370655,2,1,1987,0,0,0,0,0,0,0,0,0,0
370656,1,1,1987,0,22,19,0,0,0,14,0,0,0
370657,1,1,1987,0,0,0,0,0,0,0,0,0,0
370657,2,1,1987,0,0,0,0,0,0,0,0,0,0
370659,1,1,1987,0,0,0,0,0,0,0,0,0,0
370660,1,1,1987,0,0,0,0,0,0,0,0,0,0
370661,1,1,1987,16,3,5,6,21,26,7,8,25,7
370662,1,1,1987,0,0,0,0,0,0,0,0,0,0
370662,2,1,1987,0,0,0,0,0,0,0,0,0,0
370663,0,1,1987,0,0,0,0,0,0,0,0,0,0
370663,1,1,1987,0,0,0,17,0,0,0,0,0,0
370664,1,1,1987,17,17,17,17,17,17,17,17,17,17
370665,0,1,1987,0,0,0,0,0,0,0,0,0,0
370665,1,1,1987,0,0,0,0,0,0,0,0,0,0
370666,1,1,1987,15,15,15,15,15,15,15,15,15,15
370666,2,1,1987,0,0,0,0,0,0,0,0,0,0
370667,1,1,1987,0,0,11,0,0,0,0,0,0,0
370668,1,1,1987,22,22,22,22,22,22,22,22,22,22
370668,2,1,1987,0,0,0,0,0,0,0,0,0,0
370669,0,1,1987,0,0,0,0,0,0,0,0,0,0
370669,0,2,1987,23,6,13,0,31,24,12,0,7,0
370669,1,1,1987,20,23,0,22,16,15,7,13,12,24
370670,1,1,1987,0,0,0,0,0,0,0,0,0,0
370670,2,1,1987,0,0,0,0,0,0,0,0,0,0
370671,1,1,1987,16,16,15,8,26,11,9,13,9,28
370672,0,1,1987,25,25,25,25,25,25,25,25,25,25
370672,1,1,1987,0,0,0,0,0,0,0,0,0,0
370673,0,1,1987,32,32,32,32,32,32,32,32,32,32
370673,1,1,1987,21,0,0,0,11,0,8,0,0,0
370674,0,1,1987,8,8,8,8,8,8,8,8,8,8
370674,1,1,1987,0,0,0,0,0,0,0,0,0,0
370675,1,1,1987,0,0,0,0,0,0,0,0,0,0
370676,1,1,1987,0,0,0,0,0,0,0,0,0,0
370678,1,1,1987,12,12,12,12,12,12,12,12,12,12
370679,0,1,1987,29,29,29,29,29,29,29,29,29,29
370679,1,1,1987,0,0,0,0,0,5,0,0,0,0
370680,1,1,1987,6,6,6,6,6,6,6,6,6,6
370681,0,1,1987,36,36,36,36,36,36,36,36,36,36
370681,1,1,1987,0,0,0,0,0,0,0,0,0,0
370682,1,1,1987,24,24,24,24,24,24,24,24,24,24
370683,1,1,1987,0,0,0,5,0,0,0,0,0,0
370683,2,1,1987,0,0,0,0,0,0,0,0,0,0
370684,1,1,1987,0,0,0,0,0,0,0,0,0,0
370684,2,1,1987,0,0,0,0,0,0,0,0,0,0
370685,0,1,1987,0,0,0,0,0,0,0,0,0,0
370685,1,1,1987,0,0,0,0,0,0,0,0,0,25
370686,1,1,1987,0,0,0,0,0,0,0,0,0,0
370686,2,1,1987,0,0,0,0,0,0,0,0,20,0
370687,1,1,1987,0,0,0,0,0,0,0,0,0,0
370687,2,1,1987,31,31,31,31,31,31,31,31,31,31
370687,3,1,1987,0,0,0,0,0,0,0,0,0,0
370688,1,1,1987,26,26,26,26,26,26,26,26,26,26
370689,1,1,1987,0,0,0,0,0,0,0,0,0,0
370689,2,1,1987,0,0,0,0,0,0,0,0,0,0
370690,1,1,1987,19,19,19,19,19,19,19,19,19,19
370691,1,1,1987,0,0,0,0,0,0,0,0,0,0
370692,1,1,1987,0,0,0,0,9,0,0,0,0,0
370693,1,1,1987,0,0,0,0,0,0,0,0,0,0
370693,2,1,1987,0,0,0,0,0,0,0,0,0,0
370694,1,1,1987,18,18,18,18,18,18,18,18,18,18
370695,1,1,1987,8,17,22,9,0,11,7,15,1,0
370696,1,1,1987,24,24,24,24,24,24,24,24,24,24
370697,0,1,1987,0,0,0,0,0,0,0,0,0,0
370697,1,1,1987,0,0,0,0,0,0,0,0,0,0
370698,1,1,1987,0,0,0,0,0,0,0,0,10,0
370698,2,1,1987,20,23,7,0,22,9,4,21,14,0
370699,1,1,1987,24,24,24,24,24,24,24,24,24,24
370700,1,1,1987,17,0,13,8,8,0,8,17,9,10
370700,2,1,1987,2,2,2,2,2,2,2,2,2,2
370701,1,1,1987,0,0,0,0,0,0,0,0,19,0
370701,2,1,1987,0,0,0,0,0,0,0,12,0,0
370702,1,1,1987,0,0,0,0,0,0,0,0,0,0
370703,1,1,1987,5,5,5,5,5,5,5,5,5,5
370704,1,1,1987,0,0,0,0,0,0,0,0,0,0
370704,2,1,1987,0,0,0,0,0,0,0,0,27,0
370704,3,1,1987,0,0,0,0,0,0,0,0,0,0
370705,1,1,1987,6,28,18,25,14,0,16,11,25,8
370706,1,1,1987,18,18,18,18,18,18,18,18,18,18
370707,1,1,1987,19,19,19,19,19,19,19,19,19,19
370708,1,1,1987,33,33,33,33,33,33,33,33,33,33
370708,2,1,1987,0,0,0,0,0,0,0,0,0,0
370709,1,1,1987,20,27,21,0,0,11,4,26,41,24
370710,1,1,1987,0,0,0,0,0,0,0,0,0,0
370710,2,1,1987,0,0,0,0,0,0,0,0,0,0
370711,1,1,1987,0,0,0,0,0,0,0,0,0,0
370712,1,1,1987,14,9,7,15,20,4,0,20,15,10
370713,1,1,1987,13,13,0,18,20,20,19,0,0,9
370713,2,1,1987,17,18,7,10,18,23,16,13,18,14
370714,1,1,1987,11,23,22,22,28,12,17,24,18,10
370716,1,1,1987,24,24,24,24,24,24,24,24,24,24
370718,1,1,1987,7,31,17,9,16,7,17,12,12,25
370719,1,1,1987,0,0,0,0,0,0,0,0,0,0
370719,2,1,1987,0,0,0,0,0,0,0,0,0,0
370719,3,1,1987,0,0,0,0,0,0,0,0,0,0
370719,4,1,1987,0,0,0,0,0,0,0,0,0,0
370720,1,1,1987,0,0,0,0,0,0,0,0,0,0
370721,0,1,1987,0,0,0,0,0,0,0,0,0,0
370721,1,1,1987,0,0,0,0,0,0,0,0,0,0
370722,1,1,1987,0,0,0,0,0,0,0,0,0,0
370723,1,1,1987,13,15,5,28,16,4,21,0,5,28
370724,1,1,1987,17,0,0,0,0,0,0,0,0,0
370724,2,1,1987,0,0,0,0,0,0,0,0,0,0
370724,3,1,1987,0,0,0,0,0,0,0,0,0,0
370725,1,1,1987,19,19,19,19,19,19,19,19,19,19
370726,0,1,1987,0,0,0,0,0,0,0,0,0,0
370726,1,1,1987,13,0,0,0,0,0,0,0,0,0
370727,1,1,1987,0,0,0,0,0,0,0,0,0,0
370728,1,1,1987,0,0,0,0,0,0,0,0,0,0
370729,0,1,1987,26,26,26,26,26,26,26,26,26,26
370729,0,2,1987,27,27,27,27,27,27,27,27,27,27
370729,1,1,1987,0,0,0,0,0,0,0,0,0,0
370730,1,1,1987,0,0,0,0,0,14,0,0,0,0
370730,2,1,1987,0,0,0,0,0,0,0,0,0,0
370731,1,1,1987,9,17,11,17,18,13,3,22,7,19
370731,2,1,1987,0,0,0,0,0,0,0,0,0,0
370732,1,1,1987,5,5,5,5,5,5,5,5,5,5
370733,0,1,1987,0,0,0,0,0,0,0,0,0,0
370733,1,1,1987,0,0,0,0,0,0,0,0,0,0
370734,1,1,1987,29,29,29,29,29,29,29,29,29,29
370735,1,1,1987,0,0,0,0,0,0,0,0,0,0
370736,1,1,1987,11,17,9,16,11,11,16,5,13,8
370736,2,1,1987,0,0,0,0,0,0,0,0,0,0
370737,1,1,1987,23,0,12,17,0,20,0,20,0,15
370738,1,1,1987,0,0,0,0,0,0,0,0,0,0
370738,2,1,1987,0,0,0,0,0,0,0,0,0,0
370739,1,1,1987,0,0,0,0,0,0,0,0,0,0
370739,2,1,1987,0,0,0,0,0,0,0,0,0,0
370740,1,1,1987,0,0,0,0,0,0,0,0,0,0
370740,2,1,1987,0,0,0,0,0,0,0,0,0,0
370741,0,1,1987,27,27,27,27,27,27,27,27,27,27
370741,1,1,1987,0,18,0,0,15,14,17,0,14,15
370742,0,1,1987,0,0,0,0,0,0,0,0,0,0
370742,1,1,1987,0,0,0,0,0,0,0,0,0,0
370743,0,1,1987,0,0,0,0,0,0,0,0,0,0
370743,1,1,1987,0,0,0,0,0,0,0,0,0,0
370744,1,1,1987,0,0,0,0,0,0,0,0,0,0
370745,1,1,1987,0,0,0,0,0,0,0,0,0,0
370746,1,1,1987,0,0,0,0,0,0,0,0,0,0
370746,2,1,1987,0,0,0,0,0,0,0,0,0,0
370747,1,1,1987,18,18,18,18,18,18,18,18,18,18
370748,1,1,1987,0,0,0,0,0,0,0,0,0,0
370748,2,1,1987,0,0,0,0,0,0,0,0,0,0
370749,1,1,1987,0,0,0,0,17,0,0,0,0,0
370749,2,1,1987,0,0,0,0,0,0,0,0,0,0
370750,1,1,1987,12,0,0,0,0,0,0,0,0,0
370751,1,1,1987,26,17,0,1,16,17,14,0,20,6
370751,2,1,1987,0,0,0,0,0,0,0,0,0,0
370752,0,1,1987,0,0,0,0,0,0,0,0,0,0
370752,0,2,1987,13,0,14,0,0,0,2,0,7,0
370752,1,1,1987,0,0,0,0,0,0,0,0,0,0
370752,2,1,1987,0,0,0,0,0,0,0,0,0,0
370753,0,1,1987,0,0,11,0,0,0,0,0,0,0
370753,2,1,1987,0,0,0,0,0,0,0,0,0,0
370754,0,1,1987,17,17,17,17,17,17,17,17,17,17
370754,1,1,1987,8,11,0,0,0,14,0,0,0,0
370754,2,1,1987,0,0,0,0,0,0,0,0,0,0
370755,1,1,1987,0,0,0,0,0,0,0,0,0,0
370755,2,1,1987,0,0,0,0,0,0,0,0,0,0
370756,1,1,1987,8,8,8,18,7,16,15,9,7,13
370757,0,1,1987,0,0,0,0,0,0,0,0,0,0
370757,1,1,1987,0,0,0,0,0,0,0,0,0,0
370758,0,1,1987,0,0,0,0,0,0,0,0,0,0
370758,1,1,1987,0,0,0,0,0,0,0,0,0,0
370758,2,1,1987,0,0,0,0,0,0,0,0,0,0
370759,1,1,1987,0,0,0,0,0,0,0,0,0,0
370759,2,1,1987,16,10,18,14,23,23,27,35,0,11
370759,3,1,1987,0,0,0,0,0,0,0,0,0,0
370760,1,1,1987,20,20,20,20,20,20,20,20,20,20
370761,1,1,1987,0,0,0,0,0,0,0,0,0,0
370761,2,1,1987,20,20,20,20,20,20,20,20,20,20
370762,0,1,1987,15,18,33,27,6,24,46,30,39,35
370762,1,1,1987,0,0,0,0,0,0,0,0,0,0
370763,0,1,1987,14,14,14,14,14,14,14,14,14,14
370763,1,1,1987,0,0,0,0,0,49,0,0,0,0
370764,1,1,1987,0,0,0,0,0,0,0,0,0,0
370764,2,1,1987,0,0,0,0,0,0,0,0,0,0
370765,1,1,1987,2,2,2,2,2,2,2,2,2,2
370766,1,1,1987,20,6,20,17,19,12,27,18,9,0
370766,2,1,1987,0,0,0,0,0,0,0,0,0,0
370766,3,1,1987,0,0,0,0,0,0,0,0,0,0
370767,1,1,1987,0,0,0,0,0,0,0,0,0,0
370767,2,1,1987,0,0,0,0,0,0,0,0,0,0
370768,1,1,1987,26,26,26,26,26,26,26,26,26,26
370769,1,1,1987,0,0,0,0,0,0,0,0,0,0
370770,1,1,1987,2,2,2,2,2,2,2,2,2,2
370770,2,1,1987,5,17,9,23,16,14,22,9,17,3
370770,3,1,1987,0,0,0,0,0,0,0,0,0,0
370770,4,1,1987,46,41,0,0,0,0,0,0,0,0
370771,1,1,1987,0,0,0,0,0,0,0,0,0,0
370771,2,1,1987,0,0,0,0,0,0,12,0,0,0
370771,3,1,1987,0,0,0,3,0,0,0,0,0,0
370772,0,1,1987,0,0,0,0,0,0,0,0,0,0
370772,1,1,1987,15,7,32,0,5,0,0,0,30,0
370773,1,1,1987,0,0,0,0,0,0,0,0,0,0
370773,2,1,1987,0,0,9,0,0,0,0,0,0,0
370773,3,1,1987,0,0,0,0,0,0,12,0,21,0
370774,0,1,1987,0,0,8,9,0,13,0,0,12,0
370774,1,1,1987,0,0,0,0,9,0,0,0,7,18
370775,1,1,1987,0,0,0,0,20,0,0,0,0,0
370775,2,1,1987,0,0,0,0,0,0,0,0,0,0
370776,1,1,1987,0,0,0,0,0,0,0,0,0,0
370776,2,1,1987,0,0,0,0,0,0,0,0,0,0
370777,1,1,1987,0,9,0,0,0,0,17,0,0,0
370778,1,1,1987,0,0,0,0,0,0,0,0,0,0
370779,0,1,1987,13,21,22,26,24,23,23,35,19,29
370779,1,1,1987,0,0,0,0,0,0,0,0,0,0
370780,1,1,1987,0,0,0,0,0,0,0,0,0,0
370780,2,1,1987,0,0,0,0,0,0,0,0,0,0
370781,0,1,1987,0,0,0,0,0,0,0,0,0,0
370781,0,2,1987,0,0,0,0,0,7,0,23,9,0
370781,1,1,1987,0,0,0,0,0,0,16,0,0,0
370782,1,1,1987,0,0,0,0,0,0,0,0,0,0
370783,1,1,1987,0,0,0,0,0,0,0,0,0,0
370784,1,1,1987,0,0,0,0,0,0,0,0,0,0
370785,1,1,1987,0,0,0,0,0,0,15,0,0,0
370785,2,1,1987,0,0,0,0,0,0,0,0,0,0
370785,3,1,1987,14,0,0,0,0,0,0,13,0,7
370786,1,1,1987,0,0,0,0,0,0,0,0,0,0
370787,1,1,1987,0,0,0,0,0,0,0,0,0,0
370788,1,1,1987,0,0,0,0,0,0,0,0,0,0
370788,2,1,1987,0,0,0,0,0,0,0,0,0,0
370789,1,1,1987,11,11,11,11,11,11,11,11,11,11
370790,1,1,1987,17,17,17,17,17,17,17,17,17,17
370790,2,1,1987,0,0,0,0,0,0,0,7,0,0
370791,1,1,1987,0,0,0,0,0,0,0,0,0,0
370791,2,1,1987,0,0,0,0,0,0,0,0,0,0
370791,3,1,1987,0,0,0,0,0,0,0,12,0,0
370792,0,1,1987,0,0,0,0,0,0,0,0,0,0
370792,1,1,1987,0,0,0,0,0,0,0,0,0,0
370793,1,1,1987,0,0,0,0,0,0,0,0,0,0
370793,2,1,1987,0,0,0,0,0,0,0,0,0,0
370794,1,1,1987,0,0,0,0,0,0,0,0,0,0
370795,1,1,1987,14,14,14,14,14,14,14,14,14,14
370795,2,1,1987,0,0,0,0,0,0,0,0,0,0
370796,1,1,1987,0,0,0,0,0,0,0,0,0,0
370796,2,1,1987,15,5,25,20,17,0,22,12,25,13
370797,1,1,1987,0,0,0,0,0,0,11,0,0,0
370797,2,1,1987,0,0,0,0,0,13,0,0,0,0
370798,1,1,1987,0,0,0,0,0,0,0,0,0,0
370798,2,1,1987,0,0,0,0,0,0,0,0,0,0
370798,3,1,1987,0,0,0,0,0,0,0,0,0,0
370799,1,1,1987,0,0,0,0,0,0,0,0,0,0
370799,2,1,1987,0,0,0,0,0,0,0,0,0,0
370800,1,1,1987,0,0,0,0,0,0,0,0,0,0
370801,1,1,1987,0,0,0,0,0,0,0,0,0,0
370801,2,1,1987,19,19,19,19,19,19,19,19,19,19
370802,1,1,1987,9,25,15,3,34,18,10,0,24,8
370802,2,1,1987,0,0,0,0,0,0,0,0,0,0
370803,0,1,1987,21,21,21,21,21,21,21,21,21,21
370804,0,1,1987,19,19,19,19,19,19,19,19,19,19
370804,1,1,1987,0,0,0,0,0,0,0,6,0,17