ST_CASE,VEH_NO,PER_NO,YEAR,P1,P2,P3,P4,P5,P6,P7,P8,P9,P10
370805,1,1,1987,15,15,15,15,15,15,15,15,15,15
370806,0,1,1987,0,0,0,0,0,0,0,0,0,0
370806,1,1,1987,0,0,0,0,0,0,0,0,0,0
370807,1,1,1987,14,14,14,14,14,14,14,14,14,14
370808,1,1,1987,0,0,0,0,0,0,0,0,0,0
370808,2,1,1987,0,0,0,0,0,0,0,0,0,0
370809,1,1,1987,0,0,0,0,0,0,0,0,0,0
370810,1,1,1987,22,22,22,22,22,22,22,22,22,22
370810,2,1,1987,0,0,0,0,0,0,0,0,0,0
370811,1,1,1987,17,17,17,17,17,17,17,17,17,17
370812,0,1,1987,0,0,0,0,0,0,0,0,0,0
370812,1,1,1987,0,0,0,0,0,0,0,0,0,0
370813,1,1,1987,0,0,0,0,0,0,0,0,0,0
370813,2,1,1987,15,21,15,22,23,15,11,13,14,8
370814,1,1,1987,0,0,0,0,0,0,0,0,0,0
370814,2,1,1987,0,5,0,0,0,0,0,0,0,0
370815,1,1,1987,22,22,22,22,22,22,22,22,22,22
370816,1,1,1987,18,18,18,18,18,18,18,18,18,18
370816,2,1,1987,0,0,0,0,0,0,0,0,0,17
370817,1,1,1987,0,0,0,0,0,0,0,0,0,0
370817,2,1,1987,0,0,0,0,0,0,0,0,0,0
370818,1,1,1987,0,0,0,0,0,0,0,0,0,0
370818,2,1,1987,0,10,9,9,8,0,18,4,0,12
370819,1,1,1987,0,0,0,0,0,0,19,0,0,0
370819,2,1,1987,0,1,0,0,0,4,0,19,0,0
370820,1,1,1987,0,5,0,0,0,0,2,0,0,0
370821,1,1,1987,19,19,19,19,19,19,19,19,19,19
370822,1,1,1987,0,0,0,0,0,0,0,0,0,0
370822,2,1,1987,0,0,0,0,0,0,0,0,0,0
370823,1,1,1987,0,0,0,0,0,0,0,0,0,0
370823,2,1,1987,0,0,0,0,0,0,0,0,0,0
370824,1,1,1987,0,0,0,0,0,0,0,0,0,0
370824,2,1,1987,0,0,0,0,0,0,0,0,0,0
370824,3,1,1987,0,0,0,0,0,0,0,0,0,0
370825,1,1,1987,0,0,0,0,0,0,0,0,0,0
370826,1,1,1987,5,5,5,5,5,5,5,5,5,5
370827,1,1,1987,8,8,8,8,8,8,8,8,8,8
370828,1,1,1987,0,0,0,0,0,0,0,0,0,0
370828,2,1,1987,0,0,0,0,0,0,0,0,0,0
370828,3,1,1987,0,0,0,0,0,0,0,0,0,0
370829,1,1,1987,0,0,0,0,0,0,0,0,0,0
370830,1,1,1987,0,0,0,0,0,18,0,0,0,0
370830,2,1,1987,47,6,38,0,17,9,14,0,11,4
370831,1,1,1987,0,0,0,0,0,0,0,0,0,0
370832,1,1,1987,0,0,0,0,0,0,0,0,0,0
370832,2,1,1987,0,0,0,0,0,0,0,0,0,0
370833,1,1,1987,0,0,0,0,0,0,0,0,0,0
370833,2,1,1987,0,0,0,0,0,0,30,11,28,36
370834,1,1,1987,13,13,13,13,13,13,13,13,13,13
370834,2,1,1987,0,0,0,0,0,0,0,0,0,0
370835,0,1,1987,0,0,0,0,0,0,0,0,0,0
370835,1,1,1987,0,0,0,0,0,0,0,0,0,0
370836,1,1,1987,0,0,0,0,0,0,0,0,0,0
370836,2,1,1987,0,0,0,0,0,0,0,0,0,0
370837,1,1,1987,0,0,0,0,0,0,0,0,0,0
370838,1,1,1987,21,21,21,21,21,21,21,21,21,21
370839,1,1,1987,0,0,0,0,0,0,0,0,0,0
370839,2,1,1987,0,0,0,0,0,0,0,0,0,0
370840,1,1,1987,0,0,0,0,0,0,0,0,0,0
370841,1,1,1987,12,10,21,12,16,0,17,6,18,13
370842,1,1,1987,8,0,0,0,0,0,0,0,0,0
370843,1,1,1987,0,0,0,0,0,0,0,0,0,0
370844,1,1,1987,3,3,3,3,3,3,3,3,3,3
370845,1,1,1987,0,0,0,0,0,0,0,0,0,0
370845,2,1,1987,0,0,0,0,0,0,0,0,0,0
370846,1,1,1987,0,0,0,0,0,0,0,0,0,0
370847,1,1,1987,22,22,22,22,22,22,22,22,22,22
370848,0,1,1987,39,39,39,39,39,39,39,39,39,39
370848,1,1,1987,0,13,0,0,0,0,0,0,0,0
370849,1,1,1987,6,6,6,6,6,6,6,6,6,6
370850,1,1,1987,17,22,10,0,15,12,12,21,20,20
370851,1,1,1987,0,29,0,0,0,0,0,0,4,0
370852,1,1,1987,5,9,8,17,18,14,24,26,25,12
370853,0,1,1987,15,15,15,15,15,15,15,15,15,15
370853,1,1,1987,0,0,0,0,0,0,0,14,6,0
370854,1,1,1987,26,14,11,10,10,39,19,17,12,4
370855,1,1,1987,13,5,15,15,14,15,7,0,17,17
370856,0,1,1987,0,0,0,0,0,0,0,0,0,0
370856,1,1,1987,0,14,8,8,21,0,16,14,13,4
370857,1,1,1987,21,21,21,21,21,21,21,21,21,21
370858,1,1,1987,26,11,13,10,19,31,18,14,11,10
370859,1,1,1987,9,6,19,25,22,4,6,14,11,4
370859,2,1,1987,0,0,0,0,0,0,0,0,0,0
370860,1,1,1987,0,0,0,0,0,0,0,0,0,0
370860,2,1,1987,0,0,0,0,0,0,0,0,0,0
370861,1,1,1987,0,0,0,0,6,0,0,0,0,0
370861,2,1,1987,24,24,24,24,24,24,24,24,24,24
370862,1,1,1987,12,12,12,12,12,12,12,12,12,12
370863,1,1,1987,0,0,0,0,15,0,0,20,0,0
370864,1,1,1987,0,0,0,0,0,0,0,0,0,0
370865,0,1,1987,0,0,0,0,0,0,23,0,0,0
370865,1,1,1987,0,0,0,0,0,0,0,0,0,0
370866,1,1,1987,0,0,0,0,0,0,0,0,0,0
370866,2,1,1987,0,0,0,0,0,0,0,0,0,0
370866,3,1,1987,0,0,0,0,0,0,0,0,0,0
370867,1,1,1987,0,0,0,0,0,0,0,0,0,0
370867,2,1,1987,0,0,0,0,0,0,0,0,0,0
370868,1,1,1987,15,15,15,15,15,15,15,15,15,15
370869,1,1,1987,0,0,0,0,21,0,0,0,0,0
370870,1,1,1987,0,0,0,0,0,0,0,0,0,0
370870,2,1,1987,0,0,28,0,0,10,0,14,0,0
370871,1,1,1987,0,0,0,0,0,0,0,0,0,0
370871,2,1,1987,0,0,0,0,0,0,0,0,0,0
370872,1,1,1987,0,0,0,0,0,0,0,0,0,0
370873,1,1,1987,24,24,24,24,24,24,24,24,24,24
370873,2,1,1987,0,0,0,0,0,0,0,0,0,0
370874,1,1,1987,0,0,0,0,0,0,0,0,0,0
370874,2,1,1987,0,0,0,0,0,0,0,0,0,0
370875,1,1,1987,0,0,0,0,0,0,0,0,0,0
370876,1,1,1987,0,0,0,0,0,0,0,0,0,0
370877,0,1,1987,16,16,16,16,16,16,16,16,16,16
370877,1,1,1987,0,0,15,22,0,13,0,0,0,0
370878,0,1,1987,0,0,0,0,0,0,0,0,0,0
370878,1,1,1987,0,0,0,0,0,0,23,0,0,0
370878,2,1,1987,0,0,0,0,0,0,0,0,0,0
370878,3,1,1987,0,0,0,0,0,0,0,0,0,0
370878,4,1,1987,0,0,0,0,0,0,0,0,0,0
370879,1,1,1987,21,21,21,21,21,21,21,21,21,21
370880,1,1,1987,0,0,0,0,0,0,0,0,0,0
370881,1,1,1987,0,0,0,0,0,0,0,0,0,0
370882,1,1,1987,9,9,9,9,9,9,9,9,9,9
370883,1,1,1987,16,0,15,0,0,0,0,14,0,0
370884,0,1,1987,15,15,15,15,15,15,15,15,15,15
370884,1,1,1987,19,0,0,0,0,0,0,5,8,0
370885,1,1,1987,0,0,0,0,0,0,0,0,0,0
370885,2,1,1987,24,14,9,16,16,16,12,4,0,0
370886,1,1,1987,0,5,7,7,19,15,3,9,7,10
370887,1,1,1987,0,15,0,0,0,0,0,0,0,0
370888,0,1,1987,0,0,17,17,21,13,0,26,0,0
370888,1,1,1987,0,0,0,0,0,0,0,0,0,0
370889,1,1,1987,29,29,29,29,29,29,29,29,29,29
370890,1,1,1987,0,0,0,0,0,0,0,0,0,0
370891,1,1,1987,24,24,24,24,24,24,24,24,24,24
370892,1,1,1987,0,0,0,0,0,0,0,0,0,0
370892,2,1,1987,0,0,0,0,0,0,0,0,0,0
370893,1,1,1987,0,0,0,0,0,0,0,0,0,0
370893,2,1,1987,0,0,0,0,0,0,0,0,0,0
370894,0,1,1987,18,0,12,11,0,9,11,16,27,0
370894,1,1,1987,0,0,0,0,0,0,0,0,0,0
370895,0,1,1987,50,50,50,50,50,50,50,50,50,50
370895,1,1,1987,0,31,12,0,12,15,0,7,12,0
370896,1,1,1987,6,13,11,19,17,6,14,15,18,16
370897,1,1,1987,26,19,15,14,8,15,0,16,23,24
370898,1,1,1987,0,0,0,0,0,0,0,0,0,0
370899,0,1,1987,0,0,0,0,0,0,0,0,0,0
370899,1,1,1987,0,0,0,10,0,0,26,0,10,0
370900,0,1,1987,0,0,0,0,0,0,0,0,0,0
370900,1,1,1987,0,0,0,0,0,0,13,0,0,0
370901,1,1,1987,17,17,17,17,17,17,17,17,17,17
370902,1,1,1987,0,0,0,0,0,0,0,0,0,0
370902,2,1,1987,0,0,0,0,0,0,0,0,0,0
370903,1,1,1987,0,0,0,0,0,0,0,0,0,0
370903,2,1,1987,0,0,0,0,0,0,0,0,0,0
370904,1,1,1987,0,0,0,0,0,0,0,0,0,0
370904,2,1,1987,0,0,0,0,0,0,0,0,0,0
370905,1,1,1987,0,0,0,0,0,0,0,0,0,0
370906,1,1,1987,0,0,0,0,0,0,0,0,0,0
370906,2,1,1987,0,0,0,0,0,0,0,0,0,0
370906,3,1,1987,0,0,0,0,0,0,0,0,0,0
370907,1,1,1987,0,0,0,0,0,0,0,0,0,0
370907,2,1,1987,0,0,0,0,0,0,0,0,0,0
370908,1,1,1987,26,26,26,26,26,26,26,26,26,26
370909,1,1,1987,32,32,32,32,32,32,32,32,32,32
370910,0,1,1987,0,0,0,0,0,0,0,0,0,15
370910,1,1,1987,0,0,0,0,0,0,0,0,0,0
370911,1,1,1987,0,0,0,0,0,0,0,0,0,0
370912,1,1,1987,0,0,0,0,0,0,0,0,0,0
370912,2,1,1987,0,0,0,0,0,0,0,0,0,0
370912,3,1,1987,0,0,0,0,0,0,0,0,0,0
370913,1,1,1987,0,0,0,0,0,0,0,0,0,0
370913,2,1,1987,23,15,11,24,4,16,21,13,14,16
370914,1,1,1987,0,0,0,0,0,0,0,0,0,0
370914,2,1,1987,0,0,0,0,0,0,0,0,0,0
370915,1,1,1987,24,24,24,24,24,24,24,24,24,24
370916,1,1,1987,0,0,0,0,0,0,0,0,0,0
370917,1,1,1987,0,0,0,0,0,0,0,0,0,0
370917,2,1,1987,0,0,0,0,0,0,0,0,0,0
370917,3,1,1987,2,0,0,0,0,0,0,0,0,0
370918,1,1,1987,17,17,17,17,17,17,17,17,17,17
370918,2,1,1987,0,0,0,0,0,0,0,0,0,0
370919,1,1,1987,0,0,0,0,0,0,0,0,0,0
370919,2,1,1987,5,12,0,0,0,0,0,0,0,15
370920,1,1,1987,0,0,0,0,0,0,0,0,0,0
370921,1,1,1987,12,21,12,6,21,8,8,24,12,18
370922,0,1,1987,26,18,6,36,12,13,2,20,30,21
370922,1,1,1987,0,0,0,0,0,0,0,0,0,0
370923,1,1,1987,23,23,23,23,23,23,23,23,23,23
370924,1,1,1987,0,0,0,0,0,0,0,0,0,0
370924,2,1,1987,0,9,0,0,0,0,10,0,0,0
370925,1,1,1987,0,0,0,0,0,0,26,32,20,0
370926,1,1,1987,16,16,16,16,16,16,16,16,16,16
370927,1,1,1987,0,0,0,0,0,0,0,0,0,0
370927,2,1,1987,0,0,0,0,0,0,0,0,0,0
370928,1,1,1987,4,24,15,14,5,10,14,10,6,16
370929,0,1,1987,0,0,0,0,0,0,0,0,0,0
370929,1,1,1987,3,15,18,15,4,0,16,9,23,14
370930,0,1,1987,0,0,0,0,0,0,0,0,0,0
370930,1,1,1987,0,0,15,0,0,9,9,0,8,0
370931,1,1,1987,27,27,27,27,27,27,27,27,27,27
370931,2,1,1987,0,0,0,0,0,0,0,0,0,0
370932,1,1,1987,33,19,20,16,0,22,0,19,0,17
370933,1,1,1987,0,0,0,0,0,0,0,0,0,0
370933,2,1,1987,0,0,0,0,0,0,0,0,0,0
370934,0,1,1987,0,20,32,0,0,0,0,26,0,26
370934,1,1,1987,0,0,0,0,0,0,0,0,0,0
370935,1,1,1987,11,11,11,11,11,11,11,11,11,11
370936,1,1,1987,0,20,0,0,0,17,0,0,0,0
370937,1,1,1987,0,0,0,0,0,0,0,0,0,0
370937,2,1,1987,9,9,9,9,9,9,9,9,9,9
370938,1,1,1987,0,0,0,0,0,23,0,0,0,0
370938,2,1,1987,0,0,0,0,19,0,0,4,0,0
370939,1,1,1987,0,0,0,0,0,0,0,0,0,0
370940,1,1,1987,0,0,0,0,0,0,0,0,0,0
370940,2,1,1987,0,0,0,0,0,0,0,0,0,0
370941,0,1,1987,21,21,21,21,21,21,21,21,21,21
370941,1,1,1987,0,0,0,0,0,0,0,0,2,0
370942,1,1,1987,33,0,26,13,14,0,19,8,4,10
370942,2,1,1987,0,0,0,0,0,0,0,0,0,0
370942,3,1,1987,0,0,0,0,0,0,0,3,0,0
370943,1,1,1987,14,0,6,0,0,13,0,0,0,9
370943,2,1,1987,0,0,0,0,0,0,0,0,0,0
370944,1,1,1987,0,0,0,0,0,0,0,0,0,0
370945,1,1,1987,0,0,0,0,0,0,0,0,0,0
370945,2,1,1987,0,0,0,0,0,0,0,0,0,0
370946,1,1,1987,18,18,18,18,18,18,18,18,18,18
370947,1,1,1987,0,0,0,0,0,0,0,0,0,0
370947,2,1,1987,0,0,0,0,0,0,0,0,0,0
370948,1,1,1987,0,0,0,0,0,0,0,0,0,0
370949,1,1,1987,18,10,18,25,21,9,19,31,11,18
370950,0,1,1987,17,17,17,17,17,17,17,17,17,17
370950,1,1,1987,0,0,0,0,0,0,0,0,0,0
370951,1,1,1987,31,31,31,31,31,31,31,31,31,31
370952,0,1,1987,31,31,31,31,31,31,31,31,31,31
370952,1,1,1987,0,0,0,0,0,0,0,0,0,0
370953,0,1,1987,31,31,31,31,31,31,31,31,31,31
370953,1,1,1987,0,0,0,10,11,0,0,0,0,0
370954,1,1,1987,0,0,0,0,0,0,0,0,0,0
370954,2,1,1987,0,0,0,0,0,0,0,0,0,0
370955,1,1,1987,24,0,0,0,0,0,0,0,0,0
370956,1,1,1987,0,0,0,0,0,0,0,0,0,0
370956,2,1,1987,0,0,0,0,0,17,0,0,0,0
370957,1,1,1987,0,0,0,0,0,0,0,0,0,33
370957,2,1,1987,0,0,0,0,0,0,0,0,0,0
370958,0,1,1987,14,14,14,14,14,14,14,14,14,14
370958,1,1,1987,10,0,0,0,0,0,0,14,0,0
370959,1,1,1987,0,6,8,19,0,9,0,0,33,0
370959,2,1,1987,0,0,0,0,0,0,0,0,0,0
370960,1,1,1987,20,23,17,15,29,28,24,28,24,28
370961,1,1,1987,14,14,14,14,14,14,14,14,14,14
370962,1,1,1987,32,32,32,32,32,32,32,32,32,32
370962,2,1,1987,0,0,0,0,0,0,0,0,0,0
370963,0,1,1987,35,35,35,35,35,35,35,35,35,35
370963,1,1,1987,8,13,0,0,0,18,0,0,30,0
370964,1,1,1987,0,0,0,19,0,0,0,18,0,0
370965,1,1,1987,0,7,21,12,0,28,10,12,7,9
370966,1,1,1987,0,0,0,0,0,0,0,0,0,0
370966,2,1,1987,0,0,0,0,0,0,0,0,0,0
370967,1,1,1987,0,0,0,0,0,0,0,0,0,0
370967,2,1,1987,0,0,0,0,0,0,0,0,0,0
370967,3,1,1987,0,0,0,0,0,0,0,0,0,0
370968,1,1,1987,0,0,0,0,0,0,0,0,0,0
370968,2,1,1987,0,0,0,0,0,0,0,0,0,0
370968,3,1,1987,0,0,0,0,0,0,0,0,0,0
370969,0,1,1987,0,0,0,0,0,0,0,0,0,0
370969,1,1,1987,5,4,8,20,0,20,0,6,0,0
370970,1,1,1987,0,0,0,0,0,0,0,0,0,0
370970,2,1,1987,26,26,26,26,26,26,26,26,26,26
370971,1,1,1987,0,0,0,0,0,0,0,0,0,0
370971,2,1,1987,0,0,0,0,0,0,0,0,0,0
370971,3,1,1987,0,0,0,0,0,0,0,0,0,0
370972,1,1,1987,0,0,0,0,0,0,0,0,0,0
370972,2,1,1987,11,0,0,0,0,0,0,0,0,0
370973,1,1,1987,0,0,0,0,0,0,0,0,0,0
370974,1,1,1987,0,0,0,0,0,0,0,0,0,0
370975,1,1,1987,36,36,36,36,36,36,36,36,36,36
370975,2,1,1987,0,0,0,0,0,0,0,0,0,0
370976,0,1,1987,5,5,5,5,5,5,5,5,5,5
370976,1,1,1987,0,0,0,0,0,0,0,0,0,0
370977,1,1,1987,27,27,27,27,27,27,27,27,27,27
370978,1,1,1987,0,0,0,0,0,0,0,0,0,0
370978,2,1,1987,12,12,12,12,12,12,12,12,12,12
370979,0,1,1987,12,12,12,12,12,12,12,12,12,12
370979,1,1,1987,0,0,0,0,17,0,0,0,0,0
370980,1,1,1987,0,0,0,0,0,0,0,0,0,0
370980,2,1,1987,0,0,0,0,0,0,0,0,0,0
370981,0,1,1987,39,39,39,39,39,39,39,39,39,39
370981,1,1,1987,0,0,0,0,0,0,0,0,0,0
370982,1,1,1987,24,0,9,0,10,8,0,14,15,13
370983,1,1,1987,0,0,0,0,4,2,3,0,0,0
370983,2,1,1987,0,0,0,0,0,0,0,0,0,0
370984,1,1,1987,0,0,0,0,0,0,0,0,0,0
370984,2,1,1987,0,0,0,0,0,0,0,0,0,0
370985,1,1,1987,0,0,0,0,0,0,0,0,0,0
370986,1,1,1987,28,12,10,12,21,34,17,17,6,0
370987,1,1,1987,18,18,18,18,18,18,18,18,18,18
370988,1,1,1987,0,16,0,28,16,0,7,18,11,14
370989,1,1,1987,0,39,0,0,0,9,0,15,0,29
370990,1,1,1987,14,12,26,8,18,11,15,0,9,9
370991,1,1,1987,19,19,19,19,19,19,19,19,19,19
370992,1,1,1987,0,0,0,0,0,0,0,0,0,0
370992,2,1,1987,0,0,0,0,0,16,0,10,0,0
370993,1,1,1987,5,5,5,5,5,5,5,5,5,5
370993,2,1,1987,0,0,0,0,0,0,0,0,0,0
370994,1,1,1987,0,0,0,0,0,0,0,0,0,0
370994,2,1,1987,0,0,2,0,0,0,0,0,0,0
370994,3,1,1987,2,2,2,2,2,2,2,2,2,2
370995,1,1,1987,12,10,5,16,25,13,11,12,11,6
370996,1,1,1987,0,0,0,0,0,0,0,0,0,0
370996,2,1,1987,0,0,0,0,0,0,0,0,0,0
370997,0,1,1987,0,0,0,0,0,0,0,0,0,0
370997,1,1,1987,0,0,0,0,8,0,0,0,0,0
370998,1,1,1987,0,0,0,0,0,0,0,0,0,0
370998,2,1,1987,0,0,13,0,0,0,0,0,0,0
370999,1,1,1987,25,25,25,25,25,25,25,25,25,25
371000,1,1,1987,17,17,17,17,17,17,17,17,17,17
371001,1,1,1987,0,0,0,0,0,0,0,0,0,0
371001,2,1,1987,0,0,0,0,0,0,0,0,0,0
371002,1,1,1987,0,0,0,0,0,0,0,0,0,0
371002,2,1,1987,15,0,0,0,23,0,12,4,13,29
371003,1,1,1987,0,0,0,0,0,0,0,0,0,0
371003,2,1,1987,0,0,0,0,0,0,0,0,0,0
371004,1,1,1987,9,10,16,4,26,22,0,10,17,14
371005,1,1,1987,25,25,25,25,25,25,25,25,25,25
371006,1,1,1987,12,12,12,12,12,12,12,12,12,12
371007,1,1,1987,20,11,13,11,22,14,12,17,9,0
371007,2,1,1987,0,0,0,0,0,0,10,0,0,0
371008,1,1,1987,3,3,3,3,3,3,3,3,3,3
371009,1,1,1987,21,30,18,0,6,16,28,27,15,40
371009,2,1,1987,0,0,0,0,0,0,0,0,0,0
371009,3,1,1987,0,0,14,0,0,0,0,0,0,0
371010,1,1,1987,0,9,0,0,0,0,0,0,0,0
371010,2,1,1987,22,22,22,22,22,22,22,22,22,22
371011,0,1,1987,0,0,0,0,0,0,0,0,0,0
371011,1,1,1987,0,0,0,0,0,0,0,0,0,0
371012,1,1,1987,0,0,0,0,0,0,0,0,0,0
371012,2,1,1987,0,0,0,0,0,0,0,0,0,0
371012,3,1,1987,0,0,0,0,0,0,0,0,0,0
371012,4,1,1987,0,0,0,0,0,0,0,0,0,13
371012,5,1,1987,0,0,0,0,0,0,0,0,0,0
371013,1,1,1987,0,0,0,0,0,0,0,0,0,0
371013,2,1,1987,0,0,0,0,0,0,0,0,0,0
371014,1,1,1987,0,0,0,0,0,0,0,0,0,0
371014,2,1,1987,0,0,0,0,0,0,0,0,0,0
371014,3,1,1987,0,0,0,0,0,0,0,0,8,0
371015,1,1,1987,0,17,17,25,0,6,9,25,0,12
371016,1,1,1987,28,28,28,28,28,28,28,28,28,28
371017,1,1,1987,29,29,29,29,29,29,29,29,29,29
371018,1,1,1987,0,0,0,0,0,0,0,0,0,0
371018,2,1,1987,0,0,0,0,0,0,0,0,0,0
371019,1,1,1987,11,22,19,27,8,26,14,9,6,15
371020,1,1,1987,8,10,13,15,12,3,15,16,2,8
371021,1,1,1987,0,0,0,0,0,0,0,0,0,0
371021,2,1,1987,14,0,0,0,0,0,0,0,0,0
371021,3,1,1987,0,0,0,0,0,0,0,0,0,0
371022,1,1,1987,0,0,0,0,0,0,0,0,0,0
371022,2,1,1987,5,0,16,8,17,19,30,21,0,0
371023,1,1,1987,0,0,0,0,0,0,0,0,0,0
371023,2,1,1987,15,15,15,15,15,15,15,15,15,15
371024,1,1,1987,35,35,35,35,35,35,35,35,35,35
371025,1,1,1987,30,30,30,30,30,30,30,30,30,30
371026,1,1,1987,0,0,0,0,0,0,0,0,0,0
371026,2,1,1987,20,20,20,20,20,20,20,20,20,20
371027,1,1,1987,0,0,0,0,0,0,0,0,0,0
371027,2,1,1987,4,4,4,4,4,4,4,4,4,4
371028,1,1,1987,0,0,0,0,0,0,0,0,0,0
371028,2,1,1987,0,0,0,0,0,0,0,0,0,0
371029,0,1,1987,0,0,0,0,0,0,0,0,0,0
371029,1,1,1987,0,0,0,0,9,0,0,0,0,14
371030,1,1,1987,15,15,15,15,15,15,15,15,15,15
371031,1,1,1987,0,0,0,0,0,0,0,0,0,0
371031,2,1,1987,0,0,0,0,0,0,0,0,0,0
371032,0,1,1987,0,0,0,0,0,0,0,0,0,0
371033,1,1,1987,0,0,0,0,0,0,0,0,0,0
371033,2,1,1987,0,0,0,19,0,0,0,0,0,0
371034,1,1,1987,0,0,0,24,35,0,0,0,0,0
371035,1,1,1987,14,0,23,10,13,13,7,10,19,21
371036,1,1,1987,0,0,0,0,0,0,0,0,0,0
371037,1,1,1987,0,0,0,0,0,0,0,0,0,0
371037,2,1,1987,0,16,0,0,0,0,0,20,0,0
371038,1,1,1987,0,0,0,0,0,0,0,0,0,0
371038,2,1,1987,0,0,0,0,0,0,0,0,0,0
371039,1,1,1987,0,0,0,0,0,0,0,0,0,0
371040,1,1,1987,0,0,0,0,0,0,0,0,0,0
371040,2,1,1987,0,0,0,0,0,0,0,0,0,0
371041,1,1,1987,30,20,24,20,7,38,19,16,27,30
371042,1,1,1987,7,11,7,0,16,13,19,27,0,0
371042,2,1,1987,0,0,0,0,0,0,0,0,0,0
371043,1,1,1987,0,0,0,0,0,0,0,0,0,0
371043,2,1,1987,0,0,0,0,0,0,0,0,0,0
371044,1,1,1987,0,0,0,0,0,0,0,0,0,0
371044,2,1,1987,0,0,0,0,0,0,0,0,0,0
371045,1,1,1987,0,0,0,0,0,0,0,30,0,0
371047,1,1,1987,0,0,0,0,0,0,0,0,0,0
371047,2,1,1987,0,0,0,0,0,0,0,0,0,0
371048,1,1,1987,0,0,0,0,0,0,0,0,0,0
371049,1,1,1987,17,17,17,17,17,17,17,17,17,17
371050,1,1,1987,0,0,0,0,0,0,0,0,0,0
371050,2,1,1987,0,0,0,0,0,0,0,0,0,0
371050,3,1,1987,0,0,0,0,0,0,0,0,0,0
371051,1,1,1987,0,0,0,0,0,0,0,0,0,0
371051,2,1,1987,8,8,8,8,8,8,8,8,8,8
371052,1,1,1987,0,0,0,0,0,0,0,0,0,0
371052,2,1,1987,0,0,0,0,0,0,0,0,0,0
371053,1,1,1987,0,0,0,0,0,0,0,0,0,0
371054,1,1,1987,17,12,15,8,16,12,8,0,24,14
371055,1,1,1987,0,0,0,0,0,0,0,0,0,0
371055,2,1,1987,0,0,0,0,0,4,0,0,0,0
371056,0,1,1987,27,27,27,27,27,27,27,27,27,27
371056,1,1,1987,0,0,0,0,0,0,0,0,0,0
371057,1,1,1987,9,0,0,0,22,0,6,0,6,0
371058,0,1,1987,22,22,22,22,22,22,22,22,22,22
371058,1,1,1987,0,0,0,0,0,0,0,5,0,0
371059,1,1,1987,0,0,0,0,0,0,0,0,0,0
371060,1,1,1987,11,4,4,8,13,7,15,22,0,12
371060,2,1,1987,0,0,0,0,0,0,0,0,0,0
371061,1,1,1987,0,0,0,0,0,0,0,0,0,0
371061,2,1,1987,0,0,0,0,0,0,0,0,0,0
371062,1,1,1987,0,0,0,0,0,0,0,0,0,0
371062,2,1,1987,0,0,0,0,0,0,0,0,0,0
371063,1,1,1987,0,0,0,0,0,0,0,0,0,0
371063,2,1,1987,0,0,0,0,0,0,0,0,0,0
371065,1,1,1987,0,0,0,0,0,0,0,0,0,0
371065,2,1,1987,0,0,0,0,0,0,0,0,0,0
371065,3,1,1987,0,0,0,0,0,0,0,0,0,0
371065,4,1,1987,0,0,0,0,0,0,0,0,0,0
371065,5,1,1987,0,0,0,0,0,0,0,0,0,0
371065,6,1,1987,0,0,0,0,0,0,0,0,0,0
371066,1,1,1987,0,0,0,0,0,0,0,0,0,0
371067,1,1,1987,0,0,0,0,0,0,0,0,0,0
371067,2,1,1987,0,0,0,0,0,0,0,0,0,0
371068,1,1,1987,0,0,0,0,0,0,0,0,0,0
371068,2,1,1987,0,0,0,0,0,0,0,0,0,0
371069,1,1,1987,0,0,0,0,0,0,0,0,0,0
371069,2,1,1987,0,0,0,0,0,0,0,0,0,0
371070,1,1,1987,0,0,0,0,0,0,0,0,0,0
371070,2,1,1987,0,0,0,0,0,0,0,0,0,0
371071,1,1,1987,0,0,0,0,0,0,0,0,0,0
371072,1,1,1987,0,0,0,0,0,0,0,0,0,0
371073,1,1,1987,0,0,0,0,0,0,0,0,14,0
371073,2,1,1987,0,0,0,0,0,0,0,0,0,0
371073,3,1,1987,0,0,0,0,0,0,0,0,0,0
371074,1,1,1987,0,0,0,0,0,0,0,0,0,0
371075,0,1,1987,20,20,20,20,20,20,20,20,20,20
371075,1,1,1987,0,0,11,0,0,0,0,0,0,0
371076,1,1,1987,14,9,18,24,18,19,5,19,17,14
371076,2,1,1987,0,0,0,0,0,0,0,0,0,0
371077,1,1,1987,16,16,16,16,16,16,16,16,16,16
371078,1,1,1987,19,19,19,19,19,19,19,19,19,19
371079,0,1,1987,25,25,25,25,25,25,25,25,25,25
371079,1,1,1987,0,0,0,0,0,0,0,0,0,0
371080,1,1,1987,7,14,10,0,8,19,27,22,19,15
371080,2,1,1987,9,11,10,11,27,9,28,14,14,10
371081,1,1,1987,0,0,0,0,0,0,0,0,0,0
371081,2,1,1987,0,0,0,0,0,0,0,0,0,0
371082,1,1,1987,5,9,5,9,0,7,13,12,9,14
371083,1,1,1987,25,25,25,25,25,25,25,25,25,25
371083,2,1,1987,11,9,14,15,22,0,19,13,2,15
371084,1,1,1987,9,20,9,13,4,15,11,17,17,24
371085,1,1,1987,8,20,30,22,26,10,30,0,19,13
371086,1,1,1987,0,0,0,5,0,0,0,0,0,0
371086,2,1,1987,0,0,0,0,0,0,0,0,0,0
371087,1,1,1987,4,4,4,4,4,4,4,4,4,4
371088,1,1,1987,8,19,7,14,18,1,0,16,7,0