ST_CASE,VEH_NO,PER_NO,YEAR,P1,P2,P3,P4,P5,P6,P7,P8,P9,P10
371088,2,1,1987,0,0,0,0,0,0,0,0,0,0
371089,1,1,1987,12,0,0,0,0,0,0,0,0,0
371089,2,1,1987,0,0,0,0,0,0,0,0,0,0
371090,0,1,1987,0,0,0,0,0,0,0,0,0,0
371090,1,1,1987,0,0,0,0,0,0,0,0,0,0
371091,1,1,1987,0,0,0,0,0,0,0,0,0,0
371092,1,1,1987,0,0,0,0,0,0,0,0,0,0
371092,2,1,1987,0,0,0,0,0,0,0,1,0,0
371093,1,1,1987,12,12,12,12,12,12,12,12,12,12
371093,2,1,1987,0,0,0,0,0,0,0,0,0,0
371094,0,1,1987,0,0,0,0,0,0,0,0,0,0
371094,1,1,1987,0,0,0,0,0,0,0,0,0,0
371095,1,1,1987,0,0,0,0,0,0,0,0,0,0
371095,2,1,1987,0,0,0,0,0,0,0,0,0,0
371096,1,1,1987,0,0,0,0,0,0,0,0,0,0
371096,2,1,1987,0,0,0,0,0,0,0,0,0,0
371097,1,1,1987,0,0,0,0,0,0,0,0,0,0
371097,2,1,1987,0,0,0,0,0,0,0,0,0,0
371098,0,1,1987,0,0,0,0,0,0,0,0,0,0
371098,1,1,1987,0,0,0,0,0,0,0,0,0,0
371099,0,1,1987,23,23,23,23,23,23,23,23,23,23
371099,1,1,1987,0,0,0,0,0,0,0,0,0,0
371100,1,1,1987,0,0,0,0,0,0,0,0,0,0
371100,2,1,1987,0,0,0,0,0,0,0,0,0,0
371101,1,1,1987,17,18,21,10,4,16,15,29,23,4
371102,1,1,1987,0,0,0,0,0,0,0,0,0,0
371103,1,1,1987,0,0,0,0,0,0,0,0,0,0
371104,0,1,1987,39,39,39,39,39,39,39,39,39,39
371104,1,1,1987,0,0,0,0,0,0,0,0,0,0
371105,1,1,1987,26,26,26,26,26,26,26,26,26,26
371105,2,1,1987,0,0,0,0,0,0,0,0,0,8
371106,1,1,1987,0,0,0,0,0,0,0,0,0,0
371106,2,1,1987,0,0,0,0,0,0,0,0,0,0
371107,1,1,1987,0,0,0,0,0,0,0,0,0,0
371107,2,1,1987,0,0,0,0,0,0,0,0,0,0
371108,1,1,1987,28,28,28,28,28,28,28,28,28,28
371108,2,1,1987,0,0,0,0,0,0,0,0,0,0
371108,3,1,1987,0,0,0,0,0,0,0,0,0,0
371109,1,1,1987,0,0,0,0,0,0,0,0,0,0
371109,2,1,1987,0,0,0,0,14,0,0,0,0,0
371110,1,1,1987,23,16,0,8,3,12,9,7,19,9
371111,1,1,1987,7,7,7,7,7,7,7,7,7,7
371112,1,1,1987,23,23,23,23,23,23,23,23,23,23
371112,2,1,1987,0,0,0,22,0,0,0,23,0,0
371113,1,1,1987,16,18,17,17,19,16,10,13,11,15
371114,1,1,1987,20,20,20,20,20,20,20,20,20,20
371115,1,1,1987,16,16,16,16,16,16,16,16,16,16
371116,1,1,1987,26,26,26,26,26,26,26,26,26,26
371116,2,1,1987,0,0,0,0,0,0,0,0,0,0
371117,1,1,1987,20,20,20,20,20,20,20,20,20,20
371118,0,1,1987,0,0,0,0,0,0,0,0,0,0
371118,0,2,1987,0,0,0,0,0,0,0,0,0,0
371118,1,1,1987,0,0,0,0,0,0,0,0,0,0
371119,1,1,1987,10,10,10,10,10,10,10,10,10,10
371120,1,1,1987,3,4,2,6,0,20,16,19,0,10
371120,2,1,1987,0,0,0,0,0,0,0,0,0,0
371121,1,1,1987,0,0,0,0,0,0,0,0,0,0
371122,1,1,1987,0,0,0,0,0,0,0,0,0,0
371122,2,1,1987,0,0,0,0,0,0,0,0,0,0
371123,1,1,1987,0,9,4,9,9,12,17,4,10,4
371124,1,1,1987,0,0,0,0,12,0,0,0,0,0
371124,2,1,1987,12,12,12,12,12,12,12,12,12,12
371125,1,1,1987,30,30,30,30,30,30,30,30,30,30
371126,1,1,1987,22,12,11,15,24,0,13,0,14,20
371126,2,1,1987,0,0,0,0,0,0,0,0,0,0
371127,0,1,1987,6,6,6,6,6,6,6,6,6,6
371127,1,1,1987,0,0,0,0,8,0,0,0,0,0
371128,1,1,1987,0,0,0,0,0,0,0,0,0,0
371128,2,1,1987,0,0,0,0,0,0,0,0,0,0
371129,1,1,1987,0,0,0,0,0,0,0,0,0,0
371129,2,1,1987,0,0,0,16,0,0,0,0,0,0
371130,1,1,1987,0,0,14,0,0,0,11,0,0,11
371130,2,1,1987,0,0,0,0,0,0,0,0,0,0
371130,3,1,1987,0,0,0,0,0,0,0,0,0,0
371131,1,1,1987,0,0,0,0,0,0,0,0,0,0
371131,2,1,1987,0,0,0,0,0,0,0,0,0,0
371132,1,1,1987,0,0,0,0,0,0,0,0,0,0
371133,1,1,1987,0,20,0,0,0,0,0,0,0,0
371133,2,1,1987,0,0,0,0,0,0,0,0,0,0
371134,1,1,1987,13,25,15,9,17,0,6,15,13,25
371135,1,1,1987,0,0,0,0,0,0,0,0,0,0
371136,1,1,1987,13,13,13,13,13,13,13,13,13,13
371137,0,1,1987,18,18,18,18,18,18,18,18,18,18
371137,1,1,1987,0,0,0,0,0,0,25,0,0,0
371138,1,1,1987,0,0,0,0,0,0,0,0,0,0
371138,2,1,1987,0,0,0,0,0,0,0,0,0,0
371139,0,1,1987,24,24,24,24,24,24,24,24,24,24
371139,1,1,1987,0,11,0,0,0,0,0,0,0,11
371140,1,1,1987,9,9,9,9,9,9,9,9,9,9
371141,0,1,1987,0,0,0,0,0,0,0,0,0,0
371141,1,1,1987,0,0,0,0,0,0,12,0,0,0
371142,1,1,1987,10,12,18,36,24,27,0,39,12,0
371143,1,1,1987,10,10,10,10,10,10,10,10,10,10
371144,1,1,1987,0,0,0,0,0,0,0,0,0,0
371144,2,1,1987,0,0,0,0,0,0,0,0,24,0
371145,1,1,1987,0,0,0,0,0,0,0,0,0,0
371146,0,1,1987,10,10,10,10,10,10,10,10,10,10
371146,1,1,1987,0,0,12,0,29,16,0,0,0,26
371147,1,1,1987,10,10,10,10,10,10,10,10,10,10
371148,1,1,1987,0,0,0,0,13,0,0,0,0,0
371148,2,1,1987,0,0,0,0,0,0,0,0,0,0
371149,1,1,1987,0,0,0,0,0,0,0,0,2,0
371149,2,1,1987,0,0,0,0,0,0,0,0,0,0
371150,0,1,1987,19,19,19,19,19,19,19,19,19,19
371150,1,1,1987,0,0,0,0,0,0,0,0,0,0
371151,0,1,1987,0,0,0,0,0,0,0,0,0,0
371151,1,1,1987,0,0,9,0,0,0,0,8,0,11
371152,1,1,1987,0,0,0,0,0,18,0,5,16,0
371152,2,1,1987,10,13,15,25,26,21,26,9,19,15
371153,1,1,1987,0,0,0,0,0,0,0,0,0,0
371153,2,1,1987,0,0,5,21,13,0,0,11,15,0
371154,0,1,1987,0,0,0,0,0,0,0,0,0,0
371154,1,1,1987,0,0,0,0,0,0,0,0,0,0
371155,0,1,1987,31,31,31,31,31,31,31,31,31,31
371155,1,1,1987,0,0,0,0,0,0,0,0,0,0
371156,1,1,1987,4,4,4,4,4,4,4,4,4,4
371157,1,1,1987,0,0,0,0,0,0,0,0,0,0
371157,2,1,1987,0,0,0,0,0,0,0,0,0,0
371157,3,1,1987,15,0,0,0,0,0,0,0,0,0
371158,1,1,1987,0,0,0,0,0,0,0,0,0,0
371158,2,1,1987,0,0,0,0,0,0,0,0,0,0
371159,0,1,1987,0,0,0,0,0,0,0,0,0,0
371159,1,1,1987,0,0,0,0,0,0,0,0,0,0
371160,1,1,1987,0,0,0,0,0,0,0,0,0,0
371160,2,1,1987,0,0,0,0,0,0,0,0,0,0
371161,1,1,1987,0,0,0,0,0,0,0,0,0,0
371161,2,1,1987,0,0,0,0,0,0,0,0,0,0
371162,1,1,1987,16,6,19,32,19,13,0,19,14,0
371163,1,1,1987,0,0,0,0,0,0,0,0,0,0
371163,2,1,1987,0,0,0,0,0,0,0,0,0,0
371164,1,1,1987,0,0,0,0,0,0,0,0,0,0
371165,1,1,1987,0,0,0,0,0,0,0,0,0,0
371165,2,1,1987,0,0,0,0,0,0,0,0,0,0
371166,1,1,1987,0,0,0,0,0,0,0,0,0,0
371167,1,1,1987,0,0,0,0,0,0,0,0,0,0
371167,2,1,1987,12,24,19,25,28,9,8,19,37,16
371168,1,1,1987,18,18,18,18,18,18,18,18,18,18
371169,1,1,1987,0,0,0,0,0,0,0,0,0,0
371169,2,1,1987,0,0,0,0,27,8,0,0,0,0
371170,1,1,1987,0,16,0,0,12,0,0,0,0,0
371170,2,1,1987,0,0,0,0,3,0,0,0,0,0
371171,1,1,1987,0,0,0,0,0,0,0,0,0,0
371171,2,1,1987,0,0,0,0,0,0,0,0,0,0
371172,0,1,1987,19,19,19,19,19,19,19,19,19,19
371172,1,1,1987,8,11,18,0,12,9,4,4,0,21
371173,0,1,1987,0,0,0,0,0,0,0,0,0,0
371173,1,1,1987,0,0,0,0,12,0,0,0,0,0
371174,1,1,1987,15,15,15,15,15,15,15,15,15,15
371175,1,1,1987,0,0,0,0,0,0,0,0,0,0
371176,1,1,1987,15,0,0,13,16,10,17,24,0,0
371177,1,1,1987,0,0,0,0,0,0,0,0,0,0
371178,1,1,1987,6,7,10,16,22,13,20,6,0,0
371179,1,1,1987,18,13,10,9,5,17,14,22,22,5
371180,1,1,1987,22,22,22,22,22,22,22,22,22,22
371181,1,1,1987,30,20,33,5,40,11,24,21,5,18
371182,0,1,1987,0,0,0,0,0,0,0,0,0,0
371182,1,1,1987,0,0,0,18,0,0,0,0,22,0
371183,1,1,1987,0,0,0,0,0,0,0,0,0,0
371184,1,1,1987,0,0,0,0,0,0,0,0,0,0
371184,2,1,1987,0,0,0,0,0,0,0,0,0,0
371185,1,1,1987,0,0,0,0,0,0,0,0,0,0
371185,2,1,1987,0,0,0,0,0,0,0,0,0,0
371185,3,1,1987,0,0,0,0,0,0,0,0,0,0
371186,1,1,1987,0,0,0,0,0,0,0,0,0,0
371186,2,1,1987,0,0,0,0,0,0,0,0,0,0
371187,1,1,1987,0,0,0,0,0,0,0,0,0,0
371188,0,1,1987,0,0,0,0,0,0,0,0,0,0
371188,1,1,1987,0,0,0,0,0,0,0,0,0,0
371189,1,1,1987,0,0,0,0,0,0,0,0,0,0
371190,1,1,1987,36,36,36,36,36,36,36,36,36,36
371190,2,1,1987,0,0,0,0,0,0,0,0,0,0
371191,1,1,1987,0,0,0,0,0,0,0,0,0,0
371192,1,1,1987,30,30,30,30,30,30,30,30,30,30
371193,1,1,1987,32,32,32,32,32,32,32,32,32,32
371194,1,1,1987,14,14,14,14,14,14,14,14,14,14
371195,1,1,1987,0,0,0,0,0,0,0,0,0,0
371195,2,1,1987,0,0,0,0,0,0,0,0,0,0
371196,1,1,1987,0,0,0,0,0,0,0,0,0,0
371197,1,1,1987,0,0,0,0,0,0,0,0,0,0
371198,1,1,1987,0,0,0,0,0,0,0,0,0,0
371199,1,1,1987,0,0,0,5,0,0,0,9,11,8
371199,2,1,1987,5,20,10,0,17,22,0,8,0,0
371200,1,1,1987,0,6,0,0,16,0,0,0,0,0
371200,2,1,1987,9,12,22,5,9,11,18,8,24,11
371201,1,1,1987,16,16,16,16,16,16,16,16,16,16
371202,1,1,1987,16,16,16,16,16,16,16,16,16,16
371203,1,1,1987,14,24,23,22,17,16,19,17,17,16
371204,1,1,1987,17,17,17,17,17,17,17,17,17,17
371205,1,1,1987,0,0,0,0,0,0,0,0,0,0
371205,2,1,1987,0,0,0,0,0,0,0,0,0,0
371206,1,1,1987,15,8,19,8,23,16,16,6,11,10
371207,1,1,1987,0,0,0,0,0,0,0,0,0,0
371208,0,1,1987,0,0,0,0,0,0,0,0,0,0
371208,1,1,1987,0,0,0,0,0,0,0,0,0,0
371209,0,1,1987,16,16,16,16,16,16,16,16,16,16
371209,0,2,1987,0,0,0,0,0,0,0,0,0,0
371209,1,1,1987,13,9,20,8,12,20,20,39,25,16
371210,1,1,1987,0,0,0,0,0,0,0,0,0,0
371210,2,1,1987,0,0,0,0,0,0,0,0,0,0
371211,1,1,1987,23,4,20,9,8,21,12,24,21,16
371211,2,1,1987,0,0,0,0,0,0,0,0,0,0
371212,1,1,1987,0,0,0,0,0,0,0,0,0,0
371213,1,1,1987,8,14,24,25,15,6,12,15,0,15
371213,2,1,1987,0,0,0,0,0,0,0,0,0,0
371214,1,1,1987,24,24,24,24,24,24,24,24,24,24
371215,1,1,1987,21,21,21,21,21,21,21,21,21,21
371217,1,1,1987,0,0,0,0,0,0,0,0,0,0
371217,2,1,1987,0,0,0,0,0,0,0,0,0,0
371218,1,1,1987,0,0,0,0,0,0,0,0,0,25
371219,1,1,1987,0,0,0,0,0,0,0,0,0,0
371219,2,1,1987,23,0,0,0,0,0,0,0,0,0
371220,1,1,1987,14,11,28,7,9,6,11,9,0,32
371221,1,1,1987,0,0,0,0,0,0,0,0,0,0
371221,2,1,1987,0,0,0,24,0,0,0,0,0,0
371222,1,1,1987,0,0,0,0,0,0,0,0,0,0
371222,2,1,1987,0,0,0,0,0,0,22,0,0,0
371222,3,1,1987,0,0,0,0,0,0,0,0,0,0
371223,1,1,1987,20,0,0,0,0,0,0,0,0,0
371224,1,1,1987,0,0,0,0,0,0,0,0,0,0
371224,2,1,1987,0,0,0,0,0,0,0,0,0,0
371225,1,1,1987,0,0,0,0,0,0,0,0,0,0
371225,2,1,1987,0,0,0,20,0,0,0,0,0,0
371226,1,1,1987,12,29,0,7,11,12,15,10,22,7
371226,2,1,1987,0,0,0,12,0,0,0,29,0,0
371226,3,1,1987,12,0,0,0,0,0,0,0,17,0
371226,4,1,1987,0,0,0,0,0,0,0,0,0,0
371227,1,1,1987,0,9,0,0,0,0,0,0,0,0
371227,2,1,1987,0,0,0,0,0,0,0,0,0,0
371228,0,1,1987,0,0,0,0,0,0,0,0,0,0
371228,1,1,1987,0,0,0,0,0,0,0,0,0,0
371229,0,1,1987,32,32,32,32,32,32,32,32,32,32
371229,1,1,1987,0,0,0,0,0,0,0,0,0,0
371230,1,1,1987,11,8,15,22,22,19,27,0,23,28
371231,1,1,1987,15,8,2,8,16,21,11,3,5,19
371232,1,1,1987,36,36,36,36,36,36,36,36,36,36
371233,0,1,1987,30,30,30,30,30,30,30,30,30,30
371233,1,1,1987,0,0,0,0,0,0,0,0,0,0
371234,1,1,1987,22,22,22,22,22,22,22,22,22,22
371235,1,1,1987,27,27,27,27,27,27,27,27,27,27
371236,1,1,1987,17,17,17,17,17,17,17,17,17,17
371237,1,1,1987,12,12,12,12,12,12,12,12,12,12
371237,2,1,1987,0,0,0,0,0,0,0,0,0,0
371237,3,1,1987,0,0,0,0,0,0,0,15,0,0
371238,1,1,1987,0,0,0,0,0,0,0,0,0,0
371238,2,1,1987,0,0,0,0,0,0,0,0,0,0
371239,0,1,1987,5,5,5,5,5,5,5,5,5,5
371239,1,1,1987,0,0,0,0,0,0,0,0,0,0
371240,0,1,1987,0,0,0,0,0,0,0,0,0,0
371240,1,1,1987,0,0,0,0,0,0,0,0,0,0
371241,1,1,1987,0,0,0,0,0,0,0,0,0,0
371241,2,1,1987,0,3,0,0,0,0,0,0,0,0
371242,1,1,1987,0,0,0,0,0,0,0,0,0,0
371243,1,1,1987,0,0,0,0,0,0,0,0,0,0
371244,1,1,1987,0,0,0,0,0,0,0,0,0,0
371244,2,1,1987,0,0,0,0,0,0,0,0,0,0
371244,3,1,1987,0,0,0,0,0,0,0,0,0,0
371245,1,1,1987,0,0,0,0,0,0,0,0,0,0
371245,2,1,1987,0,0,0,0,0,0,0,0,0,0
371246,1,1,1987,0,0,0,0,0,0,0,0,0,0
371246,2,1,1987,0,0,0,0,0,0,0,0,0,0
371247,1,1,1987,0,0,0,0,0,0,0,0,0,0
371247,2,1,1987,7,7,18,14,21,7,6,12,17,30
371248,1,1,1987,28,28,28,28,28,28,28,28,28,28
371248,2,1,1987,0,19,0,0,0,0,0,0,0,0
371249,1,1,1987,27,27,27,27,27,27,27,27,27,27
371250,1,1,1987,0,0,0,0,0,0,0,0,0,0
371250,2,1,1987,0,0,0,0,0,12,0,0,0,0
371251,1,1,1987,8,38,4,31,7,18,12,43,23,16
371252,1,1,1987,0,0,0,0,0,0,9,0,20,0
371252,2,1,1987,0,0,0,0,0,0,0,0,0,0
371253,0,1,1987,27,27,27,27,27,27,27,27,27,27
371253,1,1,1987,0,0,0,0,0,0,0,0,0,0
371254,1,1,1987,0,0,0,0,0,0,0,0,0,0
371254,2,1,1987,0,0,0,0,0,0,0,0,0,0
371255,1,1,1987,0,0,0,0,0,0,0,0,0,0
371256,0,1,1987,48,48,48,48,48,48,48,48,48,48
371256,1,1,1987,0,0,0,0,0,0,0,3,0,0
371257,1,1,1987,0,0,0,0,0,0,0,0,0,0
371257,2,1,1987,0,0,9,0,0,0,0,0,6,0
371258,1,1,1987,26,26,26,26,26,26,26,26,26,26
371259,1,1,1987,0,0,0,0,0,0,0,0,0,0
371259,2,1,1987,0,0,0,0,0,0,0,0,0,0
371260,1,1,1987,0,0,0,0,0,0,0,0,0,0
371261,1,1,1987,11,11,11,11,11,11,11,11,11,11
371262,1,1,1987,15,15,15,15,15,15,15,15,15,15
371263,1,1,1987,0,0,0,0,0,0,0,0,0,0
371263,2,1,1987,0,0,0,0,0,0,0,0,0,0
371264,1,1,1987,0,0,4,0,6,10,0,0,4,6
371265,1,1,1987,19,19,19,19,19,19,19,19,19,19
371266,1,1,1987,11,11,11,11,11,11,11,11,11,11
371267,1,1,1987,0,0,0,0,0,0,0,5,0,0
371268,1,1,1987,46,46,46,46,46,46,46,46,46,46
371269,1,1,1987,16,16,16,16,16,16,16,16,16,16
371270,0,1,1987,0,0,0,0,0,0,0,0,0,0
371270,1,1,1987,0,0,0,0,0,0,0,7,0,0
371271,1,1,1987,0,0,0,0,0,0,0,0,0,0
371271,2,1,1987,0,0,0,0,0,0,0,0,0,0
371272,1,1,1987,17,10,7,24,11,28,13,15,7,19
371272,2,1,1987,0,0,0,0,0,0,0,0,0,0
371273,0,1,1987,27,27,27,27,27,27,27,27,27,27
371273,1,1,1987,0,0,0,0,0,0,20,0,0,0
371274,0,1,1987,0,0,0,0,0,0,0,0,0,0
371274,1,1,1987,0,0,0,0,0,0,10,0,0,0
371275,1,1,1987,0,0,0,0,0,0,0,0,0,0
371275,2,1,1987,0,0,0,0,0,0,0,0,0,0
371276,1,1,1987,14,14,14,14,14,14,14,14,14,14
371277,1,1,1987,0,17,0,0,0,10,0,0,8,0
371278,1,1,1987,0,0,0,0,0,0,0,0,18,0
371278,2,1,1987,0,0,0,0,0,0,0,14,0,0
371279,1,1,1987,11,11,11,11,11,11,11,11,11,11
371280,0,1,1987,0,0,0,0,0,0,0,0,0,0
371280,0,2,1987,0,0,0,0,0,0,0,0,0,0
371280,1,1,1987,0,0,0,0,0,0,0,0,0,0
371281,1,1,1987,0,0,0,0,0,0,0,0,0,0
371281,2,1,1987,0,0,0,0,0,0,0,0,0,0
371282,0,1,1987,0,0,0,0,0,0,0,0,0,0
371282,1,1,1987,0,0,0,0,0,0,0,0,0,0
371283,1,1,1987,0,0,0,0,0,0,0,0,0,0
371283,2,1,1987,0,0,0,0,0,0,0,0,0,0
371284,1,1,1987,0,0,0,0,0,0,0,0,0,0
371285,0,1,1987,0,0,0,0,0,0,0,0,0,0
371285,0,2,1987,0,0,0,0,0,0,0,0,0,0
371285,1,1,1987,0,0,0,0,0,0,0,0,0,0
371286,1,1,1987,0,0,0,0,0,0,0,0,0,0
371286,2,1,1987,0,0,0,0,0,0,0,0,0,0
371288,1,1,1987,8,16,0,0,0,0,0,0,0,0
371289,1,1,1987,29,29,29,29,29,29,29,29,29,29
371290,1,1,1987,18,18,18,18,18,18,18,18,18,18
371291,1,1,1987,0,27,0,0,6,0,10,0,15,0
371292,0,1,1987,0,0,0,0,0,0,0,0,0,0
371292,1,1,1987,0,0,0,0,0,0,0,0,0,0
371293,0,1,1987,0,0,0,0,0,0,0,0,0,0
371293,1,1,1987,0,0,0,0,0,0,0,0,0,0
371294,1,1,1987,13,19,14,9,16,21,11,8,20,19
371295,0,1,1987,23,23,23,23,23,23,23,23,23,23
371295,1,1,1987,0,0,0,0,0,0,0,22,0,0
371296,1,1,1987,0,0,0,0,0,0,0,0,0,0
371297,1,1,1987,6,18,6,9,12,8,0,4,10,0
371298,1,1,1987,10,10,10,10,10,10,10,10,10,10
371299,0,1,1987,27,27,27,27,27,27,27,27,27,27
371299,1,1,1987,0,0,0,0,17,0,0,0,0,0
371300,1,1,1987,11,15,35,20,14,7,14,22,9,13
371300,2,1,1987,0,0,0,0,0,0,0,0,0,0
371301,1,1,1987,0,0,0,23,0,0,0,0,0,0
371301,2,1,1987,0,0,0,0,0,0,0,18,0,0
371302,1,1,1987,0,0,0,0,0,0,0,0,0,0
371302,2,1,1987,0,0,0,0,0,0,0,0,0,0
371303,1,1,1987,0,0,0,0,0,0,0,0,0,0
371303,2,1,1987,16,15,18,11,12,15,9,7,13,20
371304,1,1,1987,0,0,0,0,0,0,0,0,0,0
371304,2,1,1987,0,0,0,0,0,0,0,0,0,0
371305,1,1,1987,24,24,24,24,24,24,24,24,24,24
371306,1,1,1987,4,4,4,4,4,4,4,4,4,4
371307,0,1,1987,0,19,0,0,0,0,0,0,0,0
371307,1,1,1987,0,0,0,0,0,0,0,0,0,0
371310,1,1,1987,26,26,26,26,26,26,26,26,26,26
371311,0,1,1987,0,0,0,0,0,0,0,0,0,0
371311,1,1,1987,14,13,0,0,0,0,15,25,0,0
371312,1,1,1987,19,19,19,19,19,19,19,19,19,19
371313,1,1,1987,25,12,11,23,14,23,33,10,0,21
371314,1,1,1987,19,19,19,19,19,19,19,19,19,19
371314,2,1,1987,0,0,0,0,12,0,0,0,0,0
371315,1,1,1987,17,16,35,14,30,14,24,18,14,16
371315,2,1,1987,0,0,0,0,0,0,0,0,0,0
371316,1,1,1987,0,0,0,0,0,0,0,0,0,0
371316,2,1,1987,0,0,0,0,0,0,0,0,0,0
371317,1,1,1987,19,19,19,19,19,19,19,19,19,19
371317,2,1,1987,0,0,0,0,0,0,0,0,0,0
371318,1,1,1987,17,17,17,17,17,17,17,17,17,17
371319,0,1,1987,0,0,0,17,0,24,0,0,31,26
371319,1,1,1987,13,0,31,0,22,21,27,28,0,0
371320,1,1,1987,0,0,0,0,0,0,0,0,0,0
371320,2,1,1987,0,0,0,9,17,0,18,0,0,0
371321,1,1,1987,14,12,0,8,24,16,21,15,10,33
371322,1,1,1987,0,0,0,0,0,0,0,0,0,0
371322,2,1,1987,12,4,18,14,6,31,12,0,28,2
371323,1,1,1987,9,9,9,9,9,9,9,9,9,9
371323,2,1,1987,0,0,0,0,0,0,0,0,0,0
371324,0,1,1987,29,29,29,29,29,29,29,29,29,29
371324,1,1,1987,0,0,0,0,0,0,0,0,0,0
371325,1,1,1987,0,0,0,0,0,0,0,0,0,0
371326,1,1,1987,0,0,0,0,0,0,0,0,0,0
371327,1,1,1987,0,0,0,0,0,0,0,0,0,0
371327,2,1,1987,0,0,0,0,0,0,0,0,0,0
371328,1,1,1987,29,29,29,29,29,29,29,29,29,29
371329,1,1,1987,0,0,0,0,0,0,0,0,0,0
371329,2,1,1987,0,0,0,0,0,0,0,0,0,0
371330,0,1,1987,11,11,11,11,11,11,11,11,11,11
371330,1,1,1987,0,0,0,0,0,0,0,0,0,0
371331,1,1,1987,0,0,0,0,0,0,0,0,0,0
371331,2,1,1987,0,0,0,0,0,0,0,0,0,0
371332,0,1,1987,0,0,0,0,0,0,0,0,0,0
371332,1,1,1987,0,0,0,0,0,0,0,0,0,0
371333,1,1,1987,0,0,0,0,0,0,0,0,0,0
371334,0,1,1987,0,0,0,0,0,0,0,0,0,0
371334,1,1,1987,0,0,0,0,0,0,0,0,0,0
371335,1,1,1987,0,0,0,0,0,0,0,0,0,0
371336,1,1,1987,0,0,0,0,0,0,0,0,0,0
371337,0,1,1987,0,0,0,0,0,0,0,0,0,0
371337,1,1,1987,0,0,0,0,0,0,0,0,0,0
371338,1,1,1987,0,0,0,0,0,0,0,0,0,0
371339,0,1,1987,0,0,0,0,0,0,0,0,0,0
371339,1,1,1987,0,0,0,0,0,0,0,0,0,0
371340,1,1,1987,0,0,0,0,0,0,0,0,0,0
371341,1,1,1987,0,0,0,0,0,0,0,0,0,0
371342,1,1,1987,15,20,19,20,31,13,18,17,0,21
371343,1,1,1987,0,0,29,0,0,0,0,0,0,0
371343,2,1,1987,0,0,0,0,0,0,0,0,0,0
371344,1,1,1987,0,0,0,0,0,0,0,0,0,0
371344,2,1,1987,0,0,0,0,0,0,0,0,0,0
371345,1,1,1987,14,6,2,8,22,27,6,13,14,0
371346,1,1,1987,10,10,10,10,10,10,10,10,10,10
371347,1,1,1987,15,15,15,15,15,15,15,15,15,15
371348,1,1,1987,16,16,16,16,16,16,16,16,16,16
371349,1,1,1987,0,0,0,29,0,0,0,0,0,0
371349,2,1,1987,0,0,0,0,0,0,0,0,0,0
371350,1,1,1987,0,0,0,0,0,0,0,13,0,10
371351,1,1,1987,0,0,0,0,0,0,0,0,0,0
371352,1,1,1987,21,21,21,21,21,21,21,21,21,21
371353,1,1,1987,0,0,0,0,0,0,0,0,0,0
371353,2,1,1987,0,0,0,0,0,0,0,0,0,0
371354,1,1,1987,12,12,12,12,12,12,12,12,12,12
371355,0,1,1987,21,21,21,21,21,21,21,21,21,21
371355,1,1,1987,0,0,0,0,0,0,0,0,0,14
371356,1,1,1987,0,0,0,0,0,0,0,0,0,0
371356,2,1,1987,0,0,0,16,0,0,0,0,0,0
371357,1,1,1987,32,32,32,32,32,32,32,32,32,32
371358,1,1,1987,0,0,0,0,0,0,0,0,0,0
371358,2,1,1987,0,0,0,0,0,0,0,0,0,0
371359,1,1,1987,18,26,11,0,18,5,29,21,7,8
371359,2,1,1987,0,0,0,0,0,0,0,0,0,0
371360,1,1,1987,0,0,0,13,0,0,0,0,0,0
371360,2,1,1987,0,0,0,0,0,0,0,0,0,0
371361,1,1,1987,0,0,0,0,0,0,0,0,0,0
371361,2,1,1987,0,0,0,0,0,0,0,0,0,0
371361,3,1,1987,0,0,0,0,0,0,0,0,0,0
371362,1,1,1987,18,18,18,18,18,18,18,18,18,18
371363,1,1,1987,8,8,8,8,8,8,8,8,8,8
371364,1,1,1987,7,7,7,7,7,7,7,7,7,7
371365,1,1,1987,21,21,21,21,21,21,21,21,21,21
371365,2,1,1987,0,0,0,0,0,0,0,0,0,0
371366,1,1,1987,0,0,0,0,0,0,0,0,13,0
371366,2,1,1987,0,0,0,0,0,0,0,0,0,0
371367,1,1,1987,0,0,0,0,0,0,0,0,0,0
371368,1,1,1987,23,23,23,23,23,23,23,23,23,23
371368,2,1,1987,0,0,0,0,0,0,0,0,13,0
371369,1,1,1987,9,9,9,9,9,9,9,9,9,9
371370,1,1,1987,11,6,14,8,11,22,8,12,18,11
371370,2,1,1987,23,23,23,23,23,23,23,23,23,23
371371,1,1,1987,6,0,0,17,0,9,7,0,10,0
371371,2,1,1987,0,0,0,0,0,0,0,0,0,0
371371,3,1,1987,0,0,0,0,0,0,0,0,0,0
371371,4,1,1987,0,0,0,0,0,0,0,0,0,0
371371,5,1,1987,0,0,0,0,0,0,0,0,0,0
371372,1,1,1987,14,4,11,0,17,3,0,5,15,13
371373,0,1,1987,0,0,0,0,0,0,0,0,0,0
371373,1,1,1987,0,6,0,0,0,0,0,0,0,0
371374,1,1,1987,0,0,0,0,0,0,0,0,0,0
371375,1,1,1987,0,0,0,0,0,0,0,0,0,0
371375,2,1,1987,0,0,0,0,0,0,0,0,0,0
371376,1,1,1987,0,0,0,0,0,0,0,0,0,0