ST_CASE,VEH_NO,PER_NO,YEAR,P1,P2,P3,P4,P5,P6,P7,P8,P9,P10
371376,2,1,1987,0,0,0,0,0,0,0,0,0,0
371376,3,1,1987,0,0,0,0,0,0,0,0,0,0
371377,1,1,1987,0,0,0,0,0,0,0,0,0,0
371377,2,1,1987,9,31,5,11,12,11,31,19,13,13
371378,1,1,1987,27,26,10,17,9,19,6,9,27,7
371378,2,1,1987,0,0,0,0,0,0,0,0,0,0
371379,1,1,1987,0,0,0,0,0,0,0,0,0,0
371379,2,1,1987,0,0,0,0,0,0,0,0,0,0
371380,1,1,1987,24,24,24,24,24,24,24,24,24,24
371381,1,1,1987,14,15,0,9,21,0,34,9,17,0
371381,2,1,1987,0,16,0,0,0,0,9,0,0,0
371382,1,1,1987,0,0,0,0,0,0,0,0,0,0
371382,2,1,1987,15,19,0,0,9,0,0,0,0,0
371383,1,1,1987,16,20,5,0,0,7,0,0,20,21
371383,2,1,1987,12,2,22,25,13,9,10,13,12,0
371384,1,1,1987,0,0,0,0,0,0,0,0,0,0
371385,1,1,1987,0,0,0,0,0,0,0,0,0,0
371385,2,1,1987,22,22,22,22,22,22,22,22,22,22
371386,1,1,1987,0,0,0,0,0,0,0,0,0,0
371387,0,1,1987,0,0,0,0,0,0,0,0,0,0
371387,1,1,1987,0,0,0,0,0,0,0,0,0,0
371388,0,1,1987,0,0,0,0,0,0,0,0,0,0
371388,1,1,1987,0,0,0,0,0,0,0,0,0,0
371389,1,1,1987,8,8,8,8,8,8,8,8,8,8
371390,1,1,1987,11,11,11,11,11,11,11,11,11,11
371391,1,1,1987,0,0,0,0,0,0,0,0,0,0
371391,2,1,1987,0,0,0,0,0,0,0,0,0,0
371392,1,1,1987,0,0,0,0,0,0,0,0,0,0
371393,1,1,1987,0,0,0,0,0,0,0,0,0,0
371393,2,1,1987,0,0,0,0,0,0,0,0,0,0
371394,0,1,1987,40,40,40,40,40,40,40,40,40,40
371394,1,1,1987,0,5,0,0,0,0,27,0,0,15
371395,1,1,1987,0,0,0,0,0,0,0,0,0,0
371395,2,1,1987,15,22,8,9,18,19,0,23,3,23
371396,1,1,1987,0,0,0,0,0,0,0,0,0,0
371396,2,1,1987,0,0,0,0,0,0,0,0,0,0
371397,1,1,1987,14,14,14,14,14,14,14,14,14,14
371398,1,1,1987,0,0,0,0,0,0,0,0,0,0
371398,2,1,1987,0,0,0,0,0,0,0,0,0,0
371399,1,1,1987,16,16,16,16,16,16,16,16,16,16
371400,1,1,1987,17,0,7,13,0,3,7,3,0,15
371400,2,1,1987,2,2,2,2,2,2,2,2,2,2
371401,1,1,1987,0,0,0,0,0,0,0,0,0,0
371401,2,1,1987,0,0,0,0,0,0,0,0,0,0
371402,0,1,1987,0,0,0,0,0,0,0,0,0,0
371402,0,2,1987,4,8,9,2,0,0,0,4,0,0
371402,1,1,1987,32,0,19,46,18,7,20,31,20,17
371403,1,1,1987,21,21,21,21,21,21,21,21,21,21
371404,1,1,1987,0,0,0,0,0,0,0,0,13,0
371404,2,1,1987,28,28,28,28,28,28,28,28,28,28
371405,1,1,1987,11,11,11,11,11,11,11,11,11,11
371406,1,1,1987,14,14,14,14,14,14,14,14,14,14
371407,1,1,1987,0,0,0,0,0,0,0,0,0,0
371407,2,1,1987,0,0,0,0,0,0,0,0,0,0
371408,1,1,1987,23,23,23,23,23,23,23,23,23,23
371409,0,1,1987,0,0,0,0,0,0,0,0,0,0
371409,1,1,1987,23,20,16,2,8,7,8,8,0,0
371410,1,1,1987,12,12,15,13,18,39,40,42,29,14
371411,1,1,1987,15,0,0,0,0,0,0,0,0,21
371412,1,1,1987,12,12,12,12,12,12,12,12,12,12
371412,2,1,1987,0,0,0,0,0,0,0,0,0,0
371413,1,1,1987,0,0,0,0,0,0,0,0,0,0
371413,2,1,1987,0,0,14,0,0,15,0,0,0,0
371414,1,1,1987,20,20,20,20,20,20,20,20,20,20
371415,1,1,1987,0,0,0,0,0,0,0,0,0,0
371415,2,1,1987,0,0,0,0,0,0,0,0,0,0
371415,3,1,1987,0,0,0,0,0,0,0,0,0,0
371416,1,1,1987,10,10,10,10,10,10,10,10,10,10
371417,1,1,1987,0,12,15,0,14,12,0,0,0,0
371417,2,1,1987,0,0,0,0,0,0,0,0,0,0
371418,1,1,1987,0,0,0,0,0,0,0,0,0,0
371418,2,1,1987,0,0,0,0,0,0,0,0,0,0
371419,1,1,1987,0,0,0,0,0,0,0,0,0,0
371420,1,1,1987,4,4,4,4,4,4,4,4,4,4
371420,2,1,1987,13,11,11,15,13,17,17,8,12,9
371421,1,1,1987,0,0,0,0,12,0,0,0,0,0
371422,0,1,1987,0,0,40,34,0,12,9,17,40,13
371422,1,1,1987,0,0,0,0,0,0,0,0,0,0
371423,1,1,1987,0,0,0,0,0,0,0,0,0,0
371423,2,1,1987,0,16,0,0,0,0,0,0,0,0
371424,1,1,1987,0,0,0,0,0,0,0,0,0,0
371425,1,1,1987,0,0,0,0,0,0,0,0,0,0
371425,2,1,1987,0,0,0,0,0,0,0,0,0,0
371426,1,1,1987,22,0,0,0,0,0,0,0,0,0
371426,2,1,1987,0,13,0,19,5,14,22,9,20,13
371427,1,1,1987,0,0,0,0,0,0,0,0,0,0
371427,2,1,1987,0,0,0,0,0,0,0,0,0,0
371428,1,1,1987,10,0,0,14,25,8,8,8,23,0
371428,2,1,1987,0,18,0,0,0,0,0,0,0,0
371429,1,1,1987,19,22,8,15,26,16,0,24,28,24
371429,2,1,1987,0,0,0,0,0,0,0,0,0,0
371430,1,1,1987,19,19,19,19,19,19,19,19,19,19
371430,2,1,1987,0,0,0,0,0,0,0,0,0,0
371431,1,1,1987,0,0,0,0,0,0,0,0,0,0
371432,1,1,1987,0,0,0,0,0,0,0,0,0,0
371433,0,1,1987,0,0,0,0,0,0,0,0,0,0
371433,1,1,1987,0,14,0,16,0,0,0,7,0,0
371434,1,1,1987,0,0,0,0,0,0,0,15,0,0
371434,2,1,1987,7,0,0,0,0,0,0,0,0,0
371435,1,1,1987,0,0,0,0,0,0,0,0,0,0
371436,0,1,1987,0,21,15,10,0,0,18,24,0,6
371436,1,1,1987,0,22,8,17,5,11,14,0,13,7
380001,1,1,1987,0,0,0,0,0,6,0,0,4,9
380002,1,1,1987,0,0,0,0,0,0,0,0,0,0
380003,1,1,1987,0,0,0,0,0,0,0,0,0,0
380003,2,1,1987,0,0,0,0,0,0,0,0,0,0
380004,0,1,1987,25,0,0,20,0,0,0,0,22,13
380004,1,1,1987,0,0,0,0,0,0,0,0,0,0
380005,1,1,1987,26,26,26,26,26,26,26,26,26,26
380006,0,1,1987,0,0,0,0,0,0,0,0,0,0
380007,1,1,1987,28,28,28,28,28,28,28,28,28,28
380008,0,1,1987,0,0,0,0,17,0,0,15,0,0
380008,1,1,1987,0,0,0,0,0,0,0,0,0,0
380009,1,1,1987,13,13,13,13,13,13,13,13,13,13
380009,2,1,1987,25,25,25,25,25,25,25,25,25,25
380010,1,1,1987,16,16,16,16,16,16,16,16,16,16
380011,1,1,1987,16,16,16,16,16,16,16,16,16,16
380011,2,1,1987,8,16,0,0,0,0,0,0,0,0
380012,1,1,1987,13,13,13,13,13,13,13,13,13,13
380012,2,1,1987,28,28,28,28,28,28,28,28,28,28
380013,1,1,1987,0,0,16,13,0,11,24,19,12,17
380014,1,1,1987,22,22,22,22,22,22,22,22,22,22
380015,1,1,1987,0,0,0,0,0,0,0,0,0,0
380015,2,1,1987,0,0,0,0,0,0,0,0,0,0
380016,1,1,1987,0,0,0,0,0,0,13,21,0,0
380016,2,1,1987,10,0,0,0,0,0,0,0,0,0
380017,1,1,1987,18,48,21,18,19,9,15,5,24,14
380018,1,1,1987,0,0,0,0,0,0,0,0,0,0
380018,2,1,1987,0,0,0,0,0,0,0,0,0,0
380019,1,1,1987,0,0,0,30,9,0,0,0,0,0
380019,2,1,1987,12,0,0,0,0,0,0,0,0,0
380021,1,1,1987,23,23,23,23,23,23,23,23,23,23
380022,1,1,1987,7,0,0,0,0,5,0,0,0,0
380023,1,1,1987,0,0,0,0,0,0,4,0,0,0
380023,2,1,1987,0,0,0,0,0,0,0,0,0,0
380024,1,1,1987,10,10,10,10,10,10,10,10,10,10
380024,2,1,1987,0,0,0,0,0,0,0,0,0,0
380025,1,1,1987,0,0,0,0,0,0,0,0,0,0
380026,1,1,1987,0,0,0,0,0,0,11,11,8,0
380026,2,1,1987,0,0,0,0,0,0,0,0,0,0
380027,1,1,1987,0,58,7,0,0,0,14,0,0,0
380028,1,1,1987,0,0,0,0,6,0,0,0,0,0
380028,2,1,1987,0,0,0,0,0,0,0,0,0,0
380029,0,1,1987,5,0,0,0,46,0,0,0,0,0
380029,1,1,1987,6,0,11,0,0,0,0,10,0,0
380030,1,1,1987,12,12,12,12,12,12,12,12,12,12
380031,0,1,1987,14,14,14,14,14,14,14,14,14,14
380031,1,1,1987,0,0,0,0,0,0,0,0,0,19
380032,1,1,1987,0,0,0,0,0,0,0,0,0,15
380032,2,1,1987,0,0,0,0,0,0,0,0,0,0
380033,0,1,1987,0,0,0,0,0,0,0,0,0,0
380033,1,1,1987,0,0,0,0,0,0,0,0,0,17
380034,1,1,1987,0,0,0,0,0,0,0,0,0,0
380034,2,1,1987,0,0,0,0,0,0,0,0,0,0
380035,1,1,1987,9,15,9,25,5,22,13,19,20,38
380036,1,1,1987,11,11,11,11,11,11,11,11,11,11
380037,1,1,1987,0,3,8,0,0,12,0,0,0,0
380038,1,1,1987,0,0,4,9,0,0,6,0,9,0
380039,1,1,1987,25,25,25,25,25,25,25,25,25,25
380040,0,1,1987,0,0,0,0,0,0,0,0,0,0
380040,1,1,1987,0,0,0,0,0,0,0,0,0,0
380041,0,1,1987,0,0,0,0,0,0,0,0,0,0
380041,1,1,1987,12,0,0,0,0,0,0,0,0,0
380042,0,1,1987,0,0,0,0,0,0,0,0,0,0
380042,1,1,1987,10,0,0,0,0,0,0,0,0,0
380043,1,1,1987,17,17,17,17,17,17,17,17,17,17
380044,1,1,1987,0,0,0,0,0,0,0,0,0,0
380044,2,1,1987,0,0,0,0,0,0,0,0,0,0
380045,0,1,1987,0,0,0,12,0,0,0,10,0,0
380045,1,1,1987,8,8,8,8,8,8,8,8,8,8
380046,1,1,1987,21,21,21,21,21,21,21,21,21,21
380047,1,1,1987,13,0,29,28,20,12,11,7,0,21
380048,1,1,1987,16,16,16,16,16,16,16,16,16,16
380049,1,1,1987,24,24,24,24,24,24,24,24,24,24
380050,1,1,1987,29,0,0,4,0,16,0,6,16,10
380050,2,1,1987,0,15,0,0,0,19,0,11,7,0
380051,1,1,1987,0,0,0,0,0,0,0,0,0,0
380051,2,1,1987,16,16,16,16,16,16,16,16,16,16
380052,1,1,1987,23,23,23,23,23,23,23,23,23,23
380053,1,1,1987,16,16,16,16,16,16,16,16,16,16
380054,1,1,1987,0,0,0,0,0,0,0,0,0,0
380054,2,1,1987,0,0,0,0,0,0,0,0,0,0
380055,1,1,1987,0,0,0,0,0,0,0,0,0,0
380056,1,1,1987,11,0,0,8,0,0,0,0,14,0
380057,1,1,1987,0,0,0,0,0,0,0,0,0,0
380057,2,1,1987,0,0,0,0,0,0,0,0,0,0
380058,1,1,1987,0,11,0,0,18,0,13,0,0,0
380059,1,1,1987,17,17,17,17,17,17,17,17,17,17
380059,2,1,1987,0,0,0,0,0,0,0,0,0,0
380060,0,1,1987,0,0,0,0,0,0,0,0,0,0
380060,1,1,1987,31,0,0,0,0,0,0,0,0,0
380061,1,1,1987,0,0,0,10,0,0,0,0,9,0
380061,2,1,1987,0,0,0,0,0,0,0,0,0,0
380062,1,1,1987,17,0,0,0,26,23,11,23,10,0
380063,1,1,1987,0,0,0,0,0,16,0,21,0,0
380063,2,1,1987,0,0,0,0,0,0,0,0,0,0
380064,1,1,1987,18,18,18,18,18,18,18,18,18,18
380065,1,1,1987,0,0,0,0,0,0,0,0,0,0
380065,2,1,1987,0,0,0,0,0,0,0,0,0,0
380066,1,1,1987,18,18,18,18,18,18,18,18,18,18
380067,1,1,1987,7,7,7,7,7,7,7,7,7,7
380067,2,1,1987,0,0,0,0,0,0,0,0,0,0
380068,1,1,1987,0,0,0,0,0,0,0,28,0,0
380068,2,1,1987,0,0,0,0,0,0,0,0,0,0
380069,1,1,1987,30,30,30,30,30,30,30,30,30,30
380070,1,1,1987,18,12,7,0,21,20,0,13,10,12
380070,2,1,1987,8,8,8,8,8,8,8,8,8,8
380070,3,1,1987,0,0,0,0,0,5,0,0,0,9
380071,1,1,1987,22,22,22,22,22,22,22,22,22,22
380072,1,1,1987,30,30,30,30,30,30,30,30,30,30
380073,1,1,1987,18,18,18,18,18,18,18,18,18,18
380075,1,1,1987,23,23,23,23,23,23,23,23,23,23
380076,1,1,1987,10,15,10,17,17,5,11,21,19,22
380077,1,1,1987,0,0,0,0,0,0,0,0,0,0
380077,2,1,1987,0,0,0,0,0,0,0,0,0,0
380078,1,1,1987,0,0,0,0,0,0,0,0,0,0
380079,1,1,1987,0,0,0,0,0,13,15,0,0,0
380080,1,1,1987,20,20,20,20,20,20,20,20,20,20
380080,2,1,1987,0,0,0,0,0,0,0,0,0,0
380081,1,1,1987,0,0,0,0,0,0,0,8,0,0
380081,2,1,1987,23,0,0,0,0,0,0,11,26,6
380082,1,1,1987,0,0,0,0,0,0,0,0,0,0
380082,2,1,1987,0,0,0,0,0,0,0,0,0,0
380083,1,1,1987,16,16,16,16,16,16,16,16,16,16
380084,1,1,1987,16,16,16,16,16,16,16,16,16,16
380085,1,1,1987,19,19,19,19,19,19,19,19,19,19
380086,1,1,1987,20,20,20,20,20,20,20,20,20,20
380087,1,1,1987,20,31,20,0,0,0,19,35,0,33
380087,2,1,1987,0,0,0,16,0,0,0,0,0,0
380088,1,1,1987,0,0,0,0,0,0,0,0,0,0
380089,1,1,1987,0,0,0,0,0,0,0,0,0,0
380090,1,1,1987,0,0,0,0,0,0,0,0,0,0
380091,1,1,1987,0,0,0,0,0,0,0,0,12,15
380092,1,1,1987,0,0,0,0,0,0,0,0,0,0
380092,2,1,1987,0,0,0,0,0,0,13,20,0,0
390001,1,1,1987,17,17,17,17,17,17,17,17,17,17
390002,1,1,1987,0,0,0,0,0,0,0,0,0,17
390002,2,1,1987,0,0,0,0,0,0,0,0,0,0
390003,1,1,1987,12,26,15,20,13,18,26,25,21,23
390003,2,1,1987,0,0,0,0,0,0,0,0,0,0
390003,3,1,1987,0,0,0,0,0,0,0,0,0,0
390004,0,1,1987,3,3,3,3,3,3,3,3,3,3
390004,1,1,1987,0,0,0,0,0,0,0,0,0,0
390005,1,1,1987,0,0,0,0,0,0,0,0,0,0
390006,1,1,1987,0,0,0,0,0,0,0,0,0,0
390006,2,1,1987,0,0,0,0,0,0,0,0,0,0
390008,0,1,1987,17,0,0,16,0,16,8,0,0,0
390008,1,1,1987,0,11,0,0,0,0,0,0,0,0
390009,0,1,1987,5,0,0,0,0,0,0,5,0,14
390009,1,1,1987,0,0,0,0,0,0,0,0,0,0
390010,1,1,1987,0,0,0,0,0,0,0,0,0,16
390010,2,1,1987,0,0,0,0,0,0,18,0,10,0
390011,1,1,1987,0,0,0,0,0,0,0,0,0,0
390012,1,1,1987,44,0,0,0,0,16,0,21,0,0
390013,1,1,1987,0,8,0,0,0,0,0,0,0,0
390013,2,1,1987,0,0,0,0,0,0,0,0,0,0
390014,0,1,1987,0,0,0,0,16,0,0,0,16,0
390014,1,1,1987,0,0,0,0,0,0,0,0,0,0
390015,1,1,1987,13,13,13,13,13,13,13,13,13,13
390016,1,1,1987,9,9,9,9,9,9,9,9,9,9
390017,1,1,1987,0,0,0,0,0,0,0,0,0,0
390017,2,1,1987,27,27,27,27,27,27,27,27,27,27
390018,1,1,1987,14,14,14,14,14,14,14,14,14,14
390019,1,1,1987,0,7,0,0,10,0,12,20,0,34
390020,1,1,1987,0,0,0,0,0,0,0,0,0,0
390021,1,1,1987,0,0,0,0,0,0,0,0,0,0
390021,2,1,1987,0,0,0,0,0,0,0,0,0,0
390022,0,1,1987,0,0,0,0,0,0,0,0,0,0
390022,1,1,1987,0,0,0,0,0,0,0,0,0,0
390023,0,1,1987,33,33,33,33,33,33,33,33,33,33
390023,1,1,1987,0,0,0,0,0,0,0,0,0,0
390024,1,1,1987,17,17,17,17,17,17,17,17,17,17
390025,1,1,1987,27,27,27,27,27,27,27,27,27,27
390026,1,1,1987,0,0,27,0,0,0,5,0,0,5
390026,2,1,1987,24,24,24,24,24,24,24,24,24,24
390027,1,1,1987,0,0,0,0,0,0,0,0,0,0
390027,2,1,1987,0,0,0,0,0,0,0,0,0,0
390028,1,1,1987,35,35,35,35,35,35,35,35,35,35
390029,0,1,1987,16,16,16,16,16,16,16,16,16,16
390029,1,1,1987,0,0,16,0,0,0,0,0,12,8
390030,1,1,1987,5,5,5,5,5,5,5,5,5,5
390031,1,1,1987,6,12,4,18,23,22,7,28,14,14
390032,1,1,1987,19,19,19,19,19,19,19,19,19,19
390033,1,1,1987,0,0,0,0,0,0,0,0,0,0
390033,2,1,1987,0,0,0,0,0,0,0,0,0,9
390034,1,1,1987,0,0,0,0,0,0,0,0,0,0
390034,2,1,1987,0,0,0,0,0,0,0,0,0,0
390035,1,1,1987,0,0,0,0,31,0,13,0,0,0
390035,2,1,1987,0,0,0,0,0,0,0,0,0,0
390036,1,1,1987,0,0,0,0,0,0,0,0,0,0
390037,1,1,1987,22,22,22,22,22,22,22,22,22,22
390038,1,1,1987,10,0,0,0,0,0,0,0,0,0
390039,1,1,1987,0,0,0,0,0,0,0,0,0,7
390039,2,1,1987,0,0,0,0,0,0,0,0,0,0
390040,1,1,1987,11,19,0,0,7,18,16,0,18,0
390041,1,1,1987,10,6,14,16,8,10,42,31,15,10
390042,1,1,1987,0,0,11,0,0,0,0,0,0,0
390042,2,1,1987,0,0,0,0,0,0,0,0,0,0
390043,0,1,1987,0,0,0,0,0,0,0,0,0,0
390043,1,1,1987,0,0,0,0,0,0,0,0,0,0
390044,1,1,1987,0,0,0,0,0,0,0,0,0,0
390044,2,1,1987,0,0,0,0,0,0,0,0,25,0
390045,1,1,1987,5,21,15,22,34,43,18,24,16,24
390046,0,1,1987,13,0,0,0,0,0,0,0,0,0
390046,1,1,1987,15,0,11,13,7,12,14,10,14,7
390047,1,1,1987,0,0,0,0,0,0,0,0,0,0
390048,1,1,1987,0,0,10,0,0,0,0,0,7,0
390048,2,1,1987,4,4,4,4,4,4,4,4,4,4
390049,1,1,1987,18,18,18,18,18,18,18,18,18,18
390050,1,1,1987,0,0,0,18,8,0,0,0,0,0
390050,2,1,1987,0,0,0,0,0,0,0,0,0,0
390051,1,1,1987,0,0,6,11,0,20,0,0,0,16
390052,1,1,1987,26,26,26,26,26,26,26,26,26,26
390056,1,1,1987,8,8,8,8,8,8,8,8,8,8
390057,0,1,1987,0,0,0,0,0,0,0,0,0,0
390057,1,1,1987,0,10,0,0,0,0,0,0,0,0
390058,0,1,1987,0,0,0,0,0,0,0,0,0,0
390058,1,1,1987,0,0,0,0,0,0,0,0,0,0
390059,1,1,1987,13,13,13,13,13,13,13,13,13,13
390059,2,1,1987,0,0,0,0,0,0,0,0,0,0
390060,1,1,1987,0,0,13,0,0,0,0,0,0,0
390061,1,1,1987,0,0,0,8,0,0,0,0,0,0
390061,2,1,1987,0,6,26,0,0,0,20,0,0,0
390062,1,1,1987,0,0,0,0,0,0,0,0,14,13
390062,2,1,1987,4,0,0,0,0,0,0,0,0,0
390063,1,1,1987,0,0,0,0,0,0,0,0,0,0
390063,2,1,1987,0,0,0,0,0,0,0,0,0,0
390064,1,1,1987,0,0,0,0,0,0,0,0,0,0
390064,2,1,1987,18,0,0,0,0,0,0,0,0,0
390065,1,1,1987,7,7,7,7,7,7,7,7,7,7
390066,1,1,1987,0,31,34,19,0,0,17,0,0,0
390066,2,1,1987,0,0,0,9,12,9,0,0,0,0
390067,1,1,1987,0,0,0,0,0,0,0,0,0,0
390067,2,1,1987,0,0,0,0,0,0,0,0,0,0
390068,1,1,1987,0,0,0,0,0,0,0,0,0,0
390070,1,1,1987,0,0,0,0,0,0,0,0,0,0
390070,2,1,1987,0,0,0,0,0,0,0,0,15,0
390071,1,1,1987,0,8,0,0,0,0,0,0,0,0
390071,2,1,1987,0,0,0,27,0,0,0,31,0,11
390072,1,1,1987,28,28,28,28,28,28,28,28,28,28
390072,2,1,1987,0,0,0,0,0,0,0,0,0,0
390072,3,1,1987,0,0,0,0,0,0,0,0,0,0
390072,4,1,1987,0,0,0,23,0,0,0,0,0,0
390073,1,1,1987,10,0,0,0,12,0,12,0,0,11
390074,1,1,1987,0,0,0,9,18,29,7,0,0,0
390075,1,1,1987,0,0,0,0,0,0,0,0,0,0
390077,0,1,1987,9,22,20,0,19,34,1,27,10,9
390077,1,1,1987,0,0,0,0,0,16,0,0,0,0
390078,1,1,1987,19,19,19,19,19,19,19,19,19,19
390079,1,1,1987,20,20,20,20,20,20,20,20,20,20
390079,2,1,1987,0,0,0,0,0,0,0,0,0,0
390079,3,1,1987,0,0,0,17,0,0,0,0,0,7
390080,1,1,1987,0,0,0,0,0,0,0,0,0,0
390081,1,1,1987,0,0,0,0,0,0,0,0,0,0
390081,2,1,1987,0,0,0,0,0,0,0,0,0,0
390082,1,1,1987,0,0,0,0,0,0,0,0,0,0
390082,2,1,1987,14,0,0,0,0,0,15,0,0,0
390084,1,1,1987,30,30,30,30,30,30,30,30,30,30
390084,2,1,1987,0,16,0,0,0,0,0,0,0,0
390085,0,1,1987,0,0,0,0,0,0,0,0,0,0
390085,1,1,1987,0,0,0,0,0,0,8,0,0,0
390086,1,1,1987,16,16,16,16,16,16,16,16,16,16
390087,1,1,1987,0,12,0,4,15,19,24,0,0,12
390088,1,1,1987,5,0,0,7,12,0,11,13,13,7
390088,2,1,1987,0,0,0,0,0,18,0,0,0,0
390089,0,1,1987,0,0,0,0,0,0,0,0,0,0
390089,1,1,1987,0,0,0,0,0,0,0,0,0,0
390090,1,1,1987,0,0,0,16,0,0,0,0,0,0
390090,2,1,1987,0,0,0,41,0,0,0,0,0,0
390091,1,1,1987,0,0,0,0,0,0,0,0,0,0
390091,2,1,1987,0,0,14,0,0,0,0,0,0,0
390092,1,1,1987,0,0,0,0,0,0,0,0,0,0
390092,2,1,1987,0,0,0,0,0,0,0,0,0,0
390093,1,1,1987,0,0,0,18,0,0,0,0,0,0
390093,2,1,1987,0,0,0,0,0,0,0,0,0,0
390093,3,1,1987,0,0,0,0,26,0,0,0,0,0
390094,1,1,1987,0,0,0,0,0,0,0,0,0,0
390094,2,1,1987,0,0,0,0,0,0,0,0,0,0
390095,1,1,1987,0,0,0,0,0,0,0,0,0,0
390095,2,1,1987,0,0,0,0,0,0,0,0,0,4
390095,3,1,1987,0,0,0,0,0,0,0,0,0,0
390095,4,1,1987,0,0,0,0,0,0,0,0,0,0
390095,5,1,1987,0,0,0,0,0,0,0,0,0,0
390095,6,1,1987,0,0,0,0,0,37,0,0,0,0
390096,1,1,1987,0,0,0,0,0,0,0,0,0,0
390096,2,1,1987,0,0,0,0,0,0,0,0,0,0
390097,0,1,1987,23,35,10,23,15,18,11,13,24,29
390097,1,1,1987,0,0,2,6,0,0,0,17,0,0
390098,1,1,1987,0,0,0,0,0,0,0,0,0,0
390098,2,1,1987,24,24,24,24,24,24,24,24,24,24
390099,1,1,1987,17,17,17,17,17,17,17,17,17,17
390099,2,1,1987,0,0,0,0,0,0,0,0,0,0
390100,1,1,1987,20,20,20,20,20,20,20,20,20,20
390100,2,1,1987,16,16,16,16,16,16,16,16,16,16
390101,1,1,1987,5,5,5,5,5,5,5,5,5,5
390102,1,1,1987,11,11,11,11,11,11,11,11,11,11
390103,0,1,1987,0,0,0,0,0,0,0,0,0,0
390103,1,1,1987,14,14,14,14,14,14,14,14,14,14
390104,1,1,1987,0,0,0,0,0,0,0,0,0,0
390104,2,1,1987,0,19,0,0,0,0,0,0,8,0
390104,3,1,1987,0,0,0,0,0,0,0,0,0,0
390105,1,1,1987,0,0,0,0,0,0,0,0,0,0
390106,1,1,1987,21,21,21,21,21,21,21,21,21,21
390107,1,1,1987,0,0,0,0,0,0,0,0,0,0
390107,2,1,1987,0,0,0,0,0,0,0,0,0,0
390108,1,1,1987,4,4,4,4,4,4,4,4,4,4
390108,2,1,1987,0,0,0,0,0,0,0,0,0,0
390109,1,1,1987,11,13,10,23,11,4,6,14,16,8
390109,2,1,1987,7,7,7,7,7,7,7,7,7,7
390110,1,1,1987,0,0,0,0,0,0,0,0,0,0
390111,0,1,1987,27,27,27,27,27,27,27,27,27,27
390111,1,1,1987,0,0,0,0,0,0,0,0,0,0
390112,1,1,1987,7,7,7,7,7,7,7,7,7,7
390112,2,1,1987,19,19,19,19,19,19,19,19,19,19
390113,1,1,1987,8,8,8,8,8,8,8,8,8,8
390113,2,1,1987,0,0,0,0,0,0,0,0,0,0
390114,1,1,1987,17,17,17,17,17,17,17,17,17,17
390115,1,1,1987,11,11,11,11,11,11,11,11,11,11
390116,1,1,1987,0,0,0,0,8,0,0,0,0,0
390116,2,1,1987,11,0,0,0,0,0,0,0,0,0
390117,0,1,1987,0,0,0,0,0,0,0,0,0,0
390117,1,1,1987,0,0,0,0,0,12,0,0,0,0
390118,1,1,1987,0,0,0,0,0,0,0,0,0,0
390118,2,1,1987,0,0,28,9,0,0,0,0,0,0
390119,0,1,1987,0,0,16,0,0,0,0,0,0,0
390119,1,1,1987,0,0,19,0,0,0,0,0,0,0
390120,1,1,1987,0,0,0,0,0,19,24,0,0,0
390120,2,1,1987,0,0,0,0,0,0,0,0,0,0
390121,1,1,1987,20,20,20,20,20,20,20,20,20,20
390122,1,1,1987,0,0,0,0,0,0,0,0,0,0
390122,2,1,1987,0,0,0,0,0,0,4,0,0,0
390123,1,1,1987,0,0,3,0,0,0,0,0,0,0
390124,1,1,1987,0,0,0,0,0,0,0,0,0,0
390124,2,1,1987,0,0,0,0,0,0,0,0,0,0
390125,1,1,1987,0,0,0,0,0,0,0,0,0,0
390125,2,1,1987,0,0,0,0,0,0,0,0,0,0
390126,1,1,1987,14,46,13,11,12,11,13,18,18,7
390127,1,1,1987,0,0,0,0,0,0,0,0,0,0
390128,1,1,1987,0,0,0,0,0,0,0,0,0,0
390129,1,1,1987,0,0,0,0,0,0,0,0,0,0
390130,1,1,1987,32,32,32,32,32,32,32,32,32,32
390130,2,1,1987,0,0,0,0,0,0,0,0,0,0
390131,1,1,1987,13,13,13,13,13,13,13,13,13,13
390132,1,1,1987,27,27,27,27,27,27,27,27,27,27
390133,1,1,1987,0,0,0,0,0,0,0,0,0,0
390133,2,1,1987,0,0,0,0,0,0,0,0,0,0
390134,1,1,1987,18,18,18,18,18,18,18,18,18,18
390134,2,1,1987,0,13,0,0,0,0,0,0,0,0
390135,1,1,1987,26,26,26,26,26,26,26,26,26,26
390135,2,1,1987,26,0,0,0,0,0,23,26,0,0
390136,1,1,1987,0,0,0,0,0,0,0,0,0,0
390136,2,1,1987,0,0,0,0,0,0,0,0,0,0
390136,3,1,1987,3,3,3,3,3,3,3,3,3,3
390137,1,1,1987,8,8,8,8,8,8,8,8,8,8
390138,1,1,1987,14,14,14,14,14,14,14,14,14,14
390138,2,1,1987,0,20,0,0,0,0,0,0,0,0
390139,1,1,1987,0,0,0,0,0,0,0,0,14,0
390139,2,1,1987,0,0,0,0,0,0,0,0,0,0
390140,1,1,1987,0,0,0,0,0,0,0,0,0,0