ST_CASE,VEH_NO,PER_NO,YEAR,P1,P2,P3,P4,P5,P6,P7,P8,P9,P10
390431,1,1,1987,16,16,16,16,16,16,16,16,16,16
390432,1,1,1987,0,0,28,0,0,0,10,0,0,0
390432,2,1,1987,0,0,0,0,0,0,0,0,11,0
390433,1,1,1987,19,4,8,17,13,12,7,21,15,6
390434,1,1,1987,23,23,23,23,23,23,23,23,23,23
390435,1,1,1987,0,0,0,0,0,0,0,0,0,0
390436,1,1,1987,0,0,0,0,0,0,0,0,0,0
390437,1,1,1987,0,0,0,0,0,0,0,0,0,0
390438,1,1,1987,18,18,18,18,18,18,18,18,18,18
390438,2,1,1987,0,0,0,0,0,0,0,0,0,0
390440,1,1,1987,0,0,0,0,0,0,0,17,0,0
390440,2,1,1987,0,0,0,5,0,0,0,0,0,0
390441,1,1,1987,16,16,16,16,16,16,16,16,16,16
390442,1,1,1987,19,19,19,19,19,19,19,19,19,19
390442,2,1,1987,0,0,0,0,0,0,0,0,0,0
390443,1,1,1987,10,10,10,10,10,10,10,10,10,10
390443,2,1,1987,0,0,0,0,0,0,0,0,0,0
390444,1,1,1987,25,25,25,25,25,25,25,25,25,25
390445,1,1,1987,0,10,0,0,0,0,14,26,31,0
390446,1,1,1987,11,0,0,0,0,0,0,0,0,0
390447,1,1,1987,34,34,34,34,34,34,34,34,34,34
390448,1,1,1987,0,0,0,0,0,0,0,0,0,0
390448,2,1,1987,0,0,0,0,0,0,0,0,0,0
390449,1,1,1987,0,0,0,0,0,0,0,0,0,0
390450,1,1,1987,21,9,20,0,35,0,0,7,12,19
390450,2,1,1987,0,0,0,21,0,0,0,14,0,0
390452,1,1,1987,26,26,26,26,26,26,26,26,26,26
390453,1,1,1987,26,26,26,26,26,26,26,26,26,26
390453,2,1,1987,0,0,0,0,0,0,0,0,0,0
390454,1,1,1987,21,21,21,21,21,21,21,21,21,21
390455,1,1,1987,19,0,0,0,0,0,0,0,0,0
390456,1,1,1987,13,13,13,13,13,13,13,13,13,13
390456,2,1,1987,0,0,0,0,0,0,0,0,0,0
390457,1,1,1987,0,0,0,0,0,0,0,0,0,0
390458,0,1,1987,0,0,0,0,0,0,0,0,0,0
390458,1,1,1987,0,0,0,0,0,0,0,12,8,20
390459,1,1,1987,32,32,32,32,32,32,32,32,32,32
390460,1,1,1987,0,0,0,0,0,0,0,0,0,0
390461,1,1,1987,10,10,10,10,10,10,10,10,10,10
390463,1,1,1987,12,12,12,12,12,12,12,12,12,12
390464,1,1,1987,14,14,14,14,14,14,14,14,14,14
390465,0,1,1987,0,0,0,0,0,0,0,0,0,0
390465,1,1,1987,0,0,0,17,0,0,12,0,0,0
390466,0,1,1987,0,0,0,0,0,0,0,0,0,0
390466,1,1,1987,0,0,0,0,0,0,0,0,0,0
390467,1,1,1987,0,0,0,0,0,0,0,0,0,0
390467,2,1,1987,26,26,26,26,26,26,26,26,26,26
390468,1,1,1987,0,0,0,0,0,0,0,0,0,0
390468,2,1,1987,0,0,0,0,0,0,0,0,0,0
390469,1,1,1987,16,27,17,8,23,18,13,17,25,20
390470,1,1,1987,11,0,0,0,0,0,0,0,0,0
390471,1,1,1987,23,23,23,23,23,23,23,23,23,23
390472,1,1,1987,28,28,28,28,28,28,28,28,28,28
390473,1,1,1987,0,0,0,0,0,0,0,0,0,0
390473,2,1,1987,0,0,0,0,0,0,0,0,0,0
390474,1,1,1987,0,0,0,0,0,0,0,0,0,0
390475,0,1,1987,0,0,0,0,0,0,0,0,0,0
390475,1,1,1987,0,0,0,0,0,0,0,0,0,0
390476,1,1,1987,20,20,20,20,20,20,20,20,20,20
390477,1,1,1987,6,6,6,6,6,6,6,6,6,6
390478,0,1,1987,0,0,0,0,0,0,0,0,0,0
390478,0,2,1987,0,0,0,0,0,0,0,0,0,0
390478,0,3,1987,0,0,10,0,0,0,0,13,0,0
390478,1,1,1987,0,0,0,0,0,0,0,0,0,0
390478,2,1,1987,0,0,0,0,0,0,0,0,0,0
390478,3,1,1987,0,0,0,0,0,18,0,0,0,0
390479,0,1,1987,34,0,0,22,0,0,0,0,0,0
390479,1,1,1987,0,10,0,0,0,0,0,0,0,0
390481,1,1,1987,0,0,0,21,0,0,0,0,0,0
390482,1,1,1987,0,0,12,0,0,0,25,0,0,0
390482,2,1,1987,0,0,0,0,0,0,0,0,0,0
390483,1,1,1987,20,20,20,20,20,20,20,20,20,20
390484,1,1,1987,7,25,18,13,23,26,13,30,12,18
390485,1,1,1987,21,21,21,21,21,21,21,21,21,21
390485,2,1,1987,19,19,19,19,19,19,19,19,19,19
390486,0,1,1987,0,0,0,0,0,0,0,0,0,0
390486,1,1,1987,0,0,0,0,0,0,0,0,0,0
390487,0,1,1987,0,0,0,0,0,0,0,0,0,0
390487,0,2,1987,0,0,0,0,0,0,0,0,0,0
390487,1,1,1987,0,0,0,0,0,0,0,0,3,0
390488,1,1,1987,0,0,0,6,0,0,0,0,12,0
390488,2,1,1987,0,7,0,0,0,0,11,14,20,0
390489,1,1,1987,0,0,0,0,7,0,15,0,0,0
390489,2,1,1987,0,0,0,0,0,0,0,0,0,0
390490,1,1,1987,22,22,22,22,22,22,22,22,22,22
390491,1,1,1987,7,9,0,0,0,0,0,0,0,0
390492,1,1,1987,24,24,24,24,24,24,24,24,24,24
390493,1,1,1987,0,0,0,0,0,0,0,0,0,0
390494,1,1,1987,0,0,0,0,0,0,0,0,0,0
390494,2,1,1987,0,0,0,0,0,0,0,0,0,0
390495,1,1,1987,0,0,0,0,0,0,0,0,0,0
390495,2,1,1987,21,21,21,21,21,21,21,21,21,21
390496,1,1,1987,4,14,27,19,7,12,0,11,18,15
390497,1,1,1987,0,0,0,0,0,0,0,0,0,0
390497,2,1,1987,19,19,19,19,19,19,19,19,19,19
390498,1,1,1987,0,0,0,0,0,0,0,0,0,0
390498,2,1,1987,0,0,0,0,0,0,0,0,0,0
390499,1,1,1987,20,18,27,0,0,25,0,8,14,12
390500,1,1,1987,17,17,17,17,17,17,17,17,17,17
390501,1,1,1987,13,13,13,13,13,13,13,13,13,13
390502,1,1,1987,0,0,0,0,0,0,0,0,26,0
390502,2,1,1987,0,0,0,0,0,0,0,11,0,0
390503,1,1,1987,0,0,0,0,0,0,0,0,0,0
390504,1,1,1987,0,0,0,0,0,0,0,10,0,0
390505,1,1,1987,15,0,0,0,0,17,0,16,0,0
390506,1,1,1987,0,0,0,0,0,0,0,0,0,0
390507,1,1,1987,15,15,15,15,15,15,15,15,15,15
390507,2,1,1987,19,19,19,19,19,19,19,19,19,19
390508,1,1,1987,28,28,28,28,28,28,28,28,28,28
390509,1,1,1987,7,7,7,7,7,7,7,7,7,7
390509,2,1,1987,0,0,0,0,0,0,0,0,0,0
390510,1,1,1987,0,0,0,0,0,0,0,0,0,0
390510,2,1,1987,0,0,0,0,0,0,0,0,0,0
390511,1,1,1987,17,17,17,17,17,17,17,17,17,17
390512,1,1,1987,7,15,13,9,21,16,35,10,27,23
390513,0,1,1987,22,22,22,22,22,22,22,22,22,22
390513,1,1,1987,13,13,13,13,13,13,13,13,13,13
390514,1,1,1987,6,24,22,50,11,25,16,24,26,15
390515,1,1,1987,14,14,14,14,14,14,14,14,14,14
390516,1,1,1987,0,24,39,19,22,37,21,11,42,33
390517,1,1,1987,0,0,0,0,0,0,0,0,0,0
390517,2,1,1987,0,0,0,0,0,0,0,0,0,0
390517,3,1,1987,0,0,0,14,0,18,0,0,0,0
390518,1,1,1987,0,0,0,0,0,0,0,0,0,0
390518,2,1,1987,0,0,0,0,0,0,0,0,0,0
390519,1,1,1987,0,0,0,0,6,0,0,0,0,0
390519,2,1,1987,8,21,13,11,5,23,11,0,7,8
390519,3,1,1987,0,0,29,3,0,0,0,0,0,0
390520,1,1,1987,12,12,12,12,12,12,12,12,12,12
390521,1,1,1987,0,0,26,0,9,0,24,0,15,0
390522,1,1,1987,0,0,0,0,0,0,0,0,0,0
390522,2,1,1987,0,0,0,0,0,0,0,0,0,0
390524,1,1,1987,0,0,0,0,0,0,0,0,0,0
390524,2,1,1987,0,0,9,0,0,0,0,0,0,15
390525,1,1,1987,7,0,9,19,3,19,18,32,15,0
390526,1,1,1987,19,6,0,19,11,32,25,29,6,12
390527,1,1,1987,14,14,14,14,14,14,14,14,14,14
390528,1,1,1987,26,7,8,20,11,27,0,17,11,17
390529,1,1,1987,0,0,0,0,0,0,0,0,0,0
390529,2,1,1987,0,0,0,0,0,0,0,0,0,0
390529,3,1,1987,0,0,0,0,0,0,0,0,0,0
390530,1,1,1987,23,23,23,23,23,23,23,23,23,23
390532,1,1,1987,26,26,26,26,26,26,26,26,26,26
390533,1,1,1987,14,14,14,14,14,14,14,14,14,14
390535,1,1,1987,9,9,9,9,9,9,9,9,9,9
390536,1,1,1987,0,0,0,0,0,0,0,0,0,0
390536,2,1,1987,0,0,0,0,0,0,0,0,0,0
390536,3,1,1987,0,3,0,13,12,15,0,0,17,12
390538,1,1,1987,0,0,0,0,0,0,0,0,0,0
390538,2,1,1987,0,8,0,0,0,0,0,0,0,12
390539,1,1,1987,15,15,15,15,15,15,15,15,15,15
390540,1,1,1987,31,31,31,31,31,31,31,31,31,31
390541,1,1,1987,11,11,11,11,11,11,11,11,11,11
390542,0,1,1987,0,0,0,0,0,0,0,0,0,0
390542,1,1,1987,0,0,0,0,0,0,0,0,0,0
390543,0,1,1987,25,25,25,25,25,25,25,25,25,25
390543,1,1,1987,16,11,0,0,0,0,0,0,0,0
390544,1,1,1987,0,0,0,0,0,0,0,0,0,0
390544,2,1,1987,0,0,0,0,0,0,0,0,0,0
390545,1,1,1987,24,22,15,10,18,14,20,20,21,23
390546,1,1,1987,7,7,7,7,7,7,7,7,7,7
390547,1,1,1987,0,0,0,0,0,0,0,0,0,0
390548,1,1,1987,0,0,0,15,0,0,0,0,0,0
390548,2,1,1987,0,0,0,0,0,0,0,0,0,0
390549,1,1,1987,0,0,0,0,0,0,0,0,0,0
390550,1,1,1987,0,0,45,0,0,0,7,0,0,0
390550,2,1,1987,20,20,20,20,20,20,20,20,20,20
390551,1,1,1987,16,18,23,0,8,20,22,0,10,16
390552,1,1,1987,12,12,12,12,12,12,12,12,12,12
390553,1,1,1987,22,22,22,22,22,22,22,22,22,22
390554,1,1,1987,20,20,20,20,20,20,20,20,20,20
390554,2,1,1987,0,0,0,19,0,0,0,0,21,0
390556,0,1,1987,7,7,7,7,7,7,7,7,7,7
390556,0,2,1987,0,8,12,0,0,5,0,0,0,0
390556,0,3,1987,0,0,0,0,0,0,0,0,0,0
390556,1,1,1987,12,12,12,12,12,12,12,12,12,12
390557,1,1,1987,0,0,0,0,0,0,0,0,0,0
390557,2,1,1987,0,0,0,10,0,0,12,0,0,0
390558,0,1,1987,0,0,0,0,0,0,0,0,0,0
390558,1,1,1987,0,0,0,0,0,0,0,0,0,0
390559,1,1,1987,0,0,0,0,0,0,0,0,9,0
390559,2,1,1987,17,17,17,17,17,17,17,17,17,17
390559,3,1,1987,16,0,0,0,0,0,0,0,0,0
390559,4,1,1987,0,0,0,0,0,0,0,0,0,0
390560,1,1,1987,0,0,0,0,0,19,0,0,9,0
390560,2,1,1987,0,0,0,0,0,0,0,0,0,0
390561,1,1,1987,0,0,0,0,0,0,0,0,0,9
390561,2,1,1987,8,0,9,0,0,13,5,0,12,19
390562,1,1,1987,0,0,0,0,0,0,0,0,0,0
390563,1,1,1987,0,0,0,0,0,13,0,0,0,0
390563,2,1,1987,0,0,0,0,0,0,0,0,0,0
390564,1,1,1987,0,0,0,0,0,0,0,0,0,0
390564,2,1,1987,0,0,0,0,0,0,0,0,0,0
390565,1,1,1987,10,10,10,10,10,10,10,10,10,10
390566,0,1,1987,0,0,0,0,0,0,0,0,0,0
390566,1,1,1987,0,0,4,0,12,0,0,17,0,0
390567,1,1,1987,12,12,12,12,12,12,12,12,12,12
390568,0,1,1987,0,41,0,8,13,0,0,0,8,33
390568,0,2,1987,0,0,0,0,0,0,0,0,0,0
390568,1,1,1987,0,0,0,0,0,0,0,0,0,0
390569,1,1,1987,13,13,13,13,13,13,13,13,13,13
390569,2,1,1987,4,4,4,4,4,4,4,4,4,4
390570,1,1,1987,0,0,0,12,0,0,0,0,0,0
390571,1,1,1987,0,0,0,0,0,0,0,0,0,0
390571,2,1,1987,0,0,12,8,0,0,0,0,16,0
390572,1,1,1987,24,24,24,24,24,24,24,24,24,24
390573,1,1,1987,0,0,0,0,0,0,0,0,0,0
390573,2,1,1987,0,0,0,0,0,18,0,7,0,0
390574,1,1,1987,15,15,15,15,15,15,15,15,15,15
390575,1,1,1987,1,1,1,1,1,1,1,1,1,1
390575,2,1,1987,0,0,0,0,0,0,0,0,0,0
390575,3,1,1987,0,0,0,15,0,0,0,0,0,0
390576,1,1,1987,14,0,0,0,0,12,11,0,0,9
390576,2,1,1987,0,0,0,0,0,0,0,0,0,0
390577,1,1,1987,30,30,30,30,30,30,30,30,30,30
390577,2,1,1987,0,0,0,0,0,0,0,0,0,0
390578,1,1,1987,17,17,17,17,17,17,17,17,17,17
390579,0,1,1987,0,0,0,0,8,0,0,0,0,0
390579,1,1,1987,6,0,0,0,0,0,0,0,0,0
390580,1,1,1987,16,16,16,16,16,16,16,16,16,16
390581,1,1,1987,16,16,16,16,16,16,16,16,16,16
390582,0,1,1987,0,0,0,0,0,0,0,0,0,0
390582,1,1,1987,16,11,0,3,0,0,0,16,0,19
390583,0,1,1987,0,0,0,0,14,0,17,25,0,0
390583,2,1,1987,0,0,0,0,0,0,0,8,0,0
390584,0,1,1987,0,0,0,0,0,0,0,0,0,0
390584,1,1,1987,19,14,0,0,16,0,15,0,24,0
390585,1,1,1987,0,5,24,16,0,13,26,0,0,23
390586,0,1,1987,0,0,0,0,0,0,0,0,0,0
390586,1,1,1987,11,0,0,0,20,0,0,0,0,0
390587,1,1,1987,0,0,0,0,0,16,0,0,14,0
390588,0,1,1987,25,25,25,25,25,25,25,25,25,25
390588,1,1,1987,0,0,0,0,0,0,0,0,0,0
390589,1,1,1987,0,0,0,0,0,0,0,0,0,0
390590,1,1,1987,0,0,0,0,0,0,0,0,0,0
390590,2,1,1987,0,0,0,0,0,0,0,0,0,0
390591,1,1,1987,7,7,7,7,7,7,7,7,7,7
390592,1,1,1987,0,0,0,0,0,0,0,0,0,0
390592,2,1,1987,0,0,0,0,0,0,0,17,0,0
390593,1,1,1987,0,0,0,0,14,5,0,0,0,0
390593,2,1,1987,13,13,13,13,13,13,13,13,13,13
390594,1,1,1987,0,0,0,0,0,0,0,0,0,0
390594,2,1,1987,0,0,0,0,0,0,0,0,0,0
390595,1,1,1987,22,5,32,19,36,14,10,14,14,10
390596,1,1,1987,0,15,0,0,0,25,5,0,0,0
390597,1,1,1987,0,0,0,0,24,0,0,0,0,0
390597,2,1,1987,0,0,0,0,0,0,9,13,9,0
390598,1,1,1987,0,0,0,0,0,0,0,0,0,0
390598,2,1,1987,0,0,0,0,0,0,0,0,0,0
390599,1,1,1987,14,17,14,20,10,0,13,23,14,29
390600,1,1,1987,16,16,16,16,16,16,16,16,16,16
390601,0,1,1987,0,0,0,0,0,0,0,0,0,0
390601,1,1,1987,6,0,0,0,0,0,10,0,13,0
390602,1,1,1987,0,0,0,0,0,0,0,0,0,0
390603,1,1,1987,13,0,17,0,0,12,0,18,13,0
390604,1,1,1987,0,0,0,0,0,0,0,0,0,0
390604,2,1,1987,0,0,0,0,0,0,0,0,0,0
390605,1,1,1987,0,27,0,16,11,17,11,8,0,0
390606,1,1,1987,7,7,7,7,7,7,7,7,7,7
390607,1,1,1987,0,0,7,0,0,4,12,0,0,0
390608,1,1,1987,3,0,11,0,7,0,0,0,0,0
390608,2,1,1987,0,3,14,11,19,5,23,12,0,0
390609,1,1,1987,10,10,10,10,10,10,10,10,10,10
390610,1,1,1987,23,23,23,23,23,23,23,23,23,23
390611,1,1,1987,0,0,0,0,0,0,0,0,0,0
390611,2,1,1987,0,0,0,0,18,0,11,0,0,0
390612,1,1,1987,0,0,0,0,0,0,0,0,0,0
390613,1,1,1987,9,14,0,0,20,15,0,14,15,22
390613,2,1,1987,0,0,0,0,0,0,4,0,7,0
390614,0,1,1987,19,19,19,19,19,19,19,19,19,19
390614,1,1,1987,0,0,0,19,17,39,8,0,0,0
390615,0,1,1987,48,10,35,0,6,17,0,31,7,0
390615,1,1,1987,0,0,17,0,0,0,0,0,16,0
390616,1,1,1987,0,0,0,0,0,0,0,0,0,0
390617,1,1,1987,15,0,0,0,15,0,22,0,0,0
390618,1,1,1987,8,8,8,8,8,8,8,8,8,8
390619,1,1,1987,13,13,13,13,13,13,13,13,13,13
390619,2,1,1987,0,0,0,4,0,0,7,0,6,0
390620,1,1,1987,15,15,15,15,15,15,15,15,15,15
390621,1,1,1987,0,0,0,0,0,0,0,23,0,8
390622,1,1,1987,7,7,7,7,7,7,7,7,7,7
390623,1,1,1987,17,17,17,17,17,17,17,17,17,17
390624,1,1,1987,10,12,0,0,0,0,25,0,0,0
390624,2,1,1987,11,11,11,11,11,11,11,11,11,11
390625,1,1,1987,0,13,0,0,0,0,0,0,0,0
390625,2,1,1987,0,0,0,0,0,0,0,0,0,0
390626,1,1,1987,0,0,0,0,0,0,0,0,0,0
390627,1,1,1987,0,0,0,0,0,0,0,0,0,0
390627,2,1,1987,0,0,0,0,0,0,0,0,0,0
390628,1,1,1987,0,0,0,0,0,5,0,9,0,0
390628,2,1,1987,0,0,0,0,0,0,0,0,0,4
390628,3,1,1987,0,0,0,0,0,0,0,0,4,0
390629,1,1,1987,0,0,0,0,0,0,0,0,0,0
390629,2,1,1987,0,0,0,0,0,3,0,0,0,0
390630,1,1,1987,16,16,16,16,16,16,16,16,16,16
390631,1,1,1987,18,25,26,10,30,15,21,21,16,25
390632,1,1,1987,0,0,0,0,0,16,0,0,0,0
390633,1,1,1987,0,0,0,0,0,0,0,0,0,8
390633,2,1,1987,0,0,0,0,0,0,0,0,0,0
390633,3,1,1987,0,0,0,0,0,0,0,0,0,0
390634,1,1,1987,0,11,0,0,0,16,29,0,26,0
390634,2,1,1987,17,0,0,0,0,0,0,0,0,0
390635,1,1,1987,0,0,0,0,0,0,0,19,0,35
390636,1,1,1987,0,14,15,0,25,0,18,21,0,0
390637,1,1,1987,15,0,15,13,0,4,0,12,0,0
390637,2,1,1987,20,0,0,10,0,0,0,0,0,7
390638,1,1,1987,0,0,0,0,0,0,13,0,0,0
390638,2,1,1987,18,18,18,18,18,18,18,18,18,18
390639,1,1,1987,23,23,23,23,23,23,23,23,23,23
390639,2,1,1987,0,0,0,0,0,15,0,0,0,0
390640,1,1,1987,0,0,0,0,0,0,0,0,0,0
390641,1,1,1987,20,20,20,20,20,20,20,20,20,20
390642,0,1,1987,0,0,0,0,0,0,0,0,0,0
390642,1,1,1987,0,0,0,0,0,9,0,0,0,22
390643,1,1,1987,0,0,0,0,0,31,0,0,0,0
390643,2,1,1987,0,0,0,34,0,0,13,0,0,0
390644,1,1,1987,0,0,0,0,0,0,20,0,0,0
390644,2,1,1987,9,0,0,0,0,0,0,0,0,0
390644,3,1,1987,0,0,0,0,0,0,0,0,0,0
390645,1,1,1987,0,6,0,17,28,0,27,0,31,0
390646,1,1,1987,0,0,0,0,0,0,0,0,0,0
390646,2,1,1987,0,0,0,0,0,0,0,0,0,0
390647,1,1,1987,0,0,0,0,0,0,0,16,0,0
390647,2,1,1987,3,7,24,0,0,23,0,0,19,0
390648,1,1,1987,0,0,0,0,8,0,0,0,15,0
390648,2,1,1987,0,22,0,0,0,13,0,10,0,22
390649,1,1,1987,6,6,6,6,6,6,6,6,6,6
390649,2,1,1987,12,7,0,0,0,0,0,0,0,14
390650,1,1,1987,13,13,13,13,13,13,13,13,13,13
390650,2,1,1987,0,0,0,0,0,0,0,0,0,0
390650,3,1,1987,0,0,0,0,0,0,0,0,0,0
390651,1,1,1987,22,22,22,22,22,22,22,22,22,22
390652,1,1,1987,0,0,0,0,0,0,0,0,0,0
390652,2,1,1987,0,0,8,0,0,0,0,28,0,0
390653,1,1,1987,17,17,17,17,17,17,17,17,17,17
390655,1,1,1987,0,12,0,15,0,0,0,0,0,0
390655,2,1,1987,0,0,0,0,0,0,0,0,0,0
390656,1,1,1987,0,0,6,0,25,9,0,17,4,9
390657,1,1,1987,0,9,0,0,0,0,0,0,0,28
390658,1,1,1987,14,0,0,0,0,17,0,0,0,0
390658,2,1,1987,0,11,0,0,0,0,0,10,0,10
390659,1,1,1987,0,0,0,0,0,0,0,0,0,0
390659,2,1,1987,0,0,0,0,0,0,0,0,0,0
390660,1,1,1987,22,12,0,4,0,0,0,7,0,0
390661,1,1,1987,0,0,0,0,0,0,0,0,0,0
390662,1,1,1987,0,0,0,0,0,0,0,0,0,0
390662,2,1,1987,22,22,22,22,22,22,22,22,22,22
390663,1,1,1987,22,22,22,22,22,22,22,22,22,22
390663,2,1,1987,10,0,0,0,0,0,0,0,0,0
390664,1,1,1987,12,12,12,12,12,12,12,12,12,12
390665,1,1,1987,19,19,19,19,19,19,19,19,19,19
390666,1,1,1987,0,0,0,0,0,9,0,0,0,0
390667,1,1,1987,0,0,0,0,0,0,0,0,0,0
390668,0,1,1987,0,0,0,0,0,0,0,0,0,0
390668,1,1,1987,0,0,19,0,0,0,0,0,0,0
390669,1,1,1987,14,0,0,7,22,0,0,0,0,0
390670,1,1,1987,0,0,0,0,7,0,0,0,0,0
390670,2,1,1987,0,0,0,0,0,0,0,0,0,0
390671,1,1,1987,5,5,5,5,5,5,5,5,5,5
390671,2,1,1987,0,0,0,0,0,0,0,0,0,0
390672,0,1,1987,37,37,37,37,37,37,37,37,37,37
390672,1,1,1987,0,0,0,0,0,0,0,0,0,0
390673,1,1,1987,0,0,0,0,0,0,7,0,0,0
390673,2,1,1987,22,6,30,0,0,15,0,0,17,13
390674,1,1,1987,32,32,32,32,32,32,32,32,32,32
390675,1,1,1987,19,19,19,19,19,19,19,19,19,19
390676,1,1,1987,0,0,0,0,0,0,0,0,0,0
390676,2,1,1987,0,0,0,0,0,0,6,0,0,0
390677,1,1,1987,0,0,0,0,0,0,0,0,16,0
390678,1,1,1987,20,17,0,12,23,12,0,20,8,23
390679,1,1,1987,0,0,0,0,0,0,0,0,0,0
390680,1,1,1987,15,15,15,15,15,15,15,15,15,15
390681,1,1,1987,0,0,0,0,0,0,0,0,0,0
390682,0,1,1987,45,45,45,45,45,45,45,45,45,45
390682,1,1,1987,1,1,1,1,1,1,1,1,1,1
390683,1,1,1987,0,0,0,0,8,0,7,0,0,0
390683,2,1,1987,0,0,0,0,0,0,0,0,9,0
390684,0,1,1987,0,0,9,0,45,0,0,0,0,0
390684,1,1,1987,13,0,6,13,0,0,0,0,0,0
390685,1,1,1987,0,0,0,0,0,0,0,0,0,0
390685,2,1,1987,0,0,0,0,0,0,0,0,0,0
390685,3,1,1987,15,0,0,0,0,0,15,0,0,0
390686,1,1,1987,0,34,0,3,0,13,0,0,0,0
390686,2,1,1987,0,0,0,0,0,0,0,0,21,0
390687,1,1,1987,24,24,24,24,24,24,24,24,24,24
390687,2,1,1987,0,0,15,0,0,0,0,0,0,0
390688,1,1,1987,7,12,2,8,4,12,5,14,7,11
390688,2,1,1987,0,0,0,10,0,0,0,0,0,0
390689,1,1,1987,0,0,0,0,0,0,0,0,0,0
390690,1,1,1987,23,10,19,19,23,17,19,22,13,6
390690,2,1,1987,0,0,0,0,0,0,19,0,0,0
390691,1,1,1987,0,0,0,0,0,0,0,8,0,0
390691,2,1,1987,20,20,20,20,20,20,20,20,20,20
390692,0,1,1987,0,0,0,0,0,0,0,0,0,0
390692,1,1,1987,0,0,0,0,0,0,0,0,0,0
390693,1,1,1987,0,0,0,0,11,0,0,14,0,14
390693,2,1,1987,0,0,0,23,0,17,0,0,0,33
390694,0,1,1987,27,27,27,27,27,27,27,27,27,27
390694,1,1,1987,7,0,21,0,0,15,0,13,7,0
390695,1,1,1987,6,0,0,0,0,0,0,0,0,0
390695,2,1,1987,0,0,0,0,0,0,0,0,0,0
390696,1,1,1987,25,25,25,25,25,25,25,25,25,25
390697,1,1,1987,7,7,7,7,7,7,7,7,7,7
390698,1,1,1987,0,9,0,0,0,0,0,0,0,0
390698,2,1,1987,0,0,0,0,0,0,0,0,28,0
390699,1,1,1987,0,0,0,0,9,0,0,0,0,0
390699,2,1,1987,24,24,24,24,24,24,24,24,24,24
390700,1,1,1987,19,11,22,3,17,8,24,5,18,21
390701,1,1,1987,0,0,0,0,0,0,0,0,0,0
390701,2,1,1987,0,0,0,0,0,0,0,0,0,0
390702,1,1,1987,28,28,28,28,28,28,28,28,28,28
390703,1,1,1987,0,0,0,0,0,0,0,3,0,0
390704,1,1,1987,15,15,15,15,15,15,15,15,15,15
390706,1,1,1987,22,22,22,22,22,22,22,22,22,22
390706,2,1,1987,0,20,12,9,18,7,5,0,18,5
390707,1,1,1987,0,0,0,0,0,0,0,0,0,0
390707,2,1,1987,0,0,0,0,0,0,0,0,0,0
390708,1,1,1987,0,0,0,0,0,0,0,0,0,0
390708,2,1,1987,0,0,0,0,0,0,0,0,0,0
390709,0,1,1987,0,0,0,0,0,0,0,0,0,0
390709,1,1,1987,0,0,4,0,0,0,15,0,0,18
390710,1,1,1987,16,16,16,16,16,16,16,16,16,16
390711,1,1,1987,0,0,0,0,0,0,0,11,9,0
390711,2,1,1987,0,0,2,15,0,0,0,0,0,0
390712,1,1,1987,12,0,0,0,0,0,0,0,0,0
390713,1,1,1987,0,0,0,0,0,0,0,0,9,0
390713,2,1,1987,0,0,0,0,0,0,0,0,0,0
390713,3,1,1987,0,0,0,0,0,0,0,0,0,0
390714,1,1,1987,0,11,21,0,5,0,0,23,19,0
390714,2,1,1987,1,1,1,1,1,1,1,1,1,1
390715,1,1,1987,10,10,10,10,10,10,10,10,10,10
390716,1,1,1987,6,0,20,0,0,8,0,23,0,0
390717,1,1,1987,0,0,0,0,0,0,0,0,0,0
390718,1,1,1987,21,21,21,21,21,21,21,21,21,21
390719,0,1,1987,0,0,0,0,0,0,0,0,0,0
390719,1,1,1987,0,0,0,0,0,0,0,0,0,29
390720,0,1,1987,20,0,0,0,0,0,32,0,0,0
390720,1,1,1987,0,0,14,0,0,0,0,0,0,36
390721,1,1,1987,0,0,0,0,0,0,0,0,0,0
390721,2,1,1987,0,0,0,0,0,0,0,0,0,0
390721,3,1,1987,0,0,0,0,0,0,0,0,0,0
390722,1,1,1987,10,10,10,10,10,10,10,10,10,10
390723,1,1,1987,15,15,15,15,15,15,15,15,15,15
390724,1,1,1987,0,0,0,15,0,6,0,0,0,0
390724,2,1,1987,0,0,0,0,0,0,0,0,0,0
390725,1,1,1987,0,13,14,0,0,34,0,0,0,0
390725,2,1,1987,0,17,6,0,0,0,0,0,13,19
390728,1,1,1987,0,0,0,0,0,0,0,0,0,0
390728,2,1,1987,0,0,0,0,0,0,0,0,5,0
390729,0,1,1987,0,0,0,0,0,0,0,0,0,0
390729,1,1,1987,0,0,0,0,0,0,0,0,0,0
390730,1,1,1987,0,0,0,0,0,0,0,0,0,0
390730,2,1,1987,0,0,0,0,0,0,27,0,0,0
390730,3,1,1987,8,0,0,0,0,0,0,0,11,0
390731,1,1,1987,0,0,0,0,0,0,0,0,0,0