ST_CASE,VEH_NO,PER_NO,YEAR,P1,P2,P3,P4,P5,P6,P7,P8,P9,P10
390732,1,1,1987,0,18,0,24,4,10,22,14,0,0
390732,2,1,1987,0,0,0,2,0,0,0,18,0,0
390733,1,1,1987,0,0,0,0,0,0,0,0,12,0
390733,2,1,1987,0,0,0,0,0,0,0,0,0,0
390734,1,1,1987,13,13,13,13,13,13,13,13,13,13
390735,1,1,1987,13,13,13,13,13,13,13,13,13,13
390736,0,1,1987,0,0,0,0,0,0,0,0,0,0
390736,1,1,1987,0,0,0,15,0,0,0,0,0,0
390737,1,1,1987,11,11,11,11,11,11,11,11,11,11
390739,1,1,1987,0,0,0,0,0,0,6,20,10,0
390740,1,1,1987,27,27,27,27,27,27,27,27,27,27
390741,1,1,1987,5,26,2,7,10,28,0,13,26,0
390743,1,1,1987,0,0,0,10,8,0,16,0,14,0
390744,1,1,1987,10,10,10,10,10,10,10,10,10,10
390745,1,1,1987,15,15,15,15,15,15,15,15,15,15
390746,1,1,1987,0,13,13,28,23,0,10,0,16,0
390747,1,1,1987,0,0,0,0,0,0,0,0,0,0
390748,1,1,1987,47,0,0,0,0,0,0,0,34,0
390748,2,1,1987,0,7,19,19,8,16,19,11,0,30
390749,1,1,1987,15,15,15,15,15,15,15,15,15,15
390750,0,1,1987,18,13,0,44,0,0,0,11,0,0
390750,1,1,1987,0,0,0,0,0,0,14,13,0,0
390751,1,1,1987,0,0,0,18,0,15,0,10,0,0
390752,1,1,1987,0,0,0,0,0,0,0,11,12,0
390753,1,1,1987,0,0,0,0,0,0,0,0,0,0
390753,2,1,1987,0,0,2,0,0,0,0,0,0,0
390754,1,1,1987,0,0,0,0,0,0,0,0,0,0
390755,1,1,1987,0,0,0,0,0,0,0,0,0,0
390756,1,1,1987,18,16,12,0,0,0,0,0,0,0
390757,1,1,1987,0,0,0,0,8,0,0,0,0,0
390757,2,1,1987,0,0,0,0,0,0,0,0,0,0
390758,1,1,1987,20,0,0,0,0,0,0,0,0,0
390758,2,1,1987,0,0,0,0,0,0,0,0,0,0
390759,1,1,1987,0,0,0,0,0,0,0,0,0,0
390759,2,1,1987,0,7,0,0,0,0,0,0,0,0
390760,1,1,1987,0,0,0,0,0,0,18,0,8,25
390760,2,1,1987,0,0,0,19,10,0,0,0,0,0
390761,1,1,1987,0,0,0,0,15,0,0,30,20,0
390761,2,1,1987,0,0,0,0,0,0,0,0,0,0
390761,3,1,1987,0,0,0,0,0,10,0,0,12,0
390763,0,1,1987,24,24,24,24,24,24,24,24,24,24
390763,1,1,1987,0,0,0,0,19,0,0,0,0,0
390763,2,1,1987,0,0,8,7,0,0,0,0,20,15
390763,3,1,1987,8,0,0,0,0,0,0,9,39,0
390764,1,1,1987,9,30,16,0,23,11,28,22,12,25
390765,1,1,1987,9,0,0,0,22,7,0,0,13,0
390765,2,1,1987,21,21,21,21,21,21,21,21,21,21
390766,1,1,1987,0,0,0,0,0,0,0,0,0,0
390766,2,1,1987,0,0,0,0,0,0,0,0,0,0
390767,1,1,1987,21,5,12,10,19,0,0,15,4,8
390768,1,1,1987,0,7,0,0,0,0,0,0,2,0
390768,2,1,1987,0,11,0,0,0,14,0,10,0,0
390769,1,1,1987,27,27,27,27,27,27,27,27,27,27
390770,1,1,1987,0,0,0,0,0,0,0,0,0,0
390770,2,1,1987,0,52,0,4,9,26,0,36,40,0
390771,1,1,1987,0,0,0,0,0,0,0,0,0,0
390772,0,1,1987,0,0,0,13,22,0,0,0,25,0
390772,1,1,1987,0,0,0,0,21,8,0,19,0,6
390773,1,1,1987,0,0,0,0,0,0,0,0,0,0
390773,2,1,1987,0,0,0,0,0,0,0,0,0,0
390775,0,1,1987,0,0,0,0,0,0,0,0,0,0
390775,1,1,1987,0,0,17,0,0,0,0,5,0,0
390776,1,1,1987,0,0,0,0,0,0,0,0,0,0
390777,1,1,1987,0,0,0,0,0,0,0,0,0,0
390778,1,1,1987,0,0,0,0,0,0,0,0,0,0
390778,2,1,1987,0,7,10,0,0,0,0,0,0,0
390779,1,1,1987,13,13,13,13,13,13,13,13,13,13
390780,0,1,1987,21,21,21,21,21,21,21,21,21,21
390780,1,1,1987,0,6,21,0,12,0,13,0,18,0
390781,1,1,1987,8,0,0,0,0,0,0,0,0,0
390782,1,1,1987,0,0,14,0,19,0,4,7,10,25
390783,1,1,1987,15,15,15,15,15,15,15,15,15,15
390784,1,1,1987,8,21,13,0,6,0,6,0,21,19
390784,2,1,1987,0,0,0,0,0,0,20,3,17,21
390785,1,1,1987,28,17,20,20,23,18,16,16,23,24
390786,0,1,1987,0,0,0,0,0,0,0,19,0,0
390786,1,1,1987,0,0,0,21,0,0,0,0,0,9
390787,1,1,1987,0,0,0,0,0,8,0,11,5,17
390787,2,1,1987,0,0,0,0,0,0,0,0,0,0
390788,0,1,1987,20,0,0,0,0,16,8,0,58,16
390788,1,1,1987,0,0,0,0,0,0,9,0,0,0
390789,1,1,1987,0,0,17,0,13,0,0,2,0,0
390789,2,1,1987,0,0,0,0,0,0,0,0,0,0
390790,1,1,1987,0,0,0,0,0,0,0,0,0,0
390790,2,1,1987,0,0,0,0,0,0,0,0,0,0
390792,1,1,1987,12,12,12,12,12,12,12,12,12,12
390793,1,1,1987,24,15,22,20,13,12,5,19,8,9
390794,1,1,1987,0,0,16,0,10,0,29,0,0,0
390795,1,1,1987,0,0,11,21,0,14,0,14,15,5
390796,1,1,1987,0,0,29,0,10,0,0,0,0,0
390797,0,1,1987,0,0,0,0,0,0,0,0,12,0
390797,1,1,1987,0,0,0,0,0,0,0,0,0,0
390798,1,1,1987,0,0,0,0,0,0,0,0,0,0
390798,2,1,1987,0,0,0,0,0,0,0,0,0,0
390799,1,1,1987,0,14,0,13,11,13,0,6,20,0
390800,1,1,1987,23,23,23,23,23,23,23,23,23,23
390801,1,1,1987,0,0,21,2,11,0,0,0,0,0
390801,2,1,1987,0,0,0,0,0,0,0,0,0,0
390802,1,1,1987,15,15,15,15,15,15,15,15,15,15
390803,1,1,1987,20,0,0,5,0,0,0,0,0,0
390804,1,1,1987,8,8,8,8,8,8,8,8,8,8
390805,1,1,1987,0,0,0,0,0,0,9,0,0,0
390805,2,1,1987,0,0,0,0,0,0,0,0,0,0
390806,1,1,1987,0,0,0,0,0,0,0,0,0,0
390806,2,1,1987,1,1,1,1,1,1,1,1,1,1
390806,3,1,1987,0,0,6,0,0,0,0,0,0,0
390807,1,1,1987,0,0,0,0,0,0,0,0,0,0
390807,2,1,1987,0,0,0,0,0,0,0,0,0,0
390808,1,1,1987,19,19,19,19,19,19,19,19,19,19
390808,2,1,1987,0,0,0,0,0,0,0,0,0,0
390808,3,1,1987,0,0,0,0,0,0,0,0,0,0
390809,1,1,1987,11,14,19,8,23,18,47,0,0,24
390810,1,1,1987,18,18,18,18,18,18,18,18,18,18
390811,1,1,1987,0,0,0,0,0,0,0,0,0,0
390811,2,1,1987,22,0,4,0,0,12,0,0,0,0
390811,3,1,1987,0,0,0,0,0,0,0,0,0,0
390812,1,1,1987,0,0,0,0,0,0,0,0,0,0
390813,0,1,1987,0,0,0,0,0,0,0,0,0,0
390813,1,1,1987,0,17,0,10,0,0,9,0,0,0
390814,1,1,1987,0,0,12,0,0,0,0,0,0,0
390815,1,1,1987,14,14,14,14,14,14,14,14,14,14
390816,1,1,1987,25,0,6,26,10,0,24,11,7,9
390817,1,1,1987,0,0,0,0,0,0,0,0,0,0
390817,2,1,1987,0,0,0,0,0,0,0,0,0,0
390818,1,1,1987,17,17,17,17,17,17,17,17,17,17
390818,2,1,1987,0,0,0,0,0,18,7,18,0,0
390819,1,1,1987,0,0,4,0,21,0,16,0,0,4
390819,2,1,1987,0,0,0,0,0,0,0,22,0,0
390819,3,1,1987,0,0,0,0,0,0,0,0,26,0
390820,1,1,1987,12,4,9,22,18,8,6,24,16,10
390821,1,1,1987,23,18,12,29,11,19,0,9,14,14
390822,1,1,1987,0,0,0,0,0,0,0,0,0,0
390822,2,1,1987,5,5,5,5,5,5,5,5,5,5
390823,0,1,1987,21,15,0,0,0,14,0,0,0,0
390823,1,1,1987,0,0,0,0,0,0,0,0,0,0
390824,1,1,1987,20,20,20,20,20,20,20,20,20,20
390825,1,1,1987,0,0,0,0,0,0,0,0,0,7
390825,2,1,1987,0,0,0,0,0,18,0,0,0,0
390826,1,1,1987,17,0,0,0,0,0,12,10,0,0
390827,1,1,1987,0,29,0,9,16,0,0,0,0,0
390828,0,1,1987,0,0,0,0,0,0,0,0,0,0
390828,1,1,1987,7,18,14,16,13,15,27,14,13,29
390829,1,1,1987,11,11,11,11,11,11,11,11,11,11
390829,2,1,1987,0,0,0,5,0,0,0,0,0,0
390830,1,1,1987,18,18,18,18,18,18,18,18,18,18
390831,1,1,1987,0,0,0,0,0,0,0,23,0,0
390831,2,1,1987,0,19,0,0,0,0,10,0,17,0
390832,0,1,1987,0,21,0,6,0,8,0,19,0,0
390832,0,2,1987,21,23,0,7,0,0,0,18,9,0
390832,1,1,1987,10,0,12,26,0,0,19,0,0,19
390834,1,1,1987,23,23,23,23,23,23,23,23,23,23
390835,1,1,1987,18,12,4,16,20,20,12,13,13,20
390836,1,1,1987,7,7,7,7,7,7,7,7,7,7
390837,1,1,1987,0,0,12,0,17,21,0,0,23,21
390838,0,1,1987,0,0,0,0,0,0,0,0,0,0
390838,1,1,1987,0,0,0,0,0,0,0,0,0,0
390839,0,1,1987,0,0,0,0,0,0,0,0,0,0
390839,1,1,1987,0,0,0,0,0,0,0,0,0,0
390840,1,1,1987,0,0,0,0,0,0,0,0,0,0
390840,2,1,1987,21,21,21,21,21,21,21,21,21,21
390842,1,1,1987,16,0,13,4,0,0,0,8,15,0
390842,2,1,1987,0,0,0,0,0,0,0,0,0,0
390843,0,1,1987,0,0,0,0,0,0,0,0,7,0
390843,1,1,1987,0,0,0,0,0,0,0,0,0,0
390844,1,1,1987,35,0,0,0,0,0,0,0,0,17
390844,2,1,1987,0,0,4,0,0,0,0,0,0,0
390844,3,1,1987,0,0,0,0,0,0,0,0,0,0
390845,1,1,1987,0,0,0,0,0,0,0,0,0,0
390845,2,1,1987,0,0,0,0,0,0,0,0,0,0
390846,1,1,1987,0,0,0,0,0,0,0,0,0,11
390846,2,1,1987,0,0,0,0,0,0,0,0,0,0
390847,1,1,1987,16,0,14,13,20,5,13,30,11,0
390847,2,1,1987,0,20,0,0,0,0,0,10,0,7
390848,1,1,1987,0,0,0,4,0,2,19,0,0,0
390848,2,1,1987,0,0,0,0,0,0,0,0,0,0
390849,1,1,1987,0,0,0,0,0,0,0,0,0,0
390849,2,1,1987,0,0,12,0,0,0,0,0,0,0
390850,1,1,1987,17,17,17,17,17,17,17,17,17,17
390851,1,1,1987,0,0,0,0,0,0,0,0,0,0
390851,2,1,1987,0,0,0,0,0,0,0,0,0,0
390852,1,1,1987,0,0,0,0,0,0,0,0,0,0
390853,1,1,1987,14,37,0,0,6,0,0,0,14,0
390854,1,1,1987,30,0,0,0,0,0,0,0,0,0
390854,2,1,1987,0,0,0,0,0,0,0,0,0,0
390855,1,1,1987,41,41,41,41,41,41,41,41,41,41
390856,0,1,1987,11,11,11,11,11,11,11,11,11,11
390856,1,1,1987,28,20,20,0,9,13,0,23,7,0
390857,1,1,1987,26,26,26,26,26,26,26,26,26,26
390858,1,1,1987,27,27,27,27,27,27,27,27,27,27
390859,1,1,1987,0,0,0,0,0,0,0,0,0,0
390860,1,1,1987,0,0,0,0,0,0,0,0,0,15
390860,2,1,1987,0,0,0,0,0,0,0,0,0,0
390860,3,1,1987,0,0,0,0,0,0,0,0,0,0
390860,4,1,1987,0,0,0,0,0,0,0,0,0,0
390860,5,1,1987,0,0,0,0,0,0,0,0,0,0
390860,6,1,1987,0,0,0,0,0,0,0,0,0,0
390861,0,1,1987,28,0,0,26,13,18,11,0,14,0
390861,1,1,1987,21,21,21,21,21,21,21,21,21,21
390861,2,1,1987,13,20,8,0,17,18,0,23,29,16
390862,0,1,1987,0,0,0,0,0,0,0,0,0,0
390862,1,1,1987,18,0,0,0,0,0,0,0,0,0
390863,1,1,1987,0,0,17,0,0,0,0,0,0,0
390863,2,1,1987,0,0,0,0,0,0,0,0,8,0
390863,3,1,1987,0,0,0,0,0,0,0,0,0,0
390863,4,1,1987,0,0,0,0,0,0,0,0,9,0
390864,0,1,1987,23,23,23,23,23,23,23,23,23,23
390864,1,1,1987,0,0,0,0,0,0,0,0,0,0
390865,1,1,1987,20,20,20,20,20,20,20,20,20,20
390865,2,1,1987,0,0,0,0,0,0,0,0,0,9
390866,1,1,1987,19,19,19,19,19,19,19,19,19,19
390867,1,1,1987,0,0,16,0,0,0,0,0,0,0
390867,2,1,1987,0,0,0,0,0,0,0,0,0,16
390868,1,1,1987,0,0,8,0,18,21,0,0,0,0
390869,1,1,1987,13,0,18,0,0,0,9,0,0,0
390870,1,1,1987,0,0,0,0,18,0,0,13,15,0
390871,1,1,1987,0,0,0,0,0,0,0,0,0,0
390871,2,1,1987,0,0,4,4,0,0,0,0,0,0
390873,1,1,1987,0,0,0,0,0,0,0,0,0,0
390873,2,1,1987,0,0,0,0,0,0,16,0,0,0
390874,1,1,1987,16,27,16,0,0,17,0,0,29,0
390875,1,1,1987,10,0,4,10,0,0,0,21,0,11
390876,1,1,1987,13,13,13,13,13,13,13,13,13,13
390877,0,1,1987,13,13,13,13,13,13,13,13,13,13
390877,1,1,1987,0,0,17,23,7,3,0,13,6,0
390878,1,1,1987,0,0,0,0,0,0,0,0,0,0
390879,1,1,1987,22,22,22,22,22,22,22,22,22,22
390880,0,1,1987,0,0,0,0,0,0,0,0,0,0
390880,1,1,1987,17,0,0,9,6,0,0,0,0,16
390881,1,1,1987,0,14,0,0,0,0,0,13,0,0
390881,2,1,1987,0,0,0,0,0,0,0,0,0,0
390882,1,1,1987,0,0,0,0,0,0,0,0,0,0
390882,2,1,1987,0,0,0,0,0,0,10,0,0,0
390882,3,1,1987,0,0,0,0,0,0,0,0,0,0
390883,0,1,1987,0,0,0,0,0,0,0,0,0,0
390883,1,1,1987,0,0,0,0,0,0,0,0,0,0
390884,1,1,1987,0,0,0,0,0,0,0,0,0,0
390884,2,1,1987,0,0,8,0,0,0,0,0,0,0
390885,1,1,1987,0,0,0,0,0,0,0,0,0,0
390885,2,1,1987,0,0,24,0,0,17,0,15,0,0
390886,1,1,1987,0,0,0,0,0,0,0,0,12,0
390887,0,1,1987,0,0,0,0,0,0,0,0,0,0
390887,1,1,1987,4,0,5,0,15,0,0,0,0,0
390888,1,1,1987,31,18,25,20,10,11,23,0,29,7
390889,1,1,1987,0,0,0,0,0,0,0,0,0,0
390889,2,1,1987,0,0,0,0,0,0,0,0,0,0
390890,1,1,1987,15,15,15,15,15,15,15,15,15,15
390891,0,1,1987,18,21,13,0,0,26,0,20,0,0
390891,1,1,1987,5,0,11,31,0,8,0,0,0,14
390892,1,1,1987,13,0,0,0,0,0,0,0,0,0
390893,1,1,1987,0,0,0,0,0,0,0,0,0,0
390894,0,1,1987,0,0,0,0,0,0,0,0,0,0
390894,1,1,1987,0,0,0,0,0,0,0,0,0,0
390895,1,1,1987,0,0,0,0,0,0,0,0,0,0
390896,1,1,1987,27,27,27,27,27,27,27,27,27,27
390897,1,1,1987,14,14,14,14,14,14,14,14,14,14
390898,1,1,1987,0,0,13,0,0,0,0,0,0,0
390898,2,1,1987,0,0,7,0,0,0,0,0,0,0
390898,3,1,1987,0,0,0,0,0,0,0,0,0,0
390899,1,1,1987,0,0,0,0,0,0,0,0,0,0
390899,2,1,1987,0,0,0,0,0,0,0,0,0,0
390900,0,1,1987,0,0,0,0,0,0,0,0,0,0
390900,1,1,1987,0,0,0,20,0,0,0,0,0,0
390901,0,1,1987,0,0,0,0,0,0,0,0,0,0
390901,1,1,1987,0,0,0,11,0,0,0,0,0,0
390902,1,1,1987,0,0,0,0,0,0,0,0,0,0
390902,2,1,1987,15,0,0,0,0,0,0,0,0,0
390902,3,1,1987,0,0,0,0,0,0,0,0,0,0
390902,4,1,1987,0,0,0,0,0,0,0,0,0,0
390903,1,1,1987,0,0,0,0,0,0,0,0,0,0
390904,1,1,1987,0,0,0,13,22,0,0,0,0,0
390905,0,1,1987,5,5,5,5,5,5,5,5,5,5
390905,1,1,1987,0,0,0,6,15,0,0,15,0,12
390906,1,1,1987,17,17,17,17,17,17,17,17,17,17
390907,1,1,1987,23,23,23,23,23,23,23,23,23,23
390908,1,1,1987,0,0,6,9,0,0,0,0,0,0
390909,1,1,1987,0,0,0,0,0,0,0,0,0,0
390909,2,1,1987,4,4,4,4,4,4,4,4,4,4
390910,1,1,1987,14,14,14,14,14,14,14,14,14,14
390911,1,1,1987,9,0,0,0,0,0,0,0,0,0
390911,2,1,1987,11,11,11,11,11,11,11,11,11,11
390912,1,1,1987,0,0,0,6,19,0,0,0,0,0
390912,2,1,1987,0,0,0,0,0,0,0,0,0,0
390913,0,1,1987,0,7,15,12,8,0,26,21,0,18
390913,1,1,1987,5,13,14,9,8,20,15,16,15,7
390914,1,1,1987,20,20,20,20,20,20,20,20,20,20
390915,1,1,1987,0,13,0,14,0,28,0,0,17,0
390916,1,1,1987,23,23,23,23,23,23,23,23,23,23
390917,1,1,1987,0,0,25,0,0,0,0,0,0,0
390917,2,1,1987,0,0,0,0,0,0,0,0,0,0
390918,1,1,1987,12,12,12,12,12,12,12,12,12,12
390919,1,1,1987,0,0,0,0,0,0,0,0,0,0
390919,2,1,1987,0,0,0,0,0,0,0,0,0,0
390919,3,1,1987,0,0,0,0,0,0,0,0,0,0
390921,1,1,1987,0,0,0,0,0,0,0,0,0,0
390921,2,1,1987,0,0,0,0,0,0,0,0,0,0
390922,1,1,1987,23,23,23,23,23,23,23,23,23,23
390922,2,1,1987,0,0,0,0,0,0,0,0,0,0
390923,1,1,1987,0,0,0,0,0,0,0,0,0,0
390923,2,1,1987,0,15,16,13,0,7,19,17,0,0
390924,0,1,1987,12,0,0,0,0,0,0,0,0,0
390924,1,1,1987,0,0,12,29,13,0,14,0,0,0
390925,1,1,1987,0,0,0,0,0,0,0,0,18,0
390925,2,1,1987,0,10,0,0,0,0,0,2,0,0
390926,1,1,1987,9,12,7,33,7,22,9,7,12,7
390927,1,1,1987,12,0,0,29,37,15,0,4,0,0
390927,2,1,1987,0,0,0,0,0,0,0,0,0,0
390928,0,1,1987,0,0,0,0,0,0,0,0,0,0
390928,1,1,1987,0,0,10,0,0,0,0,0,0,0
390929,1,1,1987,23,23,23,23,23,23,23,23,23,23
390930,1,1,1987,0,0,0,0,0,0,0,0,0,0
390932,1,1,1987,5,0,0,0,0,0,0,0,0,0
390932,2,1,1987,0,0,0,0,0,0,0,0,0,0
390933,1,1,1987,17,17,17,17,17,17,17,17,17,17
390933,2,1,1987,11,25,0,25,0,42,16,0,30,27
390934,1,1,1987,15,15,15,15,15,15,15,15,15,15
390936,0,1,1987,43,43,43,43,43,43,43,43,43,43
390936,1,1,1987,15,22,0,14,0,0,9,0,0,28
390936,2,1,1987,0,0,0,0,8,0,0,0,9,0
390936,3,1,1987,0,0,0,0,0,0,0,0,0,0
390936,4,1,1987,0,0,0,8,0,13,0,0,13,0
390937,1,1,1987,21,21,21,21,21,21,21,21,21,21
390938,1,1,1987,25,25,25,25,25,25,25,25,25,25
390938,2,1,1987,15,0,16,20,7,12,0,13,0,0
390939,1,1,1987,0,0,0,0,0,0,0,0,0,0
390939,2,1,1987,0,0,0,0,0,0,0,0,0,0
390939,3,1,1987,0,0,0,0,0,0,0,0,0,0
390940,1,1,1987,0,0,0,0,0,0,0,0,0,0
390940,2,1,1987,0,0,0,0,0,0,0,0,0,0
390941,0,1,1987,0,0,0,0,0,0,0,0,0,0
390941,1,1,1987,0,5,0,0,0,0,0,0,0,0
390942,1,1,1987,8,0,0,25,12,14,0,0,0,0
390942,2,1,1987,0,0,0,0,0,0,0,0,0,0
390943,1,1,1987,0,0,0,0,0,0,0,0,0,0
390943,2,1,1987,19,19,19,19,19,19,19,19,19,19
390944,1,1,1987,19,19,19,19,19,19,19,19,19,19
390945,1,1,1987,11,0,0,0,0,0,0,0,0,0
390945,2,1,1987,0,0,0,0,0,0,0,0,0,0
390946,1,1,1987,0,0,0,0,0,0,0,0,0,0
390947,0,1,1987,0,0,0,0,0,0,0,0,0,0
390947,1,1,1987,14,0,12,0,0,0,0,14,0,0
390948,1,1,1987,21,0,3,0,0,0,20,5,21,0
390950,1,1,1987,0,0,0,0,0,0,0,0,0,0
390950,2,1,1987,0,0,0,0,0,0,0,0,0,0
390950,3,1,1987,0,0,0,17,0,0,0,0,0,0
390950,4,1,1987,0,0,0,0,0,0,0,0,0,0
390951,1,1,1987,0,0,0,0,0,0,0,0,0,0
390952,1,1,1987,13,17,0,13,19,11,12,11,19,0
390953,0,1,1987,0,0,0,0,0,0,0,0,0,0
390953,1,1,1987,0,0,0,0,0,0,0,0,0,0
390954,1,1,1987,15,0,6,0,0,0,0,12,0,30
390955,1,1,1987,36,36,36,36,36,36,36,36,36,36
390957,1,1,1987,0,0,0,0,0,0,0,0,0,0
390957,2,1,1987,0,0,0,0,0,0,0,0,0,0
390957,3,1,1987,0,0,0,0,20,0,0,0,0,0
390958,1,1,1987,0,18,0,0,0,0,0,0,0,28
390958,2,1,1987,0,0,0,0,0,0,0,0,0,0
390958,3,1,1987,0,0,0,0,0,0,0,0,0,0
390959,1,1,1987,22,6,11,38,9,27,10,11,10,10
390959,2,1,1987,0,20,0,0,33,0,24,0,14,30
390960,1,1,1987,0,0,0,0,11,0,0,0,0,0
390960,2,1,1987,0,0,0,0,0,0,0,0,0,0
390961,1,1,1987,0,0,0,0,0,0,0,0,0,0
390961,2,1,1987,23,0,19,20,9,13,18,25,23,13
390962,1,1,1987,15,0,31,0,17,21,0,4,0,0
390962,2,1,1987,3,3,3,3,3,3,3,3,3,3
390962,3,1,1987,0,0,0,0,0,0,0,0,0,0
390963,1,1,1987,0,0,0,0,0,0,0,0,0,0
390963,2,1,1987,0,0,0,0,0,0,0,0,0,0
390964,1,1,1987,14,14,31,16,31,14,37,14,13,20
390965,1,1,1987,0,0,0,0,0,0,0,6,17,0
390966,1,1,1987,17,17,17,17,17,17,17,17,17,17
390967,1,1,1987,6,0,0,0,15,37,18,12,0,19
390968,0,1,1987,24,24,24,24,24,24,24,24,24,24
390968,1,1,1987,10,10,10,10,10,10,10,10,10,10
390969,1,1,1987,0,0,0,0,15,0,0,0,0,0
390969,2,1,1987,9,0,9,0,0,0,31,14,14,18
390970,1,1,1987,0,30,0,0,27,0,29,0,0,36
390970,2,1,1987,0,0,0,0,6,0,0,0,21,0
390971,1,1,1987,9,9,9,9,9,9,9,9,9,9
390971,2,1,1987,0,10,0,0,0,0,0,0,18,18
390972,1,1,1987,21,21,21,21,21,21,21,21,21,21
390973,0,1,1987,0,0,0,0,0,0,0,0,0,0
390973,0,2,1987,0,0,0,0,0,0,0,0,0,0
390973,1,1,1987,17,5,15,5,11,9,5,12,10,29
390974,0,1,1987,17,17,17,17,17,17,17,17,17,17
390974,1,1,1987,6,12,21,15,7,16,0,9,11,5
390975,1,1,1987,24,22,14,7,21,0,0,16,27,21
390975,2,1,1987,0,0,0,0,0,0,0,0,0,0
390976,1,1,1987,14,14,14,14,14,14,14,14,14,14
390977,1,1,1987,0,0,20,0,0,0,0,0,0,13
390978,1,1,1987,11,0,10,0,3,18,9,0,7,22
390978,2,1,1987,0,0,0,0,0,0,19,0,0,0
390979,1,1,1987,14,14,14,14,14,14,14,14,14,14
390980,1,1,1987,0,0,0,0,0,0,0,0,0,0
390981,1,1,1987,11,0,0,0,0,0,0,0,0,0
390981,2,1,1987,0,0,0,0,0,0,0,0,0,0
390981,3,1,1987,19,0,0,0,0,0,0,0,0,0
390982,1,1,1987,2,2,2,2,2,2,2,2,2,2
390983,1,1,1987,11,21,8,18,0,11,0,15,0,21
390984,0,1,1987,6,4,11,8,0,0,9,10,30,20
390984,0,2,1987,0,23,10,0,0,0,10,0,20,0
390984,0,3,1987,4,23,19,0,0,0,10,21,11,0
390984,1,1,1987,0,5,0,0,0,0,0,0,0,0
390985,1,1,1987,0,0,0,0,0,0,0,0,8,5
390985,2,1,1987,0,0,0,0,0,0,0,0,0,0
390986,1,1,1987,9,10,12,7,13,3,13,10,23,10
390986,2,1,1987,0,0,0,0,0,9,0,0,0,0
390987,1,1,1987,0,0,14,0,0,0,0,0,0,0
390988,1,1,1987,0,0,0,0,0,0,0,0,0,13
390988,2,1,1987,0,0,0,2,0,0,0,0,0,0
390989,1,1,1987,12,20,16,28,15,13,15,17,17,28
390990,1,1,1987,20,20,20,20,20,20,20,20,20,20
390991,1,1,1987,24,0,0,0,0,25,20,0,0,0
390992,1,1,1987,0,0,0,0,0,0,0,0,0,0
390992,2,1,1987,0,0,0,0,0,0,0,0,0,0
390993,1,1,1987,10,0,18,32,0,8,18,16,8,0
390994,1,1,1987,0,0,0,0,9,0,0,0,0,0
390994,2,1,1987,10,42,10,5,11,6,25,3,2,14
390995,1,1,1987,0,0,0,0,0,0,0,0,0,0
390995,2,1,1987,0,0,0,0,0,0,0,0,0,0
390996,1,1,1987,0,0,0,0,0,0,0,0,0,0
390996,2,1,1987,0,11,0,0,0,0,0,0,0,0
390997,1,1,1987,0,0,0,0,0,0,0,0,0,0
390997,2,1,1987,0,0,0,0,0,0,0,0,0,0
390998,1,1,1987,0,0,17,0,6,0,0,0,0,0
390999,1,1,1987,0,0,0,0,0,0,0,0,13,0
390999,2,1,1987,0,0,0,0,0,0,0,0,18,30
390999,3,1,1987,0,0,0,0,0,0,0,0,0,0
391000,1,1,1987,5,5,5,5,5,5,5,5,5,5
391000,2,1,1987,0,0,0,0,0,0,0,0,0,0
391001,0,1,1987,0,22,2,20,15,0,0,0,0,8
391001,1,1,1987,0,0,0,0,0,0,0,13,0,0
391002,1,1,1987,16,7,20,8,29,14,15,12,12,27
391003,1,1,1987,22,22,22,22,22,22,22,22,22,22
391004,1,1,1987,12,12,12,12,12,12,12,12,12,12
391004,2,1,1987,0,0,0,0,14,0,0,7,11,11
391005,1,1,1987,0,0,0,0,0,0,0,0,0,0
391005,2,1,1987,0,0,0,17,8,0,16,0,0,0
391006,1,1,1987,0,0,0,0,0,0,0,0,0,0
391006,2,1,1987,17,17,17,17,17,17,17,17,17,17
391007,1,1,1987,14,14,14,14,14,14,14,14,14,14
391007,2,1,1987,3,3,3,3,3,3,3,3,3,3
391008,0,1,1987,17,4,28,26,3,5,10,7,11,11
391008,1,1,1987,0,0,0,0,0,8,0,10,0,0
391009,1,1,1987,0,0,14,15,0,15,22,0,4,28
391010,1,1,1987,15,15,15,15,15,15,15,15,15,15
391010,2,1,1987,0,0,0,0,0,0,0,0,0,0
391011,1,1,1987,8,8,8,8,8,8,8,8,8,8
391011,2,1,1987,0,0,0,0,0,15,7,0,0,0
391012,1,1,1987,0,0,0,14,0,0,0,0,7,0
391012,2,1,1987,0,19,0,0,11,0,12,12,0,0
391014,1,1,1987,28,28,28,28,28,28,28,28,28,28
391015,1,1,1987,0,0,0,0,0,0,11,24,0,0
391015,2,1,1987,0,0,0,0,22,0,32,0,0,0
391016,1,1,1987,11,11,11,11,11,11,11,11,11,11
391016,2,1,1987,0,0,0,0,0,0,0,0,0,0
391017,1,1,1987,24,34,9,18,0,0,15,0,22,0