ST_CASE,VEH_NO,PER_NO,YEAR,P1,P2,P3,P4,P5,P6,P7,P8,P9,P10
391017,2,1,1987,0,17,0,17,3,36,0,25,32,23
391018,1,1,1987,18,22,14,24,16,8,0,23,34,11
391019,1,1,1987,0,0,0,0,0,9,0,0,0,0
391020,1,1,1987,3,3,3,3,3,3,3,3,3,3
391021,1,1,1987,0,0,0,0,0,0,0,0,0,0
391021,2,1,1987,11,11,11,11,11,11,11,11,11,11
391022,1,1,1987,0,0,0,0,0,0,0,0,0,9
391022,2,1,1987,17,17,17,17,17,17,17,17,17,17
391023,1,1,1987,4,4,4,4,4,4,4,4,4,4
391024,1,1,1987,19,19,19,19,19,19,19,19,19,19
391024,2,1,1987,0,0,0,0,0,0,0,0,0,0
391025,1,1,1987,0,0,0,0,0,17,0,0,0,0
391025,2,1,1987,5,0,0,0,0,0,0,0,0,0
391026,1,1,1987,11,8,18,37,9,28,15,0,30,28
391028,0,1,1987,0,0,0,0,0,0,0,0,0,0
391028,1,1,1987,8,0,0,0,0,0,0,0,0,0
391029,1,1,1987,0,0,0,0,0,0,0,0,0,0
391030,1,1,1987,12,12,12,12,12,12,12,12,12,12
391030,2,1,1987,0,22,0,13,0,0,0,17,14,0
391030,3,1,1987,0,0,0,0,0,0,0,0,0,0
391031,1,1,1987,0,0,0,0,0,0,0,0,0,0
391031,2,1,1987,0,10,21,0,0,0,0,0,0,0
391032,1,1,1987,21,21,21,21,21,21,21,21,21,21
391033,1,1,1987,0,0,0,0,0,0,0,0,0,0
391033,2,1,1987,0,0,0,0,0,0,0,0,0,0
391034,1,1,1987,0,0,24,0,0,23,0,0,0,0
391034,2,1,1987,0,0,0,0,0,0,0,0,0,0
391035,1,1,1987,0,0,0,0,10,0,0,0,3,0
391035,2,1,1987,0,0,0,0,0,0,0,0,0,0
391036,1,1,1987,32,7,9,16,5,18,14,5,19,19
391036,2,1,1987,0,0,0,0,0,0,0,0,51,13
391037,1,1,1987,22,22,22,22,22,22,22,22,22,22
391038,1,1,1987,0,23,23,0,16,17,19,0,21,14
391039,1,1,1987,0,0,0,0,0,0,0,0,10,0
391039,2,1,1987,13,13,13,13,13,13,13,13,13,13
391040,1,1,1987,19,19,19,19,19,19,19,19,19,19
391041,1,1,1987,20,10,14,22,8,24,14,20,21,7
391042,1,1,1987,0,0,0,0,0,0,0,0,0,0
391043,1,1,1987,0,0,0,0,0,0,0,0,0,0
391045,1,1,1987,0,0,0,0,0,0,0,0,0,0
391046,1,1,1987,16,16,16,16,16,16,16,16,16,16
391047,1,1,1987,0,0,22,0,0,0,0,0,15,3
391047,2,1,1987,0,0,0,0,0,0,0,0,0,0
391048,1,1,1987,0,16,0,0,0,0,0,0,0,0
391048,2,1,1987,0,0,0,0,0,0,0,0,0,0
391048,3,1,1987,0,0,0,0,0,0,0,0,0,0
391049,1,1,1987,12,12,12,12,12,12,12,12,12,12
391050,1,1,1987,0,0,0,0,0,0,0,0,0,0
391050,2,1,1987,0,0,0,0,0,0,0,0,0,0
391051,1,1,1987,0,0,0,0,0,0,3,0,0,0
391051,2,1,1987,0,0,0,0,0,0,0,0,0,0
391052,1,1,1987,16,15,13,10,34,20,0,22,0,8
391053,1,1,1987,9,9,9,9,9,9,9,9,9,9
391053,2,1,1987,5,5,5,5,5,5,5,5,5,5
391054,1,1,1987,12,16,10,16,5,7,30,15,20,18
391055,1,1,1987,21,21,21,21,21,21,21,21,21,21
391056,1,1,1987,20,20,20,20,20,20,20,20,20,20
391057,1,1,1987,7,8,6,0,30,26,12,11,0,31
391058,1,1,1987,20,7,15,0,25,14,9,28,21,16
391059,1,1,1987,0,0,0,0,0,0,0,0,0,0
391059,2,1,1987,0,0,0,0,28,0,0,0,0,0
391060,1,1,1987,17,4,0,20,10,15,18,20,25,24
391061,1,1,1987,20,20,20,20,20,20,20,20,20,20
391062,0,1,1987,6,6,6,6,6,6,6,6,6,6
391062,1,1,1987,14,0,0,0,0,0,0,0,0,0
391063,1,1,1987,0,0,0,0,0,0,0,0,0,0
391063,2,1,1987,0,0,0,0,0,0,0,0,0,0
391064,1,1,1987,0,0,0,0,0,0,0,0,0,0
391064,2,1,1987,0,0,0,0,0,0,0,0,0,0
391065,1,1,1987,0,0,0,0,0,0,0,0,0,0
391066,1,1,1987,15,11,22,41,26,10,26,14,14,22
391067,1,1,1987,9,27,12,10,19,40,26,20,23,7
391068,1,1,1987,20,14,0,19,17,8,8,9,0,7
391069,1,1,1987,17,0,0,0,0,0,0,0,0,0
391069,2,1,1987,0,0,0,0,0,0,0,0,0,0
391070,1,1,1987,0,15,0,0,12,0,23,14,28,15
391071,1,1,1987,0,0,0,0,5,0,20,0,26,8
391072,1,1,1987,3,6,15,16,15,4,22,9,11,19
391072,2,1,1987,26,20,13,23,9,24,23,23,14,21
391073,1,1,1987,13,13,13,13,13,13,13,13,13,13
391073,2,1,1987,0,21,10,20,8,10,8,0,3,11
391074,0,1,1987,0,12,0,0,0,0,0,0,0,0
391074,1,1,1987,0,0,0,0,0,0,0,0,0,14
391075,1,1,1987,29,29,29,29,29,29,29,29,29,29
391076,1,1,1987,0,0,0,0,0,15,19,0,0,0
391076,2,1,1987,13,17,0,0,24,0,0,0,19,18
391076,3,1,1987,13,0,21,0,19,8,0,0,0,0
391076,4,1,1987,19,21,11,0,0,13,0,29,0,27
391077,0,1,1987,0,0,0,0,0,0,0,0,0,10
391077,1,1,1987,0,0,0,0,0,0,0,0,0,6
391078,1,1,1987,25,10,16,3,12,16,16,16,31,24
391079,1,1,1987,9,9,10,23,13,9,22,12,18,16
391079,2,1,1987,30,30,30,30,30,30,30,30,30,30
391080,1,1,1987,0,0,0,0,0,0,0,0,0,0
391080,2,1,1987,5,5,0,14,3,14,13,30,0,24
391081,1,1,1987,0,0,0,0,0,0,0,0,0,0
391081,2,1,1987,0,0,0,0,0,0,0,0,0,0
391082,0,1,1987,0,0,0,0,0,0,0,0,0,0
391082,1,1,1987,0,0,0,15,0,4,0,0,0,11
391083,1,1,1987,21,21,21,21,21,21,21,21,21,21
391084,1,1,1987,8,24,18,0,0,37,0,13,0,19
391085,1,1,1987,27,27,27,27,27,27,27,27,27,27
391085,2,1,1987,18,18,18,18,18,18,18,18,18,18
391085,3,1,1987,0,0,0,17,12,7,0,0,14,11
391086,1,1,1987,26,26,26,26,26,26,26,26,26,26
391088,0,1,1987,0,0,0,0,0,0,0,0,0,0
391088,1,1,1987,0,0,12,0,0,0,0,0,0,17
391089,1,1,1987,16,16,16,16,16,16,16,16,16,16
391090,1,1,1987,9,9,9,9,9,9,9,9,9,9
391091,1,1,1987,15,12,18,13,7,14,16,13,4,30
391091,2,1,1987,0,0,9,0,0,0,0,7,0,14
391092,1,1,1987,0,0,0,0,0,0,8,0,0,0
391092,2,1,1987,0,0,0,0,0,0,0,0,0,0
391093,1,1,1987,0,0,0,0,10,17,0,0,0,0
391094,1,1,1987,0,0,0,0,0,0,0,0,0,22
391094,2,1,1987,0,0,0,0,0,0,0,0,0,0
391095,1,1,1987,0,11,19,23,11,25,0,7,13,34
391095,2,1,1987,15,0,0,0,5,0,5,6,10,0
391096,1,1,1987,11,11,11,11,11,11,11,11,11,11
391098,1,1,1987,0,0,0,4,29,0,0,0,0,16
391098,2,1,1987,0,0,0,0,0,0,0,0,0,0
391099,1,1,1987,22,22,22,22,22,22,22,22,22,22
391100,1,1,1987,16,16,16,16,16,16,16,16,16,16
391100,2,1,1987,12,9,0,0,20,22,0,0,0,0
391100,3,1,1987,0,0,0,11,0,0,0,0,14,0
391101,1,1,1987,27,27,27,27,27,27,27,27,27,27
391101,2,1,1987,0,0,0,12,0,0,0,0,0,0
391102,1,1,1987,0,0,0,22,22,14,5,0,9,0
391102,2,1,1987,0,0,0,0,0,0,0,0,0,0
391103,1,1,1987,0,4,0,0,19,26,0,0,30,0
391103,2,1,1987,27,30,15,26,13,9,11,34,11,18
391104,0,1,1987,16,13,25,21,0,0,16,14,25,3
391104,1,1,1987,29,17,19,5,16,0,0,0,25,20
391105,1,1,1987,8,15,25,19,2,19,5,15,8,6
391106,1,1,1987,0,0,0,0,9,0,0,0,0,0
391106,2,1,1987,0,0,0,0,0,0,0,0,0,0
391107,1,1,1987,24,6,0,0,12,0,4,17,0,0
391109,1,1,1987,0,0,0,0,0,0,0,0,0,0
391109,2,1,1987,20,20,20,20,20,20,20,20,20,20
391109,3,1,1987,0,0,0,0,0,0,0,0,0,0
391110,1,1,1987,0,0,0,0,0,0,0,9,15,0
391111,1,1,1987,25,19,15,0,0,17,19,22,5,28
391112,1,1,1987,15,15,15,15,15,15,15,15,15,15
391113,1,1,1987,17,19,4,16,11,7,15,23,3,9
391114,1,1,1987,16,16,16,16,16,16,16,16,16,16
391115,1,1,1987,16,24,29,12,13,13,14,17,12,0
391116,1,1,1987,11,14,0,3,15,24,13,17,11,0
391116,2,1,1987,0,0,0,0,0,0,0,0,0,0
391117,1,1,1987,36,0,0,12,0,12,0,0,0,0
391117,2,1,1987,0,0,0,0,0,0,0,0,0,0
391118,1,1,1987,16,16,16,16,16,16,16,16,16,16
391119,1,1,1987,20,13,13,6,15,13,0,28,1,0
391119,2,1,1987,7,0,0,0,0,0,0,10,0,0
391120,1,1,1987,10,0,0,0,6,0,0,0,26,17
391120,2,1,1987,0,0,0,0,0,0,0,0,0,0
391121,1,1,1987,13,20,17,16,11,38,16,16,11,15
391122,1,1,1987,25,25,25,25,25,25,25,25,25,25
391123,1,1,1987,0,15,0,0,0,0,0,0,0,0
391123,2,1,1987,11,37,14,12,19,9,16,12,1,28
391124,1,1,1987,24,24,24,24,24,24,24,24,24,24
391125,1,1,1987,1,1,1,1,1,1,1,1,1,1
391125,2,1,1987,0,0,0,0,0,0,0,0,0,0
391125,3,1,1987,0,0,0,0,0,0,0,0,0,0
391125,4,1,1987,0,0,16,0,0,0,0,0,0,0
391126,1,1,1987,33,14,29,12,25,20,0,17,18,13
391127,0,1,1987,0,11,5,23,15,17,19,14,24,0
391127,1,1,1987,26,12,15,10,0,7,16,24,3,14
391127,2,1,1987,10,0,8,16,0,32,7,20,6,5
391128,1,1,1987,16,16,16,16,16,16,16,16,16,16
391129,1,1,1987,8,14,0,0,0,0,0,0,0,0
391129,2,1,1987,13,11,11,0,0,0,0,0,9,0
391130,1,1,1987,15,15,15,15,15,15,15,15,15,15
391130,2,1,1987,14,0,0,0,0,0,12,0,0,0
391130,3,1,1987,10,0,0,0,14,13,0,0,0,0
391131,1,1,1987,9,9,9,9,9,9,9,9,9,9
391132,1,1,1987,20,20,20,20,20,20,20,20,20,20
391133,1,1,1987,17,17,17,17,17,17,17,17,17,17
391134,1,1,1987,0,0,0,0,9,0,0,0,0,0
391134,2,1,1987,0,0,0,0,0,0,0,0,0,0
391135,0,1,1987,18,18,18,18,18,18,18,18,18,18
391135,1,1,1987,0,0,0,0,0,0,0,0,0,0
391136,1,1,1987,13,13,13,13,13,13,13,13,13,13
391137,1,1,1987,12,12,12,12,12,12,12,12,12,12
391138,1,1,1987,0,0,6,0,0,0,5,0,0,0
391139,1,1,1987,0,0,0,0,0,0,0,0,0,0
391140,1,1,1987,0,0,0,0,0,0,0,0,0,0
391140,2,1,1987,0,0,0,0,0,0,0,0,0,0
391141,1,1,1987,0,0,0,0,0,0,0,0,0,0
391141,2,1,1987,0,0,0,0,0,0,0,0,0,0
391142,1,1,1987,0,0,0,0,19,18,33,0,10,14
391142,2,1,1987,0,0,0,0,0,0,0,0,0,0
391142,3,1,1987,0,0,0,0,0,0,0,0,0,0
391144,1,1,1987,0,0,0,0,0,0,0,0,0,0
391144,2,1,1987,0,0,0,0,0,0,0,0,0,0
391145,0,1,1987,0,0,0,0,0,0,0,0,0,0
391145,1,1,1987,0,0,0,0,0,0,0,22,0,0
391146,1,1,1987,0,0,0,0,0,0,0,15,0,0
391147,1,1,1987,11,25,24,19,20,13,12,20,24,18
391148,1,1,1987,13,13,9,19,21,18,4,8,9,28
391149,1,1,1987,17,0,0,0,0,0,10,18,0,0
391150,1,1,1987,0,0,0,0,0,0,0,0,0,0
391150,2,1,1987,0,0,0,0,0,0,0,0,0,0
391151,1,1,1987,0,17,21,0,0,0,0,0,0,0
391151,2,1,1987,0,0,0,0,0,0,0,0,0,0
391152,1,1,1987,25,25,25,25,25,25,25,25,25,25
391152,2,1,1987,0,0,0,0,0,0,0,0,0,0
391153,1,1,1987,15,15,15,15,15,15,15,15,15,15
391154,1,1,1987,0,0,0,0,0,12,0,0,0,0
391154,2,1,1987,0,18,0,19,0,0,0,0,0,0
391155,1,1,1987,0,0,0,0,0,0,0,0,0,0
391156,1,1,1987,15,18,15,3,4,15,3,16,10,12
391156,2,1,1987,0,0,14,11,31,19,15,9,12,26
391156,3,1,1987,0,0,0,19,0,0,0,0,0,0
391157,1,1,1987,0,0,0,0,0,0,0,0,8,0
391157,2,1,1987,0,0,0,0,0,17,0,0,0,0
391158,1,1,1987,0,0,0,0,0,0,0,0,0,0
391158,2,1,1987,0,0,0,0,0,0,0,0,0,0
391158,3,1,1987,0,0,0,0,0,0,0,0,0,0
391158,4,1,1987,0,0,0,0,0,0,0,16,0,0
391159,1,1,1987,0,0,0,5,0,0,0,0,0,0
391160,1,1,1987,6,6,6,6,6,6,6,6,6,6
391161,1,1,1987,0,0,0,0,0,13,0,0,0,0
391161,2,1,1987,11,11,11,11,11,11,11,11,11,11
391162,1,1,1987,0,0,0,0,6,0,0,0,12,6
391162,2,1,1987,17,17,17,17,17,17,17,17,17,17
391163,0,1,1987,0,0,0,0,0,0,0,0,0,0
391163,1,1,1987,0,10,0,20,0,0,0,7,0,0
391164,1,1,1987,0,0,0,0,0,0,0,0,0,0
391164,2,1,1987,20,20,20,20,20,20,20,20,20,20
391165,1,1,1987,0,0,0,0,9,0,0,0,0,0
391165,2,1,1987,0,0,0,0,0,0,0,0,0,0
391166,1,1,1987,0,0,0,0,0,0,0,13,0,13
391167,1,1,1987,18,18,18,18,18,18,18,18,18,18
391168,1,1,1987,7,7,7,7,7,7,7,7,7,7
391169,1,1,1987,0,3,16,20,9,13,10,19,12,8
391169,2,1,1987,0,0,0,0,6,0,0,10,0,14
391170,1,1,1987,0,0,0,0,0,0,0,0,0,0
391170,2,1,1987,0,0,0,0,0,0,0,22,0,0
391171,1,1,1987,18,0,0,0,0,0,10,0,0,0
391171,2,1,1987,0,0,0,0,0,0,0,0,0,0
391172,1,1,1987,42,42,42,42,42,42,42,42,42,42
391172,2,1,1987,18,0,0,5,0,0,0,0,0,6
391172,3,1,1987,0,0,0,0,0,0,0,0,0,0
391172,4,1,1987,0,0,0,0,0,0,0,0,0,0
391172,5,1,1987,0,0,0,0,0,0,0,0,0,0
391173,1,1,1987,15,15,15,15,15,15,15,15,15,15
391173,2,1,1987,0,0,0,0,0,0,0,0,0,0
391174,1,1,1987,0,0,0,0,0,0,0,0,0,0
391174,2,1,1987,0,6,11,12,13,9,28,28,24,14
391175,1,1,1987,17,17,17,17,17,17,17,17,17,17
391176,1,1,1987,0,0,0,0,0,0,0,0,0,0
391176,2,1,1987,0,0,0,0,0,0,0,0,0,0
391177,0,1,1987,0,0,0,0,0,0,0,0,0,19
391177,1,1,1987,0,0,0,0,0,14,0,0,0,22
391178,1,1,1987,12,0,15,0,0,0,0,14,10,13
391179,1,1,1987,12,12,12,12,12,12,12,12,12,12
391180,1,1,1987,17,17,17,17,17,17,17,17,17,17
391181,1,1,1987,11,11,11,11,11,11,11,11,11,11
391182,1,1,1987,27,27,27,27,27,27,27,27,27,27
391183,1,1,1987,0,11,0,0,0,0,0,0,0,0
391183,2,1,1987,0,0,0,0,0,0,0,0,0,0
391184,1,1,1987,0,0,0,6,27,0,0,0,16,0
391185,1,1,1987,0,0,16,0,22,0,21,24,8,0
391186,1,1,1987,13,25,21,22,0,0,8,12,18,0
391186,2,1,1987,17,17,17,17,17,17,17,17,17,17
391187,1,1,1987,29,29,29,29,29,29,29,29,29,29
391187,2,1,1987,13,0,0,0,0,0,0,0,0,0
391188,1,1,1987,20,38,27,12,23,9,7,28,4,26
391189,1,1,1987,22,0,11,17,20,18,0,17,14,0
391189,2,1,1987,15,13,21,21,31,0,6,19,8,10
391190,1,1,1987,0,0,0,13,0,0,0,20,0,0
391190,2,1,1987,0,0,0,0,0,0,0,0,0,0
391191,1,1,1987,12,12,12,12,12,12,12,12,12,12
391192,1,1,1987,4,4,4,4,4,4,4,4,4,4
391192,2,1,1987,0,0,0,0,0,0,0,0,0,0
391193,1,1,1987,12,12,12,12,12,12,12,12,12,12
391194,1,1,1987,0,0,0,0,0,0,0,0,0,0
391194,2,1,1987,0,0,0,0,0,0,0,0,0,0
391195,1,1,1987,16,8,8,2,22,17,21,18,17,14
391196,1,1,1987,0,0,0,0,0,0,0,0,32,11
391196,2,1,1987,0,0,0,0,0,0,0,0,18,0
391197,0,1,1987,0,0,0,0,0,0,0,0,12,0
391197,1,1,1987,0,0,0,0,0,0,0,0,20,0
391198,1,1,1987,0,0,0,0,0,0,0,0,0,0
391198,2,1,1987,0,0,0,0,0,0,0,0,0,0
391199,1,1,1987,21,21,21,21,21,21,21,21,21,21
391200,1,1,1987,4,8,8,0,8,20,22,0,6,0
391201,1,1,1987,17,17,17,17,17,17,17,17,17,17
391201,2,1,1987,0,0,0,13,22,0,17,0,0,0
391202,1,1,1987,20,20,20,20,20,20,20,20,20,20
391202,2,1,1987,20,20,20,20,20,20,20,20,20,20
391203,1,1,1987,10,9,0,13,8,12,7,9,12,0
391204,0,1,1987,18,50,40,8,27,18,26,35,53,16
391204,1,1,1987,0,0,24,0,21,0,11,16,0,0
391205,0,1,1987,12,12,12,12,12,12,12,12,12,12
391205,1,1,1987,0,0,0,0,0,0,0,0,0,0
391206,1,1,1987,0,0,0,0,0,0,0,0,0,0
391206,2,1,1987,0,0,0,0,0,0,0,0,0,0
391207,1,1,1987,7,21,11,18,20,20,28,18,10,29
391207,2,1,1987,0,0,4,0,0,0,3,0,18,0
391208,1,1,1987,0,0,0,0,0,0,0,0,0,0
391208,2,1,1987,0,0,0,0,0,0,0,0,0,0
391209,1,1,1987,11,11,11,11,11,11,11,11,11,11
391210,1,1,1987,18,18,18,18,18,18,18,18,18,18
391211,1,1,1987,15,15,15,15,15,15,15,15,15,15
391212,1,1,1987,0,0,0,0,0,0,0,0,0,0
391212,2,1,1987,0,0,0,0,0,0,0,0,0,0
391214,1,1,1987,0,0,0,0,0,0,0,0,0,0
391215,1,1,1987,0,0,0,0,7,0,0,0,0,0
391215,2,1,1987,0,0,0,0,0,0,0,0,0,0
391216,1,1,1987,16,16,16,16,16,16,16,16,16,16
391217,1,1,1987,0,9,4,0,5,0,0,5,0,0
391217,2,1,1987,0,0,12,8,30,0,0,20,0,10
391218,1,1,1987,0,0,0,0,0,0,0,0,0,0
391218,2,1,1987,0,0,23,0,0,0,0,0,4,0
391219,1,1,1987,17,8,35,16,10,16,19,0,23,4
391221,1,1,1987,13,13,13,13,13,13,13,13,13,13
391222,1,1,1987,17,0,0,0,0,0,0,0,0,0
391223,1,1,1987,0,0,0,0,0,0,0,0,0,0
391223,2,1,1987,0,0,0,9,11,0,12,0,0,0
391224,1,1,1987,11,11,11,11,11,11,11,11,11,11
391225,1,1,1987,0,12,0,0,0,4,0,0,0,13
391226,1,1,1987,0,0,0,0,0,0,0,0,0,0
391226,2,1,1987,0,3,11,17,16,22,0,0,0,0
391227,1,1,1987,14,0,0,0,14,0,0,12,17,0
391227,2,1,1987,0,0,0,0,0,0,0,0,0,11
391228,1,1,1987,0,27,0,0,0,0,0,0,0,0
391228,2,1,1987,0,16,0,4,6,0,0,0,0,0
391229,0,1,1987,0,0,0,0,0,0,0,0,0,0
391229,0,2,1987,16,4,9,0,4,0,7,7,4,0
391229,1,1,1987,0,7,0,0,0,14,9,0,0,0
391230,1,1,1987,0,0,0,0,0,0,0,18,0,0
391230,2,1,1987,0,0,0,0,0,0,0,0,0,0
391231,1,1,1987,0,0,0,0,0,0,0,0,0,0
391231,2,1,1987,19,0,0,0,12,11,0,0,0,10
391232,1,1,1987,0,12,0,0,0,0,37,24,6,0
391232,2,1,1987,4,0,0,0,12,16,0,6,0,0
391233,1,1,1987,0,0,0,0,0,15,0,0,0,0
391234,1,1,1987,0,0,0,0,0,0,0,0,0,0
391234,2,1,1987,0,0,0,0,0,0,0,0,0,0
391235,1,1,1987,0,0,0,0,10,19,15,0,22,12
391235,2,1,1987,0,0,0,0,0,17,0,0,0,0
391236,1,1,1987,22,22,22,22,22,22,22,22,22,22
391237,1,1,1987,0,0,0,20,0,0,0,0,0,21
391238,1,1,1987,31,31,11,15,31,31,14,29,16,38
391239,1,1,1987,0,0,0,0,0,0,0,0,0,0
391239,2,1,1987,0,0,0,0,0,0,0,0,0,0
391241,1,1,1987,0,0,0,0,0,0,0,0,0,0
391241,2,1,1987,0,0,0,0,0,0,0,0,0,0
391241,3,1,1987,0,0,0,0,0,0,17,19,10,0
391242,1,1,1987,9,9,9,9,9,9,9,9,9,9
391242,2,1,1987,0,0,0,0,0,0,0,0,0,0
391243,1,1,1987,25,25,25,25,25,25,25,25,25,25
391245,1,1,1987,0,0,0,0,0,0,0,16,0,14
391245,2,1,1987,10,11,11,17,11,15,14,11,6,10
391245,3,1,1987,0,0,0,0,0,0,0,0,0,13
391246,0,1,1987,0,0,0,0,0,0,0,0,0,0
391246,1,1,1987,5,0,0,0,0,0,0,0,0,0
391247,0,1,1987,0,0,0,0,0,0,0,0,0,0
391247,1,1,1987,19,0,23,18,9,28,8,20,11,23
391248,1,1,1987,13,0,19,33,16,11,10,10,13,0
391248,2,1,1987,11,11,0,13,18,22,0,16,11,9
391248,3,1,1987,18,25,22,19,10,20,29,10,14,2
391249,1,1,1987,11,30,0,16,21,0,28,0,17,9
391250,1,1,1987,0,0,0,16,0,0,0,0,0,0
391250,2,1,1987,0,0,0,0,0,0,0,15,0,0
391251,1,1,1987,0,14,0,18,0,0,0,7,23,9
391252,1,1,1987,5,5,5,5,5,5,5,5,5,5
391253,1,1,1987,0,10,0,8,6,0,0,0,25,0
391254,1,1,1987,0,0,0,0,0,0,0,13,0,0
391254,2,1,1987,0,0,0,0,0,0,0,0,0,0
391255,1,1,1987,0,6,0,0,0,0,12,0,0,0
391255,2,1,1987,0,0,0,0,0,0,0,0,0,0
391256,1,1,1987,8,5,9,9,20,8,16,11,11,11
391257,1,1,1987,15,15,15,15,15,15,15,15,15,15
391258,1,1,1987,2,2,2,2,2,2,2,2,2,2
391258,2,1,1987,24,24,24,24,24,24,24,24,24,24
391259,1,1,1987,0,0,0,0,0,0,36,0,12,0
391259,2,1,1987,0,0,0,0,0,0,0,0,0,0
391260,1,1,1987,20,20,20,20,20,20,20,20,20,20
391261,1,1,1987,0,0,0,6,0,2,0,0,0,0
391261,2,1,1987,0,0,0,0,0,0,0,0,0,0
391261,3,1,1987,0,0,0,0,0,0,0,0,0,0
391262,1,1,1987,26,26,26,26,26,26,26,26,26,26
391263,1,1,1987,0,0,0,0,0,0,0,0,0,0
391263,2,1,1987,0,0,0,0,0,0,0,0,0,0
391263,3,1,1987,0,0,0,0,0,0,0,0,0,0
391264,0,1,1987,0,24,32,36,19,6,22,34,23,7
391264,1,1,1987,14,23,0,14,0,9,3,0,14,12
391265,1,1,1987,0,0,0,0,0,0,0,0,0,0
391265,2,1,1987,11,0,0,0,0,0,0,0,0,0
391266,1,1,1987,0,0,0,0,0,0,0,11,0,0
391267,1,1,1987,0,0,0,20,13,37,0,18,0,8
391268,1,1,1987,18,18,18,18,18,18,18,18,18,18
391268,2,1,1987,0,0,0,0,0,0,0,0,0,0
391269,1,1,1987,27,27,27,27,27,27,27,27,27,27
391271,1,1,1987,27,27,27,27,27,27,27,27,27,27
391272,1,1,1987,16,16,16,16,16,16,16,16,16,16
391273,0,1,1987,13,0,17,0,0,0,0,0,0,18
391273,0,2,1987,0,7,16,0,3,0,0,8,6,0
391273,1,1,1987,0,0,0,0,0,0,0,0,0,0
391274,1,1,1987,26,14,13,6,9,0,17,11,19,15
391275,1,1,1987,0,8,9,0,20,7,0,0,7,18
391276,1,1,1987,14,50,26,16,22,23,19,23,2,27
391277,0,1,1987,0,0,0,0,0,0,9,14,0,0
391277,1,1,1987,0,0,0,0,0,0,0,0,0,0
391278,1,1,1987,11,19,20,10,20,18,22,18,14,16
391279,1,1,1987,0,0,0,0,0,0,0,0,0,0
391279,2,1,1987,0,0,0,0,0,0,0,0,0,0
391279,3,1,1987,0,0,0,0,0,0,0,0,0,0
391279,4,1,1987,0,0,8,0,0,0,0,0,0,0
391280,1,1,1987,20,12,12,24,8,12,30,22,17,16
391281,0,1,1987,26,9,18,19,22,33,8,7,21,24
391281,1,1,1987,0,12,13,23,10,14,14,10,0,0
391282,1,1,1987,30,16,32,13,22,34,21,30,15,26
391283,1,1,1987,18,18,18,18,18,18,18,18,18,18
391285,1,1,1987,11,11,11,11,11,11,11,11,11,11
391286,0,1,1987,14,0,0,23,16,0,0,0,7,0
391286,1,1,1987,0,0,0,0,0,0,0,0,0,0
391286,2,1,1987,0,0,0,0,0,0,0,0,0,0
391287,1,1,1987,0,0,11,0,0,0,0,0,0,0
391288,0,1,1987,0,0,0,0,0,0,0,0,0,0
391288,1,1,1987,0,18,15,0,0,0,0,0,0,0
391289,0,1,1987,0,0,0,0,0,0,0,0,0,0
391289,1,1,1987,0,0,8,0,0,0,0,0,0,0
391290,0,1,1987,0,20,23,20,44,26,17,10,16,27
391290,1,1,1987,13,11,12,6,0,21,1,8,23,8
391291,1,1,1987,27,27,27,27,27,27,27,27,27,27
391291,2,1,1987,0,0,0,0,0,0,0,0,0,0
391292,1,1,1987,14,0,13,0,0,0,11,0,0,0
391293,1,1,1987,20,4,18,14,9,19,20,13,8,17
391293,2,1,1987,8,19,6,13,10,16,6,9,12,9
391295,1,1,1987,18,18,18,18,18,18,18,18,18,18
391296,1,1,1987,20,9,10,9,17,10,8,2,18,8
391297,1,1,1987,0,17,15,0,21,0,20,0,17,28
391298,1,1,1987,21,21,21,21,21,21,21,21,21,21
391299,1,1,1987,0,0,0,13,16,0,30,0,0,0
391300,1,1,1987,0,0,0,0,0,0,0,0,0,0
391300,2,1,1987,0,0,0,9,0,0,0,0,0,0
391301,1,1,1987,0,0,3,0,0,0,0,0,0,0
391301,2,1,1987,0,0,0,0,0,0,0,0,0,0
391302,1,1,1987,33,29,17,8,14,23,22,26,14,44
391303,1,1,1987,0,0,0,0,0,0,0,0,0,0
391303,2,1,1987,0,20,18,0,0,15,0,25,0,0
391304,1,1,1987,10,0,21,33,12,15,9,9,12,15
391305,1,1,1987,0,0,0,0,0,0,0,0,0,0
391305,2,1,1987,0,0,0,0,0,0,0,0,0,0
391306,0,1,1987,15,15,15,15,15,15,15,15,15,15
391306,1,1,1987,9,9,9,9,9,9,9,9,9,9
391307,1,1,1987,0,0,0,0,0,0,0,0,0,0