ST_CASE,VEH_NO,PER_NO,YEAR,P1,P2,P3,P4,P5,P6,P7,P8,P9,P10
391307,2,1,1987,0,0,0,0,0,0,17,0,0,0
391307,3,1,1987,0,0,0,0,0,0,0,0,0,0
391308,1,1,1987,12,0,0,0,0,0,0,0,0,0
391308,2,1,1987,11,0,0,0,0,17,0,11,0,0
391309,1,1,1987,0,0,0,0,0,0,0,0,0,0
391309,2,1,1987,0,0,0,0,0,11,0,0,0,0
391310,1,1,1987,0,14,23,0,0,0,0,13,0,15
391311,1,1,1987,15,15,0,0,0,0,0,0,0,0
391311,2,1,1987,0,0,0,0,0,0,0,21,0,0
391312,0,1,1987,0,0,0,0,0,19,20,0,0,0
391312,1,1,1987,20,9,0,5,26,20,14,0,0,32
391313,1,1,1987,0,0,0,0,0,0,0,11,0,0
391314,1,1,1987,0,0,0,0,0,0,0,0,0,0
391314,2,1,1987,0,0,0,0,0,0,0,0,0,0
391315,1,1,1987,7,7,7,7,7,7,7,7,7,7
391315,2,1,1987,0,0,0,0,0,0,0,0,0,0
391316,1,1,1987,0,0,0,0,0,0,0,0,0,0
391316,2,1,1987,0,0,15,0,0,0,0,0,19,0
391317,1,1,1987,9,9,9,9,9,9,9,9,9,9
391318,0,1,1987,17,17,17,17,17,17,17,17,17,17
391318,1,1,1987,0,0,0,0,0,0,0,0,0,0
391319,1,1,1987,0,0,0,0,0,0,0,0,0,0
391319,2,1,1987,1,1,1,1,1,1,1,1,1,1
391320,1,1,1987,17,17,17,17,17,17,17,17,17,17
391321,0,1,1987,0,0,0,13,0,38,16,18,35,0
391321,1,1,1987,0,0,0,0,13,0,0,0,7,0
391322,1,1,1987,15,15,15,15,15,15,15,15,15,15
391322,2,1,1987,16,16,16,16,16,16,16,16,16,16
391323,0,1,1987,0,21,16,30,18,20,0,18,0,10
391323,1,1,1987,0,0,0,0,0,0,0,0,0,0
391324,0,1,1987,38,29,36,26,16,40,20,20,0,13
391324,0,2,1987,15,0,27,8,5,6,4,29,42,9
391324,1,1,1987,23,10,12,8,33,6,11,17,3,9
391325,1,1,1987,0,0,0,0,0,0,0,32,13,27
391326,1,1,1987,0,0,0,0,0,0,0,0,0,14
391326,2,1,1987,0,0,17,0,12,0,8,0,0,0
391327,1,1,1987,18,18,18,18,18,18,18,18,18,18
391328,1,1,1987,12,12,12,12,12,12,12,12,12,12
391329,1,1,1987,0,0,0,0,0,0,0,0,0,0
391329,2,1,1987,0,0,0,0,0,0,0,27,0,0
391330,0,1,1987,0,13,0,0,0,0,0,0,0,0
391330,1,1,1987,0,0,0,11,0,0,0,0,0,0
391331,1,1,1987,0,14,5,0,0,16,0,0,0,0
391331,2,1,1987,0,0,0,25,0,0,20,0,0,0
391332,1,1,1987,0,0,0,0,0,0,0,0,0,0
391333,1,1,1987,13,0,0,0,0,0,0,0,0,0
391333,2,1,1987,0,27,0,16,0,0,0,0,0,0
391334,1,1,1987,0,0,0,0,0,0,0,0,0,0
391334,2,1,1987,0,0,0,0,0,0,0,0,0,0
391335,1,1,1987,0,0,0,0,0,12,0,0,0,0
391335,2,1,1987,0,0,0,8,0,0,0,0,0,12
391336,0,1,1987,0,0,0,0,0,0,0,0,0,0
391336,1,1,1987,24,0,0,16,0,0,0,0,0,0
391337,1,1,1987,0,0,0,17,25,0,0,0,16,13
391337,2,1,1987,17,0,0,0,0,0,0,0,0,0
391338,1,1,1987,0,0,0,0,0,0,0,0,0,0
391339,1,1,1987,13,13,13,13,13,13,13,13,13,13
391340,1,1,1987,9,9,9,9,9,9,9,9,9,9
391341,1,1,1987,0,0,0,0,0,0,0,0,12,15
391342,1,1,1987,14,14,14,14,14,14,14,14,14,14
391343,1,1,1987,6,10,21,2,16,0,12,19,26,9
391343,2,1,1987,0,24,0,0,12,0,0,0,0,0
391344,1,1,1987,23,0,16,0,0,21,0,0,21,0
391345,1,1,1987,28,24,15,26,0,5,22,33,19,20
391347,1,1,1987,0,0,0,0,0,0,0,0,0,0
391347,2,1,1987,0,0,0,0,0,0,17,0,0,0
391347,3,1,1987,0,0,0,0,0,0,0,0,0,0
391348,1,1,1987,20,5,9,4,2,0,9,12,0,17
391349,1,1,1987,9,9,9,9,9,9,9,9,9,9
391349,2,1,1987,16,0,0,12,14,4,0,0,0,13
391350,1,1,1987,21,21,21,21,21,21,21,21,21,21
391351,1,1,1987,1,1,1,1,1,1,1,1,1,1
391351,2,1,1987,18,18,21,0,21,8,16,16,11,16
391352,0,1,1987,22,0,9,0,29,17,6,0,11,20
391352,1,1,1987,0,0,0,0,0,0,0,0,0,0
391353,1,2,1987,0,25,32,12,9,19,5,9,30,22
391354,0,1,1987,5,19,13,45,0,26,17,23,0,22
391354,1,1,1987,8,0,8,14,10,20,6,14,15,10
391355,0,1,1987,0,0,0,0,0,0,0,0,0,0
391355,1,1,1987,0,0,0,0,0,0,0,0,0,11
391356,1,1,1987,21,27,9,17,0,19,13,5,8,27
391357,1,1,1987,0,0,0,0,0,0,9,0,0,0
391357,2,1,1987,0,0,0,0,0,0,0,0,0,0
391357,3,1,1987,0,0,0,0,0,0,0,0,0,0
391358,1,1,1987,22,22,22,22,22,22,22,22,22,22
391359,1,1,1987,4,4,4,4,4,4,4,4,4,4
391359,2,1,1987,0,0,22,0,0,0,0,0,0,0
391360,1,1,1987,0,0,0,0,0,0,0,0,0,0
391360,2,1,1987,0,0,0,0,0,0,0,0,0,0
391361,1,1,1987,15,13,24,17,0,10,0,14,30,11
391362,1,1,1987,17,0,0,0,0,0,0,0,0,0
391363,1,1,1987,20,20,20,20,20,20,20,20,20,20
391364,1,1,1987,18,0,9,21,0,0,23,0,5,0
391365,1,1,1987,8,16,23,19,22,17,8,21,4,23
391366,0,1,1987,6,0,6,0,17,20,0,14,9,3
391366,1,1,1987,30,25,18,36,0,6,36,5,0,6
391367,1,1,1987,19,19,19,19,19,19,19,19,19,19
391368,1,1,1987,0,0,0,0,0,0,27,0,0,0
391368,2,1,1987,0,0,0,0,13,0,0,0,0,0
391368,3,1,1987,0,0,0,0,0,0,0,0,0,0
391369,0,1,1987,22,22,22,22,22,22,22,22,22,22
391369,1,1,1987,9,0,0,14,0,0,2,0,0,0
391370,1,1,1987,22,27,9,24,0,14,21,11,15,5
391371,1,1,1987,0,0,0,22,0,0,0,0,0,0
391371,2,1,1987,19,22,0,0,0,0,15,14,7,0
391372,1,1,1987,35,0,0,0,0,0,23,0,19,0
391373,1,1,1987,0,0,14,0,0,0,0,0,15,11
391374,1,1,1987,6,29,19,8,24,2,20,24,7,8
391375,1,1,1987,0,0,0,0,0,10,0,0,0,0
391375,2,1,1987,0,0,0,0,0,0,0,0,0,0
391376,0,1,1987,25,7,25,15,22,9,20,21,9,19
391376,1,1,1987,8,0,0,0,0,0,26,0,0,0
391377,1,1,1987,8,8,8,8,8,8,8,8,8,8
391378,0,1,1987,0,20,24,0,13,21,21,0,0,0
391378,0,2,1987,0,0,13,0,0,0,0,0,14,0
391378,1,1,1987,6,0,12,0,0,0,0,25,0,3
391379,1,1,1987,0,0,15,0,30,0,0,0,0,0
391379,2,1,1987,0,0,0,0,0,0,0,15,0,0
391380,1,1,1987,0,0,0,0,0,0,0,0,0,0
391380,2,1,1987,0,3,3,9,0,0,0,0,0,0
391381,1,1,1987,8,0,30,0,18,0,0,0,0,0
391381,2,1,1987,0,0,0,0,2,0,0,0,0,0
391381,3,1,1987,0,0,0,0,0,0,0,0,0,0
391381,4,1,1987,0,0,0,0,0,0,0,0,0,0
391382,1,1,1987,0,0,0,0,0,0,0,0,0,0
391382,2,1,1987,0,6,0,0,0,0,0,0,0,0
391387,1,1,1987,0,0,0,0,0,0,0,0,0,0
391387,2,1,1987,15,15,15,15,15,15,15,15,15,15
391388,1,1,1987,13,18,26,22,10,8,12,0,0,14
391389,1,1,1987,12,12,12,12,12,12,12,12,12,12
391389,2,1,1987,0,0,0,0,0,0,0,0,0,0
391390,1,1,1987,0,0,0,0,0,6,0,0,0,0
391390,2,1,1987,0,0,8,0,0,9,0,0,0,0
391391,1,1,1987,0,0,0,0,0,0,0,0,0,0
391391,2,1,1987,0,0,0,0,0,0,0,0,0,0
391392,1,1,1987,8,21,32,4,12,16,8,17,10,22
391393,1,1,1987,0,0,0,0,0,13,0,0,0,9
391394,1,1,1987,25,0,31,39,31,0,11,13,0,0
391394,2,1,1987,0,0,11,0,12,0,0,0,11,0
391395,1,1,1987,5,0,0,0,0,24,0,0,0,0
391395,2,1,1987,0,0,0,0,0,0,17,0,7,17
391395,3,1,1987,0,0,7,0,0,0,0,0,0,0
391396,2,1,1987,16,17,19,12,22,0,13,17,10,41
391397,1,1,1987,0,0,0,0,0,0,0,0,8,0
391397,2,1,1987,0,0,0,0,0,9,0,0,0,0
391398,1,1,1987,11,16,24,8,19,17,20,11,21,15
391399,1,1,1987,0,0,0,0,0,0,0,0,0,19
391400,1,1,1987,9,9,9,9,9,9,9,9,9,9
391401,1,1,1987,6,4,20,0,0,0,10,0,0,0
391401,2,1,1987,0,0,22,0,0,0,0,0,0,0
391402,1,1,1987,27,27,27,27,27,27,27,27,27,27
391402,2,1,1987,0,15,0,0,0,0,0,27,0,19
391403,1,1,1987,0,0,0,0,0,0,0,0,0,0
391403,2,1,1987,0,0,0,0,0,0,0,0,0,0
391403,3,1,1987,0,0,0,0,0,0,0,0,0,0
391404,0,1,1987,0,0,23,0,0,0,0,0,9,30
391404,1,1,1987,0,0,0,14,0,15,0,4,0,5
391405,1,1,1987,9,9,9,9,9,9,9,9,9,9
391405,2,1,1987,0,13,0,6,0,0,0,0,0,8
391406,1,1,1987,0,14,0,0,0,0,0,0,0,0
391406,2,1,1987,0,0,0,0,0,0,0,0,0,0
391407,0,1,1987,0,0,0,0,0,0,0,0,0,0
391407,0,2,1987,0,0,16,0,15,10,11,0,0,0
391407,1,1,1987,15,0,2,0,11,0,0,0,0,0
391408,1,1,1987,0,0,0,0,0,0,0,0,0,0
391409,1,1,1987,27,27,27,27,27,27,27,27,27,27
391409,2,1,1987,16,16,16,16,16,16,16,16,16,16
391410,1,1,1987,0,0,0,0,0,0,0,0,0,0
391410,2,1,1987,0,0,0,0,0,0,0,0,0,0
391411,1,1,1987,0,0,0,0,0,0,0,0,0,0
391411,2,1,1987,0,0,0,0,0,0,0,23,0,0
391412,1,1,1987,21,21,21,21,21,21,21,21,21,21
391413,0,1,1987,0,0,0,0,0,0,0,0,0,0
391413,0,2,1987,0,0,0,0,0,0,0,0,0,0
391413,0,3,1987,0,0,0,13,0,0,9,0,0,13
391413,1,1,1987,0,0,0,0,0,0,0,0,0,0
391414,0,1,1987,5,5,5,5,5,5,5,5,5,5
391414,1,1,1987,18,0,0,23,0,0,0,0,0,0
391415,1,1,1987,24,24,24,24,24,24,24,24,24,24
391416,1,1,1987,6,6,6,6,6,6,6,6,6,6
391416,2,1,1987,0,0,17,0,0,0,25,0,0,0
391419,0,1,1987,10,0,0,0,0,2,0,0,40,0
391419,1,1,1987,0,0,0,0,0,0,0,0,0,0
391420,1,1,1987,0,0,0,0,0,0,0,0,0,0
391420,2,1,1987,0,0,0,0,0,0,0,0,0,0
391421,1,1,1987,0,0,0,0,0,0,0,0,0,0
391422,1,1,1987,9,11,12,0,9,15,21,8,17,10
391422,2,1,1987,0,0,0,0,0,0,0,0,0,0
391423,1,1,1987,30,30,30,30,30,30,30,30,30,30
391425,0,1,1987,14,14,14,14,14,14,14,14,14,14
391425,1,1,1987,33,15,12,7,18,14,15,12,20,7
391426,1,1,1987,0,0,0,0,0,11,0,0,0,0
391426,2,1,1987,0,0,0,0,0,0,0,0,0,0
391427,1,1,1987,0,0,0,0,0,0,0,0,0,0
391427,2,1,1987,0,0,0,0,0,0,0,0,0,0
391428,1,1,1987,14,14,14,14,14,14,14,14,14,14
391429,1,1,1987,2,2,2,2,2,2,2,2,2,2
391430,0,1,1987,0,0,23,0,0,0,10,0,0,0
391430,0,2,1987,0,16,25,0,27,0,0,0,14,0
391430,1,1,1987,0,17,0,0,16,23,0,0,23,40
391431,1,1,1987,0,0,0,0,0,0,0,0,0,0
391431,2,1,1987,0,12,11,13,0,0,0,0,0,0
391432,1,1,1987,6,6,6,6,6,6,6,6,6,6
391433,1,1,1987,0,0,0,0,0,0,0,0,0,0
391433,2,1,1987,0,0,0,0,0,0,0,0,0,0
391434,1,1,1987,11,30,28,0,26,14,13,22,22,7
391435,0,1,1987,0,0,0,0,0,0,0,0,0,0
391435,1,1,1987,0,0,0,0,0,0,0,0,0,0
391436,1,1,1987,21,21,21,21,21,21,21,21,21,21
391437,1,1,1987,20,20,20,20,20,20,20,20,20,20
391438,1,1,1987,7,7,7,7,7,7,7,7,7,7
391440,1,1,1987,0,0,3,0,0,0,19,9,0,0
391440,2,1,1987,0,0,0,14,0,0,7,0,11,0
391440,3,1,1987,0,0,0,0,0,0,0,0,0,0
391441,1,1,1987,14,14,14,14,14,14,14,14,14,14
391442,1,1,1987,25,25,25,25,25,25,25,25,25,25
391443,1,1,1987,0,20,11,16,0,23,0,0,0,0
391444,0,1,1987,29,29,29,29,29,29,29,29,29,29
391444,1,1,1987,0,8,0,0,0,0,15,13,10,0
391445,1,1,1987,0,0,0,0,22,10,13,0,0,0
391445,2,1,1987,0,0,0,0,0,0,0,0,0,0
391446,1,1,1987,25,25,25,25,25,25,25,25,25,25
391446,2,1,1987,0,0,0,0,0,0,0,0,0,0
391447,1,1,1987,0,0,0,0,0,0,0,0,0,0
391448,1,1,1987,31,31,31,31,31,31,31,31,31,31
391449,1,1,1987,25,25,25,25,25,25,25,25,25,25
391450,1,1,1987,0,0,8,0,0,0,0,0,0,0
391450,2,1,1987,0,0,0,0,0,0,0,0,24,0
391452,1,1,1987,14,21,13,13,31,20,9,9,34,5
391452,2,1,1987,0,0,0,0,12,21,13,0,0,0
391452,3,1,1987,23,9,12,8,23,13,15,16,17,0
391453,1,1,1987,0,0,0,10,0,0,0,0,0,0
391453,2,1,1987,1,1,1,1,1,1,1,1,1,1
391454,1,1,1987,0,0,0,0,0,0,0,0,0,0
391454,2,1,1987,0,0,9,0,0,0,0,0,0,0
391455,1,1,1987,0,0,0,0,0,0,0,0,0,0
391455,2,1,1987,0,24,7,8,35,17,21,6,14,0
391455,3,1,1987,12,0,0,33,0,0,0,0,0,0
391456,1,1,1987,14,14,14,14,14,14,14,14,14,14
391457,1,1,1987,0,10,25,0,10,0,25,0,0,0
391459,1,1,1987,0,0,0,0,0,0,0,0,0,0
391459,2,1,1987,0,0,15,0,0,0,0,0,0,14
391460,1,1,1987,0,0,0,0,0,0,0,0,0,0
391460,2,1,1987,0,0,0,0,0,0,0,0,0,0
391461,1,1,1987,16,19,0,12,0,0,0,0,5,0
391462,1,1,1987,0,0,0,0,0,0,0,0,0,0
391462,2,1,1987,0,15,39,0,0,0,0,0,0,0
391463,1,1,1987,0,0,0,0,0,0,0,0,0,0
391463,2,1,1987,0,0,0,0,0,0,0,18,0,0
391465,0,1,1987,28,0,11,21,0,0,0,10,25,0
391465,1,1,1987,0,11,16,0,15,0,0,0,22,0
391466,1,1,1987,0,0,0,0,0,0,0,0,0,0
391466,2,1,1987,0,0,0,0,0,0,0,0,0,0
391467,1,1,1987,0,0,0,0,16,0,0,0,0,0
391467,2,1,1987,5,24,0,0,0,0,7,0,13,0
391468,1,1,1987,18,18,18,18,18,18,18,18,18,18
391469,1,1,1987,24,8,0,0,15,0,15,0,5,0
391469,2,1,1987,0,0,0,0,0,0,0,0,0,0
391470,1,1,1987,11,11,11,11,11,11,11,11,11,11
391470,2,1,1987,7,5,7,9,7,12,6,0,16,6
391471,1,1,1987,9,9,9,9,9,9,9,9,9,9
391471,2,1,1987,16,10,11,25,0,0,0,0,0,3
391472,0,1,1987,0,0,0,0,0,0,0,0,0,0
391472,1,1,1987,0,20,0,41,0,0,0,0,0,0
391473,0,1,1987,32,32,32,32,32,32,32,32,32,32
391473,1,1,1987,19,19,19,19,19,19,19,19,19,19
391474,0,1,1987,6,6,6,6,6,6,6,6,6,6
391474,1,1,1987,0,0,0,0,0,0,0,17,0,0
391475,1,1,1987,0,0,0,0,0,0,0,0,0,0
391475,2,1,1987,0,0,22,0,0,0,0,0,0,0
391475,3,1,1987,0,0,0,0,0,0,0,0,0,0
391476,1,1,1987,15,15,15,15,15,15,15,15,15,15
391477,1,1,1987,0,0,0,0,6,0,0,0,0,0
391477,2,1,1987,28,28,28,28,28,28,28,28,28,28
391478,1,1,1987,7,7,7,7,7,7,7,7,7,7
391479,1,1,1987,29,29,29,29,29,29,29,29,29,29
391480,0,1,1987,6,6,6,6,6,6,6,6,6,6
391480,1,1,1987,0,0,12,14,0,0,0,0,0,0
391481,1,1,1987,23,23,23,23,23,23,23,23,23,23
391481,2,1,1987,0,0,0,0,0,0,0,0,6,0
391482,1,1,1987,0,0,0,0,0,0,0,0,0,0
391483,1,1,1987,0,0,0,0,15,0,0,0,0,0
391483,2,1,1987,0,0,0,0,0,0,0,0,0,0
391484,1,1,1987,23,23,23,23,23,23,23,23,23,23
391485,1,1,1987,29,29,29,29,29,29,29,29,29,29
391485,2,1,1987,0,0,0,0,0,0,28,0,17,0
391486,1,1,1987,3,19,19,11,10,11,16,14,12,18
391487,1,1,1987,14,11,22,8,12,0,0,0,0,10
391489,1,1,1987,19,0,19,0,8,23,8,0,21,14
391489,2,1,1987,24,12,24,26,22,9,28,23,23,16
391490,1,1,1987,17,3,16,8,11,13,13,0,33,10
391491,1,1,1987,0,17,7,0,18,0,0,0,0,0
391491,2,1,1987,0,0,0,0,0,0,0,0,0,0
391492,1,1,1987,11,0,0,0,0,0,0,0,0,0
391492,2,1,1987,0,0,0,0,0,0,0,0,0,0
391492,3,1,1987,0,0,26,0,0,0,0,0,0,0
391492,4,1,1987,0,0,0,0,0,0,0,0,0,0
391493,1,1,1987,34,15,13,20,8,17,13,17,14,34
391493,2,1,1987,22,0,0,0,0,0,0,0,11,11
391494,1,1,1987,0,0,0,14,0,24,0,0,0,9
391495,1,1,1987,3,3,3,3,3,3,3,3,3,3
391496,1,1,1987,20,0,3,19,0,0,9,19,0,12
391497,1,1,1987,11,11,11,11,11,11,11,11,11,11
391498,1,1,1987,0,0,0,0,0,0,0,0,0,0
391499,1,1,1987,0,0,0,0,0,0,0,0,0,0
391499,2,1,1987,9,0,12,0,0,0,0,0,0,0
391500,1,1,1987,0,10,0,0,18,0,0,0,0,0
391501,1,1,1987,20,0,33,0,0,0,0,0,0,8
391501,2,1,1987,0,0,7,3,15,0,8,0,0,0
391502,1,1,1987,0,0,21,0,0,0,18,0,0,0
391503,1,1,1987,10,10,10,10,10,10,10,10,10,10
391503,2,1,1987,0,0,0,0,0,0,11,0,0,0
391504,1,1,1987,0,0,0,0,0,0,0,0,0,0
391504,2,1,1987,12,0,0,29,0,21,20,0,13,6
391504,3,1,1987,18,12,3,0,0,20,0,0,14,0
391505,0,1,1987,0,0,0,0,0,0,0,0,0,0
391505,1,1,1987,0,0,12,0,0,0,0,0,0,22
391506,1,1,1987,0,0,0,0,0,0,0,0,0,0
391506,2,1,1987,0,0,0,0,0,0,0,0,0,0
391507,1,1,1987,0,0,18,0,0,0,0,22,6,9
391508,1,1,1987,0,0,0,0,0,0,0,0,0,0
391510,0,1,1987,0,0,0,0,2,0,0,0,0,0
391510,0,2,1987,0,0,0,0,0,0,0,0,19,0
391510,1,1,1987,0,0,0,0,0,0,30,0,0,0
391511,1,1,1987,0,0,0,0,0,0,0,0,0,0
391512,1,1,1987,14,14,14,14,14,14,14,14,14,14
391513,1,1,1987,23,0,0,0,0,22,8,0,10,0
391514,1,1,1987,0,0,0,0,0,0,0,0,0,0
391514,2,1,1987,0,0,0,0,0,0,0,0,0,0
391515,1,1,1987,0,0,0,0,0,0,0,0,0,0
391515,2,1,1987,0,0,0,0,0,0,0,0,0,0
391515,3,1,1987,11,0,0,10,0,0,0,0,0,0
391516,0,1,1987,28,0,0,0,0,0,10,0,0,25
391516,1,1,1987,0,6,0,0,0,0,0,0,0,0
391517,1,1,1987,0,16,42,21,12,15,19,0,29,0
391518,1,1,1987,0,0,0,0,0,0,0,0,0,0
391518,2,1,1987,0,0,0,0,0,0,0,0,0,0
391519,0,1,1987,0,0,0,0,0,0,0,0,0,0
391519,1,1,1987,0,0,0,0,0,0,0,0,0,0
391520,1,1,1987,0,0,0,0,0,0,0,0,0,0
391520,2,1,1987,0,0,0,0,0,0,0,0,0,0
391521,1,1,1987,0,0,0,0,0,0,0,0,0,0
391523,1,1,1987,0,0,0,0,0,0,0,0,0,0
391523,3,1,1987,16,23,0,0,0,0,0,0,0,5
391524,1,1,1987,10,10,10,10,10,10,10,10,10,10
391525,1,1,1987,0,0,0,0,0,0,0,0,0,0
391525,2,1,1987,0,0,0,24,0,7,0,47,8,0
391526,1,1,1987,13,13,13,13,13,13,13,13,13,13
391527,1,1,1987,25,25,25,25,25,25,25,25,25,25
391528,1,1,1987,0,0,0,0,0,0,0,0,0,0
391528,2,1,1987,0,0,0,0,0,0,0,0,7,0
391529,1,1,1987,0,0,0,0,0,0,0,0,0,0
391529,2,1,1987,43,43,43,43,43,43,43,43,43,43
391530,0,1,1987,0,0,0,0,0,0,0,0,0,0
391530,1,1,1987,0,0,0,0,0,0,0,0,0,0
391531,1,1,1987,0,0,0,0,0,0,0,0,0,0
391532,1,1,1987,19,19,19,19,19,19,19,19,19,19
391533,1,1,1987,11,25,16,0,0,0,0,14,0,9
391534,1,1,1987,47,47,47,47,47,47,47,47,47,47
391535,0,1,1987,30,30,30,30,30,30,30,30,30,30
391535,1,1,1987,0,0,0,0,0,17,0,19,20,0
391536,1,1,1987,0,0,0,0,0,0,0,0,0,0
391536,2,1,1987,0,0,0,0,0,0,10,21,0,0
391537,0,1,1987,0,0,12,0,7,0,0,16,0,0
391537,0,2,1987,0,0,0,0,0,0,0,0,0,0
391537,1,1,1987,0,10,0,0,31,12,0,0,5,0
391538,0,1,1987,0,0,29,0,0,0,0,13,0,0
391538,1,1,1987,0,0,0,0,0,0,0,0,0,0
391538,2,1,1987,0,0,0,0,0,0,0,0,0,0
391539,1,1,1987,0,0,0,0,0,0,0,0,0,0
391539,2,1,1987,0,0,0,0,0,0,0,0,0,0
391539,3,1,1987,0,0,0,0,0,0,0,0,0,0
391539,4,1,1987,0,0,0,0,0,0,0,0,0,0
391539,5,1,1987,0,0,0,0,0,0,0,0,0,0
391540,1,1,1987,0,0,6,0,0,0,30,0,0,0
391540,2,1,1987,11,0,0,0,0,0,0,0,0,0
391541,1,1,1987,0,0,0,0,9,0,0,0,0,0
391541,2,1,1987,36,0,0,0,0,0,0,0,0,0
391542,1,1,1987,10,0,13,0,9,25,18,0,0,23
391543,1,1,1987,24,24,24,24,24,24,24,24,24,24
391544,1,1,1987,23,14,25,14,23,14,9,10,10,13
391545,1,1,1987,0,0,0,0,0,0,0,0,0,0
391546,0,1,1987,0,0,0,0,0,0,0,0,0,0
391546,1,1,1987,0,0,0,0,0,0,0,0,0,16
391547,1,1,1987,11,17,11,0,16,0,15,20,21,5
391548,1,1,1987,0,12,25,19,0,0,0,11,0,0
391548,2,1,1987,10,0,6,21,18,10,0,14,19,20
391549,1,1,1987,14,14,14,14,14,14,14,14,14,14
391550,1,1,1987,15,15,15,15,15,15,15,15,15,15
391550,2,1,1987,0,0,0,0,0,0,0,0,0,0
391551,1,1,1987,0,0,0,0,0,0,0,0,0,0
391551,2,1,1987,19,0,29,0,14,0,0,0,0,25
391552,1,1,1987,0,19,0,0,0,0,0,20,11,0
391552,2,1,1987,0,0,11,0,12,0,0,0,0,0
391553,1,1,1987,21,20,0,17,5,7,0,24,15,14
391554,1,1,1987,16,4,16,13,7,17,28,16,15,15
391555,1,1,1987,24,24,24,24,24,24,24,24,24,24
391556,1,1,1987,0,0,0,0,0,0,0,0,0,0
391557,1,1,1987,0,0,0,0,0,0,0,0,0,0
391557,2,1,1987,0,0,0,0,0,0,0,0,0,0
391558,1,1,1987,0,0,0,0,0,0,0,0,0,0
391558,2,1,1987,16,16,16,16,16,16,16,16,16,16
391559,1,1,1987,7,7,7,7,7,7,7,7,7,7
391559,2,1,1987,0,37,16,0,0,27,0,7,16,22
391560,1,1,1987,19,19,19,19,19,19,19,19,19,19
391561,1,1,1987,27,27,27,27,27,27,27,27,27,27
391561,2,1,1987,18,0,26,0,0,0,0,0,0,26
391562,1,1,1987,1,1,1,1,1,1,1,1,1,1
391562,2,1,1987,8,8,8,8,8,8,8,8,8,8
391563,1,1,1987,0,0,0,0,0,0,0,22,17,0
391564,0,1,1987,0,0,22,12,0,0,19,0,0,0
391564,1,1,1987,0,30,32,13,19,13,5,8,0,32
391565,1,1,1987,20,20,20,20,20,20,20,20,20,20
391566,1,1,1987,0,0,0,0,0,0,0,0,8,0
391566,2,1,1987,0,13,0,0,0,0,0,0,0,0
391567,1,1,1987,0,0,0,0,0,0,0,0,0,0
391567,2,1,1987,0,0,0,0,0,0,0,0,0,0
391567,3,1,1987,0,0,0,0,0,0,0,0,0,0
391568,1,1,1987,0,0,15,0,15,0,0,0,21,0
391568,2,1,1987,9,9,9,9,9,9,9,9,9,9
391569,1,1,1987,3,0,21,0,0,0,0,0,0,0
391570,1,1,1987,0,0,0,0,0,0,0,0,0,0
391570,2,1,1987,0,0,0,0,0,0,0,0,0,0
391570,3,1,1987,0,0,0,0,0,0,0,0,0,0
391571,0,1,1987,0,0,0,0,0,0,25,18,0,0
391571,1,1,1987,0,0,0,0,0,4,2,0,0,0
391572,1,1,1987,25,4,4,18,14,19,11,24,15,4
391572,2,1,1987,28,0,0,8,10,25,20,0,0,10
391573,0,1,1987,11,0,0,0,25,0,36,4,8,0
391573,0,2,1987,0,0,0,0,18,0,0,0,0,0
391573,1,1,1987,0,0,0,0,0,0,0,0,0,0
391574,1,1,1987,9,9,9,9,9,9,9,9,9,9
391575,1,1,1987,0,0,0,0,0,0,0,0,0,0
391576,1,1,1987,0,0,0,0,0,0,0,0,0,0
391577,1,1,1987,0,0,0,0,0,0,0,0,0,0
391577,2,1,1987,0,0,0,0,0,0,0,0,0,7
391578,0,1,1987,0,0,0,0,0,0,0,0,0,0
391578,1,1,1987,0,0,0,0,0,0,0,0,0,0
391579,1,1,1987,14,14,14,14,14,14,14,14,14,14
391580,1,1,1987,0,27,24,0,0,0,0,0,15,0
391581,1,1,1987,0,0,0,0,0,13,0,0,0,0
391581,2,1,1987,0,0,0,0,0,0,0,0,0,0
391581,3,1,1987,0,0,0,9,0,0,0,0,0,0
391581,4,1,1987,0,0,0,0,0,0,0,0,0,0
391581,5,1,1987,5,15,13,0,21,10,0,25,6,7
391582,1,1,1987,0,0,0,0,0,0,0,0,0,0
391582,2,1,1987,0,0,0,0,0,0,0,0,0,0
391582,3,1,1987,0,0,0,0,0,0,0,0,0,0
391583,1,1,1987,26,26,26,26,26,26,26,26,26,26
391584,1,1,1987,0,0,0,0,27,16,0,0,0,7
391586,1,1,1987,12,0,0,0,0,0,0,0,0,0
391586,2,1,1987,0,0,0,0,0,14,16,0,0,0
391587,1,1,1987,0,27,16,0,16,7,3,28,0,12
391587,2,1,1987,11,11,0,0,0,0,0,0,0,0
391588,1,1,1987,23,8,11,0,0,12,0,20,23,14
391589,1,1,1987,0,0,0,0,0,0,0,0,0,0
391589,2,1,1987,8,0,0,0,0,0,0,0,0,0
391589,3,1,1987,0,0,0,0,0,0,0,0,0,0