ST_CASE,VEH_NO,PER_NO,YEAR,P1,P2,P3,P4,P5,P6,P7,P8,P9,P10
391590,0,1,1987,0,0,17,0,35,0,0,32,0,0
391590,1,1,1987,22,0,0,18,0,0,0,16,0,0
391591,1,1,1987,0,0,0,0,0,0,0,0,0,0
391591,2,1,1987,0,0,13,0,0,0,0,0,23,0
391592,1,1,1987,0,17,0,0,0,6,11,0,0,0
391593,1,1,1987,0,0,20,26,0,8,11,27,0,41
391594,0,1,1987,35,35,35,35,35,35,35,35,35,35
391594,1,1,1987,31,15,38,0,15,12,32,15,0,0
391595,1,1,1987,0,0,0,0,0,0,0,0,0,0
391596,0,1,1987,0,13,0,20,0,0,0,0,0,0
391596,1,1,1987,0,0,0,0,0,0,0,0,0,0
391597,1,1,1987,0,0,0,0,0,18,0,0,0,42
391597,2,1,1987,0,0,0,0,0,25,0,0,0,16
391598,1,1,1987,31,19,0,20,17,16,9,0,24,30
391598,2,1,1987,0,20,0,0,14,23,13,0,15,11
391599,1,1,1987,18,18,8,0,13,20,18,15,26,31
391600,1,1,1987,0,32,0,0,0,0,0,2,28,0
391600,2,1,1987,11,0,17,0,0,0,0,0,0,22
391601,1,1,1987,0,0,0,0,0,0,0,0,0,0
391601,2,1,1987,21,16,21,0,0,0,0,0,0,0
391602,1,1,1987,23,0,27,12,22,21,16,14,22,5
391604,1,1,1987,0,0,0,0,0,2,0,30,0,0
391604,2,1,1987,0,0,0,0,0,19,0,0,0,0
391604,3,1,1987,0,0,0,0,6,0,0,0,0,0
391605,1,1,1987,0,0,0,0,0,0,0,0,0,0
391605,2,1,1987,0,0,0,0,0,0,0,0,0,0
391605,3,1,1987,0,10,0,0,0,0,0,14,0,0
391605,4,1,1987,0,0,0,0,0,0,0,0,0,0
391605,5,1,1987,0,0,17,0,0,5,0,0,0,0
391606,1,1,1987,0,0,0,0,0,0,0,0,5,0
391606,2,1,1987,0,0,0,8,0,0,0,0,0,0
391606,3,1,1987,0,0,0,0,0,4,0,0,0,0
391607,1,1,1987,0,16,0,13,11,0,6,0,0,0
391607,2,1,1987,0,0,0,0,0,0,0,0,0,0
391608,0,1,1987,14,8,28,0,44,20,17,38,29,26
391608,1,1,1987,12,0,0,0,23,0,7,0,0,0
391609,1,1,1987,10,0,15,0,11,0,0,0,0,0
391609,2,1,1987,0,0,0,0,0,0,0,0,0,0
391610,1,1,1987,6,17,16,15,9,16,20,16,14,11
391611,1,1,1987,0,0,0,0,0,0,0,0,0,0
391611,2,1,1987,15,0,0,0,23,0,40,0,0,0
391612,1,1,1987,0,0,12,0,0,19,0,0,0,0
391612,2,1,1987,9,0,0,0,0,0,6,0,0,0
391613,1,1,1987,0,5,16,0,0,0,0,0,0,8
391613,2,1,1987,0,0,4,0,0,0,0,0,5,0
391614,1,1,1987,0,0,0,0,0,0,0,16,0,0
391615,1,1,1987,0,0,13,22,11,0,0,0,18,0
391615,2,1,1987,29,5,22,37,38,18,16,21,16,16
391616,1,1,1987,0,0,0,5,0,0,11,0,0,0
391616,2,1,1987,0,0,0,0,0,0,0,0,16,0
391617,1,1,1987,14,14,14,14,14,14,14,14,14,14
391618,1,1,1987,15,15,15,15,15,15,15,15,15,15
391619,0,1,1987,0,0,15,0,0,22,0,0,0,0
391619,1,1,1987,20,0,11,18,17,17,18,0,13,0
391620,1,1,1987,0,0,0,0,0,0,0,0,0,0
391620,2,1,1987,0,0,0,0,0,0,0,0,0,0
391620,3,1,1987,0,0,0,0,0,0,0,0,0,0
391621,1,1,1987,0,0,0,0,0,0,0,0,0,0
391621,2,1,1987,0,0,0,0,0,0,0,0,0,0
391622,1,1,1987,12,0,6,20,8,11,0,0,0,32
391623,1,1,1987,0,0,0,0,0,0,0,0,0,0
391623,2,1,1987,0,0,0,0,0,0,0,0,0,0
391624,0,1,1987,0,0,0,0,20,6,45,28,19,0
391624,1,1,1987,14,0,0,0,0,0,25,0,0,12
391625,1,1,1987,0,21,8,0,0,0,0,0,0,0
391626,1,1,1987,18,18,18,18,18,18,18,18,18,18
391628,0,1,1987,28,0,0,0,0,0,0,0,0,0
391628,1,1,1987,0,0,0,23,0,0,0,0,26,0
391629,1,1,1987,21,21,21,21,21,21,21,21,21,21
391631,0,1,1987,9,21,0,0,19,14,19,16,0,19
391631,1,1,1987,9,7,0,13,45,6,5,0,16,22
391632,1,1,1987,9,9,9,9,9,9,9,9,9,9
391633,0,1,1987,0,0,0,0,0,0,0,0,0,0
391633,1,1,1987,0,0,0,0,0,0,0,0,0,7
391634,0,1,1987,0,0,0,0,0,0,22,0,0,25
391634,1,1,1987,0,0,9,0,0,0,0,0,0,0
391635,1,1,1987,0,0,0,18,0,0,0,0,0,0
391635,2,1,1987,8,15,14,0,29,0,0,0,0,0
391636,1,1,1987,0,27,23,10,15,16,13,19,12,35
391637,0,1,1987,0,0,0,0,0,0,0,0,0,32
391637,1,1,1987,8,8,8,8,8,8,8,8,8,8
391638,1,1,1987,0,12,0,0,0,27,0,0,10,16
391639,1,1,1987,0,0,22,0,16,11,11,21,44,24
391640,1,1,1987,25,25,25,25,25,25,25,25,25,25
391641,1,1,1987,0,12,0,0,13,0,0,0,0,0
391641,2,1,1987,19,12,0,16,0,5,13,0,25,0
391642,1,1,1987,29,0,0,12,0,0,0,0,0,0
391643,1,1,1987,0,29,0,19,0,0,0,0,0,0
391644,1,1,1987,0,0,0,0,0,0,0,0,0,18
391645,1,1,1987,20,20,20,20,20,20,20,20,20,20
391646,1,1,1987,0,0,6,24,15,14,16,23,15,11
391647,1,1,1987,16,16,16,16,16,16,16,16,16,16
391648,1,1,1987,0,0,0,0,0,0,0,0,0,0
391648,2,1,1987,0,0,8,0,0,0,0,7,0,0
391649,1,1,1987,14,14,14,14,14,14,14,14,14,14
391649,2,1,1987,14,14,14,14,14,14,14,14,14,14
391650,0,1,1987,0,0,0,0,0,0,0,0,0,0
391650,1,1,1987,0,0,0,0,0,0,0,0,0,0
391651,1,1,1987,10,25,0,0,23,0,0,0,0,0
391651,2,1,1987,0,0,0,0,0,0,0,0,10,0
391652,0,1,1987,0,0,0,0,0,0,0,0,0,0
391652,1,1,1987,36,8,0,4,4,21,10,19,0,26
391653,1,1,1987,14,14,14,14,14,14,14,14,14,14
391654,1,1,1987,19,0,0,16,11,9,22,0,0,0
391654,2,1,1987,0,0,0,0,0,0,0,0,0,0
391654,3,1,1987,0,0,0,0,0,0,0,0,0,0
391655,1,1,1987,1,1,1,1,1,1,1,1,1,1
391656,1,1,1987,20,20,20,20,20,20,20,20,20,20
391657,1,1,1987,0,0,0,0,0,0,0,0,0,11
391657,2,1,1987,0,0,14,0,0,0,0,0,0,0
391659,1,1,1987,12,26,0,0,0,0,0,0,13,6
391659,2,1,1987,22,23,0,0,0,24,0,11,0,14
391660,1,1,1987,0,0,32,0,0,17,18,0,0,0
391660,2,1,1987,18,0,10,20,0,0,8,18,0,0
391661,1,1,1987,0,0,0,0,0,0,0,0,0,0
391661,2,1,1987,0,0,0,0,0,0,0,0,0,0
391662,1,1,1987,19,0,0,14,19,12,11,11,29,14
391663,1,1,1987,21,10,33,0,39,22,13,16,41,16
391665,0,1,1987,0,0,0,0,0,0,0,0,6,0
391666,1,1,1987,0,0,0,17,0,0,0,0,0,10
391667,1,1,1987,0,0,0,0,0,0,0,0,0,0
391667,2,1,1987,0,0,0,0,0,0,0,0,0,0
391668,1,1,1987,12,12,12,12,12,12,12,12,12,12
391669,1,1,1987,0,0,0,0,0,0,0,0,0,14
391669,2,1,1987,0,0,0,0,0,0,0,0,0,0
391672,1,1,1987,34,6,0,29,0,0,30,15,0,18
391672,2,1,1987,0,0,0,0,0,0,0,0,0,0
391672,3,1,1987,0,0,0,0,0,0,0,0,0,0
391672,4,1,1987,0,0,0,0,0,0,0,0,0,0
391672,5,1,1987,0,0,0,0,0,0,0,0,0,0
400001,1,1,1987,24,25,21,27,10,26,14,19,15,31
400002,1,1,1987,25,25,25,25,25,25,25,25,25,25
400002,2,1,1987,16,0,0,4,28,0,0,0,0,17
400002,3,1,1987,0,0,0,0,0,0,0,15,0,0
400003,1,1,1987,0,0,0,0,0,0,0,0,0,0
400003,2,1,1987,0,0,0,0,0,0,0,0,0,0
400004,1,1,1987,0,0,0,0,0,0,0,0,0,0
400004,2,3,1987,0,0,0,0,0,0,0,0,0,0
400005,1,1,1987,0,0,0,7,0,0,0,0,0,0
400006,0,1,1987,0,0,0,0,0,0,0,0,0,0
400006,1,1,1987,0,0,0,0,0,0,0,0,0,0
400007,1,1,1987,0,0,0,0,0,0,0,0,0,0
400007,2,1,1987,14,14,14,14,14,14,14,14,14,14
400008,1,1,1987,0,0,0,0,0,0,0,0,0,0
400008,2,1,1987,0,0,0,0,0,0,0,0,0,0
400009,1,1,1987,0,0,0,0,0,0,0,0,0,0
400009,2,1,1987,0,0,0,0,0,0,0,0,0,0
400009,3,1,1987,0,0,3,0,0,8,0,0,3,0
400011,1,1,1987,14,6,9,18,9,27,0,7,22,10
400011,2,1,1987,0,17,0,45,18,0,0,0,0,0
400011,3,1,1987,20,7,0,0,10,4,0,0,0,0
400012,0,1,1987,0,9,0,0,0,13,0,0,0,34
400012,1,1,1987,0,0,0,0,0,0,0,0,0,0
400013,1,1,1987,4,4,4,4,4,4,4,4,4,4
400013,2,1,1987,0,0,0,0,0,0,0,0,0,0
400014,1,1,1987,19,19,19,19,19,19,19,19,19,19
400015,1,1,1987,22,22,22,22,22,22,22,22,22,22
400016,1,1,1987,0,0,0,0,0,0,0,0,0,0
400017,0,1,1987,0,0,0,0,0,0,0,0,0,0
400017,1,1,1987,26,0,0,0,0,0,0,0,0,0
400018,1,1,1987,0,0,0,0,0,0,0,0,0,0
400019,1,1,1987,0,0,0,0,0,0,0,0,0,0
400019,2,1,1987,0,0,0,0,0,0,0,0,0,0
400020,1,1,1987,0,0,0,0,0,0,0,0,0,0
400021,1,1,1987,0,0,0,0,0,0,0,0,0,0
400022,1,1,1987,0,0,0,0,0,0,0,0,0,0
400022,2,1,1987,0,0,0,0,0,0,0,0,0,0
400023,1,1,1987,0,0,0,0,19,0,0,0,0,0
400024,1,1,1987,10,10,10,10,10,10,10,10,10,10
400025,1,1,1987,0,0,26,0,28,33,0,23,0,8
400026,0,1,1987,22,0,28,0,10,23,27,43,13,17
400026,1,1,1987,0,0,0,0,0,0,0,0,0,0
400027,1,1,1987,0,0,0,0,0,0,0,0,0,0
400027,2,1,1987,0,0,0,0,21,0,0,0,0,5
400028,1,1,1987,0,0,22,0,0,8,0,0,0,0
400028,2,1,1987,0,0,0,0,0,0,0,0,0,0
400029,1,1,1987,23,23,23,23,23,23,23,23,23,23
400031,1,1,1987,0,0,0,0,0,0,0,0,0,0
400031,2,1,1987,0,0,0,0,0,0,0,0,0,0
400032,1,1,1987,20,20,20,20,20,20,20,20,20,20
400032,2,1,1987,0,0,0,0,0,0,0,0,0,0
400033,0,1,1987,0,0,0,0,0,0,0,0,0,0
400033,1,1,1987,0,0,0,0,0,0,20,0,0,0
400033,2,1,1987,0,0,0,0,0,0,0,0,0,0
400034,1,1,1987,32,32,32,32,32,32,32,32,32,32
400035,1,1,1987,0,0,0,0,0,0,0,0,0,0
400036,1,1,1987,0,0,0,0,0,0,0,0,0,0
400036,2,1,1987,0,0,0,0,0,0,0,0,0,0
400036,3,1,1987,0,0,0,0,0,0,0,0,0,0
400037,1,1,1987,18,16,8,10,10,0,9,12,10,15
400038,1,1,1987,0,0,0,0,0,0,0,0,0,0
400038,2,1,1987,0,0,0,0,0,0,0,0,0,0
400038,3,1,1987,0,0,0,0,0,0,0,0,0,0
400039,1,1,1987,10,10,10,10,10,10,10,10,10,10
400040,0,1,1987,0,0,0,0,0,0,0,0,0,0
400040,1,1,1987,0,0,0,0,0,0,0,0,0,0
400040,2,1,1987,0,0,0,0,0,0,0,0,0,0
400041,1,1,1987,0,0,0,0,0,28,0,0,0,0
400041,2,1,1987,2,0,0,0,0,0,0,0,0,0
400042,1,1,1987,0,0,0,0,0,0,0,0,0,0
400043,1,1,1987,0,0,0,0,0,0,0,0,0,0
400043,2,1,1987,0,0,0,0,0,0,0,0,0,0
400044,1,1,1987,16,16,16,16,16,16,16,16,16,16
400044,2,1,1987,0,0,21,0,0,0,0,0,12,0
400045,1,1,1987,5,5,5,5,5,5,5,5,5,5
400046,1,1,1987,0,0,0,0,0,0,0,0,0,0
400046,2,1,1987,0,0,0,0,0,0,0,0,0,0
400047,1,1,1987,0,0,0,0,0,0,0,0,0,0
400047,2,1,1987,8,0,0,0,0,0,0,0,0,0
400047,3,1,1987,0,0,0,0,0,0,0,0,0,0
400048,1,1,1987,22,22,22,22,22,22,22,22,22,22
400048,2,1,1987,0,0,0,0,0,0,0,0,0,0
400049,1,1,1987,17,17,17,17,17,17,17,17,17,17
400050,0,1,1987,0,0,0,0,0,0,0,0,0,0
400050,1,1,1987,0,0,0,0,0,0,0,0,0,0
400051,1,1,1987,14,22,11,0,12,20,18,44,8,26
400052,1,1,1987,24,21,24,0,24,37,15,33,10,19
400053,0,1,1987,0,0,0,0,0,0,0,0,0,0
400053,1,1,1987,0,0,22,0,0,0,0,0,0,0
400054,1,1,1987,13,0,0,0,0,18,5,20,17,0
400054,2,1,1987,0,0,0,0,0,0,0,0,0,3
400056,1,1,1987,0,0,0,0,0,0,0,0,0,0
400056,2,1,1987,0,0,0,0,0,0,0,0,0,0
400057,1,1,1987,0,0,0,0,0,0,0,0,0,0
400057,2,1,1987,0,0,0,0,0,0,0,0,0,0
400057,3,1,1987,0,0,0,0,0,0,0,0,0,0
400057,4,1,1987,0,0,0,0,0,0,0,0,0,0
400058,1,1,1987,5,21,0,0,0,0,0,10,0,12
400058,2,1,1987,0,8,0,0,0,0,0,7,0,0
400059,1,1,1987,0,0,0,0,0,0,0,0,0,0
400059,2,1,1987,0,0,0,0,0,0,0,0,0,0
400060,1,1,1987,10,14,34,16,27,23,10,9,19,4
400061,1,1,1987,20,20,20,20,20,20,20,20,20,20
400062,1,1,1987,22,22,22,22,22,22,22,22,22,22
400063,1,1,1987,0,0,0,0,0,0,0,0,0,0
400063,2,1,1987,0,0,0,0,0,0,0,0,0,0
400064,1,1,1987,11,11,11,11,11,11,11,11,11,11
400065,1,1,1987,0,0,0,0,0,0,0,0,0,0
400065,2,1,1987,0,0,13,0,0,0,0,0,0,0
400066,1,1,1987,29,29,29,29,29,29,29,29,29,29
400067,1,1,1987,0,0,0,0,0,0,0,0,0,0
400067,2,1,1987,0,0,0,0,0,0,0,0,0,0
400068,1,1,1987,0,0,0,0,0,0,0,0,0,0
400069,1,1,1987,59,29,18,10,7,22,16,14,12,0
400069,2,1,1987,0,0,0,0,0,13,0,0,0,0
400070,1,1,1987,22,22,22,22,22,22,22,22,22,22
400071,1,1,1987,7,7,7,7,7,7,7,7,7,7
400072,1,1,1987,0,0,0,0,0,0,0,0,0,0
400073,1,1,1987,17,17,17,17,17,17,17,17,17,17
400074,1,1,1987,0,0,0,0,0,2,13,0,0,0
400074,2,1,1987,0,0,0,0,0,0,0,0,0,0
400074,3,1,1987,0,0,0,0,0,0,0,0,0,0
400075,1,1,1987,8,8,8,8,8,8,8,8,8,8
400075,2,1,1987,0,0,0,0,0,0,0,0,0,0
400076,1,1,1987,0,0,0,0,0,0,0,0,0,0
400076,2,1,1987,0,0,0,0,0,0,0,0,0,0
400077,1,1,1987,0,0,0,0,0,0,0,0,0,0
400077,2,1,1987,0,0,0,0,0,0,0,0,0,0
400078,1,1,1987,29,29,29,29,29,29,29,29,29,29
400079,1,1,1987,0,0,0,0,0,0,0,0,0,0
400081,1,1,1987,16,16,16,16,16,16,16,16,16,16
400082,1,1,1987,0,10,0,21,21,5,0,21,24,15
400083,1,1,1987,0,0,0,0,0,0,0,0,0,0
400083,2,1,1987,0,0,0,0,0,0,0,0,0,0
400084,1,1,1987,0,0,0,0,0,0,0,0,0,0
400084,2,1,1987,0,0,0,0,0,0,0,0,0,0
400085,1,1,1987,25,13,15,9,34,17,23,16,26,11
400086,1,1,1987,0,0,0,0,0,0,0,0,0,0
400086,2,1,1987,0,10,8,6,9,0,0,17,14,0
400087,1,1,1987,8,0,0,0,0,0,10,13,0,0
400087,2,1,1987,0,0,0,0,0,0,0,0,0,0
400088,1,1,1987,4,4,4,4,4,4,4,4,4,4
400089,1,1,1987,0,0,0,0,0,0,0,0,0,0
400089,2,1,1987,0,0,0,0,0,0,0,0,0,0
400090,1,1,1987,0,0,0,0,0,0,0,0,0,0
400090,2,1,1987,0,0,0,0,0,0,0,0,0,0
400091,1,1,1987,0,0,9,0,0,0,0,0,0,0
400091,2,1,1987,2,2,2,2,2,2,2,2,2,2
400092,0,1,1987,0,0,34,0,0,0,24,0,22,2
400092,1,1,1987,0,0,0,0,0,0,0,0,0,0
400093,0,1,1987,0,0,0,0,0,0,0,0,0,0
400093,1,1,1987,0,0,0,0,0,0,0,0,0,0
400093,2,1,1987,0,0,0,0,0,0,0,0,0,0
400094,1,1,1987,0,0,0,0,0,0,0,0,0,0
400094,2,1,1987,19,0,0,0,0,0,0,0,0,0
400095,1,1,1987,0,0,0,0,19,0,0,0,0,0
400096,1,1,1987,0,0,0,0,0,0,0,0,0,0
400097,1,1,1987,0,0,0,0,0,0,0,0,0,0
400097,2,1,1987,0,0,0,0,0,0,0,0,0,0
400098,1,1,1987,0,0,0,0,0,0,0,0,0,0
400099,1,1,1987,20,20,20,20,20,20,20,20,20,20
400099,2,1,1987,0,9,0,0,29,0,0,0,0,0
400100,1,1,1987,0,26,0,0,11,0,0,0,0,0
400100,2,1,1987,0,0,0,0,0,0,0,0,0,0
400101,1,1,1987,0,0,0,0,0,0,0,0,0,0
400102,1,1,1987,0,0,0,0,0,0,0,0,0,0
400103,1,1,1987,24,17,17,35,22,20,18,17,21,27
400104,1,1,1987,0,0,0,0,0,0,0,0,0,0
400105,0,1,1987,5,5,5,5,5,5,5,5,5,5
400105,1,1,1987,0,0,0,0,0,0,0,0,0,0
400106,1,1,1987,0,0,0,0,0,0,0,0,0,0
400106,2,1,1987,0,0,0,0,0,0,0,0,0,0
400107,1,1,1987,0,0,0,0,0,0,0,0,0,0
400107,2,1,1987,0,0,0,0,0,0,0,0,0,0
400107,3,1,1987,0,0,0,0,0,0,0,0,0,0
400108,1,1,1987,0,19,17,0,16,0,0,24,0,0
400109,1,1,1987,0,0,0,0,0,0,0,0,0,0
400110,0,1,1987,0,0,0,0,0,0,0,0,0,0
400110,1,1,1987,0,0,0,0,0,0,0,0,0,0
400111,1,1,1987,0,0,0,0,0,0,0,0,0,0
400111,2,1,1987,0,0,0,0,0,0,0,0,0,0
400112,1,1,1987,0,0,0,0,0,0,0,0,0,0
400112,2,1,1987,0,0,0,0,0,0,0,0,0,0
400113,1,1,1987,0,0,0,0,20,0,0,0,0,0
400114,1,1,1987,10,10,10,10,10,10,10,10,10,10
400115,0,1,1987,0,0,0,0,0,0,0,0,0,0
400115,1,1,1987,18,10,9,14,19,12,9,17,19,7
400116,1,1,1987,0,0,0,0,0,0,0,0,0,0
400117,1,1,1987,2,2,2,2,2,2,2,2,2,2
400117,2,1,1987,0,0,0,0,0,0,0,0,0,0
400118,1,1,1987,13,18,10,2,30,15,21,5,20,24
400119,1,1,1987,0,0,0,0,0,0,0,0,0,0
400120,1,1,1987,0,0,0,0,0,14,0,0,0,0
400121,1,1,1987,0,0,0,0,0,0,0,0,0,0
400121,2,1,1987,0,0,0,0,0,0,0,0,0,0
400122,1,1,1987,0,0,0,0,0,0,0,0,0,0
400122,2,1,1987,0,0,0,0,0,0,0,0,0,0
400123,1,1,1987,11,11,11,11,11,11,11,11,11,11
400124,0,1,1987,27,27,27,27,27,27,27,27,27,27
400124,1,1,1987,0,0,0,0,0,0,0,0,0,0
400125,1,1,1987,11,13,0,0,21,0,23,27,23,11
400126,0,1,1987,23,23,23,23,23,23,23,23,23,23
400126,1,1,1987,0,0,0,0,0,0,0,0,0,0
400127,1,1,1987,15,15,15,15,15,15,15,15,15,15
400128,1,1,1987,0,0,0,0,0,0,0,0,0,0
400129,1,1,1987,10,12,19,23,15,0,39,20,18,24
400129,2,1,1987,0,0,0,0,13,11,0,16,11,29
400129,3,1,1987,0,20,0,0,14,0,11,0,0,6
400130,1,1,1987,36,12,25,29,7,22,14,9,10,12
400130,2,1,1987,0,0,0,0,0,10,0,0,0,0
400131,1,1,1987,2,2,2,2,2,2,2,2,2,2
400132,1,1,1987,0,0,0,0,0,0,0,0,0,0
400132,2,1,1987,0,0,0,0,0,0,0,0,0,0
400133,1,1,1987,32,28,0,49,34,0,25,0,0,23
400134,1,1,1987,19,19,19,19,19,19,19,19,19,19
400134,2,1,1987,0,0,0,0,0,0,0,0,0,0
400135,1,1,1987,0,0,0,0,0,0,0,0,0,0
400136,1,1,1987,25,25,25,25,25,25,25,25,25,25
400137,1,1,1987,31,31,31,31,31,31,31,31,31,31
400138,1,1,1987,0,0,0,0,0,0,0,0,0,0
400139,1,1,1987,12,12,12,12,12,12,12,12,12,12
400139,2,1,1987,13,13,13,13,13,13,13,13,13,13
400140,1,1,1987,0,0,0,0,0,0,0,0,0,0
400141,1,1,1987,11,11,11,11,11,11,11,11,11,11
400141,2,1,1987,0,0,0,0,0,0,0,0,0,0
400142,1,1,1987,0,0,0,0,0,0,0,13,3,0
400142,2,1,1987,13,13,13,13,13,13,13,13,13,13
400143,1,1,1987,0,0,0,0,0,0,0,0,0,0
400143,2,1,1987,0,0,0,0,0,0,0,0,0,0
400144,1,1,1987,0,0,0,0,0,0,0,0,0,0
400144,2,1,1987,0,0,0,0,0,0,0,0,0,0
400145,1,1,1987,0,0,0,0,0,0,0,0,0,0
400145,2,1,1987,0,0,0,0,0,0,0,0,0,0
400146,1,1,1987,26,26,26,26,26,26,26,26,26,26
400147,1,1,1987,0,0,0,0,0,0,0,0,0,0
400147,2,1,1987,0,0,0,0,0,0,0,0,0,0
400148,1,1,1987,0,0,0,0,0,0,0,0,0,0
400148,2,1,1987,0,8,0,0,0,0,0,13,0,0
400149,1,1,1987,0,0,0,0,0,0,0,0,0,0
400149,2,1,1987,0,0,0,0,0,0,0,0,0,0
400150,1,1,1987,0,0,0,0,0,0,0,0,0,0
400150,2,1,1987,0,0,0,0,0,0,0,0,0,0
400151,1,1,1987,0,0,0,0,0,0,0,1,0,0
400151,2,1,1987,0,0,0,0,0,0,0,0,0,0
400152,1,1,1987,0,0,0,0,0,0,0,0,0,0
400153,1,1,1987,4,4,4,4,4,4,4,4,4,4
400153,2,1,1987,0,0,10,0,0,0,0,9,0,0
400154,1,1,1987,22,22,22,22,22,22,22,22,22,22
400155,1,1,1987,0,0,0,0,0,0,0,0,0,0
400155,2,1,1987,0,0,0,0,0,0,0,0,0,0
400156,1,1,1987,29,17,4,10,3,9,8,9,14,24
400157,1,1,1987,4,4,4,4,4,4,4,4,4,4
400157,2,1,1987,0,0,0,0,0,0,0,0,0,0
400158,1,1,1987,0,0,27,0,0,3,14,0,0,0
400159,1,1,1987,0,0,0,0,0,0,0,0,0,0
400160,1,1,1987,0,0,0,0,0,0,0,0,0,0
400160,2,1,1987,0,0,23,0,0,0,0,0,0,0
400161,1,1,1987,0,0,0,0,0,0,0,0,0,0
400161,2,1,1987,0,0,0,0,0,0,0,0,0,0
400162,1,1,1987,26,11,34,28,0,35,19,0,6,20
400163,0,1,1987,0,0,0,0,0,0,0,0,0,0
400163,1,1,1987,0,0,0,0,0,0,0,0,0,0
400165,1,1,1987,0,0,0,0,0,0,0,0,0,0
400165,2,1,1987,0,0,0,0,0,0,0,0,0,0
400166,1,1,1987,0,0,0,0,0,0,0,0,0,0
400166,2,1,1987,9,0,0,0,0,0,0,0,0,0
400167,1,1,1987,30,14,19,19,16,13,5,13,15,18
400168,1,1,1987,0,0,0,0,0,0,0,0,0,0
400169,1,1,1987,0,0,0,0,0,0,0,0,0,0
400170,1,1,1987,18,18,18,18,18,18,18,18,18,18
400170,2,1,1987,0,0,0,0,0,0,0,0,0,0
400171,1,1,1987,0,0,0,0,12,0,0,0,0,0
400172,1,1,1987,0,0,0,0,0,0,0,0,0,0
400172,2,1,1987,0,0,0,0,0,0,20,0,0,0
400173,1,1,1987,22,22,22,22,22,22,22,22,22,22
400173,2,1,1987,0,0,0,0,0,0,0,0,0,0
400174,1,1,1987,0,0,0,0,0,0,0,0,0,0
400174,2,1,1987,0,0,0,0,0,0,0,0,0,0
400176,1,1,1987,0,0,0,0,0,0,0,0,0,0
400177,1,1,1987,0,0,0,0,0,0,0,0,0,0
400177,2,1,1987,12,10,0,0,0,0,0,0,0,0
400177,3,1,1987,0,0,0,0,0,0,0,0,0,0
400179,1,1,1987,0,0,0,0,0,0,0,13,0,0
400179,2,1,1987,0,0,0,0,0,0,0,0,0,0
400180,1,1,1987,0,0,0,0,0,0,0,0,0,0
400180,2,1,1987,0,16,0,31,0,0,0,0,18,0
400181,1,1,1987,0,0,0,26,0,0,0,0,0,0
400181,2,1,1987,0,0,0,0,0,0,0,0,0,0
400183,0,1,1987,0,0,0,0,0,0,0,0,0,0
400183,1,1,1987,0,15,0,0,0,0,0,0,0,11
400184,1,1,1987,0,0,0,0,0,0,0,0,0,0
400184,2,1,1987,0,0,0,0,0,0,0,0,0,0
400185,1,1,1987,0,0,0,0,0,0,0,0,0,0
400186,1,1,1987,15,15,15,15,15,15,15,15,15,15
400187,1,1,1987,0,0,0,0,0,0,0,0,0,0
400187,2,1,1987,0,0,0,0,0,0,0,0,0,0
400188,0,1,1987,0,0,27,0,0,7,0,0,0,0
400188,1,1,1987,5,5,5,5,5,5,5,5,5,5
400189,1,1,1987,11,18,19,21,14,24,24,10,17,14
400190,0,1,1987,0,0,0,0,0,0,0,0,0,0
400190,0,2,1987,0,0,0,0,0,0,0,0,0,0
400190,1,1,1987,0,0,0,0,0,0,0,0,0,0
400191,1,1,1987,0,0,0,0,0,0,0,0,0,0
400191,2,1,1987,0,0,0,0,0,10,0,0,0,0
400192,0,1,1987,0,0,0,0,0,0,0,0,0,0
400192,1,1,1987,0,0,0,0,0,0,0,0,0,0
400193,1,1,1987,0,0,0,0,0,0,0,0,0,0
400193,2,1,1987,0,0,0,0,0,0,0,0,0,0
400193,3,1,1987,0,0,0,0,0,0,0,0,0,0
400193,4,1,1987,0,0,0,0,4,0,0,0,0,0
400194,1,1,1987,0,0,0,0,0,0,0,0,0,0
400195,0,1,1987,10,0,8,7,11,0,4,16,0,17
400195,1,1,1987,0,0,26,4,10,0,0,10,0,0
400196,1,1,1987,16,16,16,16,16,16,16,16,16,16
400197,1,1,1987,55,55,55,55,55,55,55,55,55,55
400198,1,1,1987,16,0,25,0,32,10,30,16,16,13
400198,2,1,1987,13,14,10,0,8,18,10,0,0,12
400199,0,1,1987,20,20,20,20,20,20,20,20,20,20
400199,1,1,1987,0,16,9,10,0,0,29,5,35,4
400200,1,1,1987,0,0,0,14,0,0,11,0,0,0
400200,2,1,1987,0,0,0,0,0,0,0,35,0,0
400201,1,1,1987,0,0,0,0,0,0,0,0,0,0
400201,2,1,1987,0,0,0,0,0,22,0,0,0,0
400202,0,1,1987,0,0,0,0,0,0,0,0,0,0
400202,1,1,1987,19,0,0,0,0,7,0,0,0,0
400203,1,1,1987,0,0,0,0,0,0,0,0,0,0
400203,2,1,1987,0,0,0,0,0,0,0,0,0,0
400204,1,1,1987,8,8,8,8,8,8,8,8,8,8
400205,1,1,1987,0,0,0,0,0,0,0,0,0,0
400207,1,1,1987,11,16,0,11,0,0,0,19,15,0
400207,2,1,1987,19,19,19,19,19,19,19,19,19,19
400208,1,1,1987,0,0,0,0,0,0,0,0,0,0
400209,0,1,1987,13,8,0,15,11,30,12,42,0,22
400209,1,1,1987,0,0,0,0,0,0,0,0,0,21
400210,1,1,1987,0,6,9,11,0,16,13,0,0,0