ST_CASE,VEH_NO,PER_NO,YEAR,P1,P2,P3,P4,P5,P6,P7,P8,P9,P10
400210,2,1,1987,0,0,0,0,0,0,0,0,0,0
400210,3,1,1987,0,0,0,0,0,0,0,0,0,0
400211,1,1,1987,0,0,0,0,0,0,0,0,0,0
400211,2,1,1987,4,4,4,4,4,4,4,4,4,4
400212,1,1,1987,0,0,0,0,0,0,0,0,0,0
400212,2,3,1987,0,0,0,0,0,0,0,0,0,0
400213,1,1,1987,10,10,10,10,10,10,10,10,10,10
400214,1,1,1987,0,0,0,0,0,0,0,0,0,0
400215,1,1,1987,18,18,18,18,18,18,18,18,18,18
400216,1,1,1987,0,0,0,0,0,11,0,0,0,0
400216,2,1,1987,0,0,0,0,0,0,0,0,0,0
400217,0,1,1987,24,24,24,24,24,24,24,24,24,24
400217,1,1,1987,15,15,15,15,15,15,15,15,15,15
400218,1,1,1987,0,0,0,0,0,0,0,0,0,0
400218,2,1,1987,0,0,0,0,0,0,0,0,0,0
400220,1,1,1987,0,22,0,0,0,0,0,0,0,0
400221,1,1,1987,0,0,0,0,0,0,0,0,0,0
400221,2,1,1987,0,0,0,0,0,0,0,0,0,0
400222,1,1,1987,0,0,0,5,7,0,0,0,0,0
400223,1,1,1987,0,0,0,0,0,0,0,0,0,0
400223,2,1,1987,0,0,0,0,0,0,0,0,0,0
400224,1,1,1987,0,0,0,0,0,0,0,0,0,0
400224,2,1,1987,33,6,21,15,0,11,12,7,30,11
400225,1,1,1987,14,14,14,14,14,14,14,14,14,14
400226,1,1,1987,0,0,0,18,0,0,0,0,0,0
400227,1,1,1987,12,0,12,24,6,0,0,0,0,0
400228,1,1,1987,0,0,0,0,0,15,0,0,0,0
400229,1,1,1987,0,0,0,0,0,0,0,0,0,0
400230,0,1,1987,0,0,0,0,0,6,0,0,0,0
400230,1,1,1987,0,0,0,0,0,0,0,0,0,0
400230,2,1,1987,0,0,0,0,0,10,0,0,0,0
400230,3,1,1987,0,0,0,4,0,0,0,0,0,0
400231,1,1,1987,0,0,0,0,0,0,0,0,0,0
400231,2,1,1987,0,0,0,0,0,0,0,0,0,0
400232,1,1,1987,0,0,0,0,0,0,0,0,0,0
400233,1,1,1987,7,18,25,9,18,35,19,5,23,17
400234,1,1,1987,0,0,16,0,0,0,0,0,0,0
400235,1,1,1987,0,0,0,0,0,0,0,0,0,0
400235,2,1,1987,0,0,3,0,0,0,0,0,0,0
400236,1,1,1987,0,0,0,0,0,0,0,0,0,0
400236,2,1,1987,0,0,0,0,0,0,0,0,0,0
400237,1,1,1987,0,0,0,0,0,20,0,0,0,0
400238,1,1,1987,0,0,0,0,0,0,0,0,0,0
400239,1,1,1987,32,12,14,0,24,11,24,19,9,11
400240,0,1,1987,0,0,0,0,0,0,0,0,0,0
400240,1,1,1987,0,0,10,0,18,0,0,0,0,0
400241,1,1,1987,14,14,14,14,14,14,14,14,14,14
400241,2,1,1987,0,0,0,0,0,0,0,0,0,16
400242,1,1,1987,0,0,0,0,0,0,0,0,0,0
400242,2,1,1987,0,0,0,0,0,0,0,0,0,0
400243,1,1,1987,14,17,19,30,7,14,23,25,24,31
400244,1,1,1987,0,0,0,0,0,0,0,0,0,0
400244,2,1,1987,0,0,0,0,0,0,0,0,0,0
400245,1,1,1987,14,27,6,0,15,14,0,11,14,21
400246,1,1,1987,0,0,0,0,0,0,0,0,0,0
400246,2,1,1987,0,0,0,0,0,0,0,0,0,0
400247,1,1,1987,11,10,24,7,12,12,18,22,20,21
400248,1,1,1987,0,0,0,0,0,0,0,0,0,0
400248,2,1,1987,0,0,0,0,0,0,0,0,0,11
400248,3,1,1987,0,0,0,0,0,0,0,0,0,0
400249,1,1,1987,0,0,0,0,0,0,0,0,0,0
400249,2,1,1987,0,0,0,0,6,0,0,0,0,0
400250,0,1,1987,8,0,0,0,0,0,0,0,0,0
400250,1,1,1987,0,0,0,0,0,0,0,0,0,0
400251,1,1,1987,31,31,31,31,31,31,31,31,31,31
400252,1,1,1987,17,17,17,17,17,17,17,17,17,17
400253,1,1,1987,0,0,0,0,16,14,13,16,0,0
400254,1,1,1987,0,0,0,0,23,0,0,0,0,0
400254,2,1,1987,0,0,12,17,0,0,0,0,0,0
400255,1,1,1987,26,0,0,16,3,14,25,0,0,19
400256,1,1,1987,0,0,0,0,0,0,0,0,0,0
400256,2,1,1987,21,25,0,0,0,0,0,14,0,0
400257,1,1,1987,0,0,0,0,0,0,0,0,10,0
400258,1,1,1987,0,24,0,0,22,12,0,0,8,3
400258,2,1,1987,0,0,0,0,0,0,0,0,20,0
400259,1,1,1987,0,0,0,0,0,0,0,0,0,0
400259,2,1,1987,0,0,0,0,0,0,0,0,0,18
400260,1,1,1987,0,0,0,0,0,0,0,0,0,0
400261,1,1,1987,0,0,0,0,0,0,0,0,0,0
400262,1,1,1987,0,0,0,0,0,0,0,0,0,0
400262,2,1,1987,0,0,0,0,0,0,0,0,0,0
400263,1,1,1987,0,0,0,0,0,0,0,0,0,0
400263,2,1,1987,0,0,0,0,0,0,0,0,0,0
400263,3,1,1987,0,0,0,0,0,0,0,0,0,0
400263,4,1,1987,0,0,0,0,0,0,0,0,0,0
400264,1,1,1987,0,0,0,0,0,0,0,0,0,0
400265,1,1,1987,0,0,0,0,0,0,0,0,0,0
400266,1,1,1987,20,20,20,20,20,20,20,20,20,20
400266,2,1,1987,0,0,0,0,0,0,0,0,0,0
400268,1,1,1987,0,0,0,0,0,0,0,0,0,0
400269,1,1,1987,0,0,0,0,0,0,0,0,0,0
400270,1,1,1987,25,25,25,25,25,25,25,25,25,25
400270,2,1,1987,0,0,0,0,0,0,0,0,0,0
400271,1,1,1987,0,0,0,0,0,0,0,0,0,0
400271,2,1,1987,0,0,0,0,0,0,0,0,0,0
400272,1,1,1987,0,0,0,0,0,0,0,0,0,0
400273,1,1,1987,0,0,0,0,0,0,0,0,0,0
400273,2,1,1987,0,0,0,0,0,0,0,0,0,0
400274,1,1,1987,0,0,0,0,0,0,0,0,0,0
400275,1,1,1987,10,17,0,18,11,37,10,6,8,49
400276,1,1,1987,0,0,0,0,0,0,0,0,0,0
400276,2,1,1987,0,0,0,0,0,0,0,0,0,0
400277,0,1,1987,0,0,0,0,0,0,0,0,0,0
400277,1,1,1987,0,0,0,0,0,0,0,0,0,0
400278,1,1,1987,8,8,8,8,8,8,8,8,8,8
400278,2,1,1987,0,0,0,0,0,0,0,0,0,0
400279,1,1,1987,22,9,9,6,23,13,18,19,25,18
400280,1,1,1987,20,20,20,20,20,20,20,20,20,20
400280,2,1,1987,0,0,0,0,0,0,0,0,0,0
400281,1,1,1987,24,24,24,24,24,24,24,24,24,24
400281,2,1,1987,0,0,0,0,0,0,0,0,0,0
400282,1,1,1987,0,12,11,15,0,7,32,0,18,0
400283,1,1,1987,0,0,0,0,0,0,0,0,0,0
400283,2,1,1987,0,0,0,0,0,0,0,0,0,0
400284,1,1,1987,15,15,15,15,15,15,15,15,15,15
400284,2,1,1987,0,0,0,0,0,0,0,0,0,0
400285,1,1,1987,0,0,19,7,22,0,0,0,8,0
400286,1,1,1987,0,0,0,0,0,0,0,0,0,0
400286,2,1,1987,21,0,0,0,0,0,0,0,0,0
400286,3,1,1987,0,0,0,0,0,0,0,0,0,0
400286,4,1,1987,0,0,0,0,0,0,0,0,0,0
400287,0,1,1987,0,0,0,0,0,0,0,0,0,0
400287,1,1,1987,16,0,0,0,0,0,0,0,0,0
400288,1,1,1987,0,0,0,0,0,0,14,0,0,0
400289,1,1,1987,0,0,14,0,0,0,0,19,0,0
400290,1,1,1987,0,0,0,0,0,0,0,0,0,0
400290,2,1,1987,0,0,0,0,7,0,0,0,0,0
400291,1,1,1987,5,17,25,35,8,15,0,10,5,2
400292,1,1,1987,13,13,13,13,13,13,13,13,13,13
400292,2,1,1987,0,0,0,0,0,0,0,0,0,0
400293,1,1,1987,0,0,0,0,0,0,0,0,0,0
400293,2,1,1987,0,0,0,0,0,0,0,0,0,0
400295,1,1,1987,0,0,0,0,0,0,0,0,0,0
400295,2,1,1987,0,0,0,0,0,0,0,0,0,0
400296,0,1,1987,6,6,6,6,6,6,6,6,6,6
400296,1,1,1987,0,0,0,8,0,0,0,0,18,0
400297,1,1,1987,14,14,14,14,14,14,14,14,14,14
400297,2,1,1987,0,0,0,0,0,0,0,0,0,0
400298,1,1,1987,0,0,0,0,0,0,17,15,0,0
400298,2,1,1987,0,0,0,0,0,23,0,0,0,0
400299,1,1,1987,0,0,0,0,0,0,0,0,0,0
400299,2,1,1987,0,0,0,0,0,0,0,0,0,0
400300,1,1,1987,0,0,0,0,0,0,0,0,0,0
400300,2,1,1987,7,0,0,0,6,0,0,11,9,9
400301,1,1,1987,0,0,0,0,0,0,0,0,0,0
400301,2,1,1987,0,0,0,0,0,0,0,0,0,0
400302,1,1,1987,0,0,14,0,0,0,0,0,0,0
400304,0,1,1987,3,3,3,3,3,3,3,3,3,3
400304,1,1,1987,0,0,0,0,0,0,0,0,0,0
400305,1,1,1987,0,0,0,0,0,0,0,0,0,0
400305,2,1,1987,0,0,0,0,0,0,0,0,0,0
400306,1,1,1987,0,0,16,0,0,0,0,0,0,0
400306,2,1,1987,0,0,0,0,0,0,0,0,0,0
400307,0,1,1987,0,0,0,0,0,0,0,0,0,0
400307,1,1,1987,0,0,0,0,0,0,0,0,8,0
400308,1,1,1987,12,12,12,12,12,12,12,12,12,12
400309,1,1,1987,21,20,19,0,13,10,32,27,26,0
400310,1,1,1987,0,0,0,18,0,11,0,0,0,0
400310,2,1,1987,0,0,0,0,0,0,0,0,0,0
400311,1,1,1987,4,27,13,11,17,30,19,10,24,30
400312,1,1,1987,14,28,24,25,11,0,0,21,11,10
400313,1,1,1987,10,10,10,10,10,10,10,10,10,10
400314,1,1,1987,0,0,14,0,14,0,0,0,0,0
400314,2,1,1987,0,0,0,0,0,0,0,0,0,0
400315,1,1,1987,0,0,0,0,0,0,0,0,0,0
400316,1,1,1987,17,19,9,20,31,13,24,31,12,12
400317,1,1,1987,0,0,0,0,0,0,0,0,0,0
400317,2,1,1987,0,0,0,0,0,0,0,0,0,0
400318,1,1,1987,0,6,0,5,3,0,0,0,0,0
400318,2,1,1987,0,0,0,0,0,0,0,0,0,0
400319,1,1,1987,0,0,0,0,0,0,19,0,10,0
400320,1,1,1987,0,0,0,0,0,0,0,0,0,0
400320,2,1,1987,0,0,0,0,0,0,0,0,0,0
400320,3,1,1987,0,0,0,0,0,0,0,0,0,0
400321,1,1,1987,13,0,0,0,0,0,0,0,0,0
400323,1,1,1987,14,14,14,14,14,14,14,14,14,14
400323,2,1,1987,0,0,0,0,0,0,0,0,0,0
400324,0,1,1987,24,24,24,24,24,24,24,24,24,24
400324,1,1,1987,3,3,3,3,3,3,3,3,3,3
400324,2,1,1987,18,0,0,0,0,0,16,0,0,0
400325,1,1,1987,0,0,0,0,0,0,0,0,0,0
400325,2,1,1987,0,0,0,0,0,0,0,0,0,0
400325,3,1,1987,0,0,0,0,0,0,0,3,0,0
400326,1,1,1987,0,0,0,8,0,0,0,0,0,0
400327,1,1,1987,33,0,0,0,0,33,0,0,0,31
400328,1,1,1987,0,0,0,0,0,0,0,0,0,0
400328,2,1,1987,0,0,0,0,0,0,0,0,0,0
400329,1,1,1987,18,18,18,18,18,18,18,18,18,18
400329,2,1,1987,0,30,0,0,0,0,0,0,0,0
400330,1,1,1987,21,21,21,21,21,21,21,21,21,21
400331,1,1,1987,0,0,0,0,0,0,0,0,0,0
400332,1,1,1987,0,0,0,0,0,0,0,0,0,0
400332,2,1,1987,0,0,0,0,0,0,0,0,0,0
400333,1,1,1987,0,0,0,0,0,0,0,0,0,0
400333,2,1,1987,0,0,0,0,0,0,0,0,0,0
400334,1,1,1987,0,18,14,0,7,13,11,0,19,17
400334,2,1,1987,0,0,0,0,0,0,0,0,0,0
400335,1,1,1987,27,27,27,27,27,27,27,27,27,27
400335,2,1,1987,0,8,0,0,0,0,0,0,0,0
400336,1,1,1987,0,0,0,0,0,0,0,0,0,0
400337,1,1,1987,18,10,18,0,12,34,23,12,18,15
400338,1,1,1987,0,0,0,0,0,0,0,0,0,0
400339,1,1,1987,12,12,12,12,12,12,12,12,12,12
400339,2,1,1987,7,7,7,7,7,7,7,7,7,7
400340,1,1,1987,0,0,0,0,0,0,0,0,0,0
400340,2,1,1987,0,0,0,0,0,0,0,0,0,0
400341,1,1,1987,26,26,26,26,26,26,26,26,26,26
400342,1,1,1987,22,22,22,22,22,22,22,22,22,22
400343,1,1,1987,0,0,0,10,0,0,0,0,0,0
400344,1,1,1987,5,5,5,5,5,5,5,5,5,5
400344,2,1,1987,0,0,0,0,0,11,0,0,0,16
400345,1,1,1987,0,0,0,0,0,0,0,0,0,0
400346,1,1,1987,12,12,12,12,12,12,12,12,12,12
400347,1,1,1987,16,16,16,16,16,16,16,16,16,16
400349,1,1,1987,0,0,0,0,0,0,0,0,0,0
400349,2,1,1987,0,0,0,0,0,0,0,0,6,0
400349,3,1,1987,0,0,0,0,0,0,0,0,0,0
400350,0,1,1987,33,33,33,33,33,33,33,33,33,33
400350,1,1,1987,0,0,14,0,0,0,0,0,0,0
400351,1,1,1987,0,0,0,0,0,0,0,0,0,0
400352,0,1,1987,37,16,36,39,28,16,12,47,29,19
400352,1,1,1987,0,0,0,0,0,0,0,0,0,0
400354,1,1,1987,0,0,0,0,0,0,0,0,0,0
400354,2,1,1987,0,0,0,0,0,0,0,0,0,0
400354,3,1,1987,0,18,0,0,0,0,0,0,0,0
400354,4,1,1987,0,8,0,0,0,0,0,0,0,0
400355,0,1,1987,17,17,17,17,17,17,17,17,17,17
400355,1,1,1987,42,8,0,19,0,2,0,0,0,0
400356,1,1,1987,23,23,23,23,23,23,23,23,23,23
400357,1,1,1987,12,12,12,12,12,12,12,12,12,12
400358,1,1,1987,21,21,21,21,21,21,21,21,21,21
400359,1,1,1987,0,4,0,0,10,0,0,0,0,12
400360,0,1,1987,13,13,13,13,13,13,13,13,13,13
400360,1,1,1987,8,29,20,16,15,22,18,11,5,10
400361,1,1,1987,4,0,25,32,29,18,28,0,18,24
400362,1,1,1987,0,0,0,0,0,0,0,0,0,0
400362,2,1,1987,0,0,0,0,0,0,0,0,0,0
400363,1,1,1987,17,17,17,17,17,17,17,17,17,17
400363,2,1,1987,0,0,0,0,0,0,0,0,0,0
400363,3,1,1987,0,0,0,0,0,0,0,0,0,0
400364,1,1,1987,0,0,19,0,0,0,0,0,0,0
400364,2,1,1987,0,0,0,0,0,0,0,0,0,0
400364,3,1,1987,0,0,0,0,0,0,0,0,0,0
400365,1,1,1987,12,12,12,12,12,12,12,12,12,12
400366,1,1,1987,0,0,0,0,0,0,0,0,0,0
400367,0,1,1987,0,0,0,0,0,0,0,0,0,0
400367,1,1,1987,0,3,0,0,0,0,0,0,0,0
400368,1,1,1987,0,0,0,0,0,0,0,0,0,0
400368,2,1,1987,0,0,0,0,0,0,0,0,0,0
400369,1,1,1987,25,25,25,25,25,25,25,25,25,25
400370,1,1,1987,16,16,16,16,16,16,16,16,16,16
400371,1,1,1987,0,0,0,0,0,0,0,0,5,0
400371,2,1,1987,0,0,0,0,0,0,6,0,0,0
400373,1,1,1987,18,18,18,18,18,18,18,18,18,18
400373,2,1,1987,0,0,0,0,0,23,0,0,0,0
400374,1,1,1987,16,16,16,16,16,16,16,16,16,16
400374,2,1,1987,0,0,0,0,0,0,0,0,0,0
400375,1,1,1987,0,0,0,0,0,0,0,0,0,0
400375,2,1,1987,0,0,0,0,0,4,0,0,0,0
400376,1,1,1987,0,0,0,0,0,0,0,0,0,0
400376,2,1,1987,0,0,0,0,0,0,0,0,0,0
400377,1,1,1987,11,11,11,11,11,11,11,11,11,11
400377,2,1,1987,0,0,0,0,0,0,0,0,0,0
400378,1,1,1987,27,27,27,27,27,27,27,27,27,27
400379,1,1,1987,0,0,0,0,0,0,0,0,0,0
400379,2,1,1987,0,0,0,0,0,0,0,0,0,0
400379,3,1,1987,0,0,0,0,0,0,0,0,0,0
400380,1,1,1987,0,0,0,0,0,0,0,0,0,0
400380,2,1,1987,0,0,0,0,0,0,0,0,0,0
400381,1,1,1987,0,0,0,0,0,0,0,0,0,0
400382,1,1,1987,11,0,0,0,0,9,0,16,0,10
400383,1,1,1987,19,9,14,10,10,11,13,11,0,24
400383,2,1,1987,0,0,0,0,0,0,0,0,0,0
400384,1,1,1987,0,0,0,0,0,0,0,0,0,0
400384,2,1,1987,0,0,0,0,0,0,0,0,0,0
400385,1,1,1987,0,0,0,0,0,0,0,0,0,0
400385,2,1,1987,0,0,0,0,0,0,0,0,0,0
400386,1,1,1987,0,0,0,0,0,0,0,0,0,0
400387,0,1,1987,25,25,25,25,25,25,25,25,25,25
400387,1,1,1987,4,12,6,0,0,0,0,0,0,0
400388,1,1,1987,0,0,0,0,0,0,0,0,5,0
400388,2,1,1987,0,0,0,0,0,0,0,0,0,7
400389,1,1,1987,0,0,0,0,0,0,0,0,0,0
400389,2,1,1987,0,0,0,0,0,0,0,0,0,0
400390,1,1,1987,0,0,0,0,0,0,0,0,0,0
400391,1,1,1987,13,13,13,13,13,13,13,13,13,13
400392,1,1,1987,0,0,0,0,0,0,0,0,0,0
400392,2,1,1987,0,0,0,0,0,0,0,0,0,0
400393,1,1,1987,0,0,0,0,0,0,0,0,0,0
400393,2,3,1987,0,0,0,0,0,0,0,0,0,0
400394,0,1,1987,0,0,0,0,0,0,0,0,0,0
400394,1,1,1987,0,0,0,0,0,0,0,0,0,0
400395,1,1,1987,0,0,0,0,0,0,0,0,0,0
400395,2,1,1987,0,0,0,0,0,0,0,0,0,0
400396,1,1,1987,0,0,0,0,0,0,0,0,0,0
400397,1,1,1987,0,0,0,0,0,0,0,0,0,0
400398,1,1,1987,0,0,0,0,0,0,0,0,0,0
400398,2,1,1987,0,0,0,0,0,0,0,0,0,0
400399,0,1,1987,27,27,27,27,27,27,27,27,27,27
400399,1,1,1987,0,0,0,0,0,0,0,0,0,12
400400,1,1,1987,0,0,0,0,0,0,0,0,0,0
400400,2,1,1987,0,0,0,0,0,0,0,0,0,0
400401,0,1,1987,0,0,0,0,0,0,0,0,0,0
400401,1,1,1987,0,0,0,0,0,0,0,7,0,0
400402,0,1,1987,0,0,15,0,0,0,0,0,0,0
400402,0,2,1987,0,15,0,0,0,0,0,0,0,0
400402,1,1,1987,0,0,0,0,0,0,0,0,0,0
400403,1,1,1987,11,11,11,11,11,11,11,11,11,11
400404,1,1,1987,17,17,17,17,17,17,17,17,17,17
400404,2,1,1987,0,0,0,0,0,0,0,0,0,0
400405,1,1,1987,22,22,22,22,22,22,22,22,22,22
400406,0,1,1987,0,6,0,0,0,15,26,0,10,0
400406,1,1,1987,0,0,0,0,0,0,0,0,0,0
400407,1,1,1987,10,10,10,10,10,10,10,10,10,10
400408,1,1,1987,0,0,0,0,0,0,0,0,0,0
400408,2,1,1987,0,0,0,0,0,0,0,0,0,0
400409,1,1,1987,0,0,0,0,0,0,0,0,0,0
400410,1,1,1987,20,20,20,20,20,20,20,20,20,20
400410,2,1,1987,21,14,10,7,40,6,21,17,24,26
400411,1,1,1987,21,21,21,21,21,21,21,21,21,21
400412,1,1,1987,0,11,25,15,14,28,16,31,9,24
400412,2,1,1987,0,0,0,0,0,0,0,0,0,0
400413,1,1,1987,16,16,16,16,16,16,16,16,16,16
400414,0,1,1987,0,0,0,0,0,0,0,0,0,0
400414,1,1,1987,0,0,17,0,0,0,0,0,0,0
400415,1,1,1987,6,6,6,6,6,6,6,6,6,6
400416,1,1,1987,0,0,0,0,0,0,0,0,0,0
400416,2,1,1987,0,0,0,0,0,0,0,0,0,0
400416,3,1,1987,0,0,0,0,0,0,0,0,0,0
400416,4,1,1987,0,0,0,0,8,0,0,0,0,29
400417,1,1,1987,0,0,0,0,16,0,0,0,0,0
400417,2,1,1987,13,13,13,13,13,13,13,13,13,13
400418,1,1,1987,15,15,15,15,15,15,15,15,15,15
400419,1,1,1987,0,0,0,0,0,0,0,0,0,0
400420,0,1,1987,19,19,19,19,19,19,19,19,19,19
400420,1,1,1987,0,0,0,0,0,0,0,0,0,0
400421,1,2,1987,0,7,22,10,0,14,0,15,11,0
400422,1,1,1987,0,0,0,0,0,0,0,0,0,0
400422,2,1,1987,0,0,0,0,0,0,0,0,0,0
400423,1,1,1987,0,0,0,0,0,0,0,0,0,17
400423,2,1,1987,0,0,0,0,0,0,0,0,0,0
400424,1,1,1987,0,0,8,0,0,0,18,0,9,11
400425,0,1,1987,0,0,0,0,0,0,0,0,0,0
400425,1,1,1987,0,0,0,0,0,0,0,0,0,0
400426,1,1,1987,0,0,0,0,0,0,0,0,0,0
400427,0,1,1987,15,15,15,15,15,15,15,15,15,15
400427,1,1,1987,0,12,10,0,19,7,0,0,0,7
400428,1,1,1987,15,15,15,15,15,15,15,15,15,15
400428,2,1,1987,0,0,0,0,0,0,0,0,0,0
400429,1,1,1987,0,0,0,0,0,0,0,0,0,0
400429,2,1,1987,0,0,0,0,0,0,0,0,0,0
400430,1,1,1987,29,29,29,29,29,29,29,29,29,29
400431,1,1,1987,17,17,17,17,17,17,17,17,17,17
400432,1,1,1987,11,11,11,11,11,11,11,11,11,11
400433,1,1,1987,0,0,0,0,0,0,0,0,0,0
400434,1,1,1987,22,22,22,22,22,22,22,22,22,22
400434,2,1,1987,0,0,0,0,0,0,0,24,3,0
400435,1,1,1987,0,0,0,0,0,0,0,0,0,0
400436,1,1,1987,0,0,0,0,0,0,0,0,0,0
400436,2,1,1987,0,0,0,0,0,0,0,0,0,0
400437,0,1,1987,17,17,17,17,17,17,17,17,17,17
400437,1,1,1987,0,0,0,0,0,0,0,0,0,0
400438,1,1,1987,1,1,1,1,1,1,1,1,1,1
400438,2,1,1987,0,0,0,0,0,0,0,0,0,0
400438,3,1,1987,0,0,0,0,0,0,0,0,0,0
400439,0,1,1987,0,0,0,0,0,0,0,0,0,0
400439,1,1,1987,0,0,0,0,0,0,0,0,0,0
400440,0,1,1987,0,0,0,0,0,0,0,0,0,0
400440,1,1,1987,0,0,0,0,0,0,0,0,0,0
400441,1,1,1987,17,17,17,17,17,17,17,17,17,17
400441,2,1,1987,0,0,0,0,0,0,0,0,0,0
400443,0,1,1987,7,19,7,28,11,19,0,12,22,28
400443,1,1,1987,0,0,0,0,0,0,0,0,0,0
400444,1,1,1987,11,11,11,11,11,11,11,11,11,11
400445,1,1,1987,4,18,5,10,3,7,8,18,27,5
400445,2,1,1987,0,0,0,0,0,0,0,0,0,0
400446,1,1,1987,0,0,0,0,0,0,0,0,0,0
400446,2,1,1987,0,0,0,0,0,0,0,0,0,0
400447,1,1,1987,0,0,0,0,0,0,0,0,0,0
400447,2,1,1987,0,2,0,0,0,0,0,0,0,0
400448,0,1,1987,25,25,25,25,25,25,25,25,25,25
400448,1,1,1987,0,0,0,0,0,0,0,0,0,0
400448,2,1,1987,0,0,0,0,0,0,0,0,0,0
400449,1,1,1987,19,19,19,19,19,19,19,19,19,19
400449,2,1,1987,0,0,0,0,0,0,0,0,0,0
400450,1,1,1987,0,0,26,6,9,0,7,22,12,0
400450,2,1,1987,20,0,0,0,0,0,0,0,0,0
400451,1,1,1987,14,14,14,14,14,14,14,14,14,14
400451,2,1,1987,0,0,0,0,0,0,0,0,16,19
400452,1,1,1987,0,0,0,0,0,0,0,0,0,0
400453,1,1,1987,11,0,0,0,0,0,0,0,17,0
400453,2,1,1987,0,0,0,0,0,0,0,0,0,0
400454,0,1,1987,0,0,0,0,0,0,0,0,0,0
400454,1,1,1987,0,0,0,0,0,0,0,0,0,0
400455,0,1,1987,0,0,0,0,0,0,0,0,0,0
400455,1,1,1987,0,0,0,0,0,0,0,0,0,0
400456,1,1,1987,0,0,0,0,0,0,0,0,0,0
400456,2,1,1987,0,0,0,0,0,0,0,0,0,0
400457,1,1,1987,24,24,24,24,24,24,24,24,24,24
400458,1,1,1987,0,0,0,0,0,0,0,0,0,0
400458,2,1,1987,0,0,0,0,0,0,0,0,0,0
400459,1,1,1987,0,0,0,0,0,0,0,0,0,0
400459,2,1,1987,0,15,0,0,0,0,0,0,0,0
400460,1,1,1987,2,2,2,2,2,2,2,2,2,2
400461,1,1,1987,16,16,16,16,16,16,16,16,16,16
400461,2,1,1987,0,0,0,0,0,0,0,0,0,0
400462,1,1,1987,0,0,19,24,15,4,0,0,0,10
400463,1,1,1987,0,0,0,0,0,0,0,0,0,0
400463,2,1,1987,0,0,0,0,0,0,0,0,0,0
400464,1,1,1987,22,22,22,22,22,22,22,22,22,22
400465,1,1,1987,19,19,19,19,19,19,19,19,19,19
400465,2,1,1987,0,0,0,0,0,0,0,0,0,0
400466,1,1,1987,0,0,0,0,0,0,0,0,0,0
400467,1,1,1987,19,19,19,19,19,19,19,19,19,19
400467,2,1,1987,18,18,18,18,18,18,18,18,18,18
400468,1,1,1987,0,0,0,0,0,0,0,0,0,0
400469,1,1,1987,0,0,0,0,0,0,0,0,0,0
400470,1,1,1987,0,0,0,0,0,0,0,0,0,0
400471,1,1,1987,0,22,0,0,0,0,13,30,0,15
400472,1,1,1987,0,0,0,0,0,13,0,0,0,0
400473,1,1,1987,17,17,17,17,17,17,17,17,17,17
400474,1,1,1987,0,0,0,0,0,0,0,0,0,0
400475,1,1,1987,0,0,0,0,0,0,0,0,0,0
400475,2,1,1987,0,0,0,0,0,0,0,0,0,0
400476,0,1,1987,13,13,13,13,13,13,13,13,13,13
400476,1,1,1987,0,33,7,0,0,30,20,23,0,11
400477,0,1,1987,0,0,0,0,0,0,0,0,0,0
400477,1,1,1987,10,28,0,0,0,30,0,0,8,9
400478,1,1,1987,15,15,15,15,15,15,15,15,15,15
400478,2,1,1987,4,4,4,4,4,4,4,4,4,4
400479,1,1,1987,0,0,0,0,0,0,0,0,0,0
400480,1,1,1987,16,16,16,16,16,16,16,16,16,16
400480,2,1,1987,0,0,0,0,0,0,0,0,0,0
400481,1,1,1987,0,0,0,7,0,0,0,0,0,0
400481,2,1,1987,0,0,0,0,0,0,0,0,0,0
400482,1,2,1987,17,18,0,0,17,14,0,12,0,0
400483,1,1,1987,4,0,0,0,0,0,0,0,0,0
400483,2,1,1987,0,0,0,0,0,5,0,0,0,0
400483,3,1,1987,0,0,0,0,0,0,0,0,0,0
400483,4,1,1987,0,0,0,0,0,0,0,4,0,15
400484,1,1,1987,0,0,0,0,0,0,0,0,0,0
400484,2,1,1987,0,0,0,0,0,0,0,8,0,0
400486,1,1,1987,0,0,0,0,0,0,0,0,0,0
400486,2,1,1987,0,0,0,0,0,0,0,0,0,0
400487,1,1,1987,14,20,31,12,12,12,20,22,22,13
400488,1,1,1987,0,0,0,0,0,0,0,0,0,0
400488,2,1,1987,0,0,0,0,0,0,0,0,0,0
400489,1,1,1987,0,0,0,0,0,0,0,0,0,0
400490,1,1,1987,20,0,0,0,28,0,0,0,0,0
400490,2,1,1987,0,0,0,0,0,0,0,0,0,0
400491,1,1,1987,16,16,16,16,16,16,16,16,16,16
400492,0,1,1987,0,0,0,0,0,0,0,0,0,0
400492,1,1,1987,22,0,0,0,0,0,0,0,0,0
400493,1,1,1987,0,0,0,0,18,10,5,0,0,0
400494,1,1,1987,0,0,0,0,0,0,0,0,0,0
400494,2,1,1987,0,0,0,0,0,0,0,0,0,0
400495,1,1,1987,0,0,0,0,0,0,0,0,0,0
400496,1,1,1987,0,0,0,0,0,0,0,0,0,0
400496,2,1,1987,0,0,0,0,0,0,0,0,0,0
400497,1,1,1987,8,8,8,8,8,8,8,8,8,8
400497,2,1,1987,18,11,24,16,6,18,19,9,15,8
400498,1,1,1987,0,0,0,40,0,0,0,19,0,0
400499,1,1,1987,0,0,0,0,0,0,0,0,0,0