ST_CASE,VEH_NO,PER_NO,YEAR,P1,P2,P3,P4,P5,P6,P7,P8,P9,P10
400499,2,1,1987,11,0,4,0,6,0,13,7,17,0
400500,1,1,1987,12,0,0,0,0,0,0,0,0,0
400500,2,1,1987,0,0,0,0,0,0,0,0,0,0
400501,1,1,1987,0,0,0,0,0,0,0,0,0,0
400501,2,1,1987,0,0,0,0,0,0,0,0,0,0
400502,1,1,1987,0,0,0,0,0,0,0,0,0,0
400502,2,1,1987,0,0,0,0,0,0,0,0,0,0
400503,1,1,1987,22,9,21,18,22,18,19,28,15,13
400503,2,1,1987,0,0,0,0,0,0,0,0,0,0
400504,1,1,1987,0,0,0,0,0,0,0,0,0,0
400504,2,1,1987,0,0,0,0,0,0,0,0,0,0
400505,1,1,1987,21,21,21,21,21,21,21,21,21,21
400505,2,1,1987,26,26,26,26,26,26,26,26,26,26
400506,1,1,1987,0,11,0,0,0,0,0,0,16,0
400507,1,1,1987,0,0,0,0,0,0,0,0,0,0
400508,1,1,1987,34,34,34,34,34,34,34,34,34,34
400509,0,1,1987,12,12,12,12,12,12,12,12,12,12
400509,0,2,1987,0,0,40,21,15,0,0,10,19,0
400509,1,1,1987,11,11,11,11,11,11,11,11,11,11
400509,2,1,1987,10,10,10,10,10,10,10,10,10,10
400510,1,1,1987,0,0,0,0,0,0,0,0,0,0
400510,2,1,1987,0,0,0,0,0,0,0,0,0,0
400511,1,1,1987,10,10,10,10,10,10,10,10,10,10
400511,2,1,1987,0,0,0,0,0,0,0,0,0,0
400512,1,1,1987,20,22,34,17,6,5,21,8,23,26
400513,1,1,1987,3,3,3,3,3,3,3,3,3,3
400514,1,1,1987,10,10,10,10,10,10,10,10,10,10
400515,1,1,1987,0,0,0,0,0,0,0,0,0,0
400515,2,1,1987,0,0,0,0,0,0,0,0,0,0
400516,1,1,1987,0,0,0,0,0,15,0,0,0,0
400517,1,1,1987,12,12,12,12,12,12,12,12,12,12
400517,2,1,1987,0,0,0,0,0,0,22,14,22,0
400518,1,1,1987,17,17,17,17,17,17,17,17,17,17
400519,1,1,1987,0,9,14,17,15,12,0,6,14,5
400520,1,1,1987,29,29,29,29,29,29,29,29,29,29
400521,1,1,1987,0,0,0,0,0,0,0,0,0,0
400521,2,1,1987,13,13,13,13,13,13,13,13,13,13
400522,1,1,1987,0,0,0,0,0,0,0,0,0,0
400523,1,1,1987,19,19,19,19,19,19,19,19,19,19
400523,2,1,1987,0,0,0,0,0,0,0,0,0,0
400524,1,1,1987,0,0,0,0,0,0,4,0,0,0
400524,2,1,1987,0,0,0,0,0,0,0,0,0,0
400525,1,1,1987,30,30,30,30,30,30,30,30,30,30
400525,2,1,1987,2,0,0,0,0,0,8,0,0,0
400526,1,1,1987,0,0,0,0,0,0,0,0,0,0
400526,2,1,1987,0,0,0,0,0,0,0,0,2,0
400527,1,1,1987,0,0,0,0,0,0,0,0,0,0
400528,1,1,1987,0,0,0,0,0,0,0,0,0,0
400528,2,1,1987,0,0,0,0,0,0,0,0,0,0
400529,0,1,1987,0,0,0,0,0,0,0,0,0,0
400530,1,1,1987,0,0,0,0,0,0,0,0,0,0
400530,2,1,1987,0,0,0,0,0,0,0,0,0,0
400530,3,1,1987,0,0,0,0,0,0,0,0,0,0
400531,1,1,1987,0,0,0,0,0,0,0,0,0,0
400531,2,1,1987,0,0,0,0,0,0,0,0,0,0
400532,1,1,1987,0,0,0,0,0,0,0,0,0,0
400533,1,1,1987,0,0,0,0,0,0,0,0,0,0
400533,2,1,1987,0,0,0,0,0,0,0,0,0,0
400534,1,1,1987,0,0,0,0,10,0,0,9,0,0
400534,2,1,1987,0,0,0,0,0,0,0,0,0,0
400535,1,1,1987,0,0,0,0,0,0,0,0,0,0
400535,2,1,1987,0,0,0,0,0,0,0,0,0,0
400536,1,1,1987,0,29,0,0,0,0,0,14,0,0
400537,0,1,1987,0,0,0,0,0,0,0,0,0,0
400537,0,2,1987,16,0,8,0,0,0,0,3,0,0
400537,1,1,1987,0,0,0,0,8,0,0,0,0,0
400538,1,1,1987,0,0,0,0,0,0,0,0,0,0
400538,2,1,1987,0,0,0,0,0,0,0,0,0,0
400539,1,1,1987,0,0,0,0,0,0,0,0,10,0
400539,2,1,1987,0,0,0,0,0,0,0,0,0,0
400540,1,1,1987,0,0,0,0,0,0,14,0,0,0
400541,1,1,1987,0,0,0,0,0,0,0,0,0,0
400541,2,1,1987,0,0,0,7,0,0,0,19,12,0
400542,0,1,1987,0,0,0,0,0,0,0,0,0,0
400542,1,1,1987,0,0,0,0,0,0,0,0,0,6
400543,1,1,1987,0,25,12,12,10,24,6,20,31,8
400544,1,1,1987,10,10,10,10,10,10,10,10,10,10
400545,1,1,1987,13,13,13,13,13,13,13,13,13,13
400545,2,1,1987,0,0,0,0,0,0,0,0,0,0
400546,1,1,1987,0,0,0,0,0,0,0,0,0,0
400546,2,1,1987,10,0,0,0,12,0,0,18,0,0
400547,1,1,1987,18,18,18,18,18,18,18,18,18,18
400547,2,1,1987,0,18,0,0,0,0,0,0,0,0
400548,0,1,1987,12,34,11,27,29,25,73,28,27,25
400548,1,1,1987,0,0,0,0,0,0,0,0,0,0
400549,1,1,1987,0,0,0,0,0,0,0,0,0,0
400550,1,1,1987,0,0,0,0,0,0,0,0,0,0
400550,2,1,1987,0,0,0,0,0,0,0,0,0,0
400551,0,1,1987,0,0,0,0,0,0,0,0,0,0
400551,1,1,1987,0,0,0,0,0,0,0,0,0,0
400552,1,1,1987,0,0,0,0,0,0,0,0,0,0
400552,2,1,1987,0,0,0,0,0,0,0,0,0,0
400553,1,1,1987,0,0,0,0,0,0,0,0,0,0
400553,2,1,1987,0,0,0,0,0,0,0,0,0,0
400554,1,1,1987,0,0,0,0,0,0,0,0,0,0
400555,1,1,1987,15,15,15,15,15,15,15,15,15,15
400556,0,1,1987,17,17,0,0,18,30,18,17,45,22
400556,1,1,1987,0,0,20,2,27,0,23,25,18,7
400557,1,1,1987,0,0,0,0,0,0,0,0,0,0
400557,2,1,1987,0,0,0,0,0,0,0,0,0,0
400558,0,1,1987,0,0,0,0,0,0,0,0,0,0
400558,1,1,1987,0,0,11,0,0,0,0,0,0,0
400559,1,1,1987,0,0,0,0,0,0,0,0,0,0
400559,2,1,1987,0,0,0,0,0,0,0,0,0,0
410001,1,1,1987,0,0,0,0,0,0,0,0,0,0
410002,1,1,1987,15,15,15,15,15,15,15,15,15,15
410002,2,1,1987,0,0,0,0,0,0,0,0,0,0
410003,1,1,1987,18,0,0,0,16,0,0,0,0,0
410003,2,1,1987,0,0,0,0,0,0,0,0,0,0
410004,1,1,1987,0,0,0,0,0,0,0,0,0,0
410004,2,1,1987,0,0,0,15,0,0,0,0,0,0
410005,1,1,1987,0,0,0,0,0,0,0,0,0,0
410005,2,1,1987,0,0,0,0,0,0,0,0,0,0
410006,1,1,1987,14,16,6,13,12,10,17,0,5,14
410006,2,1,1987,0,0,0,0,0,0,0,0,0,0
410007,0,1,1987,0,13,0,21,0,0,0,5,26,0
410007,1,1,1987,0,0,0,0,0,0,0,0,0,0
410008,1,1,1987,19,19,19,19,19,19,19,19,19,19
410009,1,1,1987,0,0,0,0,0,0,0,0,0,0
410009,2,1,1987,0,0,0,0,0,0,0,0,0,0
410010,1,1,1987,0,0,0,0,0,0,0,0,0,0
410010,2,1,1987,0,0,0,0,0,0,0,0,0,0
410011,1,1,1987,0,0,0,0,0,0,0,0,0,0
410011,2,1,1987,0,0,0,0,0,0,0,0,0,0
410011,3,1,1987,0,0,0,0,0,0,0,0,0,0
410012,1,1,1987,12,12,12,12,12,12,12,12,12,12
410013,1,1,1987,3,3,3,3,3,3,3,3,3,3
410013,2,1,1987,0,0,0,0,0,0,0,0,0,0
410014,1,1,1987,22,22,22,22,22,22,22,22,22,22
410015,1,1,1987,0,0,0,0,0,0,0,0,0,0
410015,2,1,1987,0,0,0,0,0,0,0,0,0,0
410015,3,1,1987,0,0,0,19,0,16,0,0,0,0
410017,1,1,1987,0,0,0,0,0,0,0,0,0,0
410017,2,1,1987,0,0,0,0,0,0,0,0,0,0
410018,1,1,1987,0,0,0,0,0,0,0,0,0,0
410018,2,1,1987,0,0,0,0,0,0,0,0,0,0
410019,1,1,1987,22,22,22,22,22,22,22,22,22,22
410020,1,1,1987,0,0,0,0,0,0,0,0,0,0
410020,2,1,1987,24,12,14,15,18,0,35,19,16,0
410021,1,1,1987,16,16,16,16,16,16,16,16,16,16
410022,0,1,1987,0,0,0,0,0,0,0,0,0,0
410022,0,2,1987,0,0,0,0,0,0,0,0,0,0
410022,1,1,1987,0,0,14,0,0,0,0,0,0,0
410023,1,1,1987,0,0,0,0,0,0,0,0,0,0
410023,2,1,1987,0,0,0,0,0,0,9,0,0,0
410024,1,1,1987,19,19,19,19,19,19,19,19,19,19
410025,0,1,1987,0,0,0,0,0,0,0,0,5,0
410025,1,1,1987,0,0,0,0,0,0,0,0,0,0
410026,0,1,1987,3,3,3,3,3,3,3,3,3,3
410026,1,1,1987,0,0,0,0,0,0,0,0,0,0
410026,2,1,1987,0,0,0,0,0,0,0,0,0,0
410026,3,1,1987,0,0,0,0,0,0,0,0,0,0
410027,1,1,1987,0,0,0,0,0,0,0,0,0,0
410027,2,1,1987,0,0,0,0,0,0,0,0,0,0
410028,1,1,1987,0,0,0,0,0,0,0,0,0,0
410029,1,1,1987,18,18,18,18,18,18,18,18,18,18
410029,2,1,1987,0,0,0,0,0,0,0,0,0,0
410030,1,1,1987,0,14,0,0,0,13,0,0,28,0
410030,2,1,1987,0,0,0,0,0,0,0,2,0,0
410031,1,1,1987,0,0,0,0,0,12,0,9,0,13
410031,2,1,1987,0,0,0,0,0,0,0,0,0,0
410032,1,1,1987,0,0,0,0,0,0,0,0,0,0
410033,1,1,1987,0,0,0,0,0,11,0,0,0,0
410034,0,1,1987,22,22,22,22,22,22,22,22,22,22
410034,1,1,1987,15,15,15,15,15,15,15,15,15,15
410035,1,1,1987,0,0,0,0,0,0,0,0,0,0
410035,2,1,1987,0,0,0,0,0,0,0,0,0,0
410035,3,1,1987,0,0,0,0,0,0,0,0,0,0
410036,1,1,1987,0,0,0,0,0,0,0,0,0,0
410036,2,1,1987,0,0,0,0,0,0,8,0,0,0
410037,1,1,1987,14,14,14,14,14,14,14,14,14,14
410038,1,1,1987,21,13,21,18,26,25,16,14,11,15
410039,1,1,1987,0,0,0,0,0,0,0,0,0,0
410040,1,1,1987,16,16,16,16,16,16,16,16,16,16
410040,2,1,1987,4,4,4,4,4,4,4,4,4,4
410041,1,1,1987,0,0,0,0,0,0,0,0,0,0
410042,1,1,1987,26,26,26,26,26,26,26,26,26,26
410043,1,1,1987,0,20,0,0,0,7,0,0,0,0
410043,2,1,1987,0,0,0,0,0,0,0,0,0,0
410044,1,1,1987,0,0,0,0,0,0,0,0,0,10
410045,1,1,1987,15,15,15,15,15,15,15,15,15,15
410046,1,1,1987,0,0,0,0,0,0,0,0,0,0
410047,1,1,1987,0,0,0,0,0,0,0,0,0,0
410047,2,1,1987,20,20,20,20,20,20,20,20,20,20
410048,0,1,1987,0,0,0,0,0,0,0,0,0,0
410048,1,1,1987,1,1,1,1,1,1,1,1,1,1
410049,1,1,1987,0,0,0,0,0,0,0,0,0,0
410049,2,1,1987,0,0,0,0,0,0,0,0,0,0
410050,1,1,1987,8,8,8,8,8,8,8,8,8,8
410051,1,1,1987,0,0,0,0,0,0,0,0,0,0
410052,1,1,1987,0,0,0,0,0,0,0,0,0,0
410052,2,1,1987,0,0,0,0,0,0,0,0,0,0
410053,0,1,1987,0,9,0,0,0,0,0,0,0,0
410053,1,1,1987,17,17,17,17,17,17,17,17,17,17
410054,0,1,1987,0,0,0,0,0,0,0,0,0,0
410054,1,1,1987,0,0,0,19,0,0,12,0,0,11
410055,1,1,1987,0,0,0,0,0,0,0,0,0,0
410056,1,1,1987,0,0,0,0,0,0,0,0,0,0
410056,2,1,1987,0,0,0,0,0,0,0,0,0,0
410057,1,1,1987,0,0,9,0,0,14,0,0,23,0
410057,2,1,1987,0,0,0,0,0,0,0,0,0,0
410058,1,1,1987,25,25,25,25,25,25,25,25,25,25
410059,1,1,1987,0,0,0,0,0,0,0,0,0,0
410059,2,1,1987,0,0,11,21,0,0,21,18,0,0
410060,1,1,1987,19,19,19,19,19,19,19,19,19,19
410061,1,1,1987,0,0,0,0,0,0,0,0,0,0
410061,2,1,1987,0,0,0,0,20,0,0,0,0,0
410062,1,1,1987,0,0,0,0,0,0,0,0,0,0
410063,1,1,1987,0,0,0,0,0,0,0,0,0,0
410063,2,1,1987,0,0,0,0,0,0,0,0,0,0
410064,1,1,1987,0,0,0,0,0,0,0,0,0,0
410064,2,1,1987,0,0,0,0,0,0,0,0,0,0
410065,1,1,1987,1,1,1,1,1,1,1,1,1,1
410065,2,1,1987,0,0,6,0,0,0,0,0,0,7
410066,1,1,1987,0,14,0,23,0,0,0,0,0,0
410066,2,1,1987,17,17,17,17,17,17,17,17,17,17
410067,1,1,1987,18,18,18,18,18,18,18,18,18,18
410068,1,1,1987,0,5,0,0,0,0,0,0,0,0
410068,2,1,1987,0,0,0,8,0,0,0,0,0,0
410069,1,1,1987,0,0,0,0,0,0,0,0,0,0
410070,1,1,1987,0,0,0,0,0,0,0,0,0,0
410070,2,1,1987,0,0,0,0,0,0,0,0,0,0
410070,3,1,1987,23,0,0,0,0,0,0,0,0,0
410071,1,1,1987,0,0,0,0,0,0,0,0,0,0
410071,2,1,1987,0,0,0,0,0,11,0,0,23,15
410072,1,1,1987,0,0,0,0,0,0,0,0,0,0
410074,1,1,1987,1,1,1,1,1,1,1,1,1,1
410074,2,1,1987,0,0,0,0,0,0,0,0,0,0
410075,1,1,1987,0,0,0,0,0,0,0,0,0,0
410075,2,1,1987,8,8,8,8,8,8,8,8,8,8
410076,1,1,1987,8,8,8,8,8,8,8,8,8,8
410077,1,1,1987,14,14,14,14,14,14,14,14,14,14
410078,1,1,1987,14,14,14,14,14,14,14,14,14,14
410079,1,1,1987,0,0,0,0,0,0,0,0,0,0
410080,0,1,1987,0,0,0,0,0,0,0,0,0,0
410080,1,1,1987,0,0,0,0,0,0,0,0,0,0
410081,1,1,1987,14,14,14,14,14,14,14,14,14,14
410081,2,1,1987,9,17,0,0,0,0,0,0,0,0
410081,3,1,1987,0,0,0,0,0,0,0,0,0,0
410082,0,1,1987,0,0,0,0,0,0,0,0,0,0
410082,0,2,1987,0,7,0,0,0,0,0,0,0,0
410082,1,1,1987,0,0,0,0,0,0,0,0,0,0
410083,1,1,1987,0,0,0,0,0,0,0,0,0,0
410083,2,1,1987,6,6,6,6,6,6,6,6,6,6
410084,1,1,1987,2,2,2,2,2,2,2,2,2,2
410085,1,1,1987,0,0,0,0,0,0,0,0,0,0
410085,2,1,1987,13,13,13,13,13,13,13,13,13,13
410086,1,1,1987,0,0,0,0,0,0,0,0,0,0
410087,1,1,1987,6,6,6,6,6,6,6,6,6,6
410088,1,1,1987,0,0,0,0,0,0,0,0,0,0
410088,2,1,1987,0,0,0,0,0,0,0,0,0,0
410089,1,1,1987,27,27,27,27,27,27,27,27,27,27
410090,0,1,1987,0,0,0,0,0,0,0,0,0,0
410090,1,1,1987,0,0,0,0,0,0,0,0,0,0
410091,1,1,1987,0,0,0,0,0,0,18,0,0,0
410092,1,1,1987,15,15,15,15,15,15,15,15,15,15
410093,1,1,1987,0,0,0,0,0,0,16,0,0,0
410094,1,1,1987,11,11,11,11,11,11,11,11,11,11
410094,2,1,1987,0,0,0,0,0,0,0,0,0,0
410095,1,1,1987,13,13,13,13,13,13,13,13,13,13
410096,1,1,1987,20,20,20,20,20,20,20,20,20,20
410097,1,1,1987,0,0,0,0,0,0,0,0,0,0
410097,2,1,1987,0,0,0,0,0,0,0,0,0,0
410098,1,1,1987,11,11,11,11,11,11,11,11,11,11
410099,1,1,1987,20,20,20,20,20,20,20,20,20,20
410100,1,1,1987,0,0,0,0,0,0,0,0,0,0
410100,2,1,1987,0,0,0,0,0,0,0,0,0,0
410101,1,1,1987,0,0,0,0,0,0,0,0,0,0
410101,2,1,1987,0,0,0,0,0,0,0,0,0,0
410102,0,1,1987,43,43,43,43,43,43,43,43,43,43
410102,1,1,1987,0,0,0,0,9,0,0,0,0,0
410103,1,1,1987,13,13,13,13,13,13,13,13,13,13
410104,1,1,1987,0,0,0,0,0,14,22,17,23,0
410104,2,1,1987,0,0,0,0,0,0,0,0,0,0
410105,1,1,1987,26,26,26,26,26,26,26,26,26,26
410105,2,1,1987,0,0,0,0,0,0,0,0,0,0
410105,3,1,1987,0,0,0,0,12,0,0,4,0,0
410106,1,1,1987,0,0,0,0,0,0,0,0,0,0
410106,2,1,1987,2,2,2,2,2,2,2,2,2,2
410107,1,1,1987,9,9,9,9,9,9,9,9,9,9
410108,1,1,1987,0,0,0,0,0,0,0,0,0,0
410108,2,1,1987,0,0,0,0,0,0,0,0,0,0
410109,1,1,1987,13,13,13,13,13,13,13,13,13,13
410110,1,1,1987,19,19,19,19,19,19,19,19,19,19
410111,1,1,1987,20,0,0,0,0,0,0,0,0,0
410111,2,1,1987,0,0,0,0,0,0,0,0,0,0
410112,1,1,1987,19,19,19,19,19,19,19,19,19,19
410113,1,1,1987,15,15,15,15,15,15,15,15,15,15
410115,1,1,1987,0,0,0,0,0,0,0,0,0,0
410115,2,1,1987,0,0,0,0,11,0,0,0,0,0
410115,3,1,1987,0,0,0,0,0,0,0,0,0,0
410116,1,1,1987,14,14,14,14,14,14,14,14,14,14
410117,1,1,1987,0,0,0,0,0,0,0,0,0,0
410117,2,1,1987,0,0,0,0,0,0,0,0,0,0
410118,1,1,1987,20,20,20,20,20,20,20,20,20,20
410119,0,1,1987,0,0,0,0,0,0,0,0,0,0
410119,1,1,1987,0,0,4,0,0,0,0,0,0,0
410120,1,1,1987,0,0,0,0,0,0,0,0,0,0
410120,2,1,1987,0,0,0,0,0,0,0,0,0,0
410121,1,1,1987,0,0,0,10,0,0,0,7,0,0
410122,1,1,1987,0,0,0,0,0,0,0,0,0,0
410122,2,1,1987,0,0,0,0,0,0,0,0,0,0
410123,1,1,1987,0,0,0,0,0,0,0,0,0,0
410123,2,1,1987,0,0,0,0,0,0,0,0,0,0
410124,1,1,1987,15,15,15,15,15,15,15,15,15,15
410125,1,1,1987,0,0,0,0,0,0,0,0,0,0
410125,2,1,1987,0,0,0,0,0,0,0,0,0,0
410126,1,1,1987,20,20,20,20,20,20,20,20,20,20
410127,0,1,1987,0,0,0,0,0,0,0,0,0,0
410127,1,1,1987,0,0,0,0,0,0,0,0,0,0
410129,0,1,1987,0,0,0,0,0,0,0,0,0,0
410129,1,1,1987,0,0,0,0,0,0,0,0,0,0
410130,1,1,1987,19,19,19,19,19,19,19,19,19,19
410131,1,1,1987,17,17,17,17,17,17,17,17,17,17
410132,1,1,1987,23,23,23,23,23,23,23,23,23,23
410132,2,1,1987,0,0,0,0,0,0,0,0,0,0
410133,1,1,1987,7,7,7,7,7,7,7,7,7,7
410134,1,1,1987,0,10,0,0,0,0,0,0,0,0
410134,2,1,1987,17,17,17,17,17,17,17,17,17,17
410135,1,1,1987,0,0,0,0,0,0,0,0,0,0
410135,2,1,1987,0,0,0,0,0,0,0,0,0,0
410136,1,1,1987,0,0,0,0,0,0,0,0,0,0
410137,1,1,1987,0,0,0,0,0,0,0,0,0,0
410137,2,1,1987,0,0,0,0,0,0,0,0,0,0
410138,1,1,1987,21,21,21,21,21,21,21,21,21,21
410138,2,1,1987,0,0,0,0,0,0,0,0,0,0
410139,0,1,1987,0,0,0,0,0,0,0,0,0,0
410139,1,1,1987,0,0,0,0,0,0,0,0,0,0
410140,1,1,1987,4,4,4,4,4,4,4,4,4,4
410141,0,1,1987,26,26,26,26,26,26,26,26,26,26
410141,1,1,1987,12,16,19,10,0,18,18,0,27,9
410141,2,1,1987,0,0,7,0,0,0,0,0,0,0
410142,1,1,1987,10,10,10,10,10,10,10,10,10,10
410143,1,1,1987,0,0,0,0,0,0,0,0,0,0
410143,2,1,1987,0,0,0,0,0,0,0,0,0,0
410143,3,1,1987,0,0,0,0,0,0,0,0,0,0
410145,1,1,1987,12,12,12,12,12,12,12,12,12,12
410146,1,1,1987,0,0,0,0,0,0,0,0,0,0
410147,1,1,1987,0,0,0,0,44,0,16,8,0,0
410148,1,1,1987,13,13,13,13,13,13,13,13,13,13
410148,2,1,1987,0,0,0,0,0,0,0,0,0,0
410149,1,1,1987,0,0,0,0,0,0,0,0,0,0
410149,2,1,1987,0,0,0,0,0,0,0,0,0,0
410150,0,1,1987,22,22,22,22,22,22,22,22,22,22
410150,1,1,1987,0,13,25,8,15,25,16,25,14,0
410151,1,1,1987,7,7,7,7,7,7,7,7,7,7
410152,0,1,1987,0,0,0,0,0,0,0,0,0,0
410152,1,1,1987,0,0,0,0,0,0,0,0,0,0
410153,1,1,1987,0,10,3,6,0,0,0,0,0,0
410154,0,1,1987,23,23,23,23,23,23,23,23,23,23
410154,1,1,1987,0,0,0,0,0,0,0,0,0,0
410155,1,1,1987,0,0,0,0,0,0,0,0,0,0
410155,2,1,1987,0,0,0,0,0,0,0,0,0,0
410156,1,1,1987,0,0,0,0,0,0,0,0,0,0
410157,1,1,1987,0,0,0,0,0,0,0,0,0,0
410158,0,1,1987,0,0,0,0,0,0,0,0,0,0
410158,1,1,1987,0,0,0,0,0,0,0,0,0,0
410160,1,1,1987,0,0,0,0,0,0,0,0,0,0
410160,2,1,1987,17,0,17,0,0,2,0,10,0,16
410161,1,1,1987,40,40,40,40,40,40,40,40,40,40
410162,1,1,1987,37,37,37,37,37,37,37,37,37,37
410163,1,1,1987,21,21,21,21,21,21,21,21,21,21
410163,2,1,1987,0,0,0,0,0,0,0,0,0,0
410164,1,1,1987,14,0,23,0,14,8,8,17,17,13
410164,2,1,1987,0,0,0,0,0,0,15,0,0,0
410165,0,1,1987,29,29,29,29,29,29,29,29,29,29
410165,1,1,1987,0,0,0,0,0,0,0,0,0,0
410166,0,1,1987,0,0,0,0,0,0,0,0,0,0
410166,1,1,1987,0,19,20,0,12,15,20,17,10,20
410167,1,1,1987,0,0,0,0,0,0,0,0,0,13
410167,2,1,1987,0,0,0,0,0,0,0,0,0,0
410168,1,1,1987,15,15,15,15,15,15,15,15,15,15
410169,0,1,1987,0,0,0,0,0,0,0,0,0,0
410169,1,1,1987,0,0,0,0,0,0,0,0,0,0
410172,1,1,1987,2,2,2,2,2,2,2,2,2,2
410172,2,1,1987,0,0,0,0,0,0,0,0,0,0
410173,0,1,1987,0,0,0,0,0,0,0,0,0,0
410173,1,1,1987,10,10,10,10,10,10,10,10,10,10
410174,1,1,1987,0,0,0,0,0,0,0,0,0,0
410175,1,1,1987,13,13,13,13,13,13,13,13,13,13
410176,1,1,1987,22,22,22,22,22,22,22,22,22,22
410177,1,1,1987,24,24,24,24,24,24,24,24,24,24
410178,1,1,1987,0,0,0,0,0,0,0,0,0,0
410178,2,1,1987,0,0,0,0,0,0,0,0,0,0
410178,3,1,1987,0,0,0,0,0,0,0,0,0,0
410179,1,1,1987,0,0,0,0,0,0,0,0,0,0
410179,2,1,1987,0,0,0,0,0,9,0,0,0,0
410180,0,1,1987,4,4,4,4,4,4,4,4,4,4
410180,1,1,1987,17,17,17,17,17,17,17,17,17,17
410181,1,1,1987,0,0,0,0,0,0,0,0,0,0
410182,0,1,1987,23,23,23,23,23,23,23,23,23,23
410182,1,1,1987,0,0,0,0,0,0,0,0,0,0
410183,1,1,1987,0,0,0,0,0,0,0,0,0,0
410183,2,1,1987,0,0,0,0,0,0,0,0,0,0
410184,1,1,1987,12,21,10,21,18,17,22,7,20,8
410185,1,1,1987,20,0,0,0,0,0,0,26,23,16
410185,2,1,1987,0,0,0,0,0,0,0,0,0,0
410186,1,1,1987,0,0,0,0,0,0,0,0,0,0
410186,2,1,1987,0,0,0,0,0,0,0,0,0,0
410187,1,1,1987,0,0,0,0,0,0,0,0,0,0
410187,2,1,1987,0,0,0,0,0,21,0,24,0,0
410188,1,1,1987,30,30,30,30,30,30,30,30,30,30
410189,1,1,1987,1,1,1,1,1,1,1,1,1,1
410189,2,1,1987,0,0,0,0,0,0,7,0,0,0
410190,1,1,1987,10,10,10,10,10,10,10,10,10,10
410191,1,1,1987,0,0,0,0,0,0,0,0,22,0
410192,1,1,1987,0,0,0,0,0,0,0,0,0,0
410192,2,1,1987,0,0,0,0,0,0,0,0,0,0
410193,0,1,1987,0,0,0,0,0,0,0,0,0,0
410193,1,1,1987,0,0,0,0,0,0,0,9,17,0
410194,1,1,1987,0,0,0,0,0,0,0,0,0,0
410194,2,1,1987,0,0,0,0,0,0,0,0,0,0
410195,1,1,1987,0,0,0,0,0,0,0,0,0,0
410195,2,1,1987,0,0,0,0,0,0,0,0,0,0
410195,3,1,1987,0,0,0,0,0,0,0,0,0,0
410197,0,1,1987,0,0,0,0,0,0,0,0,0,0
410197,1,1,1987,0,0,0,0,0,0,0,0,0,0
410198,1,1,1987,0,0,0,0,0,0,0,0,0,0
410198,2,1,1987,3,3,3,3,3,3,3,3,3,3
410199,1,1,1987,0,0,0,0,0,0,0,0,0,0
410199,2,1,1987,0,0,0,0,0,0,0,0,0,0
410200,1,1,1987,0,0,0,0,0,0,0,0,0,0
410200,2,1,1987,0,0,0,0,0,0,0,0,0,0
410200,3,1,1987,0,0,0,0,0,0,0,0,0,0
410201,1,1,1987,0,0,0,0,0,0,0,0,0,0
410201,2,1,1987,0,0,0,0,0,0,0,0,0,0
410202,1,1,1987,0,0,0,0,0,0,0,0,0,0
410202,2,1,1987,4,4,4,4,4,4,4,4,4,4
410203,1,1,1987,0,0,0,0,0,0,0,0,0,0
410203,2,1,1987,0,0,0,0,0,0,0,0,0,0
410204,0,1,1987,1,1,1,1,1,1,1,1,1,1
410204,1,1,1987,19,19,19,19,19,19,19,19,19,19
410205,1,1,1987,0,0,0,0,0,0,0,0,0,0
410205,2,1,1987,0,0,0,0,0,0,0,0,0,0
410206,1,1,1987,23,23,23,23,23,23,23,23,23,23
410207,0,1,1987,23,23,23,23,23,23,23,23,23,23
410207,1,1,1987,8,8,8,8,8,8,8,8,8,8
410207,2,1,1987,0,0,0,0,20,0,0,0,0,0
410208,1,1,1987,0,0,0,0,0,0,0,0,0,0
410208,2,1,1987,0,0,0,0,0,0,0,0,0,0
410209,1,1,1987,0,0,0,0,0,0,0,0,0,0
410209,2,1,1987,0,0,0,0,0,0,0,0,0,0
410210,1,1,1987,1,1,1,1,1,1,1,1,1,1
410211,1,1,1987,20,20,20,20,20,20,20,20,20,20
410212,1,1,1987,23,23,23,23,23,23,23,23,23,23
410213,1,1,1987,0,0,0,0,0,0,0,0,0,0
410214,1,1,1987,0,0,0,0,0,0,0,0,0,0
410215,1,1,1987,0,0,0,0,0,17,0,20,0,0
410215,2,1,1987,18,0,0,9,9,0,0,10,25,0
410216,1,1,1987,0,0,0,0,0,0,0,0,0,0
410216,2,1,1987,0,0,0,0,0,0,0,0,0,0
410217,1,1,1987,0,0,0,0,0,0,0,0,0,0
410218,1,1,1987,19,19,19,19,19,19,19,19,19,19
410219,1,1,1987,28,28,28,28,28,28,28,28,28,28
410219,2,1,1987,0,0,0,0,0,0,0,0,0,0
410220,1,1,1987,0,0,0,0,0,0,0,0,0,0
410220,2,1,1987,20,27,15,19,14,8,0,22,12,11
410221,1,1,1987,17,17,17,17,17,17,17,17,17,17
410221,2,1,1987,0,0,0,0,0,0,0,0,0,0
410222,1,1,1987,0,0,0,0,0,0,0,0,0,0
410222,2,1,1987,0,0,0,0,0,0,0,0,0,0
410223,1,1,1987,0,0,0,0,0,0,0,0,0,0
410224,1,1,1987,26,26,26,26,26,26,26,26,26,26