ST_CASE,VEH_NO,PER_NO,YEAR,P1,P2,P3,P4,P5,P6,P7,P8,P9,P10
420474,2,1,1987,0,0,0,0,0,0,0,0,7,0
420475,1,1,1987,12,12,12,12,12,12,12,12,12,12
420476,1,1,1987,0,0,0,0,0,0,0,0,0,0
420477,1,1,1987,0,0,24,0,0,0,0,0,0,0
420478,1,1,1987,0,0,0,0,0,0,0,0,0,0
420479,1,1,1987,19,19,19,19,19,19,19,19,19,19
420479,2,1,1987,0,0,0,0,0,0,0,0,0,0
420480,1,1,1987,20,20,20,20,20,20,20,20,20,20
420481,1,1,1987,29,29,29,29,29,29,29,29,29,29
420482,1,1,1987,0,0,0,0,0,0,0,0,0,0
420482,2,1,1987,0,0,0,0,0,11,0,0,3,15
420483,1,1,1987,21,21,21,21,21,21,21,21,21,21
420484,1,1,1987,0,0,0,0,0,0,0,0,0,0
420484,2,1,1987,0,0,0,0,0,0,0,0,0,0
420485,1,1,1987,0,0,19,9,0,0,0,11,0,0
420485,2,1,1987,0,0,0,0,0,0,0,0,0,0
420486,1,1,1987,30,30,30,30,30,30,30,30,30,30
420486,2,1,1987,0,0,0,0,0,0,0,0,0,0
420487,1,1,1987,0,0,0,0,0,0,0,0,0,0
420488,1,1,1987,19,19,19,19,19,19,19,19,19,19
420489,1,1,1987,0,0,0,0,0,0,0,0,0,0
420489,2,1,1987,0,0,0,0,0,0,0,0,0,0
420489,3,1,1987,0,0,0,0,0,0,0,0,0,0
420490,1,1,1987,25,25,25,25,25,25,25,25,25,25
420490,2,1,1987,6,12,13,16,21,21,0,0,15,10
420491,0,1,1987,32,32,32,32,32,32,32,32,32,32
420491,1,1,1987,0,0,0,0,0,0,0,0,0,0
420491,2,1,1987,0,0,0,0,0,0,0,0,0,0
420492,1,1,1987,0,0,0,0,0,0,0,0,0,0
420493,1,1,1987,0,0,0,0,0,0,0,0,0,0
420493,2,1,1987,0,0,0,0,0,0,0,0,0,0
420493,3,1,1987,0,0,0,0,0,0,0,0,0,0
420494,1,1,1987,0,0,0,0,0,0,0,0,0,0
420495,1,1,1987,6,6,6,6,6,6,6,6,6,6
420495,2,1,1987,0,0,0,0,0,0,0,0,0,0
420496,1,1,1987,0,0,0,0,0,0,0,0,0,0
420497,1,1,1987,26,26,26,26,26,26,26,26,26,26
420498,1,1,1987,0,0,0,0,0,0,0,0,26,0
420498,2,1,1987,0,0,0,0,0,0,0,0,0,0
420499,1,1,1987,0,0,0,0,0,0,0,0,0,0
420500,1,1,1987,0,0,0,0,0,0,0,0,0,0
420501,1,1,1987,0,0,0,0,0,0,0,0,0,0
420501,2,1,1987,8,8,8,8,8,8,8,8,8,8
420501,3,1,1987,0,0,0,0,0,0,0,0,0,0
420502,1,1,1987,12,19,13,16,14,27,20,0,12,2
420502,2,1,1987,12,8,0,0,0,0,0,0,0,3
420503,1,1,1987,16,16,16,16,16,16,16,16,16,16
420504,1,1,1987,14,14,14,14,14,14,14,14,14,14
420504,2,1,1987,0,0,0,0,0,0,0,0,0,0
420505,1,1,1987,0,0,0,0,17,0,0,0,0,0
420506,1,1,1987,0,0,0,0,0,0,0,0,18,0
420506,2,1,1987,12,0,0,0,0,0,0,0,0,0
420507,1,1,1987,0,0,0,16,11,0,14,0,0,0
420507,2,1,1987,0,0,0,0,0,0,0,0,0,0
420508,1,1,1987,0,0,0,0,0,0,0,0,28,0
420508,2,1,1987,0,8,16,14,16,8,0,14,0,19
420509,1,1,1987,0,0,0,0,0,0,0,0,0,0
420509,2,1,1987,0,0,0,0,0,0,0,0,0,0
420510,1,1,1987,0,0,0,0,0,0,0,0,0,0
420511,1,1,1987,6,6,6,6,6,6,6,6,6,6
420512,1,1,1987,18,18,18,18,18,18,18,18,18,18
420512,2,1,1987,0,0,0,0,0,0,0,0,0,0
420512,3,1,1987,0,0,0,0,0,0,0,0,0,0
420513,1,1,1987,0,0,0,0,0,0,0,0,16,0
420513,2,1,1987,0,0,0,0,0,0,0,0,0,0
420514,1,1,1987,0,0,0,0,0,0,0,0,0,0
420514,2,1,1987,0,0,0,0,0,0,0,0,0,0
420514,3,1,1987,0,0,0,0,0,0,8,0,0,0
420515,1,1,1987,11,11,11,11,11,11,11,11,11,11
420516,1,1,1987,27,27,27,27,27,27,27,27,27,27
420516,2,1,1987,0,0,0,0,0,0,0,0,0,0
420517,1,1,1987,23,23,23,23,23,23,23,23,23,23
420518,1,1,1987,18,18,18,18,18,18,18,18,18,18
420519,0,1,1987,0,0,0,0,0,0,0,0,0,0
420519,1,1,1987,0,0,0,0,0,0,0,21,0,0
420520,1,1,1987,0,0,0,0,0,0,0,0,0,0
420520,2,1,1987,0,0,0,0,0,0,0,0,0,0
420521,1,1,1987,0,0,0,0,0,0,0,0,0,0
420521,2,1,1987,0,0,0,0,0,0,0,0,0,0
420522,1,1,1987,12,12,12,12,12,12,12,12,12,12
420523,1,1,1987,21,21,21,21,21,21,21,21,21,21
420524,1,1,1987,14,14,14,14,14,14,14,14,14,14
420525,1,1,1987,1,1,1,1,1,1,1,1,1,1
420526,1,1,1987,31,31,31,31,31,31,31,31,31,31
420526,2,1,1987,0,0,0,0,0,0,0,0,0,0
420527,1,1,1987,0,0,0,0,0,0,0,0,0,0
420528,1,1,1987,0,0,0,0,0,0,0,0,0,0
420528,2,1,1987,14,0,0,0,0,0,0,0,0,0
420529,1,1,1987,15,15,15,15,15,15,15,15,15,15
420530,1,1,1987,0,0,0,0,0,0,0,0,0,0
420530,2,1,1987,0,0,0,0,0,0,0,0,0,0
420531,0,1,1987,8,32,38,14,25,24,39,24,8,25
420531,1,1,1987,0,0,0,0,14,0,0,0,0,0
420532,0,1,1987,0,0,0,0,0,0,0,0,0,0
420532,1,1,1987,0,0,0,0,0,0,0,0,0,0
420533,1,1,1987,18,18,18,18,18,18,18,18,18,18
420535,1,1,1987,20,20,20,20,20,20,20,20,20,20
420535,2,1,1987,0,21,0,18,0,0,0,0,0,0
420536,1,1,1987,14,14,14,14,14,14,14,14,14,14
420536,2,1,1987,0,0,0,0,0,0,0,0,0,0
420537,1,1,1987,0,0,0,0,0,0,0,0,0,0
420537,2,1,1987,0,0,0,0,0,0,0,0,0,0
420538,1,1,1987,26,26,26,26,26,26,26,26,26,26
420539,1,1,1987,0,0,0,0,0,0,0,0,0,0
420539,2,1,1987,0,0,0,0,0,0,0,0,0,0
420540,1,1,1987,16,16,16,16,16,16,16,16,16,16
420541,1,1,1987,24,24,24,24,24,24,24,24,24,24
420542,1,1,1987,0,0,0,0,0,0,0,0,0,0
420543,0,1,1987,0,0,0,0,0,0,0,0,0,0
420543,1,1,1987,0,0,0,0,0,0,0,0,0,0
420544,1,1,1987,0,0,0,0,0,0,0,0,0,0
420544,2,1,1987,13,0,0,0,0,0,12,0,27,0
420545,1,1,1987,0,0,0,0,0,0,0,0,0,0
420545,2,1,1987,0,0,0,0,0,3,0,0,0,0
420546,1,1,1987,0,0,0,0,0,0,0,0,0,0
420546,2,1,1987,0,0,0,0,0,0,0,0,0,0
420547,1,1,1987,0,0,0,0,0,0,0,0,0,0
420547,2,1,1987,0,0,0,0,0,0,0,0,0,0
420548,0,1,1987,0,13,0,0,0,17,0,0,0,0
420548,1,1,1987,0,0,0,0,0,0,0,0,0,0
420548,2,1,1987,0,4,0,0,0,0,0,0,0,0
420548,3,1,1987,0,0,0,0,0,0,0,0,0,0
420549,1,1,1987,23,23,23,23,23,23,23,23,23,23
420549,2,1,1987,0,0,0,0,0,0,0,0,0,0
420550,1,1,1987,19,19,19,19,19,19,19,19,19,19
420550,2,1,1987,0,6,0,0,0,0,0,0,0,0
420550,3,1,1987,10,19,8,17,36,24,19,3,0,9
420551,1,1,1987,0,0,0,0,0,0,0,0,0,0
420552,1,1,1987,0,0,0,0,0,0,0,0,0,0
420552,2,1,1987,0,0,0,0,0,0,0,0,0,0
420553,1,1,1987,13,13,13,13,13,13,13,13,13,13
420554,1,1,1987,14,14,14,14,14,14,14,14,14,14
420555,0,1,1987,0,0,0,0,0,0,0,0,0,0
420555,1,1,1987,0,0,0,0,0,0,0,0,0,7
420556,1,1,1987,0,0,0,0,0,0,0,0,0,0
420556,2,1,1987,0,0,0,0,0,0,0,0,0,0
420557,1,1,1987,10,10,36,11,8,15,22,8,15,10
420558,1,1,1987,18,18,18,18,18,18,18,18,18,18
420558,2,1,1987,9,10,10,7,22,13,22,9,18,6
420559,1,1,1987,0,0,0,0,0,0,0,0,0,0
420560,1,1,1987,0,0,0,0,0,0,0,0,0,0
420561,0,1,1987,0,0,17,0,0,0,0,0,0,0
420561,1,1,1987,0,0,0,0,0,0,0,0,0,0
420561,2,1,1987,0,0,0,0,0,0,0,0,0,0
420562,1,1,1987,0,0,0,0,0,0,0,0,0,0
420562,2,1,1987,0,0,0,0,0,0,0,0,0,0
420563,1,1,1987,0,9,0,0,16,9,0,0,0,0
420564,1,1,1987,0,0,0,0,0,0,0,0,0,0
420565,0,1,1987,19,19,19,19,19,19,19,19,19,19
420565,1,1,1987,0,0,0,0,0,0,0,0,0,0
420566,1,1,1987,16,5,17,8,16,17,13,13,21,9
420566,2,1,1987,0,0,0,0,0,0,0,0,0,0
420567,1,1,1987,14,14,14,14,14,14,14,14,14,14
420568,1,1,1987,15,0,0,0,13,0,10,0,0,16
420568,2,1,1987,0,0,0,0,0,0,0,0,0,6
420568,3,1,1987,0,0,0,0,10,0,0,0,0,0
420569,1,1,1987,9,9,9,9,9,9,9,9,9,9
420569,2,1,1987,0,0,0,0,0,0,0,16,0,0
420570,1,1,1987,18,18,18,18,18,18,18,18,18,18
420570,2,1,1987,0,0,0,0,0,0,0,0,0,0
420571,1,1,1987,0,0,0,0,0,0,0,0,0,0
420572,1,1,1987,0,0,0,0,0,0,0,0,0,0
420572,2,1,1987,0,0,0,0,0,0,0,0,0,0
420573,1,1,1987,0,0,0,0,0,0,0,0,0,0
420573,2,1,1987,0,0,0,0,0,0,0,0,0,0
420574,1,1,1987,19,19,19,19,19,19,19,19,19,19
420575,1,1,1987,0,0,0,0,0,0,0,0,0,0
420575,2,1,1987,0,0,0,0,0,0,0,0,0,0
420575,3,1,1987,0,0,0,0,0,0,0,0,0,0
420576,1,1,1987,0,0,0,0,0,0,0,0,0,0
420576,2,1,1987,0,0,0,0,0,0,0,0,0,0
420577,1,1,1987,21,21,21,21,21,21,21,21,21,21
420577,2,1,1987,0,0,0,0,0,0,0,0,0,0
420578,1,1,1987,0,0,0,0,0,0,0,0,0,0
420578,2,1,1987,0,0,0,0,0,0,0,0,0,0
420578,3,1,1987,0,0,8,0,0,0,0,0,0,0
420579,1,1,1987,0,0,0,0,0,0,0,0,0,0
420579,2,1,1987,0,0,0,0,0,0,0,0,0,0
420580,0,1,1987,6,0,0,0,0,0,0,0,0,0
420580,1,1,1987,0,0,0,0,0,0,0,0,0,0
420581,1,1,1987,28,28,28,28,28,28,28,28,28,28
420582,0,1,1987,0,0,0,0,0,0,0,0,0,11
420582,1,1,1987,0,0,0,0,0,0,0,0,0,0
420583,1,1,1987,0,0,0,0,4,0,0,0,0,0
420583,2,1,1987,0,0,0,0,0,0,0,0,0,0
420583,3,1,1987,0,0,0,0,0,0,0,0,0,0
420584,0,1,1987,29,29,29,29,29,29,29,29,29,29
420584,1,1,1987,0,0,0,0,0,12,17,22,0,13
420585,1,1,1987,5,5,5,5,5,5,5,5,5,5
420586,0,1,1987,24,24,24,24,24,24,24,24,24,24
420586,1,1,1987,0,0,0,0,0,0,0,0,0,0
420587,1,1,1987,4,4,4,4,4,4,4,4,4,4
420588,1,1,1987,23,23,23,23,23,23,23,23,23,23
420589,1,1,1987,0,0,18,0,29,3,0,15,19,18
420590,1,1,1987,0,0,0,0,0,0,0,0,0,0
420591,1,1,1987,0,0,0,0,0,0,0,0,0,0
420591,2,1,1987,0,0,0,0,0,0,0,0,0,0
420592,1,1,1987,18,13,5,0,17,19,0,25,25,7
420593,1,1,1987,12,15,0,12,15,20,11,16,18,8
420593,2,1,1987,0,15,7,20,27,7,15,15,10,25
420593,3,1,1987,0,0,0,0,0,0,0,0,0,0
420594,0,1,1987,0,0,0,0,0,0,0,0,0,0
420594,1,1,1987,17,17,17,17,17,17,17,17,17,17
420595,1,1,1987,12,0,21,9,0,0,28,11,18,11
420595,2,1,1987,7,7,7,7,7,7,7,7,7,7
420596,1,1,1987,17,17,17,17,17,17,17,17,17,17
420597,1,1,1987,28,28,28,28,28,28,28,28,28,28
420598,1,1,1987,31,16,17,0,0,0,0,21,20,10
420599,1,1,1987,0,0,0,0,0,0,0,0,0,0
420599,2,1,1987,0,7,0,0,0,0,0,0,0,0
420600,1,1,1987,0,0,0,0,0,0,0,0,0,0
420601,1,1,1987,22,22,22,22,22,22,22,22,22,22
420601,2,1,1987,0,0,0,0,12,0,0,0,0,34
420602,0,1,1987,0,0,0,0,0,0,0,0,0,0
420602,1,1,1987,0,0,0,10,0,0,0,0,0,0
420603,1,1,1987,0,0,0,0,0,0,0,0,0,0
420603,2,1,1987,0,0,0,0,0,0,0,0,0,0
420604,1,1,1987,0,0,0,0,0,0,0,0,0,0
420604,2,1,1987,0,0,0,0,0,30,0,0,0,0
420605,0,1,1987,0,0,0,0,0,0,0,0,0,0
420605,1,1,1987,0,0,0,0,0,0,0,0,0,0
420606,0,1,1987,0,0,0,0,0,0,0,0,0,0
420606,1,1,1987,0,0,0,0,0,0,0,0,0,0
420607,1,1,1987,0,0,0,0,0,0,0,0,0,0
420608,1,1,1987,21,21,21,21,21,21,21,21,21,21
420609,0,1,1987,0,0,0,0,0,0,0,0,0,0
420609,1,1,1987,16,0,0,5,8,14,10,14,4,13
420610,1,1,1987,13,13,13,13,13,13,13,13,13,13
420611,1,1,1987,6,19,24,17,49,13,4,23,5,14
420612,1,1,1987,0,0,0,0,0,0,13,0,0,0
420613,1,1,1987,16,19,16,25,8,3,20,12,13,10
420613,2,1,1987,0,0,0,0,0,0,0,0,0,0
420614,1,1,1987,0,0,0,0,0,0,0,0,0,0
420614,2,1,1987,0,0,0,0,0,0,0,0,0,0
420615,1,1,1987,24,24,24,24,24,24,24,24,24,24
420616,0,1,1987,0,0,0,0,0,0,0,0,0,0
420616,1,1,1987,0,0,0,0,0,0,17,0,0,0
420617,1,1,1987,0,0,0,0,0,14,0,0,9,0
420617,2,1,1987,23,0,0,0,0,0,0,0,12,0
420618,1,1,1987,0,0,0,15,0,0,0,0,0,0
420619,0,1,1987,0,0,0,0,0,11,0,0,0,0
420619,1,1,1987,0,0,0,0,0,0,0,0,0,0
420620,0,1,1987,10,10,10,10,10,10,10,10,10,10
420620,1,1,1987,22,0,12,12,13,13,14,11,18,21
420621,0,1,1987,0,0,0,0,0,0,0,0,0,0
420621,1,1,1987,0,0,0,0,0,0,0,0,0,0
420622,1,1,1987,26,26,26,26,26,26,26,26,26,26
420622,2,1,1987,4,4,4,4,4,4,4,4,4,4
420623,0,1,1987,0,0,0,0,0,0,0,0,0,0
420623,1,1,1987,6,0,0,0,0,0,19,0,0,0
420624,1,1,1987,0,0,0,20,0,0,0,0,0,0
420624,2,1,1987,0,0,0,0,0,0,0,0,0,0
420625,0,1,1987,0,0,0,0,0,0,0,0,0,0
420625,1,1,1987,0,0,0,0,0,0,0,0,0,0
420626,1,1,1987,0,0,0,0,0,0,0,0,0,0
420628,0,1,1987,0,0,0,0,0,0,0,0,0,0
420628,0,2,1987,0,0,0,0,0,0,0,0,0,0
420628,1,1,1987,0,0,0,9,0,0,0,0,0,5
420629,1,1,1987,0,0,0,0,0,0,0,0,0,0
420630,1,1,1987,0,0,0,0,0,0,0,0,0,0
420630,2,1,1987,0,0,0,0,35,22,0,16,0,14
420631,1,1,1987,0,0,0,0,0,0,0,0,0,0
420631,2,1,1987,0,0,0,0,0,0,0,0,0,0
420632,1,1,1987,9,9,9,9,9,9,9,9,9,9
420632,2,1,1987,0,0,16,0,0,0,0,13,0,0
420633,1,1,1987,0,0,0,0,0,0,0,0,0,0
420633,2,1,1987,0,0,0,0,0,0,0,0,0,0
420634,1,1,1987,17,17,17,17,17,17,17,17,17,17
420635,1,1,1987,15,15,15,15,15,15,15,15,15,15
420636,1,1,1987,35,0,10,0,21,0,6,0,5,0
420636,2,1,1987,0,0,11,0,0,0,0,21,0,0
420637,1,1,1987,0,0,0,0,0,0,0,0,0,0
420637,2,1,1987,0,0,0,0,0,0,0,0,0,0
420638,1,1,1987,42,42,42,42,42,42,42,42,42,42
420638,2,1,1987,0,0,0,0,0,0,0,0,0,0
420639,1,1,1987,0,0,0,0,0,0,0,0,0,0
420639,2,1,1987,0,0,0,0,0,6,0,0,0,0
420640,1,1,1987,0,0,0,0,0,0,0,0,0,0
420640,2,1,1987,0,0,0,0,0,0,0,0,0,0
420641,0,1,1987,0,0,0,0,0,0,0,0,0,0
420641,1,1,1987,0,0,0,0,0,0,0,0,0,0
420642,0,1,1987,0,0,0,0,0,0,0,0,0,0
420642,1,1,1987,14,14,14,14,14,14,14,14,14,14
420643,1,1,1987,12,12,12,12,12,12,12,12,12,12
420643,2,1,1987,0,0,0,0,0,0,0,0,0,0
420644,1,1,1987,0,0,0,0,0,0,0,0,0,0
420644,2,1,1987,6,19,14,13,8,17,14,0,11,0
420644,3,1,1987,0,14,0,0,0,0,0,0,0,0
420645,0,1,1987,0,0,0,0,0,0,0,0,0,0
420645,1,1,1987,0,0,3,0,0,0,0,0,0,0
420646,1,1,1987,0,0,0,0,0,0,0,0,0,0
420646,2,1,1987,0,0,0,22,0,0,0,0,0,0
420647,0,1,1987,16,16,16,16,16,16,16,16,16,16
420647,1,1,1987,0,0,0,0,0,0,0,0,0,12
420648,1,1,1987,19,19,19,19,19,19,19,19,19,19
420649,1,1,1987,8,8,8,8,8,8,8,8,8,8
420649,2,1,1987,0,0,0,0,0,0,0,0,0,0
420650,1,1,1987,9,9,9,9,9,9,9,9,9,9
420650,2,1,1987,30,30,30,30,30,30,30,30,30,30
420651,1,1,1987,23,23,23,23,23,23,23,23,23,23
420651,2,1,1987,0,0,0,0,0,0,0,0,0,0
420652,1,1,1987,32,32,32,32,32,32,32,32,32,32
420652,2,1,1987,8,15,0,0,8,0,0,0,0,0
420652,3,1,1987,0,0,0,0,0,0,0,0,9,0
420653,1,1,1987,10,10,10,10,10,10,10,10,10,10
420655,1,1,1987,0,0,0,0,0,0,0,0,0,0
420656,1,1,1987,14,14,14,14,14,14,14,14,14,14
420657,0,1,1987,0,0,0,0,0,0,0,0,0,0
420657,1,1,1987,17,6,11,17,8,12,28,0,9,15
420658,1,1,1987,0,0,0,0,0,0,0,0,0,0
420658,2,1,1987,0,0,0,0,0,0,0,0,0,0
420659,1,1,1987,13,13,13,13,13,13,13,13,13,13
420660,1,1,1987,34,34,34,34,34,34,34,34,34,34
420661,1,1,1987,16,16,16,16,16,16,16,16,16,16
420661,2,1,1987,0,0,0,0,0,0,0,0,0,0
420662,1,1,1987,0,0,0,0,0,0,0,0,0,0
420662,2,1,1987,0,0,0,0,0,0,0,0,0,0
420663,1,1,1987,0,0,0,0,0,0,0,0,0,0
420663,2,1,1987,0,0,0,0,0,0,0,0,0,0
420664,0,1,1987,0,6,0,0,0,0,0,0,0,0
420665,1,1,1987,0,0,0,0,0,0,0,0,0,0
420665,2,1,1987,0,0,0,0,0,0,0,0,0,0
420666,1,1,1987,16,16,16,16,16,16,16,16,16,16
420667,1,1,1987,0,0,0,0,0,0,0,0,0,0
420668,0,1,1987,0,0,0,0,0,0,0,0,0,0
420668,1,1,1987,0,0,0,0,0,0,0,0,0,0
420669,1,1,1987,17,17,17,17,17,17,17,17,17,17
420670,1,1,1987,0,0,0,0,0,0,0,0,0,0
420670,2,1,1987,0,0,0,0,0,0,0,0,0,0
420671,1,1,1987,21,28,23,0,12,0,15,18,0,5
420672,1,1,1987,13,13,13,13,13,13,13,13,13,13
420672,2,1,1987,0,0,0,0,0,0,0,0,0,0
420672,3,1,1987,5,5,5,5,5,5,5,5,5,5
420673,1,1,1987,0,0,0,0,0,0,0,0,0,0
420673,2,1,1987,0,0,0,0,0,0,0,0,0,0
420674,1,1,1987,40,40,40,40,40,40,40,40,40,40
420675,0,1,1987,0,0,0,0,0,0,0,0,0,0
420675,1,1,1987,8,0,0,0,0,0,0,0,0,0
420676,1,1,1987,27,27,27,27,27,27,27,27,27,27
420677,0,1,1987,0,0,0,0,0,0,0,0,0,0
420677,1,1,1987,0,0,0,0,0,0,0,0,0,4
420678,0,1,1987,0,0,0,0,0,0,0,0,0,0
420678,1,1,1987,0,0,0,0,0,0,0,0,0,0
420679,1,1,1987,0,0,0,0,0,0,0,0,0,0
420679,2,1,1987,14,14,14,14,14,14,14,14,14,14
420680,1,1,1987,13,13,13,13,13,13,13,13,13,13
420681,1,1,1987,0,0,0,0,0,0,0,0,0,0
420681,2,1,1987,0,0,0,0,0,0,0,0,0,0
420682,0,1,1987,0,0,0,0,0,0,0,0,0,0
420682,1,1,1987,0,0,0,0,0,0,0,0,0,0
420683,1,1,1987,0,0,0,0,5,0,0,0,0,0
420683,2,1,1987,0,0,0,0,0,0,0,0,0,0
420684,1,1,1987,26,26,26,26,26,26,26,26,26,26
420684,2,1,1987,0,0,0,0,0,0,0,0,0,0
420685,1,1,1987,0,0,0,0,0,0,0,0,0,0
420686,1,1,1987,16,16,16,16,16,16,16,16,16,16
420686,2,1,1987,4,9,0,6,15,15,0,9,10,19
420687,1,1,1987,0,0,0,0,0,0,0,0,0,0
420687,2,1,1987,0,0,0,0,0,0,0,0,0,0
420688,1,1,1987,0,0,0,0,0,0,0,0,0,0
420688,2,1,1987,0,0,0,0,0,0,0,0,0,0
420689,1,1,1987,0,0,0,0,0,0,0,0,0,0
420689,2,1,1987,18,18,18,18,18,18,18,18,18,18
420690,1,1,1987,0,0,0,0,0,0,0,0,0,0
420690,2,1,1987,0,0,0,0,0,0,0,0,0,0
420691,1,1,1987,20,20,20,20,20,20,20,20,20,20
420691,2,1,1987,0,0,0,0,0,0,0,0,0,0
420692,1,1,1987,12,12,12,12,12,12,12,12,12,12
420692,2,1,1987,16,16,16,16,16,16,16,16,16,16
420693,1,1,1987,11,11,11,11,11,11,11,11,11,11
420693,2,1,1987,0,0,0,0,0,0,0,0,0,0
420694,1,1,1987,9,9,9,9,9,9,9,9,9,9
420694,2,1,1987,0,0,0,0,0,0,18,0,0,6
420695,1,1,1987,14,14,14,14,14,14,14,14,14,14
420696,1,1,1987,12,12,12,12,12,12,12,12,12,12
420697,0,1,1987,14,14,14,14,14,14,14,14,14,14
420697,1,1,1987,15,12,9,2,10,0,3,22,0,0
420698,1,1,1987,18,9,4,0,0,0,0,16,16,11
420698,2,1,1987,0,0,0,0,0,0,0,0,0,0
420699,1,1,1987,4,22,7,18,14,11,6,0,14,17
420700,1,1,1987,0,0,0,0,0,0,0,0,0,0
420700,2,1,1987,0,0,0,0,0,0,0,0,0,0
420701,1,1,1987,0,0,0,0,0,0,0,0,0,0
420702,1,1,1987,0,0,0,0,0,0,0,0,0,0
420702,2,1,1987,0,0,0,0,0,0,0,0,0,0
420703,1,1,1987,19,19,19,19,19,19,19,19,19,19
420703,2,1,1987,0,0,0,0,0,0,0,0,0,0
420704,1,1,1987,0,0,0,0,0,0,0,0,0,0
420704,2,1,1987,0,0,0,0,0,0,0,0,0,0
420705,1,1,1987,0,0,0,0,0,0,0,0,0,0
420706,1,1,1987,25,25,25,25,25,25,25,25,25,25
420707,1,1,1987,22,22,22,22,22,22,22,22,22,22
420708,0,1,1987,0,0,0,0,0,0,0,0,0,0
420708,1,1,1987,0,11,0,0,0,0,0,0,0,0
420709,0,1,1987,0,0,0,0,0,0,0,0,0,0
420709,1,1,1987,0,0,0,0,0,0,0,0,0,15
420710,1,1,1987,21,21,21,21,21,21,21,21,21,21
420710,2,1,1987,0,0,0,0,0,0,0,0,0,0
420711,1,1,1987,10,10,10,10,10,10,10,10,10,10
420712,1,1,1987,23,23,23,23,23,23,23,23,23,23
420713,0,1,1987,15,15,15,15,15,15,15,15,15,15
420713,1,1,1987,0,0,0,0,0,0,0,0,0,0
420714,1,1,1987,0,0,0,0,0,0,0,0,0,0
420714,2,1,1987,0,0,0,0,0,0,0,0,0,0
420715,1,1,1987,27,27,27,27,27,27,27,27,27,27
420716,1,1,1987,0,0,0,21,17,22,25,18,31,10
420717,1,1,1987,0,0,0,0,0,0,0,0,0,0
420717,2,1,1987,0,0,0,0,0,0,0,0,0,0
420717,3,1,1987,0,0,0,0,0,0,0,0,0,0
420718,1,1,1987,30,30,30,30,30,30,30,30,30,30
420719,0,1,1987,0,0,0,0,0,0,0,0,0,0
420719,1,1,1987,0,0,0,0,0,0,0,0,0,0
420720,1,1,1987,0,0,0,0,0,0,0,0,0,0
420721,1,1,1987,10,10,10,10,10,10,10,10,10,10
420721,2,1,1987,0,0,0,0,0,0,0,0,0,0
420722,1,1,1987,0,0,0,0,0,0,0,0,0,0
420723,1,1,1987,0,0,0,0,0,0,0,0,0,0
420723,2,1,1987,16,21,0,0,0,0,0,0,0,0
420723,3,1,1987,0,0,0,0,0,0,0,0,0,0
420724,1,1,1987,18,18,18,18,18,18,18,18,18,18
420724,2,1,1987,0,0,0,0,0,0,0,0,0,3
420724,3,1,1987,0,16,10,0,0,14,0,6,0,0
420725,1,1,1987,26,26,26,26,26,26,26,26,26,26
420726,0,1,1987,0,0,0,0,0,16,0,0,0,0
420726,1,1,1987,14,14,14,14,14,14,14,14,14,14
420727,0,1,1987,0,0,0,0,0,0,0,0,0,0
420727,1,1,1987,0,0,0,0,20,0,0,0,0,0
420728,1,1,1987,7,7,7,7,7,7,7,7,7,7
420728,2,1,1987,0,0,0,0,0,0,0,0,0,0
420729,1,1,1987,0,0,7,10,12,0,0,0,0,0
420729,2,1,1987,0,0,0,0,0,0,0,0,0,0
420730,1,1,1987,0,0,0,0,0,0,0,0,0,0
420731,1,1,1987,0,0,0,0,0,0,0,0,0,0
420731,2,1,1987,12,12,12,12,12,12,12,12,12,12
420732,1,1,1987,0,0,0,0,0,0,0,0,0,0
420732,2,1,1987,0,0,0,0,0,0,0,0,0,0
420733,1,1,1987,15,15,15,15,15,15,15,15,15,15
420734,1,1,1987,14,14,14,14,14,14,14,14,14,14
420734,2,1,1987,0,0,0,0,0,0,0,0,0,0
420735,1,1,1987,18,18,18,18,18,18,18,18,18,18
420735,2,1,1987,0,0,0,0,0,0,0,0,0,0
420735,3,1,1987,0,0,0,0,0,0,0,0,0,0
420736,1,1,1987,0,0,0,0,0,0,0,0,0,0
420736,2,1,1987,0,8,0,0,0,0,0,5,0,0
420737,1,1,1987,0,0,0,0,0,0,0,0,0,0
420737,2,1,1987,0,0,0,0,0,0,0,0,0,0
420738,1,1,1987,0,0,0,0,0,0,0,0,0,0
420738,2,1,1987,0,21,0,0,0,0,0,0,0,0
420739,1,1,1987,0,0,0,0,0,0,0,0,0,0
420739,2,1,1987,0,0,0,0,0,0,0,0,0,0
420740,0,1,1987,0,0,0,0,0,0,0,0,0,0
420740,1,1,1987,0,0,0,0,0,0,0,0,0,0
420741,1,1,1987,36,36,36,36,36,36,36,36,36,36
420741,2,1,1987,0,0,0,0,0,0,0,0,0,0
420742,1,1,1987,27,27,27,27,27,27,27,27,27,27
420743,1,1,1987,0,0,0,0,0,0,0,0,0,0
420744,1,1,1987,0,0,0,0,0,0,0,0,0,0
420744,2,1,1987,0,0,0,0,0,0,0,0,0,0
420745,1,1,1987,12,16,7,13,0,16,29,41,24,0