ST_CASE,VEH_NO,PER_NO,YEAR,P1,P2,P3,P4,P5,P6,P7,P8,P9,P10
420746,0,1,1987,0,0,0,0,0,0,0,0,0,0
420746,0,2,1987,0,14,14,15,0,12,4,0,0,0
420746,1,1,1987,0,0,0,0,0,0,0,0,0,0
420747,1,1,1987,0,0,0,0,0,0,0,0,0,0
420747,2,1,1987,0,0,0,0,0,0,0,0,0,0
420747,3,1,1987,0,0,0,0,0,0,0,0,0,0
420747,4,1,1987,0,0,0,19,0,0,0,0,0,0
420747,5,1,1987,0,0,0,0,0,0,0,0,0,0
420748,1,1,1987,28,28,28,28,28,28,28,28,28,28
420748,2,1,1987,0,0,0,0,0,21,0,16,0,0
420749,1,1,1987,0,0,0,0,0,0,0,0,0,0
420749,2,1,1987,0,0,0,0,0,0,0,0,0,0
420750,1,1,1987,0,0,0,0,0,0,0,0,0,0
420750,2,1,1987,0,0,0,0,0,0,0,0,0,0
420751,1,1,1987,0,8,21,16,19,26,24,17,16,14
420751,2,1,1987,0,0,0,0,0,0,0,0,0,0
420752,1,1,1987,14,14,14,14,14,14,14,14,14,14
420754,1,1,1987,0,0,0,0,0,0,0,0,0,0
420754,2,1,1987,0,0,0,0,0,0,0,0,0,0
420755,1,1,1987,0,0,0,0,0,0,0,0,0,0
420755,2,1,1987,0,0,0,0,0,0,0,0,0,0
420755,3,1,1987,0,0,0,0,0,0,8,0,0,0
420756,0,1,1987,23,23,23,23,23,23,23,23,23,23
420756,1,1,1987,0,0,0,0,0,0,0,0,0,25
420757,1,1,1987,33,16,0,21,0,0,14,7,9,0
420758,1,1,1987,1,1,1,1,1,1,1,1,1,1
420758,2,1,1987,0,0,0,0,0,0,0,0,0,0
420758,3,1,1987,0,0,0,0,0,0,0,0,0,0
420758,4,1,1987,0,0,0,0,0,0,0,0,0,0
420759,1,1,1987,19,19,19,19,19,19,19,19,19,19
420760,1,1,1987,0,0,0,0,0,0,0,0,0,0
420760,2,1,1987,0,0,0,0,0,0,0,0,0,0
420761,0,1,1987,0,0,0,0,0,0,0,0,0,0
420761,1,1,1987,18,18,18,18,18,18,18,18,18,18
420762,1,1,1987,6,6,6,6,6,6,6,6,6,6
420762,2,1,1987,0,0,0,0,0,0,0,0,0,0
420763,0,1,1987,0,0,0,0,0,0,0,0,0,0
420763,1,1,1987,0,0,0,0,0,0,0,0,0,0
420764,1,1,1987,11,7,0,18,34,0,20,9,4,13
420765,1,1,1987,31,31,31,31,31,31,31,31,31,31
420765,2,1,1987,0,0,0,0,0,0,0,0,0,0
420766,1,1,1987,0,0,0,0,0,0,0,0,0,0
420766,2,1,1987,0,0,0,0,0,0,0,0,0,0
420767,1,1,1987,0,0,0,0,0,0,0,0,0,0
420767,2,1,1987,0,0,0,0,0,0,0,0,0,3
420768,1,1,1987,0,0,0,0,11,0,0,0,0,0
420768,2,1,1987,0,0,0,0,0,0,0,0,0,0
420769,1,1,1987,0,0,0,0,0,0,0,0,0,0
420770,1,1,1987,22,22,22,22,22,22,22,22,22,22
420771,1,1,1987,0,0,0,0,0,0,0,0,0,0
420771,2,1,1987,0,0,0,0,0,0,0,0,0,0
420772,0,1,1987,0,0,0,0,0,0,0,0,0,0
420772,1,1,1987,0,0,0,0,0,0,0,0,0,0
420773,1,1,1987,35,35,35,35,35,35,35,35,35,35
420774,1,1,1987,25,25,25,25,25,25,25,25,25,25
420775,0,1,1987,26,26,26,26,26,26,26,26,26,26
420775,1,1,1987,17,7,8,29,4,23,15,7,9,16
420776,1,1,1987,7,17,9,10,11,29,30,5,24,16
420777,1,1,1987,0,0,0,0,0,0,0,0,0,0
420777,2,1,1987,0,0,0,0,0,0,0,0,0,0
420778,1,1,1987,0,0,0,0,0,0,0,0,0,0
420779,1,1,1987,0,0,0,0,0,0,0,0,0,0
420779,2,1,1987,0,0,0,19,0,0,0,0,0,0
420780,1,1,1987,31,0,13,0,13,0,0,17,0,0
420781,1,1,1987,0,0,0,0,0,0,0,0,0,0
420781,2,1,1987,0,0,0,0,0,0,0,0,0,0
420782,1,1,1987,0,0,0,0,0,0,0,0,13,0
420782,2,1,1987,7,0,0,0,0,0,0,36,0,11
420783,1,1,1987,21,21,21,21,21,21,21,21,21,21
420783,2,1,1987,9,9,9,9,9,9,9,9,9,9
420784,1,1,1987,19,19,19,19,19,19,19,19,19,19
420784,2,1,1987,5,0,0,0,5,7,0,39,0,18
420785,1,1,1987,23,23,23,23,23,23,23,23,23,23
420786,1,1,1987,26,26,26,26,26,26,26,26,26,26
420786,2,1,1987,0,0,0,0,0,0,0,0,0,0
420787,1,1,1987,0,0,0,0,0,0,0,0,0,0
420787,2,1,1987,0,0,0,0,0,0,0,0,0,0
420787,3,1,1987,0,0,0,0,0,0,0,0,0,0
420788,0,1,1987,0,0,0,0,0,0,0,0,0,0
420788,1,1,1987,0,0,0,0,0,0,0,0,0,0
420789,1,1,1987,0,15,0,19,0,0,0,0,0,15
420789,2,1,1987,17,0,0,0,0,9,0,0,0,18
420790,1,1,1987,0,0,0,0,0,0,0,0,0,0
420791,0,1,1987,0,0,0,0,0,0,0,0,0,0
420791,1,1,1987,0,0,0,0,22,0,0,0,0,0
420792,1,1,1987,25,25,8,11,8,12,19,17,24,19
420793,1,1,1987,0,0,0,0,0,0,0,0,0,0
420794,1,1,1987,20,14,20,18,18,35,0,28,16,23
420795,1,1,1987,0,0,0,0,0,0,0,0,0,0
420795,2,1,1987,0,0,0,0,0,0,0,0,0,0
420796,1,1,1987,12,12,12,12,12,12,12,12,12,12
420797,1,1,1987,31,31,31,31,31,31,31,31,31,31
420798,1,1,1987,19,19,19,19,19,19,19,19,19,19
420799,1,1,1987,23,23,23,23,23,23,23,23,23,23
420800,1,1,1987,0,0,0,0,0,0,0,0,0,0
420800,2,1,1987,0,0,0,0,0,0,0,0,0,0
420801,1,1,1987,0,0,0,0,0,0,0,0,0,0
420802,1,1,1987,4,4,4,4,4,4,4,4,4,4
420803,1,1,1987,0,0,0,0,0,0,0,0,0,0
420804,1,1,1987,25,17,0,11,0,30,8,9,37,30
420805,1,1,1987,21,21,21,21,21,21,21,21,21,21
420806,1,1,1987,0,0,0,0,0,0,0,0,0,0
420806,2,1,1987,0,0,0,0,0,0,0,9,0,0
420807,1,1,1987,24,24,24,24,24,24,24,24,24,24
420807,2,1,1987,13,6,5,8,12,15,0,21,13,11
420808,1,1,1987,11,11,11,11,11,11,11,11,11,11
420808,2,1,1987,0,6,12,9,20,0,12,5,38,0
420809,1,1,1987,0,0,0,17,0,0,12,0,0,30
420809,2,1,1987,0,0,0,0,0,0,0,0,0,0
420810,0,1,1987,0,0,0,0,0,0,0,0,4,0
420810,1,1,1987,0,0,0,0,0,0,0,0,0,0
420811,1,1,1987,15,15,15,15,15,15,15,15,15,15
420812,1,1,1987,9,9,9,9,9,9,9,9,9,9
420813,1,1,1987,0,0,0,0,0,0,0,0,0,0
420814,1,1,1987,21,21,21,21,21,21,21,21,21,21
420816,1,1,1987,0,0,0,0,0,0,0,11,0,0
420817,1,1,1987,1,1,1,1,1,1,1,1,1,1
420818,1,1,1987,0,0,0,0,0,0,0,0,0,0
420819,1,1,1987,0,0,0,0,0,0,0,0,0,0
420819,2,1,1987,0,0,0,0,0,0,0,0,0,0
420820,0,1,1987,0,0,0,0,0,0,0,0,0,0
420820,1,1,1987,0,0,0,0,0,0,0,0,0,0
420821,1,1,1987,17,17,17,17,17,17,17,17,17,17
420821,2,1,1987,0,0,0,0,0,14,0,0,0,0
420822,0,1,1987,29,29,29,29,29,29,29,29,29,29
420822,1,1,1987,0,0,0,0,0,0,0,0,0,0
420823,1,1,1987,8,8,8,8,8,8,8,8,8,8
420824,1,1,1987,0,0,0,0,0,0,0,0,0,0
420824,2,1,1987,0,0,0,0,0,0,0,0,0,0
420824,3,1,1987,0,0,0,0,0,0,0,0,0,0
420825,1,1,1987,36,36,36,36,36,36,36,36,36,36
420827,1,1,1987,27,27,27,27,27,27,27,27,27,27
420828,1,1,1987,17,17,17,17,17,17,17,17,17,17
420828,2,1,1987,0,0,0,0,0,0,0,0,0,0
420829,1,1,1987,20,20,20,20,20,20,20,20,20,20
420830,1,1,1987,0,0,0,0,0,0,0,0,0,0
420830,2,1,1987,0,0,0,0,0,0,0,0,0,0
420831,1,1,1987,0,0,0,0,6,0,0,0,17,0
420831,2,1,1987,0,15,0,16,9,0,0,0,0,0
420832,1,1,1987,0,0,0,0,0,0,0,0,0,0
420832,2,1,1987,0,0,0,0,0,0,0,0,0,0
420832,3,1,1987,0,0,0,0,0,0,0,2,0,0
420832,4,1,1987,0,0,0,0,0,0,0,0,0,0
420832,5,1,1987,0,0,0,0,0,0,0,0,0,0
420833,1,1,1987,0,0,0,0,0,0,0,0,0,0
420834,1,1,1987,17,17,17,17,17,17,17,17,17,17
420834,2,1,1987,0,0,0,0,0,0,0,0,0,0
420835,1,1,1987,26,26,26,26,26,26,26,26,26,26
420836,1,1,1987,0,0,0,0,0,0,0,0,0,0
420836,2,1,1987,23,3,17,19,2,12,8,25,12,13
420837,1,1,1987,0,0,0,0,0,0,0,0,0,0
420837,2,1,1987,0,0,0,0,0,0,0,0,0,0
420838,1,1,1987,20,20,20,20,20,20,20,20,20,20
420838,2,1,1987,0,0,0,0,0,0,0,0,0,0
420839,1,1,1987,0,0,0,0,0,0,0,0,0,0
420840,1,1,1987,4,4,4,4,4,4,4,4,4,4
420841,0,1,1987,0,0,0,0,0,0,0,0,0,0
420841,1,1,1987,0,0,0,0,0,0,0,0,0,0
420842,1,1,1987,0,0,0,0,0,0,0,0,0,0
420843,0,1,1987,30,0,0,0,7,0,0,16,0,0
420843,1,1,1987,3,0,0,0,0,0,0,8,0,0
420844,0,1,1987,0,0,0,0,0,0,0,0,0,0
420844,1,1,1987,0,0,0,0,0,0,0,0,0,0
420845,1,1,1987,27,27,27,27,27,27,27,27,27,27
420846,0,1,1987,0,0,0,0,0,0,0,0,0,0
420846,1,1,1987,0,0,0,0,0,0,0,0,0,0
420847,0,1,1987,0,0,0,0,0,0,0,0,0,0
420847,1,1,1987,0,0,0,0,0,0,0,0,0,0
420848,1,1,1987,0,0,0,0,0,0,0,0,0,0
420849,0,1,1987,17,17,17,17,17,17,17,17,17,17
420849,1,1,1987,15,19,6,11,11,13,4,12,10,9
420850,1,1,1987,0,0,0,0,0,0,0,0,0,0
420850,2,1,1987,0,0,12,0,0,0,0,14,0,14
420851,1,1,1987,10,0,0,0,0,0,0,0,23,0
420852,1,1,1987,19,19,19,19,19,19,19,19,19,19
420852,2,1,1987,18,18,18,18,18,18,18,18,18,18
420852,3,1,1987,0,0,0,0,0,0,0,0,19,0
420853,1,1,1987,0,0,0,0,0,0,0,0,0,0
420853,2,1,1987,0,0,0,0,0,0,0,0,0,0
420853,3,1,1987,0,0,0,0,0,0,0,0,0,0
420853,4,1,1987,0,0,0,0,0,0,0,0,0,0
420853,5,1,1987,0,0,0,0,0,0,0,0,0,0
420854,0,1,1987,16,16,16,16,16,16,16,16,16,16
420854,1,1,1987,20,20,23,25,0,28,20,8,0,21
420855,1,1,1987,17,17,17,17,17,17,17,17,17,17
420855,2,1,1987,0,21,0,0,0,0,0,0,0,0
420855,3,1,1987,0,26,12,9,8,29,9,6,9,7
420856,1,1,1987,13,13,13,13,13,13,13,13,13,13
420856,2,1,1987,0,0,0,0,0,0,0,0,0,0
420857,0,1,1987,0,0,0,0,0,0,0,0,0,0
420857,1,1,1987,0,0,0,0,0,0,0,0,0,0
420858,1,1,1987,13,13,13,13,13,13,13,13,13,13
420858,2,1,1987,14,14,14,14,14,14,14,14,14,14
420859,1,1,1987,22,22,22,22,22,22,22,22,22,22
420860,1,1,1987,0,0,0,0,0,0,0,0,0,0
420861,1,1,1987,0,0,0,0,0,0,0,0,0,0
420862,1,1,1987,0,0,0,0,0,0,0,0,0,0
420862,2,1,1987,0,0,0,0,0,0,0,0,0,0
420863,1,1,1987,0,0,0,0,0,0,0,0,0,0
420863,2,1,1987,0,0,0,0,0,0,0,0,0,0
420864,1,1,1987,0,0,0,0,0,0,0,0,0,0
420864,2,1,1987,0,0,0,0,0,0,0,0,0,0
420865,1,1,1987,0,0,0,0,0,0,0,0,0,0
420865,2,1,1987,0,12,0,0,0,0,0,0,0,0
420866,1,1,1987,0,0,0,0,0,0,0,0,0,0
420867,1,1,1987,4,4,4,4,4,4,4,4,4,4
420867,2,1,1987,0,0,0,0,14,1,0,0,6,0
420868,1,1,1987,14,14,14,14,14,14,14,14,14,14
420869,0,1,1987,0,0,0,0,0,0,0,0,0,0
420869,1,1,1987,0,0,0,0,0,0,0,0,0,0
420870,1,1,1987,12,12,12,12,12,12,12,12,12,12
420870,2,1,1987,20,20,20,20,20,20,20,20,20,20
420871,1,1,1987,27,27,27,27,27,27,27,27,27,27
420871,2,1,1987,0,0,0,0,0,0,0,0,0,0
420872,1,1,1987,13,13,13,13,13,13,13,13,13,13
420872,2,1,1987,4,10,13,11,14,0,29,15,12,16
420873,1,1,1987,16,16,16,16,16,16,16,16,16,16
420874,1,1,1987,23,23,23,23,23,23,23,23,23,23
420874,2,1,1987,0,0,0,0,0,0,0,0,0,0
420875,1,1,1987,0,0,0,0,0,0,0,0,0,0
420875,2,1,1987,0,0,0,0,0,0,0,0,0,0
420876,1,1,1987,24,24,24,24,24,24,24,24,24,24
420877,1,1,1987,0,0,0,0,0,0,0,0,0,0
420877,2,1,1987,0,0,0,0,0,0,0,0,0,0
420878,1,1,1987,0,0,0,0,0,0,0,0,0,0
420878,2,1,1987,0,0,0,0,0,0,0,0,0,0
420879,1,1,1987,21,21,21,21,21,21,21,21,21,21
420880,1,1,1987,30,30,30,30,30,30,30,30,30,30
420881,1,1,1987,0,0,0,0,0,0,0,0,0,0
420882,1,1,1987,0,0,0,0,0,0,0,0,0,0
420882,2,1,1987,0,0,0,0,0,0,0,0,0,0
420883,1,1,1987,0,0,0,0,0,0,0,0,0,0
420883,2,1,1987,0,0,0,0,0,0,0,0,0,0
420884,1,1,1987,0,0,0,0,0,0,0,0,0,0
420885,1,1,1987,18,18,18,18,18,18,18,18,18,18
420886,1,1,1987,26,26,26,26,26,26,26,26,26,26
420887,1,1,1987,29,29,29,29,29,29,29,29,29,29
420888,1,1,1987,34,34,34,34,34,34,34,34,34,34
420889,1,1,1987,0,0,0,0,0,0,0,0,0,0
420890,1,1,1987,21,21,21,21,21,21,21,21,21,21
420891,1,1,1987,12,12,12,12,12,12,12,12,12,12
420891,2,1,1987,7,7,7,7,7,7,7,7,7,7
420892,1,1,1987,11,11,11,11,11,11,11,11,11,11
420893,1,1,1987,0,29,7,0,20,20,9,0,28,19
420894,1,1,1987,13,13,13,13,13,13,13,13,13,13
420895,1,1,1987,0,0,0,0,0,0,0,0,0,29
420895,2,1,1987,0,0,0,0,0,0,0,0,0,0
420895,3,1,1987,0,0,0,0,0,0,0,0,0,0
420896,1,1,1987,0,0,0,0,0,0,0,0,0,0
420896,2,1,1987,0,0,0,0,0,0,0,0,0,0
420897,1,1,1987,0,0,0,0,0,0,0,0,0,0
420897,2,1,1987,0,0,0,0,0,0,0,0,0,0
420898,1,1,1987,14,14,14,14,14,14,14,14,14,14
420899,0,1,1987,20,20,20,20,20,20,20,20,20,20
420899,1,1,1987,0,0,0,0,0,6,0,0,0,0
420900,1,1,1987,0,0,0,0,0,0,0,0,0,0
420900,2,1,1987,0,0,0,0,0,0,0,0,0,0
420901,1,1,1987,22,22,22,22,22,22,22,22,22,22
420902,1,1,1987,25,25,25,25,25,25,25,25,25,25
420903,1,1,1987,23,23,23,23,23,23,23,23,23,23
420904,1,1,1987,8,8,8,8,8,8,8,8,8,8
420905,1,1,1987,34,34,34,34,34,34,34,34,34,34
420906,1,1,1987,22,22,22,22,22,22,22,22,22,22
420907,0,1,1987,0,0,0,0,0,0,0,0,0,0
420907,1,1,1987,0,0,0,0,0,0,0,0,0,0
420908,1,1,1987,0,0,0,0,0,0,0,0,0,0
420908,2,1,1987,0,0,0,0,0,0,0,0,0,0
420909,1,1,1987,18,18,18,18,18,18,18,18,18,18
420910,1,1,1987,0,0,0,0,0,0,0,0,0,0
420910,2,1,1987,0,0,0,0,0,0,0,0,0,0
420911,1,1,1987,14,14,14,14,14,14,14,14,14,14
420912,1,1,1987,0,0,0,0,0,0,0,0,0,0
420913,1,1,1987,0,0,0,0,0,0,0,0,0,0
420914,1,1,1987,2,2,2,2,2,2,2,2,2,2
420915,1,1,1987,19,19,19,19,19,19,19,19,19,19
420916,1,1,1987,14,14,14,14,14,14,14,14,14,14
420916,2,1,1987,17,11,7,7,6,0,3,3,15,0
420916,3,1,1987,0,0,0,0,0,0,0,0,10,0
420917,1,1,1987,8,8,8,8,8,8,8,8,8,8
420917,2,1,1987,0,0,0,0,0,0,0,0,0,0
420918,1,1,1987,15,14,25,12,21,15,9,35,7,8
420919,1,1,1987,28,28,28,28,28,28,28,28,28,28
420920,0,1,1987,0,0,0,0,0,0,0,0,0,0
420920,1,1,1987,0,0,0,0,0,0,0,0,0,0
420921,1,1,1987,0,0,0,0,0,0,0,0,0,0
420922,1,1,1987,0,0,0,0,0,0,0,0,0,0
420922,2,1,1987,0,0,0,0,0,0,0,0,0,0
420923,1,1,1987,24,24,24,24,24,24,24,24,24,24
420924,1,1,1987,30,30,30,30,30,30,30,30,30,30
420925,1,1,1987,0,0,0,27,17,27,0,0,15,0
420925,2,1,1987,0,0,0,0,0,15,0,6,0,0
420926,1,1,1987,10,10,10,10,10,10,10,10,10,10
420927,1,1,1987,0,0,0,0,0,0,0,0,5,0
420927,2,1,1987,0,0,0,0,0,0,0,0,0,0
420928,0,1,1987,0,0,0,0,0,0,0,0,0,0
420928,1,1,1987,0,0,0,0,0,0,0,0,0,0
420928,2,1,1987,0,0,0,0,0,0,0,0,0,0
420929,0,1,1987,0,0,0,0,0,0,0,0,0,0
420929,0,2,1987,0,7,0,0,0,0,0,0,0,0
420929,1,1,1987,8,8,8,8,8,8,8,8,8,8
420929,2,1,1987,0,0,0,0,2,0,0,0,0,0
420930,1,1,1987,9,0,17,0,0,0,0,0,21,0
420931,1,1,1987,17,17,17,17,17,17,17,17,17,17
420932,1,1,1987,0,0,0,0,0,0,0,0,0,0
420933,1,1,1987,0,0,0,0,0,0,0,0,0,0
420933,2,1,1987,0,0,0,0,0,0,16,0,0,0
420933,3,1,1987,0,0,0,0,0,0,0,0,0,0
420934,1,1,1987,10,10,10,10,10,10,10,10,10,10
420935,1,1,1987,17,17,17,17,17,17,17,17,17,17
420936,1,1,1987,10,12,7,7,12,15,17,7,18,27
420937,0,1,1987,5,0,0,0,0,0,0,0,14,0
420937,1,1,1987,0,0,0,0,7,0,0,0,0,0
420937,2,1,1987,0,0,6,0,0,0,0,0,0,0
420938,1,1,1987,17,0,17,17,24,26,0,25,25,0
420939,1,1,1987,21,21,21,21,21,21,21,21,21,21
420940,1,1,1987,0,0,0,0,0,0,10,0,0,0
420940,2,1,1987,0,0,0,0,0,0,0,0,0,0
420941,0,1,1987,0,0,0,0,0,0,0,0,0,0
420941,1,1,1987,0,0,0,0,0,0,0,0,0,0
420942,1,1,1987,0,0,0,0,0,0,0,0,0,0
420942,2,1,1987,0,0,0,0,0,0,0,0,0,0
420943,1,1,1987,0,0,0,0,0,0,0,0,0,0
420943,2,1,1987,0,0,0,0,0,0,0,0,0,0
420944,1,1,1987,0,0,0,0,0,0,0,0,0,0
420944,2,1,1987,0,0,0,0,0,0,0,0,0,0
420945,1,1,1987,0,0,0,0,0,0,0,0,0,0
420945,2,1,1987,0,0,0,0,0,0,7,0,0,0
420946,1,1,1987,21,21,21,21,21,21,21,21,21,21
420946,2,1,1987,0,0,0,0,0,0,0,0,0,0
420947,1,1,1987,26,26,26,26,26,26,26,26,26,26
420948,1,1,1987,0,0,0,0,0,0,0,0,0,0
420948,2,1,1987,35,35,35,35,35,35,35,35,35,35
420949,1,1,1987,14,14,14,14,14,14,14,14,14,14
420949,2,1,1987,0,0,0,0,0,0,0,0,0,0
420950,1,1,1987,10,10,10,10,10,10,10,10,10,10
420950,2,1,1987,7,7,7,7,7,7,7,7,7,7
420951,1,1,1987,0,0,0,0,0,0,0,0,0,0
420951,2,1,1987,0,0,0,0,0,0,0,0,0,15
420951,3,1,1987,0,0,0,0,0,0,0,14,0,0
420952,1,1,1987,0,0,0,0,0,0,0,0,0,0
420953,1,1,1987,0,0,0,0,0,0,0,0,0,0
420954,0,1,1987,0,0,0,0,0,0,4,0,0,0
420954,1,1,1987,46,46,46,46,46,46,46,46,46,46
420955,1,1,1987,0,0,0,0,0,0,0,0,0,0
420955,2,1,1987,0,0,0,0,0,0,0,0,0,0
420956,1,1,1987,0,0,0,0,0,0,0,0,0,0
420956,2,1,1987,0,0,12,0,0,0,0,0,0,0
420957,1,1,1987,0,0,0,0,0,0,0,0,0,0
420957,2,1,1987,0,0,0,0,0,0,0,0,0,0
420958,1,1,1987,40,40,40,40,40,40,40,40,40,40
420959,1,1,1987,31,31,31,31,31,31,31,31,31,31
420959,2,1,1987,9,0,0,0,0,0,0,0,0,4
420960,1,1,1987,21,21,21,21,21,21,21,21,21,21
420961,1,1,1987,0,0,0,0,0,0,0,0,0,0
420961,2,1,1987,0,0,0,0,0,0,0,0,0,11
420962,1,1,1987,11,11,11,11,11,11,11,11,11,11
420963,0,1,1987,0,0,0,0,0,0,0,0,0,0
420963,1,1,1987,13,13,13,13,13,13,13,13,13,13
420964,1,1,1987,0,0,0,0,0,0,0,18,0,0
420964,2,1,1987,0,0,33,13,0,33,23,0,0,0
420965,1,1,1987,17,0,0,0,0,0,0,0,0,0
420965,2,1,1987,0,0,0,0,0,0,0,0,0,0
420966,1,1,1987,0,0,0,0,0,0,0,0,0,0
420966,2,1,1987,0,0,0,0,0,0,0,0,0,0
420967,1,1,1987,0,0,0,0,0,0,0,0,0,0
420967,2,1,1987,0,0,0,0,0,0,0,0,0,0
420968,1,1,1987,11,11,11,11,11,11,11,11,11,11
420969,1,1,1987,0,0,0,0,0,0,0,0,0,0
420969,2,1,1987,0,0,0,0,0,0,0,0,0,0
420970,1,1,1987,40,40,40,40,40,40,40,40,40,40
420970,2,1,1987,0,0,0,0,0,0,0,0,0,0
420972,1,1,1987,0,0,0,0,0,0,0,0,0,0
420972,2,1,1987,0,0,0,0,0,0,0,0,0,0
420972,3,1,1987,0,0,0,0,0,0,0,0,0,0
420973,1,1,1987,1,1,1,1,1,1,1,1,1,1
420973,2,1,1987,8,10,21,18,0,4,8,5,9,0
420974,1,1,1987,22,22,22,22,22,22,22,22,22,22
420975,0,1,1987,19,19,19,19,19,19,19,19,19,19
420975,1,1,1987,0,0,0,0,0,7,0,0,0,0
420976,1,1,1987,0,0,0,0,0,0,0,0,0,0
420976,2,1,1987,0,0,0,0,0,0,0,0,0,0
420976,3,1,1987,0,0,0,0,0,0,0,0,0,0
420977,1,1,1987,0,0,0,0,0,0,0,0,0,0
420978,0,1,1987,0,0,0,0,0,0,0,0,0,0
420978,0,2,1987,0,0,0,0,0,0,0,0,0,0
420978,1,1,1987,0,0,0,0,0,0,0,0,9,0
420979,1,1,1987,11,11,11,11,11,11,11,11,11,11
420980,0,1,1987,0,0,0,0,0,0,0,0,0,0
420980,1,1,1987,0,0,0,0,0,0,0,0,0,0
420981,1,1,1987,29,29,29,29,29,29,29,29,29,29
420981,2,1,1987,0,13,0,0,0,0,0,0,0,0
420982,1,1,1987,21,21,21,21,21,21,21,21,21,21
420983,1,1,1987,15,15,15,15,15,15,15,15,15,15
420984,0,1,1987,11,11,11,11,11,11,11,11,11,11
420984,1,1,1987,0,0,0,4,0,0,7,0,14,13
420985,1,1,1987,46,46,46,46,46,46,46,46,46,46
420986,1,1,1987,0,0,0,0,0,0,0,0,0,0
420986,2,1,1987,1,1,1,1,1,1,1,1,1,1
420987,0,1,1987,0,0,0,0,0,0,0,0,0,0
420987,1,1,1987,0,0,0,0,0,0,0,0,0,0
420988,1,1,1987,22,25,18,9,20,23,16,21,25,15
420989,1,1,1987,0,0,0,0,0,0,0,0,0,0
420989,2,1,1987,0,0,0,0,0,0,0,0,0,0
420990,1,1,1987,0,0,0,0,0,0,0,0,0,0
420991,1,1,1987,1,1,1,1,1,1,1,1,1,1
420991,2,1,1987,0,0,0,0,0,0,0,0,0,0
420992,1,1,1987,11,11,11,11,11,11,11,11,11,11
420993,1,1,1987,16,11,9,46,11,56,14,0,9,16
420994,0,1,1987,0,0,0,0,0,0,0,0,0,0
420994,1,1,1987,0,17,0,0,0,0,8,0,0,0
420995,1,1,1987,24,24,24,24,24,24,24,24,24,24
420995,2,1,1987,0,0,0,0,0,0,0,0,0,0
420996,1,1,1987,15,15,15,15,15,15,15,15,15,15
420997,1,1,1987,0,0,0,0,0,0,0,0,0,0
420997,2,1,1987,0,0,0,0,0,0,0,0,0,0
420999,1,1,1987,21,21,21,21,21,21,21,21,21,21
420999,2,1,1987,14,14,14,14,14,14,14,14,14,14
421000,1,1,1987,24,24,24,24,24,24,24,24,24,24
421000,2,1,1987,0,0,0,0,0,0,25,0,0,0
421000,3,1,1987,0,0,0,0,0,0,0,0,0,0
421001,1,1,1987,24,24,24,24,24,24,24,24,24,24
421001,2,1,1987,0,0,0,0,0,0,0,0,0,0
421002,1,1,1987,0,0,0,0,0,0,0,0,0,0
421002,2,1,1987,0,0,0,0,0,0,0,0,0,0
421003,1,1,1987,23,23,23,23,23,23,23,23,23,23
421004,1,1,1987,0,0,0,0,0,0,0,0,0,0
421005,1,1,1987,0,0,0,0,0,0,0,0,0,0
421005,2,1,1987,3,3,3,3,3,3,3,3,3,3
421006,1,1,1987,27,27,27,27,27,27,27,27,27,27
421006,2,1,1987,0,0,0,0,0,0,0,0,0,0
421007,1,1,1987,8,8,8,8,8,8,8,8,8,8
421008,0,1,1987,13,7,0,0,0,8,0,6,0,0
421008,0,2,1987,0,0,0,0,0,0,0,0,0,0
421008,0,3,1987,0,0,0,0,0,0,0,0,0,0
421008,1,1,1987,0,0,0,0,0,0,0,0,0,0
421008,2,1,1987,0,0,0,0,0,0,0,0,0,0
421009,1,1,1987,24,24,24,24,24,24,24,24,24,24
421010,1,1,1987,11,11,11,11,11,11,11,11,11,11
421011,1,1,1987,22,22,22,22,22,22,22,22,22,22
421012,1,1,1987,11,11,11,11,11,11,11,11,11,11
421012,2,1,1987,0,0,5,0,0,12,0,0,0,0
421013,1,1,1987,7,7,7,7,7,7,7,7,7,7
421014,1,1,1987,0,0,0,0,0,0,0,0,0,0
421014,2,1,1987,0,0,0,0,0,0,0,0,0,0
421014,3,1,1987,0,0,0,0,0,0,0,0,0,0
421015,0,1,1987,9,22,19,13,13,23,16,17,15,23
421015,1,1,1987,0,0,0,0,21,0,0,20,0,22
421016,0,1,1987,0,0,0,0,0,0,0,0,0,0
421016,1,1,1987,0,0,0,0,0,6,0,0,0,0
421017,1,1,1987,0,0,0,0,0,0,0,0,0,0
421017,2,1,1987,0,0,0,0,0,0,0,0,0,0
421018,1,1,1987,0,7,16,18,17,28,0,8,15,13
421018,2,1,1987,0,0,0,0,0,0,0,0,0,0
421018,3,1,1987,0,0,0,0,0,0,0,0,0,0
421018,4,1,1987,0,0,0,0,0,0,0,0,0,0
421019,1,1,1987,0,0,0,0,0,0,0,0,0,0