ST_CASE,VEH_NO,PER_NO,YEAR,P1,P2,P3,P4,P5,P6,P7,P8,P9,P10
421020,1,1,1987,0,0,0,0,0,0,0,0,0,0
421020,2,1,1987,0,0,0,0,0,0,0,0,0,0
421021,1,1,1987,0,0,0,0,0,0,0,0,0,0
421021,2,1,1987,0,0,0,0,0,0,0,0,0,0
421022,1,1,1987,0,0,0,0,0,0,0,0,0,0
421022,2,1,1987,0,0,0,0,0,0,0,0,0,0
421023,1,1,1987,19,19,19,19,19,19,19,19,19,19
421024,1,1,1987,0,0,0,0,0,0,0,0,0,0
421025,1,1,1987,33,33,33,33,33,33,33,33,33,33
421025,2,1,1987,5,0,0,0,0,0,0,0,22,0
421025,3,1,1987,0,19,0,0,0,0,0,0,0,0
421026,1,1,1987,25,25,25,25,25,25,25,25,25,25
421027,1,1,1987,0,0,0,0,0,0,0,0,0,0
421027,2,1,1987,0,0,0,0,0,0,0,0,0,0
421028,1,1,1987,0,0,0,0,0,0,0,0,13,0
421029,1,1,1987,8,8,8,8,8,8,8,8,8,8
421030,1,1,1987,0,0,0,0,0,0,0,0,0,0
421030,2,1,1987,0,0,0,0,0,0,0,0,0,0
421031,1,1,1987,33,33,33,33,33,33,33,33,33,33
421031,2,1,1987,11,0,23,0,0,0,0,0,0,0
421032,1,1,1987,19,0,0,0,0,0,0,0,0,0
421032,2,1,1987,28,28,28,28,28,28,28,28,28,28
421033,1,1,1987,5,5,5,5,5,5,5,5,5,5
421033,2,1,1987,26,26,26,26,26,26,26,26,26,26
421034,1,1,1987,16,16,16,16,16,16,16,16,16,16
421035,1,1,1987,0,0,0,0,0,0,0,0,0,0
421035,2,1,1987,0,0,0,0,0,0,0,0,0,0
421035,3,1,1987,0,0,0,0,0,0,0,0,0,0
421036,1,1,1987,20,20,20,20,20,20,20,20,20,20
421037,1,1,1987,18,18,18,18,18,18,18,18,18,18
421038,1,1,1987,22,22,22,22,22,22,22,22,22,22
421039,1,1,1987,0,5,0,0,0,0,0,0,0,16
421039,2,1,1987,0,0,0,0,0,0,0,0,0,0
421040,1,1,1987,22,22,22,22,22,22,22,22,22,22
421041,1,1,1987,46,46,46,46,46,46,46,46,46,46
421042,1,1,1987,0,0,0,0,0,0,0,0,0,0
421043,1,1,1987,16,16,16,16,16,16,16,16,16,16
421044,1,1,1987,23,23,23,23,23,23,23,23,23,23
421044,2,1,1987,0,0,0,0,0,0,0,0,0,0
421045,1,1,1987,11,11,11,11,11,11,11,11,11,11
421046,0,1,1987,24,24,24,24,24,24,24,24,24,24
421046,1,1,1987,0,0,5,10,0,0,0,0,0,0
421046,2,1,1987,0,0,19,0,0,0,0,0,0,0
421046,3,1,1987,8,0,0,0,0,0,0,0,0,0
421046,4,1,1987,0,0,0,0,18,0,15,0,13,0
421046,5,1,1987,0,0,14,15,0,0,27,4,20,0
421047,0,1,1987,0,0,0,0,0,0,0,0,0,0
421047,0,2,1987,10,0,0,0,0,0,0,0,0,0
421047,0,3,1987,5,0,0,0,0,0,0,0,7,0
421047,1,1,1987,0,0,0,0,0,0,0,0,0,0
421048,1,1,1987,16,16,16,16,16,16,16,16,16,16
421048,2,1,1987,0,0,0,0,0,0,0,0,0,0
421049,1,1,1987,14,14,14,14,14,14,14,14,14,14
421049,2,1,1987,0,0,0,0,0,0,0,0,0,0
421049,3,1,1987,0,0,0,0,0,0,0,0,0,0
421050,1,1,1987,0,0,0,0,0,0,0,0,0,0
421050,2,1,1987,0,0,0,0,25,0,17,0,0,18
421051,1,1,1987,0,0,0,0,0,0,0,0,0,0
421052,1,1,1987,0,0,0,0,0,0,0,0,0,0
421053,1,1,1987,0,0,12,0,15,0,26,0,22,0
421053,2,1,1987,12,0,20,0,0,18,15,8,25,16
421054,1,1,1987,0,0,0,0,0,0,0,0,0,0
421054,2,1,1987,6,6,6,6,6,6,6,6,6,6
421055,1,1,1987,30,30,30,30,30,30,30,30,30,30
421055,2,1,1987,0,0,0,0,0,21,0,0,19,0
421056,1,1,1987,0,0,0,0,0,0,34,0,0,0
421056,2,1,1987,21,21,21,21,21,21,21,21,21,21
421057,1,1,1987,21,21,21,21,21,21,21,21,21,21
421057,2,1,1987,0,0,0,0,0,0,0,0,0,0
421058,1,1,1987,0,0,0,0,0,0,0,16,0,0
421058,2,1,1987,0,0,0,0,0,0,0,0,0,0
421059,1,1,1987,0,0,0,0,0,0,0,0,0,0
421059,2,1,1987,0,0,18,0,0,0,0,0,0,0
421061,1,1,1987,11,19,21,33,18,18,14,0,12,11
421061,2,1,1987,0,16,17,29,14,16,13,20,15,0
421062,1,1,1987,7,7,7,7,7,7,7,7,7,7
421062,2,1,1987,0,0,0,0,0,0,0,0,0,0
421063,1,1,1987,0,0,0,0,0,0,0,0,0,0
421063,2,1,1987,0,0,0,0,0,0,0,0,0,0
421064,1,1,1987,16,16,16,16,16,16,16,16,16,16
421065,1,1,1987,6,21,12,12,19,4,29,15,24,29
421066,1,1,1987,0,0,0,0,0,0,0,0,0,0
421067,1,1,1987,0,0,0,0,0,0,0,0,0,0
421068,1,1,1987,2,2,2,2,2,2,2,2,2,2
421068,2,1,1987,0,0,0,0,0,0,0,10,0,0
421068,3,1,1987,9,9,0,16,10,0,0,13,0,17
421069,1,1,1987,22,22,22,22,22,22,22,22,22,22
421070,1,1,1987,12,12,12,12,12,12,12,12,12,12
421070,2,1,1987,0,0,0,0,0,0,0,0,0,0
421071,1,1,1987,20,0,0,0,0,0,0,0,0,0
421071,2,1,1987,0,0,0,0,0,0,0,0,0,0
421072,1,1,1987,23,23,23,23,23,23,23,23,23,23
421073,1,1,1987,13,13,13,13,13,13,13,13,13,13
421074,1,1,1987,0,0,0,0,0,0,0,0,0,0
421074,2,1,1987,0,0,0,0,0,0,0,0,0,0
421075,1,1,1987,0,0,0,0,0,0,0,0,0,0
421075,2,1,1987,30,30,30,30,30,30,30,30,30,30
421076,1,1,1987,0,0,0,0,0,0,0,0,0,0
421077,1,1,1987,9,27,7,22,16,14,4,9,11,15
421078,1,1,1987,0,0,0,0,0,0,0,0,0,0
421078,2,1,1987,21,21,21,21,21,21,21,21,21,21
421079,1,1,1987,0,0,0,0,0,0,0,0,0,0
421080,0,1,1987,0,22,0,17,22,9,0,0,0,12
421080,0,2,1987,23,0,0,18,0,0,0,4,0,0
421080,1,1,1987,0,27,0,0,0,0,13,19,0,0
421081,0,1,1987,0,0,0,0,0,0,15,0,0,19
421081,1,1,1987,0,16,0,29,0,0,0,0,11,0
421082,1,1,1987,0,0,0,0,0,0,0,0,0,0
421082,2,1,1987,10,0,0,0,0,0,25,0,0,0
421083,0,1,1987,0,0,0,0,0,0,0,0,0,0
421083,1,1,1987,0,0,14,0,0,0,0,5,0,0
421084,1,1,1987,0,0,0,0,0,0,0,0,0,0
421084,2,1,1987,0,0,0,0,0,0,0,0,0,0
421085,1,1,1987,0,0,0,0,0,0,0,0,0,0
421085,2,1,1987,7,7,7,7,7,7,7,7,7,7
421086,1,1,1987,0,0,0,0,0,0,0,0,0,0
421086,2,1,1987,0,0,10,0,0,0,0,13,0,16
421086,3,1,1987,0,0,0,0,0,0,0,0,0,0
421087,1,1,1987,0,0,0,0,0,0,0,0,0,0
421088,1,1,1987,0,0,0,0,0,0,0,3,0,0
421088,2,1,1987,0,0,9,0,0,0,0,0,0,0
421088,3,1,1987,0,0,0,0,0,0,0,0,0,0
421088,4,1,1987,0,0,0,0,0,0,0,0,0,0
421088,5,1,1987,0,0,0,0,0,0,0,0,0,0
421088,6,1,1987,0,0,0,0,0,0,0,0,0,0
421088,7,1,1987,0,0,0,0,0,0,0,0,0,0
421088,8,1,1987,0,0,0,0,0,0,0,0,0,0
421088,9,1,1987,0,31,0,0,0,0,0,0,0,0
421088,10,1,1987,0,0,0,0,0,0,0,0,0,0
421088,11,1,1987,0,0,0,0,0,0,0,0,0,0
421088,12,1,1987,0,0,0,0,0,0,0,0,0,0
421089,1,1,1987,0,0,0,0,0,0,0,0,0,0
421090,0,1,1987,23,23,23,23,23,23,23,23,23,23
421090,1,1,1987,12,0,24,0,4,10,33,16,12,21
421091,1,1,1987,0,0,0,0,0,0,0,0,0,0
421091,2,1,1987,0,0,0,0,0,0,0,0,0,0
421092,1,1,1987,0,0,0,0,0,0,0,6,0,0
421092,2,1,1987,0,0,0,3,0,0,0,0,0,0
421093,1,1,1987,19,19,19,19,19,19,19,19,19,19
421094,1,1,1987,0,0,0,0,0,0,0,0,0,0
421095,1,1,1987,9,7,0,32,4,0,4,21,22,24
421096,1,1,1987,0,0,0,0,0,0,0,0,0,0
421096,2,1,1987,0,0,0,0,0,0,0,0,0,0
421097,1,1,1987,0,0,0,0,0,0,0,0,0,0
421097,2,1,1987,0,0,0,0,0,0,0,0,15,0
421098,1,1,1987,0,0,0,0,0,0,0,0,0,0
421099,1,1,1987,0,19,0,0,0,0,0,8,0,24
421100,1,1,1987,18,18,18,18,18,18,18,18,18,18
421101,1,1,1987,16,16,16,16,16,16,16,16,16,16
421102,1,1,1987,0,0,0,0,0,0,0,0,0,0
421102,2,1,1987,0,0,0,0,0,0,0,0,0,0
421103,1,1,1987,0,0,0,0,0,0,0,0,0,0
421104,1,1,1987,13,13,13,13,13,13,13,13,13,13
421105,1,1,1987,12,12,12,12,12,12,12,12,12,12
421106,1,1,1987,0,0,0,0,0,0,0,0,0,0
421106,2,1,1987,0,0,0,0,0,0,0,0,0,0
421107,1,1,1987,19,19,19,19,19,19,19,19,19,19
421107,2,1,1987,1,1,1,1,1,1,1,1,1,1
421108,0,1,1987,0,0,27,0,6,11,0,0,0,0
421108,1,1,1987,0,0,0,0,0,0,0,0,0,0
421109,1,1,1987,13,13,13,13,13,13,13,13,13,13
421111,1,1,1987,25,25,25,25,25,25,25,25,25,25
421112,1,1,1987,5,5,5,5,5,5,5,5,5,5
421113,1,1,1987,21,21,21,21,21,21,21,21,21,21
421114,1,1,1987,0,0,0,0,0,0,0,0,0,0
421114,2,1,1987,0,0,0,0,0,0,0,0,0,0
421115,1,1,1987,0,0,0,0,0,0,0,0,0,0
421115,2,1,1987,0,0,0,0,0,0,0,0,0,0
421115,3,1,1987,0,0,0,0,0,0,21,25,7,0
421116,1,1,1987,0,0,0,0,0,0,12,0,0,0
421116,2,1,1987,0,0,0,0,0,0,0,0,0,0
421117,1,1,1987,0,0,0,0,0,0,0,0,0,0
421118,1,1,1987,0,0,0,0,0,0,0,0,0,0
421119,1,1,1987,0,0,0,7,0,0,0,0,0,0
421119,2,1,1987,13,0,7,0,0,0,0,0,0,0
421120,0,1,1987,0,0,0,0,0,0,0,0,0,0
421120,1,1,1987,0,0,0,0,0,0,0,0,0,0
421121,0,1,1987,14,0,0,0,19,0,0,0,17,0
421121,1,1,1987,2,0,0,0,0,0,0,0,0,0
421121,2,1,1987,0,0,0,9,0,0,0,0,0,0
421122,1,1,1987,19,19,19,19,19,19,19,19,19,19
421123,1,1,1987,12,12,12,12,12,12,12,12,12,12
421124,1,1,1987,28,28,28,28,28,28,28,28,28,28
421125,1,1,1987,4,4,4,4,4,4,4,4,4,4
421126,1,1,1987,0,0,0,0,0,0,0,0,0,0
421126,2,1,1987,0,0,0,0,0,0,0,0,0,0
421127,1,1,1987,0,0,0,0,0,0,0,0,0,0
421127,2,1,1987,0,0,0,0,0,0,0,10,0,0
421128,1,1,1987,39,39,39,39,39,39,39,39,39,39
421129,1,1,1987,15,15,15,15,15,15,15,15,15,15
421130,1,1,1987,21,21,21,21,21,21,21,21,21,21
421130,2,1,1987,0,0,0,0,0,0,0,0,0,0
421131,1,1,1987,8,15,5,9,10,33,2,21,8,14
421132,1,1,1987,10,10,10,10,10,10,10,10,10,10
421133,1,1,1987,0,0,0,0,0,0,0,0,0,0
421133,2,1,1987,0,0,0,0,0,0,0,0,0,0
421134,1,1,1987,21,21,21,21,21,21,21,21,21,21
421135,0,1,1987,7,7,7,7,7,7,7,7,7,7
421135,1,1,1987,0,0,0,0,0,0,0,0,0,29
421136,1,1,1987,16,9,0,15,15,24,5,5,14,15
421136,2,1,1987,0,19,5,0,0,0,14,0,17,0
421137,1,1,1987,22,22,22,22,22,22,22,22,22,22
421137,2,1,1987,0,0,0,0,0,0,0,0,0,0
421137,3,1,1987,0,26,18,16,0,0,0,0,0,0
421138,1,1,1987,0,0,0,0,0,14,0,8,0,0
421139,1,1,1987,0,0,0,0,0,0,0,0,0,0
421140,1,1,1987,0,0,0,0,0,0,0,0,0,0
421140,2,1,1987,0,0,0,0,0,0,0,0,0,0
421141,1,1,1987,20,20,20,20,20,20,20,20,20,20
421142,1,1,1987,0,0,0,0,0,0,0,0,0,0
421142,2,1,1987,0,0,0,0,0,0,0,0,0,0
421142,3,1,1987,0,0,0,0,0,0,0,0,0,0
421143,1,1,1987,26,26,26,26,26,26,26,26,26,26
421144,1,1,1987,17,17,17,17,17,17,17,17,17,17
421145,1,1,1987,0,0,0,0,0,0,0,0,0,0
421145,2,1,1987,0,0,0,0,0,0,0,0,0,0
421146,1,1,1987,10,10,10,10,10,10,10,10,10,10
421146,2,1,1987,0,0,0,0,0,0,0,0,0,0
421147,1,1,1987,12,0,0,0,0,0,0,0,0,0
421148,1,1,1987,26,26,26,26,26,26,26,26,26,26
421149,1,1,1987,0,0,0,0,8,0,8,0,20,0
421149,2,1,1987,0,0,0,0,0,0,0,0,0,0
421150,1,1,1987,0,0,0,0,0,0,0,0,0,0
421151,1,1,1987,0,0,0,0,0,0,0,0,0,0
421151,2,1,1987,0,0,0,0,0,0,0,0,0,0
421152,1,1,1987,0,0,0,0,0,0,0,0,0,0
421152,2,1,1987,0,0,0,0,0,0,0,0,0,0
421153,1,1,1987,21,21,21,21,21,21,21,21,21,21
421154,0,1,1987,0,0,0,0,0,0,0,0,0,0
421154,1,1,1987,0,0,0,0,0,0,0,0,0,0
421155,1,1,1987,21,21,21,21,21,21,21,21,21,21
421156,1,1,1987,0,0,0,0,0,0,0,24,0,0
421157,1,1,1987,0,0,0,0,0,0,0,0,0,0
421157,2,1,1987,0,0,0,0,0,0,0,0,0,0
421158,1,1,1987,0,0,0,0,0,0,0,0,0,0
421158,2,1,1987,0,0,0,0,0,0,0,0,0,0
421159,1,1,1987,26,12,19,6,12,22,10,21,23,13
421159,2,1,1987,0,0,0,0,0,0,0,0,0,0
421160,0,1,1987,33,33,33,33,33,33,33,33,33,33
421160,1,1,1987,19,22,13,24,12,15,9,12,7,9
421161,1,1,1987,0,0,0,0,0,0,0,0,0,0
421161,2,1,1987,0,0,0,0,0,0,0,0,0,0
421162,1,1,1987,0,0,0,0,0,0,0,0,0,0
421163,1,1,1987,0,0,0,0,0,0,0,0,0,0
421164,1,1,1987,0,0,0,0,0,0,0,0,0,0
421164,2,1,1987,0,0,0,0,0,0,0,0,0,0
421165,0,1,1987,0,0,0,0,0,0,0,0,0,0
421165,1,1,1987,0,0,0,0,15,0,0,0,0,0
421166,1,1,1987,0,0,0,0,0,0,0,0,0,0
421166,2,1,1987,0,0,0,0,0,0,0,0,0,0
421166,3,1,1987,0,0,0,0,0,0,0,0,0,16
421167,1,1,1987,0,0,0,0,0,0,0,0,0,0
421167,2,1,1987,0,0,0,0,12,0,0,0,0,0
421168,1,1,1987,0,0,0,13,0,0,0,0,0,0
421168,2,1,1987,0,0,0,0,0,0,0,0,0,0
421169,1,1,1987,19,25,17,22,17,24,9,16,26,9
421170,1,1,1987,28,28,28,28,28,28,28,28,28,28
421170,2,1,1987,0,0,0,0,0,0,0,0,0,0
421171,1,1,1987,0,0,0,0,0,0,0,0,0,0
421171,2,1,1987,0,0,0,0,0,0,0,0,0,0
421172,1,1,1987,0,0,0,0,0,0,0,0,0,0
421173,1,1,1987,0,0,0,0,0,0,0,0,0,0
421174,1,1,1987,25,13,21,14,9,27,9,20,0,17
421175,1,1,1987,0,0,0,0,0,0,0,0,0,0
421176,1,1,1987,0,0,0,0,0,0,0,0,0,0
421176,2,1,1987,0,0,0,0,0,0,0,0,0,0
421177,1,1,1987,21,21,21,21,21,21,21,21,21,21
421178,1,1,1987,22,22,22,22,22,22,22,22,22,22
421179,1,1,1987,8,10,20,22,11,13,12,23,9,18
421179,2,1,1987,20,14,31,11,22,27,20,0,0,7
421180,1,1,1987,0,0,0,0,0,0,0,0,0,0
421180,2,1,1987,0,0,0,0,0,0,0,0,0,0
421180,3,1,1987,0,0,0,0,0,0,0,0,0,0
421180,4,1,1987,0,0,0,0,0,0,0,0,0,0
421180,5,1,1987,0,0,0,0,0,0,0,0,0,0
421180,6,1,1987,0,0,0,0,0,0,0,0,0,0
421181,1,1,1987,43,43,43,43,43,43,43,43,43,43
421181,2,1,1987,0,0,23,11,0,15,0,0,0,0
421182,0,1,1987,0,0,0,5,0,0,0,0,0,0
421182,1,1,1987,0,0,0,0,9,0,22,0,0,8
421183,1,1,1987,0,0,0,0,0,0,0,0,0,0
421184,1,1,1987,0,16,0,0,0,0,0,0,0,0
421184,2,1,1987,0,0,0,0,0,0,0,0,0,0
421185,1,1,1987,10,0,0,0,0,0,0,36,0,14
421185,2,1,1987,0,0,0,0,0,0,0,0,0,0
421186,1,1,1987,28,28,28,28,28,28,28,28,28,28
421187,0,1,1987,0,0,0,0,0,0,0,0,0,0
421187,1,1,1987,0,0,0,0,0,0,0,0,0,0
421189,1,1,1987,0,0,0,0,0,0,0,0,0,0
421190,1,1,1987,18,0,0,10,17,0,0,0,0,0
421191,0,1,1987,11,15,29,17,25,19,17,13,15,25
421191,1,1,1987,0,0,0,6,0,0,0,12,0,0
421192,1,1,1987,19,19,19,19,19,19,19,19,19,19
421193,1,1,1987,15,15,15,15,15,15,15,15,15,15
421194,1,1,1987,0,0,0,0,0,0,0,13,0,0
421194,2,1,1987,0,0,0,3,0,8,0,0,9,0
421195,1,1,1987,0,29,0,0,18,0,0,0,0,0
421196,1,1,1987,4,0,0,0,0,0,0,0,0,0
421197,1,1,1987,0,0,0,0,0,0,0,0,0,0
421197,2,1,1987,0,0,0,0,0,0,0,0,0,0
421198,1,1,1987,0,0,0,0,0,0,0,0,0,0
421199,1,1,1987,24,0,0,0,0,0,15,20,0,9
421200,1,1,1987,10,10,10,10,10,10,10,10,10,10
421200,2,1,1987,0,0,0,0,0,0,6,0,0,0
421201,1,1,1987,0,0,0,0,0,0,0,0,0,0
421201,2,1,1987,0,0,0,0,0,0,0,0,0,0
421202,0,1,1987,0,0,0,0,0,0,0,0,19,0
421202,1,1,1987,0,0,0,0,0,0,0,0,0,0
421203,1,1,1987,0,0,0,0,0,0,0,0,0,0
421203,2,1,1987,0,0,0,0,0,0,0,0,0,0
421204,1,1,1987,13,16,0,5,12,14,0,0,0,13
421205,1,1,1987,18,18,18,18,18,18,18,18,18,18
421205,2,1,1987,0,0,0,0,0,0,0,0,0,0
421206,1,1,1987,0,0,0,0,0,0,0,0,0,0
421206,2,1,1987,0,0,0,0,0,0,0,0,0,0
421207,1,1,1987,23,11,31,18,19,7,19,11,29,7
421208,1,1,1987,3,3,3,3,3,3,3,3,3,3
421208,2,1,1987,5,5,5,5,5,5,5,5,5,5
421209,1,1,1987,26,26,26,26,26,26,26,26,26,26
421210,1,1,1987,0,0,0,0,0,0,0,0,0,0
421210,2,1,1987,0,0,0,0,0,0,0,0,0,0
421211,1,1,1987,17,17,17,17,17,17,17,17,17,17
421211,2,1,1987,14,22,30,8,10,0,14,12,16,10
421211,3,1,1987,12,0,0,0,0,0,0,0,0,7
421211,4,1,1987,0,0,0,0,0,0,0,0,10,0
421212,1,1,1987,20,20,20,20,20,20,20,20,20,20
421213,1,1,1987,0,0,0,0,0,0,0,0,0,0
421213,2,1,1987,0,0,0,0,0,0,0,0,0,0
421214,1,1,1987,18,18,18,18,18,18,18,18,18,18
421214,2,1,1987,0,0,0,0,0,0,0,0,0,0
421215,0,1,1987,30,30,30,30,30,30,30,30,30,30
421215,1,1,1987,10,10,10,10,10,10,10,10,10,10
421216,0,1,1987,0,0,0,0,0,0,0,0,0,0
421216,1,1,1987,16,26,0,24,5,15,32,15,13,18
421217,1,1,1987,38,38,38,38,38,38,38,38,38,38
421218,1,1,1987,0,0,0,0,0,0,0,0,0,0
421218,2,1,1987,0,0,0,0,0,0,0,0,0,0
421218,3,1,1987,0,0,0,0,0,0,0,0,0,0
421219,1,1,1987,26,11,0,19,14,0,0,0,0,18
421219,2,1,1987,0,0,0,0,0,0,0,0,0,0
421220,0,1,1987,0,0,0,0,0,0,0,0,0,0
421220,1,1,1987,0,0,27,0,0,0,0,0,0,0
421221,1,1,1987,20,20,20,20,20,20,20,20,20,20
421221,2,1,1987,0,0,0,0,0,0,0,0,0,0
421222,1,1,1987,22,22,22,22,22,22,22,22,22,22
421223,1,1,1987,9,9,9,9,9,9,9,9,9,9
421224,1,1,1987,0,0,0,9,0,0,0,0,0,0
421225,1,1,1987,19,19,19,19,19,19,19,19,19,19
421226,1,1,1987,0,0,6,0,0,0,0,0,0,0
421226,2,1,1987,0,0,0,0,0,0,0,0,0,0
421227,1,1,1987,0,0,0,0,0,0,0,0,0,31
421228,1,1,1987,0,11,0,0,0,0,0,0,0,0
421229,1,1,1987,0,0,0,0,0,0,0,0,0,0
421229,2,1,1987,0,0,0,0,0,0,0,0,0,0
421230,1,1,1987,0,0,0,0,0,10,0,25,0,0
421231,1,1,1987,0,0,0,0,0,0,0,0,0,0
421231,2,1,1987,0,0,0,0,0,0,0,0,0,0
421232,1,1,1987,0,0,0,0,0,0,0,0,0,0
421232,2,1,1987,0,0,0,0,0,0,0,0,0,0
421233,1,1,1987,13,5,11,0,29,9,10,3,15,0
421233,2,1,1987,5,0,15,18,0,0,8,0,20,17
421234,1,1,1987,13,13,13,13,13,13,13,13,13,13
421234,2,1,1987,0,0,0,0,0,0,0,0,0,0
421234,3,1,1987,24,21,0,0,11,0,8,0,0,0
421235,1,1,1987,12,12,12,12,12,12,12,12,12,12
421235,2,1,1987,0,0,0,0,0,0,0,0,0,0
421235,3,1,1987,0,0,0,0,0,0,0,0,0,0
421235,4,1,1987,0,0,0,0,0,0,0,0,0,0
421236,1,1,1987,24,24,24,24,24,24,24,24,24,24
421237,0,1,1987,0,0,0,0,0,0,0,9,0,15
421237,0,2,1987,0,0,0,0,0,0,0,0,0,0
421237,1,1,1987,0,0,0,0,0,0,0,0,0,0
421238,1,1,1987,17,17,17,17,17,17,17,17,17,17
421239,0,1,1987,0,0,0,0,9,0,0,0,0,0
421239,1,1,1987,0,0,0,6,0,0,0,0,0,0
421240,1,1,1987,0,0,0,0,0,0,0,0,0,0
421241,0,1,1987,0,0,0,0,0,0,0,0,0,0
421241,1,1,1987,0,0,0,0,0,0,0,0,0,0
421243,0,1,1987,0,0,0,0,0,0,0,0,0,0
421243,1,1,1987,0,0,0,0,0,0,0,0,0,0
421244,1,1,1987,0,11,8,8,10,6,9,22,0,7
421244,2,1,1987,0,0,0,0,0,0,0,0,0,0
421245,1,1,1987,0,0,0,0,0,0,0,10,17,0
421246,1,1,1987,21,21,21,21,21,21,21,21,21,21
421247,0,1,1987,0,0,0,0,0,0,0,0,0,0
421247,1,1,1987,0,0,0,0,0,0,0,0,0,0
421248,1,1,1987,15,15,15,15,15,15,15,15,15,15
421249,1,1,1987,5,0,16,21,23,20,16,16,21,15
421250,1,1,1987,20,20,20,20,20,20,20,20,20,20
421251,1,1,1987,0,13,0,6,7,4,13,0,0,9
421251,2,1,1987,8,0,0,0,0,0,0,0,0,0
421252,1,1,1987,0,0,0,0,0,0,14,0,0,0
421252,2,1,1987,14,0,0,0,0,0,0,0,0,0
421253,1,1,1987,0,0,0,0,0,0,0,0,0,0
421253,2,1,1987,0,0,0,0,3,0,0,0,0,0
421254,1,1,1987,0,0,0,0,0,0,0,0,0,0
421254,2,1,1987,0,0,0,0,0,0,0,0,0,0
421255,1,1,1987,24,24,24,24,24,24,24,24,24,24
421256,1,1,1987,0,0,0,0,0,0,0,0,15,0
421257,1,1,1987,7,7,7,7,7,7,7,7,7,7
421257,2,1,1987,0,0,0,0,0,0,0,0,0,0
421258,0,1,1987,0,0,0,0,0,0,0,0,0,0
421258,1,1,1987,0,0,0,0,0,0,0,0,0,0
421259,1,1,1987,0,0,0,0,0,0,0,0,0,0
421259,2,1,1987,0,0,0,0,0,0,0,0,0,0
421260,1,1,1987,21,27,2,11,0,10,10,17,28,0
421261,0,1,1987,5,5,5,5,5,5,5,5,5,5
421261,1,1,1987,8,8,8,8,8,8,8,8,8,8
421262,1,1,1987,0,0,0,0,0,0,0,0,0,0
421262,2,1,1987,0,0,0,0,0,0,0,0,0,0
421263,1,1,1987,0,0,0,0,0,0,0,0,0,0
421263,2,1,1987,0,0,0,0,0,0,0,0,0,0
421264,1,1,1987,24,24,24,24,24,24,24,24,24,24
421264,2,1,1987,0,0,0,0,0,0,0,0,0,0
421265,1,1,1987,0,7,0,17,0,11,0,26,0,0
421266,0,1,1987,0,0,0,13,0,0,4,0,0,36
421266,1,1,1987,0,0,0,0,0,0,16,0,0,4
421267,1,1,1987,0,0,0,0,0,0,0,0,0,0
421267,2,1,1987,0,0,0,0,0,0,0,0,0,0
421268,1,1,1987,0,0,0,0,0,0,0,0,0,0
421268,2,1,1987,6,0,0,0,0,0,0,0,0,0
421269,1,1,1987,8,0,13,14,20,4,7,8,17,9
421270,0,1,1987,0,0,0,0,0,0,0,0,0,0
421270,1,1,1987,0,0,24,0,0,0,7,8,0,9
421271,0,1,1987,0,0,0,0,0,0,0,0,0,0
421271,0,2,1987,0,0,0,0,0,0,0,7,0,0
421271,1,1,1987,0,0,0,0,0,0,11,0,0,0
421272,1,1,1987,0,0,0,0,0,0,0,0,0,0
421272,2,1,1987,0,0,0,0,0,0,0,0,0,0
421272,3,1,1987,0,0,0,0,0,0,0,0,3,0
421273,1,1,1987,0,0,0,0,0,0,0,0,0,0
421274,1,1,1987,10,10,10,10,10,10,10,10,10,10
421275,1,1,1987,0,0,0,0,0,0,0,0,0,0
421275,2,1,1987,0,14,14,0,0,0,15,17,0,0
421275,3,1,1987,0,0,0,0,0,0,0,0,0,0
421276,0,1,1987,0,0,0,0,0,0,0,0,0,0
421276,1,1,1987,0,0,0,0,0,0,0,0,0,0
421277,1,1,1987,9,9,9,9,9,9,9,9,9,9
421278,1,1,1987,17,17,17,17,17,17,17,17,17,17
421279,1,1,1987,23,12,9,5,0,0,18,0,17,0
421279,2,1,1987,0,0,0,0,0,0,0,0,0,0
421280,1,1,1987,0,0,0,0,0,0,0,0,0,0
421280,2,1,1987,0,0,0,0,0,0,0,0,0,0
421281,1,1,1987,20,20,20,20,20,20,20,20,20,20
421282,1,1,1987,7,7,7,7,7,7,7,7,7,7
421283,1,1,1987,0,0,0,0,0,0,0,0,0,0
421284,1,1,1987,0,0,0,0,0,0,0,0,0,0
421284,2,1,1987,11,8,4,4,11,5,19,26,23,3
421285,1,1,1987,0,0,0,0,0,0,0,0,0,0
421285,2,1,1987,0,0,0,0,0,0,0,0,0,0
421285,3,1,1987,0,0,0,0,0,0,0,0,0,0
421286,0,1,1987,0,0,0,0,0,0,0,0,0,0
421286,1,1,1987,0,0,0,0,0,0,0,0,0,0
421287,1,1,1987,13,13,13,13,13,13,13,13,13,13
421287,2,1,1987,0,0,0,0,0,0,0,0,3,18
421288,1,1,1987,12,12,12,12,12,12,12,12,12,12
421289,1,1,1987,20,20,20,20,20,20,20,20,20,20
421289,2,1,1987,0,0,0,0,0,0,0,0,0,0
421290,1,1,1987,0,0,0,0,0,0,0,0,0,0
421291,1,1,1987,14,14,14,14,14,14,14,14,14,14