ST_CASE,VEH_NO,PER_NO,YEAR,P1,P2,P3,P4,P5,P6,P7,P8,P9,P10
421291,2,1,1987,23,0,0,4,0,0,0,0,0,0
421291,3,1,1987,9,14,11,25,15,13,20,15,4,13
421292,1,1,1987,34,34,34,34,34,34,34,34,34,34
421292,2,1,1987,0,0,0,0,0,0,0,0,0,0
421293,1,1,1987,0,0,0,0,0,0,0,0,0,0
421293,2,1,1987,30,0,0,21,0,0,0,0,0,0
421294,1,1,1987,0,0,0,0,0,0,0,0,0,0
421294,2,1,1987,0,0,0,0,0,0,16,0,0,0
421295,1,1,1987,26,26,26,26,26,26,26,26,26,26
421296,1,1,1987,0,0,0,0,0,0,0,0,0,0
421296,2,1,1987,0,0,0,0,0,0,0,0,0,0
421297,0,1,1987,18,18,18,18,18,18,18,18,18,18
421297,1,1,1987,0,0,0,0,0,0,0,0,0,0
421298,1,1,1987,39,39,39,39,39,39,39,39,39,39
421299,1,1,1987,22,22,22,22,22,22,22,22,22,22
421299,2,1,1987,0,0,0,0,0,6,0,0,0,0
421300,1,1,1987,26,26,26,26,26,26,26,26,26,26
421301,1,1,1987,0,10,19,20,12,20,0,0,28,13
421302,1,1,1987,0,0,14,0,0,0,0,0,0,0
421302,2,1,1987,0,0,0,0,0,0,0,0,0,0
421302,3,1,1987,0,0,0,0,0,3,0,0,0,0
421303,1,1,1987,0,7,0,0,6,0,0,0,0,0
421304,1,1,1987,26,26,26,26,26,26,26,26,26,26
421306,0,1,1987,0,0,0,0,0,0,0,0,0,0
421306,1,1,1987,0,0,0,0,0,0,0,0,0,0
421307,1,1,1987,22,22,22,22,22,22,22,22,22,22
421307,2,1,1987,0,0,0,0,0,0,0,0,0,0
421308,1,1,1987,0,0,0,0,0,0,0,0,0,0
421308,2,1,1987,0,0,0,0,0,0,0,4,0,0
421309,1,1,1987,17,17,17,17,17,17,17,17,17,17
421310,1,1,1987,25,25,25,25,25,25,25,25,25,25
421311,1,1,1987,17,17,17,17,17,17,17,17,17,17
421312,1,1,1987,0,0,0,0,0,0,0,0,0,0
421313,1,1,1987,0,0,0,0,0,0,0,0,0,0
421313,2,1,1987,0,0,0,0,0,0,0,0,0,0
421314,1,1,1987,0,0,0,0,0,0,0,0,0,0
421314,2,1,1987,0,0,0,0,0,0,0,0,0,0
421314,3,1,1987,0,0,0,0,0,0,0,0,0,0
421315,1,1,1987,0,0,0,0,0,0,0,0,0,0
421315,2,1,1987,0,0,0,0,0,0,0,0,0,0
421316,0,1,1987,0,0,0,0,0,0,0,0,0,0
421316,1,1,1987,0,0,0,0,0,0,0,0,0,0
421317,1,1,1987,34,18,8,0,9,21,27,0,20,24
421318,1,1,1987,0,0,0,0,0,0,0,0,0,0
421319,1,1,1987,0,0,0,0,0,0,0,0,0,0
421319,2,1,1987,0,0,0,0,0,0,0,0,0,0
421319,3,1,1987,0,0,0,0,0,0,0,0,0,0
421319,4,1,1987,0,0,0,0,0,0,0,0,0,0
421320,1,1,1987,0,0,0,0,0,0,0,0,0,0
421321,1,1,1987,0,0,0,0,0,0,0,0,0,0
421322,1,1,1987,17,17,17,17,17,17,17,17,17,17
421323,1,1,1987,13,13,13,13,13,13,13,13,13,13
421324,1,1,1987,17,17,17,17,17,17,17,17,17,17
421324,2,1,1987,9,9,9,9,9,9,9,9,9,9
421325,1,1,1987,13,13,13,13,13,13,13,13,13,13
421326,1,1,1987,0,0,0,0,0,0,0,0,0,0
421327,1,1,1987,0,0,0,0,0,0,0,0,0,0
421328,1,1,1987,0,0,0,0,0,0,0,0,0,0
421329,1,1,1987,8,8,8,8,8,8,8,8,8,8
421329,2,1,1987,0,0,0,0,0,0,0,0,0,0
421330,1,1,1987,25,25,25,25,25,25,25,25,25,25
421331,1,1,1987,23,23,23,23,23,23,23,23,23,23
421332,1,1,1987,23,23,23,23,23,23,23,23,23,23
421333,1,1,1987,0,0,0,0,0,0,0,0,0,0
421333,2,1,1987,0,0,0,0,0,0,0,0,0,0
421334,1,1,1987,0,0,0,0,0,0,0,0,0,0
421334,2,1,1987,0,4,0,0,0,0,0,0,0,0
421335,1,1,1987,0,0,0,0,0,0,0,0,0,0
421335,2,1,1987,0,0,0,0,0,0,0,0,0,0
421336,1,1,1987,17,17,17,17,17,17,17,17,17,17
421336,2,1,1987,0,0,0,11,25,0,0,0,0,0
421337,1,1,1987,0,0,0,0,0,0,0,0,0,0
421338,1,1,1987,28,28,28,28,28,28,28,28,28,28
421339,0,1,1987,5,27,18,38,11,7,17,26,33,16
421339,1,1,1987,0,0,0,0,0,0,0,0,0,0
421340,1,1,1987,0,0,0,0,0,0,0,0,0,0
421340,2,1,1987,0,0,0,0,0,0,0,0,0,0
421341,0,1,1987,0,0,0,0,0,0,0,14,0,13
421341,1,1,1987,10,0,0,0,12,14,19,0,0,0
421341,2,1,1987,0,0,0,0,0,0,0,0,0,0
421342,1,1,1987,0,11,0,0,10,0,0,0,0,0
421342,2,1,1987,0,0,0,0,17,28,0,0,0,0
421344,1,1,1987,4,4,4,4,4,4,4,4,4,4
421345,0,1,1987,0,0,0,0,0,0,0,0,0,0
421345,1,1,1987,0,0,0,0,0,0,0,0,0,0
421346,1,1,1987,27,27,27,27,27,27,27,27,27,27
421347,1,1,1987,24,24,16,11,6,18,25,22,35,23
421347,2,1,1987,6,6,6,6,6,6,6,6,6,6
421348,1,1,1987,0,0,0,0,0,0,0,0,0,0
421348,2,1,1987,0,0,0,0,0,0,0,0,0,0
421349,1,1,1987,14,12,22,13,24,9,7,36,9,8
421350,1,1,1987,0,0,0,0,0,0,0,0,0,0
421350,2,1,1987,0,0,0,0,0,0,0,0,0,0
421351,1,1,1987,0,0,0,0,0,0,0,0,0,0
421351,2,1,1987,0,0,0,0,0,0,0,0,0,0
421352,1,1,1987,0,4,3,12,18,19,0,0,0,0
421353,1,1,1987,21,21,21,21,21,21,21,21,21,21
421354,1,1,1987,0,0,0,0,0,0,0,0,0,0
421354,2,1,1987,0,0,0,0,0,6,0,0,0,0
421354,3,1,1987,0,0,0,0,0,0,0,0,0,0
421355,0,1,1987,0,0,0,0,0,0,0,0,0,0
421355,1,1,1987,21,0,0,0,0,0,0,0,0,0
421356,1,1,1987,16,16,16,16,16,16,16,16,16,16
421357,1,1,1987,41,41,41,41,41,41,41,41,41,41
421358,1,1,1987,0,0,0,0,0,0,0,0,0,0
421358,2,1,1987,0,0,0,0,0,0,0,0,0,0
421359,1,1,1987,0,0,0,0,0,0,0,0,0,0
421359,2,1,1987,0,0,0,0,0,0,0,0,0,0
421360,1,1,1987,16,16,16,16,16,16,16,16,16,16
421361,1,1,1987,2,2,2,2,2,2,2,2,2,2
421361,2,1,1987,0,0,0,0,0,0,0,0,0,0
421362,1,1,1987,22,22,22,22,22,22,22,22,22,22
421363,1,1,1987,0,0,0,0,0,12,0,0,0,0
421363,2,1,1987,0,0,0,0,0,0,0,0,0,0
421363,3,1,1987,0,0,0,0,0,0,0,0,0,0
421364,0,1,1987,0,0,0,0,0,0,0,0,0,0
421364,1,1,1987,0,0,0,0,0,0,0,0,0,0
421365,1,1,1987,0,0,0,0,0,0,0,0,0,0
421365,2,1,1987,0,0,0,0,0,0,0,0,0,0
421365,3,1,1987,0,0,0,0,13,0,0,0,0,0
421366,1,1,1987,0,0,0,0,0,0,0,0,0,0
421367,0,1,1987,0,0,0,0,0,0,0,0,0,0
421367,1,1,1987,12,12,12,12,12,12,12,12,12,12
421368,0,1,1987,7,7,7,7,7,7,7,7,7,7
421368,0,2,1987,0,0,4,0,8,0,0,0,0,0
421368,1,1,1987,0,0,0,0,0,0,0,0,0,0
421369,0,1,1987,0,0,0,0,0,0,0,0,0,0
421369,1,1,1987,0,0,0,0,0,19,0,0,0,0
421370,1,1,1987,14,14,14,14,14,14,14,14,14,14
421371,1,1,1987,33,33,33,33,33,33,33,33,33,33
421371,2,1,1987,0,0,0,0,0,0,0,0,0,0
421372,1,1,1987,23,23,23,23,23,23,23,23,23,23
421373,1,1,1987,0,0,0,0,0,0,0,0,0,0
421374,1,1,1987,0,0,0,0,0,0,0,0,0,0
421375,1,1,1987,22,22,22,22,22,22,22,22,22,22
421375,2,1,1987,0,0,0,0,0,0,0,0,0,0
421376,1,1,1987,18,18,18,18,18,18,18,18,18,18
421377,1,1,1987,39,39,39,39,39,39,39,39,39,39
421377,2,1,1987,26,26,26,26,26,26,26,26,26,26
421378,0,1,1987,24,24,24,24,24,24,24,24,24,24
421378,1,1,1987,0,0,0,0,0,0,0,0,0,0
421379,1,1,1987,0,0,0,0,0,0,0,0,0,0
421379,2,1,1987,0,0,0,0,0,0,0,0,0,0
421380,1,1,1987,29,32,0,0,0,0,16,0,0,0
421381,1,1,1987,0,0,0,0,0,0,0,0,0,0
421381,2,1,1987,0,0,0,0,0,0,0,0,0,0
421382,0,1,1987,0,0,0,0,0,0,0,0,0,0
421382,1,1,1987,0,0,0,0,0,0,0,0,0,0
421383,1,1,1987,0,0,0,0,0,0,0,0,0,0
421383,2,1,1987,0,0,0,0,0,0,0,0,0,0
421384,1,1,1987,0,0,0,0,0,0,0,0,0,0
421385,1,1,1987,12,12,12,12,12,12,12,12,12,12
421386,1,1,1987,17,17,17,17,17,17,17,17,17,17
421387,1,1,1987,24,24,24,24,24,24,24,24,24,24
421388,1,1,1987,10,20,27,7,0,27,16,16,20,22
421389,1,1,1987,23,23,23,23,23,23,23,23,23,23
421390,1,1,1987,0,0,0,0,0,0,0,0,0,0
421390,2,1,1987,0,0,0,0,0,0,0,0,0,0
421391,1,1,1987,0,0,0,0,0,0,0,0,0,0
421391,2,1,1987,23,23,23,23,23,23,23,23,23,23
421392,1,1,1987,0,0,0,0,0,0,0,0,0,0
421392,2,1,1987,0,0,0,0,0,0,0,0,0,0
421393,1,1,1987,0,0,0,0,0,0,0,0,0,0
421393,2,1,1987,0,0,0,0,0,0,0,0,0,0
421394,1,1,1987,0,0,0,0,0,0,0,0,0,0
421394,2,1,1987,0,0,0,0,0,0,0,0,0,0
421394,3,1,1987,0,0,0,0,0,0,0,0,0,0
421395,1,1,1987,0,0,0,0,0,0,0,0,0,0
421395,2,1,1987,0,0,0,0,0,0,0,0,0,0
421396,1,1,1987,0,0,0,0,0,0,0,0,0,0
421396,2,1,1987,0,0,0,0,0,0,0,0,0,0
421397,1,1,1987,27,27,27,27,27,27,27,27,27,27
421398,1,1,1987,0,0,0,0,0,0,0,0,0,0
421398,2,1,1987,0,0,0,0,0,0,0,0,0,0
421399,1,1,1987,0,0,0,0,0,0,0,0,8,0
421399,2,1,1987,0,0,0,0,0,0,0,0,0,0
421400,1,1,1987,0,0,0,0,0,0,0,0,0,0
421400,2,1,1987,0,0,0,0,0,0,0,0,0,0
421401,1,1,1987,24,24,24,24,24,24,24,24,24,24
421402,1,1,1987,29,29,29,29,29,29,29,29,29,29
421403,0,1,1987,17,17,17,17,17,17,17,17,17,17
421403,1,1,1987,10,10,10,10,10,10,10,10,10,10
421404,1,1,1987,0,0,0,0,0,0,0,0,0,0
421405,1,1,1987,0,0,14,0,0,0,0,11,0,0
421405,2,1,1987,22,22,22,22,22,22,22,22,22,22
421405,3,1,1987,0,0,5,0,0,0,0,0,0,0
421406,0,1,1987,0,32,0,0,0,0,0,0,0,0
421406,0,2,1987,0,12,30,4,0,0,0,18,0,0
421406,1,1,1987,0,0,0,0,0,0,0,0,0,0
421407,1,1,1987,11,0,17,0,0,0,0,0,13,0
421408,1,1,1987,25,25,25,25,25,25,25,25,25,25
421408,2,1,1987,0,0,0,0,0,0,0,0,0,0
421409,1,1,1987,12,7,28,21,11,16,16,6,6,33
421410,1,1,1987,0,0,0,0,0,0,0,0,0,0
421410,2,1,1987,0,17,0,3,0,0,14,0,0,0
421411,1,1,1987,0,0,0,0,0,0,0,0,0,0
421411,2,1,1987,0,0,0,0,0,0,0,0,0,0
421412,1,1,1987,15,0,19,0,9,0,17,13,10,0
421413,1,1,1987,23,0,0,22,0,0,17,0,0,0
421414,1,1,1987,23,0,0,0,14,22,0,0,0,29
421415,1,1,1987,0,0,0,0,0,0,0,0,0,0
421415,2,1,1987,0,0,0,0,0,0,0,0,0,0
421416,0,1,1987,0,0,0,0,0,0,0,0,0,0
421416,1,1,1987,0,0,0,0,0,0,0,0,0,0
421417,0,1,1987,31,31,31,31,31,31,31,31,31,31
421417,1,1,1987,3,3,3,3,3,3,3,3,3,3
421418,1,1,1987,13,13,13,13,13,13,13,13,13,13
421418,2,1,1987,0,0,0,0,0,0,0,0,0,0
421420,1,1,1987,13,13,13,13,13,13,13,13,13,13
421421,1,1,1987,0,0,0,0,0,0,0,0,0,0
421421,2,1,1987,0,0,0,0,0,0,0,0,0,0
421422,1,1,1987,0,0,0,0,0,0,0,0,0,0
421422,2,1,1987,11,0,0,0,0,0,0,0,0,10
421423,1,1,1987,0,0,0,0,0,0,0,0,0,0
421424,1,1,1987,0,0,0,0,0,0,0,0,0,0
421425,1,1,1987,6,6,6,6,6,6,6,6,6,6
421426,1,1,1987,28,28,28,28,28,28,28,28,28,28
421427,1,1,1987,13,13,13,13,13,13,13,13,13,13
421428,0,1,1987,0,0,0,0,0,0,0,0,0,0
421428,1,1,1987,11,13,0,0,0,0,0,19,0,0
421429,1,1,1987,0,0,9,0,0,0,0,0,0,0
421429,2,1,1987,0,0,0,0,0,0,0,0,0,0
421429,3,1,1987,0,0,0,0,0,0,0,0,0,0
421430,1,1,1987,11,11,11,11,11,11,11,11,11,11
421430,2,1,1987,23,23,23,23,23,23,23,23,23,23
421431,1,1,1987,14,14,14,14,14,14,14,14,14,14
421431,2,1,1987,10,10,10,10,10,10,10,10,10,10
421432,1,1,1987,23,23,23,23,23,23,23,23,23,23
421433,0,1,1987,0,0,0,0,0,0,0,0,0,0
421433,1,1,1987,0,0,0,0,0,0,0,0,0,0
421434,1,1,1987,13,13,13,13,13,13,13,13,13,13
421434,2,1,1987,0,0,0,0,0,0,9,0,0,0
421435,1,1,1987,24,15,21,17,19,21,11,0,7,13
421436,1,1,1987,0,0,0,0,0,0,18,24,0,0
421437,1,1,1987,3,3,3,3,3,3,3,3,3,3
421437,2,1,1987,10,10,10,10,10,10,10,10,10,10
421438,1,1,1987,7,7,7,7,7,7,7,7,7,7
421438,2,1,1987,0,0,0,0,0,0,0,0,0,0
421439,1,1,1987,0,0,0,0,0,0,9,0,0,0
421440,1,1,1987,22,22,22,22,22,22,22,22,22,22
421441,1,1,1987,29,12,24,22,24,18,16,11,0,27
421442,1,1,1987,25,25,25,25,25,25,25,25,25,25
421443,0,1,1987,0,0,0,0,0,0,0,0,0,0
421443,1,1,1987,0,0,0,0,0,0,0,0,0,0
421444,1,1,1987,10,10,10,10,10,10,10,10,10,10
421445,1,1,1987,7,7,7,7,7,7,7,7,7,7
421446,1,1,1987,0,11,28,0,18,13,10,16,0,12
421446,2,1,1987,0,11,0,0,0,0,0,0,0,0
421447,1,1,1987,15,19,16,0,0,17,16,3,26,21
421448,1,1,1987,0,0,0,0,0,0,0,0,0,0
421448,2,1,1987,0,0,0,0,0,0,0,0,0,0
421448,3,1,1987,0,0,0,0,0,0,0,0,0,0
421448,4,1,1987,0,0,0,0,0,0,0,0,0,0
421448,5,1,1987,0,0,0,0,0,0,0,0,0,0
421449,1,1,1987,0,0,18,0,0,0,0,0,0,0
421450,1,1,1987,14,14,14,14,14,14,14,14,14,14
421450,2,1,1987,2,0,0,0,0,17,0,0,0,13
421451,1,1,1987,8,8,8,8,8,8,8,8,8,8
421451,2,1,1987,0,0,0,0,0,0,0,0,0,0
421452,1,1,1987,0,0,0,0,0,0,0,0,0,0
421452,2,1,1987,0,0,0,0,0,0,0,0,0,0
421453,1,1,1987,17,17,17,17,17,17,17,17,17,17
421454,1,1,1987,0,0,0,0,0,0,0,0,0,0
421454,2,1,1987,0,0,0,0,0,0,0,0,0,0
421455,0,1,1987,0,0,0,0,0,0,0,0,0,0
421455,1,1,1987,0,0,0,0,0,0,0,0,0,13
421456,1,1,1987,38,38,38,38,38,38,38,38,38,38
421457,1,1,1987,12,12,12,12,12,12,12,12,12,12
421458,1,1,1987,26,26,26,26,26,26,26,26,26,26
421458,2,1,1987,0,0,0,0,0,0,0,0,0,0
421459,1,1,1987,21,21,21,21,21,21,21,21,21,21
421460,1,1,1987,0,0,0,0,0,0,0,0,0,0
421460,2,1,1987,0,0,0,0,0,0,0,0,0,0
421460,3,1,1987,0,0,0,0,0,0,0,0,0,0
421461,0,1,1987,14,14,14,14,14,14,14,14,14,14
421461,1,1,1987,0,0,0,0,0,0,0,0,0,0
421462,0,1,1987,0,0,0,0,0,0,0,0,0,18
421462,1,1,1987,0,0,14,0,0,0,0,0,0,0
421463,1,1,1987,0,0,0,0,0,0,0,0,0,0
421463,2,1,1987,0,0,0,0,0,0,0,17,0,0
421464,1,1,1987,21,21,21,21,21,21,21,21,21,21
421464,2,1,1987,0,0,0,0,0,0,0,0,0,0
421464,3,1,1987,0,0,0,0,0,0,0,4,0,0
421465,1,1,1987,0,0,0,0,0,0,0,0,0,0
421465,2,1,1987,0,0,0,0,0,0,0,10,0,0
421466,1,1,1987,0,0,0,0,0,0,0,0,0,0
421466,2,1,1987,0,0,0,0,0,0,0,0,0,0
421466,3,1,1987,0,0,0,0,0,0,0,0,0,0
421467,0,1,1987,0,0,0,0,0,0,0,0,0,0
421467,1,1,1987,0,0,0,0,0,0,28,0,0,0
421468,1,1,1987,0,0,0,0,0,0,0,0,0,0
421468,2,1,1987,0,0,27,0,0,0,0,0,0,0
421468,3,1,1987,12,0,0,0,0,0,0,0,0,0
421468,4,1,1987,0,0,0,0,0,0,0,0,0,0
421469,1,1,1987,0,0,0,0,0,0,0,0,0,0
421469,2,1,1987,18,0,0,0,0,0,0,0,0,10
421469,3,1,1987,0,0,0,0,0,0,0,0,0,0
421470,0,1,1987,0,0,0,0,0,0,0,0,0,0
421470,1,1,1987,0,0,0,0,0,0,0,0,0,0
421471,0,1,1987,0,0,0,0,0,0,0,0,0,0
421471,0,2,1987,26,0,33,0,0,0,18,0,0,0
421471,1,1,1987,10,19,13,11,18,18,14,20,0,0
421472,1,1,1987,18,37,18,17,17,0,7,19,21,24
421473,0,1,1987,38,38,38,38,38,38,38,38,38,38
421473,1,1,1987,0,0,0,0,0,0,0,12,0,0
421474,1,1,1987,14,14,14,14,14,14,14,14,14,14
421475,1,1,1987,24,24,24,24,24,24,24,24,24,24
421476,1,1,1987,8,8,8,8,8,8,8,8,8,8
421477,1,1,1987,0,0,0,0,0,0,9,0,0,0
421477,2,1,1987,0,0,0,0,0,0,0,0,0,0
421478,0,1,1987,0,28,0,0,0,0,0,0,0,0
421478,1,1,1987,0,0,0,0,0,0,0,0,0,0
421479,0,1,1987,12,12,12,12,12,12,12,12,12,12
421479,1,1,1987,0,0,0,0,22,0,0,9,0,0
421480,0,1,1987,0,0,0,0,0,0,0,0,0,0
421480,1,1,1987,0,0,10,0,0,0,0,0,0,0
421481,0,1,1987,0,0,0,0,0,0,0,0,0,0
421481,1,1,1987,0,0,0,0,0,0,0,0,0,0
421482,1,1,1987,8,16,21,13,18,16,13,0,16,9
421483,1,1,1987,8,8,8,8,8,8,8,8,8,8
421484,1,1,1987,0,0,0,16,0,0,0,0,9,12
421485,1,1,1987,0,0,0,0,0,0,0,0,0,0
421485,2,1,1987,0,0,0,0,0,0,0,0,0,0
421486,1,1,1987,0,0,0,0,0,0,0,0,0,0
421486,2,1,1987,0,0,0,0,0,0,0,0,0,0
421487,1,1,1987,0,0,0,0,0,0,0,0,0,0
421487,2,1,1987,0,0,0,0,0,0,0,0,0,0
421488,1,1,1987,34,34,34,34,34,34,34,34,34,34
421489,1,1,1987,16,16,16,16,16,16,16,16,16,16
421490,1,1,1987,0,0,0,0,0,0,0,0,0,0
421490,2,1,1987,0,17,0,0,14,0,0,0,31,0
421491,1,1,1987,27,27,27,27,27,27,27,27,27,27
421491,2,1,1987,39,39,39,39,39,39,39,39,39,39
421491,3,1,1987,0,0,0,0,0,0,0,0,0,14
421492,1,1,1987,25,25,25,25,25,25,25,25,25,25
421493,1,1,1987,15,15,15,15,15,15,15,15,15,15
421494,1,1,1987,13,13,13,13,13,13,13,13,13,13
421495,1,1,1987,0,0,0,0,0,0,0,0,0,0
421496,1,1,1987,27,27,27,27,27,27,27,27,27,27
421497,1,1,1987,0,0,0,0,0,0,0,0,0,0
421498,0,1,1987,0,0,0,0,0,0,0,0,0,22
421498,1,1,1987,0,0,0,0,0,0,0,16,0,0
421499,1,1,1987,26,26,26,26,26,26,26,26,26,26
421500,1,1,1987,18,18,18,18,18,18,18,18,18,18
421500,2,1,1987,0,0,0,0,0,0,0,0,0,0
421501,1,1,1987,0,0,0,0,0,0,0,0,0,0
421501,2,1,1987,0,0,0,0,0,0,0,0,0,0
421501,3,1,1987,0,8,12,21,5,0,0,0,11,0
421501,4,1,1987,0,0,0,0,0,0,0,0,0,0
421501,5,1,1987,0,0,0,0,0,0,0,0,0,0
421502,1,1,1987,0,0,0,0,0,0,0,0,0,0
421502,2,1,1987,0,0,0,0,0,0,0,0,0,0
421503,0,1,1987,0,0,0,0,0,0,0,0,0,0
421503,0,2,1987,12,17,12,3,0,0,14,5,0,0
421503,1,1,1987,5,18,0,10,19,0,31,35,22,17
421504,1,1,1987,0,0,0,0,0,0,0,8,0,0
421504,2,1,1987,0,0,0,0,0,0,0,0,0,0
421505,1,1,1987,0,0,0,0,0,0,0,0,0,0
421506,1,1,1987,0,0,0,0,0,0,0,0,0,0
421506,2,1,1987,0,0,0,0,0,0,0,0,0,0
421507,1,1,1987,26,26,26,26,26,26,26,26,26,26
421508,1,1,1987,0,0,0,0,0,0,0,0,0,0
421508,2,1,1987,0,0,0,0,0,0,0,0,0,0
421509,1,1,1987,18,18,18,18,18,18,18,18,18,18
421510,1,1,1987,0,0,0,0,0,0,0,0,0,0
421510,2,1,1987,0,0,0,0,0,0,0,0,0,0
421511,1,1,1987,0,0,8,0,12,0,6,0,0,0
421511,2,1,1987,0,0,0,0,0,0,0,0,0,0
421512,1,1,1987,0,11,0,0,0,0,0,0,0,0
421512,2,1,1987,0,0,0,0,0,7,0,0,0,0
421513,1,1,1987,0,0,0,0,0,0,0,0,0,0
421513,2,1,1987,0,0,0,0,0,0,0,0,0,0
421513,3,1,1987,0,0,0,0,0,0,0,0,0,20
421513,4,1,1987,0,17,0,0,0,0,0,0,0,0
421513,5,1,1987,11,0,0,0,0,0,0,0,0,0
421514,1,1,1987,17,23,0,30,19,10,18,5,9,26
421515,1,1,1987,0,0,0,0,0,0,0,0,0,0
421516,1,1,1987,0,0,0,0,0,0,0,0,0,0
421517,1,1,1987,0,0,0,0,0,0,0,0,0,0
421517,2,1,1987,0,0,0,0,0,0,0,0,0,0
421518,1,1,1987,16,16,16,16,16,16,16,16,16,16
421519,0,1,1987,0,0,0,0,0,0,0,0,0,0
421519,1,1,1987,0,0,0,0,0,0,0,0,0,0
421520,1,1,1987,0,0,0,0,0,0,0,0,0,0
421520,2,1,1987,0,0,0,0,0,0,0,0,0,0
421521,1,1,1987,18,18,18,18,18,18,18,18,18,18
421522,1,1,1987,0,17,0,0,0,0,0,0,0,0
421522,2,1,1987,0,0,0,0,0,0,0,0,0,0
421523,1,1,1987,0,0,0,0,0,0,0,0,0,0
421524,0,1,1987,43,43,43,43,43,43,43,43,43,43
421524,1,1,1987,0,0,0,0,0,0,0,0,0,0
421525,1,1,1987,24,33,0,48,21,30,0,11,15,0
421526,0,1,1987,0,0,0,7,0,0,0,3,0,0
421526,1,1,1987,0,0,0,0,0,0,0,0,0,0
421527,1,1,1987,15,15,15,15,15,15,15,15,15,15
421528,1,1,1987,0,0,0,0,0,0,0,0,0,0
421529,1,1,1987,0,0,3,0,0,0,0,0,0,0
421529,2,1,1987,0,0,0,0,0,0,0,0,0,0
421530,1,1,1987,20,20,20,20,20,20,20,20,20,20
421531,1,1,1987,22,22,22,22,22,22,22,22,22,22
421531,2,1,1987,0,0,0,0,9,0,0,0,0,0
421532,1,1,1987,0,0,0,0,0,0,0,0,0,0
421532,2,1,1987,0,0,0,0,0,0,0,0,0,21
421533,1,1,1987,0,0,13,14,0,15,0,0,20,0
421534,0,1,1987,0,0,0,0,0,0,0,0,0,0
421534,1,1,1987,0,17,0,0,28,0,0,0,16,5
421535,1,1,1987,0,0,23,23,0,0,15,0,0,0
421536,0,1,1987,0,0,0,0,0,0,0,0,0,0
421536,1,1,1987,0,0,0,0,0,0,0,0,0,0
421536,2,1,1987,0,0,0,0,0,0,0,0,0,0
421536,3,1,1987,0,0,0,0,0,0,0,0,0,0
421537,0,3,1987,15,0,0,0,11,12,0,20,35,0
421537,0,4,1987,0,17,0,0,0,0,0,0,0,0
421537,0,5,1987,19,18,7,0,10,0,0,6,5,0
421537,0,6,1987,0,0,4,10,0,6,0,0,0,6
421537,1,1,1987,0,13,0,19,0,17,17,0,13,15
421538,0,1,1987,18,18,18,18,18,18,18,18,18,18
421538,1,1,1987,0,0,0,0,0,0,0,0,17,0
421539,1,1,1987,16,16,16,16,16,16,16,16,16,16
421539,2,1,1987,20,0,0,0,0,0,0,0,0,0
421540,0,1,1987,0,0,0,0,0,0,0,0,0,0
421540,0,2,1987,0,0,0,0,0,0,0,0,0,0
421540,0,3,1987,0,0,0,0,0,0,0,0,0,0
421540,1,1,1987,0,0,0,0,0,0,0,0,0,0
421541,1,1,1987,5,24,20,5,0,14,21,5,19,11
421542,1,1,1987,0,0,0,0,0,0,0,0,0,0
421543,1,1,1987,10,22,17,0,0,16,0,22,0,0
421543,2,1,1987,0,24,0,0,0,0,0,0,0,0
421543,3,1,1987,0,0,0,0,0,0,0,0,0,0
421544,1,1,1987,22,18,28,41,19,0,0,19,19,0
421545,1,1,1987,0,0,0,0,0,0,0,0,0,0
421546,1,1,1987,19,19,19,19,19,19,19,19,19,19
421546,2,1,1987,8,8,8,8,8,8,8,8,8,8
421547,1,1,1987,23,23,23,23,23,23,23,23,23,23
421547,2,1,1987,0,0,0,0,0,0,0,0,0,0
421548,1,1,1987,30,30,30,30,30,30,30,30,30,30
421549,1,1,1987,0,0,0,0,0,0,0,0,0,0
421549,2,1,1987,0,0,0,0,0,0,0,0,0,0
421550,1,1,1987,0,0,0,0,0,0,0,0,0,0
421550,2,1,1987,0,0,0,0,0,0,0,0,0,0
421551,1,1,1987,5,5,5,5,5,5,5,5,5,5
421552,0,1,1987,0,0,0,0,0,0,0,0,0,0
421552,1,1,1987,0,0,0,0,0,0,0,0,0,0
421553,1,1,1987,0,0,0,0,0,0,0,0,0,0
421554,0,1,1987,0,0,0,0,0,0,0,0,0,0
421554,1,1,1987,0,11,0,0,0,0,0,0,0,0
421555,1,1,1987,0,0,0,0,0,0,0,0,0,0
421555,2,1,1987,0,0,0,0,0,0,0,0,0,0
421556,1,1,1987,26,26,26,26,26,26,26,26,26,26
421557,1,1,1987,0,0,0,0,0,0,0,0,0,0
421557,2,1,1987,0,0,0,0,0,0,0,0,0,0
421558,1,1,1987,13,13,13,13,13,13,13,13,13,13
421559,1,1,1987,0,0,0,0,0,0,0,0,0,0
421559,2,1,1987,15,15,15,15,15,15,15,15,15,15
421560,1,1,1987,15,15,15,15,15,15,15,15,15,15
421561,1,1,1987,19,19,19,19,19,19,19,19,19,19
421562,1,1,1987,18,18,18,18,18,18,18,18,18,18
421563,0,1,1987,0,0,0,0,0,0,0,21,0,29