ST_CASE,VEH_NO,PER_NO,YEAR,P1,P2,P3,P4,P5,P6,P7,P8,P9,P10
421563,1,1,1987,0,0,0,0,0,0,0,0,0,0
421564,1,1,1987,8,8,8,8,8,8,8,8,8,8
421565,1,1,1987,0,0,0,0,0,0,0,0,0,0
421565,2,1,1987,0,0,0,0,0,0,0,0,0,0
421566,1,1,1987,25,25,25,25,25,25,25,25,25,25
421567,1,1,1987,0,0,0,0,0,0,0,0,0,0
421568,1,1,1987,12,12,12,12,12,12,12,12,12,12
421568,2,1,1987,0,0,0,0,0,0,0,0,0,0
421569,1,1,1987,0,13,13,15,16,0,16,15,17,0
421570,1,1,1987,20,20,20,20,20,20,20,20,20,20
421571,0,1,1987,0,0,0,0,0,0,0,0,0,0
421571,1,1,1987,0,0,0,0,0,0,0,0,0,0
421572,1,1,1987,19,19,19,19,19,19,19,19,19,19
421573,1,1,1987,8,8,8,8,8,8,8,8,8,8
421574,0,1,1987,0,0,0,0,0,0,0,0,0,0
421574,0,2,1987,3,4,0,0,0,8,0,6,5,0
421574,1,1,1987,0,0,0,0,0,0,0,0,0,0
421575,1,1,1987,0,0,0,0,0,0,0,0,0,0
421576,1,1,1987,0,0,0,0,0,0,11,0,0,0
421578,1,1,1987,0,0,0,0,0,0,0,0,0,0
421578,2,1,1987,0,0,0,0,0,0,0,0,0,0
421579,1,1,1987,37,37,37,37,37,37,37,37,37,37
421579,2,1,1987,0,0,0,0,0,0,0,0,0,19
421580,1,1,1987,0,0,0,0,0,0,0,0,0,0
421580,2,1,1987,0,0,0,0,0,0,0,0,0,0
421581,1,1,1987,22,22,22,22,22,22,22,22,22,22
421582,1,1,1987,20,20,20,20,20,20,20,20,20,20
421582,2,1,1987,0,0,0,20,24,0,0,39,0,0
421583,0,1,1987,0,0,0,0,0,0,0,0,0,0
421583,1,1,1987,0,0,0,0,0,0,0,0,0,0
421584,0,1,1987,0,0,0,0,0,0,0,0,0,0
421584,1,1,1987,0,0,16,0,0,0,0,0,0,0
421585,1,1,1987,9,2,0,10,16,20,14,0,11,12
421585,2,1,1987,0,0,0,0,0,0,0,0,0,0
421586,1,1,1987,0,0,0,0,16,0,0,0,0,0
421587,1,1,1987,7,14,10,15,21,17,9,0,0,6
421588,0,1,1987,0,10,21,0,0,10,0,0,0,17
421588,1,1,1987,11,0,0,15,25,0,13,19,0,11
421588,2,1,1987,3,14,11,6,0,0,0,3,15,0
421589,0,1,1987,0,0,0,0,0,0,0,0,0,0
421589,1,1,1987,15,15,15,15,15,15,15,15,15,15
421590,1,1,1987,17,17,17,17,17,17,17,17,17,17
421591,1,1,1987,25,25,25,25,25,25,25,25,25,25
421592,1,1,1987,0,0,13,0,0,0,0,0,21,0
421592,2,1,1987,0,0,0,0,0,0,0,0,4,0
421592,3,1,1987,0,0,0,8,0,0,0,0,0,0
421593,1,1,1987,5,5,5,5,5,5,5,5,5,5
421594,1,1,1987,0,13,10,19,17,26,12,15,9,9
421594,2,1,1987,0,0,0,8,12,0,0,0,0,0
421595,1,1,1987,0,0,0,0,0,0,0,0,0,0
421596,1,1,1987,0,0,0,0,0,0,0,0,0,0
421596,2,1,1987,0,0,0,0,0,0,0,0,0,0
421596,3,1,1987,0,0,0,0,0,0,0,0,0,0
421596,4,1,1987,0,0,0,0,0,0,0,0,0,0
421597,1,1,1987,18,18,18,18,18,18,18,18,18,18
421597,2,1,1987,0,0,0,0,0,0,0,0,0,17
421598,1,1,1987,0,0,0,0,0,0,0,0,0,0
421599,1,1,1987,18,0,0,0,0,0,0,0,0,0
421599,2,1,1987,0,0,0,0,0,0,0,0,0,0
421600,1,1,1987,4,4,4,4,4,4,4,4,4,4
421600,2,1,1987,0,0,0,0,0,0,0,0,0,0
421601,1,1,1987,0,0,0,0,0,0,0,0,0,0
421602,0,1,1987,0,0,0,0,0,0,0,0,0,0
421602,1,1,1987,0,0,0,0,0,0,0,0,0,0
421602,2,1,1987,0,0,0,0,0,0,0,0,0,0
421603,1,1,1987,21,24,16,29,11,18,13,10,8,8
421604,0,1,1987,12,12,12,12,12,12,12,12,12,12
421604,1,1,1987,0,0,0,0,0,0,0,0,0,0
421605,1,1,1987,0,0,0,0,0,0,0,0,0,0
421605,2,1,1987,6,0,0,0,0,0,0,0,5,0
421606,1,1,1987,23,0,17,8,15,19,20,13,16,19
421606,2,1,1987,0,0,0,0,0,0,0,0,0,0
421607,1,1,1987,16,16,16,16,16,16,16,16,16,16
421609,1,1,1987,0,0,0,17,12,0,0,0,0,0
421609,2,1,1987,0,0,0,0,0,0,0,0,0,0
421610,1,1,1987,10,10,10,10,10,10,10,10,10,10
421610,2,1,1987,0,0,0,0,0,0,0,0,0,0
421610,3,1,1987,0,15,0,0,0,0,0,0,0,0
421611,1,1,1987,0,0,0,0,0,0,0,0,0,0
421612,0,1,1987,0,15,0,0,0,0,0,0,0,0
421612,1,1,1987,0,0,0,0,0,0,0,0,0,0
421613,1,1,1987,0,0,0,0,0,0,0,0,0,0
421614,1,1,1987,24,24,24,24,24,24,24,24,24,24
421615,0,1,1987,33,33,33,33,33,33,33,33,33,33
421615,1,1,1987,0,0,0,0,0,0,0,20,0,0
421616,1,1,1987,0,0,0,12,0,0,0,0,0,0
421616,2,1,1987,0,0,0,0,0,0,0,0,0,0
421617,1,1,1987,0,0,0,0,0,0,0,0,0,0
421617,2,1,1987,0,0,0,0,0,0,0,0,0,0
421618,1,1,1987,32,32,32,32,32,32,32,32,32,32
421619,0,1,1987,0,21,0,0,0,22,4,0,0,21
421619,1,1,1987,0,0,0,0,0,0,0,0,0,0
421620,0,1,1987,0,0,0,0,0,0,0,0,0,0
421620,1,1,1987,0,0,0,0,0,0,0,0,0,0
421621,1,1,1987,0,0,0,0,0,0,0,0,0,0
421621,2,1,1987,0,0,0,0,0,0,0,0,0,0
421622,1,1,1987,27,27,27,27,27,27,27,27,27,27
421623,1,1,1987,22,17,14,7,19,3,28,3,3,0
421624,1,1,1987,0,0,0,0,0,0,0,0,0,0
421624,2,1,1987,0,0,0,0,0,0,0,0,0,0
421625,1,1,1987,14,14,14,14,14,14,14,14,14,14
421626,1,1,1987,16,16,16,16,16,16,16,16,16,16
421627,1,1,1987,23,23,23,23,23,23,23,23,23,23
421628,1,1,1987,0,0,0,0,0,0,0,0,0,0
421629,1,1,1987,0,0,0,0,0,0,0,0,0,0
421629,2,1,1987,0,0,0,0,0,0,0,0,0,0
421630,0,1,1987,0,0,0,0,0,0,0,0,8,2
421630,0,2,1987,0,0,0,0,0,0,0,0,0,0
421630,1,1,1987,35,0,0,0,14,0,6,0,0,0
421631,0,1,1987,0,0,0,0,0,0,0,0,0,0
421631,2,1,1987,0,0,0,0,0,0,0,0,0,0
421632,0,1,1987,28,16,0,22,13,32,19,0,17,0
421632,1,1,1987,0,0,0,0,0,0,0,0,0,0
421633,1,1,1987,21,21,21,21,21,21,21,21,21,21
421634,1,1,1987,18,0,0,15,0,0,0,0,18,0
421634,2,1,1987,10,10,10,10,10,10,10,10,10,10
421635,1,1,1987,6,6,6,6,6,6,6,6,6,6
421635,2,1,1987,0,0,0,0,0,0,0,0,0,0
421636,1,1,1987,0,26,0,0,0,0,0,0,0,0
421637,1,1,1987,27,27,27,27,27,27,27,27,27,27
421638,1,1,1987,0,0,0,0,0,0,0,0,0,0
421638,2,1,1987,0,0,0,0,17,0,0,0,0,0
421639,1,1,1987,0,0,0,0,0,0,0,0,0,0
421640,1,1,1987,0,0,0,0,0,0,0,0,0,0
421640,2,1,1987,0,0,0,0,0,0,0,0,0,0
421641,1,1,1987,22,22,22,22,22,22,22,22,22,22
421642,1,1,1987,15,21,13,20,21,18,15,25,2,19
421643,1,1,1987,24,24,24,24,24,24,24,24,24,24
421643,2,1,1987,0,0,15,0,0,0,0,0,0,0
421644,1,1,1987,0,0,0,0,0,0,0,0,0,0
421644,2,1,1987,0,0,0,0,0,0,0,0,0,0
421645,1,1,1987,10,0,0,0,0,0,0,0,0,0
421646,1,1,1987,27,27,27,27,27,27,27,27,27,27
421647,1,1,1987,0,0,0,0,0,0,0,0,0,0
421648,0,1,1987,0,0,0,0,0,0,0,0,0,0
421648,1,1,1987,0,0,0,0,0,0,0,0,0,0
421649,1,1,1987,4,4,4,4,4,4,4,4,4,4
421649,2,1,1987,0,0,0,0,0,0,0,0,0,0
421650,1,1,1987,0,0,0,0,0,0,0,0,0,0
421650,2,1,1987,0,0,0,0,0,0,0,0,0,0
421651,1,1,1987,0,0,0,0,0,0,0,0,0,0
421651,2,1,1987,0,0,0,0,0,0,0,0,0,0
421652,1,1,1987,27,27,27,27,27,27,27,27,27,27
421653,1,1,1987,13,5,13,9,23,5,3,9,16,13
421654,1,1,1987,15,0,32,0,0,15,12,0,0,17
421654,2,1,1987,0,0,0,0,0,0,0,0,0,5
421654,3,1,1987,0,0,0,9,0,0,0,0,0,32
421654,4,1,1987,0,0,0,0,0,0,0,0,0,0
421655,1,1,1987,0,6,0,0,0,0,0,0,0,13
421656,1,1,1987,1,1,1,1,1,1,1,1,1,1
421656,2,1,1987,0,0,0,0,0,6,0,0,0,0
421657,1,1,1987,0,0,0,0,0,0,0,0,0,0
421657,2,1,1987,1,1,1,1,1,1,1,1,1,1
421658,1,1,1987,14,14,14,14,14,14,14,14,14,14
421659,1,1,1987,0,0,0,0,27,0,0,0,0,0
421659,2,1,1987,0,0,15,0,0,0,0,9,18,0
421660,1,1,1987,0,2,0,0,0,0,0,0,0,0
421660,2,1,1987,0,0,0,0,0,0,0,0,0,0
421661,1,1,1987,26,26,26,26,26,26,26,26,26,26
421662,1,1,1987,19,19,19,19,19,19,19,19,19,19
421663,1,1,1987,0,0,0,0,17,0,0,0,0,0
421663,2,1,1987,0,0,0,0,0,0,0,0,0,0
421664,1,1,1987,0,0,0,0,0,0,0,0,0,0
421664,2,1,1987,0,0,0,0,0,0,0,0,0,0
421665,1,1,1987,22,22,22,22,22,22,22,22,22,22
421665,2,1,1987,0,0,0,0,0,0,0,0,0,0
421666,1,1,1987,23,23,23,23,23,23,23,23,23,23
421666,2,1,1987,0,0,0,0,0,0,0,0,0,0
421667,0,1,1987,0,0,0,0,0,17,0,0,0,0
421667,1,1,1987,0,0,0,0,0,0,0,0,0,0
421668,0,1,1987,0,0,0,0,0,0,0,0,0,0
421668,1,1,1987,0,0,0,0,0,0,0,0,0,0
421669,0,1,1987,0,0,0,0,0,0,0,0,0,0
421669,1,1,1987,0,26,0,14,0,0,0,27,0,0
421670,1,1,1987,25,25,25,25,25,25,25,25,25,25
421671,0,1,1987,0,0,0,0,0,0,0,0,0,0
421671,1,1,1987,0,0,0,0,0,0,0,0,0,0
421672,1,1,1987,14,0,0,16,0,0,0,0,0,18
421672,2,1,1987,0,0,0,0,0,0,0,0,0,0
421672,3,1,1987,0,0,0,0,0,0,0,0,0,0
421673,1,1,1987,0,0,0,0,0,0,0,0,0,0
421674,1,1,1987,0,0,0,0,0,0,0,0,0,0
421674,2,1,1987,0,0,0,0,0,0,0,0,0,0
421675,1,1,1987,28,28,28,28,28,28,28,28,28,28
421676,1,1,1987,0,0,0,0,0,0,0,0,0,0
421676,2,1,1987,0,0,0,0,0,0,0,0,0,0
421677,1,1,1987,0,0,0,0,0,0,0,0,0,0
421677,2,1,1987,0,0,0,0,0,0,0,0,0,0
421677,3,1,1987,4,4,4,4,4,4,4,4,4,4
421678,1,1,1987,14,14,14,14,14,14,14,14,14,14
421679,0,1,1987,47,47,47,47,47,47,47,47,47,47
421679,1,1,1987,0,0,0,0,0,0,0,0,0,0
421680,1,1,1987,15,15,15,15,15,15,15,15,15,15
421681,1,1,1987,0,0,0,0,0,0,0,0,0,0
421681,2,1,1987,0,0,0,0,0,0,0,0,0,0
421683,2,1,1987,0,0,0,0,21,0,0,0,0,0
421684,0,1,1987,3,3,3,3,3,3,3,3,3,3
421684,1,1,1987,0,0,0,0,0,0,0,0,0,0
421685,1,1,1987,0,0,0,0,0,0,0,0,0,0
421686,1,1,1987,24,24,24,24,24,24,24,24,24,24
421687,1,1,1987,18,23,23,23,27,5,22,19,9,14
421688,0,1,1987,21,21,21,21,21,21,21,21,21,21
421688,1,1,1987,0,0,0,0,0,9,13,0,0,0
421689,1,1,1987,0,0,0,0,0,0,0,0,0,0
421689,2,1,1987,0,0,0,0,0,0,0,0,0,0
421689,3,1,1987,0,0,0,0,0,0,0,0,0,0
421689,4,1,1987,0,0,0,0,0,0,0,0,0,0
421689,5,1,1987,0,0,0,0,0,0,0,0,0,0
421690,0,1,1987,0,0,0,0,0,0,0,0,0,0
421690,1,1,1987,0,0,0,0,0,0,14,0,0,0
421691,1,1,1987,0,0,0,0,0,0,0,0,0,0
421691,2,1,1987,0,0,0,0,0,0,0,0,0,0
421692,1,1,1987,0,0,0,0,0,0,0,0,0,0
421692,2,1,1987,0,0,0,0,0,0,0,0,0,0
421694,1,1,1987,0,0,0,0,0,0,0,0,0,0
421694,2,1,1987,0,0,0,0,0,0,0,0,0,0
421695,1,1,1987,0,0,0,0,0,0,0,0,0,0
421695,2,1,1987,0,0,0,14,0,0,0,0,0,0
421695,3,1,1987,0,0,0,0,0,0,0,0,0,0
421696,1,1,1987,0,0,0,0,0,0,0,0,0,0
421696,2,1,1987,0,0,0,0,0,0,0,0,0,0
421696,3,1,1987,0,0,0,0,0,0,0,0,0,0
421698,1,1,1987,0,0,0,0,0,0,0,0,0,0
421698,2,1,1987,0,0,0,0,0,7,0,0,0,0
421698,3,1,1987,0,0,0,0,0,0,0,0,0,0
421699,1,1,1987,0,0,0,0,0,0,0,0,0,0
421699,2,1,1987,0,0,0,0,0,0,0,0,0,0
421700,0,1,1987,0,0,0,0,0,0,0,0,0,0
421700,1,1,1987,0,0,26,0,0,0,0,0,0,0
421701,0,1,1987,17,0,0,0,0,24,0,0,22,20
421701,1,1,1987,0,0,13,0,0,0,0,0,0,0
421702,0,1,1987,0,0,0,0,0,0,0,0,0,0
421702,1,1,1987,0,0,0,0,0,0,0,0,0,0
421703,1,1,1987,5,24,16,31,14,7,29,0,24,14
421704,0,1,1987,0,0,0,0,0,0,0,0,0,0
421704,1,1,1987,12,23,21,18,10,16,32,9,11,18
421705,1,1,1987,16,16,16,16,16,16,16,16,16,16
421705,2,1,1987,0,0,0,0,0,0,5,0,0,5
421706,1,1,1987,35,35,35,35,35,35,35,35,35,35
421706,2,1,1987,0,0,0,0,0,0,0,0,0,0
421707,1,1,1987,0,0,0,0,0,0,0,0,0,0
421707,2,1,1987,0,0,0,0,0,0,0,0,0,0
421708,1,1,1987,15,15,15,15,15,15,15,15,15,15
421709,1,1,1987,12,12,12,12,12,12,12,12,12,12
421709,2,1,1987,19,16,0,20,0,0,17,0,0,0
421710,1,1,1987,0,0,0,0,0,0,0,0,0,0
421711,1,1,1987,26,26,26,26,26,26,26,26,26,26
421711,2,1,1987,0,0,0,0,0,0,0,0,0,0
421712,1,1,1987,17,11,0,8,13,13,32,13,13,14
421713,1,1,1987,20,10,22,0,11,26,18,0,22,0
421714,1,1,1987,0,0,0,0,0,0,0,0,0,0
421714,2,1,1987,0,0,0,0,0,0,0,0,12,0
421715,1,1,1987,27,27,27,27,27,27,27,27,27,27
421716,1,1,1987,0,0,0,0,0,0,0,0,0,0
421716,2,1,1987,0,0,0,0,0,0,0,0,0,0
421717,0,1,1987,0,0,0,0,0,0,0,0,0,0
421717,1,1,1987,0,0,0,0,0,13,10,0,0,4
421718,0,1,1987,22,22,22,22,22,22,22,22,22,22
421718,1,1,1987,39,14,0,25,0,0,15,23,24,0
421719,1,1,1987,26,26,26,26,26,26,26,26,26,26
421719,2,1,1987,0,0,0,0,0,0,0,0,0,0
421720,1,1,1987,0,0,0,0,0,0,0,0,0,0
421720,2,1,1987,0,0,0,0,0,0,0,0,0,0
421721,1,1,1987,21,21,21,21,21,21,21,21,21,21
421722,1,1,1987,0,0,0,0,0,0,0,0,0,0
421722,2,1,1987,0,0,0,0,0,0,0,0,0,0
421723,1,1,1987,15,15,15,15,15,15,15,15,15,15
421724,0,1,1987,0,0,0,0,0,0,0,0,0,0
421724,1,1,1987,0,0,0,0,0,0,0,0,0,0
421725,1,1,1987,0,0,0,0,0,0,0,0,0,0
421725,2,1,1987,0,0,0,0,0,0,0,0,0,0
421726,1,1,1987,0,18,0,0,0,0,0,0,0,0
421727,1,1,1987,0,0,0,0,0,0,0,0,0,0
421727,2,1,1987,0,0,0,0,0,0,0,0,0,0
421728,1,1,1987,21,21,21,21,21,21,21,21,21,21
421729,1,1,1987,0,0,0,0,0,0,0,0,0,0
421729,2,1,1987,0,0,0,0,0,0,0,0,0,0
421730,0,1,1987,32,32,32,32,32,32,32,32,32,32
421730,1,1,1987,0,0,0,0,0,0,0,0,11,0
421731,1,1,1987,0,0,0,0,0,0,0,0,0,0
421732,1,1,1987,0,0,0,0,0,0,0,0,0,0
421733,1,1,1987,17,17,17,17,17,17,17,17,17,17
421734,1,1,1987,0,0,0,0,0,0,0,0,0,0
421735,1,1,1987,0,0,0,0,0,0,0,0,0,0
421736,0,1,1987,0,0,0,0,0,0,0,0,0,0
421736,1,1,1987,0,0,0,0,0,0,0,0,0,0
421737,1,1,1987,12,12,12,12,12,12,12,12,12,12
421737,2,1,1987,14,14,14,14,14,14,14,14,14,14
421738,0,1,1987,0,0,0,7,0,13,0,36,0,0
421738,1,1,1987,27,27,27,27,27,27,27,27,27,27
421739,1,1,1987,13,13,13,13,13,13,13,13,13,13
421739,2,1,1987,4,4,4,4,4,4,4,4,4,4
421740,1,1,1987,13,13,13,13,13,13,13,13,13,13
421740,2,1,1987,0,0,0,0,0,0,0,0,0,0
421741,1,1,1987,18,18,18,18,18,18,18,18,18,18
421742,0,1,1987,19,19,19,19,19,19,19,19,19,19
421742,1,1,1987,0,0,0,0,0,0,0,0,0,0
421742,2,1,1987,0,0,0,25,0,0,0,0,0,0
421743,0,1,1987,0,0,0,0,0,0,0,0,0,0
421743,1,1,1987,0,0,0,0,0,12,0,0,0,0
421743,2,1,1987,8,0,0,0,0,0,0,0,0,0
421744,1,1,1987,0,0,0,0,0,0,0,0,0,0
421744,2,1,1987,0,0,0,0,0,0,0,0,0,0
421745,1,1,1987,0,0,0,0,0,0,0,0,0,0
421745,2,1,1987,0,0,0,0,0,0,0,0,0,0
421746,1,1,1987,0,0,0,0,0,0,0,0,0,0
421746,2,1,1987,0,0,0,0,0,0,0,0,0,0
421747,1,1,1987,0,10,0,0,0,0,0,0,0,0
421747,2,1,1987,0,0,0,0,0,0,0,0,0,0
421748,1,1,1987,27,27,27,27,27,27,27,27,27,27
421749,1,1,1987,0,0,0,0,0,0,0,0,0,0
421750,1,1,1987,0,0,0,0,0,0,0,0,0,0
421750,2,1,1987,0,0,0,0,0,0,0,0,0,0
421750,3,1,1987,0,0,0,0,0,0,0,0,0,0
421750,4,1,1987,0,0,0,0,0,0,0,0,0,0
421750,5,1,1987,0,0,0,0,0,0,0,0,0,0
421750,6,1,1987,0,0,7,0,0,0,0,0,0,0
421750,7,1,1987,0,0,0,0,0,0,0,0,0,0
421750,8,1,1987,3,0,0,0,11,0,0,0,0,0
421750,9,1,1987,0,0,0,0,0,0,0,0,0,0
421750,10,1,1987,9,0,0,0,0,0,0,0,0,0
421750,11,1,1987,0,0,0,0,0,0,0,0,0,0
421750,12,1,1987,0,0,0,0,0,0,0,0,0,0
421750,13,1,1987,0,0,11,0,0,0,0,0,0,0
421750,14,1,1987,0,0,0,0,0,0,0,0,0,0
421750,15,1,1987,0,0,0,0,0,0,0,0,0,0
421750,16,1,1987,0,0,0,0,0,12,0,0,0,0
421750,17,1,1987,0,0,0,0,0,0,0,0,0,0
421750,18,1,1987,0,0,12,0,0,0,0,0,0,0
421751,1,1,1987,0,0,0,0,0,0,0,0,0,0
421751,2,1,1987,0,0,0,0,0,0,0,0,0,0
421752,1,1,1987,30,30,30,30,30,30,30,30,30,30
421753,1,1,1987,0,0,0,0,0,0,0,0,0,0
421754,1,1,1987,23,23,23,23,23,23,23,23,23,23
421754,2,1,1987,18,18,18,18,18,18,18,18,18,18
421755,1,1,1987,16,16,16,16,16,16,16,16,16,16
421756,1,1,1987,0,0,0,0,0,0,0,0,0,0
421756,2,1,1987,0,0,13,0,0,0,0,0,0,0
421756,3,1,1987,10,15,0,0,0,0,0,29,0,0
421757,1,1,1987,37,37,37,37,37,37,37,37,37,37
421757,2,1,1987,13,13,13,13,13,13,13,13,13,13
421758,1,1,1987,34,34,26,34,15,38,20,37,6,14
421758,2,1,1987,0,0,0,0,0,0,0,0,0,0
421759,1,1,1987,0,0,0,0,0,0,0,0,0,0
421760,0,1,1987,19,19,19,19,19,19,19,19,19,19
421760,1,1,1987,0,0,0,0,10,0,6,0,0,0
421760,2,1,1987,9,0,0,0,0,0,0,0,0,0
421760,3,1,1987,0,0,18,0,0,8,0,0,0,0
421761,0,1,1987,9,9,9,9,9,9,9,9,9,9
421761,1,1,1987,0,0,0,0,0,0,0,0,0,0
421762,1,1,1987,10,10,19,0,11,17,22,8,2,15
421763,0,1,1987,0,0,0,0,0,0,0,0,0,0
421763,1,1,1987,0,0,0,0,0,0,0,0,12,0
421764,1,1,1987,18,18,18,18,18,18,18,18,18,18
421764,2,1,1987,14,0,0,0,0,0,0,0,0,13
421765,1,1,1987,0,0,0,0,0,0,0,0,0,0
421765,2,1,1987,0,0,0,0,0,0,0,0,0,0
421766,1,1,1987,0,0,0,0,0,0,0,0,0,0
421766,2,1,1987,11,10,9,18,10,10,9,24,14,32
421767,1,1,1987,31,0,32,0,15,26,22,18,22,0
421767,2,1,1987,11,0,6,0,0,0,0,0,0,0
421768,0,1,1987,0,0,0,0,0,0,0,0,0,0
421768,1,1,1987,0,0,0,0,0,0,0,0,0,0
421769,1,1,1987,14,0,30,17,6,0,0,29,17,5
421770,1,1,1987,0,0,11,10,0,0,13,0,0,0
421771,0,1,1987,18,0,0,0,0,0,0,0,0,0
421771,1,1,1987,0,0,0,0,0,27,0,0,0,0
421771,2,1,1987,0,0,0,0,0,0,0,0,0,0
421771,3,1,1987,0,0,0,0,0,0,0,0,0,0
421772,1,1,1987,0,0,0,0,0,0,0,0,0,0
421772,2,1,1987,0,0,0,0,0,0,22,0,0,0
421773,1,1,1987,0,34,0,0,16,18,0,0,0,0
421773,2,1,1987,2,2,2,2,2,2,2,2,2,2
421773,3,1,1987,0,0,0,0,0,0,0,0,0,0
421774,1,1,1987,6,6,6,6,6,6,6,6,6,6
421775,0,1,1987,14,14,14,14,14,14,14,14,14,14
421775,1,1,1987,21,26,16,17,13,9,14,14,21,11
421776,0,1,1987,0,0,0,0,0,0,0,0,0,0
421776,1,1,1987,0,0,0,0,0,0,0,0,0,0
421777,1,1,1987,24,38,14,35,30,19,23,10,22,18
421778,1,1,1987,9,0,7,15,16,7,7,9,10,22
421778,2,1,1987,0,0,0,0,0,0,0,0,0,12
421779,1,1,1987,19,19,19,19,19,19,19,19,19,19
421780,1,1,1987,12,12,12,12,12,12,12,12,12,12
421781,1,1,1987,0,0,0,0,0,0,0,0,0,0
421781,2,1,1987,22,0,0,0,0,23,0,5,24,0
421782,1,1,1987,35,0,0,0,10,0,0,0,0,0
421782,2,1,1987,0,0,0,0,0,0,0,0,0,0
421783,0,1,1987,43,43,43,43,43,43,43,43,43,43
421783,1,1,1987,0,12,16,0,7,27,0,17,19,10
421784,0,1,1987,0,4,0,0,0,0,0,0,0,0
421784,1,1,1987,0,0,0,0,0,0,0,0,0,0
421785,1,1,1987,22,22,22,22,22,22,22,22,22,22
421785,2,1,1987,20,20,20,20,20,20,20,20,20,20
421786,1,1,1987,0,0,0,0,0,0,0,0,0,0
421786,2,1,1987,0,0,0,0,0,0,0,0,0,0
421787,1,1,1987,0,0,0,0,0,0,0,0,0,2
421787,2,1,1987,0,0,0,0,0,0,0,0,0,0
421788,1,1,1987,19,19,19,19,19,19,19,19,19,19
421788,2,1,1987,8,8,8,8,8,8,8,8,8,8
421789,0,1,1987,0,0,0,0,0,0,0,0,0,0
421789,1,1,1987,0,0,0,0,0,0,0,0,0,0
421790,1,1,1987,0,0,0,0,0,0,0,0,0,0
421790,2,1,1987,0,0,0,0,0,0,0,0,0,0
421791,1,1,1987,0,0,0,22,0,25,15,11,0,12
421791,2,1,1987,0,0,0,0,0,0,0,0,0,0
421792,0,1,1987,0,0,0,0,0,0,0,0,0,0
421792,1,1,1987,0,0,0,0,0,0,0,0,0,24
421793,0,1,1987,15,46,22,32,0,13,9,32,24,28
421793,1,1,1987,0,0,0,0,0,0,33,0,16,0
421794,1,1,1987,0,0,0,0,0,0,0,0,0,0
421794,2,1,1987,0,0,0,0,0,0,0,0,0,0
421795,1,1,1987,0,0,0,0,0,0,0,0,0,0
421796,1,1,1987,15,15,15,15,15,15,15,15,15,15
421796,2,1,1987,0,0,0,0,0,0,0,0,0,22
421797,0,1,1987,0,0,25,0,13,17,0,0,0,0
421797,1,1,1987,0,0,0,0,0,0,0,0,0,0
421798,0,1,1987,0,0,0,0,0,0,0,0,0,0
421798,1,1,1987,9,0,0,0,0,0,0,0,21,0
421799,1,1,1987,0,0,0,0,0,0,0,0,0,0
421800,1,1,1987,27,27,27,27,27,27,27,27,27,27
421801,1,1,1987,0,0,0,0,0,0,0,0,0,0
421801,2,1,1987,0,0,0,0,0,0,0,0,0,0
421801,3,1,1987,0,0,0,0,0,0,0,0,0,0
421803,0,1,1987,0,0,0,0,0,0,0,0,0,0
421803,1,1,1987,0,0,0,0,0,0,0,0,0,0
421803,2,1,1987,0,0,0,0,0,0,0,0,0,0
421804,1,1,1987,0,0,0,0,0,0,0,0,0,32
421805,1,1,1987,0,0,0,0,0,0,0,0,0,0
421805,2,1,1987,0,0,0,0,0,0,0,0,0,0
421806,1,1,1987,0,0,0,0,0,0,0,0,0,0
421806,2,1,1987,0,0,0,0,0,0,0,0,0,0
421807,1,1,1987,0,0,0,0,0,0,0,0,0,0
421808,1,1,1987,0,0,0,0,0,0,0,0,0,0
421808,2,1,1987,0,19,0,0,0,2,0,0,0,0
421809,1,1,1987,19,0,0,9,0,0,0,0,0,0
421809,2,1,1987,0,0,0,0,0,0,0,0,0,0
421810,1,1,1987,0,0,0,0,0,0,0,0,0,0
421810,2,1,1987,0,0,0,0,0,0,0,0,0,0
421811,1,1,1987,0,0,0,0,15,0,0,0,0,22
421811,2,1,1987,0,0,0,0,0,0,0,0,0,0
421812,1,1,1987,14,14,14,14,14,14,14,14,14,14
421812,2,1,1987,0,0,0,0,0,0,0,0,0,0
421813,1,1,1987,9,9,9,9,9,9,9,9,9,9
421814,1,1,1987,14,14,14,14,14,14,14,14,14,14
421815,0,1,1987,0,0,0,0,0,0,0,0,0,0
421815,1,1,1987,0,0,0,3,0,0,0,0,0,0
421816,1,1,1987,0,0,0,0,0,0,0,0,0,0
421816,2,1,1987,0,0,0,0,0,0,0,0,0,0
421817,0,1,1987,0,0,0,0,0,0,0,0,0,0
421817,1,1,1987,1,1,1,1,1,1,1,1,1,1
440001,1,1,1987,0,0,0,0,0,0,0,0,0,0
440001,2,1,1987,0,0,0,0,0,0,0,0,0,0
440002,1,3,1987,0,0,0,0,0,0,0,12,0,12
440002,2,1,1987,0,0,0,0,0,0,0,20,0,0
440002,3,1,1987,0,0,0,0,0,0,0,0,0,0
440003,1,1,1987,20,20,20,20,20,20,20,20,20,20
440004,1,1,1987,0,0,0,0,0,0,0,0,0,0
440004,2,1,1987,0,0,0,0,0,0,0,0,0,0
440004,3,1,1987,0,0,0,0,19,0,0,0,0,0
440005,1,1,1987,0,0,0,0,0,0,0,12,0,0
440006,1,1,1987,0,0,0,0,0,18,0,8,0,0
440006,2,1,1987,0,0,0,0,0,0,0,0,0,0