ST_CASE,VEH_NO,PER_NO,YEAR,P1,P2,P3,P4,P5,P6,P7,P8,P9,P10
440006,3,1,1987,0,0,0,0,0,0,0,0,0,0
440007,1,1,1987,12,0,30,13,9,0,9,0,0,0
440007,2,1,1987,0,0,0,7,0,0,6,0,0,0
440007,3,1,1987,13,0,4,24,0,0,0,16,0,15
440008,1,2,1987,0,0,29,0,21,16,0,32,18,0
440008,2,1,1987,9,0,0,0,0,0,0,0,0,0
440009,1,1,1987,20,20,20,20,20,20,20,20,20,20
440010,1,1,1987,0,0,0,0,0,0,0,0,0,0
440011,1,1,1987,19,11,0,0,16,9,0,0,0,27
440012,1,1,1987,12,11,10,24,2,5,23,37,36,21
440013,1,1,1987,13,13,13,13,13,13,13,13,13,13
440013,2,1,1987,17,17,17,17,17,17,17,17,17,17
440014,1,1,1987,0,0,0,0,15,0,0,0,0,0
440014,2,1,1987,17,17,17,17,17,17,17,17,17,17
440015,1,1,1987,0,0,0,0,0,0,0,0,0,0
440015,2,1,1987,0,0,0,0,0,0,0,0,0,0
440015,3,1,1987,0,0,0,0,0,0,0,0,0,0
440016,1,2,1987,0,0,16,14,0,0,0,0,23,0
440018,1,1,1987,14,14,14,14,14,14,14,14,14,14
440019,1,1,1987,0,0,0,0,0,0,0,0,0,0
440019,2,1,1987,0,0,0,0,0,0,0,0,0,0
440022,0,1,1987,0,0,0,0,19,0,0,0,0,0
440022,1,1,1987,6,0,0,0,0,0,21,10,26,0
440023,1,2,1987,22,20,5,11,10,13,20,23,9,12
440024,1,1,1987,17,17,17,17,17,17,17,17,17,17
440026,0,1,1987,0,23,8,21,18,10,16,23,13,24
440026,1,1,1987,0,0,0,0,0,0,0,0,0,0
440027,1,1,1987,12,12,12,12,12,12,12,12,12,12
440029,1,1,1987,5,0,0,7,24,8,0,27,10,0
440029,2,1,1987,0,0,0,0,0,0,0,0,0,0
440030,0,1,1987,0,0,0,0,0,0,0,0,0,0
440030,0,2,1987,0,0,0,0,0,0,0,0,0,0
440030,0,3,1987,35,23,31,13,9,8,6,20,20,0
440030,1,1,1987,0,0,0,0,0,20,0,0,0,0
440030,2,1,1987,0,0,0,0,0,13,0,0,0,0
440031,1,1,1987,18,18,18,18,18,18,18,18,18,18
440032,1,1,1987,19,26,17,15,13,23,10,29,23,14
440033,1,1,1987,0,12,0,5,15,0,0,30,31,12
440034,1,1,1987,0,0,0,0,0,0,0,0,0,0
440035,1,1,1987,0,0,1,0,11,0,0,0,13,15
440035,2,1,1987,0,0,0,0,11,0,0,0,37,0
440036,1,1,1987,0,0,0,0,0,0,0,0,0,0
440037,1,2,1987,0,13,0,0,13,5,0,0,0,0
440038,1,2,1987,0,0,0,0,0,0,0,0,0,0
440038,2,1,1987,0,0,0,0,0,0,0,0,0,0
440039,0,1,1987,18,18,18,18,18,18,18,18,18,18
440039,1,1,1987,0,0,0,0,0,0,0,0,0,0
440040,1,1,1987,11,11,11,11,11,11,11,11,11,11
440041,1,1,1987,22,22,22,22,22,22,22,22,22,22
440042,1,1,1987,0,0,2,0,0,0,6,0,0,0
440042,2,1,1987,0,0,0,0,0,0,0,0,7,0
440043,0,1,1987,0,0,0,0,0,0,0,0,0,0
440043,1,1,1987,0,0,0,0,0,0,0,0,0,0
440044,1,2,1987,0,0,0,0,0,0,0,0,0,0
440045,0,1,1987,0,0,15,9,0,0,0,0,0,0
440045,1,1,1987,0,12,0,0,0,0,9,12,0,12
440046,1,1,1987,21,4,11,23,22,6,20,7,0,0
440047,0,1,1987,0,17,26,0,38,0,18,0,0,23
440047,1,1,1987,0,0,0,0,0,0,0,0,0,0
440048,1,1,1987,0,0,14,0,0,0,0,0,0,0
440048,2,1,1987,0,0,0,0,0,0,0,0,0,0
440048,3,1,1987,0,0,0,0,0,0,0,0,0,0
440049,0,1,1987,0,0,0,0,0,9,0,0,0,0
440049,1,1,1987,0,0,0,0,0,0,0,0,0,2
440050,1,2,1987,0,0,0,0,0,0,0,0,0,0
440051,1,2,1987,18,0,0,10,6,13,17,12,11,13
440052,1,1,1987,17,29,0,10,17,20,0,0,21,27
440053,1,1,1987,0,0,0,0,0,0,0,0,0,0
440053,2,1,1987,0,0,0,0,0,0,0,0,0,0
440054,1,1,1987,24,9,32,26,23,10,0,24,24,18
440054,2,1,1987,0,0,0,0,0,9,0,0,0,0
440054,3,1,1987,22,6,0,0,0,0,7,0,0,11
440055,1,1,1987,0,0,0,0,0,0,0,0,0,0
440056,1,1,1987,8,8,8,8,8,8,8,8,8,8
440058,1,1,1987,0,0,0,0,0,0,0,0,0,0
440058,2,1,1987,0,0,0,0,0,0,0,0,0,0
440058,3,1,1987,0,17,0,0,0,11,0,0,12,9
440058,4,1,1987,0,0,0,0,0,0,0,0,17,0
440059,1,1,1987,0,0,0,19,16,19,0,0,0,0
440059,2,1,1987,0,0,0,0,0,0,0,0,0,0
440060,0,1,1987,0,0,0,0,0,0,0,0,0,0
440060,1,1,1987,0,0,0,0,0,0,0,0,0,0
440061,0,1,1987,16,0,0,0,0,3,21,23,0,33
440061,1,1,1987,0,21,0,0,0,0,0,0,0,18
440062,0,1,1987,0,0,0,0,0,0,0,0,0,0
440062,1,1,1987,0,0,0,0,0,0,0,0,0,0
440063,0,1,1987,0,0,0,0,0,0,0,0,0,0
440063,1,1,1987,0,0,24,0,19,10,22,19,0,0
440064,1,1,1987,14,0,0,0,0,0,0,17,0,0
440064,2,1,1987,17,0,19,0,0,13,0,20,0,0
440065,1,1,1987,28,28,28,28,28,28,28,28,28,28
440065,2,1,1987,0,17,9,0,0,0,10,5,0,0
440066,1,1,1987,0,0,0,0,0,0,0,0,0,0
440067,1,1,1987,0,0,0,12,29,0,19,14,8,0
440068,1,1,1987,0,0,13,0,0,0,0,0,0,0
440069,1,2,1987,0,0,0,0,0,0,0,0,0,0
440069,2,1,1987,0,0,0,0,0,0,0,0,0,0
440070,1,1,1987,9,12,22,20,16,19,8,29,5,13
440070,2,1,1987,0,0,0,0,17,5,0,0,0,6
440071,0,1,1987,0,0,0,0,0,0,0,0,0,0
440071,0,2,1987,0,0,0,0,0,0,0,0,0,0
440071,1,1,1987,38,38,38,38,38,38,38,38,38,38
440072,1,1,1987,5,0,0,0,13,0,0,0,0,0
440073,1,1,1987,33,29,30,17,43,14,10,24,10,27
440073,2,1,1987,0,0,0,0,0,0,0,5,0,0
440074,1,1,1987,11,0,10,7,20,11,9,0,0,12
440074,2,1,1987,9,0,0,0,0,0,0,0,12,0
440075,1,1,1987,0,17,0,0,0,0,20,0,11,7
440075,2,1,1987,0,12,0,0,0,20,0,0,0,14
440076,1,1,1987,0,19,18,4,35,9,19,0,0,25
440077,1,1,1987,0,0,0,13,0,0,9,0,0,23
440077,2,1,1987,0,0,0,4,0,12,0,0,0,0
440078,1,1,1987,0,0,0,0,0,0,0,0,0,0
440079,1,1,1987,58,20,24,8,27,15,15,33,20,23
440080,1,1,1987,0,0,0,0,0,0,0,0,0,0
440080,2,1,1987,0,0,0,0,0,0,0,0,0,0
440081,1,1,1987,0,25,0,15,0,0,0,0,16,0
440081,2,1,1987,0,0,0,0,0,0,0,0,0,0
440082,1,1,1987,7,34,3,0,19,33,8,5,30,0
440083,1,1,1987,0,0,0,12,0,0,0,0,7,0
440083,2,1,1987,0,0,0,0,0,0,0,0,0,0
440084,1,1,1987,28,28,28,28,28,28,28,28,28,28
440085,1,1,1987,0,0,0,0,0,0,0,0,0,0
440085,2,1,1987,0,0,0,0,0,0,0,0,0,0
440086,1,1,1987,0,0,0,0,0,0,0,0,0,0
440086,2,1,1987,0,0,0,0,0,0,0,0,0,0
440087,1,1,1987,0,0,0,0,0,0,0,0,0,0
440088,1,1,1987,20,9,22,27,19,12,0,17,16,16
440089,1,1,1987,10,20,27,12,18,8,28,16,15,12
440090,0,1,1987,19,22,17,22,11,12,27,4,9,31
440090,1,1,1987,0,0,0,0,0,0,0,0,2,0
440091,1,1,1987,0,5,28,0,12,0,21,0,0,0
440091,2,1,1987,0,0,0,0,0,0,0,0,0,0
440092,1,2,1987,0,10,0,0,14,0,12,25,0,0
440092,2,1,1987,0,10,21,0,8,0,0,0,0,19
440093,0,1,1987,0,0,0,0,0,0,19,16,0,0
440093,0,2,1987,0,15,0,0,0,0,0,0,15,17
440093,1,1,1987,0,0,0,0,0,0,0,0,0,0
440094,1,2,1987,0,0,0,0,0,0,0,0,0,0
440094,2,1,1987,0,0,0,0,0,0,0,0,0,0
440094,3,1,1987,0,0,0,0,0,0,0,20,0,0
440095,1,1,1987,0,14,28,0,0,0,0,7,0,0
440096,1,1,1987,13,13,13,13,13,13,13,13,13,13
440096,2,1,1987,0,0,0,0,0,0,0,0,0,0
440097,1,1,1987,0,0,34,5,10,10,22,22,13,14
440098,0,1,1987,0,0,0,24,0,0,0,26,0,19
440098,1,1,1987,0,0,0,0,0,0,0,0,0,0
440100,1,1,1987,0,0,0,0,0,0,0,0,0,0
440101,1,2,1987,0,0,0,0,0,0,0,0,0,0
440101,2,1,1987,0,0,0,0,0,0,0,0,0,0
440102,1,2,1987,12,25,5,5,0,0,0,12,0,14
440103,1,2,1987,0,0,0,0,0,0,0,0,0,0
440103,2,1,1987,0,0,0,0,0,0,0,0,0,0
440103,3,1,1987,3,0,0,0,0,0,0,0,0,0
440104,1,1,1987,0,0,0,0,0,0,0,11,0,0
440104,2,1,1987,0,0,0,0,0,0,0,0,0,0
440105,0,1,1987,0,0,0,0,0,0,0,0,0,17
440105,0,2,1987,0,0,0,0,0,0,0,0,0,0
440105,1,1,1987,0,0,0,0,20,0,16,0,0,0
440106,1,1,1987,0,0,0,0,0,0,0,0,0,0
440106,2,1,1987,0,0,0,0,0,0,0,0,14,0
440107,1,2,1987,0,0,0,0,0,0,0,0,0,0
440107,2,1,1987,0,0,0,0,0,0,0,0,0,0
440108,0,1,1987,0,0,0,9,0,0,0,0,0,0
440108,1,1,1987,0,0,0,0,0,0,0,0,0,0
440109,1,1,1987,25,25,25,25,25,25,25,25,25,25
440110,1,1,1987,16,15,10,0,0,0,0,16,21,0
440110,2,1,1987,0,13,19,17,0,0,0,0,0,19
440111,0,1,1987,20,0,14,15,40,26,26,21,0,26
440111,1,1,1987,17,0,0,0,0,0,31,0,0,0
440112,1,1,1987,19,15,6,19,0,0,4,26,21,13
440113,1,1,1987,20,24,22,30,0,27,16,7,41,42
440114,1,2,1987,11,11,14,3,19,26,18,5,10,10
440115,0,1,1987,0,0,0,0,19,0,12,13,7,0
440115,1,1,1987,0,0,0,0,0,0,0,0,0,0
450001,1,1,1987,21,21,21,21,21,21,21,21,21,21
450002,1,1,1987,17,17,17,17,17,17,17,17,17,17
450003,1,1,1987,3,3,3,3,3,3,3,3,3,3
450003,2,1,1987,12,12,12,12,12,12,12,12,12,12
450005,1,1,1987,4,4,4,4,4,4,4,4,4,4
450005,2,1,1987,7,21,12,23,0,0,8,0,15,14
450005,3,1,1987,0,0,4,0,20,0,4,0,0,0
450006,1,1,1987,0,0,0,16,0,0,0,0,0,0
450006,2,1,1987,0,0,0,0,0,0,0,0,0,0
450007,1,1,1987,0,0,0,0,0,0,0,0,0,18
450007,2,1,1987,36,36,36,36,36,36,36,36,36,36
450008,1,1,1987,20,0,0,0,0,0,0,15,19,0
450009,1,1,1987,0,0,24,0,0,0,0,0,0,0
450010,1,1,1987,18,18,18,18,18,18,18,18,18,18
450011,1,1,1987,0,0,0,0,0,0,0,0,0,0
450012,1,1,1987,0,0,0,0,0,0,0,0,0,0
450012,2,1,1987,0,0,0,0,0,0,0,0,0,0
450013,1,1,1987,14,14,14,14,14,14,14,14,14,14
450014,1,1,1987,32,21,8,25,17,10,25,9,24,6
450014,2,1,1987,9,29,20,23,5,26,20,14,10,14
450015,1,1,1987,19,19,19,19,19,19,19,19,19,19
450016,1,1,1987,19,19,19,19,19,19,19,19,19,19
450017,1,1,1987,0,0,0,34,0,0,0,48,0,7
450019,1,1,1987,0,0,0,0,0,0,0,0,0,0
450019,2,1,1987,0,0,0,0,0,0,0,0,0,0
450020,1,1,1987,0,0,0,0,0,10,0,11,0,0
450020,2,1,1987,0,0,0,0,0,0,0,0,0,0
450020,3,1,1987,0,0,0,0,0,0,34,0,0,0
450021,1,1,1987,0,0,0,0,0,0,0,0,0,28
450021,2,1,1987,0,0,0,0,11,0,0,0,0,0
450022,1,1,1987,0,0,0,0,0,0,0,0,0,0
450022,2,1,1987,24,0,0,0,0,0,0,0,0,0
450023,1,1,1987,0,0,0,0,0,0,0,0,0,0
450024,1,1,1987,0,0,0,0,0,0,0,0,0,0
450024,2,1,1987,0,0,0,0,0,0,0,0,0,0
450025,1,1,1987,0,0,0,0,0,0,0,0,0,0
450028,1,1,1987,0,0,0,0,0,0,0,0,5,21
450028,2,1,1987,32,11,34,30,9,11,6,24,21,6
450029,1,1,1987,17,17,17,17,17,17,17,17,17,17
450030,1,1,1987,0,0,0,0,0,0,0,0,0,0
450030,2,1,1987,0,0,0,0,0,0,16,0,0,0
450031,1,1,1987,13,13,13,13,13,13,13,13,13,13
450032,0,1,1987,0,0,0,0,0,0,0,0,0,0
450032,1,1,1987,0,0,0,0,11,0,0,9,0,0
450033,1,1,1987,0,24,19,0,0,0,0,40,0,25
450034,1,1,1987,0,0,15,0,0,0,0,0,0,0
450034,2,1,1987,0,0,0,0,0,0,0,0,0,11
450035,1,1,1987,0,0,0,0,0,0,0,0,0,0
450036,0,1,1987,0,0,0,0,0,0,0,0,0,0
450036,1,1,1987,0,0,0,0,0,0,0,0,0,0
450037,1,1,1987,0,0,0,0,0,0,0,0,0,0
450037,2,1,1987,0,0,0,0,0,0,0,0,0,0
450038,0,1,1987,23,23,23,23,23,23,23,23,23,23
450038,1,1,1987,15,19,30,11,11,18,0,14,19,0
450039,1,1,1987,32,8,17,11,13,10,12,6,16,28
450040,1,1,1987,0,0,0,0,0,0,0,0,0,0
450040,2,1,1987,18,0,12,0,0,0,0,0,0,0
450041,1,1,1987,33,33,33,33,33,33,33,33,33,33
450042,1,1,1987,0,0,0,0,0,0,0,0,0,0
450043,0,1,1987,0,0,0,0,0,0,0,0,0,0
450043,1,1,1987,5,5,5,5,5,5,5,5,5,5
450044,1,1,1987,31,30,23,14,17,14,25,20,27,0
450045,1,1,1987,0,0,0,0,0,0,0,0,0,0
450045,2,1,1987,0,0,0,0,0,0,15,11,0,0
450046,1,1,1987,0,0,0,5,0,25,0,2,0,0
450047,0,1,1987,0,0,0,0,0,0,0,0,0,0
450047,1,1,1987,0,0,0,0,0,0,0,0,0,0
450048,1,1,1987,4,4,4,4,4,4,4,4,4,4
450048,2,1,1987,0,0,0,11,0,0,0,0,0,9
450049,1,1,1987,0,0,0,0,0,0,0,0,0,0
450050,1,1,1987,0,0,0,0,0,0,0,0,0,0
450050,2,1,1987,31,31,31,31,31,31,31,31,31,31
450051,1,1,1987,0,0,0,0,0,0,0,0,0,0
450051,2,1,1987,28,28,28,28,28,28,28,28,28,28
450052,1,1,1987,0,0,0,0,0,0,0,0,0,0
450052,2,1,1987,0,0,10,0,0,0,0,0,0,0
450053,1,1,1987,16,8,0,12,0,21,0,0,19,0
450054,1,1,1987,0,15,0,26,0,0,0,0,0,0
450054,2,1,1987,0,0,0,0,0,0,0,0,0,0
450055,0,1,1987,12,0,14,0,0,24,14,0,0,10
450055,1,1,1987,13,10,12,18,7,6,0,9,5,10
450056,0,1,1987,0,0,3,0,0,0,0,0,8,10
450056,1,1,1987,0,0,0,0,18,0,18,26,0,0
450057,1,1,1987,0,0,0,22,15,18,0,0,0,0
450057,2,1,1987,0,0,0,0,0,0,0,0,0,0
450058,1,1,1987,14,14,14,14,14,14,14,14,14,14
450059,1,1,1987,0,0,0,0,0,0,18,11,5,0
450059,2,1,1987,0,0,0,0,0,0,0,0,0,0
450060,0,1,1987,30,11,37,12,10,20,18,37,15,0
450060,1,1,1987,0,0,0,0,0,0,0,0,0,0
450061,1,1,1987,18,18,18,18,18,18,18,18,18,18
450062,0,1,1987,15,15,15,15,15,15,15,15,15,15
450062,1,1,1987,0,0,0,0,0,0,0,0,0,0
450063,1,1,1987,0,0,0,0,0,0,0,7,0,0
450063,2,1,1987,0,0,0,0,0,0,0,0,0,0
450064,1,1,1987,18,18,18,18,18,18,18,18,18,18
450065,0,1,1987,0,12,0,0,17,46,0,0,21,0
450065,1,1,1987,0,0,0,0,0,26,0,0,0,0
450066,1,1,1987,0,0,0,0,0,0,0,0,0,0
450066,2,1,1987,0,0,0,0,0,0,0,0,0,0
450067,1,1,1987,14,14,14,14,14,14,14,14,14,14
450068,1,1,1987,0,0,0,0,22,0,0,0,22,0
450069,1,1,1987,0,0,0,0,0,0,0,0,0,0
450070,1,1,1987,0,0,0,0,0,0,0,0,0,0
450070,2,1,1987,0,0,0,0,0,0,0,0,0,0
450071,1,1,1987,16,16,16,16,16,16,16,16,16,16
450072,1,1,1987,12,12,12,12,12,12,12,12,12,12
450072,2,1,1987,10,21,5,17,3,9,22,20,12,8
450073,1,1,1987,2,2,2,2,2,2,2,2,2,2
450073,2,1,1987,0,0,0,0,0,0,0,0,0,0
450074,1,1,1987,0,0,0,0,0,0,0,0,0,0
450074,2,1,1987,16,16,16,16,16,16,16,16,16,16
450075,1,1,1987,21,21,21,21,21,21,21,21,21,21
450076,1,1,1987,0,19,0,0,0,0,0,0,0,0
450077,0,1,1987,25,25,25,25,25,25,25,25,25,25
450077,1,1,1987,0,0,0,0,0,0,0,0,0,0
450078,1,1,1987,20,20,20,20,20,20,20,20,20,20
450079,1,1,1987,0,0,0,0,0,0,0,0,0,0
450079,2,1,1987,0,0,0,0,0,0,0,0,0,0
450079,3,1,1987,0,0,0,0,14,0,0,0,0,0
450081,1,1,1987,26,26,26,26,26,26,26,26,26,26
450081,2,1,1987,0,0,0,0,0,0,0,0,0,0
450081,3,1,1987,0,0,0,0,0,0,0,0,0,0
450081,4,1,1987,0,0,0,0,0,0,0,0,0,0
450082,1,1,1987,0,0,0,0,0,0,0,0,0,0
450082,2,1,1987,0,0,0,0,0,0,0,0,0,0
450084,1,1,1987,18,18,18,18,18,18,18,18,18,18
450085,1,1,1987,0,0,0,0,0,0,0,0,8,0
450085,2,1,1987,10,0,0,0,0,16,0,3,0,0
450086,1,1,1987,24,24,24,24,24,24,24,24,24,24
450087,1,1,1987,0,0,0,0,0,0,0,0,11,0
450087,2,1,1987,0,0,0,0,0,0,0,0,0,0
450088,1,1,1987,20,20,20,20,20,20,20,20,20,20
450089,0,1,1987,35,35,35,35,35,35,35,35,35,35
450089,1,1,1987,0,0,11,0,0,0,0,0,0,0
450090,1,1,1987,0,0,0,0,0,0,0,0,0,0
450091,1,1,1987,14,14,14,14,14,14,14,14,14,14
450091,2,1,1987,10,16,15,0,0,0,11,16,13,0
450092,1,1,1987,1,1,1,1,1,1,1,1,1,1
450093,1,1,1987,12,12,12,12,12,12,12,12,12,12
450094,1,1,1987,0,0,0,0,0,0,0,0,0,0
450095,1,1,1987,8,8,8,8,8,8,8,8,8,8
450095,2,1,1987,0,0,0,0,0,0,0,0,0,0
450096,1,1,1987,0,0,0,0,0,0,0,0,0,0
450096,2,1,1987,0,0,0,0,0,0,0,0,0,0
450097,1,1,1987,23,23,23,23,23,23,23,23,23,23
450098,0,1,1987,26,26,26,26,26,26,26,26,26,26
450098,1,1,1987,13,0,0,0,0,0,0,0,0,0
450099,1,1,1987,0,0,0,0,0,0,0,0,0,0
450100,1,1,1987,15,15,15,15,15,15,15,15,15,15
450101,1,1,1987,23,16,14,22,23,9,19,32,23,36
450101,2,1,1987,0,0,0,0,0,0,0,0,0,0
450102,1,1,1987,0,0,0,0,0,0,0,0,0,0
450102,2,1,1987,0,0,0,0,5,0,0,0,0,0
450103,1,1,1987,0,0,0,0,0,0,0,0,0,0
450103,2,1,1987,0,0,0,0,0,0,0,0,0,0
450104,1,1,1987,0,0,0,0,0,0,9,0,0,0
450104,2,1,1987,14,15,26,16,35,20,19,40,26,42
450105,1,1,1987,28,28,28,28,28,28,28,28,28,28
450106,1,1,1987,9,9,9,9,9,9,9,9,9,9
450107,1,1,1987,7,14,12,15,20,11,11,17,11,3
450109,1,1,1987,20,20,20,20,20,20,20,20,20,20
450110,1,1,1987,18,18,18,18,18,18,18,18,18,18
450111,1,1,1987,0,0,0,0,0,0,0,26,0,0
450111,2,1,1987,0,0,0,0,0,0,0,0,0,0
450112,1,1,1987,2,2,2,2,2,2,2,2,2,2
450113,1,1,1987,23,0,8,0,0,0,0,0,20,20
450113,2,1,1987,0,0,0,0,0,0,0,0,0,0
450114,1,1,1987,0,17,0,0,10,22,26,0,15,0
450115,1,1,1987,16,16,16,16,16,16,16,16,16,16
450115,2,1,1987,20,20,20,20,20,20,20,20,20,20
450116,0,1,1987,27,27,27,27,27,27,27,27,27,27
450116,1,1,1987,13,33,20,18,0,23,0,0,6,29
450117,1,1,1987,4,8,29,16,2,36,4,18,13,13
450118,1,1,1987,0,0,0,0,0,0,0,0,0,0
450118,2,1,1987,29,29,29,29,29,29,29,29,29,29
450119,1,1,1987,0,0,0,0,0,0,0,0,0,0
450120,1,1,1987,0,0,0,0,0,0,0,0,0,0
450120,2,1,1987,12,12,12,12,12,12,12,12,12,12
450121,1,1,1987,0,0,0,0,0,0,0,0,0,0
450122,1,1,1987,0,0,0,0,0,0,0,0,0,0
450122,2,1,1987,0,9,0,0,0,0,0,0,0,0
450123,1,1,1987,0,0,0,0,0,0,0,0,30,0
450123,2,1,1987,14,14,14,14,14,14,14,14,14,14
450124,1,1,1987,0,0,0,0,0,0,0,0,0,0
450125,1,1,1987,0,0,0,0,0,0,0,0,0,0
450125,2,1,1987,0,0,0,0,0,0,0,0,0,0
450125,3,1,1987,0,0,0,0,0,0,0,0,0,0
450126,1,1,1987,0,0,0,0,0,0,0,0,0,0
450127,1,1,1987,1,1,1,1,1,1,1,1,1,1
450127,2,1,1987,0,0,6,0,0,6,0,0,0,0
450129,1,1,1987,0,0,0,0,0,0,25,37,0,14
450129,2,1,1987,14,16,0,23,0,12,3,0,0,0
450130,1,1,1987,0,0,0,10,0,0,0,0,0,0
450130,2,1,1987,0,0,0,0,0,0,0,0,14,0
450131,1,1,1987,34,34,34,34,34,34,34,34,34,34
450132,1,1,1987,18,18,18,18,18,18,18,18,18,18
450132,2,1,1987,15,15,15,15,15,15,15,15,15,15
450133,1,1,1987,0,0,0,0,0,0,0,0,0,0
450134,1,1,1987,0,9,15,0,27,0,27,0,0,0
450134,2,1,1987,0,0,0,0,0,0,0,0,0,0
450135,1,1,1987,11,11,11,11,11,11,11,11,11,11
450136,1,1,1987,31,31,31,31,31,31,31,31,31,31
450137,1,1,1987,0,8,18,14,0,27,19,0,16,8
450138,1,1,1987,32,32,32,32,32,32,32,32,32,32
450139,1,1,1987,15,15,15,15,15,15,15,15,15,15
450140,1,1,1987,0,0,0,0,0,0,0,0,29,0
450141,1,1,1987,8,8,8,8,8,8,8,8,8,8
450142,1,1,1987,29,29,29,29,29,29,29,29,29,29
450143,0,1,1987,0,0,0,0,0,0,0,0,0,0
450143,1,1,1987,52,0,0,0,0,0,0,0,0,0
450144,1,1,1987,0,0,0,19,0,0,0,0,0,0
450144,2,1,1987,0,0,0,0,0,0,0,0,0,0
450145,1,1,1987,20,18,7,19,11,14,28,25,12,0
450146,1,1,1987,32,32,32,32,32,32,32,32,32,32
450147,1,1,1987,0,0,0,0,0,0,0,0,0,0
450147,2,1,1987,27,27,27,27,27,27,27,27,27,27
450148,1,1,1987,0,0,0,0,0,0,0,0,0,0
450148,2,1,1987,0,0,0,0,0,0,0,0,0,0
450148,3,1,1987,0,24,0,7,0,0,18,15,0,9
450149,1,1,1987,13,16,44,8,40,12,24,4,6,13
450150,1,1,1987,0,0,0,17,0,0,0,0,0,12
450150,2,1,1987,0,0,0,0,0,0,0,0,0,0
450151,1,1,1987,14,12,0,19,38,26,0,0,56,0
450152,1,1,1987,31,31,31,31,31,31,31,31,31,31
450153,1,1,1987,12,12,12,12,12,12,12,12,12,12
450154,1,1,1987,0,0,0,0,0,0,0,0,0,0
450154,2,1,1987,0,0,0,0,0,0,0,0,0,0
450155,1,1,1987,9,22,18,5,30,22,0,15,16,26
450156,1,1,1987,0,0,0,0,7,0,0,0,0,0
450156,2,1,1987,0,0,0,0,0,0,0,0,0,0
450157,0,1,1987,17,17,17,17,17,17,17,17,17,17
450157,1,1,1987,0,0,0,0,0,0,0,0,0,0
450158,1,1,1987,0,36,0,0,0,0,0,0,0,16
450158,2,1,1987,0,23,22,25,13,17,21,0,4,29
450159,0,1,1987,0,0,0,0,0,0,0,0,0,0
450159,1,1,1987,0,0,0,0,0,0,0,0,0,0
450160,0,1,1987,23,23,23,23,23,23,23,23,23,23
450160,1,1,1987,0,0,0,0,0,0,0,0,0,0
450161,1,1,1987,0,0,0,0,0,0,0,0,0,0
450162,1,1,1987,0,0,0,0,0,0,0,0,0,0
450163,0,1,1987,19,29,0,11,15,23,16,0,0,24
450163,1,1,1987,0,0,0,0,0,8,9,0,0,0
450164,0,1,1987,27,27,27,27,27,27,27,27,27,27
450164,1,1,1987,0,19,42,4,0,9,0,0,0,19
450165,1,1,1987,33,14,0,17,0,0,23,8,0,0
450165,2,1,1987,0,0,0,0,0,0,0,0,0,0
450166,1,1,1987,0,0,0,0,0,0,0,0,0,0
450166,2,1,1987,0,0,0,0,0,0,0,0,0,0
450167,1,1,1987,0,0,0,0,0,0,0,0,0,0
450167,2,1,1987,0,0,0,0,0,0,0,0,0,0
450168,1,1,1987,6,6,6,6,6,6,6,6,6,6
450169,1,1,1987,27,27,27,27,27,27,27,27,27,27
450170,1,1,1987,0,0,0,0,15,0,0,0,0,0
450171,1,1,1987,21,21,21,21,21,21,21,21,21,21
450172,1,1,1987,0,0,0,0,0,7,18,0,0,0
450173,1,1,1987,16,16,16,16,16,16,16,16,16,16
450174,1,1,1987,9,9,9,9,9,9,9,9,9,9
450174,2,1,1987,0,8,0,0,10,0,16,20,10,0
450175,0,1,1987,5,14,0,0,7,0,0,22,0,0
450175,1,1,1987,0,0,0,4,2,0,0,0,0,0
450176,1,1,1987,37,29,21,21,17,0,0,0,16,0
450177,1,1,1987,0,23,0,0,0,31,12,0,0,0
450177,2,1,1987,0,0,0,0,0,0,0,0,0,0
450178,1,1,1987,19,19,19,19,19,19,19,19,19,19
450179,1,1,1987,0,0,17,0,0,0,0,0,0,0
450179,2,1,1987,18,18,18,18,18,18,18,18,18,18
450180,1,1,1987,0,0,0,0,0,0,0,0,0,0
450180,2,1,1987,0,0,0,0,0,0,0,0,12,0
450181,0,1,1987,0,0,0,0,0,0,0,0,0,0
450181,1,1,1987,0,0,0,0,0,0,0,0,0,0
450182,1,1,1987,12,12,12,12,12,12,12,12,12,12
450183,1,1,1987,0,0,0,0,0,0,0,0,0,0
450183,2,1,1987,3,3,3,3,3,3,3,3,3,3
450183,3,1,1987,0,0,0,0,0,0,0,0,0,0
450184,1,1,1987,8,0,17,0,35,17,9,16,0,0
450184,2,1,1987,0,0,0,18,0,0,14,0,0,0
450185,1,1,1987,0,0,0,0,0,0,0,0,0,0
450185,2,1,1987,0,0,0,0,0,0,0,0,0,0
450186,1,1,1987,0,0,0,0,0,0,0,0,0,0