ST_CASE,VEH_NO,PER_NO,YEAR,P1,P2,P3,P4,P5,P6,P7,P8,P9,P10
450186,2,1,1987,0,0,0,0,0,0,0,0,0,0
450187,1,1,1987,0,0,0,0,0,0,0,0,0,0
450187,2,1,1987,0,0,0,0,0,0,0,0,0,0
450188,1,1,1987,0,0,26,0,8,0,0,0,0,0
450188,2,1,1987,0,0,0,0,0,0,0,0,0,0
450189,1,1,1987,0,0,0,0,0,0,0,0,0,0
450189,2,1,1987,8,0,0,5,0,12,0,0,3,2
450190,1,1,1987,0,0,0,0,0,0,0,0,0,0
450190,2,1,1987,0,0,0,0,0,0,0,0,0,0
450191,1,1,1987,2,2,2,2,2,2,2,2,2,2
450192,1,1,1987,25,25,25,25,25,25,25,25,25,25
450193,1,1,1987,0,0,0,0,17,22,0,20,12,0
450193,2,1,1987,0,0,0,0,0,0,0,0,0,0
450194,1,1,1987,30,30,30,30,30,30,30,30,30,30
450195,1,1,1987,26,26,26,26,26,26,26,26,26,26
450196,1,1,1987,18,18,18,18,18,18,18,18,18,18
450197,1,1,1987,0,0,0,0,0,0,0,0,0,0
450198,0,1,1987,30,30,30,30,30,30,30,30,30,30
450198,1,1,1987,18,18,18,18,18,18,18,18,18,18
450199,1,1,1987,0,0,0,3,0,0,0,0,0,0
450199,2,1,1987,0,0,0,0,0,0,0,0,0,0
450200,0,1,1987,0,0,0,0,0,0,0,0,0,0
450200,1,1,1987,7,7,7,7,7,7,7,7,7,7
450201,1,1,1987,11,11,11,11,11,11,11,11,11,11
450202,1,1,1987,0,17,0,0,0,0,0,0,0,0
450203,1,1,1987,36,36,36,36,36,36,36,36,36,36
450204,0,1,1987,10,17,0,32,17,14,38,0,9,26
450204,1,1,1987,17,17,17,17,17,17,17,17,17,17
450205,1,1,1987,0,0,0,0,0,0,0,0,0,0
450206,1,1,1987,25,7,15,30,17,15,0,5,7,19
450207,1,1,1987,26,26,26,26,26,26,26,26,26,26
450208,1,1,1987,7,0,0,0,0,0,0,0,0,0
450208,2,1,1987,0,0,0,0,0,15,14,0,0,0
450209,0,1,1987,17,17,17,17,17,17,17,17,17,17
450209,1,1,1987,9,10,18,0,26,0,28,12,18,0
450210,1,1,1987,0,0,0,0,0,0,0,0,0,0
450210,2,1,1987,0,0,0,0,0,0,0,0,0,0
450211,1,1,1987,0,0,0,0,0,0,0,0,0,0
450211,2,1,1987,0,0,0,0,0,0,0,0,0,0
450212,1,1,1987,5,11,14,6,4,7,19,23,36,11
450213,1,1,1987,0,0,0,0,0,0,0,0,0,0
450213,2,1,1987,0,0,0,0,0,0,0,0,0,0
450214,1,1,1987,24,24,24,24,24,24,24,24,24,24
450215,1,1,1987,27,27,27,27,27,27,27,27,27,27
450215,2,1,1987,0,0,0,0,0,0,0,0,0,0
450216,1,1,1987,0,0,0,0,0,0,0,0,0,0
450216,2,1,1987,21,21,21,21,21,21,21,21,21,21
450217,1,1,1987,20,20,20,20,20,20,20,20,20,20
450218,1,1,1987,0,0,0,0,0,0,0,0,0,0
450218,2,1,1987,0,0,0,0,0,0,0,0,0,0
450219,1,1,1987,8,7,0,19,11,8,20,16,0,0
450220,1,1,1987,0,0,0,0,0,0,0,0,0,0
450220,2,1,1987,0,0,0,0,0,0,13,0,19,0
450221,0,1,1987,0,0,0,0,0,0,0,0,0,0
450221,1,1,1987,0,0,0,0,0,0,0,0,0,0
450222,1,1,1987,0,0,0,0,0,0,0,0,0,0
450222,2,1,1987,0,0,0,0,0,0,0,0,0,0
450222,3,1,1987,0,0,0,0,0,0,0,0,0,0
450222,4,1,1987,0,0,0,0,0,0,0,0,0,0
450223,1,1,1987,0,0,0,0,0,0,0,0,0,0
450224,1,1,1987,0,0,0,0,0,0,0,0,0,0
450224,2,1,1987,0,0,0,0,0,0,17,0,0,0
450225,0,1,1987,8,8,8,8,8,8,8,8,8,8
450225,1,1,1987,0,0,0,0,0,0,0,0,19,0
450226,1,1,1987,13,13,13,13,13,13,13,13,13,13
450227,1,1,1987,0,0,0,10,0,21,21,0,0,6
450227,2,1,1987,0,11,0,18,20,0,13,15,0,9
450228,1,1,1987,26,26,26,26,26,26,26,26,26,26
450229,1,1,1987,0,0,0,0,0,0,0,0,0,0
450229,2,1,1987,0,0,0,0,0,0,0,0,0,0
450230,1,1,1987,0,13,0,0,0,0,0,0,0,0
450230,2,1,1987,0,0,0,0,0,0,0,0,0,0
450231,1,1,1987,20,15,20,30,13,0,15,8,9,3
450232,0,1,1987,0,0,0,0,0,0,0,0,0,0
450232,1,1,1987,0,0,0,0,0,0,0,0,0,0
450233,1,1,1987,0,0,0,0,0,0,0,0,0,0
450234,1,1,1987,18,18,18,18,18,18,18,18,18,18
450234,2,1,1987,0,17,0,0,28,0,0,14,0,0
450235,1,1,1987,0,0,0,0,18,0,0,0,0,0
450236,1,1,1987,28,18,20,21,8,24,16,16,12,26
450237,1,1,1987,0,0,0,0,0,0,0,0,0,0
450237,2,1,1987,11,31,9,22,5,16,0,7,16,0
450238,1,1,1987,10,14,0,15,25,25,0,9,8,25
450239,1,1,1987,20,20,20,20,20,20,20,20,20,20
450240,1,1,1987,4,24,18,9,27,15,13,12,22,10
450240,2,1,1987,7,0,0,0,0,0,0,8,0,12
450241,1,1,1987,7,7,7,7,7,7,7,7,7,7
450242,1,1,1987,6,26,15,0,16,8,24,25,24,7
450243,1,1,1987,0,0,0,14,0,0,0,0,0,26
450244,1,1,1987,0,0,0,0,0,0,0,0,0,0
450244,2,1,1987,0,0,0,0,0,0,0,0,0,0
450245,1,1,1987,0,0,0,0,0,0,0,0,11,0
450246,1,1,1987,18,18,18,18,18,18,18,18,18,18
450247,0,1,1987,0,0,0,0,0,0,0,0,0,0
450247,1,1,1987,0,0,0,0,0,0,0,0,0,0
450248,1,1,1987,19,14,0,14,0,0,19,0,19,12
450249,1,1,1987,20,20,20,20,20,20,20,20,20,20
450250,1,1,1987,22,0,0,7,0,0,0,0,35,0
450251,1,1,1987,23,23,23,23,23,23,23,23,23,23
450252,1,1,1987,22,6,13,70,17,18,20,21,29,13
450253,1,1,1987,0,0,0,0,0,0,0,0,0,0
450253,2,1,1987,9,9,9,9,9,9,9,9,9,9
450254,0,1,1987,0,0,0,0,0,0,0,0,0,0
450254,1,1,1987,0,0,0,21,32,0,14,0,0,11
450255,1,1,1987,0,0,0,0,0,0,0,0,22,0
450255,2,1,1987,0,0,0,0,0,0,0,0,0,0
450256,1,1,1987,0,0,11,0,0,0,0,0,0,0
450256,2,1,1987,18,18,18,18,18,18,18,18,18,18
450257,1,1,1987,28,28,28,28,28,28,28,28,28,28
450258,1,1,1987,18,18,18,18,18,18,18,18,18,18
450259,0,1,1987,31,31,31,31,31,31,31,31,31,31
450259,1,1,1987,0,0,4,0,2,0,10,0,4,0
450260,1,1,1987,0,0,0,0,0,0,0,0,0,0
450261,1,1,1987,0,0,0,0,0,0,0,0,0,0
450262,1,1,1987,0,0,0,0,0,0,0,0,0,16
450262,2,1,1987,0,0,0,0,0,0,0,0,0,0
450263,0,1,1987,27,20,24,25,41,18,9,8,12,28
450263,1,1,1987,0,0,0,0,0,0,0,0,0,0
450264,1,1,1987,18,18,18,18,18,18,18,18,18,18
450265,1,1,1987,29,11,0,14,23,8,16,0,8,0
450266,1,1,1987,0,0,0,0,0,0,0,0,0,0
450266,2,1,1987,16,0,0,31,5,0,0,10,0,0
450267,0,1,1987,0,37,0,22,0,0,6,0,0,4
450267,1,1,1987,0,0,0,0,0,0,0,0,0,0
450268,1,1,1987,0,0,0,0,0,0,0,0,0,0
450268,2,1,1987,0,0,0,0,0,0,0,0,0,0
450269,1,1,1987,6,8,4,3,22,9,15,21,40,0
450270,1,1,1987,14,13,17,22,12,25,17,15,14,27
450272,0,1,1987,9,9,9,9,9,9,9,9,9,9
450272,1,1,1987,0,36,0,0,10,16,0,16,0,0
450273,1,1,1987,8,8,8,8,8,8,8,8,8,8
450274,1,1,1987,5,3,0,5,0,12,18,5,25,0
450275,1,1,1987,0,17,12,14,0,28,33,0,0,0
450277,1,1,1987,0,0,0,0,0,0,0,0,0,0
450278,0,1,1987,0,0,0,0,0,9,0,0,0,0
450278,1,1,1987,0,0,0,0,0,0,0,0,12,0
450279,1,1,1987,15,15,15,15,15,15,15,15,15,15
450281,1,1,1987,0,0,0,0,0,0,0,0,0,0
450282,1,1,1987,0,0,0,0,0,0,0,0,5,13
450282,2,1,1987,16,23,12,12,13,12,29,14,30,15
450283,1,1,1987,16,9,21,12,19,0,25,18,0,0
450284,1,1,1987,5,0,0,0,16,0,0,12,25,0
450285,1,1,1987,0,0,0,0,0,0,0,0,0,0
450285,2,1,1987,0,0,0,0,0,0,0,0,0,0
450286,1,1,1987,11,0,0,0,12,0,14,0,12,10
450287,1,1,1987,0,0,0,5,16,0,0,0,0,0
450288,1,1,1987,0,0,0,0,0,0,0,0,0,0
450289,1,1,1987,0,0,0,0,0,0,0,0,0,0
450289,2,1,1987,18,18,18,18,18,18,18,18,18,18
450290,1,1,1987,22,22,22,22,22,22,22,22,22,22
450291,1,1,1987,8,0,20,0,0,0,0,0,0,0
450291,2,1,1987,0,0,0,0,0,0,0,0,0,29
450292,0,1,1987,35,35,35,35,35,35,35,35,35,35
450292,1,1,1987,7,0,0,35,0,26,0,0,0,17
450293,0,1,1987,8,8,8,8,8,8,8,8,8,8
450293,1,1,1987,0,0,0,0,0,0,0,0,0,0
450294,0,1,1987,0,0,0,0,0,0,0,0,0,0
450294,1,1,1987,0,0,0,0,0,0,0,0,0,0
450295,0,1,1987,12,12,12,12,12,12,12,12,12,12
450295,1,1,1987,0,0,0,0,0,0,0,0,2,6
450296,0,1,1987,3,3,3,3,3,3,3,3,3,3
450296,1,1,1987,0,0,0,2,0,0,0,0,0,0
450297,1,1,1987,0,0,0,0,0,0,0,0,0,0
450298,1,1,1987,0,11,0,29,18,9,0,16,0,22
450300,1,1,1987,0,0,0,0,0,0,0,0,0,0
450300,2,1,1987,0,0,0,0,9,0,0,0,0,7
450301,1,1,1987,12,12,12,12,12,12,12,12,12,12
450301,2,1,1987,26,26,26,26,26,26,26,26,26,26
450302,1,1,1987,0,0,0,0,0,0,0,0,0,0
450302,2,1,1987,0,0,0,0,0,0,0,0,0,0
450303,1,1,1987,23,23,23,23,23,23,23,23,23,23
450304,1,1,1987,0,0,0,0,0,0,0,0,11,3
450304,2,1,1987,0,0,0,0,0,0,0,0,0,0
450305,1,1,1987,0,0,0,0,0,0,0,0,0,0
450305,2,1,1987,0,0,0,0,0,0,0,0,0,0
450305,3,1,1987,22,0,0,0,0,0,0,0,0,0
450306,1,1,1987,0,0,0,0,0,0,0,0,0,0
450306,2,1,1987,0,0,0,0,0,0,0,0,0,0
450306,3,1,1987,25,0,0,0,0,40,0,0,0,0
450307,1,1,1987,23,16,14,20,20,15,21,25,22,33
450307,2,1,1987,0,0,0,0,0,0,0,0,0,0
450308,1,1,1987,0,0,0,0,0,0,0,0,0,0
450308,2,1,1987,25,25,25,25,25,25,25,25,25,25
450309,1,1,1987,29,0,0,0,21,0,13,0,0,0
450310,1,1,1987,0,0,0,0,0,0,0,0,0,0
450311,1,1,1987,10,10,10,10,10,10,10,10,10,10
450312,1,1,1987,26,26,26,26,26,26,26,26,26,26
450312,2,1,1987,12,12,12,12,12,12,12,12,12,12
450313,1,1,1987,25,25,20,29,29,0,8,27,24,22
450314,1,1,1987,8,12,0,0,0,0,0,0,0,0
450315,0,1,1987,0,0,0,0,0,0,0,0,0,0
450315,1,1,1987,0,0,0,0,6,0,0,0,0,0
450316,1,1,1987,0,0,0,0,0,0,0,0,0,0
450316,2,1,1987,17,17,17,17,17,17,17,17,17,17
450317,1,1,1987,0,0,0,0,0,0,0,0,0,0
450318,1,1,1987,18,18,18,18,18,18,18,18,18,18
450319,1,1,1987,18,18,18,18,18,18,18,18,18,18
450320,1,1,1987,0,0,0,0,0,0,0,0,0,0
450320,2,1,1987,0,0,0,0,0,0,0,0,0,0
450321,1,1,1987,0,0,0,0,0,0,0,0,0,0
450322,0,1,1987,18,18,18,18,18,18,18,18,18,18
450322,1,1,1987,0,0,0,16,0,0,0,0,0,0
450323,1,1,1987,0,0,0,0,6,19,0,0,0,0
450323,2,1,1987,0,0,0,0,14,0,0,0,0,0
450324,1,1,1987,0,0,0,0,0,0,0,0,0,0
450324,2,1,1987,17,17,17,17,17,17,17,17,17,17
450327,1,1,1987,20,20,20,20,20,20,20,20,20,20
450328,1,1,1987,0,0,0,0,0,0,0,0,0,0
450329,0,1,1987,0,0,0,0,0,0,0,0,0,0
450329,1,1,1987,0,0,0,0,19,0,0,0,0,0
450330,1,1,1987,0,0,0,7,0,0,0,0,0,0
450330,2,1,1987,0,0,0,0,0,0,0,0,0,0
450331,0,1,1987,0,0,0,0,0,0,0,0,0,0
450331,1,1,1987,25,0,0,0,0,0,0,0,0,0
450332,1,1,1987,15,18,20,19,31,14,0,19,0,20
450333,1,1,1987,0,0,0,0,0,0,0,0,0,0
450334,0,1,1987,0,0,0,0,0,0,0,0,0,0
450334,1,1,1987,0,0,0,0,0,0,0,0,0,0
450335,1,1,1987,0,0,0,0,0,0,0,0,0,0
450336,1,1,1987,16,16,16,16,16,16,16,16,16,16
450337,1,1,1987,18,18,18,18,18,18,18,18,18,18
450338,0,1,1987,0,0,0,0,0,0,0,0,0,0
450338,1,1,1987,0,0,0,0,0,0,0,0,0,0
450339,0,1,1987,0,0,0,0,0,0,0,0,0,0
450339,1,1,1987,0,0,0,0,0,0,0,0,0,0
450340,1,1,1987,0,0,0,0,0,0,0,0,0,0
450340,2,1,1987,30,30,30,30,30,30,30,30,30,30
450341,0,1,1987,1,1,1,1,1,1,1,1,1,1
450341,1,1,1987,0,0,0,0,0,0,0,0,0,0
450342,1,1,1987,0,0,5,0,0,0,0,4,0,0
450342,2,1,1987,12,12,12,12,12,12,12,12,12,12
450343,1,1,1987,0,0,0,0,0,0,0,0,0,0
450344,1,1,1987,25,0,0,0,0,0,0,0,0,0
450344,2,1,1987,23,0,0,35,0,12,18,19,23,14
450345,1,1,1987,0,0,0,0,0,0,0,0,0,0
450345,2,1,1987,11,0,0,0,0,0,0,0,0,29
450346,1,1,1987,23,23,23,23,23,23,23,23,23,23
450347,1,1,1987,0,19,25,0,0,0,0,0,0,0
450347,2,1,1987,0,0,0,0,0,0,0,0,0,0
450347,3,1,1987,0,0,0,0,0,0,0,0,0,0
450347,4,1,1987,0,0,0,0,0,0,0,0,0,0
450347,5,1,1987,0,0,0,0,0,0,0,0,0,0
450348,1,1,1987,0,0,0,0,0,0,0,0,0,0
450348,2,1,1987,0,0,0,0,14,0,0,0,0,0
450349,1,1,1987,0,12,0,13,0,0,0,0,0,0
450349,2,1,1987,0,0,0,0,0,0,0,0,0,0
450350,1,1,1987,0,0,15,0,0,0,0,5,7,0
450350,2,1,1987,19,0,0,0,35,0,15,0,37,34
450351,1,1,1987,0,0,0,0,0,0,0,0,0,13
450351,2,1,1987,9,9,9,9,9,9,9,9,9,9
450352,1,1,1987,0,0,0,0,0,0,0,0,0,0
450352,2,1,1987,0,0,0,0,0,0,0,0,0,0
450353,1,1,1987,0,0,0,0,0,0,0,0,0,0
450354,1,1,1987,21,14,0,24,14,17,11,36,9,33
450355,0,1,1987,15,5,0,0,0,0,0,0,30,0
450355,1,1,1987,0,0,0,0,0,0,0,0,0,0
450356,1,1,1987,12,12,12,12,12,12,12,12,12,12
450357,1,1,1987,17,31,22,37,8,17,11,31,8,22
450358,1,1,1987,0,0,0,18,0,0,13,30,0,0
450358,2,1,1987,0,0,9,10,0,25,0,0,25,0
450358,3,1,1987,0,0,0,0,0,0,0,0,12,0
450360,1,1,1987,0,0,0,25,0,0,0,0,0,16
450360,2,1,1987,27,27,27,27,27,27,27,27,27,27
450361,1,1,1987,0,0,0,0,0,0,0,0,22,0
450361,2,1,1987,0,0,0,0,0,0,0,0,0,0
450362,1,1,1987,41,10,15,16,15,25,15,4,14,23
450363,1,1,1987,0,14,0,11,7,0,0,0,18,0
450364,1,1,1987,0,0,0,0,0,0,0,0,0,0
450365,1,1,1987,0,0,0,0,0,0,0,0,0,0
450366,1,1,1987,0,0,0,0,0,0,0,0,0,0
450366,2,1,1987,0,0,7,0,0,0,17,0,0,0
450367,1,1,1987,13,13,13,13,13,13,13,13,13,13
450367,2,1,1987,0,0,0,0,0,0,0,0,0,0
450368,1,1,1987,0,0,0,0,0,0,0,0,0,0
450369,1,1,1987,18,18,18,18,18,18,18,18,18,18
450369,2,1,1987,25,16,31,6,13,25,29,29,32,33
450370,0,1,1987,0,20,16,0,19,0,31,10,9,0
450370,1,1,1987,22,49,0,0,19,21,24,15,7,0
450371,0,1,1987,37,28,17,19,53,0,30,8,10,20
450371,1,1,1987,0,0,0,0,12,0,0,24,0,0
450372,1,1,1987,0,12,0,0,0,0,0,0,0,0
450372,2,1,1987,0,0,0,0,0,16,0,0,0,0
450373,1,1,1987,0,28,7,12,40,24,16,0,19,0
450374,0,1,1987,16,29,22,39,32,0,25,40,18,43
450374,1,1,1987,0,0,0,0,0,0,0,0,18,11
450375,1,1,1987,12,12,12,12,12,12,12,12,12,12
450376,1,1,1987,20,20,20,20,20,20,20,20,20,20
450377,0,1,1987,0,0,0,0,0,15,0,0,0,0
450377,1,1,1987,0,0,0,0,0,0,0,0,0,0
450378,1,1,1987,28,11,8,8,22,18,36,31,22,24
450379,1,1,1987,0,0,0,0,0,0,8,0,0,0
450379,2,1,1987,0,0,0,0,0,0,0,0,0,0
450380,1,1,1987,0,0,0,0,0,0,0,0,0,0
450380,2,1,1987,0,0,0,0,0,0,0,0,0,0
450381,0,1,1987,0,0,0,0,9,4,0,0,0,16
450381,0,2,1987,27,0,9,0,0,12,0,0,0,0
450381,1,1,1987,0,0,0,0,0,0,0,0,0,0
450382,1,1,1987,18,18,18,18,18,18,18,18,18,18
450382,2,1,1987,0,0,0,0,0,0,0,0,0,0
450383,1,1,1987,21,0,29,13,10,0,10,18,27,0
450384,0,1,1987,3,0,27,27,0,29,24,19,23,25
450384,1,1,1987,12,19,36,25,25,33,0,28,15,3
450385,1,1,1987,12,12,12,12,12,12,12,12,12,12
450385,2,1,1987,0,0,0,0,0,0,0,0,0,0
450386,0,1,1987,0,0,0,0,0,0,0,0,0,0
450386,1,1,1987,0,0,0,0,0,0,0,0,0,0
450387,1,1,1987,0,28,24,9,28,0,34,17,15,36
450388,1,1,1987,0,0,0,0,0,0,0,0,0,0
450388,2,1,1987,0,0,0,0,0,0,0,0,0,0
450388,3,1,1987,0,0,0,0,0,0,0,0,0,0
450388,4,1,1987,0,0,0,0,0,0,0,0,0,0
450389,1,1,1987,0,0,0,0,0,0,0,0,0,0
450389,2,1,1987,0,0,0,0,0,0,0,0,0,0
450389,3,1,1987,0,0,0,0,0,0,0,0,0,0
450390,1,1,1987,10,0,7,16,18,0,15,0,0,0
450391,1,1,1987,0,0,0,0,0,0,0,0,0,0
450391,2,1,1987,0,0,0,0,0,0,0,0,0,0
450392,1,1,1987,17,17,17,17,17,17,17,17,17,17
450392,2,1,1987,17,17,17,17,17,17,17,17,17,17
450393,1,1,1987,11,11,11,11,11,11,11,11,11,11
450393,2,1,1987,0,0,0,0,16,0,0,0,0,0
450394,1,1,1987,0,0,0,0,0,0,0,0,0,0
450394,2,1,1987,0,0,0,0,0,0,0,0,0,0
450395,0,1,1987,0,0,0,0,0,0,0,0,0,0
450395,1,1,1987,0,0,0,0,0,0,0,0,0,0
450396,0,1,1987,0,0,0,0,0,0,0,0,0,0
450396,1,1,1987,0,0,8,27,0,0,23,0,0,0
450397,1,1,1987,0,15,0,21,22,0,15,10,0,0
450398,1,1,1987,0,0,12,0,0,0,0,0,0,0
450399,1,1,1987,27,27,27,27,27,27,27,27,27,27
450400,1,1,1987,0,0,0,0,0,0,0,0,0,0
450401,1,1,1987,29,25,9,18,32,15,17,7,15,23
450402,1,1,1987,18,18,18,18,18,18,18,18,18,18
450403,1,1,1987,0,0,0,0,0,0,0,0,0,0
450403,2,1,1987,0,21,0,0,0,0,0,14,0,0
450404,1,1,1987,0,0,0,0,0,0,0,0,0,0
450405,1,1,1987,0,0,0,0,0,0,0,0,0,0
450405,2,1,1987,26,26,26,26,26,26,26,26,26,26
450406,1,1,1987,25,15,27,13,16,11,14,4,26,21
450407,1,1,1987,0,0,0,0,0,0,0,0,0,0
450407,2,1,1987,26,26,26,26,26,26,26,26,26,26
450408,0,1,1987,16,15,39,18,24,26,28,11,21,0
450408,1,1,1987,0,0,0,0,0,0,0,0,16,0
450409,1,1,1987,18,18,18,18,18,18,18,18,18,18
450410,1,1,1987,0,17,0,0,0,0,0,0,0,0
450411,1,1,1987,0,21,0,35,0,16,0,0,0,9
450412,1,1,1987,18,18,18,18,18,18,18,18,18,18
450412,2,1,1987,0,0,0,0,0,0,0,0,0,0
450413,1,1,1987,25,0,0,0,0,0,20,0,0,0
450414,1,1,1987,0,0,0,0,0,0,0,0,0,0
450415,1,1,1987,1,1,1,1,1,1,1,1,1,1
450416,1,1,1987,1,1,1,1,1,1,1,1,1,1
450417,1,1,1987,18,0,0,0,0,13,0,0,0,23
450417,2,1,1987,0,0,0,0,0,0,0,0,0,0
450418,1,1,1987,0,0,0,0,33,0,0,0,0,19
450418,2,1,1987,0,0,0,0,0,0,0,0,0,0
450418,3,1,1987,0,0,0,0,0,0,0,0,0,0
450419,1,1,1987,18,18,18,18,18,18,18,18,18,18
450420,1,1,1987,15,22,16,0,0,0,24,23,5,0
450420,2,1,1987,12,12,12,12,12,12,12,12,12,12
450421,1,1,1987,0,0,0,0,0,0,0,0,0,0
450421,2,1,1987,14,0,13,17,0,0,4,0,0,23
450421,3,1,1987,0,0,0,0,0,0,27,0,0,0
450422,1,1,1987,0,0,0,0,0,0,0,0,0,0
450422,2,1,1987,0,0,0,0,0,0,0,0,14,0
450423,1,1,1987,31,15,20,15,19,24,0,0,9,15
450424,1,1,1987,0,0,0,0,0,0,0,0,15,0
450425,1,1,1987,0,0,0,0,0,0,0,0,0,0
450425,2,1,1987,11,22,14,5,15,10,9,9,15,15
450426,0,1,1987,30,30,30,30,30,30,30,30,30,30
450426,1,1,1987,0,0,0,0,11,0,0,0,0,0
450428,1,1,1987,0,0,0,0,0,0,0,0,0,0
450428,2,1,1987,0,0,0,0,0,0,0,0,0,0
450428,3,1,1987,0,0,0,0,0,0,0,12,0,0
450428,4,1,1987,0,0,0,0,0,0,0,0,0,0
450428,5,1,1987,0,0,0,12,0,8,0,0,0,0
450429,0,1,1987,0,0,0,0,15,0,40,0,0,0
450429,1,1,1987,0,0,12,0,0,0,0,0,5,0
450430,1,1,1987,0,0,0,0,0,0,0,0,0,0
450431,1,1,1987,0,0,0,0,0,0,0,0,0,0
450431,2,1,1987,0,0,0,0,0,0,0,0,0,0
450433,1,1,1987,0,0,0,0,0,0,0,0,0,0
450434,1,1,1987,0,0,0,0,0,0,0,0,0,0
450434,2,1,1987,1,7,13,9,0,3,0,10,0,19
450435,1,1,1987,0,0,0,0,0,0,18,0,0,0
450435,2,1,1987,0,0,0,0,0,0,0,0,0,0
450436,1,1,1987,0,0,0,0,0,0,0,0,0,0
450436,2,1,1987,0,0,0,0,0,0,15,12,0,0
450437,1,1,1987,0,0,0,5,0,0,0,0,0,0
450437,2,1,1987,0,0,0,0,0,0,14,5,0,0
450438,1,1,1987,0,0,0,0,0,0,0,0,0,0
450438,2,1,1987,0,0,4,0,0,0,0,0,0,0
450439,1,1,1987,0,0,0,0,0,0,0,0,0,0
450439,2,1,1987,0,0,0,0,0,0,0,0,0,10
450440,1,1,1987,11,0,0,6,14,27,22,10,13,7
450441,1,1,1987,8,0,0,20,0,0,0,0,0,0
450441,2,1,1987,5,19,8,25,6,6,20,18,9,0
450442,1,1,1987,0,0,0,0,0,0,0,0,0,0
450442,2,1,1987,0,0,14,0,0,0,0,17,0,0
450443,1,1,1987,0,0,0,0,0,0,0,0,0,0
450443,2,1,1987,0,0,0,0,0,0,0,0,0,0
450444,1,1,1987,0,0,0,0,0,0,0,0,0,0
450445,1,1,1987,7,0,0,0,0,0,0,0,0,0
450445,2,1,1987,0,0,0,0,0,0,0,0,0,0
450446,1,1,1987,0,0,0,0,0,0,0,0,0,0
450446,2,1,1987,0,0,0,0,0,0,0,0,0,0
450447,1,1,1987,0,8,20,18,21,7,0,22,18,21
450448,1,1,1987,20,16,6,21,24,12,29,8,1,11
450449,1,1,1987,36,19,20,14,16,24,14,36,22,0
450450,1,1,1987,21,12,44,17,18,12,11,19,41,16
450451,1,1,1987,0,0,0,0,0,0,0,0,0,0
450451,2,1,1987,15,8,20,30,17,13,32,10,0,13
450452,1,1,1987,18,18,18,18,18,18,18,18,18,18
450453,1,1,1987,25,24,20,19,8,24,17,0,8,23
450454,0,1,1987,0,0,0,0,0,0,0,0,0,0
450454,1,1,1987,0,0,0,0,0,0,0,0,0,0
450455,1,1,1987,0,0,0,0,0,0,0,0,0,0
450455,2,1,1987,7,0,0,0,0,0,0,0,0,0
450456,0,1,1987,6,6,6,6,6,6,6,6,6,6
450456,1,1,1987,9,12,6,18,18,9,19,16,5,18
450457,1,1,1987,0,0,0,0,0,0,0,0,0,0
450457,2,1,1987,0,0,0,0,0,0,0,0,0,0
450458,1,1,1987,0,0,0,0,0,0,0,6,0,0
450458,2,1,1987,0,0,0,0,0,0,0,0,0,0
450459,0,1,1987,24,24,24,24,24,24,24,24,24,24
450459,1,1,1987,0,0,0,0,0,0,0,0,0,0
450460,1,1,1987,24,2,15,6,0,9,23,39,20,27
450461,1,1,1987,0,0,0,0,0,0,0,0,0,0
450462,1,1,1987,0,0,14,0,28,0,6,0,26,8
450462,2,1,1987,0,0,11,30,0,0,0,0,9,0
450463,0,1,1987,0,0,0,0,0,0,0,18,0,0
450463,1,1,1987,0,0,0,0,0,0,0,0,0,0
450464,0,1,1987,0,0,0,0,0,0,0,0,0,0
450464,1,1,1987,0,0,0,0,19,0,0,0,0,0
450465,1,1,1987,7,0,21,5,0,27,20,0,10,4
450465,2,1,1987,0,0,0,0,0,0,0,2,0,0
450466,1,1,1987,0,0,0,0,0,0,0,0,0,0
450466,2,1,1987,10,0,26,22,15,35,31,0,0,17
450467,1,1,1987,18,18,18,18,18,18,18,18,18,18
450467,2,1,1987,0,0,0,0,0,0,0,16,0,0
450468,1,1,1987,0,0,0,0,0,0,0,0,0,0
450468,2,1,1987,0,0,0,0,0,0,0,0,0,0
450468,3,1,1987,0,0,0,0,0,0,0,0,0,0
450469,1,1,1987,0,0,0,0,0,0,0,0,0,0
450469,2,1,1987,7,0,0,0,16,12,0,0,0,16
450470,1,1,1987,22,22,22,22,22,22,22,22,22,22
450471,0,1,1987,8,0,0,3,0,0,0,0,0,0
450471,1,1,1987,0,0,0,0,0,0,0,0,0,4
450472,1,1,1987,0,0,0,0,0,0,0,0,0,19
450473,0,1,1987,0,14,0,0,18,40,24,0,0,19
450473,1,1,1987,0,35,14,24,0,0,0,0,13,0
450474,0,1,1987,0,0,0,0,0,0,0,0,0,0
450474,1,1,1987,0,0,0,0,0,0,0,0,0,0
450474,2,1,1987,0,0,0,0,0,0,0,0,0,0
450475,0,1,1987,18,0,0,15,0,0,0,0,0,4
450475,1,1,1987,0,0,0,0,0,0,0,0,0,0
450476,1,1,1987,0,11,0,19,22,13,0,0,18,15