ST_CASE,VEH_NO,PER_NO,YEAR,P1,P2,P3,P4,P5,P6,P7,P8,P9,P10
450478,1,1,1987,29,13,35,11,13,12,17,20,21,7
450479,0,1,1987,0,0,0,0,0,0,0,0,0,0
450479,1,1,1987,0,0,0,0,0,0,0,0,0,0
450480,1,1,1987,14,19,25,7,8,28,12,16,18,10
450480,2,1,1987,0,0,0,0,0,0,0,0,0,0
450481,1,1,1987,13,19,8,13,7,3,9,20,10,5
450481,2,1,1987,1,1,1,1,1,1,1,1,1,1
450482,1,1,1987,0,0,0,0,0,0,0,0,0,0
450482,2,1,1987,14,0,0,0,0,0,0,0,0,0
450483,1,1,1987,0,0,0,0,0,0,0,0,0,0
450483,2,1,1987,0,0,0,0,0,0,0,0,0,0
450484,1,1,1987,0,0,0,0,0,0,0,0,0,0
450484,2,1,1987,0,0,0,0,0,0,5,0,0,0
450485,1,1,1987,0,0,0,0,0,0,0,7,0,0
450486,1,1,1987,0,34,0,0,0,0,0,27,0,0
450486,2,1,1987,0,0,0,0,0,0,0,0,0,0
450486,3,1,1987,0,0,0,0,0,0,0,0,0,0
450487,1,1,1987,0,0,0,0,0,0,0,0,0,0
450487,2,1,1987,0,0,0,19,18,0,0,0,0,0
450488,1,1,1987,19,13,0,0,15,6,0,0,0,0
450489,1,1,1987,0,0,0,0,0,0,0,0,0,0
450489,2,1,1987,0,0,0,0,0,0,7,0,6,0
450490,1,1,1987,0,0,0,0,0,0,0,0,0,0
450490,2,1,1987,18,0,16,13,18,25,10,17,16,0
450491,1,1,1987,0,0,15,0,14,0,0,7,0,0
450492,1,1,1987,8,0,33,27,2,14,11,39,36,23
450493,1,1,1987,0,0,0,0,0,0,0,0,0,0
450494,1,1,1987,18,18,18,18,18,18,18,18,18,18
450495,1,1,1987,0,28,18,12,12,20,0,15,0,0
450496,1,1,1987,0,0,0,0,0,0,0,0,0,0
450496,2,1,1987,0,20,0,0,0,0,0,0,0,0
450497,1,1,1987,0,0,0,0,0,0,0,0,0,0
450497,2,1,1987,0,29,0,0,6,0,18,0,0,0
450498,1,1,1987,0,0,0,0,0,0,0,31,3,0
450498,2,1,1987,0,0,0,0,0,5,0,0,0,0
450499,0,1,1987,0,0,0,0,0,0,0,0,0,0
450499,1,1,1987,0,0,0,0,0,0,0,0,0,0
450500,1,1,1987,0,0,0,0,0,0,0,0,0,0
450500,2,1,1987,0,30,22,21,27,17,20,0,28,27
450501,1,1,1987,17,0,0,0,4,9,0,12,0,0
450501,2,1,1987,0,0,0,0,0,6,18,0,0,0
450502,1,1,1987,0,0,0,8,0,0,0,23,0,5
450502,2,1,1987,1,1,1,1,1,1,1,1,1,1
450502,3,1,1987,0,0,0,0,0,0,0,0,0,0
450503,1,1,1987,0,0,0,0,0,0,0,0,0,0
450503,2,1,1987,0,0,0,0,0,0,0,0,0,0
450504,1,1,1987,12,20,6,26,0,18,12,27,20,4
450505,0,1,1987,0,12,0,0,29,30,0,0,33,0
450505,1,1,1987,0,0,0,0,0,0,0,0,0,0
450506,1,1,1987,17,4,0,13,17,11,15,9,0,15
450507,1,1,1987,15,23,0,15,28,0,0,13,20,23
450507,2,1,1987,0,0,0,19,0,0,0,0,0,0
450508,1,1,1987,11,36,19,20,23,20,21,8,11,25
450508,2,1,1987,0,0,0,0,0,0,0,0,0,0
450509,1,1,1987,15,4,17,24,0,6,17,24,12,21
450510,0,1,1987,0,0,0,0,0,0,0,0,0,0
450510,1,1,1987,19,13,13,5,37,12,26,14,31,23
450511,1,1,1987,11,0,0,0,0,0,0,0,0,0
450511,2,1,1987,0,0,0,0,0,0,0,0,0,0
450512,1,1,1987,11,18,16,23,15,15,14,23,37,11
450513,1,1,1987,0,0,0,0,0,0,0,0,0,0
450513,2,1,1987,0,0,0,0,0,0,12,0,0,0
450514,1,1,1987,0,0,0,0,0,0,0,0,0,0
450514,2,1,1987,0,0,0,0,0,0,0,22,0,0
450514,3,1,1987,0,0,0,0,0,0,0,0,16,0
450515,1,1,1987,0,0,0,0,0,0,0,19,0,0
450516,1,1,1987,0,13,0,0,16,0,22,4,0,5
450517,1,1,1987,0,35,38,0,0,0,0,0,17,0
450518,1,1,1987,15,15,15,15,15,15,15,15,15,15
450519,1,1,1987,0,0,9,0,16,9,18,0,14,8
450521,1,1,1987,21,41,27,0,6,32,9,14,21,13
450522,1,1,1987,0,0,0,0,0,0,0,0,0,0
450522,2,1,1987,0,0,0,0,0,0,0,0,0,0
450524,1,1,1987,8,0,0,0,9,0,3,0,0,0
450525,1,1,1987,0,0,13,0,0,0,0,0,0,0
450525,2,1,1987,20,16,17,17,8,23,21,6,8,0
450526,0,1,1987,1,1,1,1,1,1,1,1,1,1
450526,0,2,1987,11,0,0,6,0,0,6,4,5,0
450526,0,3,1987,17,0,0,0,0,0,20,0,12,0
450526,0,4,1987,0,0,0,0,0,0,0,9,12,22
450526,1,1,1987,0,0,0,0,0,0,0,0,0,0
450526,2,1,1987,0,0,0,0,23,16,0,0,0,0
450527,0,1,1987,0,5,0,7,10,0,7,6,5,0
450527,0,2,1987,0,0,0,0,13,0,0,0,0,0
450527,1,1,1987,0,0,0,0,0,0,0,0,0,0
450528,1,1,1987,0,0,0,0,0,0,0,0,0,0
450528,2,1,1987,0,0,0,0,0,0,0,0,0,0
450529,1,1,1987,12,12,12,12,12,12,12,12,12,12
450530,0,1,1987,25,37,9,34,30,8,21,14,35,13
450530,1,1,1987,0,11,3,0,19,0,33,18,6,10
450531,0,1,1987,53,48,44,12,15,25,16,30,38,14
450531,1,1,1987,11,0,17,0,0,11,0,0,0,0
450532,1,1,1987,0,0,0,0,0,0,0,0,0,4
450532,2,1,1987,0,0,0,0,0,0,0,0,0,0
450533,1,1,1987,4,0,0,0,0,21,0,0,0,26
450534,1,1,1987,18,0,0,12,15,0,0,0,3,18
450535,1,1,1987,0,0,25,6,0,0,15,8,23,17
450536,1,1,1987,7,0,0,0,0,0,0,0,0,0
450537,1,1,1987,0,0,0,0,0,0,0,0,0,0
450537,2,1,1987,14,5,5,13,27,6,6,8,12,0
450538,1,1,1987,0,0,0,0,0,0,0,0,0,10
450538,2,1,1987,0,0,0,0,0,0,0,0,0,0
450539,1,1,1987,7,7,7,7,7,7,7,7,7,7
450540,1,1,1987,0,16,9,22,0,5,0,10,26,10
450541,1,1,1987,0,0,0,0,0,0,0,0,0,0
450541,2,1,1987,0,0,0,0,0,0,0,0,0,0
450542,0,1,1987,0,0,0,0,0,0,0,0,0,0
450542,0,2,1987,0,0,0,0,0,0,0,0,0,0
450542,1,1,1987,0,0,0,0,0,0,0,0,0,0
450543,1,1,1987,0,0,0,0,0,13,0,0,0,0
450543,2,1,1987,0,0,0,0,0,0,0,0,0,0
450544,0,1,1987,0,0,0,0,0,0,0,0,0,0
450544,1,1,1987,0,0,0,0,0,0,0,0,0,0
450546,1,1,1987,4,15,16,17,8,30,11,42,0,11
450547,1,1,1987,9,9,9,9,9,9,9,9,9,9
450548,0,1,1987,0,0,0,0,0,0,0,0,0,13
450548,1,1,1987,8,20,16,20,0,20,30,0,4,8
450548,2,1,1987,0,0,0,0,0,10,0,0,0,9
450549,1,1,1987,0,0,0,0,0,0,0,0,0,0
450550,1,1,1987,0,0,14,0,0,11,0,11,0,0
450551,1,1,1987,18,18,18,18,18,18,18,18,18,18
450552,1,1,1987,16,16,16,16,16,16,16,16,16,16
450552,2,1,1987,0,0,0,0,0,0,0,0,0,0
450553,1,1,1987,0,0,13,0,0,0,0,0,0,0
450553,2,1,1987,7,0,0,0,0,25,0,0,4,0
450554,1,1,1987,0,0,12,22,0,0,0,23,11,0
450555,0,1,1987,47,29,11,21,36,22,25,6,23,15
450555,1,1,1987,0,0,0,0,0,0,0,0,0,0
450556,1,1,1987,0,0,0,0,0,0,0,0,0,0
450557,1,1,1987,0,0,0,18,0,0,0,0,0,24
450557,2,1,1987,0,0,11,0,0,0,0,18,0,0
450558,1,1,1987,17,0,11,0,0,0,15,0,0,0
450558,2,1,1987,0,0,0,0,0,0,0,17,15,0
450558,3,1,1987,0,0,0,0,0,0,0,0,0,0
450559,1,1,1987,12,12,12,12,12,12,12,12,12,12
450560,1,1,1987,0,0,0,0,0,0,0,0,0,0
450560,2,1,1987,0,0,0,0,0,0,0,0,0,0
450560,3,1,1987,0,0,0,0,0,0,0,0,0,0
450561,0,1,1987,0,0,0,0,0,0,0,0,27,0
450561,1,1,1987,0,0,0,0,0,0,0,0,0,0
450562,0,1,1987,16,16,16,16,16,16,16,16,16,16
450562,0,2,1987,3,14,31,4,0,0,0,29,10,8
450562,1,1,1987,2,10,0,15,0,0,0,11,31,29
450563,1,1,1987,0,0,0,0,0,0,15,0,0,0
450564,1,1,1987,29,11,11,17,31,26,28,14,18,25
450565,1,1,1987,28,9,8,0,0,0,6,12,0,26
450566,0,1,1987,0,0,0,26,16,8,0,31,9,19
450566,1,1,1987,14,25,0,0,0,0,0,0,0,0
450567,1,1,1987,0,0,0,0,0,0,0,0,0,0
450567,2,1,1987,0,9,0,0,0,0,0,0,0,0
450568,1,1,1987,0,0,0,0,0,0,0,0,0,0
450569,1,1,1987,0,0,0,0,0,0,0,0,0,0
450569,2,1,1987,0,0,0,0,0,0,0,0,0,0
450570,1,1,1987,23,15,13,28,29,24,23,36,16,25
450571,1,1,1987,0,0,0,0,0,0,0,0,0,0
450571,2,1,1987,16,16,16,16,16,16,16,16,16,16
450572,1,1,1987,0,0,0,0,0,0,0,0,0,0
450573,1,1,1987,0,0,0,0,0,0,0,0,0,0
450573,2,1,1987,0,0,0,0,0,0,0,0,0,0
450574,1,1,1987,0,0,0,0,0,15,32,0,0,32
450574,2,1,1987,0,0,0,0,0,0,0,0,0,0
450574,3,1,1987,0,0,0,0,0,0,0,0,0,0
450575,1,1,1987,5,5,5,5,5,5,5,5,5,5
450576,0,1,1987,1,1,1,1,1,1,1,1,1,1
450576,1,1,1987,0,0,0,0,0,0,0,14,0,0
450577,1,1,1987,0,6,0,0,0,23,11,24,12,15
450578,1,1,1987,6,0,15,25,17,5,9,35,14,27
450579,1,1,1987,22,12,13,17,32,0,22,7,19,19
450580,0,1,1987,26,13,25,0,9,7,16,0,15,28
450580,1,1,1987,0,0,0,0,0,0,7,0,0,0
450581,1,1,1987,0,0,0,0,0,0,0,0,0,0
450581,2,1,1987,0,0,0,0,0,0,0,0,0,0
450582,1,1,1987,11,0,30,6,0,0,12,24,19,0
450583,0,1,1987,18,18,18,18,18,18,18,18,18,18
450583,1,1,1987,0,0,0,0,0,0,0,0,0,0
450584,1,1,1987,0,0,0,0,0,0,0,0,0,0
450584,2,1,1987,5,16,13,0,0,6,0,8,19,0
450585,1,1,1987,19,0,0,0,0,0,0,0,0,0
450586,1,1,1987,0,10,17,3,24,0,22,28,7,13
450587,0,1,1987,0,0,0,0,0,13,0,0,37,0
450587,1,1,1987,0,0,0,0,0,0,0,0,0,0
450588,1,1,1987,0,33,7,7,10,20,6,0,0,0
450589,1,1,1987,10,0,0,0,0,0,0,12,0,0
450589,2,1,1987,16,16,16,16,16,16,16,16,16,16
450590,1,1,1987,0,14,0,0,0,21,0,0,0,0
450590,2,1,1987,1,1,1,1,1,1,1,1,1,1
450591,1,1,1987,0,0,0,0,0,4,7,0,0,0
450591,2,1,1987,17,17,17,17,17,17,17,17,17,17
450592,0,1,1987,0,0,0,0,0,0,0,0,0,0
450593,1,1,1987,0,0,0,0,0,0,0,0,0,0
450593,2,1,1987,0,0,0,0,0,0,0,0,0,0
450594,1,1,1987,7,0,15,0,26,14,19,35,25,0
450595,1,1,1987,17,17,17,17,17,17,17,17,17,17
450596,1,1,1987,0,0,0,20,0,0,0,0,0,0
450596,2,1,1987,0,0,0,0,0,0,0,0,0,0
450597,1,1,1987,4,0,22,0,14,0,0,24,0,0
450598,1,1,1987,0,0,0,0,0,0,0,0,0,0
450598,2,1,1987,0,0,0,0,0,0,0,0,0,0
450599,1,1,1987,13,28,27,10,18,14,9,12,10,7
450599,2,1,1987,0,0,0,27,0,0,0,23,0,0
450600,1,1,1987,22,13,14,0,5,8,0,0,17,0
450600,2,1,1987,23,4,11,10,13,0,21,17,6,4
450601,1,1,1987,0,0,0,0,0,0,0,0,0,0
450601,2,1,1987,0,0,0,0,0,0,0,0,0,0
450601,3,1,1987,0,0,0,0,0,0,0,0,0,0
450602,1,1,1987,0,0,0,5,0,0,0,0,0,0
450603,1,1,1987,7,7,7,7,7,7,7,7,7,7
450604,1,1,1987,4,17,34,4,8,15,12,3,8,8
450604,2,1,1987,11,11,11,11,11,11,11,11,11,11
450605,1,1,1987,0,0,11,0,0,23,0,43,0,0
450605,2,1,1987,0,0,0,0,0,0,0,0,0,0
450606,1,1,1987,0,0,0,0,0,0,0,0,0,0
450607,1,1,1987,0,0,0,0,0,0,0,0,0,0
450607,2,1,1987,0,0,0,0,0,0,0,0,0,0
450607,3,1,1987,0,0,0,0,0,0,0,0,28,0
450608,1,1,1987,18,0,0,26,11,0,7,18,0,0
450609,1,1,1987,0,0,0,0,0,0,0,0,0,0
450610,1,1,1987,6,6,6,6,6,6,6,6,6,6
450611,1,1,1987,0,0,0,0,0,0,0,0,0,0
450611,2,1,1987,0,0,0,0,0,0,0,0,0,0
450612,1,1,1987,18,18,18,18,18,18,18,18,18,18
450613,1,1,1987,0,0,0,0,0,0,12,0,0,0
450613,2,1,1987,0,0,0,0,0,0,0,0,0,0
450614,1,1,1987,0,12,17,0,0,0,0,0,0,0
450614,2,1,1987,0,0,0,0,0,0,0,0,0,0
450615,1,1,1987,14,14,14,14,14,14,14,14,14,14
450616,1,1,1987,9,9,9,9,9,9,9,9,9,9
450616,2,1,1987,7,17,10,18,16,9,19,17,18,18
450617,1,1,1987,0,0,0,0,0,0,5,0,0,0
450617,2,1,1987,0,0,0,0,0,0,0,0,0,0
450619,1,1,1987,0,0,0,0,0,0,0,0,0,0
450619,2,1,1987,16,6,21,6,5,18,11,21,11,13
450620,1,1,1987,0,0,0,0,0,0,0,0,0,0
450621,1,1,1987,1,1,1,1,1,1,1,1,1,1
450622,1,1,1987,0,0,0,0,21,0,15,0,0,26
450623,1,1,1987,0,0,0,0,0,0,0,0,0,0
450624,1,1,1987,0,0,0,0,0,0,0,0,0,0
450625,1,1,1987,0,0,0,0,0,0,0,0,0,0
450626,0,1,1987,0,0,0,0,0,0,0,0,0,0
450626,1,1,1987,0,11,0,0,0,0,0,0,0,0
450628,1,1,1987,35,32,22,24,18,33,22,31,11,14
450629,1,1,1987,0,0,32,25,0,0,16,22,5,28
450630,1,1,1987,0,0,0,0,0,0,0,0,0,0
450630,2,1,1987,0,0,0,0,0,0,0,0,0,0
450631,1,1,1987,23,23,23,23,23,23,23,23,23,23
450632,1,1,1987,25,25,25,25,25,25,25,25,25,25
450633,1,1,1987,0,0,0,0,0,0,0,0,0,0
450634,1,1,1987,39,0,0,0,0,29,8,14,0,0
450635,1,1,1987,0,0,0,0,0,0,0,0,0,0
450636,1,1,1987,9,9,0,0,16,0,0,0,4,0
450636,2,1,1987,0,0,0,0,0,0,0,0,0,0
450637,1,1,1987,0,0,0,0,0,0,0,0,0,0
450637,2,1,1987,0,11,16,30,0,18,12,0,18,0
450637,3,1,1987,18,18,18,18,18,18,18,18,18,18
450638,1,1,1987,18,18,18,18,18,18,18,18,18,18
450639,1,1,1987,0,0,0,0,0,0,0,0,16,0
450639,2,1,1987,6,18,0,0,0,16,10,10,0,0
450640,1,1,1987,12,12,12,12,12,12,12,12,12,12
450640,2,1,1987,0,0,0,0,0,0,0,0,0,0
450641,1,1,1987,12,12,12,12,12,12,12,12,12,12
450642,0,1,1987,0,31,13,10,0,16,0,0,12,12
450642,1,1,1987,0,0,0,0,0,0,0,0,0,0
450643,1,1,1987,23,14,17,18,22,20,19,0,0,14
450644,1,1,1987,0,0,0,0,0,0,0,0,0,0
450644,2,1,1987,18,18,18,18,18,18,18,18,18,18
450645,1,1,1987,25,13,44,33,0,15,17,6,21,16
450646,1,1,1987,0,0,0,0,0,0,0,0,0,0
450646,2,1,1987,12,11,18,7,5,10,8,0,18,5
450647,1,1,1987,0,0,0,0,0,0,0,0,0,0
450648,1,1,1987,0,0,0,0,0,0,0,0,0,0
450648,2,1,1987,0,0,0,0,12,0,0,0,0,0
450649,1,1,1987,0,0,0,0,0,0,0,0,0,0
450650,0,1,1987,10,7,16,18,0,23,14,23,15,15
450650,1,1,1987,41,13,5,17,14,19,0,0,0,21
450651,1,1,1987,0,0,0,0,0,0,0,0,0,0
450651,2,1,1987,13,27,0,14,15,0,0,0,0,0
450652,1,1,1987,0,0,0,0,0,0,0,0,0,0
450652,2,1,1987,0,0,0,0,0,0,0,0,0,0
450652,3,1,1987,0,14,0,0,0,0,0,11,0,0
450653,0,1,1987,0,0,0,17,0,0,8,0,0,0
450653,1,1,1987,0,33,18,0,0,0,0,14,23,0
450654,1,1,1987,0,0,0,14,13,12,0,28,0,0
450655,1,1,1987,0,12,15,40,31,14,0,31,24,31
450656,1,1,1987,0,0,0,0,0,0,0,0,0,0
450656,2,1,1987,0,0,0,0,0,0,0,0,0,0
450657,1,1,1987,22,30,24,12,9,19,26,16,24,27
450658,1,1,1987,24,21,17,5,8,18,18,23,17,19
450658,2,1,1987,0,0,0,0,0,0,0,0,0,0
450659,1,1,1987,0,0,0,0,0,0,0,0,0,0
450659,2,1,1987,0,24,0,0,0,0,0,0,17,0
450660,1,1,1987,11,11,11,11,11,11,11,11,11,11
450661,1,1,1987,13,0,0,13,0,24,0,0,0,0
450662,0,1,1987,0,0,0,0,0,0,0,0,0,0
450662,1,1,1987,0,0,0,0,0,0,0,0,0,0
450663,1,1,1987,29,0,0,0,0,0,0,0,0,0
450663,2,1,1987,0,0,0,0,0,0,0,0,0,0
450664,1,1,1987,0,0,0,0,0,0,0,0,0,0
450665,1,1,1987,0,0,0,0,0,0,0,0,0,0
450665,2,1,1987,0,0,0,0,10,0,0,0,0,0
450666,0,1,1987,0,0,0,0,0,0,0,0,0,0
450666,1,1,1987,0,0,0,0,14,24,0,0,0,16
450667,1,1,1987,0,0,0,0,0,0,0,0,13,0
450667,2,1,1987,0,0,0,0,0,0,0,0,0,0
450667,3,1,1987,0,0,0,0,0,0,0,0,0,0
450668,1,1,1987,14,11,0,0,0,0,0,0,0,0
450668,2,1,1987,0,0,0,0,0,0,0,0,0,0
450669,1,1,1987,0,0,0,0,0,0,0,0,0,0
450669,2,1,1987,0,0,0,0,0,0,12,0,0,0
450670,1,1,1987,0,0,0,13,0,0,0,0,0,27
450671,0,1,1987,0,0,0,0,0,0,0,0,0,0
450671,1,1,1987,4,0,0,0,0,0,0,0,8,0
450672,1,1,1987,0,0,0,0,0,0,0,0,0,0
450672,2,1,1987,0,0,0,0,0,0,0,0,0,0
450673,0,1,1987,11,12,25,34,26,29,26,22,18,34
450673,1,1,1987,0,18,5,0,0,0,18,0,0,0
450674,1,1,1987,12,7,0,21,11,0,10,15,19,0
450675,1,1,1987,0,0,16,15,0,0,0,0,0,0
450676,0,1,1987,0,0,11,0,0,12,0,0,15,0
450676,1,1,1987,0,0,0,0,0,0,0,0,0,5
450676,2,1,1987,0,0,0,0,0,0,0,0,0,0
450677,1,1,1987,0,0,0,0,0,0,0,0,0,0
450677,2,1,1987,0,0,0,0,0,10,0,0,0,0
450678,1,1,1987,0,0,0,33,18,0,11,31,23,6
450678,2,1,1987,9,9,9,9,9,9,9,9,9,9
450679,1,1,1987,0,0,0,0,0,0,0,0,0,0
450679,2,1,1987,0,0,0,0,0,0,0,0,0,0
450680,1,1,1987,6,6,6,6,6,6,6,6,6,6
450680,2,1,1987,0,0,0,9,0,0,0,0,0,0
450681,1,1,1987,36,21,0,0,0,0,34,40,0,0
450682,1,1,1987,20,20,20,20,20,20,20,20,20,20
450683,1,1,1987,0,0,0,0,0,0,0,0,0,0
450683,2,1,1987,0,0,0,0,0,0,0,0,0,0
450683,3,1,1987,0,0,0,0,0,0,0,0,0,0
450684,1,1,1987,0,0,0,0,11,21,0,6,0,0
450685,1,1,1987,0,0,9,15,0,0,0,17,0,0
450686,1,1,1987,4,4,4,4,4,4,4,4,4,4
450687,1,1,1987,11,11,11,11,11,11,11,11,11,11
450688,0,1,1987,6,0,22,0,0,0,0,11,18,28
450688,1,1,1987,0,11,0,0,0,0,0,0,0,0
450688,2,1,1987,18,18,18,18,18,18,18,18,18,18
450689,1,1,1987,0,0,0,0,0,0,0,0,0,0
450689,2,1,1987,0,0,0,0,0,0,0,0,0,0
450690,1,1,1987,0,0,10,0,22,13,17,9,20,4
450690,2,1,1987,0,0,0,0,27,0,0,0,0,0
450691,1,1,1987,0,19,0,0,18,36,28,22,26,0
450692,1,1,1987,20,20,20,20,20,20,20,20,20,20
450693,1,1,1987,0,44,0,0,0,0,0,0,9,0
450693,2,1,1987,5,5,5,5,5,5,5,5,5,5
450694,1,1,1987,0,0,0,0,0,0,0,0,0,0
450694,2,1,1987,18,18,18,18,18,18,18,18,18,18
450695,1,1,1987,21,0,0,0,21,21,0,15,0,0
450696,1,1,1987,0,0,0,0,0,0,0,0,0,0
450696,2,1,1987,0,0,0,0,0,5,0,8,0,0
450696,3,1,1987,0,0,0,0,0,0,0,0,0,0
450696,4,1,1987,0,0,0,0,0,0,0,20,0,0
450696,5,1,1987,0,0,0,0,0,0,0,0,0,0
450696,6,1,1987,0,0,0,0,0,0,0,0,0,0
450696,7,1,1987,0,0,0,0,0,0,0,0,0,0
450697,1,1,1987,2,2,2,2,2,2,2,2,2,2
450697,2,1,1987,12,0,0,0,0,0,0,0,0,23
450698,1,1,1987,0,0,0,11,12,0,0,19,22,6
450699,1,1,1987,0,0,0,0,0,0,0,0,0,0
450700,0,1,1987,0,0,0,0,0,0,0,0,0,0
450700,1,1,1987,0,0,0,0,0,0,0,0,0,0
450701,1,1,1987,0,0,0,12,0,0,0,0,11,0
450702,1,1,1987,0,0,0,20,0,0,0,0,0,0
450703,1,1,1987,0,0,0,0,0,0,0,0,0,0
450703,2,1,1987,0,0,0,0,5,0,0,0,0,0
450704,1,1,1987,0,0,0,0,0,0,0,0,0,0
450704,2,1,1987,0,0,0,0,0,0,0,0,0,0
450704,3,1,1987,0,0,0,0,0,0,0,0,0,0
450705,0,1,1987,0,0,0,0,0,0,0,0,0,0
450705,1,1,1987,0,18,5,21,0,0,0,0,0,0
450706,1,1,1987,0,0,0,0,0,12,0,0,0,0
450706,2,1,1987,0,0,0,0,0,0,0,0,21,0
450707,1,1,1987,0,0,0,0,0,0,0,0,0,0
450707,2,1,1987,0,0,0,0,0,0,0,0,0,0
450708,1,1,1987,34,0,15,0,0,0,4,0,0,0
450709,1,1,1987,0,0,15,0,0,0,17,0,0,0
450709,2,1,1987,35,20,5,34,40,34,19,15,16,26
450709,3,1,1987,0,0,0,0,0,16,17,31,0,0
450710,1,1,1987,0,0,0,0,0,0,0,0,0,0
450710,2,1,1987,0,0,0,0,0,0,32,0,0,25
450711,0,1,1987,0,0,0,0,0,0,0,0,0,0
450711,1,1,1987,0,0,0,0,0,0,0,0,0,0
450712,1,1,1987,0,0,0,0,0,0,0,0,0,0
450713,1,1,1987,9,10,24,10,20,6,16,11,11,23
450714,1,1,1987,0,0,0,0,0,0,0,0,0,0
450715,1,1,1987,0,0,0,10,0,0,0,0,7,0
450715,2,1,1987,0,0,8,0,0,0,8,0,26,23
450715,3,1,1987,0,0,7,0,0,0,0,0,16,0
450716,1,1,1987,6,6,6,6,6,6,6,6,6,6
450716,2,1,1987,28,12,23,29,22,0,28,17,6,20
450717,1,1,1987,27,17,16,17,23,5,18,18,17,12
450718,1,1,1987,0,25,0,10,28,29,0,0,9,6
450719,1,1,1987,20,17,0,18,42,0,12,0,0,0
450719,2,1,1987,12,12,12,12,12,12,12,12,12,12
450720,1,1,1987,0,0,0,0,0,0,0,0,0,0
450720,2,1,1987,0,0,0,0,0,0,0,0,0,23
450720,3,1,1987,0,0,0,0,0,0,0,0,0,0
450721,1,1,1987,0,0,0,0,0,0,0,0,0,0
450722,1,1,1987,0,0,0,0,0,0,0,0,0,0
450722,2,1,1987,0,0,10,0,0,10,0,0,0,0
450723,1,1,1987,0,0,0,0,0,0,0,0,0,0
450723,2,1,1987,6,0,8,8,0,0,0,5,0,0
450724,1,1,1987,0,0,0,0,0,0,0,0,13,0
450724,2,1,1987,0,11,0,0,0,0,0,0,18,0
450724,3,1,1987,0,0,0,0,0,0,0,24,0,0
450726,0,1,1987,7,0,0,42,0,0,25,14,32,33
450726,1,1,1987,5,0,0,15,12,16,20,12,13,0
450727,0,1,1987,0,12,11,19,0,15,0,0,28,10
450727,1,1,1987,0,10,32,14,22,16,8,16,8,27
450728,1,1,1987,0,0,0,0,0,0,0,0,0,0
450728,2,1,1987,12,12,12,12,12,12,12,12,12,12
450729,1,1,1987,0,0,0,0,0,0,0,0,0,0
450729,2,1,1987,9,9,9,9,9,9,9,9,9,9
450730,1,1,1987,1,1,1,1,1,1,1,1,1,1
450731,1,1,1987,0,0,0,0,0,0,0,0,0,0
450731,2,1,1987,0,0,0,0,0,0,0,0,0,0
450732,1,1,1987,19,19,19,19,19,19,19,19,19,19
450733,1,1,1987,0,0,0,0,0,0,0,0,0,0
450733,2,1,1987,0,0,0,0,0,0,11,0,25,0
450733,3,1,1987,0,0,0,0,19,0,0,0,0,0
450734,1,1,1987,4,4,4,4,4,4,4,4,4,4
450735,0,1,1987,30,22,21,20,33,18,18,11,15,0
450735,1,1,1987,0,0,0,0,0,0,0,0,0,0
450736,1,1,1987,0,0,0,0,0,0,0,0,0,0
450737,1,1,1987,0,0,0,0,0,0,0,0,0,0
450737,2,1,1987,3,3,3,3,3,3,3,3,3,3
450738,1,1,1987,13,0,0,0,0,0,4,0,0,0
450739,1,1,1987,0,28,40,0,17,14,0,15,33,0
450740,1,1,1987,16,16,16,16,16,16,16,16,16,16
450741,1,1,1987,0,0,0,0,0,0,0,0,0,0
450742,1,1,1987,18,18,18,18,18,18,18,18,18,18
450743,1,1,1987,18,18,18,18,18,18,18,18,18,18
450743,2,1,1987,0,0,0,0,0,0,0,0,0,0
450744,1,1,1987,18,18,18,18,18,18,18,18,18,18
450745,1,1,1987,0,0,0,0,0,0,0,0,0,0
450745,2,1,1987,0,0,0,0,0,0,0,0,0,0
450746,0,1,1987,0,0,19,19,31,22,23,0,19,0
450746,1,1,1987,0,0,0,0,0,0,0,0,0,0
450747,0,1,1987,19,8,28,18,0,0,17,25,42,0
450747,1,1,1987,0,0,0,0,10,0,0,0,0,0
450748,1,1,1987,31,31,31,31,31,31,31,31,31,31
450749,1,1,1987,0,0,0,11,0,0,0,14,4,0
450750,1,1,1987,14,14,14,14,14,14,14,14,14,14
450751,1,1,1987,0,0,0,0,0,0,0,0,0,0
450752,0,1,1987,0,0,0,0,0,0,0,0,0,0
450752,1,1,1987,0,0,10,5,0,9,0,0,0,0
450753,1,1,1987,18,18,18,18,18,18,18,18,18,18
450754,1,1,1987,14,14,14,14,14,14,14,14,14,14
450755,1,1,1987,18,18,18,18,18,18,18,18,18,18
450756,1,1,1987,18,18,18,18,18,18,18,18,18,18
450757,0,1,1987,0,0,0,0,0,0,0,0,0,0
450757,1,1,1987,0,0,0,0,0,0,0,0,0,0
450758,1,1,1987,1,1,1,1,1,1,1,1,1,1
450759,1,1,1987,16,16,16,16,16,16,16,16,16,16
450760,1,1,1987,28,14,16,8,9,10,6,15,0,19
450761,1,1,1987,0,0,0,0,0,0,0,0,0,0
450761,2,1,1987,0,0,0,0,0,0,0,0,0,0
450762,1,1,1987,0,0,0,0,0,0,0,0,0,0
450763,1,1,1987,4,4,4,4,4,4,4,4,4,4