ST_CASE,VEH_NO,PER_NO,YEAR,P1,P2,P3,P4,P5,P6,P7,P8,P9,P10
450763,2,1,1987,15,15,15,15,15,15,15,15,15,15
450764,1,1,1987,19,19,19,19,19,19,19,19,19,19
450765,0,1,1987,0,0,0,0,0,0,0,0,0,0
450765,1,1,1987,0,17,0,0,0,28,43,12,3,0
450766,1,1,1987,0,0,0,0,12,0,0,20,0,19
450767,1,1,1987,6,0,0,0,0,0,0,0,0,0
450767,2,1,1987,17,0,0,0,0,0,21,0,0,0
450767,3,1,1987,12,12,0,0,0,7,0,7,0,12
450769,1,1,1987,0,14,0,0,0,0,0,0,0,0
450769,2,2,1987,0,0,12,0,0,0,0,26,0,0
450770,1,1,1987,0,0,0,0,0,0,0,0,0,0
450770,2,1,1987,0,0,0,0,0,0,0,0,0,0
450771,1,1,1987,0,0,0,0,0,0,0,0,0,0
450772,0,1,1987,0,0,0,0,0,0,0,0,0,0
450772,1,1,1987,0,0,0,0,11,0,0,0,0,0
450773,1,1,1987,0,0,0,0,0,0,0,0,0,0
450773,2,1,1987,22,22,22,22,22,22,22,22,22,22
450774,1,1,1987,20,20,20,20,20,20,20,20,20,20
450775,1,1,1987,0,0,0,0,0,0,0,0,0,0
450775,2,1,1987,0,0,0,0,0,0,0,0,0,0
450775,3,1,1987,0,0,0,0,0,0,0,0,0,0
450776,0,1,1987,0,0,0,0,0,0,0,0,0,0
450776,1,1,1987,0,0,0,0,0,9,0,0,0,0
450777,0,1,1987,0,0,0,0,0,0,0,0,0,0
450777,1,1,1987,0,0,0,0,0,0,0,16,0,0
450778,1,1,1987,0,0,0,0,0,0,0,0,0,0
450778,2,1,1987,22,22,22,22,22,22,22,22,22,22
450779,1,1,1987,0,0,0,2,0,0,0,11,0,0
450779,2,1,1987,0,0,0,0,0,0,0,0,0,0
450779,3,1,1987,0,0,0,0,0,0,0,7,5,0
450782,1,1,1987,0,0,0,0,0,0,0,0,0,0
450782,2,1,1987,0,0,13,0,24,13,0,0,10,21
450783,1,1,1987,14,0,20,0,16,0,0,0,0,0
450783,2,1,1987,0,0,0,0,0,0,0,0,0,0
450784,1,1,1987,0,24,0,31,14,23,16,30,11,9
450784,2,1,1987,0,0,0,0,0,0,0,0,0,0
450785,1,1,1987,18,18,18,18,18,18,18,18,18,18
450786,1,1,1987,6,10,0,18,7,7,22,14,31,4
450786,2,1,1987,18,18,18,18,18,18,18,18,18,18
450787,1,1,1987,0,0,0,0,0,0,0,0,0,0
450787,2,1,1987,18,18,18,18,18,18,18,18,18,18
450788,1,1,1987,24,13,14,9,20,11,17,16,21,27
450789,1,1,1987,0,0,0,0,0,0,0,0,0,0
450789,2,1,1987,0,0,0,0,0,0,0,0,0,0
450791,1,1,1987,10,0,0,0,0,0,0,0,0,0
450791,2,1,1987,0,0,0,0,0,0,0,0,0,0
450792,0,1,1987,0,0,0,0,0,0,0,0,0,15
450792,1,1,1987,0,0,0,0,0,14,0,0,11,16
450793,0,1,1987,39,16,15,18,39,31,37,13,8,26
450793,1,1,1987,15,16,0,0,0,0,0,0,0,0
450794,1,1,1987,0,0,0,0,0,0,0,0,0,0
450795,1,1,1987,17,17,17,17,17,17,17,17,17,17
450796,0,1,1987,18,18,18,18,18,18,18,18,18,18
450796,1,1,1987,0,0,0,0,0,0,0,0,0,0
450797,0,1,1987,16,16,16,16,16,16,16,16,16,16
450797,1,1,1987,0,0,0,0,0,0,0,0,0,0
450798,1,1,1987,0,0,0,13,6,18,0,0,20,27
450799,0,1,1987,7,7,7,7,7,7,7,7,7,7
450799,0,2,1987,0,13,7,7,10,3,0,0,8,0
450799,0,3,1987,0,0,19,0,0,0,14,0,8,0
450799,1,1,1987,0,0,0,0,0,0,0,0,0,0
450801,0,1,1987,0,0,0,0,0,0,0,0,0,0
450801,1,1,1987,0,0,0,0,0,0,0,0,0,0
450802,1,1,1987,0,0,0,0,0,0,0,0,0,0
450802,2,1,1987,0,0,0,0,0,0,0,2,0,0
450803,0,1,1987,0,0,43,0,0,12,0,0,0,5
450803,1,1,1987,25,23,0,0,0,0,10,0,0,0
450804,1,1,1987,18,18,18,18,18,18,18,18,18,18
450805,1,1,1987,0,0,0,0,0,0,0,0,0,9
450805,2,1,1987,0,0,0,0,0,0,0,0,0,0
450806,1,1,1987,0,0,0,0,15,0,0,0,0,17
450807,1,1,1987,0,0,0,29,22,23,23,17,24,0
450808,1,1,1987,13,52,3,0,32,13,0,18,15,18
450809,1,1,1987,0,0,13,0,19,0,0,0,15,0
450810,1,1,1987,3,3,3,3,3,3,3,3,3,3
450810,2,1,1987,0,0,0,0,0,0,0,0,0,0
450811,1,1,1987,0,0,0,0,0,0,0,0,0,0
450811,2,1,1987,17,0,0,0,0,0,0,0,15,28
450812,1,1,1987,0,0,0,0,0,21,22,0,10,0
450814,0,1,1987,33,0,0,23,27,7,0,31,21,20
450814,1,1,1987,15,19,0,36,3,21,0,0,18,0
450815,1,1,1987,0,0,0,0,0,0,0,0,0,0
450815,2,1,1987,0,6,0,0,0,0,0,0,0,0
450816,1,1,1987,0,14,17,0,0,0,0,0,0,0
450817,1,1,1987,0,0,0,0,0,0,0,0,0,0
450817,2,1,1987,0,0,0,0,0,0,0,0,0,0
450818,0,1,1987,7,7,7,7,7,7,7,7,7,7
450818,1,1,1987,0,0,0,0,0,0,0,0,0,0
450819,1,1,1987,1,1,1,1,1,1,1,1,1,1
450820,1,1,1987,0,0,0,0,0,0,0,0,0,0
450821,0,1,1987,25,25,25,25,25,25,25,25,25,25
450821,1,1,1987,0,0,0,0,0,0,0,0,0,0
450822,1,1,1987,0,0,0,0,0,0,0,0,0,0
450822,2,1,1987,26,0,22,0,0,0,28,0,0,0
450822,3,1,1987,0,0,0,10,0,0,0,0,0,0
450823,0,1,1987,0,0,0,0,0,0,31,19,0,0
450823,1,1,1987,0,0,0,0,0,0,0,0,0,0
450824,1,1,1987,0,0,0,14,0,0,0,0,0,0
450824,2,1,1987,0,0,0,0,0,0,0,0,0,0
450825,1,1,1987,24,24,24,24,24,24,24,24,24,24
450826,1,1,1987,5,5,5,5,5,5,5,5,5,5
450827,1,1,1987,25,13,0,20,9,0,0,14,25,12
450828,1,1,1987,0,0,0,0,0,0,0,0,0,0
450829,1,1,1987,9,14,13,27,22,10,0,13,18,12
450830,1,1,1987,18,18,18,18,18,18,18,18,18,18
450831,1,1,1987,0,0,0,0,0,0,0,0,0,0
450831,2,1,1987,0,0,0,0,0,0,0,0,0,0
450832,1,1,1987,0,0,0,0,0,12,0,0,0,17
450832,2,1,1987,15,24,0,0,0,0,9,0,0,27
450833,1,1,1987,53,53,53,53,53,53,53,53,53,53
450834,1,1,1987,19,11,11,16,14,0,9,8,19,35
450835,1,1,1987,0,3,0,0,0,0,0,0,0,0
450836,1,1,1987,0,0,0,0,0,0,0,0,0,0
450836,2,1,1987,0,0,0,0,0,0,0,0,0,0
450837,1,1,1987,0,10,14,6,10,0,0,5,0,0
450838,1,1,1987,0,0,0,0,0,0,0,0,0,0
450838,2,1,1987,0,0,18,0,0,0,16,0,22,0
450839,1,1,1987,2,2,2,2,2,2,2,2,2,2
450840,1,1,1987,0,0,0,0,0,11,0,0,0,0
450840,2,1,1987,0,0,0,0,0,0,0,0,0,0
450842,1,1,1987,0,0,8,0,14,0,7,0,0,0
450842,2,1,1987,0,17,0,13,17,41,21,0,12,25
450843,1,1,1987,0,0,0,0,0,0,0,0,0,0
450843,2,1,1987,0,0,0,0,0,0,0,0,0,0
450844,0,1,1987,0,0,0,0,0,0,0,0,0,0
450844,1,1,1987,0,0,0,0,0,0,0,0,0,0
450845,1,1,1987,0,0,0,0,0,0,0,0,18,0
450845,2,1,1987,0,18,0,0,7,0,28,25,0,26
450847,1,1,1987,0,0,0,0,0,0,0,0,0,0
450847,2,1,1987,0,0,11,0,0,0,0,0,4,0
450848,1,2,1987,18,18,18,18,18,18,18,18,18,18
450849,1,1,1987,0,35,0,0,21,0,13,0,8,0
450849,2,1,1987,0,24,0,0,0,0,0,0,0,0
450850,1,1,1987,2,2,2,2,2,2,2,2,2,2
450851,0,1,1987,28,19,13,16,15,25,11,26,17,16
450851,1,1,1987,0,0,0,0,0,0,0,0,0,0
450852,1,1,1987,0,0,0,0,0,0,0,0,0,0
450852,2,1,1987,0,0,0,23,0,0,0,0,0,0
450853,1,1,1987,22,0,21,15,13,0,0,39,22,19
450854,1,1,1987,0,20,10,37,8,13,20,22,28,14
450854,2,1,1987,0,0,0,0,0,9,0,0,18,0
450855,0,1,1987,20,25,25,36,15,8,11,34,13,28
450855,1,1,1987,0,0,0,0,0,0,0,0,0,12
450856,1,1,1987,0,14,7,19,17,23,28,1,0,18
450857,1,1,1987,2,2,2,2,2,2,2,2,2,2
450858,1,1,1987,20,20,20,20,20,20,20,20,20,20
450859,1,1,1987,20,20,20,20,20,20,20,20,20,20
450860,1,1,1987,0,0,0,0,0,0,0,0,0,0
450860,2,1,1987,7,7,7,7,7,7,7,7,7,7
450861,1,1,1987,0,0,0,0,0,0,0,0,0,0
450861,2,1,1987,0,0,0,0,0,0,0,0,0,0
450862,1,1,1987,0,0,0,0,0,12,0,0,0,0
450862,2,1,1987,0,0,0,0,0,0,0,0,0,0
450863,1,1,1987,0,0,0,0,0,0,0,0,0,0
450863,2,1,1987,20,20,20,20,20,20,20,20,20,20
450864,1,1,1987,0,31,0,0,19,0,12,0,11,0
450864,2,1,1987,0,0,0,0,0,0,0,0,0,0
450865,1,1,1987,0,0,0,0,0,0,0,0,0,0
450865,2,1,1987,0,0,0,0,0,0,0,0,0,0
450866,0,1,1987,33,15,0,0,0,0,0,0,0,0
450866,1,1,1987,0,0,0,0,0,0,9,0,0,0
450867,1,1,1987,21,15,30,31,11,18,13,24,4,14
450868,0,1,1987,0,23,13,0,6,39,0,38,0,0
450868,1,1,1987,0,0,15,0,0,0,0,0,0,0
450869,1,1,1987,20,0,10,4,16,16,30,0,26,10
450870,0,1,1987,20,0,0,0,0,0,0,0,0,9
450870,1,1,1987,0,0,0,0,0,0,0,0,0,0
450871,1,1,1987,0,0,0,0,0,0,0,0,0,0
450871,2,1,1987,12,12,12,12,12,12,12,12,12,12
450872,1,1,1987,0,0,0,0,0,0,0,0,0,0
450872,2,1,1987,14,14,14,14,14,14,14,14,14,14
450873,1,1,1987,14,14,14,14,14,14,14,14,14,14
450874,1,1,1987,5,7,27,24,5,28,22,24,23,39
450875,1,1,1987,0,15,0,29,19,0,22,32,0,24
450876,0,1,1987,0,0,0,0,0,0,0,0,0,0
450876,1,1,1987,26,0,0,0,30,6,9,0,16,18
450877,1,1,1987,31,0,0,0,0,0,0,0,0,13
450877,2,1,1987,0,9,0,22,0,14,0,11,9,0
450878,1,1,1987,0,0,0,0,0,0,0,0,0,0
450879,1,1,1987,20,11,0,0,0,0,28,20,32,0
450880,0,1,1987,12,0,0,0,0,0,0,0,0,0
450880,1,1,1987,6,0,0,0,23,0,0,0,0,0
450881,1,1,1987,0,0,0,0,0,0,0,0,0,0
450882,1,1,1987,0,0,0,0,0,0,0,0,0,0
450882,2,1,1987,0,0,0,0,0,0,10,0,0,0
450883,1,1,1987,0,0,0,0,0,0,0,0,0,0
450883,2,1,1987,0,8,0,0,0,0,0,16,0,0
450884,1,1,1987,0,0,0,0,0,0,0,0,0,0
450885,1,1,1987,0,0,0,0,0,0,0,0,0,0
450886,0,1,1987,15,15,15,15,15,15,15,15,15,15
450886,1,1,1987,0,0,0,0,0,0,0,12,0,0
450887,1,1,1987,0,0,11,0,0,0,0,3,0,0
450888,1,1,1987,0,0,0,0,0,0,0,0,0,14
450888,2,1,1987,0,0,0,0,0,0,0,0,0,0
450889,1,1,1987,18,18,18,18,18,18,18,18,18,18
450890,1,1,1987,0,0,0,0,0,0,0,0,0,0
450891,1,1,1987,17,21,29,25,10,20,8,8,17,12
450892,1,1,1987,16,0,0,16,13,0,0,0,0,21
450893,1,1,1987,0,0,0,0,0,0,0,0,0,0
450893,2,1,1987,0,0,0,0,0,0,0,0,0,0
450894,1,1,1987,0,0,0,0,0,14,0,0,0,0
450895,1,1,1987,0,0,4,0,21,0,5,0,0,0
450896,1,1,1987,0,15,0,0,0,0,0,0,0,0
450896,2,1,1987,0,0,0,0,0,3,0,0,0,0
450897,1,1,1987,0,0,6,0,0,0,0,9,30,0
450898,1,1,1987,0,0,0,0,0,0,0,0,0,0
450898,2,1,1987,0,0,0,0,0,0,0,0,0,0
450899,0,1,1987,7,7,7,7,7,7,7,7,7,7
450899,1,1,1987,0,0,8,0,21,0,0,0,8,0
450900,1,1,1987,26,32,18,11,30,0,0,0,0,21
450901,1,1,1987,0,0,0,0,0,0,0,0,17,0
450901,2,1,1987,0,0,0,0,0,0,0,0,0,0
450902,1,1,1987,0,22,0,0,13,0,7,8,0,0
450903,1,1,1987,0,0,0,0,0,0,0,0,0,0
450903,2,1,1987,18,18,18,18,18,18,18,18,18,18
450904,1,1,1987,19,19,19,19,19,19,19,19,19,19
450905,1,1,1987,18,18,18,18,18,18,18,18,18,18
450906,1,1,1987,0,16,0,0,21,0,0,0,0,0
450906,2,1,1987,0,0,0,0,0,0,0,0,0,0
450907,1,1,1987,25,15,22,16,11,23,16,23,9,26
450908,1,1,1987,8,0,24,23,0,16,8,16,0,18
450909,1,1,1987,0,2,0,0,0,0,0,0,12,0
450909,2,1,1987,0,0,0,0,0,0,0,0,0,0
450910,1,1,1987,0,0,0,0,0,0,0,0,0,0
450911,1,1,1987,0,0,0,0,0,0,0,0,0,0
450912,1,1,1987,11,21,19,20,14,11,27,19,19,8
450913,1,1,1987,0,0,0,0,19,0,20,0,0,0
450915,1,1,1987,13,0,17,0,0,0,0,0,0,0
450916,1,1,1987,7,7,7,7,7,7,7,7,7,7
450916,2,1,1987,0,0,0,0,24,0,0,14,0,0
450917,0,1,1987,0,0,0,0,0,0,0,0,0,0
450917,0,2,1987,0,0,0,0,0,0,0,0,0,0
450917,1,1,1987,0,0,0,0,0,0,0,0,18,0
450918,1,1,1987,0,0,0,14,0,0,0,0,0,0
450918,2,1,1987,0,0,0,0,0,0,0,0,0,0
450919,1,1,1987,11,11,11,11,11,11,11,11,11,11
450920,0,1,1987,0,0,0,0,0,0,0,0,0,0
450920,1,1,1987,0,13,18,11,16,13,16,22,0,17
450921,1,1,1987,0,20,0,0,0,0,0,0,3,11
450921,2,1,1987,23,23,23,23,23,23,23,23,23,23
450922,1,1,1987,10,10,10,10,10,10,10,10,10,10
450924,1,1,1987,0,0,28,17,0,0,9,13,25,29
450925,1,1,1987,36,0,0,0,0,0,0,0,0,0
450925,2,1,1987,0,0,0,0,0,0,0,0,0,0
450925,3,1,1987,0,0,0,0,0,0,0,16,19,13
450927,1,1,1987,6,18,0,10,6,14,10,27,0,23
450928,1,1,1987,0,0,0,15,0,0,0,0,0,0
450928,2,1,1987,0,0,0,0,0,0,0,0,0,0
450929,0,1,1987,36,36,36,36,36,36,36,36,36,36
450929,1,1,1987,21,35,0,23,12,17,0,11,0,0
450931,1,1,1987,36,15,21,14,27,22,12,12,8,28
450932,0,1,1987,0,0,0,0,0,0,0,0,0,0
450932,1,1,1987,0,0,0,0,0,0,0,0,0,0
450933,1,1,1987,0,0,0,0,0,0,0,0,0,0
450933,2,1,1987,0,0,0,0,0,0,0,0,0,0
450934,1,1,1987,0,0,0,0,0,0,0,0,0,0
450935,1,1,1987,16,16,16,16,16,16,16,16,16,16
450936,1,1,1987,11,0,0,0,0,0,0,0,0,0
450936,2,1,1987,0,0,0,0,0,0,0,0,0,0
450937,1,1,1987,0,0,0,0,0,0,0,0,0,0
450937,2,1,1987,0,0,11,0,0,0,0,0,0,0
450938,1,1,1987,0,0,0,0,0,5,0,0,0,0
450938,2,1,1987,0,0,0,22,0,0,0,0,0,0
450939,1,1,1987,16,12,23,14,22,18,25,0,24,19
450939,2,1,1987,0,0,0,0,0,0,12,0,0,0
450940,0,1,1987,0,0,0,0,0,0,0,0,0,0
450940,1,1,1987,0,0,0,0,0,0,0,0,0,0
450941,1,1,1987,31,15,22,29,12,30,24,0,23,0
450942,1,1,1987,18,18,18,18,18,18,18,18,18,18
450943,0,1,1987,0,0,0,0,0,0,0,0,0,0
450943,1,1,1987,0,0,0,0,0,0,0,0,0,0
450944,1,1,1987,0,0,0,0,7,0,0,0,0,15
450944,2,1,1987,17,0,0,0,0,29,10,0,0,0
450946,1,1,1987,0,0,0,0,0,0,0,0,0,0
450946,2,1,1987,0,0,0,0,0,0,0,0,0,0
450947,1,1,1987,17,17,17,17,17,17,17,17,17,17
450948,1,1,1987,0,0,0,0,12,18,0,14,0,0
450949,1,1,1987,18,18,18,18,18,18,18,18,18,18
450951,0,1,1987,0,36,0,0,18,0,23,20,24,0
450951,1,1,1987,8,8,8,8,8,8,8,8,8,8
450952,0,1,1987,0,15,0,44,20,0,0,0,0,0
450952,1,1,1987,0,0,6,0,0,30,0,11,0,0
450953,1,1,1987,0,0,0,0,0,22,0,0,0,0
450953,2,1,1987,6,6,6,6,6,6,6,6,6,6
450953,3,1,1987,0,0,0,0,0,0,0,0,0,0
450954,1,1,1987,0,0,0,0,7,0,4,0,0,0
450954,2,1,1987,20,11,22,19,13,15,6,7,0,9
450955,1,1,1987,0,0,0,0,0,0,0,0,0,0
450955,2,1,1987,0,0,0,0,0,0,0,0,0,0
450956,0,1,1987,0,0,0,0,0,0,0,0,0,0
450956,1,1,1987,0,0,0,0,0,0,0,0,0,0
450957,1,1,1987,28,28,28,28,28,28,28,28,28,28
450958,1,1,1987,0,0,0,0,0,0,0,16,0,0
450958,2,1,1987,0,0,12,0,0,23,0,0,0,0
450959,1,1,1987,0,0,0,0,0,0,0,0,0,0
450959,2,1,1987,0,0,0,0,0,0,0,0,0,0
450960,0,1,1987,0,0,0,0,0,0,0,0,21,0
450960,0,2,1987,0,0,0,0,0,0,0,0,0,0
450960,1,1,1987,0,0,0,0,0,0,0,0,0,0
450961,1,1,1987,0,0,0,0,0,0,0,0,0,0
450961,2,1,1987,0,33,0,0,0,0,0,21,0,0
450962,1,1,1987,0,0,0,0,0,0,0,0,0,0
450962,2,1,1987,0,0,0,18,0,0,0,0,0,0
450963,1,1,1987,0,29,0,0,0,30,0,0,0,0
450964,0,1,1987,20,9,26,29,12,17,21,19,27,17
450964,1,1,1987,0,0,0,0,0,0,0,0,0,0
450966,1,1,1987,0,0,0,0,0,0,0,0,0,0
450966,2,1,1987,0,0,0,0,0,0,0,0,0,0
450967,1,1,1987,0,0,10,0,0,0,13,0,0,4
450968,1,1,1987,0,0,0,0,0,0,0,0,6,0
450969,0,1,1987,0,0,0,0,31,0,2,0,0,0
450969,1,1,1987,13,0,0,0,0,0,0,0,0,0
450971,1,1,1987,0,21,0,0,0,0,0,0,0,0
450971,2,1,1987,0,0,0,0,0,0,0,0,0,0
450972,1,1,1987,7,0,0,0,0,20,0,0,0,19
450973,1,1,1987,6,6,6,6,6,6,6,6,6,6
450974,1,1,1987,16,16,16,16,16,16,16,16,16,16
450975,1,1,1987,15,15,15,15,15,15,15,15,15,15
450976,0,1,1987,0,0,0,0,0,0,0,0,0,0
450976,1,1,1987,12,12,12,12,12,12,12,12,12,12
450977,1,1,1987,0,0,0,0,0,0,0,0,0,0
450978,0,1,1987,0,0,0,0,0,0,32,0,0,0
450978,1,1,1987,0,0,0,15,0,0,7,0,0,0
450979,1,1,1987,0,0,0,0,0,0,0,0,0,0
450980,1,1,1987,0,0,0,0,0,0,0,0,0,0
450980,2,1,1987,11,0,0,19,13,24,0,21,0,7
450980,3,1,1987,0,0,13,0,0,0,0,0,0,0
450981,1,1,1987,0,0,0,0,0,0,0,0,0,0
450982,1,1,1987,15,15,15,15,15,15,15,15,15,15
450983,1,1,1987,0,0,0,0,0,0,0,0,0,0
450983,2,1,1987,0,0,0,0,0,0,12,0,0,0
450984,1,1,1987,0,0,0,0,0,0,0,0,0,0
450985,1,1,1987,18,18,18,18,18,18,18,18,18,18
450987,1,1,1987,26,0,0,0,0,0,0,27,13,0
450988,1,1,1987,0,0,0,0,0,0,0,0,0,0
450988,2,1,1987,0,0,0,0,16,0,0,0,0,0
450989,1,1,1987,0,18,0,0,18,16,17,26,0,25
450989,2,1,1987,16,16,16,16,16,16,16,16,16,16
450990,1,1,1987,12,12,12,12,12,12,12,12,12,12
450991,1,1,1987,0,0,0,0,0,0,0,0,0,0
450991,2,1,1987,0,0,0,0,0,0,0,0,0,0
450992,1,1,1987,0,0,0,0,0,0,0,0,0,0
450992,2,1,1987,0,0,0,0,0,0,0,0,0,0
450993,1,1,1987,0,0,0,0,18,0,0,0,18,0
450993,2,1,1987,0,0,0,0,11,0,0,18,0,0
450994,1,1,1987,0,0,0,0,0,0,0,0,0,0
450994,2,1,1987,0,0,0,0,0,0,0,0,0,0
450995,1,1,1987,0,0,0,0,0,0,0,0,0,0
450995,2,1,1987,18,18,18,18,18,18,18,18,18,18
450997,1,1,1987,0,0,0,0,0,0,0,0,0,0
450998,1,1,1987,11,25,27,20,12,12,9,17,21,0
450999,0,1,1987,0,0,0,0,0,0,0,0,0,0
450999,1,1,1987,1,1,1,1,1,1,1,1,1,1
451001,0,1,1987,12,12,12,12,12,12,12,12,12,12
451001,1,1,1987,0,0,0,22,0,0,27,0,0,0
451002,1,1,1987,0,27,11,0,0,0,0,0,0,0
451002,2,1,1987,0,0,19,0,0,0,0,0,0,20
451003,1,1,1987,22,48,0,16,4,26,0,0,0,0
451004,0,1,1987,9,9,9,9,9,9,9,9,9,9
451004,1,1,1987,0,0,0,0,0,0,0,0,4,0
451006,0,1,1987,0,0,23,0,0,0,0,0,11,0
451006,1,1,1987,0,0,0,0,0,0,0,9,0,0
451008,1,1,1987,0,0,0,0,0,0,0,0,14,0
451009,1,1,1987,7,7,7,7,7,7,7,7,7,7
451010,1,1,1987,16,16,16,16,16,16,16,16,16,16
451010,2,1,1987,0,15,36,0,0,0,0,33,0,0
451011,1,1,1987,0,0,0,0,0,0,0,0,0,0
451011,2,1,1987,0,0,31,12,0,0,0,9,0,17
451012,1,1,1987,0,10,25,0,15,0,24,11,22,0
451013,1,1,1987,13,13,13,13,13,13,13,13,13,13
460001,1,1,1987,0,0,0,0,0,0,0,0,0,0
460001,2,1,1987,0,0,0,0,0,0,0,0,0,0
460002,1,1,1987,0,0,0,0,0,0,0,0,0,0
460003,1,1,1987,0,0,0,0,0,0,0,0,0,0
460004,0,1,1987,20,20,20,20,20,20,20,20,20,20
460004,1,1,1987,0,0,0,0,0,0,0,0,0,0
460005,1,1,1987,0,0,0,0,0,10,0,6,0,0
460006,1,1,1987,19,19,19,19,19,19,19,19,19,19
460007,1,1,1987,0,0,0,0,0,0,0,0,0,0
460007,2,1,1987,0,0,0,0,0,0,0,0,0,0
460008,1,1,1987,0,0,0,0,0,0,0,0,0,0
460009,1,1,1987,20,20,20,20,20,20,20,20,20,20
460010,1,1,1987,0,0,0,0,0,0,0,0,0,0
460011,1,1,1987,0,0,0,0,0,0,0,0,0,0
460012,1,1,1987,20,20,20,20,20,20,20,20,20,20
460013,1,1,1987,6,6,6,6,6,6,6,6,6,6
460013,2,1,1987,0,0,0,0,0,0,0,0,0,0
460014,1,1,1987,0,0,0,0,0,0,0,0,0,0
460014,2,1,1987,0,0,0,0,0,0,0,7,0,0
460015,1,1,1987,0,0,0,0,0,0,0,0,0,0
460016,1,1,1987,0,0,0,0,0,0,0,0,0,0
460016,2,1,1987,0,0,0,0,0,0,0,0,0,0
460017,1,1,1987,11,11,11,11,11,11,11,11,11,11
460018,1,1,1987,0,0,0,0,0,0,0,0,0,0
460018,2,1,1987,0,0,0,0,0,0,0,0,0,0
460019,1,1,1987,16,16,16,16,16,16,16,16,16,16
460020,1,1,1987,15,15,15,15,15,15,15,15,15,15
460021,1,1,1987,0,0,0,0,0,0,0,0,0,0
460021,2,1,1987,17,23,0,0,19,0,0,0,0,0
460022,1,1,1987,0,0,0,0,0,0,0,0,0,0
460022,2,1,1987,0,0,0,0,0,0,0,0,0,0
460023,1,1,1987,0,0,0,0,0,0,0,0,0,0
460023,2,1,1987,0,0,0,0,0,0,0,0,0,0
460023,3,1,1987,0,0,0,0,0,8,0,0,0,0
460024,1,1,1987,0,0,0,0,0,0,0,0,0,0
460025,1,1,1987,29,29,29,29,29,29,29,29,29,29
460026,1,1,1987,0,0,0,0,0,0,0,0,0,0
460027,1,1,1987,14,14,14,14,14,14,14,14,14,14
460027,2,1,1987,0,0,0,0,0,0,0,0,0,0
460028,1,1,1987,0,0,0,0,0,0,0,0,0,0
460029,1,1,1987,0,0,0,0,0,0,0,0,0,0
460029,2,1,1987,0,0,0,0,0,0,0,0,0,0
460030,1,1,1987,0,0,0,0,0,0,0,0,0,0
460030,2,1,1987,0,0,0,0,0,0,0,0,0,0
460031,1,1,1987,0,0,0,0,0,0,0,0,0,0
460032,1,1,1987,0,0,0,0,0,0,0,0,0,0
460033,1,1,1987,0,0,0,0,0,0,0,0,0,0
460034,1,1,1987,11,11,11,11,11,11,11,11,11,11
460034,2,1,1987,8,8,8,8,8,8,8,8,8,8
460035,1,1,1987,0,0,0,0,0,0,0,0,0,0
460035,2,1,1987,4,4,4,4,4,4,4,4,4,4
460036,1,1,1987,16,16,16,16,16,16,16,16,16,16
460037,1,1,1987,16,16,16,16,16,16,16,16,16,16
460038,1,1,1987,0,0,0,0,0,0,0,0,0,0
460038,2,1,1987,0,0,0,0,0,0,0,0,0,0
460039,0,1,1987,0,0,0,0,0,0,0,0,0,0
460039,1,1,1987,0,0,0,0,0,0,0,0,0,0
460041,0,1,1987,21,21,21,21,21,21,21,21,21,21
460041,1,1,1987,19,19,19,19,19,19,19,19,19,19
460042,1,1,1987,0,0,0,0,0,0,0,0,0,0
460043,1,1,1987,0,0,0,0,0,0,0,0,0,0
460044,1,1,1987,0,0,0,0,0,0,0,0,0,0
460045,1,1,1987,0,0,0,0,0,0,0,0,0,0
460046,1,1,1987,17,17,17,17,17,17,17,17,17,17
460047,2,1,1987,0,0,0,0,0,0,0,0,10,0
460048,1,1,1987,0,0,0,0,0,0,0,0,0,0
460048,2,1,1987,0,0,0,0,0,0,0,0,0,0
460050,1,1,1987,0,0,0,0,0,0,0,0,0,0
460051,1,1,1987,24,15,9,20,15,5,6,13,19,26
460052,1,1,1987,0,0,0,0,0,0,0,0,0,0
460052,2,1,1987,0,0,0,0,0,0,0,0,0,0
460053,1,1,1987,0,0,0,0,0,0,0,0,0,0
460053,2,1,1987,23,23,23,23,23,23,23,23,23,23
460054,1,1,1987,12,12,12,12,12,12,12,12,12,12
460054,2,1,1987,0,0,0,0,0,0,0,0,0,0
460055,1,1,1987,0,0,0,0,0,0,0,0,0,0
460055,2,1,1987,25,25,25,25,25,25,25,25,25,25
460056,1,1,1987,0,0,0,0,0,0,18,0,0,0
460057,1,1,1987,0,0,0,0,0,0,0,0,0,0
460057,2,1,1987,3,3,3,3,3,3,3,3,3,3
460058,1,1,1987,0,0,0,0,0,0,0,0,0,0
460058,2,1,1987,0,0,0,0,0,0,0,0,0,0
460059,1,1,1987,0,0,0,0,0,0,0,0,0,0
460060,0,1,1987,6,6,6,6,6,6,6,6,6,6
460060,1,1,1987,0,12,0,0,4,0,0,0,0,0
460061,1,1,1987,0,0,16,23,0,0,0,0,0,0
460062,1,1,1987,13,13,13,13,13,13,13,13,13,13
460063,1,1,1987,5,5,5,5,5,5,5,5,5,5
460063,2,1,1987,6,6,6,6,6,6,6,6,6,6
460064,1,1,1987,0,0,0,0,0,0,0,0,0,29
460064,2,1,1987,0,0,0,0,0,0,0,0,0,0