ST_CASE,VEH_NO,PER_NO,YEAR,P1,P2,P3,P4,P5,P6,P7,P8,P9,P10
460065,1,1,1987,0,0,0,0,13,0,0,0,0,0
460065,2,1,1987,23,23,23,23,23,23,23,23,23,23
460066,1,1,1987,0,0,0,0,0,0,0,0,0,0
460067,1,1,1987,6,6,6,6,6,6,6,6,6,6
460068,1,1,1987,23,23,23,23,23,23,23,23,23,23
460068,2,1,1987,1,1,1,1,1,1,1,1,1,1
460068,3,1,1987,14,16,8,13,29,18,18,6,0,14
460069,0,1,1987,14,14,14,14,14,14,14,14,14,14
460069,0,2,1987,6,6,6,6,6,6,6,6,6,6
460069,1,1,1987,10,10,10,10,10,10,10,10,10,10
460070,1,1,1987,10,10,10,10,10,10,10,10,10,10
460071,1,1,1987,31,31,31,31,31,31,31,31,31,31
460072,1,1,1987,28,28,28,28,28,28,28,28,28,28
460073,1,1,1987,0,0,0,0,0,0,0,0,0,0
460073,2,1,1987,0,0,0,0,0,0,0,0,0,0
460074,1,1,1987,18,18,18,18,18,18,18,18,18,18
460075,1,1,1987,21,12,15,7,11,15,13,11,23,16
460075,2,1,1987,0,0,0,0,3,0,0,0,0,0
460076,1,1,1987,14,14,14,14,14,14,14,14,14,14
460077,1,1,1987,9,9,9,9,9,9,9,9,9,9
460078,1,1,1987,22,22,22,22,22,22,22,22,22,22
460079,1,1,1987,0,0,0,0,0,0,0,0,0,0
460079,2,1,1987,0,0,0,12,0,0,0,0,0,0
460080,0,1,1987,1,1,1,1,1,1,1,1,1,1
460080,1,1,1987,0,0,0,0,23,0,11,0,0,0
460081,1,1,1987,16,16,16,16,16,16,16,16,16,16
460082,1,1,1987,0,0,0,0,0,0,0,0,0,0
460082,2,1,1987,0,0,0,0,0,0,0,0,0,0
460083,1,1,1987,9,9,9,9,9,9,9,9,9,9
460084,1,1,1987,0,0,0,0,0,0,0,0,0,0
460085,1,1,1987,0,0,0,0,0,0,0,0,0,0
460085,2,1,1987,11,20,11,15,12,3,0,16,19,17
460085,3,1,1987,0,0,0,0,0,0,0,0,8,0
460086,1,1,1987,15,15,15,15,15,15,15,15,15,15
460087,1,1,1987,0,0,0,0,0,0,0,0,0,0
460088,1,1,1987,0,0,0,0,0,0,0,0,0,0
460089,1,1,1987,0,0,0,0,0,0,0,0,0,0
460089,2,1,1987,0,0,0,0,0,0,0,0,0,0
460090,1,1,1987,0,0,0,0,0,0,0,0,0,0
460091,1,1,1987,16,16,16,16,16,16,16,16,16,16
460093,1,1,1987,0,0,0,0,0,0,0,0,0,0
460094,0,1,1987,0,0,0,0,11,0,0,23,16,0
460094,1,1,1987,0,0,0,0,0,0,0,0,0,0
460096,1,1,1987,25,25,25,25,25,25,25,25,25,25
460096,2,1,1987,0,0,0,0,0,0,0,0,0,0
460097,1,1,1987,14,14,14,14,14,14,14,14,14,14
460098,1,1,1987,30,30,30,30,30,30,30,30,30,30
460098,2,1,1987,0,0,0,0,0,0,0,3,0,0
460100,1,1,1987,0,0,0,0,0,0,0,0,0,0
460100,2,1,1987,10,10,10,10,10,10,10,10,10,10
460101,1,1,1987,0,0,0,0,0,0,0,0,0,0
460101,2,1,1987,24,24,24,24,24,24,24,24,24,24
460102,1,1,1987,20,20,20,20,20,20,20,20,20,20
460104,1,1,1987,0,0,0,0,0,0,0,0,0,0
460104,2,1,1987,16,16,16,16,16,16,16,16,16,16
460105,1,1,1987,10,10,10,10,10,10,10,10,10,10
460106,1,1,1987,26,26,26,26,26,26,26,26,26,26
460107,1,1,1987,0,0,0,0,0,0,0,0,0,0
460107,2,1,1987,0,0,0,0,0,0,0,0,0,0
460107,3,1,1987,0,0,0,0,0,0,0,0,0,20
460108,1,1,1987,0,0,0,0,0,0,0,0,0,0
460108,2,1,1987,0,0,0,0,0,0,0,0,0,0
460109,1,1,1987,0,0,0,0,0,0,0,0,0,0
460111,1,1,1987,0,0,0,0,0,0,0,0,0,0
460111,2,1,1987,0,0,0,0,0,0,0,0,0,0
460112,1,1,1987,0,0,0,0,0,0,0,0,0,0
460112,2,1,1987,0,0,0,0,0,0,0,0,0,0
460113,1,1,1987,0,0,0,0,0,0,0,0,0,0
460114,1,1,1987,16,16,16,16,16,16,16,16,16,16
470001,1,1,1987,0,0,0,0,0,0,0,0,0,0
470002,1,1,1987,36,36,36,36,36,36,36,36,36,36
470003,1,1,1987,17,17,17,17,17,17,17,17,17,17
470005,1,1,1987,0,0,0,0,0,0,0,0,0,0
470006,1,1,1987,0,0,0,0,0,0,0,0,0,0
470006,2,1,1987,94,94,94,94,94,94,94,94,94,94
470007,1,1,1987,14,14,14,14,14,14,14,14,14,14
470008,1,1,1987,0,0,0,0,0,0,0,0,0,0
470009,1,1,1987,17,17,17,17,17,17,17,17,17,17
470010,1,1,1987,33,33,33,33,33,33,33,33,33,33
470011,1,1,1987,0,0,0,0,0,0,0,0,0,0
470011,2,1,1987,0,0,0,0,0,0,0,0,0,0
470012,1,1,1987,5,5,5,5,5,5,5,5,5,5
470013,0,1,1987,25,0,22,44,25,10,10,11,0,9
470013,1,1,1987,0,0,0,0,0,0,0,0,0,0
470014,1,1,1987,0,0,0,0,0,0,0,0,0,0
470015,1,1,1987,7,0,0,0,0,0,0,0,0,0
470016,1,1,1987,22,22,22,22,22,22,22,22,22,22
470016,2,1,1987,11,11,11,11,11,11,11,11,11,11
470016,3,1,1987,0,0,0,0,0,0,0,0,0,0
470017,1,1,1987,0,0,0,0,0,0,0,0,0,0
470018,0,1,1987,13,13,13,13,13,13,13,13,13,13
470018,0,2,1987,13,13,13,13,13,13,13,13,13,13
470018,1,1,1987,0,0,0,0,0,0,0,0,0,0
470019,1,1,1987,0,0,0,0,0,0,0,0,0,0
470020,1,1,1987,19,19,19,19,19,19,19,19,19,19
470021,1,1,1987,20,20,20,20,20,20,20,20,20,20
470021,2,1,1987,0,29,0,14,0,0,0,0,0,0
470022,1,1,1987,9,9,9,9,9,9,9,9,9,9
470023,0,1,1987,0,0,0,0,0,0,0,0,0,0
470023,1,1,1987,0,0,0,0,0,0,0,0,0,0
470024,1,1,1987,21,21,21,21,21,21,21,21,21,21
470024,2,1,1987,0,0,0,0,0,0,0,0,0,0
470024,3,1,1987,0,0,0,0,0,0,0,0,0,0
470024,4,1,1987,0,0,0,0,0,0,0,0,0,0
470025,1,1,1987,0,0,0,0,0,0,0,0,0,0
470025,2,1,1987,0,0,0,0,0,0,0,0,0,0
470025,3,1,1987,0,0,0,0,0,0,0,0,0,0
470026,1,1,1987,0,0,0,0,0,0,0,0,0,0
470026,2,1,1987,0,0,0,0,0,0,0,0,0,0
470027,1,1,1987,0,0,0,0,0,0,0,0,0,0
470028,1,1,1987,0,0,0,0,0,0,0,0,0,0
470028,2,1,1987,0,0,0,0,0,0,0,0,0,0
470028,3,1,1987,0,0,0,0,0,0,0,0,0,0
470029,1,1,1987,0,0,0,0,0,0,0,0,0,0
470029,2,1,1987,19,19,19,19,19,19,19,19,19,19
470030,1,1,1987,0,0,0,0,0,0,0,0,0,0
470031,0,1,1987,10,10,10,10,10,10,10,10,10,10
470031,1,1,1987,9,0,0,0,0,0,0,0,0,0
470031,2,1,1987,0,0,0,0,0,0,0,0,0,0
470032,1,1,1987,0,0,0,0,0,0,0,0,0,0
470032,2,1,1987,0,0,0,0,0,0,0,0,0,0
470033,1,1,1987,0,0,0,0,0,0,0,0,0,0
470033,2,1,1987,0,0,0,0,0,0,0,0,0,0
470034,1,1,1987,0,0,0,0,0,0,0,0,0,0
470035,1,1,1987,0,0,0,0,0,0,0,0,0,0
470035,2,1,1987,0,0,0,0,0,0,0,0,0,0
470036,1,1,1987,0,0,0,0,0,0,0,0,0,0
470037,1,1,1987,0,0,0,0,0,0,0,0,0,0
470038,1,1,1987,10,10,10,10,10,10,10,10,10,10
470039,1,1,1987,0,0,0,0,0,0,0,0,0,0
470040,1,1,1987,0,0,0,0,0,0,0,0,0,0
470040,2,1,1987,0,0,0,0,0,0,0,0,0,0
470040,3,1,1987,0,0,27,12,0,0,0,0,0,0
470041,1,1,1987,0,0,0,0,0,0,0,0,0,0
470042,0,1,1987,0,0,0,0,0,0,0,0,0,0
470042,1,1,1987,0,0,0,0,0,0,0,0,0,0
470043,1,1,1987,0,0,0,0,0,0,0,0,0,0
470043,2,1,1987,0,0,0,0,0,0,0,0,0,0
470043,3,1,1987,0,0,0,11,0,0,0,0,0,0
470044,1,1,1987,0,0,0,0,0,0,0,0,0,0
470045,1,1,1987,0,22,0,0,0,0,0,12,0,0
470045,2,1,1987,0,0,0,0,0,0,0,0,19,0
470046,1,1,1987,0,0,0,0,0,0,0,0,0,0
470046,2,1,1987,0,0,0,0,0,0,0,0,0,0
470047,0,1,1987,0,0,0,0,0,0,0,0,0,0
470047,1,1,1987,0,0,0,0,0,0,0,0,0,0
470048,0,1,1987,0,0,0,0,0,0,0,0,0,0
470048,1,1,1987,19,0,0,0,0,0,6,0,0,0
470049,1,1,1987,1,1,1,1,1,1,1,1,1,1
470050,1,1,1987,0,0,0,0,0,0,0,0,0,0
470050,2,1,1987,18,18,18,18,18,18,18,18,18,18
470051,1,1,1987,0,0,0,0,0,0,0,0,0,0
470051,2,1,1987,0,0,0,8,0,0,0,0,0,0
470052,1,1,1987,0,0,0,0,0,0,0,0,0,0
470052,2,1,1987,0,0,0,0,0,0,0,0,0,0
470053,0,1,1987,17,0,0,0,0,24,0,5,0,14
470053,1,1,1987,0,0,0,0,0,0,0,0,0,0
470054,1,1,1987,0,0,0,0,0,0,0,0,0,0
470056,1,1,1987,0,0,0,0,0,29,22,0,25,24
470057,1,1,1987,14,26,10,21,13,14,0,0,30,13
470057,2,1,1987,0,17,0,7,0,0,14,0,14,0
470058,1,1,1987,0,0,0,0,0,0,0,0,0,0
470058,2,1,1987,0,0,0,0,0,0,0,0,0,0
470059,1,1,1987,0,0,0,0,0,0,0,0,0,0
470060,1,1,1987,0,0,0,0,0,0,0,0,0,0
470060,2,1,1987,0,0,0,0,0,0,0,0,0,0
470061,1,1,1987,0,0,0,0,0,0,0,0,0,0
470062,0,1,1987,0,0,0,0,0,0,0,0,0,0
470063,1,1,1987,0,0,0,0,0,0,0,0,0,0
470064,1,1,1987,14,14,14,14,14,14,14,14,14,14
470065,1,1,1987,0,0,0,0,0,0,0,0,0,0
470065,2,1,1987,0,0,0,0,0,0,0,0,0,0
470066,1,1,1987,27,27,27,27,27,27,27,27,27,27
470067,1,1,1987,0,0,0,0,0,0,0,0,0,0
470067,2,1,1987,19,19,19,19,19,19,19,19,19,19
470068,1,1,1987,0,0,0,0,0,0,0,0,0,0
470068,2,1,1987,0,0,0,0,0,0,0,0,0,0
470069,1,1,1987,0,0,0,0,0,0,0,0,0,0
470069,2,1,1987,0,0,0,0,0,0,0,0,0,0
470070,1,1,1987,24,24,24,24,24,24,24,24,24,24
470071,1,1,1987,22,22,22,22,22,22,22,22,22,22
470072,1,1,1987,17,17,17,17,17,17,17,17,17,17
470073,1,1,1987,13,13,13,13,13,13,13,13,13,13
470074,1,1,1987,14,14,14,14,14,14,14,14,14,14
470075,0,1,1987,11,11,11,11,11,11,11,11,11,11
470075,1,1,1987,35,21,0,0,0,11,4,0,15,0
470076,1,1,1987,0,13,0,0,0,0,18,6,0,0
470076,2,1,1987,0,0,0,0,0,0,0,0,0,0
470077,1,1,1987,0,0,0,0,0,0,0,0,0,0
470078,1,1,1987,11,11,11,11,11,11,11,11,11,11
470079,1,1,1987,1,1,1,1,1,1,1,1,1,1
470079,2,1,1987,0,0,0,27,0,0,0,0,0,0
470080,1,1,1987,8,8,8,8,8,8,8,8,8,8
470080,2,1,1987,0,16,0,0,0,0,0,0,0,0
470080,3,1,1987,0,0,0,0,0,0,0,0,0,0
470080,4,1,1987,0,0,0,0,0,0,0,0,0,0
470081,1,1,1987,0,0,0,0,24,0,0,0,0,0
470081,2,1,1987,0,0,0,0,0,0,0,0,0,0
470082,1,1,1987,0,0,0,0,0,0,0,0,0,0
470083,1,1,1987,20,20,20,20,20,20,20,20,20,20
470083,2,1,1987,0,0,0,0,0,0,0,0,0,0
470084,1,1,1987,20,20,20,20,20,20,20,20,20,20
470085,1,1,1987,0,0,0,0,0,0,0,0,0,0
470086,1,1,1987,0,0,0,0,0,0,0,0,0,0
470086,2,1,1987,0,0,0,0,0,0,0,0,0,0
470087,1,1,1987,0,0,0,0,0,0,0,0,0,0
470088,1,1,1987,0,0,0,0,0,0,0,0,0,0
470088,2,1,1987,0,0,0,0,0,0,0,0,0,0
470089,1,1,1987,26,26,26,26,26,26,26,26,26,26
470089,2,1,1987,0,0,0,0,0,0,0,0,0,0
470090,1,1,1987,14,14,14,14,14,14,14,14,14,14
470091,1,1,1987,0,0,0,0,0,0,0,0,7,0
470091,2,1,1987,22,0,0,0,14,0,0,0,0,0
470092,1,1,1987,16,0,0,14,19,12,6,11,26,4
470092,2,1,1987,0,0,0,0,0,0,0,0,0,8
470092,3,1,1987,0,0,28,0,0,0,0,0,0,7
470093,1,1,1987,13,0,4,0,0,0,0,0,0,10
470094,1,1,1987,0,0,0,0,0,0,0,0,0,0
470094,2,1,1987,0,0,0,0,0,0,0,0,0,0
470094,3,1,1987,0,0,0,0,0,0,0,0,0,0
470096,1,1,1987,0,0,0,0,0,10,0,0,2,5
470096,2,1,1987,0,0,0,0,0,0,0,0,0,0
470098,1,1,1987,0,21,0,0,0,17,0,0,0,0
470099,1,1,1987,9,10,13,29,15,19,30,17,15,35
470099,2,1,1987,5,5,5,5,5,5,5,5,5,5
470100,1,1,1987,10,6,10,21,7,22,0,9,0,15
470100,2,1,1987,0,29,0,0,0,0,9,0,0,0
470101,1,1,1987,0,0,0,0,0,0,0,0,0,0
470102,1,1,1987,24,24,24,24,24,24,24,24,24,24
470102,2,1,1987,0,0,0,0,0,0,0,0,0,0
470103,0,1,1987,14,14,14,14,14,14,14,14,14,14
470103,1,1,1987,0,0,0,0,0,6,0,0,0,0
470104,1,1,1987,0,0,0,0,0,0,0,0,0,0
470104,2,1,1987,0,0,0,0,0,0,0,0,0,0
470105,1,1,1987,0,0,0,0,0,0,0,0,0,0
470105,2,1,1987,20,20,20,20,20,20,20,20,20,20
470106,1,1,1987,0,0,0,0,0,0,0,0,0,0
470106,2,1,1987,0,0,0,0,0,0,0,0,0,0
470107,1,1,1987,0,0,0,0,0,0,0,0,0,0
470107,2,1,1987,0,0,0,0,0,0,0,0,0,0
470108,1,1,1987,0,0,0,6,0,0,0,0,0,0
470108,2,1,1987,2,0,0,0,0,0,0,0,0,0
470108,3,1,1987,0,0,0,0,0,0,0,0,0,0
470109,1,1,1987,0,0,0,0,0,0,0,0,0,0
470109,2,1,1987,0,0,0,0,0,0,0,0,0,0
470110,1,1,1987,0,0,0,0,0,0,0,0,0,0
470110,2,1,1987,16,16,16,16,16,16,16,16,16,16
470111,1,1,1987,0,0,0,0,0,0,0,0,0,0
470111,2,1,1987,0,0,0,0,0,0,0,0,0,0
470112,1,1,1987,15,15,15,15,15,15,15,15,15,15
470113,1,1,1987,32,32,32,32,32,32,32,32,32,32
470114,1,1,1987,11,11,11,11,11,11,11,11,11,11
470115,1,1,1987,0,12,0,0,12,0,0,13,0,0
470116,1,1,1987,0,0,0,0,0,0,0,0,0,0
470116,2,1,1987,0,0,0,0,0,0,0,0,0,0
470117,1,1,1987,0,0,0,0,0,0,10,0,0,0
470117,2,1,1987,0,0,0,0,0,0,0,0,0,0
470118,0,1,1987,0,0,0,0,0,0,12,0,14,29
470118,1,1,1987,0,0,0,19,0,0,0,0,0,18
470119,1,1,1987,22,22,22,22,22,22,22,22,22,22
470119,2,1,1987,0,0,0,0,0,0,0,0,0,0
470120,1,1,1987,0,0,0,0,0,0,0,0,0,0
470120,2,1,1987,0,0,0,0,0,0,0,0,0,0
470121,1,1,1987,21,21,21,21,21,21,21,21,21,21
470123,1,1,1987,0,0,0,7,0,0,10,14,0,0
470123,2,1,1987,0,0,0,0,0,0,0,0,0,0
470123,3,1,1987,0,0,0,0,0,0,0,0,0,0
470124,1,1,1987,0,0,0,0,0,0,0,0,0,0
470124,2,1,1987,0,0,0,0,0,0,0,0,0,0
470125,1,1,1987,21,30,22,13,17,25,29,0,0,27
470126,1,1,1987,15,0,0,0,0,26,0,16,0,0
470127,1,1,1987,4,4,4,4,4,4,4,4,4,4
470127,2,1,1987,0,0,0,0,0,7,0,0,0,0
470127,3,1,1987,0,14,0,0,0,0,0,0,0,0
470127,4,1,1987,0,0,0,0,0,0,0,0,0,0
470128,1,1,1987,0,0,0,0,0,0,0,0,0,0
470128,2,1,1987,0,0,0,0,0,0,0,0,0,0
470128,3,1,1987,0,0,0,0,0,0,0,0,0,0
470128,4,1,1987,0,0,0,0,0,0,0,0,0,0
470128,5,1,1987,0,0,0,0,0,0,0,0,0,0
470128,6,1,1987,0,0,0,0,0,0,0,17,0,0
470128,7,1,1987,0,0,0,0,0,0,0,0,0,0
470128,8,1,1987,0,0,0,0,0,0,0,0,0,0
470128,9,1,1987,8,0,0,0,0,2,0,0,0,0
470128,10,1,1987,0,0,0,0,0,0,0,0,0,0
470129,1,1,1987,0,0,0,0,0,0,0,0,0,0
470129,2,1,1987,0,0,0,0,0,0,0,0,0,0
470129,3,1,1987,0,0,0,0,0,0,0,0,0,0
470130,1,1,1987,21,21,21,21,21,21,21,21,21,21
470131,1,1,1987,0,0,0,0,0,0,0,0,0,0
470131,2,1,1987,0,0,0,0,0,0,0,0,0,0
470132,1,1,1987,8,5,0,0,0,13,0,0,9,25
470133,1,1,1987,25,25,25,25,25,25,25,25,25,25
470134,0,1,1987,0,0,0,0,0,0,0,0,0,0
470135,1,1,1987,0,0,0,0,0,0,0,0,0,0
470135,2,1,1987,0,0,0,0,0,0,0,0,0,0
470136,1,1,1987,0,0,0,0,0,0,0,0,0,0
470136,2,1,1987,0,0,0,0,0,0,0,0,0,0
470136,3,1,1987,0,0,0,0,0,0,0,0,0,0
470136,4,1,1987,0,0,0,0,0,0,0,0,0,15
470136,5,1,1987,5,5,5,5,5,5,5,5,5,5
470138,1,1,1987,0,0,0,0,0,0,0,0,0,0
470138,2,1,1987,0,0,9,0,0,0,0,0,0,0
470139,1,1,1987,0,0,0,0,0,0,0,0,0,0
470140,0,1,1987,41,41,41,41,41,41,41,41,41,41
470140,1,1,1987,23,0,0,21,34,0,0,2,4,0
470141,1,1,1987,0,0,0,0,0,0,0,0,0,0
470141,2,1,1987,16,16,16,16,16,16,16,16,16,16
470142,1,1,1987,30,30,30,30,30,30,30,30,30,30
470143,1,1,1987,0,0,0,0,0,0,0,0,0,0
470143,2,1,1987,19,19,19,19,19,19,19,19,19,19
470144,1,1,1987,0,0,0,0,0,0,0,0,0,0
470145,0,1,1987,11,11,11,11,11,11,11,11,11,11
470145,0,2,1987,6,0,24,16,18,8,0,0,16,15
470145,0,3,1987,27,0,8,5,8,17,0,24,5,0
470145,1,1,1987,16,16,16,16,16,16,16,16,16,16
470146,1,1,1987,0,0,0,0,0,0,0,0,0,0
470146,2,1,1987,0,0,0,0,0,0,0,0,0,0
470147,1,1,1987,0,0,0,0,0,0,0,0,0,0
470147,2,1,1987,18,18,18,18,18,18,18,18,18,18
470147,3,1,1987,0,0,0,0,0,0,0,0,0,0
470148,1,1,1987,23,23,23,23,23,23,23,23,23,23
470149,1,1,1987,0,0,0,0,0,0,0,0,0,0
470149,2,1,1987,0,0,0,0,0,0,0,2,0,0
470150,1,1,1987,33,33,33,33,33,33,33,33,33,33
470152,1,1,1987,0,0,0,0,0,0,0,0,0,0
470152,2,1,1987,1,1,1,1,1,1,1,1,1,1
470153,1,1,1987,0,0,0,0,0,0,0,0,0,0
470153,2,1,1987,32,10,0,40,20,0,19,14,0,0
470154,1,1,1987,0,0,0,0,0,0,0,0,0,0
470154,2,1,1987,26,26,26,26,26,26,26,26,26,26
470155,1,1,1987,0,0,0,0,0,0,0,0,0,0
470156,1,1,1987,18,18,18,18,18,18,18,18,18,18
470157,1,1,1987,6,6,6,6,6,6,6,6,6,6
470157,2,1,1987,26,26,26,26,26,26,26,26,26,26
470158,1,1,1987,0,0,0,0,0,0,0,0,0,0
470159,1,1,1987,0,0,0,0,0,0,0,0,0,0
470159,2,1,1987,0,23,14,11,27,10,0,0,18,24
470160,1,1,1987,0,0,0,0,0,0,0,0,0,0
470160,2,1,1987,0,0,0,0,0,0,0,0,0,0
470161,1,1,1987,0,0,30,0,32,25,17,26,23,0
470162,1,1,1987,18,18,18,18,18,18,18,18,18,18
470163,1,1,1987,0,0,0,0,0,0,9,0,0,13
470163,2,1,1987,0,0,0,0,0,0,0,0,0,0
470164,0,1,1987,0,0,0,0,0,0,0,0,0,0
470164,1,1,1987,0,0,0,0,0,0,0,0,0,0
470166,1,1,1987,27,27,27,27,27,27,27,27,27,27
470168,1,1,1987,18,18,18,18,18,18,18,18,18,18
470169,1,1,1987,0,0,0,0,0,0,0,0,0,0
470169,2,1,1987,0,0,0,0,0,0,0,0,0,0
470170,1,1,1987,7,7,7,7,7,7,7,7,7,7
470170,2,1,1987,0,0,0,0,0,0,0,0,0,0
470170,3,1,1987,0,0,0,0,0,0,0,0,0,0
470170,4,1,1987,1,1,1,1,1,1,1,1,1,1
470170,5,1,1987,0,0,0,0,0,0,0,0,0,0
470171,1,1,1987,0,0,0,0,0,0,0,0,0,0
470172,1,1,1987,2,2,2,2,2,2,2,2,2,2
470173,1,1,1987,94,94,94,94,94,94,94,94,94,94
470174,1,1,1987,0,0,0,0,0,0,0,0,0,12
470174,2,1,1987,0,0,0,0,0,0,0,0,0,0
470175,1,1,1987,14,15,14,0,20,34,18,24,33,15
470175,2,1,1987,4,0,0,13,0,0,0,16,0,13
470176,1,1,1987,0,0,0,0,0,0,0,0,0,0
470176,2,1,1987,0,0,0,0,0,0,11,0,0,0
470177,0,1,1987,0,0,0,0,0,0,0,0,0,0
470177,1,1,1987,0,0,0,0,0,0,15,0,0,0
470178,1,1,1987,20,20,20,20,20,20,20,20,20,20
470179,1,1,1987,7,23,0,0,0,0,0,12,15,0
470180,1,1,1987,7,7,7,7,7,7,7,7,7,7
470181,1,1,1987,11,11,11,11,11,11,11,11,11,11
470182,1,1,1987,0,0,0,0,0,0,0,0,0,0
470182,2,1,1987,0,0,0,0,0,0,5,0,14,0
470183,1,1,1987,0,0,0,0,0,0,0,0,0,0
470183,2,1,1987,10,10,10,10,10,10,10,10,10,10
470184,1,1,1987,6,6,6,6,6,6,6,6,6,6
470184,2,1,1987,0,0,0,0,0,0,0,0,0,0
470185,1,1,1987,0,0,0,0,0,0,0,0,0,0
470185,2,1,1987,0,0,0,0,0,0,0,0,0,0
470186,1,1,1987,2,2,2,2,2,2,2,2,2,2
470187,1,1,1987,19,19,19,19,19,19,19,19,19,19
470188,0,1,1987,0,0,0,0,0,0,0,0,0,0
470188,1,1,1987,0,0,0,0,0,0,0,0,0,0
470189,1,1,1987,13,13,13,13,13,13,13,13,13,13
470190,1,1,1987,0,0,0,0,0,0,0,0,0,0
470191,1,1,1987,0,0,0,0,0,0,0,0,0,0
470192,1,1,1987,0,0,0,0,0,0,0,0,0,0
470192,2,1,1987,0,0,24,0,0,0,0,0,0,0
470193,1,1,1987,0,0,0,0,0,0,0,0,0,0
470194,1,1,1987,14,14,14,14,14,14,14,14,14,14
470194,2,1,1987,0,0,0,0,0,0,0,0,0,0
470195,1,1,1987,0,0,0,0,0,0,0,0,0,0
470195,2,1,1987,34,34,34,34,34,34,34,34,34,34
470196,0,1,1987,0,0,0,0,0,0,0,0,0,0
470196,1,1,1987,0,0,0,0,0,0,0,0,0,0
470197,1,1,1987,0,0,0,0,0,0,0,0,0,0
470197,2,1,1987,0,0,0,0,0,0,0,0,0,0
470198,1,1,1987,0,0,0,0,0,0,0,0,0,0
470198,2,1,1987,0,0,0,0,0,0,0,0,0,0
470199,0,1,1987,21,21,21,21,21,21,21,21,21,21
470199,1,1,1987,15,15,15,15,15,15,15,15,15,15
470201,1,1,1987,0,0,0,0,0,0,0,0,0,0
470201,2,1,1987,0,0,0,0,0,0,0,0,0,0
470201,3,1,1987,0,0,0,0,0,0,0,0,0,0
470202,1,1,1987,17,17,17,17,17,17,17,17,17,17
470203,1,1,1987,18,18,18,18,18,18,18,18,18,18
470204,1,1,1987,12,12,12,12,12,12,12,12,12,12
470204,2,1,1987,0,0,0,0,0,0,0,0,0,0
470205,1,1,1987,0,0,0,0,0,0,0,0,0,0
470206,1,1,1987,0,0,0,0,4,0,0,0,0,0
470206,2,1,1987,0,0,0,0,0,0,0,0,0,0
470207,1,1,1987,0,0,0,0,0,0,0,0,0,0
470207,2,1,1987,9,9,9,9,9,9,9,9,9,9
470208,0,1,1987,0,0,0,0,0,0,0,0,0,0
470208,1,1,1987,0,0,0,23,0,0,18,0,0,0
470210,1,1,1987,0,0,0,0,0,0,0,0,0,0
470210,2,1,1987,16,0,0,0,0,0,0,0,0,0
470210,3,1,1987,0,0,0,0,0,0,0,0,0,0
470211,0,1,1987,0,0,0,0,0,0,0,0,0,0
470211,1,1,1987,0,0,0,0,0,0,11,0,0,0
470212,1,1,1987,0,0,0,0,0,0,0,0,0,0
470213,0,1,1987,0,0,0,0,0,0,0,0,0,0
470213,1,1,1987,0,0,0,0,0,0,4,0,0,0
470214,1,1,1987,11,11,11,11,11,11,11,11,11,11
470216,1,1,1987,0,0,0,0,0,0,0,0,0,0
470217,1,1,1987,0,0,0,0,0,12,7,0,0,0
470217,2,1,1987,0,0,0,0,0,0,0,0,0,0
470218,1,1,1987,0,0,0,0,0,0,0,0,0,0
470218,2,1,1987,0,0,0,0,0,0,0,0,0,0
470219,1,1,1987,0,0,0,0,0,0,0,0,14,0
470220,1,1,1987,32,32,32,32,32,32,32,32,32,32
470220,2,1,1987,0,0,0,0,0,0,0,0,0,0
470221,1,1,1987,0,0,0,0,0,0,0,0,0,0
470222,1,1,1987,0,0,13,38,11,0,0,0,0,0
470223,1,1,1987,20,20,20,20,20,20,20,20,20,20
470224,0,1,1987,20,20,20,20,20,20,20,20,20,20
470224,1,1,1987,20,20,20,20,20,20,20,20,20,20
470225,1,1,1987,17,17,17,17,17,17,17,17,17,17
470226,1,1,1987,16,28,21,9,3,8,0,13,15,9
470226,2,1,1987,0,0,0,16,5,14,0,27,0,0
470227,0,1,1987,0,0,0,0,0,0,0,0,0,0
470227,1,1,1987,0,0,0,0,0,0,0,0,0,0
470228,1,1,1987,0,0,0,0,0,0,0,0,0,0
470228,2,1,1987,0,0,0,0,0,0,0,0,0,0
470229,1,1,1987,0,0,0,0,0,0,0,0,0,0
470230,1,1,1987,0,0,0,0,0,0,0,0,0,0
470230,2,1,1987,8,0,0,0,13,0,0,0,0,0
470231,1,1,1987,17,17,17,17,17,17,17,17,17,17
470232,1,1,1987,0,13,21,27,41,35,10,19,0,28
470233,1,1,1987,0,0,0,0,0,0,0,0,0,0
470233,2,1,1987,0,0,0,0,7,0,0,0,12,0
470234,1,1,1987,0,0,0,0,0,0,0,0,0,0
470235,1,1,1987,0,11,0,0,0,0,0,0,0,0
470235,2,1,1987,0,0,0,0,0,0,0,9,0,0
470236,1,1,1987,0,0,0,0,0,0,0,0,0,0
470237,1,1,1987,38,38,38,38,38,38,38,38,38,38
470238,1,1,1987,16,16,16,16,16,16,16,16,16,16
470239,1,1,1987,0,0,9,27,0,10,0,16,6,0
470240,1,1,1987,16,16,16,16,16,16,16,16,16,16
470240,2,1,1987,24,0,0,9,0,22,19,25,20,0
470241,1,1,1987,16,16,16,16,16,16,16,16,16,16