ST_CASE,VEH_NO,PER_NO,YEAR,P1,P2,P3,P4,P5,P6,P7,P8,P9,P10
470242,1,1,1987,0,0,0,0,0,0,0,0,0,0
470243,1,1,1987,0,0,0,0,0,0,0,0,32,0
470243,2,1,1987,0,0,0,0,0,10,0,0,0,0
470244,1,1,1987,0,0,0,0,0,0,0,0,0,0
470244,2,1,1987,0,0,0,0,0,0,0,0,0,0
470245,0,1,1987,0,0,0,0,0,0,0,0,0,0
470245,1,1,1987,12,9,0,18,20,10,30,18,15,0
470246,1,1,1987,0,0,0,0,0,0,0,0,0,0
470247,1,1,1987,9,9,9,9,9,9,9,9,9,9
470248,1,1,1987,19,19,19,19,19,19,19,19,19,19
470248,2,1,1987,10,27,30,25,19,17,0,24,24,30
470249,1,1,1987,0,0,0,0,0,0,0,0,0,0
470250,1,1,1987,31,31,31,31,31,31,31,31,31,31
470250,2,1,1987,0,0,0,0,0,0,0,0,0,0
470251,1,1,1987,0,0,0,10,0,0,0,0,0,0
470251,2,1,1987,0,0,0,0,0,0,0,0,0,0
470252,1,1,1987,35,35,35,35,35,35,35,35,35,35
470252,2,1,1987,0,0,0,0,0,0,0,0,0,0
470253,1,1,1987,23,23,23,23,23,23,23,23,23,23
470254,1,1,1987,0,0,0,0,0,0,0,0,0,0
470254,2,1,1987,0,0,0,0,0,0,0,0,0,0
470255,1,1,1987,14,14,14,14,14,14,14,14,14,14
470256,1,1,1987,0,0,0,0,0,0,0,0,0,0
470256,2,1,1987,0,0,0,0,0,0,0,0,0,0
470257,1,1,1987,0,0,0,0,0,0,0,0,0,0
470257,2,1,1987,0,0,0,0,0,0,0,0,0,0
470258,0,1,1987,0,0,0,0,0,0,6,0,12,0
470258,1,1,1987,0,0,0,0,0,0,0,0,0,0
470259,1,1,1987,0,0,26,9,14,24,0,0,0,0
470260,1,1,1987,4,16,12,3,15,0,0,6,34,0
470261,1,1,1987,0,0,0,16,0,0,0,0,0,0
470262,1,1,1987,0,0,0,0,0,0,0,0,0,0
470263,1,1,1987,0,0,0,0,0,0,0,0,0,0
470263,2,1,1987,12,12,12,12,12,12,12,12,12,12
470264,1,1,1987,0,0,0,0,0,0,0,0,0,0
470264,2,1,1987,9,9,9,9,9,9,9,9,9,9
470265,1,1,1987,0,0,0,0,0,0,0,0,0,0
470266,1,1,1987,0,0,0,0,0,0,0,0,0,0
470266,2,1,1987,19,19,19,19,19,19,19,19,19,19
470267,1,1,1987,0,0,0,0,0,0,0,0,0,0
470267,2,1,1987,0,0,0,0,0,0,0,0,0,0
470268,1,1,1987,0,0,0,0,0,0,0,12,0,0
470268,2,1,1987,0,0,0,0,25,0,0,0,0,0
470269,1,1,1987,0,0,0,0,0,0,0,0,0,0
470269,2,1,1987,0,0,0,0,0,0,0,0,0,0
470270,0,1,1987,2,0,0,0,0,0,0,15,0,0
470270,1,1,1987,14,0,0,0,3,0,0,0,0,0
470271,1,1,1987,0,0,0,0,0,0,0,0,0,0
470271,2,1,1987,0,0,0,0,0,0,0,0,0,0
470272,1,1,1987,0,0,0,0,0,0,0,0,0,0
470272,2,1,1987,0,0,0,0,0,0,0,0,0,0
470273,1,1,1987,0,0,0,0,0,0,0,0,0,0
470274,1,1,1987,0,0,0,0,0,0,0,0,0,0
470274,2,1,1987,0,0,0,0,0,0,0,0,0,0
470275,1,1,1987,0,0,0,0,0,0,0,0,0,0
470275,2,1,1987,0,0,0,0,0,0,0,0,0,0
470276,1,1,1987,0,0,0,0,0,0,0,0,0,0
470276,2,1,1987,0,0,0,0,0,0,0,0,0,0
470277,0,1,1987,0,0,0,0,0,0,0,0,0,0
470277,1,1,1987,11,0,0,12,0,0,0,0,7,0
470278,1,1,1987,7,7,7,7,7,7,7,7,7,7
470279,1,1,1987,10,15,0,0,38,0,0,0,0,0
470279,2,1,1987,0,0,0,0,0,0,0,0,0,0
470279,3,1,1987,0,0,0,0,0,0,0,0,0,0
470280,1,1,1987,0,0,0,0,0,0,0,0,0,0
470281,1,1,1987,0,0,0,0,0,0,0,0,0,0
470282,1,1,1987,22,22,22,22,22,22,22,22,22,22
470282,2,1,1987,27,27,27,27,27,27,27,27,27,27
470283,1,1,1987,0,0,0,0,0,0,0,0,0,0
470284,1,1,1987,3,3,3,3,3,3,3,3,3,3
470285,1,1,1987,0,0,0,0,0,0,0,0,0,0
470286,1,1,1987,24,24,24,24,24,24,24,24,24,24
470287,1,1,1987,0,0,0,0,0,0,0,0,0,0
470288,1,1,1987,19,19,19,19,19,19,19,19,19,19
470289,1,1,1987,17,6,14,26,15,3,27,6,25,23
470290,1,1,1987,0,0,0,0,0,0,0,0,0,0
470290,2,1,1987,0,0,0,0,0,0,0,0,0,0
470291,1,1,1987,0,0,0,0,0,0,0,0,0,0
470291,2,1,1987,14,14,14,14,14,14,14,14,14,14
470292,1,1,1987,0,0,0,0,0,0,0,0,0,0
470292,2,1,1987,0,0,0,0,0,0,0,0,0,0
470293,1,1,1987,0,0,0,0,0,0,0,0,0,0
470294,0,1,1987,0,0,0,0,0,0,0,0,0,0
470294,1,1,1987,0,0,0,0,0,0,0,0,0,0
470295,0,1,1987,0,0,0,0,13,0,0,0,0,0
470295,0,2,1987,0,0,0,0,0,0,0,0,0,0
470295,0,3,1987,0,0,0,0,0,0,0,0,0,0
470295,0,4,1987,0,0,0,0,0,0,0,6,0,0
470295,1,1,1987,0,0,0,0,0,0,0,0,0,0
470296,1,1,1987,0,0,0,0,0,0,0,0,0,0
470297,0,1,1987,0,0,0,0,0,0,0,0,0,0
470297,1,1,1987,0,0,0,0,0,0,0,0,0,0
470298,1,1,1987,0,0,0,0,0,0,0,0,0,0
470299,1,1,1987,0,0,0,0,0,0,0,0,0,0
470299,2,1,1987,0,0,0,6,0,0,0,0,0,0
470299,3,1,1987,0,0,0,0,0,0,0,0,0,0
470300,1,1,1987,0,0,0,0,0,0,0,0,0,0
470301,1,1,1987,0,0,0,0,0,0,0,0,0,0
470301,2,1,1987,0,0,0,0,0,0,0,0,0,0
470302,1,1,1987,0,32,25,24,0,16,14,14,21,15
470303,1,1,1987,0,0,0,0,0,0,0,0,0,0
470303,2,1,1987,0,0,0,0,0,0,0,0,0,0
470304,1,1,1987,0,0,0,0,0,0,0,0,0,0
470304,2,1,1987,0,0,0,0,0,0,0,0,0,0
470305,1,1,1987,11,11,11,11,11,11,11,11,11,11
470306,1,1,1987,0,0,21,0,0,0,0,5,0,0
470306,2,1,1987,0,0,0,0,0,0,0,0,0,0
470307,1,1,1987,0,0,7,0,0,0,0,0,13,0
470307,2,1,1987,0,0,0,8,0,0,0,0,0,0
470307,3,1,1987,4,0,0,0,0,0,0,26,6,0
470308,1,1,1987,0,0,0,0,0,0,0,0,0,0
470309,1,1,1987,19,11,31,8,13,14,6,10,17,16
470309,2,1,1987,0,0,0,0,0,0,0,0,0,0
470310,1,1,1987,19,19,19,19,19,19,19,19,19,19
470311,1,1,1987,0,0,0,0,0,0,0,0,0,0
470311,2,1,1987,0,0,0,0,0,0,0,0,0,0
470312,1,1,1987,0,0,0,0,0,0,0,0,0,0
470312,2,1,1987,0,0,0,0,0,0,0,0,0,0
470312,3,1,1987,25,0,0,0,0,0,0,0,0,0
470313,1,1,1987,0,0,0,0,8,0,0,6,0,0
470314,0,1,1987,16,16,16,16,16,16,16,16,16,16
470314,1,1,1987,0,0,0,0,0,0,0,0,0,0
470314,2,1,1987,0,0,8,14,16,0,0,0,24,0
470315,1,1,1987,0,0,0,0,0,0,0,0,0,0
470316,1,1,1987,0,0,0,0,0,0,0,0,0,0
470317,1,1,1987,16,16,16,16,16,16,16,16,16,16
470318,1,1,1987,21,21,21,21,21,21,21,21,21,21
470320,1,1,1987,26,26,26,26,26,26,26,26,26,26
470321,1,1,1987,0,0,0,0,0,0,0,0,0,0
470321,2,1,1987,0,0,0,0,0,0,0,0,0,0
470322,1,1,1987,0,0,0,0,0,0,0,0,0,0
470322,2,1,1987,4,4,4,4,4,4,4,4,4,4
470323,1,1,1987,0,0,0,0,0,0,0,0,0,0
470323,2,1,1987,0,0,0,0,0,0,0,0,0,0
470324,1,1,1987,0,0,0,0,0,0,0,0,0,0
470324,2,1,1987,0,0,0,0,0,0,0,0,0,0
470325,1,1,1987,0,0,0,0,0,0,0,0,0,0
470326,1,1,1987,0,0,0,0,0,0,0,0,0,0
470326,2,1,1987,0,0,0,0,0,0,0,0,0,0
470326,3,1,1987,0,0,0,0,0,0,0,0,0,13
470327,1,1,1987,0,0,0,0,0,0,0,0,0,0
470327,2,1,1987,0,0,0,0,0,0,0,0,0,0
470328,1,1,1987,5,5,5,5,5,5,5,5,5,5
470328,2,1,1987,0,0,0,0,0,0,0,0,0,0
470329,1,1,1987,0,0,0,0,0,0,0,0,0,0
470330,1,1,1987,0,0,0,0,0,0,0,0,0,0
470330,2,1,1987,0,0,0,0,0,0,0,0,0,0
470331,0,1,1987,0,0,0,0,0,0,0,0,0,0
470331,1,1,1987,0,0,0,0,0,0,0,0,0,0
470332,1,1,1987,0,0,0,0,0,0,0,0,0,0
470333,1,1,1987,21,21,21,21,21,21,21,21,21,21
470333,2,1,1987,0,0,0,0,0,0,0,0,0,0
470334,1,1,1987,17,17,17,17,17,17,17,17,17,17
470335,1,1,1987,25,25,25,25,25,25,25,25,25,25
470336,1,1,1987,0,0,0,0,0,0,0,0,0,0
470336,2,1,1987,14,14,14,14,14,14,14,14,14,14
470337,0,1,1987,22,22,22,22,22,22,22,22,22,22
470337,1,1,1987,0,0,0,0,0,0,0,0,0,0
470338,1,1,1987,10,10,10,10,10,10,10,10,10,10
470339,1,1,1987,12,12,12,12,12,12,12,12,12,12
470340,1,1,1987,20,20,20,20,20,20,20,20,20,20
470341,1,1,1987,26,26,26,26,26,26,26,26,26,26
470342,1,1,1987,0,0,0,17,11,11,14,0,20,0
470343,1,1,1987,0,0,0,0,0,0,0,0,0,0
470343,2,1,1987,0,0,0,0,0,0,0,0,0,0
470343,3,1,1987,0,0,6,0,0,6,0,0,0,0
470344,1,1,1987,19,19,19,19,19,19,19,19,19,19
470345,1,1,1987,11,11,11,11,11,11,11,11,11,11
470346,1,1,1987,21,0,16,0,0,0,0,18,16,7
470347,0,1,1987,21,0,0,0,14,0,0,0,0,0
470347,1,1,1987,0,0,0,0,0,0,0,0,0,0
470348,0,1,1987,0,0,0,0,0,0,0,0,0,0
470348,1,1,1987,0,0,0,0,0,5,0,0,0,22
470349,1,1,1987,7,7,7,7,7,7,7,7,7,7
470350,1,1,1987,4,4,4,4,4,4,4,4,4,4
470350,2,1,1987,0,0,0,0,0,0,0,0,0,0
470351,1,1,1987,7,0,0,0,0,0,0,0,0,0
470351,2,1,1987,0,0,19,0,0,0,0,0,0,0
470352,1,1,1987,7,19,6,7,5,16,19,29,22,23
470352,2,1,1987,0,0,0,0,0,0,11,0,0,22
470353,0,1,1987,0,0,0,0,0,0,0,0,0,0
470353,1,1,1987,28,6,30,6,21,0,0,0,0,15
470354,1,1,1987,0,0,0,0,0,0,0,0,0,0
470355,1,1,1987,14,14,14,14,14,14,14,14,14,14
470356,1,1,1987,35,35,35,35,35,35,35,35,35,35
470357,1,1,1987,14,14,14,14,14,14,14,14,14,14
470358,1,1,1987,17,17,17,17,17,17,17,17,17,17
470359,1,1,1987,20,0,12,0,0,0,0,12,0,0
470360,1,1,1987,0,0,0,0,0,0,0,0,0,0
470361,1,1,1987,0,0,9,12,10,0,0,18,8,19
470362,1,1,1987,0,0,0,0,0,23,0,0,0,0
470362,2,1,1987,0,0,0,0,0,0,0,0,0,0
470363,1,1,1987,0,0,0,0,0,0,0,0,0,0
470363,2,1,1987,0,0,0,0,0,0,0,0,0,0
470364,1,1,1987,0,0,0,0,0,0,0,0,0,0
470365,1,1,1987,0,0,0,0,0,0,0,0,0,0
470365,2,1,1987,0,0,0,0,0,0,0,0,0,0
470366,1,1,1987,0,0,0,0,0,0,0,0,0,0
470367,1,1,1987,31,31,31,31,31,31,31,31,31,31
470368,1,1,1987,21,21,21,21,21,21,21,21,21,21
470369,1,1,1987,3,3,3,3,3,3,3,3,3,3
470370,1,1,1987,30,30,30,30,30,30,30,30,30,30
470371,1,1,1987,0,0,0,0,0,0,0,0,0,0
470372,0,1,1987,0,0,0,0,0,0,0,0,0,0
470372,1,1,1987,0,0,0,0,0,0,0,0,0,0
470373,1,1,1987,33,33,33,33,33,33,33,33,33,33
470374,1,1,1987,13,13,13,13,13,13,13,13,13,13
470375,1,1,1987,5,5,5,5,5,5,5,5,5,5
470375,2,1,1987,0,0,0,0,0,0,0,0,0,0
470376,1,1,1987,27,27,27,27,27,27,27,27,27,27
470376,2,1,1987,9,9,9,9,9,9,9,9,9,9
470377,1,1,1987,0,0,0,0,0,0,0,0,0,0
470377,2,1,1987,7,6,3,6,8,6,0,9,7,0
470378,1,1,1987,0,0,0,0,0,0,0,0,0,0
470379,1,1,1987,0,0,0,0,0,0,0,0,0,0
470379,2,1,1987,0,0,0,0,0,0,3,0,17,0
470380,0,1,1987,0,0,0,0,0,0,0,0,0,0
470380,1,1,1987,0,0,0,0,0,0,0,0,0,0
470381,0,1,1987,35,35,35,35,35,35,35,35,35,35
470381,1,1,1987,0,0,0,0,0,0,0,0,0,0
470382,1,1,1987,0,0,19,23,7,0,0,3,28,18
470383,1,1,1987,18,18,18,18,18,18,18,18,18,18
470383,2,1,1987,0,0,0,0,0,0,0,0,0,0
470384,1,1,1987,0,0,0,0,0,28,11,0,0,17
470385,0,1,1987,0,0,0,0,0,0,0,0,0,0
470385,1,1,1987,0,0,0,0,0,0,0,0,0,0
470386,1,1,1987,0,0,0,0,0,0,0,0,0,0
470386,2,1,1987,0,0,0,0,0,0,0,0,0,0
470387,1,1,1987,19,19,19,19,19,19,19,19,19,19
470387,2,1,1987,0,0,0,0,0,0,0,0,0,0
470388,1,1,1987,0,0,0,0,0,0,0,0,0,0
470388,2,1,1987,0,0,0,0,0,0,0,0,0,0
470388,3,1,1987,0,0,0,0,0,0,0,0,0,0
470389,1,1,1987,0,0,0,0,0,0,0,0,0,0
470389,2,1,1987,10,0,13,14,0,0,0,24,15,20
470390,1,1,1987,0,0,0,0,0,0,0,0,0,0
470390,2,1,1987,0,0,0,0,0,0,0,0,0,0
470391,1,1,1987,0,17,21,0,0,0,19,0,0,0
470391,2,1,1987,0,0,0,0,0,0,0,0,0,0
470391,3,1,1987,0,0,0,0,0,0,0,0,0,0
470392,1,1,1987,0,0,0,0,0,0,0,0,0,0
470393,1,1,1987,0,0,0,0,0,0,0,0,0,0
470393,2,1,1987,0,0,0,0,0,0,0,0,0,0
470394,1,1,1987,0,0,0,0,0,0,0,0,0,0
470395,1,1,1987,0,0,0,0,0,0,0,0,0,0
470395,2,1,1987,0,0,0,0,0,0,0,0,0,0
470396,1,1,1987,0,0,0,0,0,0,0,0,0,0
470397,1,1,1987,0,0,0,0,0,0,0,0,0,0
470397,2,1,1987,9,0,0,0,0,0,0,0,0,0
470398,1,1,1987,0,0,0,0,0,0,0,0,0,0
470398,2,1,1987,0,0,0,0,0,0,0,0,0,0
470398,3,1,1987,0,0,21,0,16,0,0,22,6,0
470399,1,1,1987,9,9,9,9,9,9,9,9,9,9
470400,1,1,1987,0,0,0,0,0,0,0,0,0,0
470400,2,1,1987,0,0,0,0,0,0,0,0,0,0
470401,1,1,1987,9,9,9,9,9,9,9,9,9,9
470402,1,1,1987,11,11,11,11,11,11,11,11,11,11
470403,1,1,1987,10,10,10,10,10,10,10,10,10,10
470403,2,1,1987,0,0,0,0,0,0,0,0,0,0
470404,1,1,1987,12,0,23,0,0,0,0,0,0,0
470405,1,1,1987,0,0,0,0,0,0,0,0,0,0
470405,2,1,1987,0,0,0,0,0,0,0,0,0,0
470406,1,1,1987,0,0,0,0,0,0,0,0,0,0
470406,2,1,1987,0,0,0,0,0,0,0,0,0,0
470407,1,1,1987,9,9,9,9,9,9,9,9,9,9
470408,1,1,1987,0,0,0,0,0,0,0,0,0,0
470408,2,1,1987,0,0,0,0,0,0,0,0,0,0
470409,1,1,1987,0,0,0,0,0,0,0,0,0,0
470411,1,1,1987,0,0,0,0,0,0,0,0,0,0
470411,2,1,1987,0,0,0,0,0,0,0,0,0,0
470412,1,1,1987,0,0,0,0,0,0,0,0,0,0
470412,2,1,1987,0,0,0,0,0,0,0,0,0,0
470413,0,1,1987,0,0,0,0,0,0,0,0,0,0
470413,1,1,1987,0,0,0,0,0,0,0,0,0,0
470414,0,1,1987,24,24,24,24,24,24,24,24,24,24
470414,1,1,1987,0,0,0,0,0,0,0,0,0,0
470415,0,1,1987,37,37,22,0,42,19,16,29,0,0
470415,1,1,1987,0,0,0,0,0,0,0,0,0,0
470416,1,1,1987,0,0,0,0,0,0,0,0,0,0
470417,0,1,1987,0,0,0,0,0,0,0,0,0,0
470417,1,1,1987,0,0,0,0,0,0,0,0,0,0
470418,1,1,1987,0,0,0,0,0,0,0,0,0,0
470418,2,1,1987,0,0,0,0,0,0,0,0,0,0
470419,1,1,1987,8,8,8,8,8,8,8,8,8,8
470420,1,1,1987,0,0,0,0,0,0,0,0,0,0
470420,2,1,1987,0,0,0,0,0,0,0,0,0,0
470421,1,1,1987,13,13,13,13,13,13,13,13,13,13
470422,1,1,1987,19,19,19,19,19,19,19,19,19,19
470423,1,1,1987,14,14,14,14,14,14,14,14,14,14
470424,1,1,1987,0,0,0,0,0,0,0,0,0,0
470424,2,1,1987,0,0,0,0,0,0,0,0,0,0
470425,1,1,1987,0,0,0,0,0,0,0,0,0,0
470426,1,1,1987,9,9,9,9,9,9,9,9,9,9
470427,0,1,1987,26,26,26,26,26,26,26,26,26,26
470427,1,1,1987,9,9,9,9,9,9,9,9,9,9
470428,1,1,1987,3,12,17,16,7,8,29,0,2,16
470428,2,1,1987,0,0,0,0,0,0,0,0,0,0
470429,0,1,1987,0,0,0,0,0,0,0,0,0,0
470429,1,1,1987,0,0,0,0,0,0,0,0,0,0
470430,1,1,1987,18,9,9,31,12,14,0,9,21,9
470431,1,1,1987,0,0,0,0,0,0,0,0,0,0
470431,2,1,1987,0,0,0,0,0,0,0,22,0,0
470431,3,1,1987,0,0,0,0,0,0,0,14,0,0
470432,1,1,1987,0,0,0,0,0,0,0,0,0,0
470433,1,1,1987,18,18,18,18,18,18,18,18,18,18
470434,1,1,1987,23,23,23,23,23,23,23,23,23,23
470435,1,1,1987,38,38,38,38,38,38,38,38,38,38
470436,1,1,1987,0,0,0,0,0,15,0,0,21,0
470437,1,1,1987,0,0,0,0,0,0,0,0,0,0
470438,1,1,1987,0,0,0,0,0,0,0,0,0,0
470439,1,1,1987,0,0,0,0,0,0,0,0,0,0
470439,2,1,1987,0,0,14,0,0,0,21,0,0,0
470440,1,1,1987,0,0,0,0,0,0,0,0,0,0
470440,2,1,1987,0,0,0,0,0,0,0,0,0,0
470441,1,1,1987,0,0,0,0,0,0,0,0,0,0
470441,2,1,1987,0,0,0,0,0,0,0,0,0,0
470441,3,1,1987,0,0,0,0,0,0,0,0,0,0
470442,1,1,1987,9,9,9,9,9,9,9,9,9,9
470443,0,1,1987,7,18,48,10,16,8,0,17,0,0
470443,1,1,1987,0,0,0,0,0,0,0,0,0,0
470443,2,1,1987,0,0,0,0,0,0,0,0,0,0
470444,1,1,1987,4,4,4,4,4,4,4,4,4,4
470444,2,1,1987,31,31,31,31,31,31,31,31,31,31
470445,0,1,1987,25,25,25,25,25,25,25,25,25,25
470445,1,1,1987,33,16,0,0,0,28,0,0,13,16
470446,0,1,1987,0,0,0,0,0,0,0,0,0,0
470446,1,1,1987,0,0,0,0,0,0,0,0,0,0
470447,1,1,1987,20,20,20,20,20,20,20,20,20,20
470448,1,1,1987,18,18,18,18,18,18,18,18,18,18
470448,2,1,1987,0,0,0,0,0,0,0,0,0,0
470449,1,1,1987,0,0,0,0,0,0,0,0,0,0
470449,2,1,1987,0,0,0,0,0,0,0,0,0,0
470449,3,1,1987,0,0,0,0,0,0,0,0,0,0
470450,1,1,1987,27,0,0,14,0,18,22,35,18,0
470451,1,1,1987,0,0,0,0,0,0,0,0,0,0
470452,1,1,1987,0,0,0,0,0,0,0,0,0,0
470452,2,1,1987,8,8,8,8,8,8,8,8,8,8
470452,3,1,1987,0,0,0,0,0,0,0,0,0,0
470453,1,1,1987,0,0,0,0,0,0,0,0,0,0
470454,1,1,1987,0,0,0,0,0,0,0,0,0,0
470454,2,1,1987,0,0,0,0,0,0,0,0,0,0
470454,3,1,1987,0,0,0,0,0,0,0,0,0,0
470455,1,1,1987,16,19,18,15,7,18,24,20,31,8
470456,1,1,1987,2,2,2,2,2,2,2,2,2,2
470457,0,1,1987,0,0,0,0,0,0,0,0,0,0
470457,1,1,1987,0,0,0,0,0,0,0,0,0,0
470458,1,1,1987,16,16,16,16,16,16,16,16,16,16
470458,2,1,1987,0,0,0,0,0,0,0,0,0,0
470459,0,1,1987,0,0,0,0,0,0,0,0,0,0
470459,1,1,1987,0,0,0,0,0,0,0,0,0,0
470460,1,1,1987,23,23,23,23,23,23,23,23,23,23
470461,1,1,1987,0,0,0,0,0,0,0,0,0,0
470461,2,1,1987,0,0,0,0,0,0,0,0,0,0
470462,1,1,1987,5,5,5,5,5,5,5,5,5,5
470462,2,1,1987,0,0,0,0,0,0,0,0,0,0
470463,1,1,1987,14,14,14,14,14,14,14,14,14,14
470464,1,1,1987,0,0,0,0,0,0,0,0,26,0
470465,1,1,1987,5,5,5,5,5,5,5,5,5,5
470466,1,1,1987,6,6,6,6,6,6,6,6,6,6
470466,2,1,1987,0,0,0,0,0,0,0,0,0,0
470467,1,1,1987,8,8,8,8,8,8,8,8,8,8
470468,1,1,1987,0,0,0,0,0,0,0,0,0,0
470468,2,1,1987,0,0,0,0,0,0,0,0,0,0
470469,0,1,1987,0,0,0,0,0,0,0,0,0,0
470469,0,2,1987,0,0,0,0,0,0,0,0,0,0
470469,1,1,1987,31,31,31,31,31,31,31,31,31,31
470470,1,1,1987,5,5,5,5,5,5,5,5,5,5
470471,1,1,1987,3,3,3,3,3,3,3,3,3,3
470472,1,1,1987,0,0,0,0,0,0,0,0,0,0
470472,2,1,1987,0,0,0,0,0,0,0,0,0,0
470473,1,1,1987,0,0,0,0,0,0,0,0,0,0
470473,2,1,1987,0,0,0,0,0,0,0,0,0,0
470474,1,1,1987,0,0,0,0,0,0,0,0,0,0
470474,2,1,1987,0,0,0,0,0,0,0,0,0,0
470475,1,1,1987,0,0,0,0,0,0,0,0,0,0
470475,2,1,1987,0,0,0,0,0,0,0,0,0,0
470476,1,1,1987,2,0,0,0,0,0,0,0,0,0
470476,2,1,1987,0,0,12,0,0,0,0,0,0,0
470477,1,1,1987,0,0,0,0,0,0,0,0,0,0
470478,1,1,1987,0,0,0,0,0,0,0,0,0,0
470478,2,1,1987,0,0,0,0,0,0,0,0,0,0
470479,1,1,1987,0,0,0,0,0,0,0,0,0,0
470479,2,1,1987,15,15,15,15,15,15,15,15,15,15
470479,3,1,1987,0,0,0,0,0,0,0,0,0,0
470480,1,1,1987,5,5,5,5,5,5,5,5,5,5
470481,0,1,1987,0,0,0,0,0,0,0,0,0,0
470481,1,1,1987,0,0,0,0,0,0,0,0,0,0
470482,1,1,1987,0,0,0,0,0,0,0,0,0,0
470482,2,1,1987,0,0,0,0,0,0,0,0,0,0
470483,1,1,1987,12,12,12,12,12,12,12,12,12,12
470484,1,1,1987,0,0,0,0,0,0,0,0,0,0
470484,2,1,1987,0,0,0,0,0,0,0,0,0,0
470485,1,1,1987,10,15,20,9,8,9,3,12,32,9
470485,2,1,1987,0,0,0,0,0,0,4,0,0,0
470486,0,1,1987,28,28,28,28,28,28,28,28,28,28
470486,1,1,1987,12,12,12,12,12,12,12,12,12,12
470487,0,1,1987,0,0,0,0,0,0,0,0,0,0
470487,1,1,1987,0,0,0,0,0,0,0,0,0,0
470488,1,1,1987,0,0,0,0,0,0,0,0,0,0
470488,2,1,1987,0,0,0,0,0,0,0,15,0,0
470489,1,1,1987,0,0,0,0,0,0,0,0,0,0
470490,1,1,1987,22,22,22,22,22,22,22,22,22,22
470490,2,1,1987,0,0,8,38,0,0,0,0,0,0
470491,1,1,1987,12,0,11,19,21,14,15,6,0,0
470492,1,1,1987,4,4,4,4,4,4,4,4,4,4
470493,1,1,1987,25,25,25,25,25,25,25,25,25,25
470494,1,1,1987,0,0,0,0,0,0,0,0,0,0
470494,2,1,1987,0,0,0,0,0,0,0,0,0,0
470496,1,1,1987,0,0,0,0,0,0,0,0,0,0
470497,1,1,1987,0,33,20,9,29,0,0,6,20,18
470498,1,1,1987,3,3,3,3,3,3,3,3,3,3
470499,0,1,1987,0,0,0,0,0,0,0,0,0,0
470499,1,1,1987,0,0,0,0,0,0,0,0,0,0
470500,1,1,1987,16,0,0,0,0,0,0,0,0,0
470500,2,1,1987,0,0,0,0,0,0,0,0,0,0
470501,1,1,1987,0,0,0,0,0,0,0,0,0,0
470502,1,1,1987,13,13,13,13,13,13,13,13,13,13
470503,1,1,1987,20,20,20,20,20,20,20,20,20,20
470504,1,1,1987,16,16,16,16,16,16,16,16,16,16
470505,1,1,1987,14,14,14,14,14,14,14,14,14,14
470505,2,1,1987,0,0,0,0,0,0,0,0,0,0
470507,1,1,1987,0,0,0,0,0,0,0,0,0,0
470507,2,1,1987,0,0,0,0,0,0,0,0,0,0
470508,1,1,1987,0,0,0,0,0,23,0,7,0,0
470508,2,1,1987,0,0,0,0,0,0,0,0,0,0
470510,1,1,1987,36,36,36,36,36,36,36,36,36,36
470511,0,1,1987,4,4,4,4,4,4,4,4,4,4
470511,1,1,1987,8,8,8,8,8,8,8,8,8,8
470512,1,1,1987,15,15,15,15,15,15,15,15,15,15
470513,1,1,1987,0,0,0,0,0,0,0,0,0,0
470513,2,1,1987,0,0,0,0,0,0,0,0,0,0
470514,1,1,1987,0,0,0,0,0,0,0,0,0,0
470514,2,1,1987,0,0,0,0,0,0,0,0,0,0
470515,0,1,1987,9,0,0,4,0,0,9,0,23,22
470515,0,2,1987,0,0,0,0,0,0,0,0,0,0
470515,1,1,1987,21,0,17,0,0,0,0,0,0,0
470516,1,1,1987,0,0,0,0,0,0,0,0,0,0
470517,0,1,1987,16,16,16,16,16,16,16,16,16,16
470517,1,1,1987,26,12,6,43,0,30,0,0,8,24
470518,1,1,1987,0,0,0,0,0,0,0,0,0,0
470518,2,1,1987,0,0,0,0,0,0,0,0,0,0
470519,1,1,1987,0,0,0,0,0,0,0,0,0,0
470519,2,1,1987,0,0,0,0,0,0,0,0,0,0
470520,1,1,1987,0,0,0,0,0,0,0,0,0,0
470520,2,1,1987,0,0,0,0,0,0,0,0,0,0
470521,1,1,1987,0,0,0,0,0,0,0,0,0,0
470522,1,1,1987,26,26,26,26,26,26,26,26,26,26
470522,2,1,1987,0,0,0,0,0,0,0,0,0,0
470523,1,1,1987,0,0,0,0,0,0,0,9,0,0
470523,2,1,1987,0,0,0,0,7,0,0,0,9,0
470524,1,1,1987,0,0,0,0,0,0,0,0,0,0
470524,2,1,1987,0,0,0,0,0,0,0,0,0,0
470525,1,1,1987,0,0,0,0,0,0,0,0,0,0
470526,0,1,1987,0,0,0,0,0,0,0,0,0,0
470526,1,1,1987,0,0,0,0,0,0,0,0,0,0
470526,2,1,1987,0,0,0,0,0,0,0,0,0,0
470527,1,1,1987,24,0,0,6,0,0,0,0,0,0
470528,0,1,1987,36,36,36,36,36,36,36,36,36,36
470528,1,1,1987,0,0,0,0,0,0,0,0,0,0
470529,1,1,1987,0,0,0,0,0,0,0,0,0,0
470529,2,1,1987,18,18,18,18,18,18,18,18,18,18
470530,1,1,1987,14,14,14,14,14,14,14,14,14,14
470530,2,1,1987,0,0,0,0,0,0,0,0,0,0
470531,1,1,1987,34,34,34,34,34,34,34,34,34,34
470532,1,1,1987,0,0,0,0,0,0,0,0,0,0
470533,1,1,1987,0,0,0,0,0,0,0,0,0,0
470533,2,1,1987,0,0,0,0,0,0,0,0,0,0