ST_CASE,VEH_NO,PER_NO,YEAR,P1,P2,P3,P4,P5,P6,P7,P8,P9,P10
470534,1,1,1987,14,14,14,14,14,14,14,14,14,14
470535,1,1,1987,13,13,13,13,13,13,13,13,13,13
470535,2,1,1987,0,2,9,0,8,0,0,0,17,0
470536,1,1,1987,0,0,0,0,0,0,0,0,0,0
470536,2,1,1987,28,0,0,11,0,0,10,28,0,29
470537,1,1,1987,0,0,0,0,0,0,0,0,0,0
470538,1,1,1987,15,15,15,15,15,15,15,15,15,15
470538,2,1,1987,11,11,11,11,11,11,11,11,11,11
470539,1,1,1987,0,0,0,0,0,0,0,0,0,0
470539,2,1,1987,0,0,0,0,0,0,0,0,0,0
470540,1,1,1987,19,19,19,19,19,19,19,19,19,19
470541,1,1,1987,24,24,24,24,24,24,24,24,24,24
470542,1,1,1987,26,26,26,26,26,26,26,26,26,26
470543,1,1,1987,0,0,0,0,0,0,17,0,0,0
470543,2,1,1987,0,12,0,0,11,0,0,0,10,0
470544,1,1,1987,0,0,0,0,0,0,0,0,0,0
470545,1,1,1987,0,0,0,0,0,0,0,0,0,0
470545,2,1,1987,0,0,0,0,0,0,0,0,0,0
470546,1,1,1987,0,0,0,0,0,0,0,0,0,0
470547,1,1,1987,0,0,0,0,0,0,0,0,0,0
470548,1,1,1987,0,0,0,0,0,0,0,0,0,0
470549,1,1,1987,9,9,9,9,9,9,9,9,9,9
470550,1,1,1987,10,10,10,10,10,10,10,10,10,10
470550,2,1,1987,0,0,0,0,0,0,0,0,0,0
470551,1,1,1987,0,0,0,0,0,0,0,0,0,0
470551,2,1,1987,0,0,0,0,0,0,0,0,0,0
470552,0,1,1987,16,0,0,13,35,8,14,11,10,18
470552,1,1,1987,0,0,0,0,0,0,0,0,0,0
470553,1,1,1987,16,16,16,16,16,16,16,16,16,16
470554,1,1,1987,16,0,0,0,11,0,0,0,0,0
470555,1,1,1987,23,23,23,23,23,23,23,23,23,23
470556,1,1,1987,0,0,0,0,0,0,0,0,0,0
470557,1,1,1987,0,0,0,0,0,0,0,0,0,0
470557,2,1,1987,0,0,0,0,0,0,0,0,0,0
470558,1,1,1987,0,0,0,0,0,0,0,0,0,0
470558,2,1,1987,0,0,0,0,0,0,0,0,0,0
470559,1,1,1987,11,11,11,11,11,11,11,11,11,11
470559,2,1,1987,0,0,0,0,0,5,0,0,0,0
470559,3,1,1987,0,0,0,0,0,0,0,0,0,0
470560,1,1,1987,0,0,0,0,0,0,0,0,0,0
470560,2,1,1987,15,15,15,15,15,15,15,15,15,15
470561,1,1,1987,0,23,0,20,0,0,0,8,0,0
470561,2,1,1987,13,7,22,10,11,11,10,13,0,13
470562,1,1,1987,50,50,50,50,50,50,50,50,50,50
470563,1,1,1987,12,12,12,12,12,12,12,12,12,12
470564,1,1,1987,27,19,0,34,7,12,13,23,7,5
470564,2,1,1987,13,13,13,13,13,13,13,13,13,13
470565,1,1,1987,21,21,21,21,21,21,21,21,21,21
470566,1,1,1987,25,14,18,27,8,17,25,11,20,12
470567,0,1,1987,14,0,11,16,35,7,23,37,0,24
470567,1,1,1987,0,12,13,0,0,0,0,21,0,0
470567,2,1,1987,7,0,0,10,10,3,0,0,0,0
470568,1,1,1987,19,0,30,18,21,19,27,16,30,27
470569,1,1,1987,0,0,0,0,0,0,0,0,0,0
470569,2,1,1987,0,0,0,0,0,0,0,0,0,0
470570,0,1,1987,28,28,28,28,28,28,28,28,28,28
470570,1,1,1987,0,0,0,0,0,0,0,0,0,0
470571,1,1,1987,0,0,0,0,0,0,0,0,0,0
470571,2,1,1987,0,0,0,0,0,0,0,0,0,0
470572,0,1,1987,0,0,0,0,0,0,0,0,0,0
470572,1,1,1987,17,17,17,17,17,17,17,17,17,17
470573,1,1,1987,0,0,0,0,0,0,0,0,0,0
470573,2,1,1987,43,28,0,0,19,0,32,15,19,20
470574,0,1,1987,0,0,0,0,0,0,0,0,0,0
470574,1,1,1987,0,0,0,0,0,0,0,0,0,0
470575,0,1,1987,0,0,0,0,0,0,0,10,0,25
470575,1,1,1987,0,11,0,9,10,0,7,0,17,15
470575,2,1,1987,0,0,0,0,0,0,0,0,0,0
470576,1,1,1987,14,14,14,14,14,14,14,14,14,14
470577,1,1,1987,13,13,13,13,13,13,13,13,13,13
470577,2,1,1987,0,0,0,0,0,0,0,0,0,0
470578,1,1,1987,24,24,24,24,24,24,24,24,24,24
470579,0,1,1987,22,22,22,22,22,22,22,22,22,22
470579,1,1,1987,4,4,4,4,4,4,4,4,4,4
470580,1,1,1987,0,22,0,0,0,12,0,9,0,7
470581,1,1,1987,0,0,0,0,0,0,0,0,0,0
470581,2,1,1987,0,0,0,0,0,0,0,0,0,0
470582,1,1,1987,27,27,27,27,27,27,27,27,27,27
470583,1,1,1987,21,21,21,21,21,21,21,21,21,21
470584,1,1,1987,16,16,16,16,16,16,16,16,16,16
470585,1,1,1987,0,0,0,0,0,0,0,0,0,0
470585,2,1,1987,0,0,0,0,0,0,0,0,0,0
470585,3,1,1987,0,0,0,0,0,0,0,0,0,0
470586,1,1,1987,0,0,0,0,0,0,0,0,0,0
470586,2,1,1987,0,0,0,0,0,0,0,0,0,0
470587,1,1,1987,0,0,9,16,0,0,0,0,0,0
470587,2,1,1987,10,10,10,10,10,10,10,10,10,10
470588,1,1,1987,27,27,27,27,27,27,27,27,27,27
470588,2,1,1987,0,0,0,0,0,0,0,0,0,0
470588,3,1,1987,0,0,0,0,0,0,0,0,0,0
470588,4,1,1987,16,0,0,0,9,0,0,0,0,0
470588,5,1,1987,0,0,0,0,0,0,0,0,0,0
470589,1,1,1987,0,11,12,10,20,19,12,13,11,17
470590,1,1,1987,14,14,14,14,14,14,14,14,14,14
470591,1,1,1987,0,0,0,0,0,0,0,0,0,0
470591,2,1,1987,0,0,0,0,0,0,0,0,0,0
470592,1,1,1987,0,23,0,21,0,0,0,0,0,0
470593,1,1,1987,0,0,0,0,0,0,0,0,0,0
470594,0,1,1987,0,0,0,0,0,0,6,0,0,0
470594,1,1,1987,0,0,0,0,0,0,0,0,0,0
470595,1,1,1987,12,11,25,14,19,0,13,19,20,17
470596,1,1,1987,0,0,0,0,0,0,0,0,0,0
470597,1,1,1987,0,0,0,0,0,0,9,0,0,0
470597,2,1,1987,11,0,0,0,12,0,0,19,0,0
470598,1,1,1987,14,14,14,14,14,14,14,14,14,14
470599,1,1,1987,0,0,0,0,0,0,0,0,0,0
470600,1,1,1987,0,0,0,0,0,0,0,0,0,0
470601,1,1,1987,17,21,6,14,21,25,22,14,30,8
470602,1,1,1987,8,11,20,24,10,0,0,18,0,31
470603,1,1,1987,13,13,13,13,13,13,13,13,13,13
470603,2,1,1987,0,0,0,0,0,0,0,0,0,0
470604,1,1,1987,19,19,19,19,19,19,19,19,19,19
470605,1,1,1987,21,21,21,21,21,21,21,21,21,21
470606,1,1,1987,0,0,0,0,0,0,0,0,0,0
470607,1,1,1987,0,0,0,0,0,0,0,0,0,0
470608,1,1,1987,0,0,0,0,0,0,0,0,0,0
470608,2,1,1987,0,0,0,0,0,0,0,0,0,0
470609,1,1,1987,0,0,0,0,0,0,0,0,0,0
470609,2,1,1987,0,0,0,0,0,0,0,0,0,0
470610,1,1,1987,18,18,18,18,18,18,18,18,18,18
470612,1,1,1987,0,0,0,0,0,0,0,0,0,0
470612,2,1,1987,0,0,0,0,0,0,0,0,0,0
470613,0,1,1987,0,0,0,0,0,0,0,0,0,0
470613,1,1,1987,28,28,28,28,28,28,28,28,28,28
470613,2,1,1987,0,0,0,0,0,16,0,0,0,15
470614,1,1,1987,0,42,0,0,18,42,18,13,0,0
470615,1,1,1987,0,0,0,0,0,0,0,0,0,0
470615,2,1,1987,0,0,0,0,0,0,0,0,0,0
470616,1,1,1987,0,0,0,0,0,0,0,0,0,0
470616,2,1,1987,0,0,0,0,25,0,0,0,10,11
470616,3,1,1987,0,0,0,0,0,0,0,0,0,0
470617,1,1,1987,27,27,27,27,27,27,27,27,27,27
470618,1,1,1987,0,0,0,0,0,0,0,0,0,0
470619,0,1,1987,2,2,2,2,2,2,2,2,2,2
470619,1,1,1987,0,0,0,0,0,0,0,0,0,0
470620,1,1,1987,26,26,26,26,26,26,26,26,26,26
470621,1,2,1987,19,19,19,19,19,19,19,19,19,19
470622,1,1,1987,37,37,37,37,37,37,37,37,37,37
470623,1,1,1987,18,18,18,18,18,18,18,18,18,18
470623,2,1,1987,0,0,0,0,0,0,0,0,0,0
470624,1,1,1987,13,13,13,13,13,13,13,13,13,13
470625,1,1,1987,0,0,0,0,0,0,0,0,0,0
470625,2,1,1987,0,0,0,0,0,0,0,0,0,0
470626,1,1,1987,0,0,0,0,0,0,0,0,0,0
470626,2,1,1987,0,0,0,0,0,0,0,0,0,0
470627,1,1,1987,19,22,8,27,33,23,30,23,17,33
470627,2,1,1987,0,0,0,0,0,10,0,0,0,0
470628,1,1,1987,3,3,3,3,3,3,3,3,3,3
470628,2,1,1987,15,15,15,15,15,15,15,15,15,15
470629,1,1,1987,0,0,0,0,0,0,0,0,0,0
470629,2,1,1987,0,0,0,0,0,0,0,0,0,0
470630,1,1,1987,0,0,0,0,0,0,0,0,0,0
470630,2,1,1987,0,0,0,0,0,0,0,6,0,0
470631,1,1,1987,19,19,19,19,19,19,19,19,19,19
470632,1,1,1987,19,19,19,19,19,19,19,19,19,19
470633,1,1,1987,0,0,0,0,0,0,0,0,0,0
470634,1,1,1987,7,0,0,5,0,0,21,0,0,11
470635,1,1,1987,23,23,23,23,23,23,23,23,23,23
470635,2,1,1987,0,0,0,0,0,0,0,0,0,0
470636,1,1,1987,0,0,11,0,5,0,0,10,25,0
470636,2,1,1987,12,12,12,12,12,12,12,12,12,12
470636,3,1,1987,0,0,0,0,18,0,0,9,0,0
470636,4,1,1987,14,14,14,14,14,14,14,14,14,14
470637,1,1,1987,21,21,21,21,21,21,21,21,21,21
470638,1,1,1987,19,19,19,19,19,19,19,19,19,19
470639,1,1,1987,0,0,0,0,0,0,0,0,0,0
470639,2,1,1987,0,0,0,0,0,0,0,0,0,0
470640,0,1,1987,0,0,0,0,0,0,0,0,0,0
470640,1,1,1987,0,0,0,0,0,0,0,0,0,0
470641,1,1,1987,24,24,24,24,24,24,24,24,24,24
470642,1,1,1987,0,0,0,0,0,0,0,0,0,0
470643,1,1,1987,0,23,0,11,18,22,10,0,14,0
470643,2,1,1987,0,0,0,0,0,0,0,0,0,0
470644,1,1,1987,7,7,7,7,7,7,7,7,7,7
470644,2,1,1987,0,0,0,0,0,0,0,0,0,0
470645,1,1,1987,0,0,0,0,0,0,0,0,0,0
470645,2,1,1987,0,0,0,0,0,14,0,0,0,0
470646,1,1,1987,19,19,19,19,19,19,19,19,19,19
470647,1,1,1987,20,20,20,20,20,20,20,20,20,20
470648,0,1,1987,0,0,0,0,0,0,0,0,0,0
470648,1,1,1987,0,0,0,0,0,0,0,0,0,0
470649,1,1,1987,0,0,0,0,0,0,0,0,0,0
470650,1,1,1987,0,0,0,0,0,0,0,0,0,0
470651,1,1,1987,0,0,0,0,0,0,0,0,0,0
470652,1,1,1987,30,30,30,30,30,30,30,30,30,30
470653,1,1,1987,0,0,0,0,0,0,0,0,0,0
470654,1,1,1987,18,9,8,20,12,15,17,15,17,24
470656,1,1,1987,0,7,0,0,21,0,0,14,0,0
470656,2,1,1987,0,3,0,0,0,0,0,0,0,0
470656,3,1,1987,0,0,0,0,0,0,16,0,0,0
470657,1,1,1987,0,0,0,0,5,0,0,0,0,0
470657,2,1,1987,0,0,0,0,0,0,0,0,0,0
470657,3,1,1987,0,0,0,0,0,0,0,0,0,0
470658,1,1,1987,17,17,17,17,17,17,17,17,17,17
470659,1,1,1987,0,0,0,0,0,0,0,0,0,0
470659,2,1,1987,0,0,0,0,0,0,0,0,0,0
470660,1,1,1987,0,0,0,0,0,0,0,0,0,0
470660,2,1,1987,0,0,0,0,0,0,0,0,0,0
470661,1,1,1987,20,0,18,9,0,19,7,12,20,31
470661,2,1,1987,0,0,0,0,0,0,0,0,0,0
470662,1,1,1987,26,17,0,9,15,33,0,0,0,9
470663,1,1,1987,0,0,0,0,0,0,0,0,0,0
470664,1,1,1987,21,21,21,21,21,21,21,21,21,21
470664,2,1,1987,17,17,17,17,17,17,17,17,17,17
470665,1,1,1987,0,0,0,0,0,0,0,0,0,0
470665,2,1,1987,0,0,0,0,0,0,0,0,0,0
470666,1,1,1987,23,23,23,23,23,23,23,23,23,23
470667,1,1,1987,0,0,0,0,0,0,9,0,0,0
470667,2,1,1987,0,0,0,0,0,0,0,0,0,0
470667,3,1,1987,38,0,0,0,17,0,0,0,0,14
470668,1,1,1987,22,22,22,22,22,22,22,22,22,22
470669,1,1,1987,0,0,0,0,0,0,0,0,24,20
470670,1,1,1987,27,27,27,27,27,27,27,27,27,27
470671,1,1,1987,0,0,0,0,0,0,0,0,0,0
470671,2,1,1987,0,0,0,0,0,0,0,0,0,0
470672,1,1,1987,22,22,22,22,22,22,22,22,22,22
470673,0,1,1987,0,0,0,0,0,0,0,0,0,0
470673,1,1,1987,0,0,0,0,0,0,0,0,0,0
470674,1,1,1987,0,0,0,0,0,0,0,0,0,0
470674,2,1,1987,0,0,0,0,0,0,0,0,0,0
470675,1,1,1987,0,0,0,0,0,0,0,0,0,0
470676,1,1,1987,0,0,0,0,0,0,0,0,0,0
470676,2,1,1987,0,0,0,0,0,0,0,0,0,0
470677,1,1,1987,0,0,0,0,0,0,0,0,0,0
470678,1,1,1987,0,0,0,0,0,0,0,0,0,0
470678,2,1,1987,30,30,30,30,30,30,30,30,30,30
470679,1,1,1987,0,0,0,0,0,0,0,0,0,0
470680,1,1,1987,16,16,16,16,16,16,16,16,16,16
470681,1,1,1987,20,20,20,20,20,20,20,20,20,20
470682,1,1,1987,0,0,9,24,12,0,18,14,14,12
470682,2,1,1987,0,0,0,0,0,0,0,0,0,0
470683,1,1,1987,26,26,26,26,26,26,26,26,26,26
470684,1,1,1987,18,18,18,18,18,18,18,18,18,18
470685,1,1,1987,19,19,19,19,19,19,19,19,19,19
470686,0,1,1987,0,0,0,0,0,0,0,0,0,0
470686,1,1,1987,0,0,0,0,0,0,0,0,0,0
470687,1,1,1987,22,22,22,22,22,22,22,22,22,22
470689,1,1,1987,21,21,21,21,21,21,21,21,21,21
470690,0,1,1987,0,0,0,0,0,0,0,0,0,0
470690,0,2,1987,0,15,14,0,0,0,0,0,0,15
470690,0,3,1987,0,0,0,0,0,0,0,0,0,0
470690,1,1,1987,0,0,0,0,0,0,0,0,0,0
470691,1,1,1987,23,23,23,23,23,23,23,23,23,23
470692,1,1,1987,0,0,0,0,0,0,0,0,0,0
470693,1,1,1987,0,0,0,0,0,0,0,0,0,0
470693,2,1,1987,0,0,0,0,0,0,0,0,0,0
470694,1,1,1987,19,19,19,19,19,19,19,19,19,19
470695,1,1,1987,10,10,10,10,10,10,10,10,10,10
470696,1,1,1987,30,30,30,30,30,30,30,30,30,30
470697,1,1,1987,20,20,20,20,20,20,20,20,20,20
470697,2,1,1987,0,0,0,0,0,0,0,0,0,0
470698,1,1,1987,0,0,0,0,0,0,0,0,0,0
470698,2,1,1987,0,0,0,0,0,0,0,0,13,0
470699,1,1,1987,0,0,0,0,0,0,0,0,0,0
470700,1,1,1987,0,0,0,0,0,0,0,0,0,0
470701,1,1,1987,11,11,11,11,11,11,11,11,11,11
470701,2,1,1987,9,9,9,9,9,9,9,9,9,9
470701,3,1,1987,0,0,26,27,44,17,0,0,14,0
470702,1,1,1987,0,0,0,0,0,0,0,0,0,0
470702,2,1,1987,0,0,0,0,0,0,0,0,14,0
470703,1,1,1987,0,0,0,0,0,0,0,0,0,0
470703,2,1,1987,0,0,0,0,0,0,0,0,0,0
470704,1,1,1987,31,31,31,31,31,31,31,31,31,31
470705,0,1,1987,33,33,33,33,33,33,33,33,33,33
470705,1,1,1987,0,0,0,0,0,0,0,0,4,0
470706,1,1,1987,0,0,0,0,0,0,0,0,0,0
470706,2,1,1987,0,0,0,0,0,0,0,0,0,0
470707,0,1,1987,0,0,0,0,0,0,0,0,0,0
470707,1,1,1987,0,0,0,0,0,0,0,0,0,0
470708,0,1,1987,0,0,0,0,0,0,0,0,0,0
470708,1,1,1987,0,0,0,0,0,0,0,0,0,0
470709,1,1,1987,17,17,17,17,17,17,17,17,17,17
470710,1,1,1987,30,30,30,30,30,30,30,30,30,30
470711,1,1,1987,29,29,29,29,29,29,29,29,29,29
470712,1,1,1987,0,18,0,0,0,0,0,0,0,0
470712,2,1,1987,0,0,0,0,0,0,0,0,0,0
470713,1,1,1987,26,26,26,26,26,26,26,26,26,26
470713,2,1,1987,5,0,0,23,0,5,0,0,0,0
470714,1,1,1987,10,0,0,0,0,0,0,5,0,19
470715,1,1,1987,0,0,0,0,0,0,0,0,0,0
470716,0,1,1987,15,15,15,15,15,15,15,15,15,15
470716,1,1,1987,17,20,9,22,10,17,14,16,20,12
470717,1,1,1987,14,14,14,14,14,14,14,14,14,14
470718,1,1,1987,0,0,0,0,0,0,0,0,0,0
470719,0,1,1987,0,0,0,0,0,0,0,0,0,0
470719,1,1,1987,0,0,26,9,0,13,11,0,0,0
470720,1,1,1987,0,0,0,0,0,0,10,0,8,0
470721,0,1,1987,13,13,13,13,13,13,13,13,13,13
470721,1,1,1987,11,0,0,0,0,0,0,0,0,0
470722,1,1,1987,2,2,2,2,2,2,2,2,2,2
470723,1,1,1987,15,27,12,21,27,12,0,15,20,12
470723,2,1,1987,0,0,0,0,0,0,0,0,0,0
470724,1,1,1987,18,18,18,18,18,18,18,18,18,18
470725,1,1,1987,8,8,8,8,8,8,8,8,8,8
470726,1,1,1987,0,0,0,0,0,0,0,0,0,0
470727,1,1,1987,6,6,6,6,6,6,6,6,6,6
470728,1,1,1987,24,24,24,24,24,24,24,24,24,24
470729,1,1,1987,0,0,0,0,0,0,0,0,0,0
470730,1,1,1987,0,0,0,0,0,0,0,0,16,0
470730,2,1,1987,0,0,0,21,0,0,0,0,0,0
470731,1,1,1987,11,11,11,11,11,11,11,11,11,11
470731,2,1,1987,0,0,0,0,0,0,0,0,0,0
470732,1,1,1987,17,17,17,17,17,17,17,17,17,17
470732,2,1,1987,0,0,0,0,0,0,0,0,0,0
470733,1,2,1987,26,26,26,26,26,26,26,26,26,26
470734,1,1,1987,0,0,0,0,0,0,0,0,0,0
470735,1,1,1987,0,0,0,0,0,0,0,0,0,0
470736,1,1,1987,0,0,0,0,0,0,0,0,0,0
470737,1,1,1987,21,21,21,21,21,21,21,21,21,21
470738,1,1,1987,6,6,6,6,6,6,6,6,6,6
470739,1,1,1987,13,8,3,0,0,5,13,8,18,0
470740,0,1,1987,32,32,32,32,32,32,32,32,32,32
470740,1,1,1987,28,28,28,28,28,28,28,28,28,28
470741,1,1,1987,0,0,0,0,0,0,0,0,0,0
470741,2,1,1987,0,0,0,0,0,0,0,0,0,0
470742,1,1,1987,21,21,21,21,21,21,21,21,21,21
470742,2,1,1987,0,0,0,0,0,0,0,0,23,0
470742,3,1,1987,14,0,0,0,4,23,0,0,0,0
470743,0,1,1987,19,19,19,19,19,19,19,19,19,19
470743,1,1,1987,14,6,10,11,11,0,10,13,11,3
470744,1,1,1987,17,0,21,0,0,27,14,15,13,28
470745,1,1,1987,0,0,0,0,0,0,0,0,0,0
470745,2,1,1987,22,22,22,22,22,22,22,22,22,22
470746,1,1,1987,15,15,15,15,15,15,15,15,15,15
470746,2,1,1987,16,16,16,16,16,16,16,16,16,16
470747,1,1,1987,0,0,0,0,0,0,0,0,0,0
470747,2,1,1987,0,0,0,0,0,0,0,0,0,0
470748,1,1,1987,17,0,0,0,0,0,0,0,0,0
470748,2,1,1987,0,0,0,0,0,0,0,0,0,0
470749,1,1,1987,0,0,0,0,0,0,0,0,0,0
470749,2,1,1987,9,9,9,9,9,9,9,9,9,9
470750,1,1,1987,0,0,0,0,0,0,0,0,0,0
470750,2,1,1987,0,0,0,0,0,0,0,0,0,0
470751,0,1,1987,21,21,21,21,21,21,21,21,21,21
470751,1,1,1987,0,0,0,0,0,0,0,0,0,0
470752,1,1,1987,4,4,4,4,4,4,4,4,4,4
470753,1,1,1987,14,14,14,14,14,14,14,14,14,14
470754,1,1,1987,0,0,0,0,0,0,0,0,0,0
470755,1,1,1987,0,0,0,0,0,0,0,0,0,0
470755,2,1,1987,12,12,12,12,12,12,12,12,12,12
470755,3,1,1987,0,0,0,0,0,0,0,0,0,0
470756,1,1,1987,12,11,10,22,17,30,0,11,33,22
470756,2,1,1987,10,10,10,10,10,10,10,10,10,10
470757,1,1,1987,8,8,8,8,8,8,8,8,8,8
470757,2,1,1987,0,0,0,0,8,11,0,10,0,0
470758,1,1,1987,6,6,6,6,6,6,6,6,6,6
470759,1,1,1987,0,0,0,0,0,0,0,0,0,0
470760,1,1,1987,34,34,34,34,34,34,34,34,34,34
470761,1,1,1987,0,0,10,0,16,18,10,2,11,0
470761,2,1,1987,0,0,0,0,0,0,0,0,0,0
470762,0,1,1987,0,0,0,0,0,0,0,0,0,0
470762,1,1,1987,0,0,0,0,0,0,0,0,0,0
470763,1,1,1987,0,0,7,0,15,0,0,23,0,0
470764,1,1,1987,0,0,0,0,0,0,0,0,0,0
470765,1,1,1987,0,0,0,0,0,0,0,0,0,0
470766,1,1,1987,30,0,21,22,24,20,23,37,18,26
470767,1,1,1987,19,13,24,33,24,9,29,25,17,12
470767,2,1,1987,0,0,0,0,0,0,0,0,0,0
470768,1,1,1987,2,2,2,2,2,2,2,2,2,2
470768,2,1,1987,0,0,0,0,0,0,0,0,0,0
470769,1,1,1987,0,0,0,0,0,0,0,0,0,0
470769,2,1,1987,0,0,0,0,0,0,0,0,0,0
470770,1,1,1987,0,0,26,0,19,0,0,0,0,0
470771,1,1,1987,24,24,24,24,24,24,24,24,24,24
470771,2,1,1987,0,0,0,0,0,0,0,0,0,0
470772,1,1,1987,0,0,0,0,0,0,0,0,0,0
470773,1,1,1987,8,8,8,8,8,8,8,8,8,8
470774,1,1,1987,0,0,0,0,0,0,0,0,0,0
470775,1,1,1987,5,5,5,5,5,5,5,5,5,5
470776,1,1,1987,0,0,0,0,0,0,0,0,0,0
470777,1,1,1987,0,0,0,0,0,0,0,0,0,0
470777,2,1,1987,0,0,0,0,0,0,0,0,0,0
470778,0,1,1987,20,23,0,18,15,7,31,0,16,0
470778,1,1,1987,7,16,15,7,24,0,9,13,8,12
470779,1,1,1987,0,0,0,0,0,0,0,0,0,0
470779,2,1,1987,0,22,0,0,35,0,0,0,0,0
470780,1,1,1987,0,0,0,0,0,0,0,0,0,0
470780,2,1,1987,3,3,3,3,3,3,3,3,3,3
470781,1,1,1987,23,23,23,23,23,23,23,23,23,23
470782,1,1,1987,0,0,0,17,0,0,0,0,0,0
470782,2,1,1987,0,0,0,0,0,0,0,0,0,0
470783,1,1,1987,0,0,0,0,0,0,0,0,0,0
470783,2,1,1987,0,0,0,0,0,0,0,0,0,0
470784,0,1,1987,0,0,0,0,0,0,0,0,0,0
470784,1,1,1987,0,0,0,0,0,0,0,0,0,0
470785,1,1,1987,14,14,14,14,14,14,14,14,14,14
470786,1,1,1987,39,39,39,39,39,39,39,39,39,39
470787,1,1,1987,0,0,0,0,0,0,0,0,0,0
470787,2,1,1987,8,8,8,8,8,8,8,8,8,8
470788,1,1,1987,0,0,0,0,0,0,3,0,0,0
470788,2,1,1987,2,2,2,2,2,2,2,2,2,2
470789,1,1,1987,3,3,3,3,3,3,3,3,3,3
470790,1,1,1987,0,0,0,0,0,0,0,0,0,0
470790,2,1,1987,0,0,0,0,0,0,0,0,0,0
470791,0,1,1987,26,26,26,26,26,26,26,26,26,26
470791,1,1,1987,0,0,0,0,0,0,0,0,0,0
470792,1,1,1987,0,0,0,0,0,0,0,0,0,0
470792,2,1,1987,0,0,0,0,0,0,0,0,0,0
470793,0,1,1987,0,0,0,0,0,0,0,0,0,0
470793,1,1,1987,30,6,9,0,0,0,0,0,9,0
470794,1,1,1987,32,32,32,32,32,32,32,32,32,32
470795,1,1,1987,15,15,15,15,15,15,15,15,15,15
470795,2,1,1987,31,31,31,31,31,31,31,31,31,31
470796,1,1,1987,25,25,25,25,25,25,25,25,25,25
470797,1,1,1987,12,12,12,12,12,12,12,12,12,12
470798,1,1,1987,0,0,18,0,0,15,8,0,0,0
470799,0,1,1987,0,0,0,0,0,0,0,0,0,0
470799,1,1,1987,0,0,0,0,0,0,0,0,0,0
470800,1,1,1987,0,0,0,0,0,0,0,0,0,0
470800,2,1,1987,0,0,0,0,0,0,0,0,0,0
470801,0,1,1987,0,0,0,0,0,0,0,0,0,0
470801,1,1,1987,0,0,0,0,0,0,0,0,0,0
470802,1,1,1987,0,0,0,0,3,0,0,0,0,0
470802,2,1,1987,8,0,7,18,0,0,0,0,0,0
470804,1,1,1987,27,27,27,27,27,27,27,27,27,27
470805,1,1,1987,9,9,9,9,9,9,9,9,9,9
470805,2,1,1987,0,0,0,0,0,0,0,0,0,0
470806,1,1,1987,0,0,5,0,0,0,0,0,0,0
470806,2,1,1987,0,0,0,0,0,0,0,0,0,0
470807,1,1,1987,0,14,0,19,0,0,0,0,20,0
470808,1,1,1987,0,0,0,0,0,0,0,0,0,0
470809,1,1,1987,0,0,0,0,0,0,0,0,0,0
470810,1,1,1987,0,0,0,0,0,0,0,5,0,0
470810,2,1,1987,0,0,0,0,0,0,0,0,0,0
470811,1,1,1987,17,26,21,0,0,0,0,23,39,5
470812,1,1,1987,9,9,9,9,9,9,9,9,9,9
470813,1,1,1987,18,18,18,18,18,18,18,18,18,18
470813,2,1,1987,5,5,5,5,5,5,5,5,5,5
470814,1,1,1987,0,0,28,22,7,0,0,11,21,6
470815,1,1,1987,15,15,15,15,15,15,15,15,15,15
470815,2,1,1987,0,8,0,0,5,0,0,19,0,19
470816,0,1,1987,0,0,0,0,0,0,0,0,0,0
470816,1,1,1987,0,0,0,0,0,0,0,12,0,0
470817,1,1,1987,0,0,0,11,0,0,0,0,0,0
470817,2,1,1987,0,0,0,0,0,0,0,0,0,0
470818,0,1,1987,0,0,0,0,0,0,0,0,0,0
470818,1,1,1987,0,0,0,0,0,0,0,0,0,0
470819,1,1,1987,17,17,17,17,17,17,17,17,17,17
470820,1,1,1987,0,0,0,0,0,0,0,0,0,0
470820,2,1,1987,15,15,15,15,15,15,15,15,15,15
470821,1,1,1987,0,0,0,0,0,0,0,0,0,0
470821,2,1,1987,0,0,0,0,0,0,0,0,0,0
470822,1,1,1987,0,0,0,0,0,11,0,0,0,0
470822,2,1,1987,13,13,13,13,13,13,13,13,13,13
470823,1,1,1987,0,0,0,0,0,0,0,0,0,0
470824,1,1,1987,0,0,0,0,0,0,0,0,0,0
470824,2,1,1987,0,0,0,0,0,0,0,0,0,0
470825,1,1,1987,0,0,0,0,0,0,0,0,0,0
470825,2,1,1987,0,0,0,0,0,0,0,0,0,0
470826,1,1,1987,0,0,0,0,0,0,0,0,0,0
470826,2,1,1987,0,0,0,0,13,0,0,0,0,0
470827,1,1,1987,0,0,0,0,0,0,0,0,0,0
470828,1,1,1987,20,6,26,14,15,32,22,15,12,9