ST_CASE,VEH_NO,PER_NO,YEAR,P1,P2,P3,P4,P5,P6,P7,P8,P9,P10
470829,1,1,1987,28,28,28,28,28,28,28,28,28,28
470830,1,1,1987,0,0,0,0,0,0,0,0,0,0
470830,2,1,1987,0,0,0,0,0,0,0,0,0,0
470831,1,1,1987,17,17,17,17,17,17,17,17,17,17
470832,1,1,1987,11,11,11,11,11,11,11,11,11,11
470833,1,1,1987,0,0,0,0,0,0,0,0,0,0
470834,1,1,1987,15,0,0,29,0,6,23,0,0,0
470834,2,1,1987,3,3,3,3,3,3,3,3,3,3
470835,1,1,1987,0,0,0,0,0,0,0,0,0,0
470835,2,1,1987,0,0,0,0,0,0,0,0,0,0
470836,1,1,1987,21,21,21,21,21,21,21,21,21,21
470837,1,1,1987,0,0,0,0,0,0,0,0,0,0
470838,1,1,1987,0,0,0,0,0,0,0,0,0,5
470839,1,1,1987,20,20,20,20,20,20,20,20,20,20
470839,2,1,1987,0,0,0,0,0,0,0,0,0,0
470840,1,1,1987,0,0,0,0,0,0,0,0,0,0
470840,2,1,1987,0,0,0,0,0,0,0,0,0,0
470841,1,1,1987,20,20,20,20,20,20,20,20,20,20
470842,1,1,1987,0,0,0,0,0,0,0,0,0,0
470842,2,1,1987,0,0,0,0,0,0,0,0,0,0
470843,1,1,1987,0,0,0,0,0,0,0,0,0,0
470843,2,1,1987,0,0,0,0,0,0,0,0,0,0
470844,1,1,1987,0,0,0,0,0,0,0,0,0,0
470844,2,1,1987,0,0,0,0,0,0,0,0,0,0
470844,3,1,1987,0,0,0,0,0,0,0,0,0,0
470845,1,1,1987,18,21,7,42,17,0,15,12,8,16
470847,1,1,1987,0,8,0,0,5,18,0,0,19,0
470847,2,1,1987,0,0,0,0,0,0,0,0,0,0
470847,3,1,1987,0,0,0,0,0,0,0,0,0,0
470848,1,1,1987,0,0,0,0,0,0,0,0,0,0
470848,2,1,1987,0,0,7,0,0,0,12,6,0,0
470849,1,1,1987,5,0,16,0,0,0,0,0,0,20
470849,2,1,1987,0,0,0,0,0,0,0,0,0,13
470850,1,1,1987,12,12,12,12,12,12,12,12,12,12
470850,2,1,1987,0,0,0,0,0,0,0,0,0,0
470851,1,1,1987,18,18,18,18,18,18,18,18,18,18
470852,1,1,1987,0,0,15,0,9,6,0,11,14,18
470852,2,1,1987,0,0,0,0,0,0,0,0,0,0
470853,1,1,1987,18,18,18,18,18,18,18,18,18,18
470854,1,1,1987,0,0,0,0,0,0,0,0,0,0
470855,1,1,1987,13,13,13,13,13,13,13,13,13,13
470856,1,1,1987,0,0,0,0,0,0,0,0,0,0
470856,2,1,1987,27,27,27,27,27,27,27,27,27,27
470857,1,1,1987,0,0,0,0,0,0,0,0,0,0
470857,2,1,1987,0,0,0,0,0,0,0,0,0,0
470858,1,1,1987,27,27,27,27,27,27,27,27,27,27
470859,1,1,1987,0,0,0,0,0,0,0,0,0,0
470859,2,1,1987,0,0,0,0,0,0,0,0,0,0
470860,0,1,1987,18,18,18,18,18,18,18,18,18,18
470860,1,1,1987,0,0,0,0,0,0,0,0,0,0
470861,1,1,1987,16,16,16,16,16,16,16,16,16,16
470862,1,1,1987,35,35,35,35,35,35,35,35,35,35
470862,2,1,1987,0,0,0,0,0,0,0,0,0,0
470863,1,1,1987,0,0,0,22,0,0,0,0,0,0
470864,1,1,1987,0,0,0,0,0,0,0,0,0,0
470865,1,1,1987,8,8,8,8,8,8,8,8,8,8
470866,1,1,1987,9,22,20,10,8,5,13,3,16,14
470866,2,1,1987,0,0,0,0,0,0,0,0,0,0
470867,1,1,1987,0,0,0,0,0,0,0,0,0,0
470867,2,1,1987,0,13,31,22,22,4,4,16,8,0
470868,1,1,1987,0,0,0,0,0,0,0,0,0,0
470868,2,1,1987,18,18,18,18,18,18,18,18,18,18
470869,1,1,1987,0,0,0,0,7,0,0,0,0,10
470869,2,1,1987,0,0,0,0,0,0,0,0,0,0
470870,1,1,1987,12,32,25,9,13,28,30,18,31,11
470871,1,1,1987,13,13,13,13,13,13,13,13,13,13
470871,2,1,1987,0,40,0,0,0,0,31,0,0,0
470872,1,1,1987,0,0,0,0,0,0,0,0,0,0
470873,0,1,1987,24,24,24,24,24,24,24,24,24,24
470873,1,1,1987,11,16,19,13,22,0,8,0,15,11
470873,2,1,1987,0,7,0,0,0,0,17,0,18,0
470874,1,1,1987,0,0,0,0,0,0,0,0,0,0
470874,2,1,1987,0,0,0,0,0,0,0,0,0,0
470875,1,1,1987,6,0,0,0,0,26,19,0,0,0
470875,2,1,1987,0,0,0,0,0,13,11,0,0,0
470876,1,1,1987,0,0,0,0,0,0,0,0,0,0
470877,1,1,1987,0,0,0,0,0,0,0,0,0,0
470878,1,1,1987,0,0,0,0,0,0,0,0,0,0
470878,2,1,1987,0,0,0,0,0,0,0,0,0,0
470879,0,1,1987,0,0,0,0,5,29,0,0,0,0
470879,1,1,1987,0,0,0,0,0,0,0,0,0,0
470880,1,1,1987,0,0,0,0,0,0,0,0,0,0
470881,0,1,1987,0,0,0,0,0,0,0,0,0,0
470881,1,1,1987,0,0,0,0,0,0,0,0,0,0
470882,1,1,1987,29,29,29,29,29,29,29,29,29,29
470883,0,1,1987,0,0,0,0,0,0,0,0,0,0
470883,1,1,1987,0,0,6,0,0,0,0,0,0,0
470884,1,1,1987,0,0,0,0,0,0,0,0,0,0
470885,1,1,1987,11,11,11,11,11,11,11,11,11,11
470885,2,1,1987,0,0,0,0,0,0,0,0,0,0
470886,1,1,1987,9,9,9,9,9,9,9,9,9,9
470887,1,1,1987,20,20,20,20,20,20,20,20,20,20
470887,2,1,1987,0,0,0,0,0,0,0,0,0,0
470888,1,1,1987,22,22,22,22,22,22,22,22,22,22
470889,1,1,1987,15,15,15,15,15,15,15,15,15,15
470889,2,1,1987,0,0,0,0,0,0,0,0,0,0
470890,1,1,1987,26,26,26,26,26,26,26,26,26,26
470890,2,1,1987,8,21,4,6,13,7,7,10,6,9
470891,1,1,1987,0,0,0,0,0,0,0,0,0,0
470892,1,1,1987,0,0,0,0,0,0,0,0,0,0
470893,0,1,1987,0,0,0,0,0,0,0,0,0,0
470893,1,1,1987,0,0,0,0,0,0,0,0,0,0
470894,0,1,1987,0,0,0,0,0,0,0,0,0,0
470894,1,1,1987,16,16,16,16,16,16,16,16,16,16
470895,0,1,1987,0,0,0,0,0,0,0,0,0,0
470895,1,1,1987,2,2,2,2,2,2,2,2,2,2
470896,1,1,1987,13,13,13,13,13,13,13,13,13,13
470897,1,1,1987,0,14,16,17,0,10,6,8,14,17
470897,2,1,1987,0,0,0,0,0,0,0,0,0,0
470898,1,1,1987,0,0,0,0,0,0,0,0,0,0
470898,2,1,1987,0,0,0,0,0,0,0,0,0,0
470899,1,1,1987,0,0,0,0,0,0,0,0,0,0
470899,2,1,1987,0,0,0,0,0,0,0,0,0,0
470900,0,1,1987,7,7,7,7,7,7,7,7,7,7
470900,1,1,1987,16,16,16,16,16,16,16,16,16,16
470901,1,1,1987,0,0,0,0,0,0,0,0,0,0
470901,2,1,1987,0,0,0,0,0,0,0,0,0,0
470902,1,1,1987,0,0,0,0,0,0,0,0,0,0
470903,1,1,1987,0,0,0,0,0,0,0,0,0,0
470903,2,1,1987,0,0,0,0,0,17,0,0,0,0
470904,1,1,1987,0,0,0,0,0,0,0,0,0,0
470905,1,1,1987,19,19,19,19,19,19,19,19,19,19
470906,1,1,1987,0,20,0,0,0,0,10,0,0,10
470907,1,1,1987,0,0,0,0,0,0,0,0,0,0
470907,2,1,1987,0,0,0,0,0,0,0,0,0,0
470908,1,1,1987,27,18,22,18,15,20,24,42,19,11
470909,1,1,1987,0,0,0,0,0,0,0,0,0,0
470909,2,1,1987,0,0,0,0,0,0,0,0,0,0
470910,1,1,1987,0,0,0,0,0,0,0,0,0,0
470911,1,1,1987,0,0,0,0,0,0,0,0,0,0
470911,2,1,1987,0,0,0,0,0,0,0,0,0,0
470912,1,1,1987,2,2,2,2,2,2,2,2,2,2
470912,2,1,1987,0,0,0,0,0,0,0,0,0,0
470914,1,1,1987,0,0,0,0,0,0,0,0,0,0
470914,2,1,1987,20,20,20,20,20,20,20,20,20,20
470915,1,1,1987,0,0,0,0,0,0,0,0,0,0
470915,2,1,1987,0,0,0,0,0,0,0,0,0,0
470916,1,1,1987,0,0,0,0,0,0,0,0,0,0
470917,1,1,1987,0,0,0,0,0,0,0,0,0,0
470917,2,1,1987,0,0,0,0,0,0,0,0,0,0
470918,1,1,1987,0,0,0,0,0,0,0,0,0,0
470918,2,1,1987,0,0,0,0,0,0,0,0,0,0
470918,3,1,1987,0,0,0,0,0,0,0,0,0,0
470919,1,1,1987,0,0,0,0,0,0,0,0,0,0
470919,2,1,1987,0,0,0,0,0,0,0,0,0,0
470920,1,1,1987,0,0,0,0,0,0,0,0,0,0
470921,1,1,1987,20,20,20,20,20,20,20,20,20,20
470922,0,1,1987,0,0,0,0,0,0,0,0,0,0
470922,1,1,1987,0,9,0,0,0,0,0,0,0,0
470923,1,1,1987,0,9,0,0,0,9,0,23,0,11
470923,2,1,1987,20,20,20,20,20,20,20,20,20,20
470924,1,1,1987,0,0,0,0,0,0,0,0,11,0
470924,2,1,1987,0,0,0,0,0,0,0,0,0,0
470925,0,1,1987,10,10,10,10,10,10,10,10,10,10
470925,1,1,1987,0,0,0,0,0,0,0,0,0,0
470926,1,1,1987,21,21,21,21,21,21,21,21,21,21
470926,2,1,1987,0,0,0,0,0,11,14,0,0,0
470927,1,1,1987,23,23,23,23,23,23,23,23,23,23
470928,1,1,1987,20,20,20,20,20,20,20,20,20,20
470929,1,1,1987,22,21,10,20,36,9,6,2,8,21
470930,1,1,1987,31,31,31,31,31,31,31,31,31,31
470931,1,1,1987,14,14,14,14,14,14,14,14,14,14
470932,1,1,1987,11,11,11,11,11,11,11,11,11,11
470933,1,1,1987,0,0,0,0,0,0,0,0,0,0
470933,2,1,1987,0,0,0,0,0,0,0,0,0,0
470934,1,1,1987,0,0,9,0,0,10,0,19,0,13
470934,2,1,1987,0,0,0,0,0,0,0,0,0,0
470934,3,1,1987,0,0,0,0,0,0,0,0,0,0
470935,1,1,1987,0,0,0,0,0,0,0,0,0,0
470935,2,1,1987,5,5,5,5,5,5,5,5,5,5
470936,1,1,1987,0,0,0,0,0,0,0,0,0,0
470936,2,1,1987,0,0,0,0,0,0,0,0,0,0
470937,1,1,1987,0,7,0,6,0,0,0,0,0,0
470938,1,1,1987,12,12,12,12,12,12,12,12,12,12
470938,2,1,1987,0,0,0,0,0,0,0,0,0,0
470939,1,1,1987,0,0,0,0,0,0,0,0,0,0
470939,2,1,1987,0,0,0,0,0,0,0,0,0,0
470940,0,1,1987,0,0,13,20,0,17,0,0,7,0
470940,1,1,1987,0,0,0,0,0,0,0,0,0,0
470941,1,1,1987,3,3,3,3,3,3,3,3,3,3
470943,0,1,1987,0,0,0,0,0,0,0,0,9,16
470943,1,1,1987,0,0,0,0,0,0,0,0,0,0
470945,1,1,1987,0,0,0,0,0,0,0,0,0,0
470946,1,3,1987,29,29,29,29,29,29,29,29,29,29
470947,1,1,1987,0,0,0,0,0,0,0,0,0,0
470948,1,1,1987,0,26,11,0,0,0,0,0,0,0
470949,0,1,1987,0,0,0,41,0,0,0,0,15,0
470949,1,1,1987,0,0,0,0,0,0,0,0,0,0
470950,1,1,1987,0,0,0,0,0,0,0,0,0,0
470950,2,1,1987,0,0,7,0,0,0,0,0,0,0
470951,1,1,1987,0,0,0,0,0,0,0,0,0,0
470952,1,1,1987,22,22,22,22,22,22,22,22,22,22
470953,1,1,1987,0,9,0,0,0,26,0,0,0,20
470954,1,1,1987,0,0,0,9,0,0,0,0,0,0
470954,2,1,1987,0,0,0,0,13,0,0,0,0,0
470955,1,1,1987,0,0,0,0,0,5,0,0,0,0
470955,2,1,1987,9,9,9,9,9,9,9,9,9,9
470956,1,1,1987,0,0,0,0,0,0,0,0,0,0
470956,2,1,1987,0,0,0,0,0,0,0,0,0,0
470958,1,1,1987,29,29,29,29,29,29,29,29,29,29
470959,1,1,1987,0,0,0,0,0,0,0,0,0,0
470959,2,1,1987,0,0,0,0,0,0,0,0,0,0
470960,1,1,1987,0,0,0,0,0,0,0,0,0,0
470960,2,1,1987,0,0,0,0,0,0,0,0,0,0
470961,1,1,1987,0,0,0,0,0,0,0,0,0,0
470961,2,1,1987,2,2,2,2,2,2,2,2,2,2
470962,1,1,1987,0,0,0,0,0,0,0,0,0,0
470962,2,1,1987,27,27,27,27,27,27,27,27,27,27
470963,1,1,1987,0,0,0,0,0,0,0,0,0,0
470963,2,1,1987,3,3,3,3,3,3,3,3,3,3
470964,1,1,1987,0,0,0,0,0,0,0,0,0,0
470965,1,1,1987,27,27,27,27,27,27,27,27,27,27
470966,1,1,1987,12,12,12,12,12,12,12,12,12,12
470967,1,1,1987,0,0,0,6,0,0,0,0,8,0
470967,2,1,1987,0,0,0,0,0,0,0,21,0,0
470968,1,1,1987,0,0,0,0,0,0,0,0,0,0
470968,2,1,1987,0,0,0,0,0,0,0,0,0,0
470969,1,1,1987,20,11,15,16,33,15,16,25,12,11
470970,1,1,1987,2,2,2,2,2,2,2,2,2,2
470971,1,1,1987,17,19,14,0,17,11,18,12,20,7
470971,2,1,1987,0,0,0,0,0,0,0,0,0,0
470972,1,1,1987,0,0,0,0,0,0,0,0,0,33
470973,1,1,1987,15,15,15,15,15,15,15,15,15,15
470973,2,1,1987,0,0,0,0,0,0,0,0,0,0
470974,1,1,1987,36,36,36,36,36,36,36,36,36,36
470975,1,1,1987,0,0,0,0,0,0,0,0,0,0
470976,1,1,1987,13,25,20,36,10,22,22,26,22,9
470977,1,1,1987,0,0,0,0,0,0,0,0,0,0
470977,2,1,1987,0,0,0,0,0,0,0,0,0,0
470978,1,1,1987,0,0,0,0,0,0,0,0,0,0
470978,2,1,1987,0,0,0,0,0,0,0,0,0,0
470979,1,1,1987,12,12,12,12,12,12,12,12,12,12
470979,2,1,1987,23,23,23,23,23,23,23,23,23,23
470980,1,1,1987,22,22,22,22,22,22,22,22,22,22
470981,1,1,1987,0,0,15,0,0,0,0,0,0,0
470981,2,1,1987,0,0,0,0,0,0,0,0,0,0
470981,3,1,1987,0,0,0,0,0,0,0,0,0,0
470982,1,1,1987,0,0,0,0,0,0,0,0,0,0
470982,2,1,1987,0,0,0,0,0,0,0,0,0,0
470983,1,1,1987,0,0,0,0,0,0,0,0,0,0
470983,2,1,1987,0,0,0,0,0,0,0,0,0,0
470984,1,1,1987,26,26,26,26,26,26,26,26,26,26
470985,1,1,1987,4,4,4,4,4,4,4,4,4,4
470986,1,1,1987,22,22,22,22,22,22,22,22,22,22
470987,1,1,1987,18,18,18,18,18,18,18,18,18,18
470988,1,1,1987,0,0,0,0,0,0,0,0,0,0
470988,2,1,1987,0,0,0,0,0,0,0,0,0,0
470989,1,1,1987,0,0,0,0,0,0,0,0,0,0
470989,2,1,1987,25,25,25,25,25,25,25,25,25,25
470990,1,1,1987,0,0,0,0,0,0,0,0,0,0
470990,2,1,1987,0,0,0,19,0,0,0,0,0,0
470991,1,1,1987,3,3,3,3,3,3,3,3,3,3
470992,1,1,1987,0,0,0,0,0,0,0,0,0,0
470993,0,1,1987,0,0,0,15,0,0,0,0,0,18
470993,1,1,1987,0,0,0,0,0,0,19,0,0,0
470994,1,1,1987,0,0,0,0,0,0,0,0,0,0
470994,2,1,1987,0,0,0,0,0,0,0,0,0,0
470995,1,1,1987,26,35,24,11,12,7,18,5,30,28
470996,1,1,1987,17,17,17,17,17,17,17,17,17,17
470997,1,1,1987,0,0,0,0,0,0,0,0,0,0
470998,0,1,1987,0,0,0,0,0,0,0,0,0,0
470998,1,1,1987,0,0,0,0,0,0,0,0,0,0
470999,1,1,1987,19,19,19,19,19,19,19,19,19,19
471000,1,1,1987,0,0,9,10,0,13,0,0,0,0
471000,2,1,1987,18,0,0,0,0,33,0,0,0,0
471001,1,1,1987,32,32,32,32,32,32,32,32,32,32
471001,2,1,1987,0,0,0,0,0,0,0,0,0,0
471002,1,1,1987,0,0,0,0,0,0,0,0,3,0
471002,2,1,1987,0,0,0,0,0,0,5,0,0,0
471002,3,1,1987,0,0,5,0,0,0,8,0,41,13
471003,0,1,1987,0,0,0,0,0,0,0,0,0,0
471003,1,1,1987,20,9,0,15,0,18,0,0,12,14
471004,1,1,1987,0,0,0,0,0,0,0,0,0,0
471004,2,1,1987,24,24,24,24,24,24,24,24,24,24
471005,1,1,1987,0,0,0,0,0,0,0,0,0,0
471005,2,1,1987,0,0,0,0,0,0,0,0,0,0
471006,1,1,1987,18,18,18,18,18,18,18,18,18,18
471007,1,1,1987,0,0,0,0,0,0,0,0,0,0
471007,2,1,1987,0,0,0,0,0,0,0,0,0,0
471008,1,1,1987,16,16,16,16,16,16,16,16,16,16
471009,1,1,1987,0,0,0,0,0,0,0,0,0,0
471010,1,1,1987,0,0,0,0,0,0,0,0,0,0
471010,2,1,1987,0,0,0,0,0,0,0,0,0,0
471011,1,1,1987,0,0,0,0,26,0,0,0,0,0
471013,0,1,1987,0,0,0,16,0,0,0,0,24,35
471013,1,1,1987,10,30,0,0,0,0,0,0,0,0
471014,1,1,1987,14,14,14,14,14,14,14,14,14,14
471015,1,1,1987,16,16,16,16,16,16,16,16,16,16
471016,1,1,1987,7,7,7,7,7,7,7,7,7,7
471016,2,1,1987,0,0,0,0,0,0,0,0,0,0
471017,1,1,1987,24,24,24,24,24,24,24,24,24,24
471018,1,1,1987,21,21,21,21,21,21,21,21,21,21
471019,1,1,1987,20,20,20,20,20,20,20,20,20,20
471020,1,1,1987,5,5,5,5,5,5,5,5,5,5
471021,1,1,1987,0,0,0,0,0,0,0,0,0,0
471021,2,1,1987,0,0,0,0,0,0,0,0,0,0
471022,1,1,1987,8,0,0,0,0,0,0,0,0,0
471022,2,1,1987,0,0,0,0,0,14,0,0,0,0
471023,1,1,1987,21,21,21,21,21,21,21,21,21,21
471024,1,1,1987,0,0,0,0,0,0,0,0,0,0
471025,1,1,1987,22,22,22,22,22,22,22,22,22,22
471026,1,1,1987,0,0,0,0,0,0,0,0,0,0
471027,1,1,1987,0,0,0,0,0,0,0,0,0,0
471027,2,1,1987,0,0,0,0,0,0,0,0,0,0
471028,0,1,1987,0,0,0,0,0,0,0,0,0,0
471028,1,1,1987,0,0,0,13,0,0,0,0,0,0
471029,1,1,1987,0,0,0,0,0,0,0,0,0,0
471030,1,1,1987,5,21,15,43,18,14,19,30,17,20
471031,1,1,1987,20,20,20,20,20,20,20,20,20,20
471032,1,1,1987,26,26,26,26,26,26,26,26,26,26
471033,1,1,1987,0,0,0,0,0,0,0,0,0,0
471033,2,1,1987,0,0,0,0,0,0,0,0,0,0
471034,0,1,1987,0,7,36,21,35,34,0,14,0,0
471034,1,1,1987,0,0,0,0,0,0,0,6,0,0
471035,1,1,1987,0,0,0,0,0,0,0,0,0,0
471035,2,1,1987,7,7,7,7,7,7,7,7,7,7
471036,1,1,1987,17,17,17,17,17,17,17,17,17,17
471037,0,1,1987,0,0,0,0,0,0,0,0,0,0
471037,0,2,1987,0,0,0,0,0,0,0,0,0,0
471037,1,1,1987,0,0,0,0,0,0,0,0,0,0
471038,1,1,1987,0,0,6,12,0,0,0,0,0,0
471038,2,1,1987,0,0,0,0,0,0,0,0,0,10
471038,3,1,1987,0,0,0,0,0,0,0,0,0,0
471039,1,1,1987,2,2,2,2,2,2,2,2,2,2
471039,2,1,1987,0,0,0,0,0,0,0,0,0,0
471039,3,1,1987,0,0,0,0,0,0,0,0,0,0
471040,1,1,1987,17,17,17,17,17,17,17,17,17,17
471042,1,1,1987,42,42,42,42,42,42,42,42,42,42
471042,2,1,1987,7,0,0,0,0,0,0,0,0,4
471043,0,1,1987,17,23,5,0,0,0,16,0,31,27
471043,1,1,1987,0,0,0,0,0,0,0,0,0,0
471044,1,1,1987,0,0,0,0,0,0,0,0,0,0
471045,1,1,1987,0,0,0,0,0,0,0,0,0,0
471046,1,1,1987,0,0,0,0,0,0,0,0,0,2
471046,2,1,1987,0,23,22,0,11,0,0,0,0,0
471047,1,1,1987,0,0,0,0,0,0,0,0,0,0
471047,2,1,1987,0,0,0,0,0,0,0,0,0,0
471047,3,1,1987,0,0,0,0,0,0,0,0,0,0
471048,1,1,1987,21,21,21,21,21,21,21,21,21,21
471049,1,1,1987,18,18,18,18,18,18,18,18,18,18
471050,1,1,1987,0,0,0,0,0,0,0,0,0,0
471050,2,1,1987,0,0,0,0,0,0,0,0,0,0
471051,1,1,1987,18,20,29,22,23,11,23,28,6,17
471052,0,1,1987,0,0,0,0,0,0,0,0,0,0
471052,1,1,1987,10,17,0,0,22,8,0,15,0,8
471053,1,1,1987,0,0,0,0,0,14,0,0,0,0
471053,2,1,1987,0,0,0,0,0,0,0,0,0,0
471054,1,1,1987,0,0,0,0,0,0,0,0,0,0
471054,2,1,1987,0,0,0,0,0,0,0,0,0,0
471055,1,1,1987,6,6,6,6,6,6,6,6,6,6
471055,2,1,1987,0,0,0,0,0,0,0,0,0,0
471055,3,1,1987,0,0,0,0,0,0,0,0,0,0
471056,1,1,1987,17,17,17,17,17,17,17,17,17,17
471056,2,1,1987,0,0,0,0,0,0,0,0,0,0
471057,1,1,1987,40,40,40,40,40,40,40,40,40,40
471058,1,1,1987,0,0,0,0,0,0,0,0,0,0
471058,2,1,1987,0,0,0,0,0,0,0,0,0,0
471059,1,1,1987,0,0,0,0,0,0,0,0,0,0
471059,2,1,1987,7,7,7,7,7,7,7,7,7,7
471060,1,1,1987,9,9,9,9,9,9,9,9,9,9
471061,1,1,1987,0,0,0,0,0,0,0,0,0,0
471062,1,1,1987,30,30,30,30,30,30,30,30,30,30
471063,1,1,1987,18,18,18,18,18,18,18,18,18,18
471063,2,1,1987,0,0,0,0,0,0,0,0,0,0
471064,1,1,1987,10,10,10,10,10,10,10,10,10,10
471064,2,1,1987,0,30,14,0,8,0,0,0,28,5
471065,1,1,1987,0,0,0,0,0,0,0,0,0,0
471066,1,1,1987,21,6,0,0,21,19,19,19,0,18
471067,1,1,1987,0,0,0,0,0,0,0,0,0,0
471068,0,1,1987,0,0,0,0,0,0,0,0,0,0
471068,1,1,1987,0,0,0,0,0,0,0,0,0,0
471069,1,1,1987,15,15,15,15,15,15,15,15,15,15
471069,2,1,1987,0,0,0,0,0,0,0,0,0,26
471070,1,1,1987,0,0,0,0,0,0,0,0,0,0
471071,1,1,1987,0,0,0,19,15,0,19,14,14,22
471072,1,1,1987,0,0,0,0,0,0,0,0,0,0
471072,2,1,1987,0,0,0,0,0,0,0,0,0,0
471073,1,1,1987,0,15,8,7,7,18,0,31,21,7
471074,1,1,1987,0,0,0,0,0,0,0,0,0,0
471074,2,1,1987,0,0,0,0,0,0,0,0,0,0
471075,1,1,1987,0,0,0,0,0,0,0,0,0,0
471075,2,1,1987,31,31,31,31,31,31,31,31,31,31
471076,1,1,1987,6,6,6,6,6,6,6,6,6,6
471077,1,1,1987,0,0,0,0,0,0,0,0,0,0
471078,1,1,1987,12,12,12,12,12,12,12,12,12,12
471079,1,1,1987,20,20,20,20,20,20,20,20,20,20
471080,1,1,1987,0,0,0,0,0,0,0,0,0,0
471080,2,1,1987,0,0,0,0,0,0,0,0,0,0
471081,1,1,1987,0,12,22,0,0,0,0,0,0,0
471081,2,1,1987,0,0,5,0,0,0,0,0,0,0
471082,1,1,1987,11,0,18,27,0,11,27,10,0,13
471082,2,1,1987,0,0,0,0,0,0,12,0,0,0
471083,1,1,1987,20,20,20,20,20,20,20,20,20,20
471084,1,1,1987,6,0,0,0,0,0,0,0,0,0
471084,2,1,1987,0,0,0,0,0,0,0,6,0,0
471085,1,1,1987,0,12,0,25,0,0,0,0,0,0
471086,1,1,1987,0,0,0,0,0,0,0,0,0,0
471087,1,1,1987,19,32,21,15,22,16,13,31,30,24
471088,1,1,1987,0,0,0,0,0,0,0,0,0,0
471088,2,1,1987,0,0,0,0,0,0,0,0,0,0
471089,1,1,1987,0,0,0,0,0,0,0,0,0,0
471089,2,1,1987,0,0,0,0,0,0,0,0,0,0
471090,1,1,1987,0,0,0,0,0,0,0,0,0,0
471090,2,1,1987,0,0,0,0,0,0,0,0,0,0
471091,1,1,1987,19,0,0,0,0,0,0,0,0,0
471092,1,1,1987,16,16,16,16,16,16,16,16,16,16
471093,1,1,1987,6,0,0,0,0,0,0,0,0,0
471093,2,1,1987,0,0,0,0,0,0,0,0,0,0
471094,0,1,1987,0,0,0,0,0,0,0,0,0,0
471094,1,1,1987,0,0,0,0,0,0,0,0,0,0
471095,1,1,1987,6,0,18,15,0,0,15,17,7,0
471096,1,1,1987,0,9,5,14,11,10,0,12,9,0
471097,0,1,1987,0,0,0,0,0,0,0,0,0,0
471097,1,1,1987,11,48,50,7,8,33,18,0,0,24
471098,0,1,1987,0,9,0,30,0,8,19,18,10,0
471098,1,1,1987,8,0,0,0,0,19,32,16,8,0
471099,1,1,1987,0,0,0,0,0,0,0,0,0,0
471099,2,1,1987,0,0,0,0,0,0,0,0,0,25
471100,0,1,1987,33,33,33,33,33,33,33,33,33,33
471100,1,1,1987,19,19,19,19,19,19,19,19,19,19
471101,1,1,1987,30,30,30,30,30,30,30,30,30,30
471102,0,1,1987,21,21,21,21,21,21,21,21,21,21
471102,1,1,1987,0,0,0,0,0,0,0,0,0,0
471103,1,1,1987,0,0,0,0,0,0,0,0,0,0
471104,1,1,1987,0,0,0,0,0,0,0,0,0,0
471105,1,1,1987,0,0,0,0,0,0,0,0,0,0
471106,1,1,1987,12,12,12,12,12,12,12,12,12,12
471107,0,1,1987,0,0,0,0,0,0,0,0,0,0
471107,1,1,1987,0,0,0,0,0,0,0,0,0,0
471108,0,1,1987,0,0,0,0,0,0,0,0,12,0
471108,1,1,1987,18,18,18,18,18,18,18,18,18,18
471109,1,1,1987,4,4,4,4,4,4,4,4,4,4
471110,1,1,1987,0,0,0,0,0,0,0,0,0,0
471110,2,1,1987,0,0,0,0,0,0,0,0,0,0
471111,1,1,1987,0,10,0,0,0,0,0,0,0,0
471111,2,1,1987,0,0,0,0,0,0,0,4,0,0
471112,1,1,1987,0,25,16,6,21,0,15,16,0,20
471113,1,1,1987,15,0,24,0,0,9,0,0,0,0
471113,2,1,1987,0,0,0,0,0,18,0,23,23,0
471114,1,1,1987,0,0,0,0,0,0,0,0,0,0
471114,2,1,1987,0,0,0,0,0,0,0,0,0,0
471115,1,1,1987,0,0,0,0,0,0,0,0,0,0
471115,2,1,1987,0,0,0,0,0,0,0,0,0,0
471116,0,1,1987,0,4,20,0,0,0,0,7,0,0
471116,1,1,1987,0,0,0,11,0,0,0,0,0,19
471118,1,1,1987,0,0,0,0,0,0,0,0,0,0
471119,1,1,1987,7,0,13,5,0,0,0,8,0,0
471120,1,1,1987,0,20,18,18,33,8,34,19,0,0
471121,1,1,1987,0,0,0,0,0,0,0,0,0,0
471121,2,1,1987,17,0,0,0,17,7,0,33,0,0
471122,0,1,1987,0,0,0,0,0,0,0,0,0,0
471122,1,1,1987,0,0,0,0,0,0,0,0,0,22
471123,1,1,1987,19,19,19,19,19,19,19,19,19,19
471123,2,1,1987,0,10,7,0,5,0,0,19,0,15
471124,1,1,1987,8,8,8,8,8,8,8,8,8,8
471125,0,1,1987,0,0,0,11,0,0,0,0,0,0
471125,1,1,1987,0,15,0,0,0,0,0,0,0,0
471127,1,1,1987,0,0,0,0,0,0,0,3,0,4
471128,1,1,1987,0,0,0,0,0,0,0,0,0,0
471129,1,1,1987,0,0,0,22,0,33,10,0,41,0