ST_CASE,VEH_NO,PER_NO,YEAR,P1,P2,P3,P4,P5,P6,P7,P8,P9,P10
471130,1,1,1987,0,10,0,0,0,0,0,0,0,0
471130,2,1,1987,0,0,0,0,0,0,0,0,0,0
471132,1,1,1987,0,0,0,0,0,0,0,0,0,0
471132,2,1,1987,4,4,4,4,4,4,4,4,4,4
480001,0,1,1987,22,22,22,22,22,22,22,22,22,22
480001,1,1,1987,0,15,0,9,0,8,12,9,0,0
480002,1,1,1987,19,28,20,26,21,11,16,24,31,28
480003,1,1,1987,5,5,5,5,5,5,5,5,5,5
480004,1,1,1987,22,22,22,22,22,22,22,22,22,22
480005,1,1,1987,16,16,16,16,16,16,16,16,16,16
480006,0,1,1987,0,0,0,0,0,0,0,0,0,0
480006,1,1,1987,0,14,0,0,0,0,0,0,0,0
480007,0,1,1987,0,0,7,0,0,0,8,0,10,7
480007,1,1,1987,0,0,0,0,0,0,0,0,0,6
480008,0,1,1987,15,0,0,0,19,16,0,24,19,11
480008,1,1,1987,0,0,0,0,0,0,0,0,0,0
480009,1,1,1987,0,17,0,0,0,0,0,0,0,0
480009,2,1,1987,23,23,23,23,23,23,23,23,23,23
480010,0,1,1987,0,0,0,0,0,0,0,0,0,0
480010,1,1,1987,0,0,0,0,0,0,0,0,0,0
480011,1,1,1987,0,0,0,0,0,0,0,0,0,0
480011,2,1,1987,0,0,0,0,0,0,0,0,0,0
480012,1,1,1987,0,0,0,0,0,0,0,0,0,0
480012,2,1,1987,0,0,0,0,23,0,0,21,0,0
480013,1,1,1987,21,0,0,0,0,0,26,0,0,11
480014,1,1,1987,0,0,0,0,0,0,0,0,0,0
480014,2,1,1987,0,0,0,0,0,0,0,0,0,0
480015,1,1,1987,0,0,0,0,0,0,16,0,0,0
480015,2,1,1987,15,0,15,13,12,33,8,2,8,0
480016,1,1,1987,0,0,0,0,0,0,0,0,0,0
480016,2,1,1987,20,0,0,0,16,7,0,0,0,0
480017,1,1,1987,30,30,30,30,30,30,30,30,30,30
480018,1,1,1987,0,0,0,0,0,0,0,0,0,0
480019,1,1,1987,0,16,0,18,16,0,0,0,11,0
480020,1,1,1987,39,39,39,39,39,39,39,39,39,39
480020,2,1,1987,0,0,0,0,0,0,0,0,0,0
480021,1,1,1987,18,18,18,18,18,18,18,18,18,18
480022,1,1,1987,29,14,19,22,0,12,9,11,31,10
480023,1,1,1987,0,0,0,0,0,0,0,0,0,0
480024,1,1,1987,16,16,16,16,16,16,16,16,16,16
480025,1,1,1987,24,24,24,24,24,24,24,24,24,24
480026,1,1,1987,12,12,12,12,12,12,12,12,12,12
480026,2,1,1987,18,14,0,0,14,13,0,5,0,0
480027,1,1,1987,10,0,0,0,0,25,0,0,0,0
480028,1,1,1987,0,0,0,7,0,0,18,0,4,23
480029,1,1,1987,4,4,4,4,4,4,4,4,4,4
480030,1,1,1987,20,0,29,0,0,0,0,0,0,0
480030,2,1,1987,0,0,0,0,0,0,0,0,0,0
480031,1,1,1987,1,1,1,1,1,1,1,1,1,1
480031,2,1,1987,13,13,13,13,13,13,13,13,13,13
480032,1,1,1987,13,13,13,13,13,13,13,13,13,13
480033,1,1,1987,14,14,14,14,14,14,14,14,14,14
480034,1,1,1987,20,0,33,12,0,0,0,0,0,0
480035,1,1,1987,0,0,0,0,0,0,0,0,0,0
480036,1,1,1987,0,0,0,0,0,0,0,0,0,0
480036,2,1,1987,0,0,0,0,0,0,6,0,0,0
480037,0,1,1987,0,0,0,6,0,0,17,0,0,0
480037,1,1,1987,0,0,0,0,0,0,0,0,0,0
480038,0,1,1987,0,0,14,28,20,0,0,0,12,0
480038,1,1,1987,15,0,10,0,9,4,0,0,0,12
480039,1,1,1987,0,0,0,0,0,0,0,0,0,0
480039,2,1,1987,0,0,0,0,0,0,0,0,0,0
480040,1,1,1987,13,10,0,16,0,16,0,26,0,17
480041,0,1,1987,0,0,0,0,0,0,0,0,0,0
480041,1,1,1987,0,0,10,12,0,0,0,10,0,0
480042,1,1,1987,0,0,0,0,0,0,0,0,0,0
480042,2,1,1987,0,0,0,0,0,0,0,0,0,0
480043,1,1,1987,0,0,0,0,0,0,0,0,0,0
480043,2,1,1987,0,0,0,0,0,0,0,0,0,0
480044,0,1,1987,0,0,0,0,0,0,0,0,0,0
480044,1,1,1987,7,0,0,0,0,24,0,0,6,0
480045,1,1,1987,5,22,14,0,18,0,4,13,30,0
480045,2,1,1987,0,0,0,11,26,0,0,0,10,0
480046,1,1,1987,25,25,25,25,25,25,25,25,25,25
480047,0,1,1987,20,20,20,20,20,20,20,20,20,20
480047,1,1,1987,0,0,0,0,0,0,0,0,0,0
480048,1,1,1987,15,0,0,0,5,14,11,19,16,0
480048,2,1,1987,0,0,0,0,0,0,0,0,0,0
480049,1,1,1987,24,24,24,24,24,24,24,24,24,24
480049,2,1,1987,0,0,0,0,0,0,15,0,0,0
480050,1,1,1987,0,0,0,0,0,0,0,0,21,0
480050,2,1,1987,0,0,0,0,0,0,0,0,0,0
480050,3,1,1987,0,19,0,0,0,0,0,0,0,0
480051,1,1,1987,0,0,0,0,0,0,0,0,0,0
480051,2,1,1987,0,0,0,0,19,0,0,22,0,0
480052,1,1,1987,0,0,0,0,0,0,0,0,0,0
480052,2,1,1987,0,0,0,0,0,0,0,0,0,0
480053,1,1,1987,0,0,12,0,0,3,0,9,40,0
480054,0,1,1987,7,17,17,43,0,0,27,20,0,21
480054,1,1,1987,0,0,9,15,0,0,4,0,0,0
480055,0,1,1987,0,0,0,0,0,0,0,0,0,0
480055,1,1,1987,0,0,0,0,0,0,0,0,0,0
480056,0,1,1987,0,0,0,0,0,0,0,0,0,0
480056,0,2,1987,14,29,14,3,13,16,12,34,11,0
480056,0,3,1987,0,7,6,19,5,10,10,10,9,22
480056,1,1,1987,11,11,11,11,11,11,11,11,11,11
480057,1,1,1987,19,19,19,19,19,19,19,19,19,19
480058,1,1,1987,0,0,0,0,0,0,0,0,0,0
480058,2,1,1987,0,0,0,0,0,0,0,0,0,8
480059,1,1,1987,25,25,25,25,25,25,25,25,25,25
480060,1,1,1987,11,11,11,11,11,11,11,11,11,11
480060,2,1,1987,20,20,20,20,20,20,20,20,20,20
480061,1,1,1987,0,0,0,0,0,0,0,0,0,0
480062,1,1,1987,0,0,0,23,11,0,23,12,14,0
480062,2,1,1987,0,0,0,0,0,11,6,13,0,0
480063,1,1,1987,16,16,16,16,16,16,16,16,16,16
480064,1,1,1987,0,0,0,0,0,0,0,0,0,0
480065,1,1,1987,0,0,0,0,0,0,0,0,0,5
480065,2,1,1987,0,0,0,0,0,0,0,0,0,0
480066,1,1,1987,0,0,0,0,0,9,0,0,0,0
480066,2,1,1987,0,0,0,0,0,0,0,0,0,0
480067,0,1,1987,19,19,19,19,19,19,19,19,19,19
480067,0,2,1987,28,28,28,28,28,28,28,28,28,28
480067,0,3,1987,20,20,20,20,20,20,20,20,20,20
480067,1,1,1987,0,0,4,0,0,0,0,0,8,13
480068,1,1,1987,10,10,10,10,10,10,10,10,10,10
480069,0,1,1987,0,0,0,0,0,0,17,13,21,0
480069,1,1,1987,36,0,0,0,0,0,0,0,0,0
480070,1,1,1987,0,0,0,0,0,0,0,0,0,0
480070,2,1,1987,0,0,0,0,0,0,0,0,0,0
480071,1,1,1987,0,0,0,0,0,0,0,0,0,0
480072,1,1,1987,0,0,0,0,0,0,0,0,0,0
480072,2,1,1987,0,0,7,0,0,0,0,6,0,0
480073,1,1,1987,1,1,1,1,1,1,1,1,1,1
480074,1,1,1987,15,15,15,15,15,15,15,15,15,15
480075,1,1,1987,0,0,0,0,0,0,0,0,0,0
480075,2,1,1987,0,0,0,0,0,17,0,0,0,0
480076,0,1,1987,24,24,24,24,24,24,24,24,24,24
480076,1,1,1987,0,0,0,0,20,0,0,0,0,7
480077,0,1,1987,0,0,14,0,0,0,0,0,0,0
480077,1,1,1987,0,0,0,0,0,0,0,0,0,0
480078,1,1,1987,0,0,0,0,0,0,0,0,0,0
480079,1,1,1987,0,20,0,0,23,0,32,0,18,0
480080,1,1,1987,13,13,13,13,13,13,13,13,13,13
480081,0,1,1987,0,0,0,0,0,0,0,0,0,0
480081,1,1,1987,0,0,0,17,0,10,0,0,0,0
480082,0,1,1987,0,0,0,0,0,0,0,0,0,0
480082,1,1,1987,0,0,0,0,0,0,8,0,0,21
480083,0,1,1987,0,0,0,0,0,0,0,0,0,0
480083,1,1,1987,0,0,13,0,0,0,0,6,0,0
480084,1,1,1987,0,0,0,0,0,0,0,0,0,0
480084,2,1,1987,0,0,0,0,0,0,0,0,0,0
480085,1,1,1987,15,15,15,15,15,15,15,15,15,15
480086,1,1,1987,0,0,0,0,0,0,0,0,0,0
480086,2,1,1987,0,0,0,0,0,0,0,0,0,0
480087,0,1,1987,0,0,8,0,0,0,8,0,15,0
480087,1,1,1987,0,0,0,0,0,0,0,0,0,0
480088,1,1,1987,17,17,17,17,17,17,17,17,17,17
480089,1,1,1987,0,0,0,0,0,0,0,0,0,0
480089,2,1,1987,5,5,5,5,5,5,5,5,5,5
480090,0,1,1987,0,0,0,0,0,0,0,0,0,0
480090,1,1,1987,0,0,0,0,0,0,0,0,0,0
480091,1,1,1987,0,0,26,3,18,0,0,9,18,0
480091,2,1,1987,0,0,0,3,0,0,0,0,0,2
480092,1,1,1987,0,0,0,0,0,0,0,0,0,0
480092,2,1,1987,0,0,0,0,0,0,0,0,0,0
480093,1,1,1987,23,0,0,0,8,0,0,0,0,25
480094,1,1,1987,14,0,0,0,0,0,0,0,24,0
480094,2,1,1987,11,11,11,11,11,11,11,11,11,11
480095,1,1,1987,0,0,0,0,0,0,0,0,0,0
480095,2,1,1987,0,0,0,0,0,0,0,0,0,0
480096,1,1,1987,7,0,25,19,0,10,28,17,5,10
480097,1,1,1987,0,0,0,26,0,0,0,0,0,0
480097,2,1,1987,0,0,0,0,0,0,0,0,0,0
480097,3,1,1987,17,17,17,17,17,17,17,17,17,17
480098,1,1,1987,0,0,0,0,0,0,0,0,0,0
480098,2,1,1987,0,0,0,0,0,0,0,0,0,0
480099,0,1,1987,0,0,0,0,0,0,0,0,0,0
480099,1,1,1987,12,32,0,22,0,0,0,0,0,0
480100,1,1,1987,0,0,31,0,0,9,13,32,19,0
480100,2,1,1987,0,0,0,0,16,0,0,0,0,0
480101,1,1,1987,8,9,0,0,0,0,0,0,0,7
480102,0,1,1987,0,0,0,0,0,0,0,0,0,0
480102,1,1,1987,0,37,0,0,0,0,6,0,0,36
480103,1,1,1987,0,0,0,0,0,0,0,0,0,0
480104,1,1,1987,0,0,0,0,0,0,0,0,0,0
480104,2,1,1987,0,0,0,0,0,0,20,0,0,0
480104,3,1,1987,0,0,0,0,0,0,0,0,0,0
480105,1,1,1987,2,2,2,2,2,2,2,2,2,2
480106,0,1,1987,3,3,3,3,3,3,3,3,3,3
480106,1,1,1987,14,18,6,23,12,16,18,0,8,8
480107,1,1,1987,0,0,28,0,21,16,27,2,19,0
480107,2,1,1987,0,0,0,0,0,0,0,0,0,0
480108,1,1,1987,0,0,0,0,0,0,0,0,0,0
480109,1,1,1987,32,18,32,26,8,14,32,6,0,18
480109,2,1,1987,11,11,11,11,11,11,11,11,11,11
480110,1,1,1987,0,0,0,0,0,0,0,0,16,0
480110,2,1,1987,0,0,0,0,0,0,0,0,0,0
480111,1,1,1987,30,30,30,30,30,30,30,30,30,30
480112,1,1,1987,0,0,15,17,12,0,0,6,8,9
480112,2,1,1987,0,0,0,0,0,0,0,0,0,0
480113,1,1,1987,9,9,9,9,9,9,9,9,9,9
480114,0,1,1987,0,0,0,0,0,0,0,0,0,0
480114,1,1,1987,0,0,12,0,0,0,0,0,0,0
480115,1,1,1987,18,18,18,18,18,18,18,18,18,18
480115,2,1,1987,0,0,0,0,0,4,0,0,0,0
480116,1,1,1987,0,0,0,0,0,0,0,0,0,0
480116,2,1,1987,1,1,1,1,1,1,1,1,1,1
480117,1,1,1987,15,0,0,0,0,0,0,0,0,0
480117,2,1,1987,0,0,0,0,0,0,0,0,0,0
480118,1,1,1987,0,0,0,0,0,0,0,0,0,0
480118,2,1,1987,0,0,0,0,0,0,0,0,0,0
480119,1,1,1987,0,4,0,9,0,0,0,0,22,0
480119,2,1,1987,0,0,0,0,15,0,0,5,0,0
480120,0,1,1987,0,0,0,0,0,0,0,0,0,0
480120,1,1,1987,10,13,0,0,10,0,0,0,5,0
480121,1,1,1987,0,0,0,0,0,0,0,0,0,0
480122,0,1,1987,0,0,0,0,0,0,0,0,0,0
480122,1,1,1987,0,0,0,18,0,0,0,0,0,0
480123,1,1,1987,0,0,17,14,0,0,7,0,13,0
480123,2,1,1987,0,12,0,0,22,0,11,0,0,0
480124,1,1,1987,0,0,0,0,0,8,0,0,0,0
480124,2,1,1987,9,0,0,0,0,16,0,0,0,0
480125,1,1,1987,25,10,5,9,7,0,11,17,27,3
480126,1,1,1987,0,0,0,0,0,0,0,0,0,0
480127,1,1,1987,0,0,0,0,0,0,0,0,0,0
480128,1,1,1987,0,0,0,0,0,0,0,0,0,0
480129,1,1,1987,0,0,7,0,0,12,0,0,0,0
480129,2,1,1987,29,29,29,29,29,29,29,29,29,29
480130,1,1,1987,29,29,29,29,29,29,29,29,29,29
480130,2,1,1987,0,0,0,0,0,0,0,0,0,0
480131,1,1,1987,19,19,19,19,19,19,19,19,19,19
480132,1,1,1987,0,0,0,0,0,0,0,0,0,0
480132,2,1,1987,2,2,2,2,2,2,2,2,2,2
480133,0,1,1987,0,0,0,0,0,0,0,0,0,0
480133,1,1,1987,0,5,27,0,0,0,0,0,0,0
480134,1,1,1987,0,0,0,0,0,0,0,0,0,0
480135,1,1,1987,0,0,0,0,0,0,0,0,0,0
480136,1,1,1987,0,0,0,0,0,0,0,0,4,0
480136,2,1,1987,14,0,17,0,9,0,0,0,0,0
480137,1,1,1987,11,0,0,19,35,0,7,0,0,15
480138,0,1,1987,0,0,0,9,0,0,0,20,0,0
480138,1,1,1987,21,21,21,21,21,21,21,21,21,21
480139,1,1,1987,23,23,23,23,23,23,23,23,23,23
480140,1,1,1987,16,21,25,16,34,20,18,27,35,16
480141,1,1,1987,0,0,0,0,0,0,0,0,0,0
480141,2,1,1987,11,25,0,0,0,0,0,0,0,0
480142,1,1,1987,11,11,11,11,11,11,11,11,11,11
480143,0,1,1987,30,30,30,30,30,30,30,30,30,30
480143,1,1,1987,0,0,11,0,0,0,0,0,0,0
480143,2,1,1987,14,0,0,0,0,0,0,0,22,0
480144,1,1,1987,0,21,0,0,0,0,0,0,0,0
480144,2,1,1987,0,5,17,0,0,0,13,0,0,0
480145,1,1,1987,0,0,0,0,0,0,0,0,0,0
480145,2,1,1987,5,5,5,5,5,5,5,5,5,5
480146,1,1,1987,0,0,0,0,0,0,0,0,0,0
480147,1,1,1987,0,0,0,0,0,0,0,0,0,0
480147,2,1,1987,0,0,8,0,3,13,19,0,0,9
480148,1,1,1987,21,20,31,16,26,24,11,25,16,4
480149,0,1,1987,1,1,1,1,1,1,1,1,1,1
480149,1,1,1987,16,16,16,16,16,16,16,16,16,16
480150,0,1,1987,0,0,0,0,0,0,0,0,0,0
480150,1,1,1987,6,22,0,0,14,8,0,0,0,0
480151,1,1,1987,17,17,17,17,17,17,17,17,17,17
480152,1,1,1987,19,10,0,15,8,0,0,0,5,9
480152,2,1,1987,0,0,0,0,10,0,0,0,11,0
480153,1,1,1987,0,0,0,0,0,0,0,0,0,0
480153,2,1,1987,0,0,0,0,0,0,0,0,0,0
480154,1,1,1987,0,0,0,0,0,0,0,0,0,0
480154,2,1,1987,0,0,0,0,0,0,0,0,0,0
480155,1,1,1987,23,27,0,0,28,0,15,22,0,0
480156,1,1,1987,0,0,0,0,0,0,0,0,0,0
480156,2,1,1987,0,0,0,0,0,0,0,0,0,0
480157,1,1,1987,23,23,23,23,23,23,23,23,23,23
480158,1,1,1987,0,0,0,0,0,0,0,0,0,0
480158,2,1,1987,0,0,0,0,0,0,0,0,0,0
480159,1,1,1987,29,29,29,29,29,29,29,29,29,29
480159,2,1,1987,0,0,0,9,14,15,11,0,13,0
480159,3,1,1987,0,0,17,6,7,25,0,17,0,0
480160,1,1,1987,9,9,9,9,9,9,9,9,9,9
480161,1,1,1987,12,12,12,12,12,12,12,12,12,12
480162,1,1,1987,0,0,0,0,0,0,0,0,0,0
480162,2,1,1987,0,44,0,38,15,0,0,0,0,0
480163,1,1,1987,0,0,0,0,0,0,0,0,0,0
480163,2,1,1987,0,0,0,0,0,0,0,0,0,0
480163,3,1,1987,0,0,0,0,0,0,0,0,0,0
480163,4,1,1987,0,0,0,0,0,0,0,0,0,0
480163,5,1,1987,0,0,0,0,0,0,0,0,0,0
480163,6,1,1987,0,0,0,0,0,0,0,0,0,0
480163,7,1,1987,0,0,0,0,0,0,0,0,0,0
480163,8,1,1987,0,0,0,0,0,0,0,0,0,0
480163,9,1,1987,0,0,0,0,0,0,0,0,0,0
480163,10,1,1987,0,0,0,0,0,0,0,0,0,0
480163,11,1,1987,0,0,0,0,0,0,0,0,0,0
480163,12,1,1987,0,0,0,0,0,0,0,25,0,0
480163,13,1,1987,0,0,0,0,0,0,0,0,0,0
480163,14,1,1987,0,0,0,0,0,0,0,0,0,0
480163,15,1,1987,0,0,0,0,0,0,0,0,0,0
480163,16,1,1987,16,0,28,0,0,0,0,0,11,39
480163,17,1,1987,0,0,0,0,0,0,0,0,0,0
480163,18,1,1987,0,0,0,0,0,0,0,0,0,0
480163,19,1,1987,13,0,0,0,0,0,0,0,0,0
480163,20,1,1987,0,0,0,0,16,0,0,0,0,0
480163,21,1,1987,0,0,0,0,0,0,0,0,0,0
480163,22,1,1987,0,0,0,0,0,0,0,0,0,0
480164,1,1,1987,18,18,18,18,18,18,18,18,18,18
480165,1,1,1987,0,0,0,0,0,0,0,0,0,0
480165,2,1,1987,0,0,0,0,0,0,0,0,0,0
480166,0,1,1987,0,0,0,0,0,0,0,0,0,0
480166,1,1,1987,0,0,13,0,0,0,0,0,0,0
480167,1,1,1987,19,19,19,19,19,19,19,19,19,19
480168,1,1,1987,0,0,0,0,0,0,0,0,0,0
480169,0,1,1987,11,6,15,10,13,30,15,10,6,22
480169,1,1,1987,0,0,0,0,0,0,0,0,0,0
480170,1,1,1987,0,0,0,0,0,0,2,0,6,0
480170,2,1,1987,0,0,0,0,0,0,0,0,0,0
480171,1,1,1987,0,0,0,0,0,0,0,0,0,0
480172,1,1,1987,0,0,0,0,0,0,0,0,0,0
480172,2,1,1987,0,0,0,0,0,0,0,0,0,0
480172,3,1,1987,0,0,0,0,0,0,0,0,2,0
480173,1,1,1987,0,0,0,0,0,0,0,0,0,15
480173,2,1,1987,7,0,0,0,0,7,23,0,0,0
480173,3,1,1987,0,0,0,0,0,0,0,0,0,0
480174,1,1,1987,19,19,19,19,19,19,19,19,19,19
480174,2,1,1987,29,29,29,29,29,29,29,29,29,29
480175,1,1,1987,0,0,0,0,14,0,0,12,21,0
480176,1,1,1987,7,7,7,7,7,7,7,7,7,7
480177,1,1,1987,28,28,28,28,28,28,28,28,28,28
480178,1,1,1987,0,0,0,0,0,0,0,0,15,0
480179,1,1,1987,0,0,0,0,0,0,0,30,0,0
480179,2,1,1987,0,0,0,0,0,0,0,0,0,0
480180,1,1,1987,4,4,4,4,4,4,4,4,4,4
480180,2,1,1987,9,9,9,9,9,9,9,9,9,9
480181,0,1,1987,0,0,0,0,0,0,0,0,0,0
480181,1,1,1987,0,0,0,0,0,0,0,0,0,0
480182,0,1,1987,26,26,26,26,26,26,26,26,26,26
480182,1,1,1987,0,0,0,0,0,0,0,0,0,0
480183,1,1,1987,13,0,25,18,26,20,13,22,0,30
480184,1,1,1987,13,13,13,13,13,13,13,13,13,13
480184,2,1,1987,6,6,6,6,6,6,6,6,6,6
480185,0,1,1987,28,18,31,30,0,20,37,13,0,23
480185,0,2,1987,0,9,3,17,0,12,17,0,0,0
480185,2,1,1987,7,7,7,7,7,7,7,7,7,7
480186,1,1,1987,0,0,0,0,39,28,10,20,10,0
480187,0,1,1987,0,0,0,0,10,23,0,0,7,0
480187,1,1,1987,18,18,18,18,18,18,18,18,18,18
480188,0,1,1987,0,0,0,0,0,0,0,8,0,0
480188,1,1,1987,0,0,0,0,21,8,0,0,7,0
480189,1,1,1987,29,29,29,29,29,29,29,29,29,29
480190,1,1,1987,26,26,26,26,26,26,26,26,26,26
480190,2,1,1987,0,0,0,0,0,0,0,0,0,0
480191,1,1,1987,0,0,0,0,0,0,0,0,0,0
480191,2,1,1987,0,0,0,0,0,0,0,0,0,0
480192,1,1,1987,0,0,0,0,0,0,0,0,0,0
480192,2,1,1987,0,0,0,10,0,0,0,0,0,0
480193,1,1,1987,0,0,0,0,0,0,0,0,0,0
480194,0,1,1987,6,6,6,6,6,6,6,6,6,6
480194,1,1,1987,0,34,0,0,0,0,0,0,0,0
480195,1,1,1987,21,21,21,21,21,21,21,21,21,21
480195,2,1,1987,0,0,0,0,0,0,0,0,0,0
480195,3,1,1987,0,0,0,9,0,0,0,0,18,0
480195,4,1,1987,14,0,0,0,0,0,0,0,23,0
480196,1,1,1987,16,16,16,16,16,16,16,16,16,16
480196,2,1,1987,0,0,0,0,0,0,0,0,0,0
480197,0,1,1987,0,0,0,0,0,0,0,0,0,0
480197,1,1,1987,0,0,0,0,0,5,0,0,0,0
480198,1,1,1987,0,0,0,0,0,0,12,0,0,0
480199,1,1,1987,23,23,23,23,23,23,23,23,23,23
480200,1,1,1987,0,0,0,0,0,0,0,0,0,0
480201,1,1,1987,0,0,0,0,0,0,0,0,0,0
480201,2,1,1987,0,0,0,0,0,0,0,0,0,0
480202,1,1,1987,0,0,14,0,0,0,0,0,0,0
480203,1,1,1987,0,0,0,0,0,0,0,8,0,0
480203,2,1,1987,18,0,0,0,0,0,0,0,11,19
480204,1,1,1987,0,0,0,0,0,0,0,0,0,0
480204,2,1,1987,0,0,0,0,0,0,0,0,0,0
480205,0,1,1987,20,32,22,23,0,0,11,0,0,0
480205,1,1,1987,9,8,11,18,0,0,0,9,14,9
480206,1,1,1987,0,0,0,0,0,0,0,0,0,0
480206,2,1,1987,0,0,0,0,0,0,0,0,0,0
480208,1,1,1987,0,0,4,0,0,0,18,0,0,0
480209,1,1,1987,21,21,21,21,21,21,21,21,21,21
480210,1,1,1987,0,7,0,0,0,0,0,0,0,0
480210,2,1,1987,0,0,0,0,0,0,0,0,0,0
480210,3,1,1987,0,0,11,0,0,0,0,0,0,12
480210,4,1,1987,5,0,0,0,0,0,0,0,0,0
480210,5,1,1987,0,0,0,0,0,0,0,0,0,0
480211,1,1,1987,24,19,15,14,33,16,4,18,30,13
480211,2,1,1987,13,16,13,15,25,32,5,17,0,32
480212,1,1,1987,16,16,16,16,16,16,16,16,16,16
480213,1,1,1987,0,0,0,9,12,0,0,0,0,0
480213,2,1,1987,8,0,0,0,0,0,0,0,0,8
480214,1,1,1987,20,34,8,26,20,14,20,19,22,6
480214,2,1,1987,0,0,4,0,0,0,0,0,0,0
480215,1,1,1987,24,24,24,24,24,24,24,24,24,24
480216,1,1,1987,0,0,0,11,2,0,0,11,0,5
480217,1,1,1987,0,11,0,0,0,0,0,0,0,0
480218,0,1,1987,0,0,0,0,0,0,0,0,0,0
480218,1,1,1987,0,0,0,0,29,0,21,22,11,0
480219,1,1,1987,13,13,13,13,13,13,13,13,13,13
480219,2,1,1987,22,13,14,8,21,8,17,18,33,13
480220,0,1,1987,5,23,0,0,36,15,0,25,0,0
480220,1,1,1987,10,0,0,0,0,0,20,23,21,45
480220,3,1,1987,0,0,20,0,0,13,0,16,0,4
480221,1,1,1987,40,40,40,40,40,40,40,40,40,40
480222,0,1,1987,0,0,0,0,0,0,0,0,0,0
480222,1,1,1987,0,0,16,0,0,0,0,0,18,0
480223,1,1,1987,0,0,0,0,0,0,0,0,0,8
480223,2,1,1987,0,0,0,0,0,0,0,0,0,0
480224,1,1,1987,0,0,0,0,0,0,0,0,0,0
480224,2,1,1987,0,0,0,0,0,0,0,0,0,0
480225,1,1,1987,13,13,13,13,13,13,13,13,13,13
480225,2,1,1987,0,0,10,18,0,0,28,0,0,0
480226,1,1,1987,6,6,6,6,6,6,6,6,6,6
480226,2,1,1987,9,9,9,9,9,9,9,9,9,9
480227,1,1,1987,0,0,20,25,0,0,0,0,0,0
480227,2,1,1987,19,19,19,19,19,19,19,19,19,19
480228,1,1,1987,19,19,19,19,19,19,19,19,19,19
480229,1,1,1987,16,16,16,16,16,16,16,16,16,16
480230,0,1,1987,0,14,0,0,0,0,0,0,0,13
480230,1,1,1987,0,34,4,0,14,20,7,14,0,16
480231,0,1,1987,0,0,0,0,0,0,0,0,17,6
480231,1,1,1987,0,0,6,0,0,0,0,0,0,0
480232,1,1,1987,0,0,0,0,0,0,0,0,7,0
480232,2,1,1987,0,0,0,0,0,0,0,0,0,0
480232,3,1,1987,0,0,0,0,0,0,0,0,0,0
480233,0,1,1987,29,29,29,29,29,29,29,29,29,29
480233,1,1,1987,0,0,0,10,0,33,0,0,15,0
480234,1,1,1987,0,0,0,19,0,12,0,0,30,0
480235,0,1,1987,0,0,0,0,0,0,0,0,0,0
480235,1,1,1987,10,10,10,10,10,10,10,10,10,10
480236,1,1,1987,0,0,0,0,0,0,0,0,0,0
480236,2,1,1987,14,0,0,0,18,0,21,0,13,0
480236,3,1,1987,0,0,0,0,15,0,0,0,0,0
480237,1,1,1987,0,0,0,0,0,0,0,0,0,0
480237,2,1,1987,0,0,17,0,11,11,11,29,15,0
480238,1,1,1987,26,12,22,25,23,24,28,24,17,28
480238,2,1,1987,0,0,0,0,0,0,0,0,0,0
480239,1,1,1987,0,0,5,0,0,0,0,0,0,0
480239,2,1,1987,0,0,0,0,0,0,0,0,0,0
480240,1,1,1987,13,13,13,13,13,13,13,13,13,13
480241,1,1,1987,0,0,0,10,0,0,0,0,0,0
480241,2,1,1987,0,13,0,0,0,0,0,0,0,0
480242,1,1,1987,0,0,0,0,0,0,0,0,0,0
480242,2,1,1987,0,0,0,0,0,0,0,0,0,0
480243,1,1,1987,0,0,0,0,0,0,0,0,0,0
480244,1,1,1987,14,14,14,14,14,14,14,14,14,14
480245,0,1,1987,31,7,21,17,34,27,22,29,15,0
480245,1,1,1987,0,0,0,15,0,21,0,15,0,17
480246,0,1,1987,0,0,0,0,0,0,0,0,0,0
480246,1,1,1987,0,0,0,0,0,0,0,0,0,0
480247,1,1,1987,2,15,0,27,20,0,0,0,0,0
480247,2,1,1987,33,0,0,0,0,0,0,0,10,0
480248,1,1,1987,0,0,0,0,0,0,0,0,0,0
480248,2,1,1987,0,13,20,15,17,28,22,0,0,0
480249,1,1,1987,0,0,0,0,0,0,0,0,0,0
480249,2,1,1987,0,0,20,8,14,0,0,0,0,0
480250,1,1,1987,0,0,0,0,0,0,0,0,0,0
480250,2,1,1987,0,9,10,0,0,10,6,0,0,11
480251,1,1,1987,0,0,0,0,0,0,0,0,0,0
480251,2,1,1987,15,0,0,0,0,0,0,0,0,0
480252,1,1,1987,0,0,0,0,0,0,0,0,0,0
480252,2,1,1987,0,0,0,0,0,0,0,0,0,0
480253,1,1,1987,2,2,2,2,2,2,2,2,2,2
480254,1,1,1987,24,24,24,24,24,24,24,24,24,24
480254,2,1,1987,2,2,2,2,2,2,2,2,2,2
480255,0,1,1987,21,21,21,21,21,21,21,21,21,21
480255,1,1,1987,0,0,0,0,0,0,0,0,0,0
480256,1,1,1987,0,0,0,0,0,0,0,0,0,0
480256,2,1,1987,0,0,0,0,0,0,0,0,0,0