ST_CASE,VEH_NO,PER_NO,YEAR,P1,P2,P3,P4,P5,P6,P7,P8,P9,P10
480257,1,1,1987,0,13,0,16,5,14,0,21,17,20
480258,1,1,1987,13,13,13,13,13,13,13,13,13,13
480259,1,1,1987,14,15,0,17,0,0,18,0,15,17
480259,2,1,1987,15,15,15,15,15,15,15,15,15,15
480260,0,1,1987,0,15,0,0,26,25,35,15,35,31
480260,0,2,1987,13,15,11,9,20,0,10,6,20,0
480260,1,1,1987,9,15,0,0,0,0,8,0,0,11
480261,1,1,1987,29,29,29,29,29,29,29,29,29,29
480262,0,1,1987,1,1,1,1,1,1,1,1,1,1
480262,1,1,1987,17,0,0,11,0,0,0,0,0,0
480263,1,1,1987,25,18,15,5,0,20,9,23,0,23
480264,1,1,1987,8,8,8,8,8,8,8,8,8,8
480264,2,1,1987,0,0,0,0,0,0,0,0,0,0
480265,1,1,1987,32,32,32,32,32,32,32,32,32,32
480267,1,1,1987,9,0,0,0,0,0,0,0,0,0
480267,2,1,1987,0,0,21,0,0,0,0,0,0,0
480267,3,1,1987,0,0,0,0,0,0,0,0,0,0
480268,1,1,1987,0,0,0,23,5,0,0,0,15,0
480269,0,1,1987,0,0,0,0,0,0,0,0,0,0
480269,1,1,1987,0,0,0,0,0,0,0,0,0,0
480270,0,1,1987,0,0,0,36,18,0,0,0,0,20
480270,1,1,1987,23,16,11,17,14,7,6,0,21,23
480271,0,1,1987,0,0,0,0,18,0,0,25,0,0
480271,1,1,1987,0,0,0,0,0,0,0,0,0,0
480272,1,1,1987,22,22,22,22,22,22,22,22,22,22
480273,1,1,1987,0,0,0,0,0,0,0,0,0,0
480273,2,1,1987,0,0,0,0,0,0,0,0,0,0
480274,1,1,1987,0,0,0,0,0,0,0,0,0,0
480274,2,1,1987,0,0,0,0,0,0,0,0,0,0
480275,1,1,1987,0,0,0,0,0,0,0,0,0,0
480275,2,1,1987,0,0,0,0,0,0,0,0,0,0
480276,1,1,1987,0,0,0,0,0,0,0,0,0,0
480276,2,1,1987,0,0,0,0,0,0,0,0,0,0
480277,1,1,1987,24,24,24,24,24,24,24,24,24,24
480277,2,1,1987,0,0,0,0,0,0,0,0,0,0
480278,1,1,1987,0,0,0,0,0,0,0,0,9,0
480278,2,1,1987,0,0,0,0,0,0,0,0,0,0
480279,1,1,1987,22,22,22,22,22,22,22,22,22,22
480280,1,1,1987,12,12,12,12,12,12,12,12,12,12
480281,1,1,1987,17,17,17,17,17,17,17,17,17,17
480283,1,1,1987,0,0,0,0,0,0,0,0,0,0
480283,2,1,1987,0,0,0,0,0,0,0,0,0,0
480283,3,1,1987,0,0,0,0,0,0,0,0,0,0
480283,4,1,1987,0,0,0,0,0,0,0,0,0,0
480283,5,1,1987,0,0,0,0,0,0,0,0,0,0
480283,6,1,1987,0,0,0,0,0,0,0,0,0,0
480283,7,1,1987,0,0,0,0,0,0,0,0,0,0
480283,8,1,1987,0,0,0,0,0,0,0,0,0,0
480283,9,1,1987,0,0,0,0,0,0,0,0,0,0
480283,10,1,1987,0,0,0,0,0,0,0,0,27,0
480284,0,1,1987,0,0,0,0,0,0,0,0,0,0
480284,0,2,1987,0,0,0,0,0,0,0,0,0,0
480284,1,1,1987,0,14,0,17,0,0,0,0,0,0
480285,1,1,1987,0,0,0,0,0,0,0,0,0,0
480285,2,1,1987,0,0,0,0,0,0,0,0,0,0
480286,1,1,1987,0,0,0,13,0,0,0,0,0,14
480286,2,1,1987,0,0,0,0,0,0,0,0,0,0
480287,1,1,1987,26,26,26,26,26,26,26,26,26,26
480287,2,1,1987,0,7,0,0,0,0,0,31,18,0
480287,3,1,1987,0,0,8,0,16,0,18,0,0,0
480288,1,1,1987,10,10,10,10,10,10,10,10,10,10
480289,1,1,1987,5,5,5,5,5,5,5,5,5,5
480290,1,1,1987,22,22,22,22,22,22,22,22,22,22
480290,2,1,1987,0,0,0,0,22,50,0,0,0,0
480291,0,1,1987,0,0,0,0,0,0,0,0,0,0
480291,1,1,1987,0,0,0,0,0,0,0,0,5,0
480292,1,1,1987,26,26,26,26,26,26,26,26,26,26
480292,2,1,1987,0,0,0,0,0,0,0,0,0,0
480293,1,1,1987,13,0,0,0,0,0,10,0,0,0
480294,1,1,1987,0,25,20,0,0,0,0,0,0,0
480294,2,1,1987,0,0,0,0,0,0,0,0,0,0
480295,1,1,1987,0,0,0,0,0,0,0,0,0,0
480296,1,1,1987,0,0,0,0,0,0,0,0,0,0
480297,1,1,1987,0,0,0,0,0,0,0,0,0,0
480298,1,1,1987,0,30,0,27,0,0,0,0,0,0
480298,2,1,1987,0,0,0,8,0,8,0,11,4,0
480299,1,1,1987,5,0,0,0,0,0,0,0,0,0
480299,2,1,1987,1,0,0,0,0,0,0,0,0,0
480300,1,1,1987,0,0,0,0,14,0,0,0,0,0
480300,2,1,1987,0,0,0,0,0,0,0,0,0,0
480301,1,1,1987,0,0,0,0,0,0,0,0,0,0
480302,1,1,1987,4,4,4,4,4,4,4,4,4,4
480302,2,1,1987,0,0,0,0,0,0,11,0,0,0
480303,1,1,1987,7,0,0,9,0,10,0,0,0,0
480303,2,1,1987,0,0,0,0,0,0,0,0,0,0
480303,3,1,1987,0,0,0,0,0,0,0,0,0,0
480304,1,1,1987,11,11,11,11,11,11,11,11,11,11
480304,2,1,1987,18,0,0,0,0,25,9,0,0,0
480304,3,1,1987,17,0,0,10,10,0,0,0,0,0
480305,1,1,1987,15,0,24,0,0,0,0,23,0,16
480306,1,1,1987,0,0,0,0,0,0,0,0,0,0
480306,2,1,1987,0,0,0,0,0,0,0,0,0,0
480307,1,1,1987,19,19,19,19,19,19,19,19,19,19
480308,1,1,1987,24,24,24,24,24,24,24,24,24,24
480309,1,1,1987,0,0,0,0,0,0,0,0,0,0
480310,1,1,1987,0,0,0,0,0,0,0,0,0,0
480311,1,1,1987,0,0,0,0,0,0,0,0,0,0
480312,1,1,1987,24,24,24,24,24,24,24,24,24,24
480312,2,1,1987,20,20,20,20,20,20,20,20,20,20
480313,1,1,1987,0,0,0,0,0,0,0,0,0,0
480314,1,1,1987,6,6,6,6,6,6,6,6,6,6
480315,1,1,1987,0,17,14,29,9,6,0,0,26,10
480316,1,1,1987,23,23,23,23,23,23,23,23,23,23
480316,2,1,1987,18,14,7,19,19,19,25,26,12,19
480317,1,1,1987,0,5,0,0,19,0,0,0,0,0
480318,1,1,1987,0,0,0,0,0,0,0,0,0,0
480318,2,1,1987,0,0,0,0,0,0,0,0,0,0
480319,1,1,1987,10,27,0,0,0,10,21,0,0,10
480320,1,1,1987,10,0,22,0,0,22,0,0,0,0
480320,2,1,1987,0,4,0,0,0,0,0,0,0,0
480321,1,1,1987,0,0,0,0,0,0,0,0,0,0
480321,2,1,1987,0,0,20,0,0,0,0,0,0,0
480322,1,1,1987,15,15,15,15,15,15,15,15,15,15
480323,1,1,1987,14,14,14,14,14,14,14,14,14,14
480323,2,1,1987,0,0,0,0,0,0,0,0,0,0
480324,1,1,1987,3,3,3,3,3,3,3,3,3,3
480325,0,1,1987,0,0,0,0,0,0,0,0,0,0
480325,1,1,1987,13,13,13,13,13,13,13,13,13,13
480326,1,1,1987,17,17,17,17,17,17,17,17,17,17
480326,2,1,1987,0,0,0,0,0,0,0,0,0,0
480326,3,1,1987,0,0,0,4,0,0,10,0,0,6
480327,0,1,1987,0,0,0,0,0,14,0,0,0,0
480327,1,1,1987,11,0,19,4,0,0,0,0,0,0
480328,1,1,1987,9,0,0,19,5,0,0,0,21,10
480329,1,1,1987,0,0,0,0,0,0,0,0,0,0
480329,2,1,1987,0,0,0,0,0,0,0,0,0,0
480330,1,1,1987,14,0,0,0,0,0,0,0,9,0
480330,2,1,1987,23,23,23,23,23,23,23,23,23,23
480331,0,1,1987,2,2,2,2,2,2,2,2,2,2
480331,1,1,1987,0,0,0,0,0,0,7,0,0,0
480332,1,1,1987,0,0,0,0,0,0,0,0,0,0
480332,2,1,1987,0,0,0,0,0,0,0,0,0,19
480333,1,1,1987,22,22,22,22,22,22,22,22,22,22
480333,2,1,1987,0,0,0,0,0,0,0,0,0,0
480334,1,1,1987,0,0,0,0,0,0,0,0,0,0
480334,2,1,1987,0,0,0,0,0,0,0,0,0,0
480336,1,1,1987,0,0,0,0,0,0,0,0,0,0
480336,2,1,1987,0,0,0,0,0,0,0,0,0,0
480337,1,1,1987,21,21,21,21,21,21,21,21,21,21
480338,1,1,1987,15,15,15,15,15,15,15,15,15,15
480339,1,1,1987,31,31,31,31,31,31,31,31,31,31
480340,1,1,1987,25,25,25,25,25,25,25,25,25,25
480340,2,1,1987,0,0,0,0,0,0,0,0,0,0
480341,0,1,1987,0,0,0,0,0,0,0,0,0,0
480341,1,1,1987,0,0,0,0,14,0,15,0,0,0
480342,1,1,1987,42,14,3,17,6,11,29,24,10,17
480342,2,1,1987,0,0,0,0,0,0,0,0,0,0
480343,1,1,1987,9,0,0,0,0,16,24,0,0,0
480344,1,1,1987,0,0,0,0,0,0,0,0,0,0
480344,2,1,1987,0,0,0,0,0,0,0,0,0,0
480345,1,1,1987,5,5,5,5,5,5,5,5,5,5
480346,1,1,1987,0,0,0,0,0,0,0,0,0,0
480346,2,1,1987,0,0,0,0,0,0,0,0,0,0
480347,1,1,1987,29,29,29,29,29,29,29,29,29,29
480348,1,1,1987,0,0,0,0,0,0,0,0,10,0
480348,2,1,1987,0,0,0,0,0,0,0,0,0,0
480349,1,1,1987,12,12,24,0,20,22,10,4,12,20
480350,1,1,1987,24,15,24,20,0,18,27,27,14,27
480350,2,1,1987,0,23,0,25,5,0,0,14,15,10
480351,1,1,1987,0,0,17,14,0,0,0,21,0,0
480352,1,1,1987,22,22,22,22,22,22,22,22,22,22
480352,2,1,1987,0,0,0,0,0,0,0,0,0,0
480353,1,1,1987,0,0,0,0,0,0,0,0,0,0
480353,2,1,1987,0,0,0,0,0,0,0,0,0,0
480354,0,1,1987,0,0,0,0,0,0,0,0,0,0
480354,1,1,1987,0,0,0,0,0,0,0,0,0,26
480355,1,1,1987,21,21,21,21,21,21,21,21,21,21
480356,1,1,1987,17,17,17,17,17,17,17,17,17,17
480356,2,1,1987,0,0,0,7,0,0,0,0,0,0
480357,1,1,1987,18,18,18,18,18,18,18,18,18,18
480357,2,1,1987,4,4,4,4,4,4,4,4,4,4
480358,1,1,1987,22,22,22,22,22,22,22,22,22,22
480359,0,1,1987,0,0,33,0,9,0,10,18,5,24
480359,1,1,1987,0,0,0,0,7,0,27,9,8,2
480360,0,1,1987,34,34,34,34,34,34,34,34,34,34
480360,1,1,1987,7,14,0,0,28,0,0,0,15,5
480361,1,1,1987,20,20,20,20,20,20,20,20,20,20
480362,1,1,1987,14,14,14,14,14,14,14,14,14,14
480363,1,1,1987,0,0,10,0,0,2,0,0,8,0
480364,1,1,1987,16,22,20,7,6,19,30,27,7,14
480365,0,1,1987,10,10,10,10,10,10,10,10,10,10
480365,1,1,1987,0,0,0,0,0,0,0,0,15,0
480366,1,1,1987,32,32,32,32,32,32,32,32,32,32
480366,2,1,1987,0,7,31,0,0,11,0,0,0,0
480367,1,1,1987,0,0,0,0,0,0,0,0,5,0
480367,2,1,1987,0,0,0,0,0,0,0,0,0,0
480368,1,1,1987,0,0,0,0,0,0,0,0,0,0
480368,2,1,1987,26,26,26,26,26,26,26,26,26,26
480369,1,1,1987,20,11,12,16,9,11,31,16,18,31
480370,1,1,1987,0,0,0,11,0,0,0,0,0,0
480370,2,1,1987,27,27,27,27,27,27,27,27,27,27
480371,1,1,1987,26,26,26,26,26,26,26,26,26,26
480372,1,1,1987,0,7,14,25,14,30,20,0,0,20
480374,1,1,1987,17,17,17,17,17,17,17,17,17,17
480374,2,1,1987,20,0,0,7,0,0,0,0,0,0
480375,1,1,1987,0,0,25,0,0,16,0,0,0,0
480375,2,1,1987,0,0,0,0,0,0,0,0,0,0
480376,0,1,1987,19,19,19,19,19,19,19,19,19,19
480376,1,1,1987,0,6,0,8,0,0,14,12,7,0
480377,1,1,1987,18,18,18,18,18,18,18,18,18,18
480378,0,1,1987,0,0,0,0,0,0,0,0,0,0
480378,1,1,1987,0,0,0,0,0,0,21,19,0,0
480379,2,1,1987,21,21,21,21,21,21,21,21,21,21
480380,0,1,1987,0,0,0,0,0,0,0,0,0,0
480380,0,2,1987,0,0,0,0,0,0,0,0,0,0
480380,0,3,1987,0,0,0,0,4,0,0,0,0,0
480380,1,1,1987,0,8,0,0,0,0,0,0,0,0
480380,2,1,1987,19,0,20,0,0,0,0,0,6,0
480380,3,1,1987,0,10,0,0,0,0,0,0,0,0
480381,0,1,1987,0,6,14,0,0,13,28,24,13,7
480381,1,1,1987,12,27,10,18,16,21,33,0,0,8
480382,1,1,1987,0,0,18,0,0,38,0,0,25,20
480382,2,1,1987,3,3,3,3,3,3,3,3,3,3
480383,0,1,1987,27,27,27,27,27,27,27,27,27,27
480383,1,1,1987,15,15,15,15,15,15,15,15,15,15
480384,1,1,1987,0,0,0,8,14,8,7,0,0,20
480385,1,1,1987,0,19,0,0,0,0,18,0,0,0
480385,2,1,1987,0,30,0,12,0,0,0,0,0,6
480386,1,1,1987,5,5,5,5,5,5,5,5,5,5
480387,1,1,1987,7,7,7,7,7,7,7,7,7,7
480388,0,1,1987,0,0,0,0,0,0,0,0,0,10
480388,1,1,1987,0,0,0,0,0,0,0,0,0,0
480389,1,1,1987,10,0,0,15,16,0,19,9,4,4
480390,1,1,1987,0,9,0,0,0,0,17,0,0,0
480390,2,1,1987,0,0,0,0,0,0,0,0,0,0
480391,1,1,1987,0,0,0,0,0,0,0,0,0,0
480391,2,1,1987,0,0,0,0,0,0,0,0,0,0
480392,1,1,1987,16,23,21,13,11,11,23,7,18,15
480393,1,1,1987,0,0,0,0,0,0,0,0,0,0
480393,2,1,1987,0,9,0,0,0,0,0,0,0,2
480394,0,1,1987,36,36,36,36,36,36,36,36,36,36
480394,1,1,1987,0,0,0,0,0,0,0,0,23,14
480395,0,1,1987,29,29,29,29,29,29,29,29,29,29
480395,1,1,1987,5,0,11,0,25,0,11,16,0,0
480396,1,1,1987,9,10,9,4,6,0,2,0,11,14
480396,2,1,1987,0,0,0,0,0,0,15,0,0,0
480397,1,1,1987,39,39,39,39,39,39,39,39,39,39
480397,2,1,1987,14,18,0,8,0,22,0,6,0,28
480398,1,1,1987,0,0,0,0,25,12,0,0,0,0
480399,1,1,1987,22,6,18,0,9,0,0,9,22,0
480399,2,1,1987,0,0,0,0,0,0,12,9,0,15
480400,0,1,1987,0,42,13,24,0,13,0,24,0,33
480400,1,1,1987,0,0,0,0,0,0,0,0,0,0
480401,1,1,1987,22,22,22,22,22,22,22,22,22,22
480402,1,1,1987,15,15,15,15,15,15,15,15,15,15
480403,0,1,1987,0,0,0,0,0,0,0,0,0,0
480403,1,1,1987,0,5,0,19,0,6,0,0,0,4
480404,1,1,1987,0,0,0,0,0,0,0,0,0,0
480404,2,1,1987,0,0,0,0,0,0,0,8,0,0
480405,1,1,1987,0,20,0,0,0,0,0,21,0,14
480406,1,1,1987,19,19,19,19,19,19,19,19,19,19
480407,1,1,1987,0,0,0,0,0,0,0,0,0,0
480407,2,1,1987,0,0,0,0,0,3,0,0,0,0
480408,0,1,1987,6,6,6,6,6,6,6,6,6,6
480408,1,1,1987,3,0,0,0,13,21,0,5,14,6
480409,0,1,1987,13,13,14,0,0,0,13,0,0,7
480409,1,1,1987,0,0,0,0,7,0,13,12,0,0
480409,2,1,1987,16,0,0,0,0,0,11,10,0,0
480410,0,1,1987,16,10,11,19,11,23,11,12,6,22
480410,0,2,1987,0,0,23,0,0,23,0,13,12,0
480410,1,1,1987,15,15,15,15,15,15,15,15,15,15
480411,1,1,1987,20,20,20,20,20,20,20,20,20,20
480412,1,1,1987,20,20,20,20,20,20,20,20,20,20
480412,2,1,1987,3,3,3,3,3,3,3,3,3,3
480413,1,1,1987,13,13,13,13,13,13,13,13,13,13
480413,2,1,1987,11,11,11,11,11,11,11,11,11,11
480414,0,1,1987,0,0,0,0,27,0,12,0,0,0
480414,1,1,1987,0,0,0,10,0,0,4,0,0,0
480415,0,1,1987,0,0,0,0,0,0,0,0,0,0
480415,1,1,1987,0,0,0,0,0,0,0,0,12,0
480416,1,1,1987,2,0,18,25,0,22,23,8,10,22
480417,1,1,1987,18,18,18,18,18,18,18,18,18,18
480418,1,1,1987,0,0,0,0,0,0,0,0,0,22
480419,0,1,1987,0,0,0,0,0,0,0,0,0,0
480419,1,1,1987,0,0,0,0,0,0,0,0,0,0
480420,1,1,1987,25,25,25,25,25,25,25,25,25,25
480420,2,1,1987,0,0,0,14,0,7,0,0,5,0
480421,1,1,1987,0,0,0,0,0,0,0,0,0,0
480422,1,1,1987,20,20,20,20,20,20,20,20,20,20
480424,1,1,1987,14,14,14,14,14,14,14,14,14,14
480424,2,1,1987,1,1,1,1,1,1,1,1,1,1
480425,1,1,1987,0,0,0,0,0,0,0,0,0,0
480426,1,1,1987,31,31,31,31,31,31,31,31,31,31
480426,2,1,1987,0,38,0,0,0,0,0,0,0,14
480427,0,1,1987,26,26,26,26,26,26,26,26,26,26
480427,1,1,1987,4,4,4,4,4,4,4,4,4,4
480428,1,1,1987,0,0,0,0,32,0,0,0,0,0
480429,1,1,1987,0,0,0,0,9,0,0,0,0,0
480429,2,1,1987,0,0,0,0,0,0,0,0,0,0
480429,3,1,1987,0,0,13,0,0,0,0,0,0,0
480430,1,1,1987,19,19,19,19,19,19,19,19,19,19
480431,1,1,1987,23,23,23,23,23,23,23,23,23,23
480431,2,1,1987,12,12,12,12,12,12,12,12,12,12
480432,1,1,1987,0,0,15,0,0,20,4,0,0,3
480432,2,1,1987,12,0,13,10,0,0,0,0,24,0
480433,1,1,1987,0,0,0,12,0,0,0,0,8,8
480433,2,1,1987,0,0,0,21,0,0,17,0,0,0
480433,3,1,1987,0,0,0,0,0,0,0,0,0,0
480434,1,1,1987,0,0,0,0,0,0,0,0,0,0
480434,2,1,1987,0,0,0,0,0,13,0,0,0,0
480434,3,1,1987,0,0,0,0,0,0,0,0,0,0
480435,0,1,1987,0,0,0,11,15,30,0,50,10,26
480435,1,1,1987,12,14,13,31,18,15,18,15,14,8
480436,1,1,1987,0,6,18,6,17,14,0,14,0,0
480436,2,1,1987,12,36,22,6,9,20,0,15,0,0
480437,1,1,1987,0,0,0,0,0,0,0,0,0,0
480437,2,1,1987,0,0,0,0,0,0,0,0,0,0
480438,0,1,1987,13,0,13,0,0,0,0,0,0,0
480438,1,1,1987,12,22,0,0,0,10,0,0,0,0
480439,1,1,1987,0,0,0,0,0,0,0,0,0,0
480439,2,1,1987,0,0,0,0,0,0,0,0,0,0
480440,1,1,1987,39,39,39,39,39,39,39,39,39,39
480441,1,1,1987,0,0,0,0,0,0,0,0,0,0
480441,2,1,1987,0,0,0,0,0,0,0,0,0,0
480442,1,1,1987,0,24,0,0,0,8,0,12,0,7
480442,2,1,1987,0,0,0,0,0,0,0,0,0,0
480443,1,1,1987,0,0,0,0,1,0,0,0,0,0
480443,2,1,1987,0,0,0,0,0,0,0,0,11,22
480444,1,1,1987,0,0,0,0,0,0,0,0,0,0
480445,0,1,1987,0,0,9,0,0,0,0,0,0,0
480445,0,2,1987,0,0,0,0,0,0,0,16,0,0
480445,1,1,1987,0,0,0,0,0,0,0,12,0,0
480446,1,1,1987,11,9,9,18,13,23,24,21,18,35
480447,1,1,1987,0,0,0,0,0,0,0,0,0,0
480447,2,1,1987,0,0,0,0,0,0,0,0,0,0
480447,3,1,1987,0,0,0,0,0,0,0,0,0,4
480448,1,1,1987,0,0,0,0,0,0,0,0,0,0
480448,2,1,1987,0,23,0,27,0,12,0,0,14,0
480449,0,1,1987,0,0,0,0,0,0,0,0,0,0
480449,0,2,1987,7,7,7,7,7,7,7,7,7,7
480449,0,3,1987,5,0,3,0,0,0,0,0,0,13
480449,0,4,1987,2,2,2,2,2,2,2,2,2,2
480449,0,5,1987,0,0,0,0,7,6,6,8,0,0
480449,1,1,1987,0,0,0,25,0,0,0,0,0,0
480450,1,1,1987,12,12,12,12,12,12,12,12,12,12
480451,1,1,1987,0,0,0,0,0,0,0,0,0,0
480452,1,1,1987,13,17,25,24,27,14,10,6,14,10
480452,2,1,1987,0,0,0,0,12,0,0,11,0,0
480453,1,1,1987,28,28,28,28,28,28,28,28,28,28
480454,0,1,1987,0,0,0,0,0,0,0,0,0,0
480454,1,1,1987,13,0,0,0,0,0,0,0,0,0
480455,1,1,1987,32,32,32,32,32,32,32,32,32,32
480455,2,1,1987,0,0,0,0,0,0,0,0,0,0
480456,0,1,1987,8,25,0,0,10,0,10,22,25,9
480456,1,1,1987,20,17,0,13,23,16,0,11,23,5
480457,1,1,1987,0,0,0,0,0,0,0,0,0,0
480457,2,1,1987,0,0,0,0,0,0,0,0,0,0
480458,1,1,1987,0,0,0,0,0,0,0,0,0,0
480458,2,1,1987,0,0,0,0,0,0,0,0,0,0
480459,1,1,1987,0,0,0,0,0,0,0,0,0,0
480460,1,1,1987,0,0,0,0,0,0,0,0,0,0
480460,2,1,1987,0,0,0,0,0,0,0,0,0,0
480461,1,1,1987,9,9,9,9,9,9,9,9,9,9
480462,1,1,1987,0,0,0,0,0,0,0,0,0,0
480462,2,1,1987,0,0,0,16,0,0,0,0,0,0
480463,0,1,1987,13,21,12,29,31,0,21,7,22,0
480463,1,1,1987,11,11,11,11,11,11,11,11,11,11
480463,2,1,1987,0,0,0,0,0,29,0,0,0,0
480464,1,1,1987,0,0,0,0,0,0,0,0,0,0
480465,1,1,1987,0,0,0,0,0,9,0,0,0,0
480465,2,1,1987,16,15,0,0,7,0,0,10,14,6
480466,1,1,1987,0,0,0,0,0,0,0,0,0,0
480467,1,1,1987,20,0,0,0,0,0,0,0,0,0
480467,2,1,1987,0,0,0,0,0,0,0,0,0,0
480468,1,1,1987,24,24,24,24,24,24,24,24,24,24
480469,1,1,1987,0,0,0,0,0,0,0,0,0,0
480469,2,1,1987,0,16,0,0,10,0,0,0,0,0
480470,1,1,1987,0,0,0,0,0,0,0,0,0,0
480470,2,1,1987,0,0,0,0,0,0,0,0,0,0
480471,1,1,1987,17,17,17,17,17,17,17,17,17,17
480471,2,1,1987,30,30,30,30,30,30,30,30,30,30
480472,1,1,1987,0,0,0,0,0,0,0,0,0,0
480472,2,1,1987,0,0,0,0,0,0,0,0,0,0
480473,1,1,1987,0,0,17,0,0,0,0,39,0,0
480473,2,1,1987,0,0,0,0,0,0,0,7,0,0
480474,1,1,1987,0,0,0,0,0,0,0,0,0,0
480474,2,1,1987,0,0,0,0,0,0,0,0,0,0
480475,0,1,1987,15,15,15,15,15,15,15,15,15,15
480475,1,1,1987,11,11,11,11,11,11,11,11,11,11
480476,1,1,1987,0,18,21,0,0,24,20,0,17,14
480477,1,1,1987,0,0,0,0,0,0,0,0,0,0
480477,2,1,1987,0,0,0,0,0,0,0,0,0,0
480477,3,1,1987,0,0,14,0,0,0,12,0,7,0
480478,1,1,1987,20,20,20,20,20,20,20,20,20,20
480479,1,1,1987,18,18,18,18,18,18,18,18,18,18
480479,2,1,1987,0,0,0,0,0,0,18,29,22,0
480479,3,1,1987,1,1,1,1,1,1,1,1,1,1
480480,1,1,1987,0,0,13,10,10,8,0,0,12,0
480480,2,1,1987,0,7,0,0,0,0,0,0,0,0
480481,0,1,1987,0,0,0,0,0,0,0,0,0,0
480481,1,1,1987,0,0,0,0,0,9,0,0,0,0
480482,1,1,1987,0,0,0,0,0,4,0,0,0,0
480482,2,1,1987,0,0,0,0,0,0,0,0,0,0
480483,1,1,1987,20,20,20,20,20,20,20,20,20,20
480484,1,1,1987,0,0,0,0,0,0,0,0,0,0
480484,2,1,1987,0,0,0,0,0,0,0,0,0,0
480485,1,1,1987,0,0,0,0,0,0,0,0,0,0
480485,2,1,1987,21,21,21,21,21,21,21,21,21,21
480486,1,1,1987,20,20,20,20,20,20,20,20,20,20
480486,2,1,1987,10,0,0,0,0,10,0,0,0,0
480487,1,1,1987,20,20,20,20,20,20,20,20,20,20
480488,1,1,1987,0,0,0,0,0,0,0,0,0,0
480489,1,1,1987,21,21,21,21,21,21,21,21,21,21
480490,1,1,1987,22,22,22,22,22,22,22,22,22,22
480491,1,1,1987,17,17,17,17,17,17,17,17,17,17
480492,1,1,1987,0,0,0,17,0,0,0,0,0,0
480492,2,1,1987,0,0,0,0,0,0,0,0,0,0
480493,1,1,1987,8,17,0,17,17,12,27,20,13,19
480494,0,1,1987,0,0,0,0,0,0,0,0,0,0
480494,0,2,1987,3,21,0,0,14,17,11,18,0,0
480494,1,1,1987,4,4,4,4,4,4,4,4,4,4
480495,1,1,1987,0,0,0,0,0,0,0,0,0,0
480495,2,1,1987,0,0,0,0,0,0,0,0,0,0
480496,0,1,1987,0,0,0,0,0,0,0,0,0,0
480496,0,2,1987,14,14,14,14,14,14,14,14,14,14
480496,1,1,1987,0,0,5,0,0,0,13,12,23,0
480497,1,1,1987,0,0,0,0,0,0,0,0,0,0
480497,2,1,1987,0,0,0,0,0,0,0,0,0,0
480498,1,1,1987,0,0,0,0,0,0,0,0,0,0
480499,1,1,1987,18,18,18,18,18,18,18,18,18,18
480500,1,1,1987,17,17,17,17,17,17,17,17,17,17
480500,2,1,1987,0,0,0,0,0,0,0,0,0,0
480500,3,1,1987,0,13,0,0,0,0,9,0,0,0
480501,1,1,1987,14,14,14,14,14,14,14,14,14,14
480501,2,1,1987,0,0,0,0,0,0,0,0,0,0
480502,1,1,1987,15,18,20,25,20,15,16,21,19,24
480503,1,1,1987,23,19,11,34,2,21,19,18,32,20
480504,1,1,1987,33,33,33,33,33,33,33,33,33,33
480504,2,1,1987,0,0,0,0,6,0,0,17,0,0
480505,1,1,1987,0,0,5,0,16,0,0,0,0,0
480505,2,1,1987,0,0,0,0,0,0,0,0,0,0
480506,1,1,1987,18,18,18,18,18,18,18,18,18,18
480507,1,1,1987,23,23,23,23,23,23,23,23,23,23
480507,2,1,1987,0,0,0,0,0,0,0,0,0,0
480508,1,1,1987,0,0,0,8,0,0,24,14,0,7
480509,1,1,1987,0,0,10,0,0,0,0,0,0,0
480509,2,1,1987,0,16,0,0,0,0,17,0,0,0
480510,1,1,1987,24,24,24,24,24,24,24,24,24,24
480510,2,1,1987,4,4,4,4,4,4,4,4,4,4
480511,1,1,1987,2,2,2,2,2,2,2,2,2,2
480512,1,1,1987,18,18,18,18,18,18,18,18,18,18
480512,2,1,1987,0,0,0,0,0,0,0,0,0,16
480512,3,1,1987,0,0,0,5,0,0,0,0,0,0
480513,1,1,1987,23,23,23,23,23,23,23,23,23,23
480513,2,1,1987,18,18,18,18,18,18,18,18,18,18
480514,1,1,1987,19,19,19,19,19,19,19,19,19,19
480514,2,1,1987,12,0,3,0,26,0,19,0,0,0
480515,1,1,1987,10,10,10,10,10,10,10,10,10,10
480516,1,1,1987,0,23,0,4,0,0,0,0,0,0
480517,1,1,1987,0,13,0,18,15,44,21,12,0,15
480517,2,1,1987,11,4,23,23,7,10,22,21,6,18
480518,1,1,1987,9,9,9,9,9,9,9,9,9,9
480518,2,1,1987,0,0,0,0,0,0,0,0,0,0