ST_CASE,VEH_NO,PER_NO,YEAR,P1,P2,P3,P4,P5,P6,P7,P8,P9,P10
480519,0,1,1987,0,0,0,0,0,0,0,0,0,0
480519,1,1,1987,0,0,0,17,5,0,0,0,0,0
480520,1,1,1987,27,27,27,27,27,27,27,27,27,27
480521,1,1,1987,13,13,13,13,13,13,13,13,13,13
480522,1,1,1987,28,15,23,0,19,0,0,0,19,9
480522,2,1,1987,15,13,0,7,30,13,16,14,0,0
480523,1,1,1987,0,0,0,0,0,0,0,0,0,0
480523,2,1,1987,0,0,0,0,0,0,0,0,0,0
480524,1,1,1987,0,0,0,0,0,0,0,0,0,2
480524,2,1,1987,0,0,0,0,0,0,0,0,0,0
480524,3,1,1987,0,7,18,0,0,0,0,0,7,0
480524,4,1,1987,0,0,0,0,0,0,0,24,0,0
480525,1,1,1987,0,0,11,0,0,14,0,0,0,0
480526,1,1,1987,18,18,18,18,18,18,18,18,18,18
480526,2,1,1987,0,0,0,0,0,0,0,0,0,0
480527,0,1,1987,27,0,0,14,0,0,0,0,18,17
480527,1,1,1987,0,0,0,0,0,0,0,0,0,0
480528,1,1,1987,12,12,12,12,12,12,12,12,12,12
480529,1,1,1987,0,0,0,0,0,0,0,0,0,0
480529,2,1,1987,0,9,0,0,0,0,11,0,10,0
480530,1,1,1987,0,0,0,0,0,0,0,0,0,0
480530,2,1,1987,0,0,0,0,0,0,0,0,0,0
480531,0,1,1987,20,20,20,20,20,20,20,20,20,20
480531,1,1,1987,0,0,13,16,0,0,0,0,0,0
480532,1,1,1987,25,25,25,25,25,25,25,25,25,25
480533,1,1,1987,0,0,0,0,0,0,0,0,0,0
480533,2,1,1987,23,38,20,14,19,0,31,9,17,22
480534,1,1,1987,14,14,14,14,14,14,14,14,14,14
480534,2,1,1987,0,0,0,11,19,0,14,16,13,8
480535,1,1,1987,36,22,13,23,12,26,20,21,22,0
480536,1,1,1987,21,21,21,21,21,21,21,21,21,21
480536,2,1,1987,0,0,0,0,0,0,0,0,0,0
480537,0,1,1987,16,14,26,0,0,0,0,14,0,11
480537,1,1,1987,4,20,0,36,5,8,15,0,16,5
480538,1,1,1987,0,0,18,19,0,0,0,0,0,0
480539,1,1,1987,0,0,0,0,0,0,0,0,0,0
480539,2,1,1987,27,0,0,0,0,0,0,0,0,0
480540,1,1,1987,0,0,8,0,0,0,0,0,0,0
480540,2,1,1987,0,0,0,0,0,0,0,0,0,0
480541,1,1,1987,0,0,0,0,0,0,0,0,0,0
480541,2,1,1987,0,24,0,10,0,15,0,0,5,0
480542,0,1,1987,7,7,7,7,7,7,7,7,7,7
480542,1,1,1987,0,0,0,0,0,0,0,0,0,0
480543,1,1,1987,10,10,10,10,10,10,10,10,10,10
480543,2,1,1987,27,0,27,0,0,22,0,0,23,0
480543,3,1,1987,25,0,0,0,0,0,22,0,4,0
480544,1,1,1987,0,0,6,0,0,0,9,19,0,0
480545,1,1,1987,13,13,13,13,13,13,13,13,13,13
480546,1,1,1987,0,0,0,0,0,0,0,0,0,0
480546,2,1,1987,0,0,0,0,0,0,0,0,0,17
480546,3,1,1987,0,0,22,0,0,0,0,0,0,0
480547,1,1,1987,0,6,0,14,0,0,0,0,19,0
480548,0,1,1987,21,21,21,21,21,21,21,21,21,21
480548,1,1,1987,0,0,0,6,0,0,0,0,0,0
480549,1,1,1987,0,0,0,0,0,10,0,0,0,0
480549,2,1,1987,0,0,0,12,0,0,21,0,0,0
480550,1,1,1987,18,31,8,7,12,8,7,19,26,28
480550,2,1,1987,0,0,6,0,0,0,0,0,0,0
480551,1,1,1987,11,8,21,23,23,15,10,39,6,13
480552,1,1,1987,22,0,12,0,0,0,25,0,10,0
480552,2,1,1987,11,0,11,10,10,0,12,0,29,9
480553,0,1,1987,14,14,14,14,14,14,14,14,14,14
480553,1,1,1987,7,7,7,7,7,7,7,7,7,7
480554,0,1,1987,0,18,14,15,13,17,34,15,37,21
480554,1,1,1987,0,0,0,0,0,0,0,9,0,0
480555,1,1,1987,0,0,0,0,0,0,0,0,0,0
480556,1,1,1987,0,0,0,0,0,0,0,0,0,0
480556,2,1,1987,0,0,13,0,0,0,0,0,0,0
480557,1,1,1987,28,28,28,28,28,28,28,28,28,28
480558,1,1,1987,5,5,5,5,5,5,5,5,5,5
480559,1,1,1987,30,30,30,30,30,30,30,30,30,30
480560,1,1,1987,25,25,25,25,25,25,25,25,25,25
480560,2,1,1987,0,0,0,0,13,0,0,15,0,8
480561,1,1,1987,33,22,14,20,24,18,26,13,21,0
480562,1,1,1987,0,0,0,0,0,0,0,0,0,0
480563,1,1,1987,33,33,33,33,33,33,33,33,33,33
480564,0,1,1987,50,50,50,50,50,50,50,50,50,50
480564,1,1,1987,7,14,0,13,0,0,0,0,0,13
480565,0,1,1987,0,0,0,17,31,0,0,0,0,0
480565,1,1,1987,13,0,0,0,0,0,0,0,0,0
480566,1,1,1987,13,11,25,25,14,15,17,23,21,20
480567,1,1,1987,22,22,22,22,22,22,22,22,22,22
480568,1,1,1987,0,0,0,0,0,0,0,0,0,26
480568,2,1,1987,23,23,23,23,23,23,23,23,23,23
480569,0,1,1987,0,0,0,22,0,0,0,0,0,0
480569,1,1,1987,0,0,0,0,0,0,0,0,9,12
480570,1,1,1987,4,4,4,4,4,4,4,4,4,4
480571,0,1,1987,30,29,22,16,21,9,46,37,37,29
480571,1,1,1987,0,0,0,0,0,0,0,11,18,0
480572,1,1,1987,0,0,0,0,0,0,0,0,0,0
480573,1,1,1987,0,0,0,0,0,0,0,0,0,0
480573,2,1,1987,0,0,0,0,0,0,0,0,0,0
480573,3,1,1987,0,0,0,0,0,0,0,0,14,0
480574,1,1,1987,0,0,0,0,0,0,0,0,0,0
480574,2,1,1987,0,0,0,0,0,0,0,0,0,0
480574,3,1,1987,0,0,0,0,0,0,0,0,0,0
480575,1,1,1987,0,0,9,0,0,0,0,0,0,0
480575,2,1,1987,23,23,23,23,23,23,23,23,23,23
480576,0,1,1987,0,0,0,0,0,0,0,0,0,0
480576,1,1,1987,0,0,0,0,0,0,0,0,0,0
480577,1,1,1987,0,0,0,0,0,0,0,0,0,0
480578,1,1,1987,0,0,0,0,0,0,0,0,0,0
480578,2,1,1987,0,0,0,0,0,0,0,0,0,0
480579,1,1,1987,0,0,0,0,0,0,0,0,0,0
480579,2,1,1987,0,0,23,14,0,8,0,0,11,0
480580,1,1,1987,0,0,0,0,0,0,0,0,0,0
480581,1,1,1987,6,31,24,7,8,6,23,0,10,20
480582,1,1,1987,23,23,23,23,23,23,23,23,23,23
480583,1,1,1987,0,0,0,0,0,0,0,0,0,0
480584,1,1,1987,4,10,0,17,21,23,0,22,0,30
480585,1,1,1987,0,0,0,0,0,0,0,0,0,0
480585,2,1,1987,0,0,0,0,0,0,0,0,0,0
480586,1,1,1987,17,17,17,17,17,17,17,17,17,17
480587,1,1,1987,0,0,0,0,0,0,0,14,0,0
480587,2,1,1987,0,0,0,0,0,0,42,0,0,0
480588,1,1,1987,18,21,37,11,24,27,20,10,15,26
480589,0,1,1987,0,0,0,0,0,0,0,0,0,0
480589,1,1,1987,0,0,0,0,0,0,0,0,0,0
480590,1,1,1987,0,0,0,0,0,0,0,0,0,0
480591,1,1,1987,0,0,0,0,0,0,0,13,0,0
480591,2,1,1987,0,0,0,0,0,0,0,0,0,0
480592,1,1,1987,23,0,0,21,0,0,19,13,26,31
480593,1,1,1987,12,0,0,0,26,0,0,0,0,0
480593,2,1,1987,0,0,0,0,0,0,0,0,0,0
480594,1,1,1987,0,0,0,0,0,0,0,0,0,0
480594,2,1,1987,0,0,0,0,0,0,0,0,0,0
480595,0,1,1987,5,5,5,5,5,5,5,5,5,5
480595,1,1,1987,20,0,0,9,0,39,0,0,0,30
480596,1,1,1987,0,0,0,16,0,0,0,0,0,0
480597,1,1,1987,28,22,0,17,7,7,23,17,27,15
480598,0,1,1987,0,0,0,0,0,0,0,0,0,0
480598,1,1,1987,0,0,0,9,0,0,0,16,0,0
480599,1,1,1987,0,0,9,11,0,0,0,0,21,14
480599,2,1,1987,0,0,10,0,0,12,0,0,0,0
480599,3,1,1987,0,0,0,2,0,0,0,7,0,0
480600,1,1,1987,28,28,28,28,28,28,28,28,28,28
480601,0,1,1987,0,21,0,0,0,0,25,0,11,19
480601,1,1,1987,0,24,0,0,17,15,0,0,0,0
480602,0,1,1987,0,0,0,0,0,0,0,0,0,0
480602,0,2,1987,21,0,7,0,0,0,0,0,0,0
480602,1,1,1987,0,0,9,0,15,19,0,0,8,0
480603,1,1,1987,12,12,12,12,12,12,12,12,12,12
480603,2,1,1987,12,12,12,12,12,12,12,12,12,12
480604,1,1,1987,0,0,0,0,0,0,0,0,0,0
480604,2,1,1987,0,0,0,0,0,0,0,0,0,0
480604,3,1,1987,0,0,0,0,0,0,0,0,0,0
480605,0,1,1987,0,0,0,0,0,0,0,0,0,0
480605,1,1,1987,0,0,0,0,0,0,0,0,0,0
480606,0,1,1987,0,0,0,0,0,0,0,0,0,0
480606,1,1,1987,0,0,0,0,0,0,9,0,0,0
480607,1,1,1987,20,20,20,20,20,20,20,20,20,20
480608,1,1,1987,26,26,26,26,26,26,26,26,26,26
480609,1,1,1987,0,0,0,0,0,0,0,0,3,0
480609,2,1,1987,0,0,0,0,0,0,0,0,0,0
480610,1,1,1987,0,0,0,0,0,0,0,0,0,0
480610,2,1,1987,0,0,0,0,6,0,0,5,10,0
480611,1,1,1987,0,0,21,0,0,0,0,0,0,0
480612,1,1,1987,13,13,13,13,13,13,13,13,13,13
480613,1,1,1987,0,0,0,0,0,0,0,0,0,0
480613,2,1,1987,0,0,0,16,0,0,0,0,11,23
480614,1,1,1987,0,0,0,0,0,0,0,0,0,0
480614,2,1,1987,0,0,0,0,0,0,0,0,0,0
480615,1,1,1987,0,0,0,0,0,0,0,0,0,0
480615,2,1,1987,6,6,6,6,6,6,6,6,6,6
480616,1,1,1987,8,8,8,8,8,8,8,8,8,8
480617,1,1,1987,7,7,7,7,7,7,7,7,7,7
480618,1,1,1987,0,0,0,0,0,0,0,0,0,0
480618,2,1,1987,0,0,0,0,0,0,0,14,0,0
480619,1,1,1987,20,20,20,20,20,20,20,20,20,20
480619,2,1,1987,0,0,0,0,0,6,11,0,0,0
480620,1,1,1987,15,21,23,0,13,7,15,0,18,12
480621,0,1,1987,0,0,0,0,0,0,0,0,0,0
480621,2,1,1987,8,0,0,0,12,11,0,27,0,10
480622,1,1,1987,22,22,22,22,22,22,22,22,22,22
480623,1,1,1987,0,7,13,28,0,14,9,4,0,11
480624,1,1,1987,0,0,0,0,0,0,0,0,0,0
480624,2,1,1987,0,0,0,0,0,0,0,0,0,0
480625,1,1,1987,0,0,0,0,0,0,0,0,0,0
480625,2,1,1987,0,0,0,13,17,0,0,0,0,0
480626,1,1,1987,23,23,23,23,23,23,23,23,23,23
480627,0,1,1987,20,20,20,20,20,20,20,20,20,20
480627,1,1,1987,6,6,6,6,6,6,6,6,6,6
480628,1,1,1987,0,0,0,0,0,0,0,0,0,0
480629,1,1,1987,0,0,0,0,0,0,0,0,0,0
480629,2,1,1987,20,20,20,20,20,20,20,20,20,20
480629,3,1,1987,0,0,16,24,23,17,0,8,0,0
480630,1,1,1987,24,24,24,24,24,24,24,24,24,24
480631,0,1,1987,0,0,0,0,0,0,0,0,0,0
480631,1,1,1987,0,16,0,0,0,0,15,0,0,0
480632,1,1,1987,0,0,0,0,0,0,0,0,0,0
480633,1,1,1987,0,0,20,0,0,0,0,0,0,7
480633,2,1,1987,0,0,0,0,0,0,0,0,0,0
480634,1,1,1987,4,4,4,4,4,4,4,4,4,4
480634,2,1,1987,0,0,0,19,0,0,0,8,0,0
480635,1,1,1987,0,0,0,5,0,0,0,0,0,6
480635,2,1,1987,0,0,0,17,0,0,3,0,0,16
480636,1,1,1987,15,15,15,0,15,13,8,23,12,17
480637,1,1,1987,18,18,18,18,18,18,18,18,18,18
480638,1,1,1987,23,23,23,23,23,23,23,23,23,23
480638,2,1,1987,13,18,0,13,13,0,0,0,0,0
480639,1,1,1987,14,0,0,0,0,12,11,0,0,0
480639,2,1,1987,0,0,0,0,0,0,0,0,0,0
480640,1,1,1987,18,13,11,28,21,12,28,12,14,19
480640,2,1,1987,0,0,0,0,0,0,0,5,11,0
480641,1,1,1987,9,22,14,15,6,14,24,12,6,12
480642,1,1,1987,0,17,23,24,15,6,13,15,7,21
480643,1,1,1987,12,0,19,16,0,19,33,21,22,23
480643,2,1,1987,22,0,29,10,11,0,28,10,11,0
480644,1,1,1987,11,0,0,0,0,0,0,0,0,0
480644,2,1,1987,0,0,17,0,0,0,0,0,0,0
480644,3,1,1987,12,0,5,0,23,0,8,0,0,0
480645,1,1,1987,22,13,16,31,0,10,15,0,0,0
480646,1,1,1987,23,14,0,0,19,0,7,7,0,13
480647,0,1,1987,0,0,0,0,0,0,0,0,0,0
480647,1,1,1987,18,18,18,18,18,18,18,18,18,18
480648,1,1,1987,0,0,0,0,0,0,0,0,0,0
480648,2,1,1987,0,0,0,0,0,0,0,0,5,0
480648,3,1,1987,0,0,0,0,0,0,0,0,0,0
480649,1,1,1987,0,0,0,0,0,0,0,0,0,0
480650,1,1,1987,0,0,0,0,0,0,0,0,0,11
480650,2,1,1987,0,0,0,0,0,0,0,0,0,0
480651,1,1,1987,0,0,5,20,0,0,0,0,0,7
480652,0,1,1987,0,3,34,27,0,13,7,0,0,41
480652,1,1,1987,0,14,12,0,0,0,0,0,0,0
480653,0,1,1987,15,17,9,24,12,6,0,45,0,34
480653,1,1,1987,14,10,10,21,28,28,22,35,0,21
480654,1,1,1987,0,0,0,0,0,0,0,7,0,0
480654,2,1,1987,0,0,0,0,0,0,0,0,0,0
480654,3,1,1987,0,0,0,0,0,0,0,24,0,0
480655,1,1,1987,3,0,7,0,4,4,0,25,12,9
480656,1,1,1987,31,31,31,31,31,31,31,31,31,31
480657,1,1,1987,25,25,25,25,25,25,25,25,25,25
480658,1,1,1987,0,0,0,0,0,0,7,0,0,0
480658,2,1,1987,10,10,10,10,10,10,10,10,10,10
480659,1,1,1987,17,17,17,17,17,17,17,17,17,17
480660,1,1,1987,0,23,0,15,0,0,0,8,0,9
480660,2,1,1987,33,33,33,33,33,33,33,33,33,33
480661,1,1,1987,23,23,23,23,23,23,23,23,23,23
480662,1,1,1987,0,0,0,12,0,0,0,0,8,0
480663,1,1,1987,0,0,14,0,17,0,10,0,0,0
480663,2,1,1987,24,24,24,24,24,24,24,24,24,24
480664,1,1,1987,10,10,10,10,10,10,10,10,10,10
480665,1,1,1987,8,8,8,8,8,8,8,8,8,8
480665,2,1,1987,34,0,0,0,0,0,19,0,18,0
480666,1,1,1987,20,20,20,20,20,20,20,20,20,20
480667,1,1,1987,12,12,12,12,12,12,12,12,12,12
480668,0,1,1987,0,0,0,0,0,0,0,0,0,0
480668,1,1,1987,0,0,12,0,0,0,0,0,0,0
480669,1,1,1987,20,20,20,20,20,20,20,20,20,20
480670,1,1,1987,0,0,21,0,0,14,12,0,0,18
480671,1,1,1987,25,0,7,0,0,10,7,0,0,19
480672,1,1,1987,15,15,15,15,15,15,15,15,15,15
480673,1,1,1987,29,29,29,29,29,29,29,29,29,29
480673,2,1,1987,33,0,0,0,0,0,0,0,28,0
480674,1,1,1987,0,0,0,25,0,7,16,0,0,8
480674,2,1,1987,31,31,31,31,31,31,31,31,31,31
480675,1,1,1987,19,19,19,19,19,19,19,19,19,19
480676,1,1,1987,18,18,18,18,18,18,18,18,18,18
480676,2,1,1987,0,0,0,0,0,0,0,0,0,0
480677,1,1,1987,0,0,0,0,0,0,0,0,0,0
480677,2,1,1987,0,23,0,21,9,23,19,0,0,10
480678,1,1,1987,0,0,0,0,0,0,0,0,0,0
480678,2,1,1987,0,0,0,0,0,0,0,0,0,0
480679,1,1,1987,0,0,0,0,0,0,0,0,0,0
480680,1,1,1987,0,0,18,0,10,0,0,0,21,0
480680,2,1,1987,0,0,0,0,0,0,0,0,0,0
480681,1,1,1987,0,0,0,0,0,0,0,0,0,0
480681,2,1,1987,0,0,0,0,0,0,0,0,0,0
480682,0,1,1987,0,0,0,0,0,0,0,0,0,0
480682,1,1,1987,17,0,0,0,12,0,0,0,0,0
480683,1,1,1987,0,9,0,0,5,11,0,0,13,8
480684,1,1,1987,0,0,0,0,0,0,0,0,0,0
480684,2,1,1987,0,0,0,0,0,0,0,0,0,0
480685,0,1,1987,0,0,0,0,0,0,0,0,0,0
480685,1,1,1987,0,0,0,0,13,0,0,0,0,0
480686,1,1,1987,13,0,11,0,11,0,0,0,22,0
480686,2,1,1987,0,0,0,0,0,0,0,0,0,0
480687,1,1,1987,13,13,13,13,13,13,13,13,13,13
480687,2,1,1987,0,0,0,0,0,0,0,0,0,0
480688,1,1,1987,13,19,14,9,20,28,21,18,21,14
480689,1,1,1987,11,11,11,11,11,11,11,11,11,11
480690,1,1,1987,0,13,29,15,0,0,0,0,6,19
480690,2,1,1987,0,9,0,0,0,0,0,0,0,0
480691,0,1,1987,0,0,0,27,13,0,10,0,0,31
480691,0,2,1987,17,0,0,0,0,18,21,0,15,0
480691,1,1,1987,8,8,8,8,8,8,8,8,8,8
480692,1,1,1987,27,27,27,27,27,27,27,27,27,27
480693,1,1,1987,0,0,0,0,0,0,0,0,0,0
480693,2,1,1987,0,0,0,0,0,0,0,7,0,0
480694,1,1,1987,18,18,18,18,18,18,18,18,18,18
480695,1,1,1987,18,18,18,18,18,18,18,18,18,18
480696,1,1,1987,0,9,0,0,0,0,10,10,13,12
480696,2,1,1987,0,0,0,0,0,0,0,0,0,0
480697,1,1,1987,0,0,0,0,0,0,0,0,0,0
480697,2,1,1987,11,11,11,11,11,11,11,11,11,11
480698,1,1,1987,0,0,0,0,0,0,0,0,0,0
480698,2,1,1987,0,0,0,0,0,0,0,0,0,0
480699,0,1,1987,0,0,0,18,0,0,0,0,0,0
480699,1,1,1987,0,0,0,0,0,0,0,0,0,0
480700,1,1,1987,0,0,0,0,0,0,0,0,0,0
480702,1,1,1987,0,7,0,0,0,13,0,0,0,0
480702,2,1,1987,4,0,0,11,0,0,0,0,23,6
480702,3,1,1987,0,6,0,0,0,0,0,0,0,6
480703,1,1,1987,2,24,7,24,0,0,0,0,0,0
480703,2,1,1987,8,8,8,8,8,8,8,8,8,8
480703,3,1,1987,0,0,0,0,9,0,0,0,0,0
480704,1,1,1987,0,17,22,0,25,3,17,13,6,38
480705,1,1,1987,19,19,19,19,19,19,19,19,19,19
480706,1,1,1987,9,11,16,0,12,17,2,21,20,15
480707,1,1,1987,13,13,13,13,13,13,13,13,13,13
480708,1,1,1987,18,18,18,18,18,18,18,18,18,18
480709,1,1,1987,9,9,0,9,0,0,5,0,17,0
480709,2,1,1987,16,16,16,16,16,16,16,16,16,16
480709,3,1,1987,0,0,0,0,13,0,0,0,0,10
480710,0,1,1987,16,23,0,0,0,26,0,0,0,0
480710,1,1,1987,0,0,0,0,0,0,0,0,0,0
480711,1,1,1987,0,0,0,0,0,0,0,8,0,0
480711,2,1,1987,16,17,0,0,0,15,0,7,0,9
480712,1,1,1987,8,8,8,8,8,8,8,8,8,8
480712,2,1,1987,0,0,0,0,0,0,0,0,0,0
480712,3,1,1987,15,0,4,0,16,0,0,6,0,0
480713,1,1,1987,23,23,23,23,23,23,23,23,23,23
480714,1,1,1987,0,0,0,0,0,0,0,0,17,0
480714,2,1,1987,0,0,0,0,0,0,0,0,0,0
480714,3,1,1987,0,0,0,0,0,0,0,0,0,0
480715,1,1,1987,18,18,18,18,18,18,18,18,18,18
480716,1,1,1987,0,0,0,0,0,0,0,0,0,0
480717,1,1,1987,12,21,25,18,25,12,14,21,14,19
480718,1,1,1987,35,35,35,35,35,35,35,35,35,35
480719,1,1,1987,0,31,0,0,0,0,0,9,0,0
480719,2,1,1987,28,28,28,28,28,28,28,28,28,28
480720,0,1,1987,7,30,0,0,24,0,0,0,0,0
480720,1,1,1987,7,16,15,4,11,20,11,44,15,14
480721,1,1,1987,27,27,27,27,27,27,27,27,27,27
480721,2,1,1987,0,12,0,0,0,0,0,0,0,0
480722,0,1,1987,17,17,17,17,17,17,17,17,17,17
480723,1,1,1987,20,20,20,20,20,20,20,20,20,20
480724,1,1,1987,0,0,0,13,19,0,7,0,0,18
480724,2,1,1987,22,0,0,25,0,30,0,0,6,22
480725,1,1,1987,8,23,9,0,10,0,0,6,11,15
480725,2,1,1987,0,0,0,0,0,0,0,0,0,0
480726,1,1,1987,0,0,0,0,0,0,0,0,0,0
480726,2,1,1987,0,0,0,0,0,0,0,0,0,0
480727,1,1,1987,15,15,15,15,15,15,15,15,15,15
480728,1,1,1987,0,0,0,0,0,0,0,0,0,0
480728,2,1,1987,0,35,0,13,0,10,0,22,0,19
480729,1,1,1987,0,0,0,0,0,0,0,0,0,0
480729,2,1,1987,0,0,0,0,0,0,0,0,0,0
480730,1,1,1987,8,0,0,0,0,0,0,0,0,0
480730,2,1,1987,8,0,0,0,23,0,0,29,0,0
480730,3,1,1987,0,0,0,0,0,0,0,0,0,0
480731,1,1,1987,0,0,0,0,0,0,0,0,0,0
480732,0,1,1987,16,16,16,16,16,16,16,16,16,16
480732,1,1,1987,14,14,14,14,14,14,14,14,14,14
480733,1,1,1987,0,22,0,0,32,31,0,27,4,0
480734,0,1,1987,0,0,0,0,0,0,0,0,0,0
480734,1,1,1987,0,16,0,0,0,0,0,0,0,0
480735,1,1,1987,17,17,17,17,17,17,17,17,17,17
480736,1,1,1987,19,26,15,7,27,21,0,26,7,27
480737,1,1,1987,21,0,0,0,0,0,0,0,0,0
480737,2,1,1987,0,0,0,0,0,0,0,0,0,0
480738,1,1,1987,11,11,11,11,11,11,11,11,11,11
480739,1,1,1987,24,24,24,24,24,24,24,24,24,24
480740,1,1,1987,22,22,22,22,22,22,22,22,22,22
480740,2,1,1987,16,25,19,18,18,13,33,49,12,0
480741,1,1,1987,26,26,26,26,26,26,26,26,26,26
480741,2,1,1987,0,0,0,0,0,0,0,0,0,0
480742,1,1,1987,13,13,13,13,13,13,13,13,13,13
480742,2,1,1987,14,38,26,0,14,0,10,19,13,16
480743,0,1,1987,0,0,0,0,0,0,0,0,0,0
480743,1,1,1987,0,8,0,10,0,0,0,0,28,0
480744,1,1,1987,0,0,0,0,0,0,0,0,0,12
480744,2,1,1987,0,0,0,0,0,0,0,0,0,0
480745,1,1,1987,0,0,0,0,0,0,0,0,0,0
480746,1,1,1987,0,0,0,0,0,0,0,0,0,0
480747,0,1,1987,0,13,15,22,30,25,16,36,16,17
480747,1,1,1987,0,0,0,38,13,0,11,0,0,0
480748,1,1,1987,0,0,0,0,0,0,0,0,0,0
480748,2,1,1987,0,0,0,0,0,0,0,0,0,0
480749,1,1,1987,0,0,0,0,0,13,0,0,0,0
480749,2,1,1987,0,0,0,0,0,0,0,0,0,0
480750,0,1,1987,4,4,4,4,4,4,4,4,4,4
480750,1,1,1987,0,0,0,0,0,0,0,0,0,0
480750,2,1,1987,0,0,46,10,0,21,0,38,19,0
480751,1,1,1987,0,14,0,0,16,0,0,0,0,0
480752,1,1,1987,0,0,23,26,0,0,0,0,0,0
480752,2,1,1987,13,13,13,13,13,13,13,13,13,13
480753,1,1,1987,0,0,0,0,0,0,0,0,0,0
480753,2,1,1987,0,0,0,0,0,0,0,0,0,0
480754,0,1,1987,32,32,32,32,32,32,32,32,32,32
480754,1,1,1987,2,2,2,2,2,2,2,2,2,2
480755,1,1,1987,11,0,0,15,0,0,10,10,3,0
480755,2,1,1987,19,19,19,19,19,19,19,19,19,19
480755,3,1,1987,6,17,0,24,8,0,25,0,13,0
480756,1,1,1987,1,1,1,1,1,1,1,1,1,1
480756,2,1,1987,0,0,3,0,0,0,0,0,0,0
480756,3,1,1987,0,0,19,0,0,0,0,0,0,0
480757,1,1,1987,0,0,0,0,0,0,0,0,0,0
480757,2,1,1987,0,0,0,0,0,0,0,0,0,0
480758,1,1,1987,0,0,0,0,4,0,0,0,0,0
480758,2,1,1987,0,0,0,0,0,0,0,0,0,0
480759,1,1,1987,0,0,0,0,0,0,0,0,0,0
480760,1,1,1987,0,0,0,0,0,0,0,0,0,0
480761,1,1,1987,29,29,29,29,29,29,29,29,29,29
480761,2,1,1987,19,19,19,19,19,19,19,19,19,19
480762,1,1,1987,24,15,19,4,29,12,21,15,0,29
480763,1,1,1987,0,0,0,9,0,14,4,0,0,0
480763,2,1,1987,16,16,16,16,16,16,16,16,16,16
480764,1,1,1987,0,0,0,0,0,0,0,0,0,0
480765,1,1,1987,0,0,0,0,0,0,0,0,0,0
480765,2,1,1987,18,18,18,18,18,18,18,18,18,18
480766,0,1,1987,0,0,0,0,0,0,0,0,0,0
480766,1,1,1987,4,11,21,11,21,7,0,0,9,10
480767,1,1,1987,0,0,0,22,15,0,19,0,0,0
480767,2,1,1987,0,0,4,0,0,0,0,0,0,0
480768,1,1,1987,0,0,0,0,0,0,0,0,0,0
480768,2,1,1987,0,0,0,0,0,0,0,0,7,0
480769,1,1,1987,0,0,0,0,0,27,0,17,33,11
480770,1,1,1987,19,19,19,19,19,19,19,19,19,19
480771,1,1,1987,0,0,0,0,0,10,0,0,0,0
480771,2,1,1987,16,15,20,14,0,0,18,0,16,22
480772,0,1,1987,0,0,0,0,0,0,0,0,0,0
480772,1,1,1987,0,0,0,0,0,0,0,0,0,0
480773,1,1,1987,0,0,0,0,0,0,0,0,0,0
480773,2,1,1987,0,0,0,0,0,0,0,0,0,0
480774,1,1,1987,9,9,9,9,9,9,9,9,9,9
480775,0,1,1987,0,0,0,0,0,0,0,0,0,0
480775,1,1,1987,0,0,0,0,14,0,0,0,0,0
480776,0,1,1987,0,0,0,0,0,0,0,0,0,0
480776,0,2,1987,3,0,0,0,0,0,0,10,0,23
480776,1,1,1987,0,0,0,0,0,0,21,0,0,0
480777,0,1,1987,0,0,0,0,0,0,0,0,0,0
480777,1,1,1987,0,0,0,0,0,0,0,0,3,0
480778,1,1,1987,0,0,16,0,0,11,15,11,13,0
480779,1,1,1987,32,32,32,32,32,32,32,32,32,32
480780,1,1,1987,0,0,0,0,0,0,0,0,0,0
480780,2,1,1987,0,0,0,0,0,0,0,0,0,0
480781,1,1,1987,0,0,12,0,24,13,5,0,14,30
480782,1,1,1987,9,9,9,9,9,9,9,9,9,9
480783,0,1,1987,0,0,0,0,0,0,0,9,0,0
480783,0,2,1987,0,0,11,0,0,0,0,0,16,0
480783,0,3,1987,0,0,2,0,3,0,0,9,0,0
480783,1,1,1987,28,0,0,18,0,0,0,0,0,0
480784,1,1,1987,0,0,0,0,0,0,0,0,0,0
480784,2,1,1987,0,0,5,0,0,0,0,0,0,0
480785,1,1,1987,0,0,0,0,0,0,0,0,0,0
480785,2,1,1987,0,0,0,0,0,0,0,0,0,0
480786,1,1,1987,7,0,0,0,0,31,12,14,17,17
480787,1,1,1987,5,5,5,5,5,5,5,5,5,5
480788,1,1,1987,6,6,6,6,6,6,6,6,6,6
480789,1,1,1987,16,6,7,23,4,15,15,24,0,0
480790,1,1,1987,0,0,0,0,0,15,0,17,0,0
480790,2,1,1987,3,3,3,3,3,3,3,3,3,3