ST_CASE,VEH_NO,PER_NO,YEAR,P1,P2,P3,P4,P5,P6,P7,P8,P9,P10
481337,2,1,1987,0,0,2,18,29,0,0,0,0,0
481338,1,1,1987,0,0,39,0,0,0,33,0,0,0
481339,1,1,1987,3,3,3,3,3,3,3,3,3,3
481340,1,1,1987,28,28,28,28,28,28,28,28,28,28
481340,2,1,1987,0,0,0,0,0,0,0,0,0,0
481341,1,1,1987,9,18,13,12,16,10,5,13,7,11
481342,1,1,1987,22,22,22,22,22,22,22,22,22,22
481343,0,1,1987,29,27,9,27,28,29,0,0,28,0
481343,1,1,1987,0,0,8,0,11,15,0,0,9,0
481344,1,1,1987,0,0,0,0,0,0,0,0,0,0
481344,2,1,1987,0,0,0,0,0,0,0,0,16,0
481345,1,1,1987,45,45,45,45,45,45,45,45,45,45
481346,1,1,1987,0,0,0,0,0,0,0,0,0,0
481346,2,1,1987,0,0,0,0,0,0,0,0,0,0
481347,0,1,1987,9,17,15,28,28,20,13,0,15,0
481347,0,2,1987,18,17,25,18,14,4,6,10,20,0
481347,1,1,1987,8,13,15,9,27,18,13,4,15,18
481348,0,1,1987,0,10,13,0,0,0,0,0,14,0
481348,0,2,1987,19,19,19,19,19,19,19,19,19,19
481348,0,3,1987,17,17,17,17,17,17,17,17,17,17
481348,0,4,1987,0,4,0,3,0,0,0,15,0,0
481348,0,5,1987,12,19,26,0,7,6,0,0,0,7
481348,0,6,1987,8,0,0,0,6,0,0,0,0,0
481348,1,1,1987,21,21,21,21,21,21,21,21,21,21
481348,2,1,1987,7,9,0,0,0,0,0,0,0,16
481349,1,1,1987,21,21,21,21,21,21,21,21,21,21
481350,1,1,1987,0,0,0,0,0,0,0,0,0,0
481350,2,1,1987,6,0,0,6,0,0,0,0,0,0
481351,0,1,1987,0,0,0,0,0,0,0,0,0,0
481351,1,1,1987,0,0,0,0,10,0,0,13,0,0
481352,0,1,1987,0,0,0,0,0,0,0,0,0,0
481352,1,1,1987,0,0,6,0,0,0,0,0,0,0
481353,0,1,1987,11,0,12,0,0,0,0,0,0,0
481353,0,2,1987,11,26,0,0,16,0,9,7,0,10
481353,1,1,1987,31,31,31,31,31,31,31,31,31,31
481354,1,1,1987,10,10,10,10,10,10,10,10,10,10
481355,1,1,1987,0,0,0,0,0,0,0,0,0,0
481356,1,1,1987,12,12,12,12,12,12,12,12,12,12
481357,1,1,1987,17,0,0,17,17,11,11,0,0,0
481358,1,1,1987,9,0,0,5,0,0,9,0,17,0
481359,1,1,1987,0,32,0,0,0,0,0,0,16,0
481359,2,1,1987,0,0,9,0,0,0,0,0,0,0
481360,1,1,1987,10,10,10,10,10,10,10,10,10,10
481361,0,1,1987,0,0,12,0,0,0,0,0,0,0
481361,1,1,1987,0,0,0,0,15,0,0,21,0,0
481362,1,1,1987,0,0,9,0,0,0,0,0,0,0
481362,2,1,1987,0,0,0,0,17,0,0,23,0,0
481363,1,1,1987,0,0,0,0,0,0,0,0,0,0
481363,2,1,1987,0,0,0,0,0,0,0,0,0,0
481364,1,1,1987,0,0,0,0,0,0,0,0,0,0
481364,2,1,1987,0,0,0,0,0,0,0,0,0,0
481365,1,1,1987,4,4,4,4,4,4,4,4,4,4
481365,2,1,1987,14,14,14,14,14,14,14,14,14,14
481366,1,1,1987,12,12,12,12,12,12,12,12,12,12
481366,2,1,1987,0,0,0,0,0,0,10,0,0,0
481367,1,1,1987,15,15,15,15,15,15,15,15,15,15
481367,2,1,1987,0,0,0,0,0,0,0,0,0,0
481368,1,1,1987,21,21,21,21,21,21,21,21,21,21
481368,2,1,1987,0,0,0,0,0,0,0,0,0,0
481369,1,1,1987,0,0,0,0,0,0,0,0,0,0
481369,2,1,1987,0,4,0,0,0,0,0,0,0,0
481370,1,1,1987,0,0,22,0,0,14,0,7,0,0
481370,2,1,1987,0,0,0,0,0,0,14,0,0,0
481371,1,1,1987,0,0,0,0,0,0,0,0,0,0
481372,1,1,1987,0,0,0,0,0,0,0,0,0,0
481373,0,1,1987,0,0,0,0,0,0,0,0,0,3
481373,1,1,1987,12,12,12,12,12,12,12,12,12,12
481374,1,1,1987,27,16,20,29,11,0,10,18,26,13
481374,2,1,1987,14,0,26,15,12,26,0,0,21,0
481375,1,1,1987,20,20,20,20,20,20,20,20,20,20
481375,2,1,1987,11,0,12,14,0,13,0,0,0,0
481376,1,1,1987,0,0,0,0,0,0,0,0,0,0
481376,2,1,1987,0,0,0,0,0,0,0,0,0,0
481377,1,1,1987,0,0,0,0,0,0,0,0,0,0
481377,2,1,1987,0,0,0,7,0,0,0,0,0,0
481378,1,1,1987,0,0,0,0,0,0,0,0,0,0
481378,2,1,1987,0,0,0,0,0,0,0,0,0,0
481379,1,1,1987,4,4,4,4,4,4,4,4,4,4
481380,1,1,1987,8,8,8,8,8,8,8,8,8,8
481380,2,1,1987,12,19,20,18,13,24,0,4,32,0
481381,1,1,1987,0,0,0,0,0,0,0,0,0,0
481382,1,1,1987,0,17,10,0,18,0,0,0,18,0
481382,2,1,1987,0,0,0,0,0,0,0,0,0,0
481383,1,1,1987,6,6,6,6,6,6,6,6,6,6
481383,2,1,1987,0,17,0,10,14,0,0,31,0,22
481384,0,1,1987,0,0,0,0,0,0,0,0,0,0
481384,1,1,1987,13,0,0,0,0,8,0,0,0,14
481385,0,1,1987,28,28,28,28,28,28,28,28,28,28
481385,1,1,1987,0,0,0,0,0,0,6,0,0,0
481386,1,1,1987,11,11,11,11,11,11,11,11,11,11
481387,0,1,1987,0,0,8,0,0,0,0,0,0,0
481387,1,1,1987,14,14,14,14,14,14,14,14,14,14
481388,1,1,1987,17,7,16,11,14,12,6,7,17,32
481388,2,1,1987,0,0,0,0,0,0,0,0,0,0
481389,1,1,1987,19,19,19,19,19,19,19,19,19,19
481390,1,1,1987,0,0,0,0,0,0,0,0,0,0
481390,2,1,1987,0,0,0,0,0,0,0,0,0,0
481391,1,1,1987,9,0,0,0,0,0,0,0,0,0
481391,2,1,1987,0,0,0,0,0,0,0,0,0,0
481392,1,1,1987,0,3,0,0,0,0,0,0,0,0
481392,2,1,1987,13,0,3,12,8,6,0,16,4,0
481393,0,1,1987,0,0,6,0,0,0,0,0,13,18
481393,1,1,1987,0,0,0,0,0,0,0,0,0,0
481394,1,1,1987,0,0,0,0,0,0,0,0,0,0
481395,1,1,1987,22,22,22,22,22,22,22,22,22,22
481396,1,1,1987,0,0,0,0,0,0,0,0,0,0
481396,2,1,1987,0,0,0,0,0,0,5,0,0,0
481397,1,1,1987,0,0,0,0,0,0,0,0,0,0
481397,2,1,1987,3,3,3,3,3,3,3,3,3,3
481398,1,1,1987,0,0,0,0,0,0,0,0,0,0
481399,0,1,1987,0,0,0,19,0,0,0,0,0,0
481399,1,1,1987,0,0,0,0,0,0,0,0,0,0
481400,1,1,1987,21,7,25,11,22,17,13,24,11,17
481401,1,1,1987,24,24,24,24,24,24,24,24,24,24
481402,1,1,1987,0,31,0,0,0,0,0,0,0,0
481403,0,1,1987,0,0,0,0,0,0,0,0,0,0
481403,1,1,1987,14,14,14,14,14,14,14,14,14,14
481404,1,1,1987,31,31,31,31,31,31,31,31,31,31
481405,1,1,1987,0,0,33,21,21,12,16,21,24,0
481406,1,1,1987,0,0,0,0,0,0,16,0,0,0
481406,2,1,1987,0,0,0,8,0,0,0,0,0,0
481407,1,1,1987,8,21,19,0,0,35,16,9,0,8
481408,1,1,1987,18,18,18,18,18,18,18,18,18,18
481409,1,1,1987,13,13,13,13,13,13,13,13,13,13
481410,1,1,1987,0,0,0,0,0,0,0,0,0,0
481410,2,1,1987,0,0,0,0,0,0,0,0,0,0
481411,0,1,1987,0,0,0,0,0,0,0,0,0,0
481411,1,1,1987,0,0,0,0,0,0,0,0,0,0
481412,1,1,1987,0,0,0,0,0,0,0,14,0,0
481413,0,1,1987,0,0,17,27,0,31,0,0,17,23
481413,1,1,1987,0,37,6,0,0,0,0,0,0,0
481414,1,1,1987,8,14,18,9,30,19,15,16,28,7
481415,1,1,1987,20,12,14,24,28,20,23,10,25,15
481416,1,1,1987,14,22,19,35,0,15,20,17,18,7
481416,2,1,1987,0,0,0,0,0,0,0,0,0,0
481417,1,1,1987,0,0,0,13,21,29,0,38,18,0
481418,1,1,1987,6,6,6,6,6,6,6,6,6,6
481419,1,1,1987,0,0,0,0,0,0,0,0,0,0
481419,2,1,1987,0,0,0,0,0,0,0,0,0,0
481420,0,1,1987,0,0,0,0,0,0,0,0,0,0
481420,1,1,1987,0,0,0,0,12,0,0,0,0,0
481421,1,1,1987,26,20,8,9,18,4,0,27,28,4
481422,1,1,1987,0,0,9,0,0,5,14,0,0,7
481423,0,1,1987,0,0,0,0,0,0,0,0,0,0
481423,1,1,1987,0,0,0,0,0,0,0,0,0,0
481424,1,1,1987,26,0,0,0,0,0,0,0,18,0
481424,2,1,1987,0,0,0,0,0,0,0,0,0,0
481425,1,1,1987,28,28,28,28,28,28,28,28,28,28
481426,1,1,1987,16,16,16,16,16,16,16,16,16,16
481426,2,1,1987,0,17,0,0,0,0,0,0,0,0
481427,0,1,1987,0,0,0,0,0,0,0,0,0,0
481427,1,1,1987,0,0,0,0,0,0,0,0,0,14
481428,1,1,1987,21,20,14,0,14,31,14,30,32,16
481429,1,1,1987,20,16,0,0,0,20,0,0,0,0
481429,2,1,1987,0,0,0,0,0,0,0,0,0,0
481429,3,1,1987,0,0,0,0,0,0,0,0,0,7
481430,1,1,1987,22,22,22,22,22,22,22,22,22,22
481430,2,1,1987,6,6,6,6,6,6,6,6,6,6
481431,1,1,1987,20,0,0,15,11,21,6,0,0,0
481432,1,1,1987,0,0,13,0,13,4,0,8,0,0
481433,1,1,1987,0,0,0,0,0,0,16,0,0,0
481433,2,1,1987,0,0,6,0,0,0,0,0,0,0
481434,1,1,1987,16,16,16,16,16,16,16,16,16,16
481434,2,1,1987,0,0,0,0,0,0,0,0,0,0
481435,1,1,1987,0,0,0,0,0,0,0,0,0,31
481436,1,1,1987,0,0,0,0,7,0,0,0,0,0
481436,2,1,1987,0,0,0,26,0,0,0,0,0,20
481437,1,1,1987,15,15,15,15,15,15,15,15,15,15
481437,2,1,1987,24,24,24,24,24,24,24,24,24,24
481437,3,1,1987,14,14,14,14,14,14,14,14,14,14
481438,1,1,1987,24,24,24,24,24,24,24,24,24,24
481439,0,1,1987,13,13,13,13,13,13,13,13,13,13
481439,1,1,1987,11,11,32,0,0,0,0,0,6,7
481440,1,1,1987,20,20,20,20,20,20,20,20,20,20
481441,0,1,1987,0,0,0,0,0,0,0,0,0,0
481441,1,1,1987,0,0,0,0,0,11,0,0,0,0
481442,1,1,1987,7,7,7,7,7,7,7,7,7,7
481442,2,1,1987,11,0,21,12,0,18,0,18,19,0
481443,0,1,1987,35,35,35,35,35,35,35,35,35,35
481443,1,1,1987,0,0,0,0,15,0,10,0,0,4
481444,0,1,1987,24,20,16,12,52,10,24,15,16,31
481444,1,1,1987,0,0,0,0,0,0,10,0,0,0
481445,1,1,1987,0,0,0,0,0,0,0,0,0,0
481445,2,1,1987,22,22,22,22,22,22,22,22,22,22
481446,0,1,1987,34,25,0,14,0,32,16,0,15,0
481446,1,1,1987,6,0,9,0,0,0,0,16,0,0
481447,0,1,1987,0,0,0,0,0,0,0,0,0,0
481447,1,1,1987,17,0,0,0,0,0,0,0,0,0
481448,1,1,1987,0,0,0,0,0,0,0,0,0,0
481448,2,1,1987,13,37,0,0,0,0,0,0,0,0
481449,0,1,1987,0,0,18,7,9,26,20,13,0,12
481449,1,1,1987,0,0,0,0,29,14,0,15,0,2
481450,1,1,1987,0,0,0,0,0,0,0,0,0,0
481450,2,1,1987,4,0,0,0,0,0,0,0,0,0
481451,1,1,1987,0,0,0,0,0,0,0,0,0,0
481451,2,1,1987,0,0,0,4,0,0,0,0,0,0
481451,3,1,1987,0,0,0,0,0,0,0,0,0,0
481452,0,1,1987,0,0,0,0,0,0,0,10,0,0
481452,1,1,1987,0,0,0,0,0,0,0,0,0,0
481453,1,1,1987,11,11,11,11,11,11,11,11,11,11
481454,1,1,1987,35,27,29,17,11,26,37,31,29,19
481455,1,1,1987,15,15,15,15,15,15,15,15,15,15
481456,1,1,1987,9,9,9,9,9,9,9,9,9,9
481456,2,1,1987,0,0,0,0,0,0,0,0,0,23
481457,0,1,1987,31,31,31,31,31,31,31,31,31,31
481457,1,1,1987,0,0,0,0,0,3,0,0,0,0
481458,1,1,1987,15,23,10,14,10,18,0,11,17,19
481458,2,1,1987,11,24,14,28,19,23,26,14,0,10
481459,1,1,1987,23,23,23,23,23,23,23,23,23,23
481460,1,1,1987,0,0,0,0,0,0,0,0,0,0
481461,1,1,1987,18,18,18,18,18,18,18,18,18,18
481462,1,1,1987,14,0,0,0,0,0,0,0,0,0
481463,1,1,1987,0,0,23,11,0,6,0,30,0,0
481463,2,1,1987,0,0,11,0,0,0,0,15,0,0
481463,3,1,1987,0,0,0,14,18,18,15,15,0,0
481463,4,1,1987,0,0,0,0,0,0,0,0,4,5
481464,1,1,1987,0,0,0,0,15,0,0,0,6,16
481464,2,1,1987,0,0,0,0,15,0,20,0,0,0
481465,1,1,1987,0,0,0,0,0,0,0,0,0,0
481465,2,1,1987,0,0,0,0,0,0,0,0,0,0
481466,1,1,1987,12,12,12,12,12,12,12,12,12,12
481466,2,1,1987,5,5,5,5,5,5,5,5,5,5
481467,1,1,1987,0,0,0,0,0,0,0,0,0,0
481468,1,1,1987,0,0,0,0,0,0,0,0,0,0
481468,2,1,1987,0,0,0,0,0,0,0,11,14,0
481469,1,1,1987,0,0,0,0,0,0,0,0,0,0
481470,1,1,1987,18,0,0,0,0,0,0,0,6,19
481471,1,1,1987,16,13,11,4,21,0,16,10,19,10
481472,1,1,1987,0,0,0,0,0,0,0,0,0,0
481473,0,1,1987,26,26,26,26,26,26,26,26,26,26
481473,1,1,1987,0,0,0,0,0,15,0,18,0,0
481474,1,1,1987,4,4,4,4,4,4,4,4,4,4
481475,1,1,1987,31,31,31,31,31,31,31,31,31,31
481476,1,1,1987,20,0,0,19,0,0,0,0,0,12
481476,2,1,1987,4,4,4,4,4,4,4,4,4,4
481477,0,1,1987,28,9,24,36,14,26,8,16,11,20
481477,1,1,1987,0,0,0,11,0,0,0,18,0,13
481478,1,1,1987,0,0,13,0,30,0,0,0,0,0
481479,0,1,1987,38,38,38,38,38,38,38,38,38,38
481479,1,1,1987,7,1,39,25,0,14,0,0,11,30
481480,1,1,1987,0,0,0,0,0,0,0,0,0,0
481480,2,1,1987,9,9,9,9,9,9,9,9,9,9
481480,3,1,1987,0,12,0,15,0,0,0,0,0,0
481481,1,1,1987,0,17,31,0,14,0,33,0,30,0
481482,1,1,1987,31,31,31,31,31,31,31,31,31,31
481483,0,1,1987,0,0,0,18,0,0,0,0,0,16
481483,1,1,1987,0,0,0,0,0,0,0,0,0,0
481484,1,1,1987,12,12,12,12,12,12,12,12,12,12
481484,2,1,1987,0,0,0,0,7,0,0,0,0,0
481484,3,1,1987,0,0,0,0,0,0,0,0,0,0
481485,1,1,1987,11,11,11,11,11,11,11,11,11,11
481486,1,1,1987,0,0,0,0,0,0,0,0,0,0
481487,1,1,1987,17,17,17,17,17,17,17,17,17,17
481488,1,1,1987,0,0,25,0,0,0,0,0,32,0
481488,2,1,1987,0,0,0,0,0,0,0,0,0,0
481489,1,1,1987,17,0,0,17,8,11,0,0,0,6
481490,1,1,1987,18,18,18,18,18,18,18,18,18,18
481490,2,1,1987,9,9,9,9,9,9,9,9,9,9
481491,1,1,1987,16,16,16,16,16,16,16,16,16,16
481492,1,1,1987,11,11,11,11,11,11,11,11,11,11
481493,1,1,1987,18,18,18,18,18,18,18,18,18,18
481493,2,1,1987,0,0,0,0,0,0,21,0,20,19
481493,3,1,1987,0,0,0,0,0,0,0,0,0,0
481494,1,1,1987,14,14,34,18,20,23,19,42,10,25
481495,1,1,1987,9,9,9,9,9,9,9,9,9,9
481495,2,1,1987,0,0,0,0,0,0,0,0,0,0
481496,1,1,1987,0,0,0,0,0,0,0,0,0,0
481496,2,1,1987,0,0,0,0,0,0,0,0,0,0
481497,1,1,1987,0,0,0,0,0,0,0,0,0,0
481497,2,1,1987,0,0,0,0,0,0,8,0,0,0
481498,1,1,1987,0,0,0,0,23,3,0,0,0,0
481499,1,1,1987,0,0,6,0,0,0,0,0,0,0
481499,2,1,1987,0,0,0,0,0,0,0,0,0,0
481500,0,1,1987,0,0,0,0,0,0,0,0,0,0
481500,1,1,1987,3,7,21,15,0,10,8,8,22,9
481501,1,1,1987,19,19,19,19,19,19,19,19,19,19
481501,2,1,1987,17,17,17,17,17,17,17,17,17,17
481502,1,1,1987,23,23,23,23,23,23,23,23,23,23
481502,2,1,1987,0,0,0,0,0,0,0,0,0,0
481503,1,1,1987,20,20,20,20,20,20,20,20,20,20
481504,1,1,1987,0,0,19,0,18,0,0,14,0,0
481504,2,1,1987,0,0,0,0,0,13,0,21,0,0
481505,0,1,1987,0,20,0,0,21,0,0,0,28,0
481505,1,1,1987,0,0,0,0,0,0,0,0,0,0
481506,1,1,1987,0,0,31,0,13,0,0,11,0,13
481507,0,1,1987,0,0,0,0,0,0,0,0,0,0
481507,1,1,1987,16,16,16,16,16,16,16,16,16,16
481508,0,1,1987,11,24,33,0,0,39,11,0,37,22
481508,0,2,1987,12,33,0,0,0,13,4,0,10,8
481508,1,1,1987,0,0,0,0,0,0,0,0,0,9
481509,1,1,1987,0,0,10,0,0,0,0,0,0,0
481509,2,1,1987,0,0,0,14,4,0,0,0,0,0
481510,1,1,1987,15,15,15,15,15,15,15,15,15,15
481511,1,1,1987,1,1,1,1,1,1,1,1,1,1
481511,2,1,1987,10,10,10,10,10,10,10,10,10,10
481512,1,1,1987,5,8,11,9,0,21,12,0,0,0
481513,2,1,1987,20,20,20,20,20,20,20,20,20,20
481514,1,1,1987,25,25,25,25,25,25,25,25,25,25
481514,2,1,1987,0,0,0,0,0,0,0,0,0,0
481515,0,1,1987,35,18,10,26,25,12,26,39,18,19
481515,0,2,1987,17,12,0,0,11,14,0,23,10,7
481515,1,1,1987,8,0,0,19,0,26,0,0,13,0
481516,0,1,1987,21,25,25,28,17,18,12,5,24,28
481516,1,1,1987,0,0,0,0,0,0,0,0,0,0
481517,1,1,1987,27,48,17,19,22,13,25,38,22,12
481518,1,1,1987,28,28,28,28,28,28,28,28,28,28
481519,1,1,1987,28,28,28,28,28,28,28,28,28,28
481520,1,1,1987,13,13,13,13,13,13,13,13,13,13
481521,1,1,1987,13,13,13,13,13,13,13,13,13,13
481522,1,1,1987,0,0,0,0,0,0,0,0,0,0
481522,2,1,1987,0,0,0,0,0,0,0,0,0,0
481523,1,1,1987,0,13,0,0,0,0,10,0,0,0
481523,2,1,1987,14,12,0,13,0,4,39,5,0,21
481524,0,1,1987,0,0,0,0,0,0,0,0,0,0
481524,1,1,1987,0,0,0,0,0,0,0,0,0,0
481525,1,1,1987,0,0,14,9,20,0,7,18,0,5
481525,2,1,1987,0,0,0,0,0,0,0,0,0,0
481526,0,1,1987,0,0,0,0,0,0,0,0,0,0
481526,1,1,1987,0,0,0,0,0,0,0,0,0,0
481527,0,1,1987,0,0,0,0,0,0,0,0,0,0
481527,1,1,1987,0,0,0,0,0,0,0,0,0,0
481528,1,1,1987,3,3,3,3,3,3,3,3,3,3
481529,1,1,1987,15,15,15,15,15,15,15,15,15,15
481530,1,1,1987,11,11,11,11,11,11,11,11,11,11
481530,2,1,1987,0,0,0,0,0,0,0,0,0,0
481530,3,1,1987,0,0,10,0,0,0,0,0,7,0
481531,1,1,1987,22,0,2,0,6,7,0,8,19,2
481531,2,1,1987,0,0,0,0,0,0,0,0,0,0
481532,1,1,1987,0,0,0,11,8,0,0,0,0,0
481533,1,1,1987,1,12,0,0,16,0,0,0,12,20
481533,2,1,1987,0,11,13,8,40,4,14,0,0,0
481534,1,1,1987,0,0,0,14,0,0,0,0,16,0
481535,1,1,1987,13,25,21,31,19,22,25,34,24,23
481536,0,1,1987,16,16,16,16,16,16,16,16,16,16
481536,1,1,1987,0,0,0,0,0,0,0,0,9,13
481537,1,1,1987,41,41,41,41,41,41,41,41,41,41
481538,1,1,1987,0,0,0,0,0,0,0,0,0,0
481539,1,1,1987,0,0,0,0,0,0,0,0,0,0
481540,1,1,1987,8,8,8,8,8,8,8,8,8,8
481541,1,1,1987,20,0,17,17,0,0,0,0,21,0
481541,2,1,1987,0,0,0,0,0,0,0,0,0,0
481542,1,1,1987,19,19,19,19,19,19,19,19,19,19
481542,2,1,1987,5,5,5,5,5,5,5,5,5,5
481543,1,1,1987,0,0,0,0,0,0,0,0,0,0
481544,1,1,1987,13,13,13,13,13,13,13,13,13,13
481545,1,1,1987,0,10,0,0,0,0,0,0,0,0
481545,2,1,1987,0,0,0,0,0,0,0,0,22,0
481546,1,1,1987,0,0,0,0,0,0,0,0,0,0
481546,2,1,1987,0,0,0,0,0,0,0,0,0,0
481547,1,1,1987,21,21,21,21,21,21,21,21,21,21
481547,2,1,1987,0,0,0,0,0,0,0,0,0,0
481548,1,1,1987,7,0,0,17,0,0,0,0,0,0
481548,2,1,1987,0,0,0,0,0,0,0,0,0,0
481549,0,1,1987,0,0,0,0,0,0,0,0,0,8
481549,1,1,1987,0,0,0,0,0,0,0,0,0,0
481550,1,1,1987,0,9,21,25,0,21,11,13,16,8
481551,1,1,1987,0,0,0,0,0,0,0,0,0,0
481552,1,1,1987,0,0,0,0,0,0,0,0,0,0
481553,1,1,1987,0,0,0,0,0,0,0,0,0,0
481553,2,1,1987,0,0,0,0,0,0,0,0,0,0
481553,3,1,1987,0,0,0,0,9,0,13,0,0,0
481554,0,1,1987,0,0,0,0,0,0,0,0,0,0
481554,1,1,1987,23,0,20,0,0,9,0,9,0,0
481555,1,1,1987,14,14,14,14,14,14,14,14,14,14
481556,1,1,1987,9,16,8,10,0,11,14,11,3,15
481556,2,1,1987,0,0,0,0,0,0,30,0,0,0
481557,1,1,1987,0,0,13,0,0,0,17,0,0,0
481558,1,1,1987,27,27,27,27,27,27,27,27,27,27
481559,1,1,1987,0,0,0,0,0,0,0,3,0,0
481559,2,1,1987,15,4,0,0,0,0,0,0,0,0
481560,0,1,1987,0,0,0,0,0,0,0,0,0,0
481560,1,1,1987,5,9,0,10,0,0,0,0,0,0
481561,0,1,1987,24,24,24,24,24,24,24,24,24,24
481561,1,1,1987,0,0,14,16,0,12,0,0,8,5
481562,0,1,1987,0,0,0,0,0,0,0,0,0,0
481562,1,1,1987,0,0,3,0,0,0,0,0,0,0
481563,1,1,1987,17,19,6,10,16,15,24,6,17,8
481564,1,1,1987,16,16,16,16,16,16,16,16,16,16
481565,0,1,1987,10,10,10,10,10,10,10,10,10,10
481565,1,1,1987,0,0,11,0,0,0,0,17,0,0
481566,1,1,1987,0,20,0,0,0,5,7,13,0,0
481567,1,1,1987,12,11,9,18,4,19,21,19,9,14
481568,1,1,1987,0,0,0,0,0,0,0,0,0,0
481569,1,1,1987,2,18,8,18,12,11,14,23,8,9
481569,2,1,1987,17,8,7,0,0,0,14,0,0,0
481569,3,1,1987,6,12,22,0,8,0,28,0,0,0
481570,1,1,1987,27,27,27,27,27,27,27,27,27,27
481571,1,1,1987,15,39,30,27,15,30,0,17,15,6
481572,0,1,1987,0,0,0,0,0,0,0,0,0,0
481572,1,1,1987,0,0,0,0,0,0,0,0,0,0
481573,1,1,1987,15,0,0,0,0,0,0,0,0,0
481574,1,1,1987,0,0,0,0,0,0,0,0,0,0
481574,2,1,1987,0,0,0,0,0,0,0,0,0,0
481575,0,1,1987,0,0,0,0,0,0,0,0,0,0
481575,1,1,1987,18,0,9,0,0,0,10,0,0,0
481576,1,1,1987,24,22,19,20,32,32,12,14,23,31
481577,1,1,1987,0,0,0,0,0,0,0,0,0,0
481577,2,1,1987,18,14,17,0,31,18,25,0,20,34
481578,1,1,1987,14,14,14,14,14,14,14,14,14,14
481579,1,1,1987,14,14,14,14,14,14,14,14,14,14
481580,1,1,1987,3,3,3,3,3,3,3,3,3,3
481581,0,1,1987,0,16,17,33,28,41,26,40,29,19
481581,1,1,1987,15,26,28,0,0,19,0,0,0,0
481582,1,1,1987,0,0,0,0,0,0,0,0,0,0
481582,2,1,1987,0,0,16,0,0,0,0,0,0,25
481583,1,1,1987,0,0,20,0,0,0,0,0,0,19
481583,2,1,1987,0,0,0,0,0,0,0,0,0,0
481584,1,1,1987,0,0,0,0,0,0,0,0,0,0
481584,2,1,1987,0,0,0,0,0,0,0,12,0,0
481585,1,1,1987,13,16,0,21,0,29,0,22,36,24
481586,1,1,1987,0,15,0,0,7,0,0,0,0,0
481587,1,1,1987,16,16,16,16,16,16,16,16,16,16
481588,1,1,1987,25,14,8,0,0,0,0,0,0,0
481588,2,1,1987,27,27,27,27,27,27,27,27,27,27
481589,1,1,1987,0,0,24,15,14,10,22,18,10,0
481590,1,1,1987,0,6,0,9,7,0,0,16,0,0
481591,1,1,1987,14,21,20,25,40,6,18,13,22,40
481592,1,1,1987,0,0,0,0,0,0,0,0,0,0
481593,1,1,1987,0,0,0,0,0,0,0,0,0,0
481593,2,1,1987,5,5,5,5,5,5,5,5,5,5
481594,1,1,1987,0,0,0,7,0,0,0,0,28,0
481594,2,1,1987,0,0,0,0,0,0,0,0,0,0
481595,1,1,1987,18,18,18,18,18,18,18,18,18,18
481596,0,1,1987,5,21,23,0,0,17,33,35,0,16
481596,1,1,1987,19,23,11,9,0,0,0,0,0,27
481597,1,1,1987,0,0,0,0,0,0,0,0,0,0
481597,2,1,1987,21,21,21,21,21,21,21,21,21,21
481598,1,1,1987,0,0,0,0,0,0,0,0,0,0
481598,2,1,1987,0,0,0,0,0,4,0,0,0,0
481599,1,1,1987,9,22,0,20,14,17,24,21,29,0
481600,0,1,1987,30,20,25,43,54,40,28,23,17,38
481600,1,1,1987,0,34,0,0,0,0,0,0,0,0
481601,1,1,1987,0,0,0,0,0,0,0,0,0,0
481601,2,1,1987,0,0,12,0,10,0,0,0,0,0
481602,1,1,1987,42,21,0,32,27,30,0,16,36,21
481603,1,1,1987,0,0,0,0,0,0,0,0,0,0
481603,2,1,1987,0,0,24,0,0,0,0,0,0,0
481604,1,1,1987,3,0,23,30,7,0,10,0,23,0
481605,1,1,1987,0,0,0,0,22,4,0,21,0,0
481606,0,1,1987,0,0,0,0,0,0,0,0,0,0
481606,1,1,1987,0,0,0,0,0,0,0,0,0,0
481607,1,1,1987,0,0,0,0,0,0,0,0,0,0
481608,1,1,1987,23,29,6,33,13,18,35,18,27,4
481609,0,1,1987,12,12,12,12,12,12,12,12,12,12
481609,1,1,1987,0,0,33,25,0,34,0,12,0,0
481610,1,1,1987,10,10,10,10,10,10,10,10,10,10
481611,0,1,1987,14,14,14,14,14,14,14,14,14,14
481611,1,1,1987,0,0,26,0,0,10,6,0,0,0
481612,1,1,1987,12,0,0,0,0,0,12,0,0,0
481613,1,1,1987,15,27,27,14,5,25,12,17,24,12