ST_CASE,VEH_NO,PER_NO,YEAR,P1,P2,P3,P4,P5,P6,P7,P8,P9,P10
481898,1,1,1987,25,0,0,25,0,4,0,0,23,17
481899,1,1,1987,0,0,0,0,0,0,0,0,22,0
481899,2,1,1987,0,0,0,0,0,0,0,0,0,0
481900,1,1,1987,0,0,0,0,0,0,0,0,0,0
481901,1,1,1987,0,31,0,10,0,0,0,14,0,0
481902,1,1,1987,0,0,0,0,0,0,0,2,0,5
481902,2,1,1987,0,20,0,0,0,0,0,0,0,0
481902,3,1,1987,0,0,0,0,0,0,0,0,0,0
481903,1,1,1987,0,0,0,0,0,0,0,0,0,0
481904,1,1,1987,0,0,0,0,0,0,0,0,0,0
481905,1,1,1987,13,10,3,12,11,17,0,16,0,11
481905,2,1,1987,8,18,0,0,0,0,0,20,9,0
481906,1,1,1987,0,0,0,0,0,0,0,0,17,0
481906,2,1,1987,0,0,0,0,0,0,0,0,0,0
481907,0,1,1987,20,20,20,20,20,20,20,20,20,20
481907,1,1,1987,22,22,22,22,22,22,22,22,22,22
481908,1,1,1987,1,1,1,1,1,1,1,1,1,1
481908,2,1,1987,18,18,18,18,18,18,18,18,18,18
481909,1,1,1987,22,22,22,22,22,22,22,22,22,22
481910,1,1,1987,13,13,13,13,13,13,13,13,13,13
481911,1,1,1987,32,32,32,32,32,32,32,32,32,32
481912,1,1,1987,0,0,0,0,0,0,0,0,0,0
481912,2,1,1987,0,0,0,0,0,0,0,0,0,0
481913,1,1,1987,23,23,23,23,23,23,23,23,23,23
481914,0,1,1987,23,23,23,23,23,23,23,23,23,23
481914,1,1,1987,8,0,0,0,0,0,0,0,0,0
481915,1,1,1987,0,0,0,0,0,0,0,0,0,21
481915,2,1,1987,0,0,0,0,0,0,0,9,0,0
481916,1,1,1987,0,0,0,0,0,0,0,0,0,0
481916,2,1,1987,30,6,0,0,0,0,0,0,0,0
481917,1,1,1987,22,22,22,22,22,22,22,22,22,22
481918,1,1,1987,25,9,42,12,22,24,9,20,10,23
481919,1,1,1987,9,0,6,7,12,25,0,18,13,14
481920,1,1,1987,13,13,13,13,13,13,13,13,13,13
481920,2,1,1987,0,0,0,0,0,0,0,0,0,0
481921,1,1,1987,12,0,10,21,2,0,0,36,10,0
481922,1,1,1987,0,29,0,0,0,0,24,17,0,0
481922,2,1,1987,0,13,0,0,0,8,0,0,0,0
481923,1,1,1987,23,23,23,23,23,23,23,23,23,23
481924,1,1,1987,10,10,10,10,10,10,10,10,10,10
481925,0,1,1987,0,0,0,0,0,0,0,0,0,0
481925,1,1,1987,0,0,0,0,21,0,0,0,0,0
481926,1,1,1987,26,26,26,26,26,26,26,26,26,26
481926,2,1,1987,0,0,0,0,0,0,0,0,0,0
481927,1,1,1987,3,3,3,3,3,3,3,3,3,3
481928,1,1,1987,0,0,0,0,0,0,0,0,0,0
481928,2,1,1987,6,0,0,0,0,0,0,0,0,0
481929,1,1,1987,0,0,18,7,5,6,0,0,0,0
481929,2,1,1987,0,0,0,0,0,0,0,0,0,0
481930,1,1,1987,0,9,0,0,0,0,15,0,0,26
481931,0,1,1987,0,0,0,0,0,7,35,0,0,0
481931,1,1,1987,0,0,20,0,11,9,0,0,9,0
481932,1,1,1987,0,0,0,0,0,8,0,0,9,0
481932,2,1,1987,0,0,0,0,0,0,0,0,0,0
481933,0,1,1987,0,0,0,0,0,0,0,0,0,0
481933,1,1,1987,0,0,0,0,0,9,0,0,0,0
481934,0,1,1987,0,39,0,0,23,32,0,0,19,0
481934,0,2,1987,12,24,30,0,7,0,22,28,24,2
481934,1,1,1987,14,14,14,14,14,14,14,14,14,14
481935,0,1,1987,6,6,6,6,6,6,6,6,6,6
481935,1,1,1987,17,0,0,0,0,0,20,0,0,0
481935,2,1,1987,0,0,0,7,0,33,13,0,0,0
481936,1,1,1987,5,0,0,0,0,0,0,12,0,0
481936,2,1,1987,0,0,0,0,0,0,0,7,0,0
481937,1,1,1987,0,0,0,0,0,15,8,0,0,0
481937,2,1,1987,0,0,0,0,0,11,27,10,0,0
481938,1,1,1987,0,0,0,0,0,0,0,0,0,0
481938,2,1,1987,0,0,0,0,0,0,0,0,0,0
481939,1,1,1987,22,22,22,22,22,22,22,22,22,22
481940,1,1,1987,0,0,0,0,0,0,0,0,0,0
481940,2,1,1987,0,0,9,0,15,19,0,0,0,0
481941,1,1,1987,0,12,7,0,0,0,0,0,0,0
481942,0,1,1987,31,31,31,31,31,31,31,31,31,31
481942,1,1,1987,0,0,0,0,13,0,0,0,0,9
481943,1,1,1987,15,15,15,15,15,15,15,15,15,15
481944,1,1,1987,0,0,0,0,15,0,0,0,7,0
481944,2,1,1987,13,14,6,0,0,0,14,28,0,0
481945,1,1,1987,18,18,18,18,18,18,18,18,18,18
481945,2,1,1987,3,3,3,3,3,3,3,3,3,3
481946,1,1,1987,15,39,11,32,32,16,11,10,25,41
481947,0,1,1987,15,0,0,0,0,0,20,25,19,35
481947,1,1,1987,26,12,11,0,0,0,33,0,0,0
481948,1,1,1987,0,0,0,0,0,0,0,0,0,0
481948,2,1,1987,0,0,0,0,0,0,0,0,0,0
481949,1,1,1987,0,0,0,0,0,0,0,0,0,0
481950,1,1,1987,0,0,0,0,0,0,0,0,0,0
481951,1,1,1987,0,0,0,0,0,0,0,0,0,0
481952,1,1,1987,21,21,21,21,21,21,21,21,21,21
481952,2,1,1987,0,0,0,0,0,0,0,0,0,0
481953,1,1,1987,13,13,13,13,13,13,13,13,13,13
481954,1,1,1987,26,26,26,26,26,26,26,26,26,26
481955,1,1,1987,34,34,34,34,34,34,34,34,34,34
481955,2,1,1987,9,0,0,0,0,0,0,0,0,0
481956,1,1,1987,0,0,0,0,0,0,0,0,0,0
481956,2,1,1987,0,0,0,0,0,0,0,0,0,0
481957,1,1,1987,11,11,11,11,11,11,11,11,11,11
481958,0,1,1987,21,0,0,0,0,0,0,14,0,0
481958,1,1,1987,8,8,8,8,8,8,8,8,8,8
481959,1,1,1987,8,8,8,8,8,8,8,8,8,8
481959,2,1,1987,0,0,0,0,0,0,0,0,0,0
481960,1,1,1987,5,5,5,5,5,5,5,5,5,5
481960,2,1,1987,0,0,0,0,0,0,0,0,0,0
481961,1,1,1987,14,14,14,14,14,14,14,14,14,14
481962,0,1,1987,0,3,16,0,11,34,26,0,0,23
481962,1,1,1987,11,12,0,3,10,0,0,0,23,22
481963,1,1,1987,7,7,7,7,7,7,7,7,7,7
481964,1,1,1987,0,0,0,0,0,0,0,0,0,0
481964,2,1,1987,14,14,14,14,14,14,14,14,14,14
481964,3,1,1987,0,0,0,0,0,0,0,0,0,0
481965,0,1,1987,0,0,0,0,0,0,0,0,0,0
481965,0,2,1987,0,0,4,11,12,0,21,13,8,0
481965,1,1,1987,5,5,5,5,5,5,5,5,5,5
481966,1,1,1987,13,13,13,13,13,13,13,13,13,13
481967,1,1,1987,0,0,0,0,0,0,0,0,0,0
481968,1,1,1987,0,22,0,0,0,13,7,0,22,0
481968,2,1,1987,16,16,16,16,16,16,16,16,16,16
481969,1,1,1987,0,0,0,0,0,16,0,0,0,7
481969,2,1,1987,25,25,25,25,25,25,25,25,25,25
481970,1,1,1987,9,9,9,9,9,9,9,9,9,9
481971,1,1,1987,0,0,0,0,0,0,0,0,0,0
481971,2,1,1987,0,0,0,0,0,0,0,0,0,0
481972,1,1,1987,6,6,6,6,6,6,6,6,6,6
481973,1,1,1987,16,16,16,16,16,16,16,16,16,16
481974,1,1,1987,16,0,12,16,26,12,36,11,10,20
481975,1,1,1987,23,23,23,23,23,23,23,23,23,23
481976,1,1,1987,11,11,11,11,11,11,11,11,11,11
481977,1,1,1987,18,18,18,18,18,18,18,18,18,18
481977,2,1,1987,0,0,0,0,0,0,0,0,0,0
481978,1,1,1987,10,10,10,10,10,10,10,10,10,10
481979,1,1,1987,0,0,0,0,0,0,0,0,0,0
481980,0,1,1987,13,13,13,13,13,13,13,13,13,13
481980,1,1,1987,0,0,0,0,0,0,0,14,13,0
481981,0,1,1987,16,16,16,16,16,16,16,16,16,16
481981,1,1,1987,10,0,0,0,0,0,0,0,0,0
481982,1,1,1987,39,39,39,39,39,39,39,39,39,39
481983,0,1,1987,0,0,0,0,0,0,19,0,0,0
481983,1,1,1987,0,0,0,0,0,0,0,0,0,0
481984,0,1,1987,0,0,2,0,0,15,0,0,0,0
481984,1,1,1987,0,0,18,14,0,0,0,0,16,21
481985,1,1,1987,17,17,17,17,17,17,17,17,17,17
481986,0,1,1987,12,12,12,12,12,12,12,12,12,12
481986,1,1,1987,5,0,0,0,0,23,0,0,24,0
481987,1,1,1987,11,11,11,11,11,11,11,11,11,11
481988,1,1,1987,15,15,15,15,15,15,15,15,15,15
481988,2,1,1987,0,0,0,0,0,0,0,0,0,0
481989,1,1,1987,0,0,0,0,0,0,0,0,0,0
481990,1,1,1987,24,24,24,24,24,24,24,24,24,24
481991,0,1,1987,18,18,18,18,18,18,18,18,18,18
481991,1,1,1987,0,9,0,0,0,0,4,8,0,12
481992,1,1,1987,13,13,13,13,13,13,13,13,13,13
481993,1,1,1987,0,0,0,30,0,10,16,21,0,0
481994,1,1,1987,0,0,0,0,0,0,0,0,0,0
481995,0,1,1987,23,15,0,0,0,42,8,0,0,0
481995,1,1,1987,0,0,0,6,0,0,26,26,27,0
481996,0,1,1987,0,0,0,0,0,0,0,0,0,0
481996,1,1,1987,0,0,14,0,5,0,0,0,0,0
481997,1,1,1987,0,0,0,0,18,6,0,0,4,0
481997,2,1,1987,0,0,4,0,0,20,0,0,0,0
481998,0,1,1987,0,3,0,0,7,0,0,0,0,0
481998,1,1,1987,25,25,25,25,25,25,25,25,25,25
481999,1,1,1987,17,17,17,17,17,17,17,17,17,17
482000,0,1,1987,0,0,28,21,13,0,0,0,52,26
482000,1,1,1987,0,0,0,11,0,0,14,0,0,0
482001,1,1,1987,0,0,0,0,0,0,0,0,0,0
482001,2,1,1987,0,0,0,0,0,0,0,0,0,0
482002,1,1,1987,0,0,0,0,9,0,0,0,0,0
482002,2,1,1987,13,0,10,0,0,0,2,0,16,0
482003,1,1,1987,8,0,0,0,0,0,0,0,0,0
482003,2,1,1987,0,0,0,0,0,0,0,0,0,0
482003,3,1,1987,0,0,0,0,0,0,0,0,0,0
482004,1,1,1987,17,0,0,0,22,17,8,0,25,0
482004,2,1,1987,0,0,0,0,0,0,0,12,0,0
482005,1,1,1987,0,0,0,0,0,0,0,0,0,0
482006,1,1,1987,21,21,21,21,21,21,21,21,21,21
482007,1,1,1987,0,0,0,0,0,0,0,0,0,0
482008,0,1,1987,0,0,0,0,0,0,0,0,0,0
482008,1,1,1987,0,0,0,0,0,0,0,0,0,0
482008,2,1,1987,0,0,0,0,0,0,0,0,0,0
482009,1,1,1987,30,30,30,30,30,30,30,30,30,30
482010,1,1,1987,5,5,5,5,5,5,5,5,5,5
482011,1,1,1987,0,0,0,0,0,0,0,0,0,0
482011,2,1,1987,0,18,18,0,13,13,0,21,0,19
482012,1,1,1987,22,22,22,22,22,22,22,22,22,22
482012,2,1,1987,0,26,0,0,0,0,12,0,0,13
482013,0,1,1987,0,0,0,0,0,0,0,0,0,0
482013,1,1,1987,0,0,0,0,0,0,0,0,0,0
482014,1,1,1987,11,11,11,11,11,11,11,11,11,11
482015,0,1,1987,0,0,0,0,0,0,0,0,0,0
482015,1,1,1987,0,0,0,0,0,0,0,0,0,0
482016,0,1,1987,0,0,0,0,0,0,0,0,0,0
482016,1,1,1987,0,0,0,0,0,0,0,0,12,0
482017,1,1,1987,8,0,0,0,0,0,0,0,0,19
482017,2,1,1987,13,13,13,13,13,13,13,13,13,13
482018,1,1,1987,0,0,0,0,0,0,0,0,0,0
482018,2,1,1987,0,5,6,44,7,11,0,14,17,0
482019,0,1,1987,0,0,0,0,0,0,0,0,0,0
482019,1,1,1987,0,0,0,0,0,0,0,0,0,0
482020,1,1,1987,22,22,22,22,22,22,22,22,22,22
482020,2,1,1987,0,0,0,21,0,0,0,0,0,0
482021,1,1,1987,0,0,0,0,0,0,0,0,0,0
482021,2,1,1987,23,23,23,23,23,23,23,23,23,23
482022,1,1,1987,0,0,0,0,0,0,0,0,0,0
482023,1,1,1987,21,21,21,21,21,21,21,21,21,21
482023,2,1,1987,0,0,7,0,0,0,0,0,0,0
482023,3,1,1987,0,14,0,0,13,0,0,0,0,0
482024,1,1,1987,0,0,0,0,0,19,0,0,0,0
482024,2,1,1987,14,0,0,0,0,0,13,9,0,0
482025,1,1,1987,0,0,10,13,20,0,7,21,0,26
482026,1,1,1987,10,10,10,10,10,10,10,10,10,10
482027,1,1,1987,25,25,25,25,25,25,25,25,25,25
482027,2,1,1987,12,0,0,0,0,7,6,0,21,0
482027,3,1,1987,8,0,0,22,11,0,0,0,20,0
482028,1,1,1987,0,0,0,0,0,0,0,0,0,0
482029,1,1,1987,20,0,18,0,0,16,0,0,0,9
482030,1,1,1987,0,0,0,0,7,0,0,0,0,0
482030,2,1,1987,0,0,0,0,9,11,0,0,0,0
482030,3,1,1987,0,0,0,0,8,23,0,0,0,0
482031,1,1,1987,28,28,28,28,28,28,28,28,28,28
482032,1,1,1987,13,13,13,13,13,13,13,13,13,13
482033,1,1,1987,0,0,0,0,0,0,0,0,0,0
482034,0,1,1987,22,22,22,22,22,22,22,22,22,22
482034,1,1,1987,0,0,0,0,0,0,0,0,0,0
482035,0,1,1987,0,0,0,0,0,0,0,0,0,0
482035,1,1,1987,0,0,0,0,0,0,0,0,0,0
482036,0,1,1987,28,28,28,28,28,28,28,28,28,28
482036,1,1,1987,0,0,0,0,0,0,0,0,0,0
482037,1,1,1987,15,15,15,15,15,15,15,15,15,15
482038,1,1,1987,0,0,0,0,0,0,0,0,0,0
482039,1,1,1987,20,20,20,20,20,20,20,20,20,20
482040,1,1,1987,5,9,18,15,29,12,25,8,22,5
482040,2,1,1987,0,0,0,0,0,0,0,0,0,0
482041,1,1,1987,19,19,19,19,19,19,19,19,19,19
482042,1,1,1987,0,0,0,0,0,12,0,0,0,0
482043,1,1,1987,0,20,0,0,10,0,0,0,14,14
482044,0,1,1987,30,30,30,30,30,30,30,30,30,30
482044,1,1,1987,0,0,0,0,0,0,0,0,0,0
482045,1,1,1987,10,10,10,10,10,10,10,10,10,10
482045,2,1,1987,0,0,11,20,9,2,6,0,3,0
482046,1,1,1987,12,12,12,12,12,12,12,12,12,12
482047,1,1,1987,23,16,7,19,14,21,3,12,12,6
482048,1,1,1987,4,4,4,4,4,4,4,4,4,4
482048,2,1,1987,23,23,26,12,10,15,21,24,27,9
482049,1,1,1987,0,0,0,0,0,0,0,0,0,0
482049,2,1,1987,0,0,0,0,0,0,0,0,0,0
482050,1,1,1987,13,28,25,16,29,14,14,29,14,6
482051,1,1,1987,0,0,14,0,0,0,0,0,7,0
482052,1,1,1987,0,0,0,0,0,11,0,0,14,0
482053,1,1,1987,38,38,38,38,38,38,38,38,38,38
482054,0,1,1987,0,0,12,0,0,4,0,0,0,0
482054,1,1,1987,0,0,24,0,0,20,0,15,4,8
482055,1,1,1987,0,0,0,0,0,0,0,0,0,0
482055,2,1,1987,0,0,0,0,15,0,0,0,0,0
482056,1,1,1987,0,0,0,0,0,0,0,0,0,3
482056,2,1,1987,0,0,0,0,0,0,0,0,0,0
482057,1,1,1987,26,26,26,26,26,26,26,26,26,26
482057,2,1,1987,0,0,0,0,0,0,0,0,0,0
482058,1,1,1987,0,0,0,0,0,13,18,0,0,0
482059,1,1,1987,18,18,18,18,18,18,18,18,18,18
482059,2,1,1987,0,0,0,0,0,3,0,0,0,7
482060,1,1,1987,0,6,0,0,0,0,0,0,0,22
482061,1,1,1987,0,0,0,0,0,2,0,0,0,0
482061,2,1,1987,0,0,0,0,0,0,0,0,0,0
482062,1,1,1987,0,0,0,0,0,0,0,15,0,0
482062,2,1,1987,0,0,0,0,0,0,0,0,0,0
482063,0,1,1987,0,0,0,0,0,0,0,0,0,0
482063,1,1,1987,0,0,0,0,0,0,0,0,0,0
482064,0,1,1987,0,0,0,0,0,0,0,0,0,0
482064,1,1,1987,0,0,0,0,0,0,0,0,0,0
482065,1,1,1987,0,0,0,0,0,0,14,0,11,0
482065,2,1,1987,0,0,0,0,0,0,0,0,0,0
482066,1,1,1987,20,20,20,20,20,20,20,20,20,20
482066,2,1,1987,0,0,0,0,0,0,0,0,18,0
482067,1,1,1987,15,0,15,0,0,35,0,0,0,0
482068,1,1,1987,0,8,0,14,0,0,0,5,0,0
482069,1,1,1987,15,27,22,12,14,17,22,9,28,13
482070,1,1,1987,0,0,0,0,0,0,0,0,0,0
482070,2,1,1987,0,0,0,0,0,0,12,0,0,0
482071,1,1,1987,0,0,7,0,0,0,0,0,0,0
482071,2,1,1987,5,0,0,3,0,15,5,0,0,0
482072,1,1,1987,0,0,0,0,0,0,0,0,0,0
482073,0,1,1987,0,0,0,14,0,13,0,47,13,19
482073,1,1,1987,0,0,0,0,0,0,0,0,0,0
482074,1,1,1987,3,3,3,3,3,3,3,3,3,3
482075,1,1,1987,11,11,11,11,11,11,11,11,11,11
482076,1,1,1987,0,0,0,0,0,0,0,0,0,0
482077,1,1,1987,0,0,0,0,0,0,0,0,0,0
482077,2,1,1987,0,14,0,0,17,0,0,0,0,0
482078,1,1,1987,0,0,0,0,0,0,0,0,0,0
482079,0,1,1987,0,0,0,12,0,0,0,0,0,0
482079,1,1,1987,0,0,0,0,0,0,0,0,0,0
482080,1,1,1987,0,0,0,0,0,0,0,0,0,0
482080,2,1,1987,0,0,0,0,0,0,0,0,0,0
482080,3,1,1987,0,0,16,0,0,0,15,0,0,21
482081,0,1,1987,0,4,22,24,19,21,0,9,24,0
482081,1,1,1987,0,4,0,0,0,23,0,22,11,22
482082,0,1,1987,0,0,0,0,0,0,0,0,0,0
482082,1,1,1987,0,0,0,10,0,0,0,0,13,0
482082,2,1,1987,0,0,0,8,0,0,0,0,0,11
482083,1,1,1987,0,0,0,13,0,0,0,0,12,13
482083,2,1,1987,9,0,0,7,0,0,0,13,0,0
482084,1,1,1987,0,0,0,0,0,0,0,0,0,0
482085,0,1,1987,0,0,0,0,0,0,0,0,0,0
482085,1,1,1987,0,0,0,0,0,0,0,0,0,0
482086,1,1,1987,0,0,0,18,17,0,0,0,24,8
482087,1,1,1987,0,0,0,0,0,0,0,0,0,0
482088,1,1,1987,0,0,0,0,0,0,0,0,0,0
482088,2,1,1987,0,0,0,0,0,21,0,0,0,0
482089,1,1,1987,31,0,10,21,19,0,0,0,18,12
482090,1,1,1987,0,0,0,0,0,0,0,0,0,0
482090,2,1,1987,0,0,0,0,0,0,0,0,11,0
482091,1,1,1987,29,33,18,12,13,5,14,31,27,21
482092,0,1,1987,13,13,13,13,13,13,13,13,13,13
482092,1,1,1987,4,8,25,14,4,0,0,23,19,0
482093,0,1,1987,0,0,0,0,0,0,0,0,0,0
482093,1,1,1987,0,0,0,0,0,14,0,0,0,0
482095,1,1,1987,8,8,8,8,8,8,8,8,8,8
482096,0,1,1987,0,9,0,0,0,0,0,17,0,0
482096,1,1,1987,0,16,15,0,0,0,0,9,0,0
482097,0,1,1987,20,20,20,20,20,20,20,20,20,20
482097,1,1,1987,0,0,0,0,13,0,0,10,5,0
482098,1,1,1987,14,12,13,42,22,0,16,14,15,12
482099,1,1,1987,0,0,9,0,0,16,0,15,12,17
482099,2,1,1987,0,0,0,0,0,0,0,19,0,0
482100,1,1,1987,17,0,12,0,9,9,20,17,0,18
482101,1,1,1987,16,16,16,16,16,16,16,16,16,16
482101,2,1,1987,12,12,16,26,0,12,0,0,0,0
482102,1,1,1987,0,0,0,0,0,0,0,0,0,0
482103,1,1,1987,13,13,13,13,13,13,13,13,13,13
482103,2,1,1987,0,0,0,0,12,0,0,0,0,0
482103,3,1,1987,0,0,0,0,0,0,0,0,0,0
482104,0,1,1987,0,0,0,0,0,0,0,0,0,0
482104,1,1,1987,0,0,3,0,0,0,0,0,0,0
482105,1,1,1987,22,22,22,22,22,22,22,22,22,22
482106,1,1,1987,6,0,18,0,0,3,0,0,0,0
482107,1,1,1987,13,13,13,13,13,13,13,13,13,13
482108,1,1,1987,0,0,0,0,0,0,0,0,0,0
482109,1,1,1987,11,11,11,11,11,11,11,11,11,11
482110,0,1,1987,0,0,0,12,0,0,0,15,0,0
482110,1,1,1987,0,7,0,5,15,0,16,0,0,16
482111,0,1,1987,0,0,0,0,27,0,0,18,16,0
482111,1,1,1987,19,19,19,19,19,19,19,19,19,19
482112,1,1,1987,0,6,4,0,14,0,14,0,0,0
482112,2,1,1987,16,16,16,16,16,16,16,16,16,16
482113,1,1,1987,38,38,38,38,38,38,38,38,38,38
482114,1,1,1987,0,0,0,0,0,0,0,24,0,0
482115,1,1,1987,0,0,0,0,0,11,0,15,0,0
482115,2,1,1987,0,0,0,0,0,0,0,0,0,0
482116,0,1,1987,34,34,34,34,34,34,34,34,34,34
482116,1,1,1987,0,0,16,0,20,15,19,46,0,0
482117,1,1,1987,0,0,0,0,0,0,0,0,0,0
482118,1,1,1987,13,13,13,13,13,13,13,13,13,13
482119,1,1,1987,18,10,15,0,0,0,25,0,0,14
482120,1,1,1987,14,14,14,14,14,14,14,14,14,14
482121,1,1,1987,14,20,20,7,13,14,4,7,18,21
482122,1,1,1987,7,7,7,7,7,7,7,7,7,7
482123,1,1,1987,18,18,18,18,18,18,18,18,18,18
482123,2,1,1987,0,0,0,0,0,0,27,0,0,0
482124,1,1,1987,7,6,23,17,0,29,26,20,25,16
482125,1,1,1987,5,0,10,0,36,18,0,7,23,0
482126,1,1,1987,10,7,5,7,12,10,23,9,8,24
482127,1,1,1987,0,0,0,0,0,0,0,0,0,0
482128,1,1,1987,21,21,21,21,21,21,21,21,21,21
482128,2,1,1987,0,0,0,0,0,0,0,0,0,0
482129,0,1,1987,0,0,0,0,0,0,0,0,0,0
482129,1,1,1987,13,13,13,13,13,13,13,13,13,13
482130,1,1,1987,0,0,0,0,0,14,0,0,0,16
482131,1,1,1987,5,5,5,5,5,5,5,5,5,5
482131,2,1,1987,19,19,19,19,19,19,19,19,19,19
482132,1,1,1987,12,12,12,12,12,12,12,12,12,12
482132,2,1,1987,0,0,0,0,0,0,0,0,0,0
482133,1,1,1987,0,0,0,0,0,0,0,0,0,0
482134,1,1,1987,0,0,0,0,0,0,0,0,0,0
482135,1,1,1987,0,0,0,0,0,0,0,0,0,19
482135,2,1,1987,0,0,0,0,0,0,0,0,0,0
482136,0,1,1987,0,0,0,19,0,18,33,0,17,7
482136,1,1,1987,0,16,0,0,14,17,3,0,0,0
482137,1,1,1987,17,17,17,17,17,17,17,17,17,17
482138,1,1,1987,0,0,0,0,0,0,0,0,0,0
482139,1,1,1987,0,0,0,0,0,0,0,0,0,0
482139,2,1,1987,0,0,9,2,0,0,0,0,0,0
482140,1,1,1987,0,0,0,0,0,0,0,0,0,0
482140,2,1,1987,0,6,0,14,0,0,0,0,0,0
482141,1,1,1987,0,0,18,0,0,8,0,0,4,0
482141,2,1,1987,0,0,0,0,0,11,0,0,0,0
482141,3,1,1987,21,21,21,21,21,21,21,21,21,21
482142,1,1,1987,0,0,0,0,24,0,0,0,0,0
482142,2,1,1987,0,0,0,0,0,0,0,0,0,0
482143,0,1,1987,0,0,0,0,0,0,0,0,0,0
482143,1,1,1987,0,12,0,0,0,13,0,9,0,14
482144,1,1,1987,9,9,9,9,9,9,9,9,9,9
482145,1,1,1987,10,0,0,0,0,0,5,22,0,0
482146,1,1,1987,19,19,19,19,19,19,19,19,19,19
482147,1,1,1987,12,15,18,16,0,34,0,19,15,15
482148,1,1,1987,0,0,10,0,16,0,0,0,0,0
482149,0,1,1987,0,0,0,0,0,0,0,0,0,0
482149,1,1,1987,0,8,0,20,11,0,14,12,13,0
482150,0,1,1987,0,0,0,0,0,0,0,0,0,0
482150,1,1,1987,0,0,19,31,21,26,18,32,16,21
482151,1,1,1987,0,0,0,6,0,0,0,0,0,0
482151,2,1,1987,0,22,24,0,0,18,25,0,0,0
482152,1,1,1987,19,20,9,36,28,39,30,14,17,0
482153,1,1,1987,0,0,0,0,0,0,0,0,0,0
482153,2,1,1987,0,0,0,0,13,0,0,0,14,0
482154,1,1,1987,21,21,21,21,21,21,21,21,21,21
482155,1,1,1987,0,0,0,0,0,0,0,0,0,0
482155,2,1,1987,0,0,0,0,0,0,0,0,0,0
482156,1,1,1987,26,26,26,26,26,26,26,26,26,26
482157,0,1,1987,0,0,0,0,0,0,0,0,0,0
482157,1,1,1987,0,0,6,0,0,0,9,19,0,22
482157,2,1,1987,31,10,21,29,0,18,4,0,0,3
482157,3,1,1987,15,4,17,0,0,0,0,0,0,11
482158,1,1,1987,13,13,13,13,13,13,13,13,13,13
482158,2,1,1987,0,0,0,0,0,0,13,0,0,0
482159,1,1,1987,26,26,26,26,26,26,26,26,26,26
482160,1,1,1987,3,6,24,11,27,21,11,6,9,12
482160,2,1,1987,0,0,0,0,0,0,0,0,0,0
482161,1,1,1987,17,17,17,17,17,17,17,17,17,17
482162,1,1,1987,0,0,0,0,0,0,0,0,0,0
482162,2,1,1987,0,0,0,0,0,0,0,0,0,0
482162,3,1,1987,0,0,0,0,0,0,0,0,0,0
482162,4,1,1987,0,0,0,0,0,0,0,0,0,0
482163,0,1,1987,0,0,0,0,0,0,0,0,0,0
482163,1,1,1987,0,0,0,0,0,0,0,0,0,0
482164,1,1,1987,20,20,20,20,20,20,20,20,20,20
482164,2,1,1987,0,0,0,0,0,0,0,0,0,0
482164,3,1,1987,0,27,0,0,0,0,0,0,0,0
482165,1,1,1987,7,7,7,7,7,7,7,7,7,7
482166,1,1,1987,19,29,2,0,14,23,20,25,8,16
482167,1,1,1987,9,0,0,0,32,0,0,20,0,18
482167,2,1,1987,0,0,0,0,0,0,0,0,0,0
482168,1,1,1987,18,18,18,18,18,18,18,18,18,18
482169,0,1,1987,0,0,0,0,0,0,0,0,14,22
482169,0,2,1987,0,0,4,0,6,4,0,0,13,0
482169,1,1,1987,0,0,0,0,0,0,0,0,0,0
482170,1,1,1987,15,15,15,15,15,15,15,15,15,15
482171,1,1,1987,0,0,0,0,0,0,0,0,13,0
482171,2,1,1987,0,0,0,0,0,0,9,0,0,0
482171,3,1,1987,0,0,0,0,0,10,0,0,0,0
482172,0,1,1987,0,0,0,0,0,0,0,2,0,0
482172,1,1,1987,0,0,5,0,7,0,0,0,0,0
482173,1,1,1987,0,0,0,0,0,0,0,0,0,0
482173,2,1,1987,0,0,0,0,0,0,0,0,0,0
482174,1,1,1987,10,10,10,10,10,10,10,10,10,10
482175,1,1,1987,14,14,14,14,14,14,14,14,14,14
482176,0,1,1987,0,0,0,0,0,0,0,0,0,0
482176,1,1,1987,0,0,0,0,0,0,0,0,6,0
482177,1,1,1987,0,7,18,0,0,0,0,0,0,6
482177,2,1,1987,0,0,0,0,0,0,0,0,0,0
482178,1,1,1987,7,7,7,7,7,7,7,7,7,7
482179,1,1,1987,3,3,3,3,3,3,3,3,3,3
482180,0,1,1987,0,0,0,0,0,0,0,0,0,0
482180,1,1,1987,3,3,3,3,3,3,3,3,3,3
482180,2,1,1987,0,0,0,0,0,0,0,0,0,0