ST_CASE,VEH_NO,PER_NO,YEAR,P1,P2,P3,P4,P5,P6,P7,P8,P9,P10
482181,0,1,1987,0,0,0,0,0,0,0,0,0,0
482181,1,1,1987,0,0,0,0,0,0,0,0,13,0
482182,0,1,1987,17,17,17,17,17,17,17,17,17,17
482182,1,1,1987,0,0,0,0,0,0,0,16,7,0
482183,1,1,1987,15,0,0,14,0,0,24,0,16,0
482184,1,1,1987,0,14,3,0,0,17,0,0,8,0
482184,2,1,1987,13,17,0,0,15,19,34,10,13,17
482185,0,1,1987,0,0,0,0,0,0,0,17,0,0
482185,1,1,1987,13,20,0,34,0,7,7,0,7,0
482186,1,1,1987,6,6,6,6,6,6,6,6,6,6
482187,0,1,1987,0,0,0,0,0,0,0,0,0,0
482187,1,1,1987,0,0,0,0,0,0,0,0,0,19
482188,1,1,1987,15,15,15,15,15,15,15,15,15,15
482189,1,1,1987,11,11,11,11,11,11,11,11,11,11
482189,2,1,1987,21,21,21,21,21,21,21,21,21,21
482190,1,1,1987,28,28,28,28,28,28,28,28,28,28
482191,0,1,1987,22,0,0,0,0,0,0,0,0,0
482191,1,1,1987,0,0,0,0,0,0,0,0,0,0
482192,1,1,1987,12,0,0,0,0,0,17,0,20,0
482192,2,1,1987,8,0,0,0,0,4,10,0,0,0
482193,1,1,1987,0,0,0,0,0,0,0,0,0,0
482193,2,1,1987,0,0,0,0,0,0,0,0,0,0
482194,0,1,1987,0,0,0,0,13,0,13,0,4,19
482194,1,1,1987,12,12,12,12,12,12,12,12,12,12
482195,1,1,1987,0,0,0,0,0,0,0,0,0,0
482195,2,1,1987,0,0,0,0,0,0,0,0,0,0
482196,0,1,1987,0,0,0,0,0,0,0,0,0,0
482196,1,1,1987,14,0,0,0,14,0,0,0,0,0
482197,1,1,1987,5,5,5,5,5,5,5,5,5,5
482198,1,1,1987,13,13,13,13,13,13,13,13,13,13
482198,2,1,1987,0,10,11,0,0,0,0,19,16,0
482199,0,1,1987,0,0,0,0,0,0,0,0,0,0
482199,1,1,1987,0,0,0,0,0,0,0,0,0,0
482200,0,1,1987,0,0,23,0,18,0,0,0,0,13
482201,1,1,1987,3,3,3,3,3,3,3,3,3,3
482202,1,1,1987,0,0,0,0,0,0,7,9,0,0
482202,2,1,1987,16,0,21,14,22,0,16,12,0,0
482202,3,1,1987,0,10,0,0,9,0,0,0,12,0
482203,1,1,1987,15,15,15,15,15,15,15,15,15,15
482203,2,1,1987,0,0,0,0,0,0,0,0,0,0
482204,1,1,1987,13,13,13,13,13,13,13,13,13,13
482204,2,1,1987,3,3,3,3,3,3,3,3,3,3
482205,1,1,1987,59,59,59,59,59,59,59,59,59,59
482206,1,1,1987,16,16,16,16,16,16,16,16,16,16
482207,0,1,1987,0,0,0,0,0,0,0,0,0,0
482207,1,1,1987,0,0,0,0,0,0,0,0,13,3
482208,1,1,1987,0,0,0,6,0,0,0,0,0,0
482208,2,1,1987,0,0,0,0,0,0,0,0,0,0
482209,1,1,1987,18,0,11,15,13,10,0,0,0,11
482209,2,1,1987,0,0,0,7,0,0,0,0,0,0
482210,1,1,1987,0,11,32,12,34,9,9,18,8,24
482211,1,1,1987,29,29,29,29,29,29,29,29,29,29
482211,2,1,1987,0,8,0,0,0,0,0,0,0,0
482212,1,1,1987,20,13,21,34,38,23,16,15,12,0
482213,1,1,1987,13,13,13,13,13,13,13,13,13,13
482214,1,1,1987,24,24,24,24,24,24,24,24,24,24
482215,1,1,1987,0,0,0,0,0,0,0,0,0,0
482216,1,1,1987,9,0,0,0,0,0,0,0,0,0
482216,2,1,1987,0,0,0,0,0,0,0,0,0,0
482217,1,1,1987,0,0,0,0,0,0,0,0,0,0
482218,0,1,1987,18,18,18,18,18,18,18,18,18,18
482218,1,1,1987,0,4,12,0,0,0,17,0,0,0
482219,1,1,1987,0,6,0,9,0,0,0,0,3,0
482219,2,1,1987,0,0,0,0,0,0,0,0,0,0
482219,3,1,1987,3,3,3,3,3,3,3,3,3,3
482220,1,1,1987,0,0,12,0,0,17,0,0,0,0
482220,2,1,1987,0,22,0,0,0,0,0,0,0,0
482221,0,1,1987,0,0,0,0,0,0,21,0,0,0
482221,1,1,1987,0,0,0,0,0,0,16,0,0,0
482222,0,1,1987,0,0,0,0,13,0,0,24,0,0
482222,1,1,1987,14,14,14,14,14,14,14,14,14,14
482223,1,1,1987,0,0,0,0,16,0,14,0,0,0
482223,2,1,1987,0,0,19,0,0,0,0,0,0,0
482224,1,1,1987,24,24,24,24,24,24,24,24,24,24
482224,2,1,1987,0,0,0,0,0,0,0,0,0,0
482225,1,1,1987,0,0,0,0,0,0,0,0,0,0
482226,1,1,1987,13,12,0,28,0,23,16,0,19,26
482227,1,1,1987,14,14,14,14,14,14,14,14,14,14
482228,0,1,1987,0,21,0,0,21,14,13,0,0,0
482228,1,1,1987,0,0,0,0,0,23,0,0,0,0
482229,1,1,1987,55,55,55,55,55,55,55,55,55,55
482230,1,1,1987,22,22,22,22,22,22,22,22,22,22
482230,2,1,1987,0,0,0,0,0,0,6,0,0,0
482231,1,1,1987,0,0,0,0,0,0,0,0,0,0
482231,2,1,1987,0,0,0,0,0,12,6,0,0,0
482232,1,1,1987,13,13,13,13,13,13,13,13,13,13
482233,1,1,1987,30,30,30,30,30,30,30,30,30,30
482233,2,1,1987,0,0,0,0,0,0,0,0,0,0
482234,1,1,1987,12,12,12,12,12,12,12,12,12,12
482234,2,1,1987,0,0,0,0,0,0,0,0,0,0
482235,0,1,1987,0,0,0,0,0,0,0,0,0,0
482235,0,2,1987,0,13,17,16,9,11,9,7,13,0
482235,1,1,1987,5,5,5,5,5,5,5,5,5,5
482236,1,1,1987,0,0,0,0,0,0,0,0,0,0
482236,2,1,1987,0,8,0,0,12,0,0,0,10,4
482237,1,1,1987,25,19,17,0,0,0,0,0,0,13
482237,2,1,1987,0,0,0,0,0,0,5,0,0,25
482238,1,1,1987,13,18,19,15,21,22,14,9,25,10
482239,1,1,1987,0,0,0,0,0,0,0,0,0,0
482240,1,1,1987,0,0,0,0,0,0,0,0,0,0
482240,2,1,1987,0,0,0,0,0,0,0,0,0,0
482241,1,1,1987,0,0,0,0,0,0,0,0,0,0
482242,1,1,1987,27,27,27,27,27,27,27,27,27,27
482243,1,1,1987,0,0,0,0,0,0,0,0,0,0
482244,1,1,1987,0,0,0,0,0,0,0,0,0,0
482244,2,1,1987,0,0,0,0,0,0,0,6,0,0
482245,1,1,1987,0,0,0,0,0,0,0,0,0,0
482245,2,1,1987,0,0,0,0,0,0,0,0,0,0
482246,1,1,1987,0,0,0,0,0,0,0,0,0,0
482246,2,1,1987,0,0,0,0,0,0,0,34,0,0
482247,1,1,1987,0,17,0,0,0,0,0,16,0,0
482248,1,1,1987,8,8,8,8,8,8,8,8,8,8
482249,1,1,1987,17,17,17,17,17,17,17,17,17,17
482250,1,1,1987,10,10,10,10,10,10,10,10,10,10
482251,1,1,1987,0,0,0,0,0,0,0,0,0,0
482251,2,1,1987,4,4,4,4,4,4,4,4,4,4
482252,1,1,1987,21,21,21,21,21,21,21,21,21,21
482253,1,1,1987,0,0,0,0,20,0,0,0,0,0
482253,2,1,1987,0,0,0,0,0,0,0,0,0,0
482254,0,1,1987,0,0,0,0,0,0,0,0,0,0
482254,1,1,1987,0,0,19,0,0,0,0,0,0,24
482255,0,1,1987,34,22,19,16,13,19,18,25,8,0
482255,1,1,1987,0,0,0,0,0,0,0,0,0,0
482256,1,1,1987,0,0,0,0,0,0,0,0,0,0
482256,2,1,1987,0,0,0,0,0,0,0,0,0,0
482257,1,1,1987,0,0,0,0,0,0,0,0,0,0
482258,0,1,1987,0,0,0,0,0,0,0,0,0,0
482258,0,2,1987,0,0,0,0,0,0,0,0,0,0
482258,1,1,1987,0,0,0,0,0,0,0,0,0,0
482259,1,1,1987,10,10,10,10,10,10,10,10,10,10
482260,1,1,1987,0,0,0,0,0,0,0,0,14,0
482260,2,1,1987,0,0,0,0,0,0,0,0,0,0
482261,1,1,1987,8,8,8,8,8,8,8,8,8,8
482262,0,1,1987,0,0,0,0,0,0,0,0,0,0
482262,0,2,1987,4,4,4,4,4,4,4,4,4,4
482262,0,3,1987,4,4,4,4,4,4,4,4,4,4
482262,1,1,1987,0,0,0,0,0,0,0,0,0,0
482263,1,1,1987,15,0,7,12,18,0,23,17,21,0
482264,1,1,1987,0,0,0,0,0,0,0,0,0,0
482264,2,1,1987,0,0,0,0,0,0,0,0,0,0
482265,1,1,1987,18,18,18,18,18,18,18,18,18,18
482265,2,1,1987,0,0,0,0,0,0,0,0,0,0
482266,1,1,1987,0,0,0,0,0,0,0,0,0,0
482266,2,1,1987,0,0,6,0,0,0,0,0,0,0
482267,1,1,1987,0,2,0,0,0,0,0,0,6,0
482268,0,1,1987,0,0,0,0,0,0,0,0,0,0
482268,1,1,1987,34,12,0,27,15,0,0,0,33,0
482269,0,1,1987,0,0,0,0,0,0,0,0,0,0
482269,1,1,1987,0,0,0,0,0,0,0,0,0,0
482270,0,1,1987,26,26,26,26,26,26,26,26,26,26
482270,1,1,1987,0,0,0,12,0,5,0,4,0,0
482271,1,1,1987,7,23,0,19,0,14,0,29,0,0
482272,1,1,1987,0,0,0,0,0,0,0,0,0,0
482272,2,1,1987,0,0,0,10,0,0,0,0,0,0
482273,1,1,1987,0,0,0,8,0,0,0,0,0,0
482273,2,1,1987,0,0,0,0,0,0,0,0,0,0
482274,1,1,1987,0,0,0,0,0,0,0,0,0,0
482274,2,1,1987,0,0,0,0,0,0,0,0,0,0
482275,1,1,1987,5,0,0,0,0,0,0,0,0,0
482275,2,1,1987,0,0,0,0,0,16,0,0,0,0
482276,1,1,1987,20,20,20,20,20,20,20,20,20,20
482277,1,1,1987,0,0,0,0,22,12,0,0,0,0
482278,2,1,1987,0,31,0,0,0,0,0,0,0,0
482279,1,1,1987,19,19,19,19,19,19,19,19,19,19
482280,1,1,1987,18,18,18,18,18,18,18,18,18,18
482281,1,1,1987,19,19,19,19,19,19,19,19,19,19
482281,2,1,1987,0,0,0,0,0,0,0,0,0,0
482282,1,1,1987,0,0,0,0,0,0,0,0,0,0
482282,2,1,1987,0,0,0,0,0,0,0,5,0,0
482283,1,1,1987,0,0,0,0,0,0,0,0,0,0
482283,2,1,1987,4,4,4,4,4,4,4,4,4,4
482284,1,1,1987,0,0,0,0,0,0,0,0,0,0
482284,2,1,1987,0,9,14,0,0,0,0,15,0,0
482285,1,1,1987,0,15,35,12,46,45,0,36,12,27
482286,1,1,1987,0,0,0,11,0,11,25,0,5,19
482286,2,1,1987,0,30,10,0,15,0,8,0,0,17
482287,1,1,1987,0,0,0,0,0,0,0,0,0,0
482288,1,1,1987,0,0,0,0,0,0,0,0,0,0
482288,2,1,1987,18,18,18,18,18,18,18,18,18,18
482289,0,1,1987,19,37,24,25,26,14,22,27,25,29
482289,1,1,1987,3,3,3,3,3,3,3,3,3,3
482290,1,1,1987,29,46,16,0,0,11,0,14,0,0
482290,2,1,1987,0,0,23,8,23,17,0,0,0,0
482291,1,1,1987,0,0,23,0,3,5,15,0,29,21
482292,1,1,1987,0,0,0,0,0,0,0,0,0,0
482293,0,1,1987,0,0,0,0,0,0,0,0,0,0
482293,0,2,1987,3,0,18,0,4,0,0,6,0,0
482293,1,1,1987,0,0,0,0,0,0,0,0,0,0
482294,0,1,1987,28,28,28,28,28,28,28,28,28,28
482294,1,1,1987,0,12,0,13,7,0,0,20,0,1
482295,1,1,1987,19,19,19,19,19,19,19,19,19,19
482296,0,1,1987,15,15,15,15,15,15,15,15,15,15
482296,1,1,1987,0,0,0,0,4,0,0,0,0,0
482297,1,1,1987,29,29,29,29,29,29,29,29,29,29
482298,1,1,1987,0,0,0,0,0,0,0,0,0,0
482299,0,1,1987,19,19,19,19,19,19,19,19,19,19
482299,1,1,1987,0,0,0,0,0,0,0,0,0,0
482300,1,1,1987,0,0,9,8,0,16,13,11,0,0
482300,2,1,1987,23,23,23,23,23,23,23,23,23,23
482301,1,1,1987,26,26,26,26,26,26,26,26,26,26
482302,1,1,1987,21,21,21,21,21,21,21,21,21,21
482302,2,1,1987,16,16,16,16,16,16,16,16,16,16
482303,1,1,1987,2,2,2,2,2,2,2,2,2,2
482303,2,1,1987,24,24,24,24,24,24,24,24,24,24
482304,1,1,1987,3,3,3,3,3,3,3,3,3,3
482305,1,1,1987,0,0,0,0,0,0,13,0,0,0
482305,2,1,1987,0,0,11,0,0,4,13,23,9,0
482306,1,1,1987,0,0,0,0,0,0,0,0,0,0
482306,2,1,1987,0,0,24,0,0,0,0,0,10,0
482306,3,1,1987,0,0,0,0,0,0,0,0,0,0
482307,1,1,1987,6,6,6,6,6,6,6,6,6,6
482307,2,1,1987,0,0,0,0,0,0,0,0,0,0
482308,1,1,1987,16,16,16,16,16,16,16,16,16,16
482308,2,1,1987,0,11,23,12,0,8,0,14,19,0
482309,0,1,1987,33,33,33,33,33,33,33,33,33,33
482309,1,1,1987,10,0,4,0,0,0,0,0,0,0
482310,1,1,1987,0,7,2,0,0,3,0,0,0,0
482310,2,1,1987,18,19,10,8,16,18,19,4,5,28
482311,0,1,1987,43,43,43,43,43,43,43,43,43,43
482311,1,1,1987,20,12,0,0,0,23,0,0,0,17
482312,1,1,1987,15,15,15,15,15,15,15,15,15,15
482313,1,1,1987,28,22,16,7,22,7,2,8,19,21
482314,1,1,1987,14,14,14,14,14,14,14,14,14,14
482314,2,1,1987,0,19,0,0,0,16,0,23,11,0
482314,3,1,1987,0,0,19,18,0,0,0,0,0,0
482315,1,1,1987,15,14,20,0,0,0,16,0,28,0
482316,0,1,1987,1,1,1,1,1,1,1,1,1,1
482316,1,1,1987,0,0,0,9,0,9,0,0,0,4
482317,0,1,1987,0,0,0,0,0,0,0,0,0,0
482317,1,1,1987,0,0,0,0,0,0,0,7,18,0
482318,1,1,1987,0,0,0,0,0,0,0,0,0,0
482319,1,1,1987,2,2,2,2,2,2,2,2,2,2
482320,1,1,1987,0,0,0,0,0,0,20,0,0,0
482320,2,1,1987,0,0,0,0,0,0,0,0,0,0
482321,1,1,1987,19,19,19,19,19,19,19,19,19,19
482322,0,1,1987,0,0,0,0,0,0,0,0,0,0
482322,1,1,1987,0,0,0,0,5,0,0,0,0,0
482323,1,1,1987,0,0,0,0,0,0,0,0,0,0
482324,1,1,1987,0,19,0,0,0,0,0,0,0,0
482325,0,1,1987,29,29,29,29,29,29,29,29,29,29
482325,1,1,1987,0,22,0,0,0,0,0,17,0,0
482326,1,1,1987,0,0,0,0,0,0,0,0,0,0
482326,2,1,1987,0,0,0,0,7,0,0,0,0,0
482327,1,1,1987,12,12,12,12,12,12,12,12,12,12
482328,1,1,1987,14,14,14,14,14,14,14,14,14,14
482329,1,1,1987,10,13,14,33,13,31,10,11,0,12
482329,2,1,1987,0,0,0,0,0,0,7,0,0,0
482330,1,1,1987,0,0,0,0,0,0,0,0,0,0
482331,1,1,1987,0,0,4,0,5,0,10,0,9,7
482331,2,1,1987,0,0,0,0,0,0,0,0,0,0
482332,1,1,1987,0,0,0,0,0,0,0,0,0,0
482332,2,1,1987,0,0,0,0,0,0,0,0,0,0
482333,1,1,1987,9,9,9,9,9,9,9,9,9,9
482334,1,1,1987,2,2,2,2,2,2,2,2,2,2
482335,1,1,1987,0,0,0,0,0,0,0,0,0,0
482335,2,1,1987,0,0,0,0,0,0,0,0,0,8
482336,1,1,1987,0,0,0,0,0,0,0,0,0,0
482336,2,1,1987,0,0,0,0,0,0,0,0,0,0
482338,1,1,1987,23,23,23,23,23,23,23,23,23,23
482338,2,1,1987,0,0,0,0,0,0,0,0,0,0
482339,1,1,1987,0,4,23,21,17,0,20,11,0,14
482339,2,1,1987,0,0,0,0,0,9,0,0,10,0
482340,1,1,1987,23,23,23,23,23,23,23,23,23,23
482341,1,1,1987,23,23,23,23,23,23,23,23,23,23
482342,0,1,1987,15,15,15,15,15,15,15,15,15,15
482342,1,1,1987,12,0,28,8,0,11,3,12,20,0
482343,1,1,1987,11,6,0,11,11,30,13,0,0,13
482344,1,1,1987,9,9,9,9,9,9,9,9,9,9
482345,1,1,1987,32,0,6,0,27,0,0,0,0,28
482346,1,1,1987,14,14,14,14,14,14,14,14,14,14
482346,2,1,1987,0,0,0,0,0,0,0,0,0,0
482347,1,1,1987,34,34,34,34,34,34,34,34,34,34
482347,2,1,1987,0,0,0,0,0,0,0,0,0,0
482348,1,1,1987,12,12,12,12,12,12,12,12,12,12
482349,1,1,1987,16,16,16,16,16,16,16,16,16,16
482350,0,1,1987,14,0,0,27,0,0,0,0,0,0
482350,1,1,1987,0,0,0,0,0,0,0,0,0,0
482351,0,1,1987,28,14,48,17,19,19,32,26,15,13
482351,1,1,1987,19,10,17,18,20,19,0,17,23,15
482352,1,1,1987,22,28,0,0,39,0,0,14,25,0
482353,1,1,1987,0,10,25,2,23,12,0,20,0,0
482354,0,1,1987,0,0,0,0,0,0,0,0,0,0
482354,1,1,1987,0,0,0,0,0,24,0,0,0,0
482355,0,1,1987,9,0,0,0,0,0,0,0,0,14
482355,1,1,1987,8,8,8,8,8,8,8,8,8,8
482356,0,1,1987,0,0,0,0,0,0,0,0,0,0
482356,1,1,1987,0,0,0,0,0,0,0,0,0,0
482357,1,1,1987,17,18,12,23,15,22,20,29,17,14
482358,1,1,1987,18,18,18,18,18,18,18,18,18,18
482359,0,1,1987,0,0,0,0,0,0,0,0,0,0
482359,1,1,1987,0,0,0,0,0,0,0,0,0,0
482360,1,1,1987,19,16,8,18,14,13,18,11,17,2
482361,1,1,1987,7,7,7,7,7,7,7,7,7,7
482361,2,1,1987,13,0,0,0,0,0,0,0,0,0
482362,1,1,1987,0,0,0,12,0,0,0,0,0,0
482362,2,1,1987,0,0,0,0,0,0,0,19,0,0
482363,1,1,1987,6,0,0,0,0,0,0,0,0,0
482363,2,1,1987,0,0,0,0,0,0,0,0,0,0
482364,1,1,1987,22,22,22,22,22,22,22,22,22,22
482365,1,1,1987,18,18,18,18,18,18,18,18,18,18
482365,2,1,1987,0,0,0,0,0,0,0,0,0,0
482366,1,1,1987,0,0,0,12,0,0,0,0,0,0
482366,2,1,1987,0,0,0,8,0,0,0,0,0,0
482367,1,1,1987,0,26,0,0,0,0,0,0,0,0
482367,2,1,1987,0,0,0,0,0,0,0,0,0,0
482367,3,1,1987,0,0,0,0,0,0,0,0,0,9
482368,0,1,1987,0,0,0,0,0,0,0,0,0,0
482368,1,1,1987,0,14,0,0,0,0,0,0,13,0
482369,1,1,1987,0,0,0,0,0,0,0,13,0,0
482369,2,1,1987,0,0,0,0,0,0,0,0,0,0
482370,1,1,1987,0,0,0,0,0,0,0,0,0,0
482370,2,1,1987,0,0,0,0,0,0,8,0,0,0
482371,1,1,1987,0,0,0,0,0,0,0,0,0,0
482371,2,1,1987,0,0,2,0,15,0,0,0,0,22
482371,3,1,1987,0,0,0,0,0,0,0,0,0,0
482372,1,1,1987,4,32,14,32,13,23,15,30,19,31
482374,1,1,1987,16,16,16,16,16,16,16,16,16,16
482374,2,1,1987,0,23,0,0,0,0,0,0,0,0
482375,1,1,1987,3,10,16,22,13,12,0,33,8,14
482376,1,1,1987,0,0,0,0,0,0,0,0,0,0
482377,1,1,1987,0,0,0,0,0,0,0,0,0,0
482377,2,1,1987,6,0,0,0,0,0,0,0,0,14
482378,1,1,1987,0,0,0,0,19,0,0,0,0,0
482378,2,1,1987,0,0,0,0,0,0,0,0,0,0
482378,3,1,1987,0,0,0,0,0,0,0,0,0,0
482379,1,1,1987,0,0,0,0,0,0,0,0,0,0
482379,2,1,1987,0,0,0,0,0,0,0,0,0,0
482380,1,1,1987,0,0,0,0,0,0,0,0,0,0
482380,2,1,1987,0,0,0,0,0,25,0,0,0,0
482381,1,1,1987,0,0,0,0,0,0,0,0,0,0
482382,0,1,1987,0,0,0,0,0,0,0,32,23,0
482382,1,1,1987,0,0,0,0,0,0,0,0,0,0
482383,1,1,1987,21,15,23,4,0,17,14,7,20,10
482383,2,1,1987,0,0,15,0,2,0,0,0,0,0
482384,1,1,1987,0,0,0,0,0,0,0,0,0,0
482384,2,1,1987,0,0,0,0,8,0,0,0,0,0
482385,1,1,1987,8,8,8,8,8,8,8,8,8,8
482386,1,1,1987,0,0,0,0,0,0,0,0,0,0
482386,2,1,1987,6,6,6,6,6,6,6,6,6,6
482387,1,1,1987,7,0,0,0,0,14,0,0,0,0
482387,2,1,1987,8,0,6,0,8,19,13,5,11,11
482388,1,1,1987,0,20,5,0,0,12,0,0,26,0
482389,1,1,1987,11,14,13,4,2,17,7,0,16,0
482390,1,1,1987,0,0,0,0,0,6,0,0,0,0
482390,2,1,1987,26,26,26,26,26,26,26,26,26,26
482391,1,1,1987,0,0,0,0,0,0,0,0,0,0
482391,2,1,1987,0,0,7,0,0,0,11,0,0,0
482392,1,1,1987,13,13,13,13,13,13,13,13,13,13
482393,1,1,1987,23,23,23,23,23,23,23,23,23,23
482393,2,1,1987,0,0,0,20,0,0,0,14,0,0
482394,1,1,1987,0,0,0,0,0,0,0,0,0,0
482395,1,1,1987,31,31,31,31,31,31,31,31,31,31
482396,1,1,1987,24,24,24,24,24,24,24,24,24,24
482397,1,1,1987,0,0,26,0,11,0,0,11,0,0
482397,2,1,1987,16,16,16,16,16,16,16,16,16,16
482398,1,1,1987,33,33,33,33,33,33,33,33,33,33
482399,0,1,1987,0,0,0,4,0,0,12,0,0,13
482399,1,1,1987,0,0,0,0,7,16,0,0,0,0
482400,1,1,1987,29,29,29,29,29,29,29,29,29,29
482401,1,1,1987,13,13,13,13,13,13,13,13,13,13
482402,0,1,1987,0,0,0,0,0,0,0,0,0,0
482402,1,1,1987,19,19,19,19,19,19,19,19,19,19
482403,1,1,1987,24,24,24,24,24,24,24,24,24,24
482404,0,1,1987,0,0,0,0,21,22,10,0,0,0
482404,1,1,1987,0,0,0,0,0,0,0,8,0,0
482405,1,1,1987,25,25,25,25,25,25,25,25,25,25
482405,2,1,1987,0,0,0,0,0,0,0,21,14,38
482406,0,1,1987,36,36,36,36,36,36,36,36,36,36
482406,1,1,1987,16,41,0,30,20,16,24,14,25,17
482407,1,1,1987,0,23,31,15,20,19,0,0,2,0
482407,2,1,1987,19,30,10,19,10,0,0,37,18,18
482407,3,1,1987,0,0,0,0,0,0,0,0,0,0
482408,1,1,1987,0,0,12,0,0,0,0,0,0,0
482408,2,1,1987,0,0,0,0,0,0,0,0,0,0
482408,3,1,1987,0,14,0,0,0,0,0,0,0,0
482409,0,1,1987,0,0,0,0,0,0,0,0,0,0
482409,1,1,1987,31,0,0,0,0,0,0,8,0,0
482410,1,1,1987,9,9,9,9,9,9,9,9,9,9
482411,1,1,1987,0,0,0,0,23,0,0,0,0,0
482412,1,1,1987,0,0,0,0,0,0,0,0,0,0
482412,2,1,1987,0,0,0,20,8,19,0,14,15,24
482412,3,1,1987,8,17,17,0,0,12,0,0,18,0
482413,1,1,1987,21,7,13,12,7,18,0,8,8,13
482414,0,1,1987,0,0,10,0,6,0,6,17,0,0
482414,0,2,1987,0,0,11,0,0,16,0,0,39,0
482414,1,1,1987,14,0,0,0,0,26,0,0,3,0
482415,1,1,1987,0,0,0,0,0,14,0,0,12,0
482415,2,1,1987,0,0,0,0,0,0,0,0,0,0
482416,1,1,1987,10,10,10,10,10,10,10,10,10,10
482417,1,1,1987,30,30,30,30,30,30,30,30,30,30
482418,1,1,1987,9,9,9,9,9,9,9,9,9,9
482419,1,1,1987,9,9,9,9,9,9,9,9,9,9
482420,1,1,1987,0,0,0,0,0,0,0,0,0,0
482420,2,1,1987,0,0,0,0,0,0,0,0,0,0
482421,1,1,1987,9,9,9,9,9,9,9,9,9,9
482421,2,1,1987,0,0,0,0,0,0,0,0,0,0
482422,1,1,1987,7,13,14,0,10,9,0,0,19,42
482423,1,1,1987,0,0,0,7,0,0,0,0,0,0
482423,2,1,1987,0,0,0,0,7,0,0,13,0,0
482424,1,1,1987,0,0,0,0,0,0,0,0,0,0
482425,0,1,1987,0,0,0,0,0,15,0,0,19,40
482425,1,1,1987,0,0,0,0,0,0,0,0,20,0
482426,1,1,1987,32,9,24,9,9,6,16,26,21,19
482427,0,1,1987,0,0,0,0,0,0,2,0,22,11
482427,1,1,1987,0,0,0,0,0,0,0,0,0,0
482427,2,1,1987,0,0,0,0,0,0,0,0,0,0
482428,1,1,1987,0,0,0,0,0,0,0,0,0,0
482428,2,1,1987,0,0,0,0,0,0,0,14,0,0
482429,1,1,1987,0,0,0,0,0,0,0,0,0,0
482429,2,1,1987,0,0,0,0,0,0,0,0,12,0
482429,3,1,1987,0,0,0,0,0,0,0,0,0,0
482430,1,1,1987,0,0,0,0,0,0,0,0,0,0
482431,1,1,1987,0,0,0,0,0,21,9,0,16,0
482431,2,1,1987,0,10,0,0,0,0,0,0,19,4
482432,0,1,1987,0,0,0,0,0,0,0,0,0,0
482432,1,1,1987,0,0,0,24,0,0,8,0,9,0
482433,1,1,1987,0,5,0,0,0,0,30,27,22,0
482434,1,1,1987,7,16,5,4,16,2,16,16,13,16
482435,1,1,1987,0,0,9,0,0,0,0,0,0,0
482435,2,1,1987,13,33,18,20,0,40,29,0,40,19
482436,0,1,1987,0,0,0,0,0,0,0,0,0,0
482436,1,1,1987,0,0,0,0,0,0,0,13,0,0
482437,1,1,1987,25,15,10,13,12,31,14,5,7,22
482437,2,1,1987,0,0,0,0,0,0,0,0,19,0
482438,0,1,1987,0,0,0,0,0,0,0,0,0,0
482438,1,1,1987,0,0,0,0,0,0,0,0,0,0
482439,1,1,1987,28,13,11,13,15,11,15,22,0,13
482440,1,1,1987,0,0,0,0,0,0,0,0,0,0
482441,0,1,1987,0,0,0,6,0,0,0,0,26,0
482441,0,2,1987,0,0,0,0,0,0,0,32,0,0
482441,1,1,1987,0,0,0,0,0,33,22,15,0,25
482442,1,1,1987,0,0,0,0,0,0,0,0,0,0
482443,1,1,1987,21,21,21,21,21,21,21,21,21,21
482444,1,1,1987,0,0,0,32,0,0,0,0,0,0
482444,2,1,1987,0,0,0,25,0,0,0,0,0,0
482445,1,1,1987,28,8,0,12,0,0,17,16,15,0
482446,0,1,1987,20,23,0,0,24,0,0,27,0,0
482446,1,1,1987,0,0,0,0,0,0,0,0,0,0
482447,0,1,1987,16,19,6,0,25,0,16,16,37,18
482447,1,1,1987,5,29,13,12,0,19,0,0,17,19
482448,0,1,1987,0,0,0,0,0,0,0,0,0,0
482448,1,1,1987,0,11,0,0,13,0,0,20,19,0
482448,2,1,1987,0,0,0,0,0,0,0,0,0,0
482449,1,1,1987,22,22,22,22,22,22,22,22,22,22
482449,2,1,1987,0,0,0,0,0,0,0,0,0,0
482450,1,1,1987,25,25,25,25,25,25,25,25,25,25
482450,2,1,1987,0,0,0,0,0,0,0,0,0,0
482451,1,1,1987,0,0,12,16,0,0,0,0,0,0
482451,2,1,1987,0,0,0,0,0,0,0,0,0,0
482452,1,1,1987,8,17,0,17,21,20,23,28,15,6
482453,1,1,1987,0,0,0,0,0,0,0,0,0,0
482454,1,1,1987,0,0,0,0,0,0,0,0,0,0
482454,2,1,1987,0,0,0,0,0,0,0,22,4,0
482455,1,1,1987,5,5,5,5,5,5,5,5,5,5
482456,1,1,1987,0,0,0,0,0,0,0,0,0,0
482457,1,1,1987,19,19,19,19,19,19,19,19,19,19