ST_CASE,VEH_NO,PER_NO,YEAR,P1,P2,P3,P4,P5,P6,P7,P8,P9,P10
482457,2,1,1987,0,0,0,0,0,0,0,0,0,0
482457,3,1,1987,0,0,10,0,0,7,0,0,0,0
482458,1,1,1987,12,12,12,12,12,12,12,12,12,12
482459,1,1,1987,22,22,22,22,22,22,22,22,22,22
482460,1,1,1987,12,12,12,12,12,12,12,12,12,12
482460,2,1,1987,7,0,0,0,0,6,0,0,7,9
482461,1,1,1987,14,14,14,14,14,14,14,14,14,14
482462,1,1,1987,25,25,25,25,25,25,25,25,25,25
482463,1,1,1987,20,20,20,20,20,20,20,20,20,20
482464,1,1,1987,20,8,7,0,0,0,3,25,0,25
482464,2,1,1987,0,0,9,0,35,0,0,26,8,0
482465,0,1,1987,15,0,34,2,14,20,27,24,21,0
482465,1,1,1987,15,6,16,12,33,20,9,5,16,0
482466,1,1,1987,9,9,9,9,9,9,9,9,9,9
482467,1,1,1987,0,0,0,0,0,0,0,0,0,0
482467,2,1,1987,0,0,0,0,0,0,0,0,0,0
482468,1,1,1987,26,26,26,26,26,26,26,26,26,26
482468,2,1,1987,0,0,0,0,0,0,0,0,0,0
482469,1,1,1987,0,0,0,0,0,0,0,0,0,0
482470,0,1,1987,17,17,17,17,17,17,17,17,17,17
482470,1,1,1987,0,0,0,0,0,16,0,0,0,0
482471,1,1,1987,30,17,22,10,11,0,19,11,9,16
482472,1,1,1987,4,4,4,4,4,4,4,4,4,4
482473,1,1,1987,18,33,23,14,10,20,5,10,9,5
482474,1,1,1987,0,0,0,0,15,0,0,0,10,0
482475,1,1,1987,19,15,12,38,19,17,10,0,0,30
482476,1,1,1987,0,0,2,9,8,0,0,0,13,0
482476,2,1,1987,21,21,21,21,21,21,21,21,21,21
482477,1,1,1987,19,19,19,19,19,19,19,19,19,19
482477,2,1,1987,5,5,5,5,5,5,5,5,5,5
482478,1,1,1987,16,16,16,16,16,16,16,16,16,16
482479,1,1,1987,0,0,0,0,0,0,0,0,0,0
482479,2,1,1987,0,0,0,0,0,0,0,0,0,0
482480,1,1,1987,16,16,14,23,0,16,16,14,14,14
482481,1,1,1987,0,0,0,0,0,0,0,0,0,0
482482,0,1,1987,18,18,18,18,18,18,18,18,18,18
482482,1,1,1987,4,0,23,0,0,0,0,0,12,0
482482,2,1,1987,31,0,8,0,0,0,0,0,0,13
482482,3,1,1987,9,0,0,0,0,0,0,0,0,0
482482,4,1,1987,0,13,34,0,17,0,0,0,9,0
482483,0,1,1987,0,0,0,27,0,0,0,0,23,30
482483,1,1,1987,0,0,0,0,20,21,15,14,26,0
482484,1,1,1987,0,6,0,0,0,0,0,0,0,0
482484,2,1,1987,0,0,35,0,0,0,0,0,0,0
482485,0,1,1987,0,0,0,0,0,0,0,0,0,0
482485,1,1,1987,0,0,0,13,0,0,0,0,0,0
482486,1,1,1987,19,19,19,19,19,19,19,19,19,19
482487,1,1,1987,12,12,12,12,12,12,12,12,12,12
482487,2,1,1987,0,0,8,0,0,0,0,0,0,0
482488,1,1,1987,0,0,0,10,0,24,0,0,0,0
482488,2,1,1987,0,0,0,0,0,0,0,0,0,0
482489,1,1,1987,0,0,0,0,0,0,0,0,0,0
482489,2,1,1987,0,0,0,23,0,17,0,0,0,0
482490,1,1,1987,0,0,0,12,0,0,0,0,0,0
482490,2,1,1987,0,0,7,0,0,0,0,0,0,0
482491,1,1,1987,0,0,5,0,0,0,15,0,0,0
482492,1,1,1987,0,0,0,0,0,0,0,0,0,0
482492,2,1,1987,0,20,9,0,0,0,0,0,0,0
482493,0,1,1987,13,13,13,13,13,13,13,13,13,13
482493,1,1,1987,0,0,0,17,0,18,0,0,17,0
482494,1,1,1987,0,0,0,0,0,0,0,0,0,0
482494,2,1,1987,0,0,0,0,0,0,0,0,0,0
482495,1,1,1987,0,0,0,0,0,0,0,0,0,0
482496,1,1,1987,0,0,5,0,0,0,0,0,0,0
482496,2,1,1987,0,0,0,0,0,0,0,0,0,0
482496,3,1,1987,2,0,0,0,0,0,0,0,0,0
482497,1,1,1987,0,0,0,0,0,0,0,0,0,0
482497,2,1,1987,7,8,0,0,16,12,0,15,0,14
482497,3,1,1987,0,28,0,10,0,0,18,0,0,0
482497,4,1,1987,0,0,0,4,0,0,0,0,0,0
482497,5,1,1987,0,0,0,8,0,0,0,0,0,0
482497,6,1,1987,0,0,27,0,0,0,0,0,0,0
482498,1,1,1987,0,0,0,0,0,0,0,0,14,0
482498,2,1,1987,0,0,0,0,0,0,0,0,0,0
482499,0,1,1987,6,29,0,0,10,0,0,14,13,10
482499,1,1,1987,0,0,0,17,0,0,20,0,0,0
482500,1,1,1987,0,0,21,0,0,0,0,0,0,0
482500,2,1,1987,0,0,0,0,8,0,0,0,0,0
482501,1,1,1987,11,14,13,20,7,18,15,7,0,31
482502,1,1,1987,0,24,14,0,0,0,0,0,0,21
482502,2,1,1987,0,13,0,0,0,0,0,0,0,0
482503,1,1,1987,6,6,6,6,6,6,6,6,6,6
482503,2,1,1987,0,0,0,0,0,0,0,0,0,0
482504,1,1,1987,10,4,7,15,0,0,0,12,0,0
482504,2,1,1987,0,4,0,7,0,0,0,0,0,0
482505,1,1,1987,16,17,29,0,8,12,24,0,15,0
482505,2,1,1987,16,16,16,16,16,16,16,16,16,16
482506,1,1,1987,0,0,0,7,0,0,0,0,0,13
482506,2,1,1987,21,0,0,0,0,0,0,0,0,0
482507,0,1,1987,0,0,0,0,0,0,0,0,0,0
482507,1,1,1987,0,0,0,0,0,0,0,0,0,0
482508,1,1,1987,9,9,9,9,9,9,9,9,9,9
482508,2,1,1987,0,17,0,0,0,0,58,0,0,0
482509,1,1,1987,18,20,0,12,17,0,0,0,0,11
482509,2,1,1987,8,14,10,0,8,8,15,30,0,23
482510,1,1,1987,0,0,0,8,0,0,0,0,5,0
482510,2,1,1987,15,5,0,16,12,16,16,23,0,6
482510,3,1,1987,0,0,0,0,0,0,0,0,0,0
482511,1,1,1987,0,0,10,19,0,0,7,0,19,21
482512,1,1,1987,19,19,19,19,19,19,19,19,19,19
482512,2,1,1987,11,11,11,11,11,11,11,11,11,11
482513,1,1,1987,29,29,29,29,29,29,29,29,29,29
482514,0,1,1987,36,36,36,36,36,36,36,36,36,36
482514,1,1,1987,17,13,0,7,13,6,8,12,13,9
482515,0,1,1987,0,0,0,0,0,0,0,11,0,0
482515,1,1,1987,0,0,0,0,0,16,0,12,0,0
482516,1,1,1987,11,19,22,20,18,5,28,4,16,2
482517,1,1,1987,0,0,0,0,0,0,0,0,0,0
482517,2,1,1987,0,19,0,0,0,14,0,0,0,0
482518,1,1,1987,0,0,0,0,0,0,0,0,0,0
482518,2,1,1987,33,18,18,0,12,0,18,0,15,13
482519,1,1,1987,40,14,23,15,20,5,31,20,8,12
482520,1,1,1987,26,26,26,26,26,26,26,26,26,26
482521,1,1,1987,25,30,0,23,38,11,32,28,0,0
482521,2,1,1987,12,22,0,12,19,29,11,10,21,0
482522,0,1,1987,12,19,9,8,0,13,15,6,20,23
482522,1,1,1987,16,0,0,0,0,0,0,0,0,0
482523,1,1,1987,3,3,3,3,3,3,3,3,3,3
482524,1,1,1987,7,10,4,13,17,18,20,36,26,18
482524,2,1,1987,31,30,18,14,19,13,16,36,17,11
482525,1,1,1987,4,8,12,23,5,7,14,3,8,9
482526,1,1,1987,22,0,16,0,0,24,0,0,18,0
482527,0,1,1987,0,0,0,0,0,0,0,0,0,0
482527,1,1,1987,0,0,17,0,0,0,0,5,0,0
482528,0,1,1987,36,30,14,0,19,0,0,19,32,16
482528,1,1,1987,0,0,0,0,12,0,0,8,0,0
482529,1,1,1987,0,0,0,0,0,0,0,0,0,15
482529,2,1,1987,0,0,0,0,0,7,0,0,38,0
482530,0,1,1987,31,23,22,20,35,14,12,10,0,40
482530,1,1,1987,0,0,0,19,0,0,0,0,13,9
482531,1,1,1987,18,18,18,18,18,18,18,18,18,18
482532,1,1,1987,0,0,0,0,0,0,0,0,0,0
482533,1,1,1987,0,0,0,0,0,0,0,0,0,0
482533,2,1,1987,9,9,9,9,9,9,9,9,9,9
482534,0,1,1987,0,0,0,0,0,0,0,19,0,0
482534,1,1,1987,0,0,0,0,0,0,0,0,0,0
482535,1,1,1987,18,0,30,19,30,0,0,0,21,23
482536,1,1,1987,19,19,19,19,19,19,19,19,19,19
482536,2,1,1987,0,0,0,0,0,0,0,0,0,0
482537,1,1,1987,0,0,0,0,0,0,0,0,0,0
482537,2,1,1987,0,0,0,0,0,0,0,0,0,0
482537,3,1,1987,0,0,0,0,0,0,0,0,0,0
482537,4,1,1987,0,0,0,0,0,16,0,14,0,0
482538,1,1,1987,0,0,0,0,0,0,0,0,0,0
482539,1,1,1987,8,28,20,14,0,13,8,20,32,17
482540,0,1,1987,0,0,0,0,0,0,0,0,0,0
482540,1,1,1987,0,0,0,0,0,0,0,0,0,0
482541,1,1,1987,0,0,13,0,0,0,0,0,0,0
482542,1,1,1987,0,0,0,19,0,0,0,3,15,0
482542,2,1,1987,14,11,0,0,12,0,0,0,20,0
482543,1,1,1987,11,9,12,4,27,0,24,17,6,17
482543,2,1,1987,15,0,0,6,9,27,10,10,0,7
482544,1,1,1987,8,0,37,23,29,0,15,11,15,0
482544,2,1,1987,21,0,0,11,0,0,0,0,24,0
482545,1,1,1987,10,11,0,0,0,0,0,30,0,23
482546,1,1,1987,0,0,0,0,0,0,0,0,0,6
482547,1,1,1987,10,0,24,21,0,15,0,8,0,15
482549,1,1,1987,4,4,4,4,4,4,4,4,4,4
482550,1,1,1987,0,0,0,0,0,0,0,0,0,0
482551,0,1,1987,21,0,0,0,0,16,19,23,0,0
482551,1,1,1987,0,0,0,9,0,9,0,0,0,11
482552,1,1,1987,24,9,11,11,0,9,0,3,0,11
482552,2,1,1987,0,9,0,15,5,32,14,10,7,0
482553,1,1,1987,15,0,0,0,0,0,0,0,19,0
482553,2,1,1987,1,1,1,1,1,1,1,1,1,1
482554,0,1,1987,8,0,14,0,11,0,15,37,12,0
482554,1,1,1987,0,9,13,22,24,16,0,0,37,0
482555,1,1,1987,0,23,0,19,0,21,11,0,0,0
482555,2,1,1987,14,14,14,14,14,14,14,14,14,14
482556,1,1,1987,0,0,0,0,0,0,0,0,0,0
482557,1,1,1987,32,23,14,21,17,13,16,15,14,17
482557,2,1,1987,0,0,14,6,0,0,0,0,0,0
482558,1,1,1987,0,0,0,0,0,0,0,0,0,3
482558,2,1,1987,0,0,0,0,0,16,0,0,0,0
482559,1,1,1987,0,0,0,0,0,0,0,0,13,22
482559,2,1,1987,0,0,0,0,0,19,0,0,0,0
482560,1,1,1987,12,12,12,12,12,12,12,12,12,12
482561,1,1,1987,0,0,0,0,0,0,0,0,0,0
482561,2,1,1987,0,0,0,10,0,0,0,18,0,0
482562,1,1,1987,17,0,0,0,0,0,0,0,0,0
482562,2,1,1987,0,0,7,0,0,0,0,0,22,0
482563,1,1,1987,25,25,25,25,25,25,25,25,25,25
482564,0,1,1987,0,0,0,0,0,0,0,0,0,0
482564,1,1,1987,0,0,0,13,0,0,0,0,0,0
482565,1,1,1987,31,31,31,31,31,31,31,31,31,31
482565,2,1,1987,0,0,0,0,0,0,0,0,0,0
482565,3,1,1987,0,0,0,0,0,0,0,0,0,0
482565,4,1,1987,0,0,0,0,0,0,0,0,0,0
482566,1,1,1987,16,16,16,16,16,16,16,16,16,16
482567,1,1,1987,18,18,18,18,18,18,18,18,18,18
482568,0,1,1987,0,0,0,0,10,0,0,0,0,0
482568,1,1,1987,0,0,0,0,0,0,0,0,0,0
482569,0,1,1987,8,50,10,14,0,19,16,13,0,8
482569,1,1,1987,7,22,0,28,0,0,0,0,25,19
482570,1,1,1987,13,7,21,0,10,30,14,11,20,0
482571,1,1,1987,9,0,24,13,0,14,36,3,17,11
482572,1,1,1987,0,0,0,0,6,0,0,0,0,0
482573,1,1,1987,0,0,0,13,0,0,0,0,0,0
482573,2,1,1987,0,11,0,0,0,15,0,0,0,11
482574,1,1,1987,3,3,3,3,3,3,3,3,3,3
482574,2,1,1987,0,0,0,0,0,0,0,0,0,0
482575,1,1,1987,0,0,0,0,0,0,0,0,0,0
482575,2,1,1987,0,0,8,18,0,0,0,0,0,0
482576,0,1,1987,0,0,0,0,0,0,0,0,0,0
482576,1,1,1987,30,30,30,30,30,30,30,30,30,30
482577,1,1,1987,19,15,23,0,0,0,0,3,18,12
482578,0,1,1987,0,0,0,0,12,46,0,0,0,0
482578,1,1,1987,23,0,14,0,0,0,0,21,0,21
482579,1,1,1987,0,0,0,0,0,0,0,0,0,0
482580,1,2,1987,0,0,0,0,0,0,0,0,0,0
482581,1,1,1987,0,0,0,0,0,0,0,0,0,0
482581,2,1,1987,12,12,12,12,12,12,12,12,12,12
482582,1,1,1987,0,0,0,0,0,0,0,7,0,0
482582,2,1,1987,0,0,0,0,0,0,0,0,0,0
482582,3,1,1987,0,0,0,0,0,0,0,0,0,0
482583,1,1,1987,62,62,62,62,62,62,62,62,62,62
482584,1,1,1987,18,18,18,18,18,18,18,18,18,18
482585,1,1,1987,8,8,8,8,8,8,8,8,8,8
482586,1,1,1987,0,0,0,0,0,0,0,0,0,0
482586,2,1,1987,0,7,0,0,0,7,0,0,0,0
482587,1,1,1987,0,0,0,0,0,0,0,0,0,0
482587,2,1,1987,0,0,0,5,10,0,0,0,10,0
482587,3,1,1987,0,0,0,0,0,0,0,11,0,0
482588,1,1,1987,0,0,0,0,0,0,0,0,0,0
482589,1,1,1987,16,16,16,16,16,16,16,16,16,16
482589,2,1,1987,6,2,10,25,15,26,19,10,17,27
482590,1,1,1987,0,0,0,0,0,0,0,0,0,0
482591,0,1,1987,0,0,0,0,0,0,0,0,0,0
482591,0,2,1987,0,0,0,0,0,0,0,7,0,0
482591,1,1,1987,0,0,0,0,0,0,0,0,0,0
482591,2,1,1987,0,0,0,0,0,0,0,0,0,0
482592,1,1,1987,0,0,0,0,0,3,0,0,0,0
482592,2,1,1987,0,0,0,0,0,0,0,0,0,0
482593,1,1,1987,0,0,0,0,0,0,0,0,0,0
482593,2,1,1987,0,0,0,0,0,0,0,0,0,0
482594,1,1,1987,15,15,15,15,15,15,15,15,15,15
482594,2,1,1987,5,13,19,0,7,0,16,12,14,2
482595,1,1,1987,0,0,0,0,0,0,0,0,0,0
482595,2,1,1987,0,0,0,0,0,0,0,4,0,0
482596,1,1,1987,0,0,0,0,0,0,0,0,0,0
482597,1,1,1987,11,11,11,11,11,11,11,11,11,11
482598,0,1,1987,0,0,0,14,0,0,0,0,0,0
482598,0,2,1987,0,0,7,0,0,0,0,0,0,0
482598,1,1,1987,0,0,0,0,0,0,0,14,0,0
482599,1,1,1987,29,29,29,29,29,29,29,29,29,29
482599,2,1,1987,0,0,0,0,0,0,0,0,0,0
482600,1,1,1987,29,29,29,29,29,29,29,29,29,29
482601,0,1,1987,25,0,0,0,0,0,0,14,0,0
482601,1,1,1987,9,0,13,0,0,0,0,0,0,0
482601,2,1,1987,0,0,0,0,0,0,0,0,0,0
482602,1,1,1987,0,0,0,0,0,0,0,0,0,0
482602,2,1,1987,0,0,9,0,0,9,0,0,0,0
482603,1,1,1987,31,31,31,31,31,31,31,31,31,31
482604,1,1,1987,14,14,14,14,14,14,14,14,14,14
482605,1,1,1987,28,28,28,28,28,28,28,28,28,28
482606,1,1,1987,7,7,7,7,7,7,7,7,7,7
482606,2,1,1987,0,0,0,0,0,0,0,0,0,0
482607,1,1,1987,0,0,0,0,0,0,0,0,0,0
482607,2,1,1987,0,0,0,0,0,0,0,0,0,0
482608,1,1,1987,0,0,0,0,5,0,0,0,13,0
482609,1,1,1987,2,2,2,2,2,2,2,2,2,2
482610,1,1,1987,7,0,0,0,0,0,0,0,0,21
482610,2,1,1987,0,0,0,0,0,0,0,0,0,0
482611,0,1,1987,13,13,13,13,13,13,13,13,13,13
482611,1,1,1987,16,16,16,16,16,16,16,16,16,16
482612,1,1,1987,7,7,7,7,7,7,7,7,7,7
482613,1,1,1987,0,14,16,0,0,0,0,0,0,0
482614,1,1,1987,0,0,0,14,0,0,0,3,0,0
482614,2,1,1987,0,19,0,0,0,0,9,5,10,0
482615,1,1,1987,17,17,17,17,17,17,17,17,17,17
482616,1,1,1987,29,0,0,0,0,0,0,0,0,0
482617,1,1,1987,13,13,13,13,13,13,13,13,13,13
482618,1,1,1987,26,34,28,36,13,21,29,19,9,15
482619,1,1,1987,14,14,14,14,14,14,14,14,14,14
482620,1,1,1987,1,1,1,1,1,1,1,1,1,1
482620,2,1,1987,11,11,11,11,11,11,11,11,11,11
482621,0,1,1987,0,0,0,0,0,0,0,0,0,0
482621,1,1,1987,29,12,4,2,0,0,0,17,0,0
482622,1,1,1987,15,0,24,13,7,16,7,0,5,0
482623,0,1,1987,0,21,19,17,31,12,34,0,20,41
482623,1,1,1987,22,22,22,22,22,22,22,22,22,22
482624,1,1,1987,0,0,0,14,12,0,0,0,14,0
482624,2,1,1987,12,12,12,12,12,12,12,12,12,12
482625,1,1,1987,15,15,15,15,15,15,15,15,15,15
482626,1,1,1987,18,18,18,18,18,18,18,18,18,18
482626,2,1,1987,0,15,0,0,0,0,0,0,0,0
482627,1,1,1987,0,0,0,0,0,0,0,25,0,0
482628,0,1,1987,6,6,6,6,6,6,6,6,6,6
482628,1,1,1987,0,6,0,25,0,11,16,0,0,13
482629,1,1,1987,0,16,0,0,0,18,0,0,0,0
482629,2,1,1987,4,16,0,24,0,0,0,26,0,26
482630,1,1,1987,15,0,31,0,0,24,15,0,10,0
482631,1,1,1987,0,0,0,0,0,0,0,0,0,0
482631,2,1,1987,0,0,0,0,0,0,0,0,0,0
482632,1,1,1987,9,9,9,9,9,9,9,9,9,9
482633,0,1,1987,6,7,17,0,18,0,7,17,0,31
482633,1,1,1987,14,0,0,0,8,11,0,0,26,0
482634,0,1,1987,5,0,0,0,0,0,0,0,0,0
482634,1,1,1987,0,0,0,0,0,0,0,0,0,14
482635,1,1,1987,0,0,0,0,0,0,0,0,0,0
482636,0,1,1987,28,28,28,28,28,28,28,28,28,28
482636,1,1,1987,14,8,0,0,0,25,0,0,25,0
482637,1,1,1987,17,19,13,17,7,6,26,10,18,16
482638,1,1,1987,0,0,0,9,6,0,0,0,0,0
482638,2,1,1987,0,0,0,0,0,0,0,0,0,0
482639,1,1,1987,0,0,0,0,0,0,0,0,0,0
482639,2,1,1987,0,0,0,0,0,0,0,0,0,0
482640,1,1,1987,0,0,0,0,0,0,0,0,0,0
482640,2,1,1987,0,0,0,0,0,0,0,0,0,0
482641,1,1,1987,0,0,0,0,0,0,0,0,0,0
482642,1,1,1987,10,0,0,20,19,0,0,0,0,0
482642,2,1,1987,4,0,0,0,0,3,0,14,24,8
482643,1,1,1987,19,21,12,8,0,0,3,12,21,16
482644,1,1,1987,10,10,10,10,10,10,10,10,10,10
482644,2,1,1987,13,13,13,13,13,13,13,13,13,13
482645,0,1,1987,7,0,0,0,0,0,0,0,0,0
482645,1,1,1987,0,0,0,0,0,0,0,0,9,0
482646,1,1,1987,12,12,12,12,12,12,12,12,12,12
482647,1,1,1987,20,20,20,20,20,20,20,20,20,20
482648,1,1,1987,0,0,0,0,0,0,0,0,0,0
482649,1,1,1987,24,24,24,24,24,24,24,24,24,24
482649,2,1,1987,0,0,0,0,0,0,0,0,0,0
482650,1,1,1987,0,0,0,0,0,0,0,0,0,0
482650,2,1,1987,0,0,0,0,0,0,0,0,0,0
482651,1,1,1987,0,0,15,0,0,0,26,0,8,0
482651,2,1,1987,0,0,0,0,0,0,0,0,0,0
482651,3,1,1987,0,0,0,0,0,0,0,0,0,0
482652,1,1,1987,0,0,0,0,0,0,9,0,0,0
482652,2,1,1987,5,2,4,10,3,0,9,6,36,0
482653,1,1,1987,8,11,0,0,7,0,0,0,17,18
482654,0,1,1987,10,0,0,0,0,0,0,8,0,0
482654,1,1,1987,0,0,0,0,0,0,0,0,0,0
482654,2,1,1987,0,0,0,0,0,0,0,0,0,0
482655,1,1,1987,8,0,0,0,0,21,0,0,0,0
482656,1,1,1987,16,16,16,16,16,16,16,16,16,16
482657,1,1,1987,17,17,17,17,17,17,17,17,17,17
482657,2,1,1987,0,0,0,14,0,0,0,0,0,0
482658,0,1,1987,19,0,33,20,25,0,0,0,35,15
482658,1,1,1987,0,0,0,0,28,0,0,0,6,0
482659,1,1,1987,0,0,0,0,0,0,0,0,0,0
482660,1,1,1987,21,0,0,0,0,8,0,0,0,0
482660,2,1,1987,0,0,0,0,0,0,0,0,0,0
482660,3,1,1987,16,0,0,0,0,0,0,0,0,0
482660,4,1,1987,0,0,0,0,0,0,0,0,0,0
482661,1,1,1987,0,0,0,0,0,13,0,0,0,0
482661,2,1,1987,0,10,0,0,0,17,25,0,0,0
482662,0,1,1987,31,43,0,0,0,10,22,0,12,0
482662,1,1,1987,15,0,11,0,8,14,24,0,0,0
482663,0,1,1987,0,0,0,0,0,0,0,0,0,0
482663,1,1,1987,0,0,0,0,0,0,0,0,0,0
482664,1,1,1987,0,0,0,0,0,0,0,0,0,0
482664,2,1,1987,0,0,0,0,0,0,0,0,0,0
482665,1,1,1987,27,27,27,27,27,27,27,27,27,27
482666,1,1,1987,20,20,20,20,20,20,20,20,20,20
482667,1,1,1987,0,0,0,0,0,0,0,0,0,0
482667,2,1,1987,0,0,0,0,0,0,0,0,0,0
482668,1,1,1987,18,18,18,18,18,18,18,18,18,18
482668,2,1,1987,0,0,0,0,0,0,0,0,0,0
482669,1,1,1987,0,13,23,0,45,0,0,40,28,0
482670,1,1,1987,29,29,29,29,29,29,29,29,29,29
482671,1,1,1987,3,3,3,3,3,3,3,3,3,3
482672,1,1,1987,0,0,0,0,0,0,0,0,0,0
482672,2,1,1987,0,0,0,0,0,9,0,0,0,0
482673,1,1,1987,26,13,11,10,0,18,17,0,20,0
482674,1,1,1987,0,0,0,9,7,0,0,0,0,0
482674,2,1,1987,15,16,16,14,6,22,20,18,16,27
482675,0,1,1987,0,0,0,0,19,0,0,0,0,0
482675,0,2,1987,0,0,9,0,0,0,0,15,0,0
482675,0,3,1987,0,0,0,0,0,4,0,0,0,0
482675,1,1,1987,24,24,24,24,24,24,24,24,24,24
482676,1,1,1987,12,20,16,12,12,15,16,10,10,8
482676,2,1,1987,0,8,5,6,3,20,0,17,0,0
482677,0,1,1987,0,0,0,4,13,29,3,0,0,34
482677,1,1,1987,0,0,0,0,0,0,0,0,0,0
482678,1,1,1987,0,0,14,37,0,0,0,0,0,0
482679,1,1,1987,0,0,0,0,0,0,0,0,0,0
482679,2,1,1987,0,0,0,0,0,0,0,0,0,0
482680,1,1,1987,0,0,0,0,0,0,0,0,0,0
482680,2,1,1987,22,22,22,22,22,22,22,22,22,22
482680,3,1,1987,12,0,0,0,0,0,0,0,0,0
482681,1,1,1987,0,10,0,0,0,0,25,0,0,23
482681,2,1,1987,13,13,13,13,13,13,13,13,13,13
482682,1,1,1987,17,17,17,17,17,17,17,17,17,17
482682,2,1,1987,0,0,0,0,0,0,0,0,27,0
482683,1,1,1987,0,0,9,0,0,0,0,0,0,0
482683,2,1,1987,0,0,0,0,0,0,0,0,0,0
482684,1,1,1987,12,12,12,12,12,12,12,12,12,12
482685,1,1,1987,26,26,26,26,26,26,26,26,26,26
482686,1,1,1987,24,24,24,24,24,24,24,24,24,24
482686,2,1,1987,11,11,11,11,11,11,11,11,11,11
482687,1,1,1987,0,0,0,0,0,0,0,0,0,0
482687,2,1,1987,0,0,0,0,0,0,0,0,0,0
482688,1,1,1987,0,26,13,11,0,0,0,16,21,0
482689,1,1,1987,24,24,24,24,24,24,24,24,24,24
482690,1,1,1987,21,22,10,20,25,11,16,0,0,17
482691,1,1,1987,15,22,20,10,21,24,12,16,22,8
482692,1,1,1987,29,29,29,29,29,29,29,29,29,29
482692,2,1,1987,0,0,0,0,15,0,0,7,0,0
482693,0,1,1987,0,14,0,0,15,0,0,0,0,0
482693,1,1,1987,0,0,0,8,0,0,0,0,0,0
482694,0,1,1987,0,5,0,0,0,0,0,0,0,0
482694,1,1,1987,7,7,7,7,7,7,7,7,7,7
482695,0,1,1987,0,0,0,0,0,0,27,0,2,0
482695,1,1,1987,0,0,0,0,0,0,0,0,0,0
482696,0,1,1987,10,28,0,18,24,0,0,0,19,0
482696,1,1,1987,14,5,0,8,10,13,18,15,14,10
482697,1,1,1987,0,0,0,0,0,0,0,0,0,0
482697,2,1,1987,0,0,0,0,0,0,0,0,0,0
482698,1,1,1987,12,0,26,27,22,17,18,11,0,13
482699,1,1,1987,0,0,0,0,0,0,0,10,0,0
482700,1,1,1987,26,19,17,12,21,12,22,10,17,27
482701,1,1,1987,15,22,16,23,35,14,12,30,20,0
482702,1,1,1987,15,15,15,15,15,15,15,15,15,15
482703,1,1,1987,23,23,23,23,23,23,23,23,23,23
482704,1,1,1987,0,0,0,0,0,0,0,0,0,0
482704,2,1,1987,0,0,0,0,0,0,0,0,0,0
482704,3,1,1987,0,0,17,0,0,0,0,0,0,0
482705,1,1,1987,21,21,21,21,21,21,21,21,21,21
482706,0,1,1987,35,35,35,35,35,35,35,35,35,35
482706,1,1,1987,0,15,0,0,0,0,0,0,11,0
482707,0,1,1987,9,9,9,9,9,9,9,9,9,9
482707,1,1,1987,15,11,19,0,0,31,0,0,10,39
482708,0,1,1987,0,0,0,0,0,0,0,0,0,0
482708,1,1,1987,14,10,15,0,0,20,10,0,32,28
482709,1,1,1987,0,0,0,0,0,0,0,0,3,15
482709,2,1,1987,0,0,0,0,6,0,0,0,0,0
482710,1,1,1987,0,0,0,0,12,0,0,0,0,0
482710,2,1,1987,0,0,0,0,0,0,0,0,0,0
482711,0,1,1987,18,15,7,18,12,2,11,10,16,21
482711,0,2,1987,11,26,0,0,18,34,10,24,11,0
482711,1,1,1987,9,9,9,9,9,9,9,9,9,9
482712,1,1,1987,0,10,7,27,0,15,10,24,0,0
482713,1,1,1987,18,22,21,0,17,0,41,30,29,0
482713,2,1,1987,21,0,0,0,0,0,0,0,8,0
482714,0,1,1987,0,0,15,0,0,6,32,0,0,14
482714,1,1,1987,17,0,0,8,0,6,0,0,14,0
482715,1,1,1987,0,0,0,0,0,0,0,0,0,0
482715,2,1,1987,0,0,0,10,0,0,0,0,0,0
482716,1,1,1987,26,26,26,26,26,26,26,26,26,26
482717,1,1,1987,0,16,18,20,0,24,0,12,20,21
482718,0,1,1987,0,20,0,0,0,0,0,24,19,3
482718,1,1,1987,0,0,12,8,0,0,0,0,0,0
482719,1,1,1987,13,13,13,13,13,13,13,13,13,13
482720,0,1,1987,0,0,0,0,0,0,0,0,0,0
482720,1,1,1987,9,9,9,9,9,9,9,9,9,9
482721,1,1,1987,0,0,0,4,21,0,0,0,0,0
482721,2,1,1987,0,0,0,0,0,0,0,9,9,0
482721,3,1,1987,0,0,0,0,0,0,0,0,10,0
482722,0,1,1987,0,0,0,0,0,0,0,13,0,0
482722,1,1,1987,0,0,0,0,0,0,0,0,0,0
482723,0,1,1987,23,0,41,14,0,14,27,19,19,0
482723,1,1,1987,0,0,0,0,2,0,0,0,0,0