ST_CASE,VEH_NO,PER_NO,YEAR,P1,P2,P3,P4,P5,P6,P7,P8,P9,P10
482724,0,1,1987,0,0,0,0,0,0,0,0,0,0
482724,1,1,1987,0,0,0,0,0,0,0,0,0,0
482725,1,1,1987,14,23,13,14,29,4,21,19,27,28
482726,1,1,1987,31,0,0,0,0,0,0,0,0,0
482727,1,1,1987,0,26,0,0,0,0,0,0,0,0
482727,2,1,1987,0,0,0,0,0,0,0,0,0,0
482728,1,1,1987,17,17,17,17,17,17,17,17,17,17
482728,2,1,1987,6,14,9,11,0,0,12,12,19,19
482729,1,1,1987,1,1,1,1,1,1,1,1,1,1
482729,2,1,1987,0,0,0,0,0,0,0,0,0,0
482730,1,1,1987,8,8,0,19,22,21,17,0,17,35
482731,1,1,1987,0,0,0,0,0,0,0,0,0,0
482731,2,1,1987,0,5,0,0,0,0,0,0,0,0
482732,0,1,1987,11,0,0,0,21,0,20,0,0,0
482732,1,1,1987,0,0,13,8,17,0,6,0,0,0
482733,1,1,1987,0,0,0,0,0,0,0,0,0,0
482733,2,1,1987,11,0,0,0,0,0,5,0,0,0
482735,0,1,1987,0,0,0,0,0,0,0,0,0,0
482735,1,1,1987,0,0,0,0,0,0,0,0,0,0
482736,0,1,1987,33,0,9,18,14,0,0,0,0,10
482736,1,1,1987,6,5,8,0,0,0,0,0,0,0
482737,0,1,1987,28,28,28,28,28,28,28,28,28,28
482737,1,1,1987,0,16,0,0,23,0,0,20,13,0
482738,1,1,1987,0,0,0,0,0,0,0,0,0,0
482738,2,1,1987,0,0,0,33,0,0,0,0,17,0
482739,1,1,1987,0,0,0,0,0,0,0,0,0,26
482739,2,1,1987,0,0,0,0,0,0,0,0,0,0
482739,3,1,1987,0,0,0,0,0,0,0,0,23,0
482740,1,1,1987,0,0,0,0,0,0,0,0,0,0
482740,2,1,1987,0,0,0,0,0,0,0,0,0,0
482741,1,1,1987,16,16,16,16,16,16,16,16,16,16
482742,1,1,1987,16,27,0,0,0,0,10,20,0,0
482743,1,1,1987,12,12,12,12,12,12,12,12,12,12
482744,1,1,1987,0,0,0,0,0,0,0,0,0,0
482744,2,1,1987,0,8,0,9,0,15,0,0,0,26
482745,1,1,1987,31,16,9,17,10,27,17,13,13,10
482746,1,1,1987,0,0,0,0,0,0,0,0,0,0
482746,2,1,1987,0,0,0,0,0,0,0,0,0,0
482747,0,1,1987,22,24,13,24,29,32,14,60,27,17
482747,0,2,1987,9,16,0,13,4,11,0,10,14,9
482747,1,1,1987,14,48,49,32,17,30,13,15,12,11
482748,1,1,1987,13,16,31,8,0,0,11,0,0,0
482748,2,1,1987,0,0,0,0,7,0,4,0,0,0
482749,1,1,1987,0,0,0,15,0,17,0,26,14,0
482750,0,1,1987,0,23,27,0,19,27,0,12,24,37
482750,0,2,1987,0,0,0,0,0,0,0,18,0,0
482750,1,1,1987,10,24,49,0,8,32,10,19,7,11
482751,1,1,1987,0,15,3,17,18,0,23,14,0,0
482751,2,1,1987,17,0,0,0,0,0,0,0,29,0
482752,1,1,1987,10,10,10,10,10,10,10,10,10,10
482752,2,1,1987,0,0,0,0,0,0,0,0,0,0
482752,3,1,1987,0,0,4,0,0,0,0,0,0,0
482753,1,1,1987,0,0,8,0,0,12,0,0,12,0
482754,1,1,1987,0,0,0,0,0,0,0,0,0,0
482754,2,1,1987,0,15,0,0,0,0,0,0,0,0
482755,1,1,1987,17,17,17,17,17,17,17,17,17,17
482756,0,1,1987,3,28,18,4,20,35,13,19,23,16
482756,1,1,1987,0,0,32,11,0,16,0,0,0,0
482757,1,1,1987,0,0,0,0,0,0,0,0,4,0
482757,2,1,1987,0,12,0,0,0,0,0,0,0,0
482757,3,1,1987,0,0,0,0,0,0,0,0,0,0
482758,1,1,1987,0,0,0,0,0,0,0,0,0,0
482758,2,1,1987,14,14,14,14,14,14,14,14,14,14
482759,0,1,1987,16,11,0,3,24,15,11,20,0,7
482759,1,1,1987,5,0,0,0,0,0,9,0,16,0
482760,1,1,1987,8,17,2,14,26,6,11,5,12,22
482761,1,1,1987,0,0,5,0,0,0,0,8,0,0
482761,2,1,1987,29,0,15,21,0,26,0,0,8,0
482762,1,1,1987,21,21,21,21,21,21,21,21,21,21
482763,1,1,1987,23,23,23,23,23,23,23,23,23,23
482764,1,1,1987,0,6,16,17,18,14,4,11,10,13
482765,1,1,1987,0,0,0,0,0,0,0,0,0,0
482765,2,1,1987,31,31,31,31,31,31,31,31,31,31
482766,1,1,1987,0,0,0,0,0,0,0,0,0,0
482766,2,1,1987,0,0,0,0,0,0,0,0,0,0
482767,1,1,1987,0,0,0,0,0,0,0,0,8,0
482767,2,1,1987,0,0,0,0,0,0,0,0,0,0
482768,1,1,1987,0,0,0,0,0,0,0,0,0,0
482768,2,1,1987,0,0,0,0,0,9,0,0,33,0
482769,0,1,1987,0,17,22,14,0,29,0,20,19,25
482769,1,1,1987,0,0,0,0,0,0,0,0,0,0
482770,0,1,1987,0,0,0,0,0,0,0,0,0,0
482770,1,1,1987,0,0,0,0,0,0,0,0,0,0
482771,1,1,1987,0,0,0,0,0,0,0,0,0,0
482771,2,1,1987,0,0,0,0,0,0,0,0,0,0
482771,3,1,1987,0,0,0,0,0,0,0,0,0,0
482772,1,1,1987,11,11,0,0,0,0,0,0,0,0
482772,2,1,1987,0,0,0,0,0,0,0,0,0,0
482773,1,1,1987,19,27,20,11,17,16,9,21,32,14
482774,0,1,1987,0,0,0,0,0,0,0,0,0,0
482774,1,1,1987,0,0,0,6,0,0,0,0,14,7
482775,1,1,1987,0,18,0,0,0,0,0,0,0,0
482775,2,1,1987,9,9,9,9,9,9,9,9,9,9
482776,1,1,1987,7,7,7,7,7,7,7,7,7,7
482777,1,1,1987,0,0,0,0,0,0,0,0,0,0
482777,2,1,1987,0,0,0,0,0,0,0,0,0,0
482778,1,1,1987,18,18,18,18,18,18,18,18,18,18
482779,0,1,1987,0,0,0,0,0,0,0,0,0,0
482779,1,1,1987,0,0,0,0,0,20,0,0,30,0
482780,1,1,1987,21,21,21,21,21,21,21,21,21,21
482780,2,1,1987,0,0,0,0,0,0,0,0,0,0
482781,0,1,1987,10,11,0,0,3,0,0,0,0,36
482781,1,1,1987,0,0,0,0,0,0,0,0,0,11
482782,0,1,1987,34,34,34,34,34,34,34,34,34,34
482782,1,1,1987,0,0,0,0,0,0,0,0,0,0
482783,1,1,1987,0,0,0,3,0,0,28,32,0,0
482784,1,1,1987,29,29,29,29,29,29,29,29,29,29
482785,1,1,1987,23,23,23,23,23,23,23,23,23,23
482786,1,1,1987,14,2,0,0,6,0,0,0,0,0
482786,2,1,1987,15,20,20,20,13,17,10,14,29,17
482787,0,1,1987,0,0,0,0,0,0,0,0,0,15
482787,0,2,1987,18,0,0,0,0,0,0,0,0,0
482787,1,1,1987,0,0,0,0,0,0,0,5,0,0
482788,1,1,1987,0,0,0,0,0,0,0,0,0,0
482788,2,1,1987,0,0,0,14,0,0,0,0,0,0
482789,1,1,1987,18,0,0,14,0,22,0,8,0,21
482789,2,1,1987,0,0,0,0,0,0,0,0,0,0
482790,1,1,1987,0,11,19,19,0,0,0,0,11,0
482791,1,1,1987,18,18,18,18,18,18,18,18,18,18
482792,0,1,1987,0,0,0,0,0,0,9,0,25,6
482792,1,1,1987,0,0,0,0,0,0,0,0,0,0
482793,1,1,1987,8,8,8,8,8,8,8,8,8,8
482794,0,1,1987,33,29,24,9,11,29,27,0,10,7
482794,1,1,1987,24,0,16,13,0,15,0,0,20,0
482795,1,1,1987,0,0,0,0,0,0,0,0,0,0
482796,1,1,1987,0,0,27,26,0,10,8,32,0,17
482797,0,1,1987,0,0,0,0,0,0,0,0,0,0
482797,1,1,1987,0,0,0,0,0,0,0,0,0,0
482798,1,1,1987,0,0,0,0,0,0,0,0,0,0
482799,0,1,1987,20,20,20,20,20,20,20,20,20,20
482799,1,1,1987,24,10,20,16,24,14,11,0,10,10
482800,1,1,1987,0,0,0,0,0,0,0,0,0,0
482800,2,1,1987,0,0,0,0,0,0,0,0,0,0
482801,1,1,1987,10,0,0,0,0,3,0,16,23,0
482801,2,1,1987,0,0,0,0,0,0,0,1,0,0
482802,1,1,1987,22,0,0,0,0,0,24,0,0,0
482803,1,1,1987,25,25,25,25,25,25,25,25,25,25
482804,1,1,1987,0,0,0,0,0,0,0,0,0,0
482804,2,1,1987,14,14,14,14,14,14,14,14,14,14
482804,3,1,1987,0,4,0,0,0,0,0,0,0,0
482805,1,1,1987,10,10,10,10,10,10,10,10,10,10
482805,2,1,1987,0,0,0,0,0,0,0,0,0,0
482806,1,1,1987,0,0,0,0,0,0,0,0,0,0
482806,2,1,1987,0,0,0,0,0,0,0,0,19,0
482807,1,1,1987,15,15,15,15,15,15,15,15,15,15
482808,1,1,1987,0,0,0,0,0,0,0,0,0,0
482808,2,1,1987,0,0,0,0,0,0,0,21,0,0
482809,1,1,1987,0,0,0,0,0,0,0,0,0,0
482809,2,1,1987,0,0,0,0,0,0,0,0,0,0
482810,1,1,1987,20,8,2,11,27,10,19,20,2,14
482810,2,1,1987,0,0,0,0,0,0,0,0,0,0
482811,1,1,1987,7,0,0,12,0,16,0,0,0,0
482811,2,1,1987,3,18,25,19,27,21,16,25,25,1
482812,1,1,1987,0,0,0,0,0,0,0,0,0,0
482813,0,1,1987,0,0,0,0,8,0,0,0,0,6
482813,1,1,1987,16,7,14,10,14,8,2,14,11,5
482814,1,1,1987,14,14,14,14,14,14,14,14,14,14
482814,2,1,1987,28,14,0,0,0,0,29,0,19,0
482815,1,1,1987,0,0,0,0,0,0,0,0,0,0
482816,1,1,1987,0,0,0,0,0,0,0,0,0,0
482816,2,1,1987,0,0,0,0,0,0,0,0,0,0
482817,1,1,1987,0,15,0,18,22,0,0,0,43,12
482817,2,1,1987,25,25,25,25,25,25,25,25,25,25
482818,0,1,1987,13,13,13,13,13,13,13,13,13,13
482818,1,1,1987,0,29,12,0,25,10,0,0,0,0
482819,1,1,1987,6,21,0,11,12,8,14,17,27,31
482820,1,1,1987,13,0,0,10,0,0,21,11,0,13
482820,2,1,1987,0,0,0,0,0,0,0,0,0,0
482821,1,1,1987,0,0,0,0,0,0,0,0,0,0
482822,0,1,1987,0,0,0,0,0,0,0,0,0,0
482822,1,1,1987,0,0,0,0,0,0,0,0,0,0
482823,1,1,1987,0,37,0,24,25,0,0,17,0,0
482824,1,1,1987,0,0,5,0,0,0,0,0,0,0
482824,2,1,1987,0,0,0,0,0,0,0,0,0,0
482824,3,1,1987,0,0,0,0,0,0,0,0,0,0
482825,1,1,1987,0,0,0,0,0,0,0,0,0,0
482825,2,1,1987,30,30,30,30,30,30,30,30,30,30
482826,1,1,1987,4,4,4,4,4,4,4,4,4,4
482827,1,1,1987,0,0,0,0,0,0,0,0,0,0
482828,1,1,1987,0,0,0,0,0,0,0,0,0,0
482829,1,1,1987,0,0,0,0,0,0,0,0,0,0
482829,2,1,1987,0,19,0,0,0,0,0,0,0,0
482830,1,1,1987,17,17,17,17,17,17,17,17,17,17
482830,2,1,1987,0,0,0,0,0,0,0,0,0,0
482831,1,1,1987,0,0,0,0,0,0,0,0,0,0
482831,2,1,1987,7,20,12,11,15,9,14,3,7,9
482832,1,1,1987,24,24,24,24,24,24,24,24,24,24
482832,2,1,1987,24,0,0,0,24,18,0,10,0,26
482833,0,1,1987,45,45,45,45,45,45,45,45,45,45
482833,1,1,1987,0,0,0,14,0,0,0,0,0,0
482834,1,1,1987,10,31,15,8,21,25,11,12,19,0
482835,1,1,1987,6,0,21,0,0,3,0,0,0,0
482835,2,1,1987,24,24,24,24,24,24,24,24,24,24
482836,0,1,1987,0,0,0,0,0,0,0,0,0,0
482836,0,2,1987,6,11,6,0,0,36,0,0,10,0
482837,1,1,1987,23,22,7,20,17,19,0,26,0,16
482838,0,1,1987,0,0,0,15,11,0,13,0,21,0
482838,1,1,1987,0,0,0,0,0,0,0,13,0,0
482839,0,1,1987,38,24,22,5,0,0,0,15,0,9
482839,1,1,1987,0,16,0,0,0,0,0,0,0,0
482840,0,1,1987,0,16,9,0,0,0,0,15,0,0
482840,1,1,1987,20,28,14,39,8,18,0,22,8,0
482841,0,1,1987,0,0,0,0,0,0,0,0,0,0
482841,1,1,1987,0,0,0,0,0,0,19,0,0,0
482842,1,1,1987,16,16,16,16,16,16,16,16,16,16
482842,2,1,1987,14,0,28,16,0,21,0,18,9,0
482842,3,1,1987,0,0,0,17,12,14,36,7,14,22
482843,1,1,1987,31,31,31,31,31,31,31,31,31,31
482844,1,1,1987,12,13,5,11,0,10,17,13,0,0
482845,1,1,1987,9,9,9,9,9,9,9,9,9,9
482845,2,1,1987,0,0,0,0,0,0,0,0,0,0
482846,1,1,1987,9,0,0,0,16,11,0,4,0,0
482846,2,1,1987,8,29,0,0,0,15,0,0,0,0
482847,1,1,1987,29,20,0,0,21,0,23,0,0,0
482848,1,1,1987,25,0,12,14,27,0,0,8,29,11
482848,2,1,1987,0,0,0,0,0,0,0,0,0,0
482849,0,1,1987,0,0,0,0,14,0,0,0,0,0
482849,1,1,1987,0,14,0,0,0,0,0,0,0,0
482850,1,1,1987,28,28,28,28,28,28,28,28,28,28
482850,2,1,1987,0,0,0,0,0,0,0,0,0,0
482851,1,1,1987,0,0,10,0,7,0,0,0,4,0
482851,2,1,1987,0,0,0,0,0,19,0,0,6,11
482852,1,1,1987,0,0,0,0,0,13,0,0,0,0
482853,1,1,1987,20,20,19,19,18,22,7,25,20,8
482854,1,1,1987,11,13,4,0,15,10,0,0,10,14
482855,1,1,1987,0,0,0,0,0,0,0,0,0,0
482855,2,1,1987,0,0,0,0,0,0,0,0,0,0
482856,1,1,1987,0,0,0,0,0,0,0,19,13,16
482857,0,1,1987,0,0,0,0,0,11,0,0,0,15
482857,1,1,1987,13,0,0,0,8,0,0,0,10,0
482858,1,1,1987,11,11,11,11,11,11,11,11,11,11
482859,1,1,1987,0,0,0,0,0,20,12,0,0,17
482860,1,1,1987,0,0,0,0,0,0,0,0,0,0
482860,2,1,1987,0,0,0,0,0,0,0,0,0,0
482860,3,1,1987,0,0,0,0,0,0,0,0,0,0
482861,1,1,1987,4,14,13,0,25,0,0,0,0,14
482861,2,1,1987,4,10,0,0,6,22,0,10,0,4
482862,0,1,1987,10,19,0,0,0,37,0,0,0,0
482862,1,1,1987,0,0,0,0,0,35,7,0,31,22
482863,1,1,1987,13,13,13,13,13,13,13,13,13,13
482863,2,1,1987,0,0,7,4,0,11,0,0,0,0
482864,0,1,1987,0,0,0,0,0,0,0,0,0,0
482864,1,1,1987,0,0,0,0,0,0,0,0,0,0
482865,1,1,1987,0,0,0,0,5,0,0,0,12,0
482865,2,1,1987,0,0,0,0,0,0,0,0,0,0
482866,0,1,1987,25,25,25,25,25,25,25,25,25,25
482866,1,1,1987,0,0,0,0,0,0,0,0,0,0
482867,1,1,1987,11,0,0,0,0,0,24,0,0,0
482868,1,1,1987,0,0,0,26,0,0,7,0,0,8
482869,0,1,1987,27,31,0,15,27,0,14,17,17,23
482869,1,1,1987,4,22,0,21,13,8,16,12,0,15
482870,1,1,1987,0,0,0,0,23,0,5,0,0,0
482871,0,1,1987,23,14,0,19,13,27,0,16,9,9
482871,1,1,1987,8,13,11,10,9,0,13,22,17,0
482871,2,1,1987,0,0,0,0,0,0,0,10,0,20
482872,1,1,1987,0,0,0,0,0,0,0,0,0,0
482873,1,1,1987,0,0,0,0,0,0,0,0,10,0
482873,2,1,1987,0,0,11,0,0,11,0,19,0,0
482874,1,1,1987,6,6,6,6,6,6,6,6,6,6
482875,1,1,1987,21,21,21,21,21,21,21,21,21,21
482876,1,1,1987,27,0,21,16,17,17,6,23,8,25
482877,1,1,1987,0,5,0,0,0,0,0,0,14,0
482878,1,1,1987,20,20,20,20,20,20,20,20,20,20
482878,2,1,1987,20,0,0,0,0,0,15,0,0,0
482878,3,1,1987,0,0,0,0,0,0,0,0,29,0
482879,1,1,1987,0,0,0,0,17,14,0,25,0,0
482879,2,1,1987,0,0,23,0,0,12,0,0,14,0
482879,3,1,1987,0,0,9,0,0,26,0,0,0,0
482879,4,1,1987,0,0,0,0,0,14,0,0,19,0
482880,1,1,1987,0,0,0,0,0,19,0,0,0,0
482880,2,1,1987,0,18,7,0,10,0,0,22,0,0
482881,0,1,1987,0,0,0,0,0,0,0,0,0,0
482881,1,1,1987,0,0,0,0,0,0,0,0,0,0
482882,1,1,1987,0,0,0,0,0,0,0,0,0,0
482883,1,1,1987,0,0,0,0,0,0,0,0,0,0
482884,1,1,1987,0,0,0,0,0,0,0,0,0,0
482885,0,1,1987,0,0,16,16,0,0,11,0,0,22
482885,1,1,1987,3,20,0,13,0,14,0,6,19,9
482886,1,1,1987,0,16,0,0,30,12,10,7,0,10
482887,1,1,1987,0,0,0,0,0,0,0,0,0,0
482887,2,1,1987,0,0,0,0,0,0,0,0,0,0
482887,3,1,1987,0,0,17,0,0,0,0,0,0,0
482887,4,1,1987,0,0,0,0,0,0,0,0,0,0
482887,5,1,1987,0,0,0,0,0,0,0,0,0,0
482887,6,1,1987,0,0,0,0,0,0,0,0,0,0
482887,7,1,1987,0,0,0,0,0,0,0,0,0,0
482888,1,1,1987,0,20,0,17,2,22,5,15,18,0
482889,1,1,1987,16,15,11,0,0,0,0,0,0,28
482890,1,1,1987,0,0,0,0,0,0,0,0,15,8
482890,2,1,1987,0,0,0,0,0,0,0,0,0,0
482891,1,1,1987,0,0,0,0,18,14,0,0,0,6
482891,2,1,1987,0,0,0,0,0,0,9,0,0,0
482891,3,1,1987,0,0,0,0,0,0,0,0,0,0
482891,4,1,1987,0,0,0,0,0,0,0,0,0,0
482892,1,1,1987,0,0,0,28,9,20,14,0,0,4
482893,0,1,1987,0,0,0,0,0,0,0,0,0,0
482893,1,1,1987,0,0,0,0,11,0,0,0,0,0
482894,1,1,1987,3,3,3,3,3,3,3,3,3,3
482895,1,1,1987,0,0,0,0,0,0,0,0,0,0
482896,1,1,1987,0,0,0,11,0,0,0,0,0,18
482896,2,1,1987,13,13,13,13,13,13,13,13,13,13
482897,0,1,1987,0,0,0,0,0,0,0,0,0,0
482897,1,1,1987,0,0,0,0,21,0,16,0,0,0
482897,2,1,1987,18,0,0,0,11,0,0,0,0,4
482898,1,1,1987,19,17,6,5,13,8,16,5,7,29
482899,1,1,1987,24,0,21,0,0,0,0,0,16,8
482900,0,1,1987,25,25,25,25,25,25,25,25,25,25
482900,1,1,1987,0,26,0,0,0,10,0,0,21,0
482901,1,1,1987,26,13,20,0,14,9,17,0,10,0
482902,1,1,1987,10,0,0,0,0,0,0,0,0,0
482903,1,1,1987,0,0,0,0,0,0,0,0,0,0
482903,2,1,1987,0,0,0,0,0,0,0,3,0,0
482904,1,1,1987,26,12,0,17,4,6,13,0,14,18
482905,1,1,1987,22,27,0,13,0,15,18,7,23,23
482905,2,1,1987,18,14,9,0,34,0,0,0,15,25
482906,0,1,1987,0,0,0,0,0,0,0,0,0,0
482906,1,1,1987,0,0,0,0,0,0,0,0,2,0
490001,0,1,1987,15,15,15,15,15,15,15,15,15,15
490001,1,1,1987,0,0,0,0,0,0,0,0,0,0
490002,1,1,1987,0,0,0,0,0,0,0,0,0,0
490002,2,1,1987,0,0,0,0,0,0,0,0,0,0
490003,1,1,1987,0,0,0,0,0,0,0,0,0,0
490004,1,1,1987,0,0,0,0,0,0,0,0,0,0
490004,2,1,1987,0,0,0,0,0,0,0,0,0,0
490005,1,1,1987,0,0,0,0,0,0,0,0,0,0
490006,1,1,1987,0,0,0,0,0,0,0,0,0,0
490006,2,1,1987,0,0,0,0,16,0,0,28,0,0
490006,3,1,1987,0,0,0,0,0,0,0,0,0,0
490006,4,1,1987,0,0,0,0,0,0,0,0,0,0
490007,1,1,1987,25,25,25,25,25,25,25,25,25,25
490008,1,1,1987,0,0,0,0,16,0,0,0,4,0
490008,2,1,1987,0,0,0,0,0,0,0,0,0,0
490009,0,1,1987,0,0,0,0,0,0,0,0,0,0
490009,1,1,1987,0,0,17,0,0,0,0,12,0,0
490010,0,1,1987,0,0,0,0,0,0,0,0,0,0
490010,1,1,1987,0,0,0,0,0,0,0,0,0,0
490011,1,1,1987,6,6,6,6,6,6,6,6,6,6
490012,0,1,1987,0,0,14,7,0,0,0,18,0,0
490012,1,1,1987,0,0,0,0,0,0,0,0,0,0
490013,1,1,1987,18,18,18,18,18,18,18,18,18,18
490014,0,1,1987,0,0,0,0,0,0,0,0,0,0
490014,1,1,1987,0,0,0,0,0,0,0,0,0,0
490015,1,1,1987,0,0,0,0,0,0,0,0,0,0
490015,2,1,1987,0,0,0,0,0,0,0,0,0,0
490016,0,1,1987,0,0,0,6,0,0,0,0,0,0
490016,1,1,1987,3,3,3,3,3,3,3,3,3,3
490017,1,1,1987,0,0,0,0,0,0,0,0,0,0
490018,1,1,1987,19,19,19,19,19,19,19,19,19,19
490019,1,1,1987,24,24,24,24,24,24,24,24,24,24
490019,2,1,1987,0,0,0,0,0,0,0,0,0,0
490020,0,1,1987,0,0,0,0,0,0,0,0,0,0
490020,1,1,1987,0,0,0,0,0,0,0,0,0,0
490022,1,1,1987,26,26,26,26,26,26,26,26,26,26
490023,1,1,1987,0,0,0,0,0,0,0,0,0,0
490023,2,1,1987,0,0,0,0,40,0,0,0,0,0
490024,1,1,1987,0,0,0,0,0,0,0,0,0,0
490024,2,1,1987,0,0,0,0,0,0,0,0,0,0
490025,1,1,1987,0,0,0,0,0,0,0,0,0,0
490025,2,1,1987,21,21,21,21,21,21,21,21,21,21
490026,0,1,1987,0,0,0,0,0,0,0,0,0,0
490026,1,1,1987,0,0,0,0,0,0,0,0,0,0
490027,1,1,1987,0,0,0,0,0,0,0,0,0,0
490027,2,1,1987,0,0,0,0,0,0,0,0,0,0
490028,1,1,1987,34,34,34,34,34,34,34,34,34,34
490028,2,1,1987,8,8,8,8,8,8,8,8,8,8
490029,1,1,1987,24,24,24,24,24,24,24,24,24,24
490030,0,1,1987,0,0,0,0,0,0,0,0,0,0
490030,1,1,1987,0,0,0,0,0,0,0,0,0,0
490032,1,1,1987,0,0,0,0,0,0,0,0,0,0
490033,0,1,1987,0,0,0,0,0,0,0,0,0,0
490033,1,1,1987,0,0,0,0,0,0,0,0,0,0
490034,1,1,1987,8,8,8,8,8,8,8,8,8,8
490034,2,1,1987,9,9,9,9,9,9,9,9,9,9
490035,0,1,1987,0,0,0,0,0,0,0,0,0,0
490035,1,1,1987,0,0,0,0,0,0,0,0,0,5
490036,1,1,1987,15,15,15,15,15,15,15,15,15,15
490037,1,1,1987,20,20,20,20,20,20,20,20,20,20
490038,1,1,1987,14,14,14,14,14,14,14,14,14,14
490039,1,1,1987,0,0,0,0,0,0,0,0,0,0
490040,0,1,1987,0,0,0,0,0,0,0,0,0,0
490040,1,1,1987,0,0,0,0,0,0,0,0,0,0
490041,1,1,1987,0,0,26,0,0,0,0,0,0,8
490042,1,1,1987,0,0,0,0,0,0,0,0,0,0
490043,0,1,1987,0,19,26,35,0,0,27,13,29,8
490043,1,1,1987,15,22,14,17,7,16,24,9,12,21
490043,2,1,1987,0,30,0,0,12,10,0,17,0,0
490044,0,1,1987,0,0,0,0,0,0,0,15,0,0
490044,1,1,1987,0,0,0,0,0,0,0,0,0,0
490045,1,1,1987,21,21,21,21,21,21,21,21,21,21
490046,0,1,1987,17,17,17,17,17,17,17,17,17,17
490046,1,1,1987,0,0,0,0,0,0,0,0,0,0
490047,0,1,1987,0,0,0,0,0,0,0,0,0,0
490047,1,1,1987,0,0,0,0,0,0,0,0,0,0
490048,1,1,1987,11,11,11,11,11,11,11,11,11,11
490048,2,1,1987,0,0,0,0,0,0,0,0,0,0
490050,1,1,1987,22,22,22,22,22,22,22,22,22,22
490051,1,1,1987,8,8,8,8,8,8,8,8,8,8
490052,1,1,1987,0,0,0,0,0,0,0,0,0,0
490052,2,1,1987,0,0,0,0,0,0,0,0,0,0
490053,0,1,1987,0,0,0,0,0,0,0,0,0,0
490053,1,1,1987,0,0,0,0,0,0,0,0,0,0
490054,0,1,1987,0,0,0,0,0,0,0,0,0,0
490054,1,1,1987,0,0,0,0,0,0,0,0,0,0
490055,0,1,1987,0,0,0,0,0,0,0,0,0,0
490055,1,1,1987,0,0,0,0,0,0,0,0,0,0
490056,1,1,1987,0,0,0,0,0,8,0,0,0,0
490056,2,1,1987,16,16,16,16,16,16,16,16,16,16
490057,1,1,1987,0,0,0,0,0,0,0,0,0,0
490058,1,1,1987,17,18,9,14,13,22,21,15,13,9
490059,1,1,1987,26,26,26,26,26,26,26,26,26,26
490060,1,1,1987,0,0,0,0,0,0,0,10,0,29
490061,1,1,1987,0,0,0,0,0,0,0,0,0,0
490061,2,1,1987,0,0,0,0,0,0,0,0,0,0
490062,1,1,1987,0,0,0,0,0,0,0,0,0,0
490063,0,1,1987,0,0,0,0,0,0,0,0,0,0
490063,1,1,1987,0,0,0,0,0,0,0,0,0,0
490064,1,1,1987,3,3,3,3,3,3,3,3,3,3
490065,0,1,1987,5,5,5,5,5,5,5,5,5,5
490065,1,1,1987,0,0,0,0,0,0,0,0,0,0
490066,1,1,1987,17,17,17,17,17,17,17,17,17,17
490067,1,1,1987,17,19,0,0,0,0,22,20,20,29
490067,2,1,1987,0,0,0,0,0,0,0,0,0,0
490068,1,1,1987,0,0,0,0,0,0,0,0,0,0
490068,2,1,1987,0,0,0,0,0,0,0,0,0,0
490069,1,1,1987,0,0,0,0,0,0,0,0,0,0
490070,0,1,1987,0,0,0,0,0,0,0,0,0,0
490070,1,1,1987,0,0,0,0,0,0,0,0,0,0
490072,1,1,1987,5,5,5,5,5,5,5,5,5,5
490072,2,1,1987,0,0,0,0,0,0,0,0,0,0
490073,1,1,1987,0,0,0,0,0,0,0,0,0,0
490073,2,1,1987,0,0,0,0,0,0,0,0,0,0
490074,0,1,1987,18,18,18,18,18,18,18,18,18,18
490074,1,1,1987,0,0,0,0,0,0,0,0,0,0
490075,0,1,1987,0,0,0,0,0,0,0,0,0,0
490075,1,1,1987,0,0,0,0,0,0,0,0,0,0
490076,0,1,1987,0,0,0,0,0,0,0,0,0,0
490076,1,1,1987,0,0,0,0,0,0,0,0,0,0
490077,1,1,1987,0,0,0,0,0,0,0,0,0,0
490078,1,1,1987,0,0,0,0,0,0,0,0,0,0
490078,2,1,1987,0,0,0,0,0,0,0,0,0,0
490079,0,1,1987,15,15,15,15,15,15,15,15,15,15
490079,1,1,1987,23,23,23,23,23,23,23,23,23,23
490081,0,1,1987,0,11,15,27,0,35,0,26,0,0
490082,1,1,1987,0,0,0,12,0,0,0,0,0,0
490083,1,1,1987,0,0,0,11,0,0,13,0,10,0
490083,2,1,1987,0,0,0,0,17,0,0,0,15,0
490084,0,1,1987,3,3,3,3,3,3,3,3,3,3
490084,1,1,1987,26,26,26,26,26,26,26,26,26,26
490085,0,1,1987,0,0,0,0,0,0,0,0,0,0
490085,1,1,1987,0,0,0,0,0,0,0,0,0,0
490086,1,1,1987,29,29,29,29,29,29,29,29,29,29
490087,1,1,1987,0,0,0,0,0,0,0,0,0,0
490087,2,1,1987,0,0,0,0,0,0,0,0,0,0
490088,1,1,1987,0,0,0,0,0,0,0,0,0,0
490088,2,1,1987,0,0,0,0,0,0,0,0,0,0
490089,1,1,1987,7,7,7,7,7,7,7,7,7,7
490089,2,1,1987,0,0,0,0,0,0,0,0,0,0
490090,1,1,1987,0,0,0,0,0,0,0,0,0,0
490091,1,1,1987,17,17,17,17,17,17,17,17,17,17
490092,1,1,1987,0,0,0,0,0,0,0,0,0,0