ST_CASE,VEH_NO,PER_NO,YEAR,P1,P2,P3,P4,P5,P6,P7,P8,P9,P10
490092,2,1,1987,0,0,0,0,0,0,0,0,0,0
490092,3,1,1987,0,0,0,0,0,0,0,0,0,0
490093,1,1,1987,0,0,0,0,0,0,0,0,0,0
490093,2,1,1987,0,0,0,0,0,0,0,0,0,0
490094,0,1,1987,0,0,0,2,0,0,0,0,32,16
490094,0,2,1987,0,0,0,0,0,29,0,7,0,0
490094,1,1,1987,0,0,0,0,0,0,0,0,0,0
490095,1,1,1987,14,14,14,14,14,14,14,14,14,14
490096,1,1,1987,0,0,0,0,0,0,0,0,0,0
490096,2,1,1987,0,0,0,0,0,0,0,0,0,0
490097,1,1,1987,0,15,0,0,29,0,0,0,8,0
490098,1,1,1987,0,0,0,0,0,0,0,0,0,0
490099,1,1,1987,0,0,0,0,0,0,0,0,0,0
490100,1,1,1987,0,0,0,0,0,0,0,0,0,0
490100,2,1,1987,0,0,0,0,0,0,0,0,0,0
490101,1,1,1987,17,17,17,17,17,17,17,17,17,17
490102,1,1,1987,36,36,36,36,36,36,36,36,36,36
490103,1,1,1987,0,0,0,0,0,0,0,0,0,0
490103,2,1,1987,0,0,0,0,0,0,0,0,0,0
490104,1,1,1987,25,25,25,25,25,25,25,25,25,25
490105,0,1,1987,0,0,0,0,0,0,0,0,0,0
490105,0,2,1987,3,31,0,9,0,0,0,0,16,0
490105,0,3,1987,0,0,16,3,5,0,10,18,0,0
490105,1,1,1987,0,0,0,0,0,0,0,0,0,0
490106,1,1,1987,25,25,25,25,25,25,25,25,25,25
490107,1,1,1987,0,0,0,0,0,0,0,0,0,0
490108,1,1,1987,13,13,13,13,13,13,13,13,13,13
490109,1,1,1987,0,0,0,0,0,0,0,0,0,0
490110,1,1,1987,8,8,8,8,8,8,8,8,8,8
490111,1,1,1987,8,8,8,8,8,8,8,8,8,8
490112,1,1,1987,0,0,0,0,0,0,0,0,0,0
490112,2,1,1987,0,0,0,0,0,0,0,0,0,0
490112,3,1,1987,0,0,0,0,0,0,0,0,0,0
490113,1,1,1987,5,5,5,5,5,5,5,5,5,5
490114,0,1,1987,13,13,13,13,13,13,13,13,13,13
490114,1,1,1987,23,23,23,23,23,23,23,23,23,23
490115,1,1,1987,0,0,0,0,0,0,0,0,0,0
490115,2,1,1987,0,21,0,0,0,0,0,0,0,0
490116,1,1,1987,0,0,0,0,0,0,0,0,0,0
490116,2,1,1987,0,0,21,19,13,21,0,30,6,0
490117,1,1,1987,23,0,0,0,0,0,0,0,0,0
490118,1,1,1987,0,0,0,0,0,0,0,0,0,0
490118,2,1,1987,0,0,0,0,0,0,0,0,0,0
490119,1,1,1987,25,25,25,25,25,25,25,25,25,25
490119,2,1,1987,0,0,0,0,0,0,0,0,0,0
490120,1,1,1987,0,0,0,0,0,0,0,0,0,0
490120,2,1,1987,0,0,0,0,0,0,0,0,0,0
490121,1,1,1987,0,0,0,0,0,0,0,3,0,0
490121,2,1,1987,0,0,0,27,5,0,13,19,0,0
490122,1,1,1987,4,4,4,4,4,4,4,4,4,4
490124,1,1,1987,0,0,0,0,0,0,0,0,0,0
490125,1,1,1987,22,22,22,22,22,22,22,22,22,22
490126,1,1,1987,0,0,0,17,0,0,0,0,0,28
490127,1,1,1987,0,0,0,0,0,0,0,0,0,0
490128,1,1,1987,0,0,0,0,0,0,0,0,0,0
490129,1,1,1987,0,0,0,0,0,0,0,4,0,0
490129,2,1,1987,0,0,0,0,0,0,0,0,0,0
490130,1,1,1987,0,0,0,0,0,0,0,0,0,0
490130,2,1,1987,0,0,0,0,0,0,0,0,0,0
490131,1,1,1987,0,0,0,0,0,10,0,0,0,0
490132,1,1,1987,7,7,7,7,7,7,7,7,7,7
490133,1,1,1987,0,0,0,0,0,0,0,0,0,0
490134,0,1,1987,0,0,0,0,0,0,0,0,0,0
490134,1,1,1987,0,0,0,0,0,0,0,0,0,0
490135,1,1,1987,0,0,0,0,0,0,0,0,0,0
490135,2,1,1987,0,0,0,0,0,0,0,0,0,0
490136,1,1,1987,0,0,0,0,0,0,0,0,0,0
490136,2,1,1987,0,0,0,0,0,0,0,0,0,0
490137,1,1,1987,15,15,15,15,15,15,15,15,15,15
490138,1,1,1987,16,16,16,16,16,16,16,16,16,16
490139,1,1,1987,0,0,0,0,0,0,0,0,0,0
490140,1,1,1987,0,0,0,0,0,0,0,0,0,0
490141,1,1,1987,0,0,0,0,0,0,0,0,0,0
490141,2,1,1987,0,0,0,0,0,0,0,0,0,0
490141,3,1,1987,0,0,0,0,0,0,0,0,0,0
490142,1,1,1987,0,0,0,0,0,0,0,0,0,0
490142,2,1,1987,0,0,0,0,0,0,0,0,0,0
490142,3,1,1987,0,0,0,0,0,0,0,0,0,0
490142,4,1,1987,0,0,0,0,0,0,0,0,0,0
490143,1,1,1987,19,19,19,19,19,19,19,19,19,19
490144,1,1,1987,19,19,19,19,19,19,19,19,19,19
490145,1,1,1987,0,0,0,0,0,0,0,0,0,0
490146,1,1,1987,0,0,0,0,0,0,0,0,0,0
490147,1,1,1987,0,16,26,29,0,0,0,0,0,19
490149,0,1,1987,0,0,0,13,0,0,0,0,0,11
490149,1,1,1987,0,10,0,0,0,0,0,0,0,0
490150,0,1,1987,0,0,0,19,0,0,0,0,0,0
490150,1,1,1987,0,0,0,0,0,0,0,0,0,0
490150,2,1,1987,0,0,0,0,0,0,0,0,0,0
490151,1,1,1987,0,0,0,0,0,0,0,0,0,0
490151,2,1,1987,0,0,0,0,0,0,0,0,0,0
490152,1,1,1987,0,0,0,0,0,0,0,0,0,0
490153,0,1,1987,0,0,0,0,0,0,0,0,11,0
490153,1,1,1987,0,0,0,0,0,0,0,0,0,0
490154,0,1,1987,0,0,0,0,0,0,0,0,0,0
490154,1,1,1987,0,0,0,0,0,0,0,0,0,0
490155,1,1,1987,0,0,0,0,0,0,0,0,0,0
490156,1,1,1987,36,7,13,0,0,0,10,0,0,13
490157,0,1,1987,0,0,0,0,0,0,0,0,0,0
490157,1,1,1987,0,0,0,0,0,0,0,0,0,0
490158,1,1,1987,0,0,0,0,0,0,4,0,0,0
490158,2,1,1987,0,0,0,0,0,0,0,0,0,0
490159,1,1,1987,14,14,14,14,14,14,14,14,14,14
490161,1,1,1987,0,0,0,0,0,0,0,0,0,0
490162,1,1,1987,10,10,10,10,10,10,10,10,10,10
490162,2,1,1987,19,19,19,19,19,19,19,19,19,19
490163,1,1,1987,0,0,0,0,0,0,0,0,0,0
490163,2,1,1987,0,0,0,0,0,0,0,0,0,0
490164,1,1,1987,14,14,14,14,14,14,14,14,14,14
490165,1,1,1987,11,11,11,11,11,11,11,11,11,11
490165,2,1,1987,0,0,0,0,0,0,0,0,0,0
490166,1,1,1987,0,0,0,0,0,0,0,0,0,0
490166,2,1,1987,0,0,0,0,0,0,0,0,0,0
490167,1,1,1987,0,0,0,0,0,0,0,0,0,0
490168,0,1,1987,0,0,0,0,0,0,0,0,0,0
490168,1,1,1987,0,0,0,0,0,0,0,0,0,0
490169,0,1,1987,6,6,6,6,6,6,6,6,6,6
490169,1,1,1987,0,0,0,0,0,0,0,0,0,0
490170,1,1,1987,0,0,0,0,0,0,0,0,0,0
490170,2,1,1987,0,0,0,0,0,0,0,0,0,0
490171,1,1,1987,13,13,13,13,13,13,13,13,13,13
490172,1,1,1987,0,0,0,0,0,0,0,0,0,0
490172,2,1,1987,0,0,0,0,0,0,0,0,0,0
490173,1,1,1987,0,0,0,0,0,0,0,0,0,0
490173,2,1,1987,0,0,0,0,0,0,0,0,0,0
490174,1,4,1987,27,27,27,27,27,27,27,27,27,27
490175,1,1,1987,0,0,0,0,0,0,0,0,0,0
490176,1,1,1987,0,0,0,0,0,0,0,0,0,0
490177,1,1,1987,7,7,7,7,7,7,7,7,7,7
490178,0,1,1987,0,0,0,0,0,0,0,0,0,0
490178,1,1,1987,0,0,0,0,0,0,16,0,0,0
490179,1,1,1987,0,0,0,0,0,0,0,0,0,0
490180,1,1,1987,26,26,26,26,26,26,26,26,26,26
490181,1,1,1987,0,0,0,0,0,0,0,0,0,0
490182,0,1,1987,25,25,25,25,25,25,25,25,25,25
490182,1,1,1987,0,0,0,0,0,0,0,0,0,0
490183,1,1,1987,0,0,0,0,0,0,0,0,0,0
490183,2,1,1987,0,0,0,0,0,0,0,0,0,0
490184,1,1,1987,0,0,0,0,0,0,0,0,0,0
490184,2,1,1987,0,0,2,0,0,0,16,0,0,0
490185,1,1,1987,0,0,0,0,0,0,0,0,0,0
490185,2,1,1987,0,0,0,0,0,0,0,0,0,0
490186,1,1,1987,0,0,0,0,0,0,0,0,0,0
490187,1,1,1987,19,19,19,19,19,19,19,19,19,19
490188,0,1,1987,0,0,0,0,0,0,0,0,0,0
490188,1,1,1987,0,0,0,0,0,0,0,0,0,0
490189,1,1,1987,0,2,0,0,0,0,0,0,7,0
490191,0,1,1987,0,0,0,0,0,0,0,0,0,0
490191,1,1,1987,0,0,0,0,0,0,0,0,0,0
490192,1,1,1987,0,0,0,0,0,0,0,0,0,0
490192,2,1,1987,0,0,0,0,0,0,0,0,0,0
490193,0,1,1987,0,0,0,0,0,0,0,0,0,0
490193,1,1,1987,0,0,0,0,0,0,0,0,0,0
490194,0,1,1987,0,0,0,0,0,0,0,0,0,0
490194,1,1,1987,0,0,0,0,0,0,0,0,0,0
490195,1,1,1987,0,0,0,0,0,0,0,0,0,0
490195,2,1,1987,0,0,0,0,0,0,0,0,0,0
490196,1,1,1987,0,0,0,0,0,0,0,0,0,0
490196,2,1,1987,0,0,0,0,0,0,0,0,0,0
490197,1,1,1987,0,0,0,18,0,0,0,0,0,0
490197,2,1,1987,12,12,12,12,12,12,12,12,12,12
490198,1,1,1987,0,0,0,0,0,0,0,0,0,0
490198,2,1,1987,0,0,0,0,0,0,0,0,0,0
490199,1,1,1987,0,0,0,0,0,0,0,0,0,0
490199,2,1,1987,0,0,0,0,0,0,0,0,0,0
490200,1,1,1987,19,19,19,19,19,19,19,19,19,19
490200,2,1,1987,0,0,0,0,0,0,0,0,0,0
490200,3,1,1987,0,0,0,0,4,0,0,0,15,0
490201,1,1,1987,0,0,0,0,0,0,0,0,0,0
490201,2,1,1987,0,0,0,0,0,0,0,0,0,0
490202,0,1,1987,0,0,0,0,0,0,0,0,0,0
490202,1,1,1987,0,0,0,0,0,0,0,0,0,0
490203,1,1,1987,22,22,22,22,22,22,22,22,22,22
490204,0,1,1987,0,0,0,0,0,0,0,0,0,0
490204,0,2,1987,0,0,0,0,0,0,0,0,7,19
490204,1,1,1987,18,18,18,18,18,18,18,18,18,18
490205,1,1,1987,0,0,0,0,0,0,0,0,0,0
490206,1,1,1987,0,0,0,0,0,0,0,0,0,0
490207,1,1,1987,15,0,0,0,0,0,0,0,0,17
490208,0,1,1987,0,0,0,0,0,0,0,0,0,0
490208,0,2,1987,0,0,0,0,0,0,2,3,0,0
490208,1,1,1987,0,0,0,0,0,0,0,0,0,0
490209,0,1,1987,0,0,0,0,14,0,0,8,12,0
490209,0,2,1987,0,0,0,0,0,0,9,0,18,0
490209,1,1,1987,13,13,13,13,13,13,13,13,13,13
490210,1,1,1987,19,19,19,19,19,19,19,19,19,19
490211,1,1,1987,15,0,0,0,0,0,0,0,0,0
490212,0,1,1987,0,0,0,0,0,0,0,0,0,0
490212,1,1,1987,0,0,0,0,0,0,0,0,0,0
490212,2,1,1987,0,0,0,0,8,0,0,0,0,10
490213,1,1,1987,0,0,0,0,0,0,0,0,0,0
490214,1,1,1987,0,0,26,0,24,13,0,0,0,28
490215,1,1,1987,0,0,0,0,0,0,0,0,0,0
490216,1,1,1987,0,0,0,0,0,0,0,0,0,0
490216,2,1,1987,0,0,0,0,0,0,0,0,0,0
490217,1,1,1987,0,0,0,0,0,0,0,0,0,0
490217,2,1,1987,0,0,0,0,0,0,0,0,0,0
490218,0,1,1987,0,0,0,0,0,0,0,0,0,0
490218,1,1,1987,0,0,0,0,0,0,0,0,0,0
490219,1,1,1987,0,0,0,0,0,0,0,0,0,0
490219,2,1,1987,0,0,0,0,0,0,0,0,0,0
490220,1,1,1987,0,0,0,0,0,0,0,0,0,0
490221,0,1,1987,0,0,0,0,0,0,0,0,0,0
490221,1,1,1987,0,0,0,0,0,0,0,0,0,0
490222,1,1,1987,18,18,18,18,18,18,18,18,18,18
490222,2,1,1987,17,17,17,17,17,17,17,17,17,17
490223,0,1,1987,0,0,12,0,0,0,0,0,0,0
490223,1,1,1987,0,0,0,0,0,0,0,0,0,0
490224,1,1,1987,13,13,13,13,13,13,13,13,13,13
490225,1,1,1987,0,0,0,0,0,0,0,0,0,0
490226,1,1,1987,0,0,11,0,0,0,0,0,0,0
490227,1,1,1987,0,0,0,0,0,0,0,0,0,0
490227,2,1,1987,0,0,0,0,0,0,0,0,0,0
490228,1,1,1987,0,0,0,0,0,0,0,0,0,0
490229,1,1,1987,0,0,0,0,0,0,0,0,0,0
490230,1,1,1987,0,0,0,0,0,0,0,0,0,0
490230,2,1,1987,13,0,0,0,0,0,0,0,0,0
490230,3,1,1987,0,0,0,0,0,0,0,0,0,0
490230,4,1,1987,3,0,0,0,0,0,0,0,0,0
490231,1,1,1987,0,0,0,0,0,0,0,0,0,0
490231,2,1,1987,0,0,0,0,0,0,0,0,0,0
490232,1,1,1987,0,0,0,0,0,0,0,0,0,0
490233,1,1,1987,0,0,0,0,0,0,0,0,0,0
490233,2,1,1987,0,0,0,0,0,0,0,0,0,0
490234,1,1,1987,0,0,0,0,0,0,0,0,0,0
490234,2,1,1987,0,0,0,0,0,0,0,0,0,0
490235,0,1,1987,0,0,0,0,0,0,0,13,15,0
490235,1,1,1987,0,0,0,0,0,0,0,0,0,0
490236,0,1,1987,0,0,0,0,0,0,0,0,0,0
490236,1,1,1987,3,3,3,3,3,3,3,3,3,3
490237,1,1,1987,0,0,0,0,0,0,0,0,0,0
490238,1,1,1987,18,0,0,32,16,0,11,0,15,6
490239,0,1,1987,0,0,0,0,0,0,0,0,0,0
490239,1,1,1987,0,0,0,0,0,0,0,0,0,0
490240,1,1,1987,0,0,0,0,0,0,0,0,0,0
490240,2,1,1987,0,0,0,0,0,0,0,0,0,0
490240,3,1,1987,0,0,0,0,0,0,0,0,0,0
490241,0,1,1987,0,0,24,0,0,0,2,0,14,0
490241,1,1,1987,0,0,0,0,0,0,0,0,0,0
490242,1,1,1987,0,0,0,0,0,0,0,0,0,0
490243,1,1,1987,0,0,0,0,0,0,0,0,0,0
490244,1,1,1987,0,0,0,0,0,0,0,0,0,0
490245,0,1,1987,33,33,33,33,33,33,33,33,33,33
490245,1,1,1987,20,20,20,20,20,20,20,20,20,20
490246,0,1,1987,0,0,0,0,0,0,0,0,0,0
490246,1,1,1987,0,0,0,0,0,0,0,0,0,0
490247,1,1,1987,0,0,0,0,0,0,0,0,0,0
490247,2,1,1987,0,0,0,0,0,0,0,0,0,0
490248,0,1,1987,16,16,16,16,16,16,16,16,16,16
490248,1,1,1987,0,0,0,0,0,0,0,0,0,0
490249,1,1,1987,24,16,0,14,0,0,10,0,0,0
490249,2,1,1987,0,0,0,0,0,0,0,0,0,0
490250,1,1,1987,0,0,0,0,0,0,0,0,0,0
490250,2,1,1987,0,0,0,0,0,0,0,0,0,0
490251,1,1,1987,0,0,0,0,0,0,0,0,0,0
490252,0,1,1987,0,0,0,0,9,0,0,0,0,0
490252,1,1,1987,0,0,0,0,0,13,0,0,0,0
490253,1,1,1987,6,0,0,0,0,0,0,0,0,0
490253,2,1,1987,0,0,0,0,0,0,22,0,0,0
490254,1,1,1987,0,0,0,0,0,0,0,0,0,0
490255,1,1,1987,16,16,16,16,16,16,16,16,16,16
490256,1,1,1987,17,17,17,17,17,17,17,17,17,17
490257,1,1,1987,0,0,0,0,0,0,0,0,0,0
490258,0,1,1987,0,0,0,10,15,0,0,0,0,0
490258,1,1,1987,0,0,0,0,0,0,0,0,0,0
490258,2,1,1987,0,0,0,0,0,0,0,0,0,0
490259,0,1,1987,0,0,0,0,0,0,0,0,0,0
490259,0,2,1987,9,9,9,9,9,9,9,9,9,9
490259,1,1,1987,0,0,0,0,0,0,0,0,0,0
490259,2,1,1987,0,0,0,0,0,0,0,0,0,0
490260,1,1,1987,0,0,0,0,0,0,0,0,0,0
490260,2,1,1987,0,0,0,0,0,0,0,0,0,0
490261,1,1,1987,0,0,0,0,0,0,0,0,0,0
490262,1,1,1987,0,0,0,0,0,0,0,0,0,0
490262,2,1,1987,0,0,0,0,0,0,0,0,0,0
490263,1,1,1987,0,0,0,10,0,0,0,0,0,0
490264,1,1,1987,0,0,0,0,0,0,0,0,0,0
490265,1,1,1987,0,0,0,0,0,0,0,0,0,0
490266,1,1,1987,0,0,0,0,0,0,0,0,0,0
490266,2,1,1987,0,0,0,0,0,0,15,23,0,0
490267,1,1,1987,0,0,0,0,0,0,0,0,0,0
490267,2,1,1987,21,21,21,21,21,21,21,21,21,21
490268,0,1,1987,0,0,0,3,0,0,0,0,0,0
490268,1,1,1987,0,0,0,0,0,0,0,0,0,0
490269,0,1,1987,0,0,0,0,0,0,0,0,0,0
490269,1,1,1987,0,0,0,0,0,0,0,0,0,0
490270,1,1,1987,18,18,18,18,18,18,18,18,18,18
490271,0,1,1987,0,0,0,0,0,0,0,0,0,0
490271,1,1,1987,0,0,0,0,0,0,0,0,0,0
490272,0,1,1987,0,0,0,0,0,0,0,9,0,0
490272,1,1,1987,0,0,0,0,0,0,0,0,0,0
490273,1,1,1987,0,0,0,0,0,19,0,0,0,5
490274,1,1,1987,0,0,0,0,0,0,0,0,0,0
490275,0,1,1987,0,0,0,0,0,0,0,0,0,0
490275,1,1,1987,0,0,0,0,0,0,0,0,0,0
490276,1,1,1987,0,0,0,8,16,0,0,0,0,0
490276,2,1,1987,0,0,0,0,0,0,0,0,0,0
490277,0,1,1987,0,0,0,0,0,0,0,0,0,0
490277,1,1,1987,0,16,19,10,0,16,0,0,24,0
490278,0,1,1987,0,0,0,0,0,0,0,0,0,0
490278,1,1,1987,0,0,0,0,0,0,0,0,0,0
490279,1,1,1987,38,38,38,38,38,38,38,38,38,38
490281,0,1,1987,0,0,0,0,0,0,0,0,0,0
490281,0,2,1987,0,0,0,0,0,0,0,0,0,0
490281,1,1,1987,0,0,0,0,0,0,0,0,0,0
500001,0,1,1987,0,0,0,0,0,0,0,0,0,0
500001,1,1,1987,0,0,0,0,0,0,0,0,0,0
500002,1,1,1987,1,1,1,1,1,1,1,1,1,1
500002,2,1,1987,0,0,0,0,0,0,0,0,0,0
500004,1,1,1987,0,0,0,0,0,0,0,0,0,0
500004,2,1,1987,1,1,1,1,1,1,1,1,1,1
500005,1,1,1987,0,0,0,0,0,0,0,0,0,0
500005,2,1,1987,0,0,0,0,0,0,0,0,0,0
500006,0,1,1987,0,0,0,16,0,0,0,3,5,0
500006,1,1,1987,0,0,0,0,0,0,0,0,0,0
500006,2,1,1987,0,0,0,0,0,0,0,0,0,0
500006,3,1,1987,0,0,0,0,0,0,0,0,0,0
500007,1,1,1987,19,19,19,19,19,19,19,19,19,19
500007,2,1,1987,0,0,0,0,0,0,0,0,0,0
500008,1,1,1987,17,17,17,17,17,17,17,17,17,17
500008,2,1,1987,0,0,0,0,0,0,0,0,0,0
500009,1,1,1987,15,15,15,15,15,15,15,15,15,15
500010,1,1,1987,7,7,7,7,7,7,7,7,7,7
500011,1,1,1987,12,17,0,10,15,15,0,11,6,8
500011,2,1,1987,0,0,0,0,0,0,0,0,0,0
500012,1,1,1987,11,11,11,11,11,11,11,11,11,11
500013,1,1,1987,9,9,9,9,9,9,9,9,9,9
500014,1,1,1987,21,21,21,21,21,21,21,21,21,21
500015,1,1,1987,0,0,0,0,0,0,0,0,0,0
500016,1,1,1987,1,1,1,1,1,1,1,1,1,1
500017,1,1,1987,7,7,7,7,7,7,7,7,7,7
500018,1,1,1987,18,48,11,19,19,22,4,5,18,11
500019,1,1,1987,22,32,12,0,0,8,17,13,27,31
500020,1,1,1987,0,0,0,0,0,0,0,0,0,0
500021,1,1,1987,17,17,17,17,17,17,17,17,17,17
500021,2,1,1987,0,0,0,0,0,0,0,0,0,0
500022,1,1,1987,13,13,13,13,13,13,13,13,13,13
500023,1,1,1987,16,11,6,0,12,9,22,7,15,3
500024,1,1,1987,15,15,15,15,15,15,15,15,15,15
500025,1,1,1987,15,15,15,15,15,15,15,15,15,15
500026,1,1,1987,0,0,0,0,0,0,0,0,0,0
500027,1,1,1987,13,13,13,13,13,13,13,13,13,13
500027,2,1,1987,11,11,11,11,11,11,11,11,11,11
500028,1,1,1987,11,11,11,11,11,11,11,11,11,11
500029,1,1,1987,11,11,11,11,11,11,11,11,11,11
500030,1,1,1987,0,0,0,0,0,0,0,0,0,0
500033,1,1,1987,1,1,1,1,1,1,1,1,1,1
500034,1,1,1987,0,0,0,0,0,0,0,0,0,0
500034,2,1,1987,0,0,0,0,0,0,0,0,0,0
500035,1,1,1987,35,35,35,35,35,35,35,35,35,35
500035,2,1,1987,4,4,4,4,4,4,4,4,4,4
500036,1,1,1987,20,20,20,20,20,20,20,20,20,20
500037,1,1,1987,13,13,13,13,13,13,13,13,13,13
500037,2,1,1987,0,0,0,0,0,0,0,0,0,0
500038,0,1,1987,0,0,0,0,0,0,0,0,0,0
500038,1,1,1987,0,0,0,0,0,0,0,0,0,0
500039,0,1,1987,0,0,0,0,0,0,0,0,0,0
500039,1,1,1987,0,0,0,0,0,0,0,0,0,0
500040,1,1,1987,19,19,19,19,19,19,19,19,19,19
500040,2,1,1987,8,8,8,8,8,8,8,8,8,8
500041,1,1,1987,0,0,0,0,0,0,0,0,0,0
500041,2,1,1987,0,0,0,0,0,0,0,0,0,0
500042,1,1,1987,19,19,19,19,19,19,19,19,19,19
500043,1,1,1987,0,0,0,0,0,0,0,0,0,0
500044,1,1,1987,12,12,12,12,12,12,12,12,12,12
500044,2,1,1987,0,0,0,0,0,0,0,0,0,0
500045,1,1,1987,1,1,1,1,1,1,1,1,1,1
500046,1,1,1987,26,26,26,26,26,26,26,26,26,26
500047,1,1,1987,24,25,15,23,20,8,10,10,24,5
500048,1,1,1987,0,0,0,0,0,0,0,0,0,0
500048,2,1,1987,0,0,0,0,0,0,0,0,0,0
500049,1,1,1987,0,0,0,0,0,0,0,0,0,0
500050,1,1,1987,20,20,20,20,20,20,20,20,20,20
500051,1,1,1987,0,24,11,0,16,17,9,0,14,12
500051,2,1,1987,0,0,0,0,8,0,0,0,0,0
500052,1,1,1987,0,0,0,0,0,0,0,0,0,0
500053,1,1,1987,22,22,22,22,22,22,22,22,22,22
500054,1,1,1987,0,12,9,6,13,19,13,25,16,9
500055,1,1,1987,0,0,0,0,0,0,0,0,0,0
500056,1,1,1987,13,13,13,13,13,13,13,13,13,13
500057,1,1,1987,23,23,23,23,23,23,23,23,23,23
500057,2,1,1987,0,0,0,0,0,0,0,0,0,0
500058,1,1,1987,0,0,0,0,0,0,0,0,0,0
500059,1,1,1987,0,0,0,0,0,0,0,0,0,0
500060,1,1,1987,0,0,0,0,0,0,0,0,0,0
500060,2,1,1987,0,0,0,0,0,0,0,0,0,0
500061,1,1,1987,0,0,0,0,0,0,0,0,0,0
500062,1,1,1987,9,9,9,9,9,9,9,9,9,9
500063,1,1,1987,0,0,0,0,0,0,0,0,0,0
500064,1,1,1987,0,0,0,0,0,0,0,0,0,0
500065,1,1,1987,0,0,0,0,0,0,0,0,0,0
500065,2,1,1987,0,0,0,0,0,0,0,0,0,0
500066,1,1,1987,0,0,0,0,0,0,0,0,0,0
500066,2,1,1987,0,0,0,0,0,0,0,0,0,0
500067,1,1,1987,0,0,0,0,0,0,0,0,0,0
500068,1,1,1987,0,0,0,0,0,0,0,0,0,0
500068,2,1,1987,0,0,12,0,0,0,0,0,0,0
500069,1,1,1987,11,11,11,11,11,11,11,11,11,11
500069,2,1,1987,0,0,0,0,0,0,0,0,0,0
500070,1,1,1987,13,13,13,13,13,13,13,13,13,13
500071,1,1,1987,21,21,21,21,21,21,21,21,21,21
500071,2,1,1987,0,0,0,0,0,0,0,0,0,0
500072,1,1,1987,17,17,17,17,17,17,17,17,17,17
500073,1,1,1987,16,26,9,21,0,8,19,24,0,15
500074,1,1,1987,3,3,3,3,3,3,3,3,3,3
500074,2,1,1987,0,0,0,0,0,0,0,0,0,0
500075,1,1,1987,0,0,0,0,0,0,0,0,0,0
500076,1,1,1987,22,22,22,22,22,22,22,22,22,22
500076,2,1,1987,41,0,0,0,31,0,12,16,0,0
500077,1,1,1987,4,4,4,4,4,4,4,4,4,4
500078,1,1,1987,12,12,12,12,12,12,12,12,12,12
500079,1,1,1987,0,0,0,0,0,0,0,0,0,0
500079,2,1,1987,0,0,0,0,0,0,0,0,0,0
500080,1,1,1987,0,0,0,0,0,0,0,0,0,0
500080,2,1,1987,0,0,0,0,0,0,0,0,0,0
500082,1,1,1987,0,0,0,0,0,0,0,0,0,0
500082,2,1,1987,0,0,0,0,0,0,0,0,0,0
500083,1,1,1987,7,7,7,7,7,7,7,7,7,7
500084,1,1,1987,15,15,15,15,15,15,15,15,15,15
500085,1,1,1987,0,0,0,0,0,0,0,0,0,0
500086,1,1,1987,20,0,0,0,0,0,0,0,15,0
500087,1,1,1987,0,0,0,0,0,0,0,0,0,0
500087,2,1,1987,17,17,17,17,17,17,17,17,17,17
500088,1,1,1987,0,0,0,0,0,0,0,0,0,0
500088,2,1,1987,16,16,16,16,16,16,16,16,16,16
500089,1,1,1987,9,9,9,9,9,9,9,9,9,9
500089,2,1,1987,0,0,0,0,0,0,0,0,0,0
500090,1,1,1987,0,0,0,0,0,0,0,0,0,0
500090,2,1,1987,0,0,0,0,0,0,0,0,0,0
500091,0,1,1987,0,0,0,0,0,0,0,0,0,0
500091,1,1,1987,0,0,0,0,0,0,0,0,0,0
500092,0,1,1987,0,0,0,0,0,0,0,0,0,0
500092,1,1,1987,25,30,15,13,12,22,14,9,21,12
500093,1,1,1987,22,22,22,22,22,22,22,22,22,22
500093,2,1,1987,5,6,13,13,0,15,0,23,11,9
500094,1,1,1987,0,0,0,0,0,0,0,0,0,0
500095,1,1,1987,0,0,0,0,0,0,0,0,0,0
500096,1,1,1987,16,16,16,16,16,16,16,16,16,16
500096,2,1,1987,0,0,0,0,0,0,0,0,0,0
500097,1,1,1987,5,5,5,5,5,5,5,5,5,5
500097,2,1,1987,0,0,0,0,0,0,0,0,0,0
500097,3,1,1987,0,0,0,0,0,0,0,0,0,33
500098,0,1,1987,1,1,1,1,1,1,1,1,1,1
500098,1,1,1987,0,0,0,0,0,0,0,0,0,0
500099,1,1,1987,16,16,16,16,16,16,16,16,16,16
500100,1,1,1987,0,0,0,0,0,0,0,0,0,0
500100,2,1,1987,0,0,0,0,0,0,0,0,0,0
500101,0,1,1987,12,12,12,12,12,12,12,12,12,12
500101,1,1,1987,0,0,0,0,0,0,0,0,0,0
500102,1,1,1987,0,0,0,0,0,0,0,0,0,0
500103,1,1,1987,14,14,14,14,14,14,14,14,14,14
500105,1,1,1987,0,0,0,0,0,0,0,19,0,0
500106,1,1,1987,0,0,0,0,0,0,0,0,0,0
500107,0,1,1987,0,0,0,0,0,0,0,0,0,0
500107,1,1,1987,0,0,0,0,0,0,0,0,0,0
500108,1,1,1987,0,0,0,0,0,0,0,0,0,0
500108,2,1,1987,5,5,5,5,5,5,5,5,5,5
510001,1,1,1987,0,0,0,0,0,0,10,0,0,0
510001,2,1,1987,0,0,0,0,0,0,0,0,0,0
510002,1,1,1987,0,0,0,0,0,0,0,0,0,0
510002,2,1,1987,0,0,0,0,0,0,0,0,0,0
510003,1,1,1987,0,0,0,0,0,0,0,0,0,0
510003,2,1,1987,32,32,32,32,32,32,32,32,32,32
510004,1,1,1987,10,13,14,16,19,15,25,6,2,10
510005,1,1,1987,0,10,10,13,0,10,11,19,6,6
510006,1,1,1987,0,0,0,0,0,0,0,0,0,0
510006,2,1,1987,0,0,0,0,0,0,0,0,0,0