ST_CASE,VEH_NO,PER_NO,YEAR,P1,P2,P3,P4,P5,P6,P7,P8,P9,P10
510007,1,1,1987,20,20,20,20,20,20,20,20,20,20
510008,1,1,1987,10,14,35,15,12,21,17,7,13,13
510008,2,1,1987,0,0,0,0,0,0,0,0,0,0
510009,1,1,1987,0,0,0,0,0,0,0,0,0,0
510010,1,1,1987,0,0,0,0,4,0,0,0,0,0
510011,1,1,1987,7,7,7,7,7,7,7,7,7,7
510012,1,1,1987,0,0,0,0,0,0,0,0,0,0
510012,2,1,1987,0,0,0,0,0,0,0,0,0,0
510013,0,1,1987,0,0,0,0,0,0,0,0,0,0
510013,1,1,1987,0,0,0,0,0,0,0,0,0,0
510014,1,1,1987,20,0,14,29,25,29,23,9,21,15
510015,1,1,1987,20,20,20,20,20,20,20,20,20,20
510016,1,1,1987,7,7,7,7,7,7,7,7,7,7
510017,1,1,1987,0,0,0,0,0,0,0,0,0,0
510018,0,1,1987,0,0,0,0,0,0,0,0,0,0
510018,1,1,1987,0,0,0,0,0,0,0,0,0,0
510019,1,1,1987,19,19,19,19,19,19,19,19,19,19
510020,1,1,1987,5,0,0,0,6,0,0,0,0,0
510020,2,1,1987,0,0,0,0,0,6,0,0,0,0
510020,3,1,1987,0,0,0,0,22,0,0,0,0,0
510020,4,1,1987,0,0,0,0,0,0,0,0,0,0
510020,5,1,1987,0,0,0,0,0,0,0,0,0,0
510021,0,1,1987,0,0,0,0,0,0,0,20,0,0
510021,1,1,1987,0,0,0,0,0,0,7,0,0,0
510022,1,1,1987,17,17,17,17,17,17,17,17,17,17
510023,1,1,1987,18,18,18,18,18,18,18,18,18,18
510024,1,1,1987,0,0,0,0,0,0,0,0,0,0
510024,2,1,1987,13,51,9,14,0,12,9,0,14,0
510025,1,1,1987,16,16,16,16,16,16,16,16,16,16
510026,1,1,1987,23,23,23,23,23,23,23,23,23,23
510026,2,1,1987,0,0,0,0,0,0,0,0,0,0
510027,1,1,1987,0,0,0,0,0,0,0,0,0,0
510027,2,1,1987,0,0,0,0,0,0,0,0,0,0
510028,1,1,1987,0,0,0,23,0,0,0,0,18,0
510028,2,1,1987,11,0,27,0,0,0,0,0,0,0
510029,1,1,1987,0,0,0,0,0,0,0,0,0,0
510029,2,1,1987,0,0,0,0,0,0,0,0,0,0
510030,1,1,1987,24,0,0,0,0,0,0,0,0,0
510031,1,1,1987,0,0,0,0,0,0,0,0,0,0
510031,2,1,1987,0,0,0,0,0,0,0,0,0,0
510032,1,1,1987,19,19,19,19,19,19,19,19,19,19
510033,1,1,1987,16,16,16,16,16,16,16,16,16,16
510034,1,1,1987,0,0,0,0,0,0,0,0,0,0
510034,2,1,1987,0,0,10,0,0,0,0,0,0,0
510035,1,1,1987,0,0,0,0,0,0,0,0,0,0
510035,2,1,1987,0,0,0,0,0,0,0,0,0,0
510036,1,1,1987,7,23,11,18,21,23,14,25,8,13
510037,1,1,1987,17,9,3,9,13,18,20,23,19,24
510037,2,1,1987,16,0,22,13,17,15,26,14,21,26
510037,3,1,1987,0,0,14,0,0,0,0,0,0,0
510037,4,1,1987,0,0,0,0,0,0,0,0,0,0
510038,1,1,1987,0,0,0,0,0,0,0,0,0,0
510038,2,1,1987,10,10,10,10,10,10,10,10,10,10
510039,1,1,1987,0,0,0,0,0,0,0,0,0,0
510040,1,1,1987,0,0,0,0,0,0,0,0,0,0
510040,2,1,1987,0,0,0,0,0,0,0,0,0,0
510041,1,1,1987,19,19,19,19,19,19,19,19,19,19
510041,2,1,1987,0,0,0,0,0,0,0,0,0,0
510042,1,1,1987,0,0,0,0,0,0,0,0,18,0
510043,1,1,1987,0,0,0,0,0,0,0,0,0,0
510043,2,1,1987,4,10,10,13,6,6,0,8,5,12
510044,1,1,1987,0,0,0,0,0,0,0,0,0,0
510045,1,1,1987,0,0,0,0,0,0,3,0,0,0
510045,2,1,1987,0,0,0,0,0,0,0,0,0,0
510045,3,1,1987,0,0,0,0,0,0,0,0,0,0
510046,1,1,1987,0,0,0,0,0,0,0,0,0,0
510046,2,1,1987,0,0,0,0,24,19,0,0,0,6
510047,1,1,1987,14,0,0,0,0,0,0,0,0,0
510047,2,1,1987,0,0,0,0,0,0,13,0,0,0
510048,1,1,1987,0,0,0,0,0,0,0,0,0,0
510048,2,1,1987,27,22,14,19,0,17,5,12,0,24
510049,1,1,1987,15,15,15,15,15,15,15,15,15,15
510050,0,1,1987,19,19,19,19,19,19,19,19,19,19
510050,1,1,1987,0,0,9,0,0,10,0,0,0,0
510051,0,1,1987,0,18,0,8,0,0,0,4,0,0
510051,1,1,1987,0,0,31,7,0,0,0,0,0,0
510052,1,1,1987,4,4,4,4,4,4,4,4,4,4
510052,2,1,1987,0,23,0,0,12,0,17,0,0,29
510053,0,1,1987,27,27,27,27,27,27,27,27,27,27
510053,1,1,1987,27,5,15,21,18,24,12,11,20,11
510054,1,1,1987,27,10,13,16,14,0,13,16,9,26
510054,2,1,1987,13,23,0,0,12,13,0,0,15,29
510055,1,1,1987,18,18,18,18,18,18,18,18,18,18
510056,1,1,1987,7,12,23,21,16,0,9,6,18,0
510056,2,1,1987,0,0,0,0,0,0,0,0,0,0
510057,1,1,1987,6,6,6,6,6,6,6,6,6,6
510058,0,1,1987,13,11,0,0,0,0,0,0,0,0
510058,0,2,1987,10,8,18,28,3,5,0,14,17,0
510058,1,1,1987,0,0,0,0,0,0,0,0,0,0
510059,1,1,1987,0,0,0,0,0,0,0,0,0,0
510060,1,1,1987,0,0,0,0,0,0,0,0,0,0
510061,1,1,1987,10,17,12,16,14,12,20,5,12,13
510062,0,1,1987,26,26,26,26,26,26,26,26,26,26
510062,0,2,1987,14,24,26,0,0,0,24,19,6,0
510062,1,1,1987,0,22,0,0,0,0,0,0,0,0
510063,1,1,1987,0,0,0,0,0,0,0,0,0,0
510064,1,1,1987,0,0,0,0,0,0,0,0,0,0
510065,0,1,1987,20,27,15,0,10,11,25,11,28,17
510065,1,1,1987,0,0,24,11,0,6,0,0,10,0
510066,1,1,1987,20,20,20,20,20,20,20,20,20,20
510067,0,1,1987,23,23,23,23,23,23,23,23,23,23
510067,1,1,1987,17,9,38,19,14,0,12,34,7,31
510068,1,1,1987,0,0,0,0,0,0,0,0,0,0
510068,2,1,1987,0,0,0,0,0,0,0,0,0,0
510068,3,1,1987,0,0,0,0,0,0,0,0,0,0
510069,1,1,1987,0,0,0,0,0,0,0,0,0,0
510070,1,1,1987,33,33,33,33,33,33,33,33,33,33
510071,1,1,1987,25,25,25,25,25,25,25,25,25,25
510072,1,1,1987,0,0,0,0,0,0,0,0,0,0
510072,2,1,1987,0,0,0,0,0,0,0,0,0,0
510073,1,1,1987,16,16,16,16,16,16,16,16,16,16
510073,2,1,1987,0,0,0,0,0,0,8,0,0,0
510074,1,1,1987,0,0,0,0,0,0,0,0,0,0
510075,1,1,1987,0,0,0,0,0,0,0,0,0,0
510076,1,1,1987,24,24,24,24,24,24,24,24,24,24
510076,2,1,1987,12,9,9,14,10,15,8,11,9,14
510077,1,1,1987,21,18,12,10,9,24,4,15,32,7
510078,1,1,1987,0,0,0,0,0,0,0,0,0,0
510079,1,1,1987,0,0,0,0,0,0,0,0,0,0
510080,1,1,1987,0,0,0,0,0,0,0,0,0,0
510081,0,1,1987,46,8,14,0,34,25,25,6,0,0
510081,1,1,1987,0,0,17,0,0,0,0,0,0,0
510083,1,1,1987,0,0,0,0,0,0,0,0,0,0
510084,0,1,1987,0,0,0,0,0,0,0,0,0,0
510084,1,1,1987,0,12,0,0,0,0,0,0,0,0
510085,1,1,1987,15,15,15,15,15,15,15,15,15,15
510086,1,1,1987,14,11,29,13,2,22,19,12,23,15
510086,2,1,1987,0,0,0,0,0,0,0,0,0,0
510087,1,1,1987,0,0,0,0,0,0,0,0,0,0
510088,1,1,1987,27,27,27,27,27,27,27,27,27,27
510088,2,1,1987,0,0,0,0,0,0,0,0,0,0
510089,1,1,1987,20,0,18,0,20,0,10,10,31,0
510090,0,1,1987,0,0,0,0,0,0,0,0,0,0
510090,1,1,1987,16,13,15,6,0,11,4,0,0,24
510091,1,1,1987,0,0,0,0,0,0,0,0,0,0
510092,1,1,1987,6,18,10,14,34,13,7,9,20,9
510093,1,1,1987,0,0,0,0,0,0,16,0,0,0
510093,2,1,1987,0,0,0,0,0,0,0,0,0,0
510093,3,1,1987,0,0,0,0,0,0,0,0,0,0
510094,1,1,1987,37,37,37,37,37,37,37,37,37,37
510094,2,1,1987,0,0,0,0,0,0,0,0,0,0
510095,1,1,1987,0,0,0,0,0,0,0,0,0,0
510095,2,1,1987,0,0,0,0,0,18,0,21,0,0
510095,3,1,1987,0,0,0,0,0,0,0,0,0,10
510096,1,1,1987,0,0,0,0,0,0,0,0,0,0
510097,1,1,1987,34,34,34,34,34,34,34,34,34,34
510097,2,1,1987,0,0,16,0,0,0,0,0,0,0
510098,0,1,1987,0,0,0,0,0,0,0,0,0,0
510098,1,1,1987,0,0,0,0,0,0,0,0,0,0
510099,1,1,1987,17,8,13,10,10,16,8,11,10,6
510100,1,1,1987,19,19,19,19,19,19,19,19,19,19
510101,1,1,1987,0,0,0,0,0,0,0,0,0,0
510101,2,1,1987,0,0,0,0,0,0,0,0,0,0
510101,3,1,1987,0,0,0,0,0,0,0,0,0,0
510103,0,1,1987,0,0,0,0,0,0,0,0,0,0
510103,1,1,1987,0,2,0,0,0,0,0,0,0,0
510104,1,1,1987,0,16,15,23,10,5,10,3,3,0
510104,2,1,1987,0,0,0,19,4,12,20,18,14,7
510105,1,1,1987,0,0,0,0,0,0,0,0,0,0
510106,1,1,1987,28,28,28,28,28,28,28,28,28,28
510107,1,1,1987,0,0,0,10,17,0,11,20,0,0
510107,2,1,1987,0,0,0,0,0,0,0,0,0,0
510108,1,1,1987,0,0,0,0,0,0,0,0,0,0
510108,2,1,1987,14,0,0,8,0,0,0,0,0,0
510109,1,1,1987,3,0,14,0,13,0,0,20,4,16
510110,1,1,1987,13,13,13,13,13,13,13,13,13,13
510111,1,1,1987,12,12,22,6,7,13,20,14,32,36
510112,0,1,1987,0,0,0,0,0,0,0,4,0,0
510112,0,2,1987,4,4,4,4,4,4,4,4,4,4
510112,1,1,1987,0,0,0,0,0,0,0,0,0,0
510113,1,1,1987,10,10,10,10,10,10,10,10,10,10
510114,1,1,1987,33,33,33,33,33,33,33,33,33,33
510115,1,1,1987,0,0,0,0,0,0,0,0,0,0
510115,2,1,1987,0,0,0,0,0,0,0,0,0,0
510116,1,1,1987,0,0,0,0,0,0,0,0,0,0
510116,2,1,1987,0,0,0,0,0,0,0,0,0,0
510117,1,1,1987,4,4,4,4,4,4,4,4,4,4
510117,2,1,1987,4,4,4,4,4,4,4,4,4,4
510118,1,1,1987,0,0,0,0,0,0,0,0,0,0
510119,1,1,1987,0,0,0,0,0,0,0,0,0,0
510120,0,1,1987,0,0,0,0,0,0,0,0,0,0
510120,1,1,1987,0,3,0,0,0,0,0,0,0,0
510121,1,1,1987,21,21,21,21,21,21,21,21,21,21
510122,1,1,1987,0,0,0,0,0,0,0,0,0,0
510123,1,1,1987,14,14,14,14,14,14,14,14,14,14
510124,1,1,1987,0,0,0,0,0,0,0,0,0,0
510125,1,1,1987,24,24,24,24,24,24,24,24,24,24
510126,0,1,1987,0,0,0,0,0,0,0,0,0,0
510126,1,1,1987,0,0,0,13,0,0,0,0,0,0
510127,1,1,1987,0,13,19,9,3,9,5,9,26,5
510127,2,1,1987,0,0,0,0,0,0,0,0,0,0
510128,1,1,1987,0,0,0,0,0,0,15,0,0,0
510129,1,1,1987,0,0,0,0,0,0,0,0,0,3
510129,2,1,1987,16,12,9,13,11,0,9,16,9,14
510130,1,1,1987,0,0,0,0,0,0,0,0,0,0
510130,2,1,1987,0,0,0,0,0,0,0,0,0,0
510131,1,1,1987,15,15,15,15,15,15,15,15,15,15
510132,1,1,1987,21,21,21,21,21,21,21,21,21,21
510133,0,1,1987,0,0,0,0,0,0,0,0,0,0
510133,1,1,1987,0,0,0,0,0,12,0,0,0,0
510134,1,1,1987,11,4,17,10,12,27,19,12,4,4
510134,2,1,1987,18,18,18,18,18,18,18,18,18,18
510135,1,1,1987,17,10,0,24,27,16,12,20,6,26
510136,0,1,1987,12,12,12,12,12,12,12,12,12,12
510136,1,1,1987,0,0,17,0,0,0,0,0,0,0
510137,1,1,1987,3,24,28,26,22,34,7,14,13,0
510137,2,1,1987,0,0,0,0,0,0,0,0,0,0
510137,3,1,1987,4,4,4,4,4,4,4,4,4,4
510138,1,1,1987,0,0,0,0,0,0,0,0,0,0
510138,2,1,1987,0,0,0,0,0,0,0,0,0,0
510139,1,1,1987,0,0,0,0,0,0,0,0,0,0
510139,2,1,1987,0,0,0,0,0,0,0,0,0,0
510140,0,1,1987,0,0,0,0,0,0,0,0,0,0
510140,1,1,1987,0,21,10,13,13,0,14,16,23,7
510141,1,1,1987,0,0,0,0,0,0,0,23,0,0
510141,2,1,1987,0,0,0,0,0,0,0,0,0,0
510142,1,1,1987,26,8,15,19,16,7,20,10,10,12
510143,1,1,1987,0,0,0,0,0,0,0,0,0,0
510144,1,1,1987,31,31,31,31,31,31,31,31,31,31
510144,2,1,1987,0,0,0,0,0,17,0,0,0,0
510145,1,1,1987,0,0,0,0,0,0,0,0,0,0
510145,2,1,1987,10,0,0,0,14,0,0,35,12,0
510145,3,1,1987,0,0,19,0,0,0,0,0,0,0
510146,1,1,1987,22,0,17,24,15,0,21,15,11,0
510146,2,1,1987,0,0,0,0,0,31,0,0,0,0
510147,1,1,1987,0,0,0,0,0,0,0,0,0,0
510148,0,1,1987,0,0,0,0,0,0,0,0,0,0
510148,1,1,1987,11,0,0,0,0,0,0,0,0,0
510149,1,1,1987,23,2,8,22,14,11,12,22,6,19
510149,2,1,1987,2,2,19,0,10,15,12,13,12,24
510150,1,1,1987,0,0,0,0,0,0,0,0,0,0
510151,1,1,1987,0,0,0,0,0,0,0,0,0,0
510152,1,1,1987,0,0,0,0,0,0,0,0,0,0
510152,2,1,1987,0,0,0,0,0,0,0,0,0,0
510152,3,1,1987,0,0,20,0,0,17,0,7,0,0
510153,1,1,1987,0,0,0,0,0,0,0,0,0,0
510153,2,1,1987,0,0,11,0,0,0,0,0,0,0
510154,1,1,1987,25,25,25,25,25,25,25,25,25,25
510156,1,1,1987,10,23,19,16,10,20,9,15,3,37
510157,1,1,1987,0,0,0,0,0,0,0,0,0,0
510158,1,1,1987,0,0,0,0,0,0,0,0,0,0
510158,2,1,1987,0,0,0,0,0,0,0,0,0,0
510159,1,1,1987,12,12,12,12,12,12,12,12,12,12
510160,1,1,1987,13,13,13,13,13,13,13,13,13,13
510161,1,1,1987,11,20,15,16,11,23,31,26,10,10
510161,2,1,1987,11,0,0,0,0,0,0,0,27,0
510162,0,1,1987,0,0,0,0,0,0,0,0,0,0
510162,1,1,1987,0,0,0,0,0,0,0,0,0,0
510163,1,1,1987,16,22,31,10,15,18,12,13,21,16
510164,1,1,1987,20,10,7,44,9,12,7,13,0,18
510165,1,1,1987,0,0,0,0,0,0,0,0,0,0
510166,1,1,1987,0,0,0,0,0,0,0,0,0,0
510167,1,1,1987,2,2,2,2,2,2,2,2,2,2
510168,0,1,1987,9,9,9,9,9,9,9,9,9,9
510168,1,1,1987,0,0,0,0,0,0,0,0,0,0
510169,1,1,1987,3,3,3,3,3,3,3,3,3,3
510169,2,1,1987,0,0,0,0,0,0,0,0,0,0
510170,1,1,1987,0,0,0,0,0,0,0,0,0,0
510171,1,1,1987,23,23,23,23,23,23,23,23,23,23
510172,1,1,1987,0,6,0,0,0,0,0,0,0,0
510172,2,1,1987,25,14,19,0,7,5,13,7,18,25
510173,1,1,1987,19,19,19,19,19,19,19,19,19,19
510174,1,1,1987,14,28,19,5,20,12,0,25,0,20
510175,1,1,1987,10,10,10,10,10,10,10,10,10,10
510176,1,1,1987,13,13,13,13,13,13,13,13,13,13
510177,1,1,1987,22,22,22,22,22,22,22,22,22,22
510178,1,1,1987,0,0,0,0,0,0,0,0,0,0
510178,2,1,1987,21,0,0,0,0,0,0,0,0,28
510179,1,1,1987,0,0,0,0,0,0,3,0,14,0
510179,2,1,1987,0,0,0,0,0,0,0,4,0,10
510181,1,1,1987,0,0,0,0,0,0,0,0,0,0
510182,1,1,1987,0,15,0,0,0,0,0,0,0,0
510182,2,1,1987,0,0,0,0,0,0,0,0,0,0
510183,1,1,1987,0,0,0,0,0,0,0,0,0,0
510183,2,1,1987,0,0,0,0,0,0,0,0,0,0
510184,1,1,1987,0,0,0,0,0,0,0,0,0,0
510185,0,1,1987,0,0,0,0,0,0,0,0,0,0
510185,1,1,1987,0,0,0,0,0,0,0,0,20,0
510186,1,1,1987,29,29,29,29,29,29,29,29,29,29
510186,2,1,1987,0,0,0,12,2,0,8,0,0,0
510187,1,1,1987,0,0,0,0,0,0,0,0,0,0
510187,2,1,1987,0,0,0,0,0,0,0,0,0,10
510187,3,1,1987,13,9,31,7,9,0,20,12,0,4
510188,1,1,1987,0,0,0,0,0,0,0,0,0,0
510188,2,1,1987,0,0,0,0,0,0,0,0,0,0
510189,1,1,1987,0,0,0,0,0,0,0,0,0,0
510189,2,1,1987,0,0,0,0,0,0,0,0,0,0
510190,1,1,1987,33,33,33,33,33,33,33,33,33,33
510191,1,1,1987,30,0,0,0,0,0,0,0,0,0
510191,2,1,1987,0,0,0,0,0,0,0,0,0,0
510192,1,1,1987,18,18,18,18,18,18,18,18,18,18
510193,1,1,1987,0,0,0,0,0,0,0,0,0,0
510193,2,1,1987,10,11,13,18,36,5,13,7,9,15
510194,1,1,1987,0,0,0,0,0,0,0,0,24,0
510194,2,1,1987,0,0,0,0,0,0,0,0,0,0
510195,1,1,1987,25,25,25,25,25,25,25,25,25,25
510196,1,1,1987,0,0,0,0,0,0,0,0,0,0
510197,0,1,1987,0,0,0,0,0,0,0,0,0,0
510197,1,1,1987,0,0,0,0,0,0,0,0,0,0
510198,1,1,1987,0,0,0,0,0,0,0,0,0,0
510198,2,1,1987,0,0,0,0,0,0,0,0,0,0
510198,3,1,1987,0,0,0,0,0,0,0,0,0,0
510199,1,1,1987,18,18,18,18,18,18,18,18,18,18
510200,1,1,1987,0,0,0,0,0,0,0,0,0,0
510201,1,1,1987,13,7,10,8,20,26,8,16,11,0
510201,2,1,1987,0,0,0,0,0,0,0,0,0,0
510202,1,1,1987,0,0,0,0,0,0,0,0,0,0
510202,2,1,1987,0,0,0,0,0,0,0,0,0,0
510202,3,1,1987,0,0,0,0,0,0,0,0,0,0
510203,1,1,1987,8,8,8,8,8,8,8,8,8,8
510204,1,1,1987,0,0,0,0,0,0,0,0,0,0
510204,2,1,1987,0,0,0,20,0,0,0,0,19,0
510205,1,1,1987,25,25,25,25,25,25,25,25,25,25
510206,1,1,1987,25,25,25,25,25,25,25,25,25,25
510206,2,1,1987,0,0,0,0,0,0,0,0,0,0
510207,1,1,1987,0,0,0,0,0,0,0,0,0,0
510207,2,1,1987,0,0,0,0,0,0,0,0,0,0
510208,1,1,1987,0,0,0,0,0,0,0,0,0,0
510208,2,1,1987,0,0,0,0,0,0,0,0,0,0
510209,1,1,1987,0,0,0,0,0,0,0,0,0,0
510209,2,1,1987,0,0,0,0,0,0,0,0,0,0
510210,0,1,1987,25,25,25,25,25,25,25,25,25,25
510210,1,1,1987,0,0,0,0,0,0,0,0,0,0
510211,0,1,1987,0,0,0,0,0,0,0,0,0,0
510211,1,1,1987,23,6,0,10,11,15,15,5,19,14
510212,1,1,1987,25,17,15,19,10,35,12,12,10,0
510213,1,1,1987,0,0,0,0,0,0,0,0,0,0
510213,2,1,1987,0,0,0,0,0,0,0,18,0,0
510214,1,1,1987,6,6,6,6,6,6,6,6,6,6
510214,2,1,1987,25,25,25,25,25,25,25,25,25,25
510215,1,1,1987,4,4,4,4,4,4,4,4,4,4
510216,1,1,1987,16,16,16,16,16,16,16,16,16,16
510217,1,1,1987,21,21,21,21,21,21,21,21,21,21
510218,0,1,1987,0,0,0,0,0,0,0,0,0,0
510218,1,1,1987,0,0,0,0,0,0,0,0,0,0
510219,1,1,1987,26,0,0,0,0,20,0,0,0,4
510220,1,1,1987,18,18,18,18,18,18,18,18,18,18
510220,2,1,1987,0,0,0,0,0,0,0,0,0,0
510221,1,1,1987,0,18,23,0,0,0,0,0,0,0
510222,1,1,1987,0,0,0,0,0,0,0,0,0,0
510223,1,1,1987,0,0,0,0,0,0,0,0,0,0
510224,1,1,1987,0,0,0,0,0,0,0,0,0,0
510224,2,1,1987,0,0,0,0,0,0,0,0,0,0
510225,1,1,1987,25,25,25,25,25,25,25,25,25,25
510226,1,1,1987,0,0,0,0,0,0,0,0,0,0
510226,2,1,1987,20,19,17,10,17,16,18,9,23,22
510227,1,2,1987,0,0,0,0,0,0,0,0,0,0
510228,0,1,1987,34,34,34,34,34,34,34,34,34,34
510228,1,1,1987,0,0,0,0,0,21,0,7,0,0
510229,1,1,1987,13,13,13,13,13,13,13,13,13,13
510230,1,1,1987,0,0,0,0,0,0,0,0,0,0
510230,2,1,1987,0,0,0,0,0,0,0,0,0,0
510230,3,1,1987,0,0,0,0,0,0,0,0,0,0
510231,0,1,1987,0,0,0,0,0,0,0,0,0,0
510231,0,2,1987,14,0,20,14,4,7,0,0,19,12
510231,1,1,1987,14,8,20,28,14,14,20,23,28,17
510232,0,1,1987,32,32,32,32,32,32,32,32,32,32
510232,1,1,1987,31,36,13,4,13,8,18,6,24,10
510233,1,1,1987,0,0,0,0,0,0,0,0,0,0
510234,1,1,1987,0,0,0,0,0,0,0,0,0,0
510234,2,1,1987,0,0,0,0,0,0,0,0,0,0
510235,1,1,1987,24,17,5,20,17,10,48,23,10,0
510236,1,1,1987,0,0,0,0,0,0,0,0,0,0
510236,2,1,1987,0,0,0,19,0,0,0,0,0,0
510237,1,1,1987,9,9,9,9,9,9,9,9,9,9
510238,1,1,1987,25,3,6,12,13,7,11,12,17,17
510239,1,1,1987,10,19,0,24,33,14,18,4,13,10
510239,2,1,1987,0,0,0,0,0,0,0,0,0,0
510240,1,1,1987,0,0,0,0,0,0,0,0,0,0
510240,2,1,1987,0,0,0,0,0,0,0,0,0,0
510241,1,1,1987,0,0,0,0,0,0,0,0,0,0
510242,1,3,1987,8,16,0,36,0,14,0,7,19,0
510243,1,1,1987,0,0,0,0,0,0,0,0,0,0
510243,2,1,1987,0,0,0,0,0,0,0,0,0,0
510244,1,1,1987,0,0,0,0,0,0,0,0,0,0
510244,2,1,1987,0,0,0,0,0,0,0,0,0,0
510245,1,1,1987,0,0,0,0,0,0,0,0,0,0
510246,1,1,1987,0,0,0,0,0,0,0,0,0,0
510246,2,1,1987,0,13,6,4,10,24,0,22,24,13
510247,1,1,1987,16,14,13,8,29,25,13,15,7,7
510248,1,1,1987,13,0,17,12,16,24,12,11,15,0
510249,1,1,1987,0,0,0,0,0,0,0,0,0,0
510250,1,1,1987,13,13,13,13,13,13,13,13,13,13
510251,1,1,1987,23,21,10,8,9,12,28,10,12,7
510251,2,1,1987,0,0,0,0,0,0,0,0,0,0
510252,1,1,1987,14,14,14,14,14,14,14,14,14,14
510253,1,1,1987,0,0,0,0,0,0,0,0,0,0
510253,2,1,1987,0,0,0,0,0,0,0,0,0,0
510253,3,1,1987,0,0,0,0,0,0,0,0,0,0
510254,1,1,1987,24,24,24,24,24,24,24,24,24,24
510255,1,1,1987,0,0,0,0,0,0,0,0,0,0
510256,1,1,1987,11,41,25,6,0,18,0,11,16,0
510257,1,1,1987,19,17,16,21,9,10,20,10,11,5
510258,1,1,1987,23,6,0,0,14,3,9,0,24,16
510259,1,1,1987,27,27,27,27,27,27,27,27,27,27
510260,0,1,1987,0,0,0,0,0,0,0,0,0,0
510260,1,1,1987,0,0,0,0,0,0,0,0,0,0
510261,0,1,1987,24,24,24,24,24,24,24,24,24,24
510261,1,1,1987,16,16,0,0,20,0,0,0,21,22
510262,1,1,1987,0,0,0,0,0,18,0,0,0,0
510263,1,1,1987,18,0,0,0,0,0,0,9,0,0
510264,1,1,1987,0,0,0,0,0,0,0,0,0,0
510264,2,1,1987,0,0,0,0,0,0,0,0,0,0
510265,1,1,1987,0,0,0,0,0,0,0,0,0,0
510265,2,1,1987,0,0,0,0,0,0,0,0,0,0
510266,1,1,1987,0,0,0,0,0,0,0,0,0,0
510266,2,1,1987,0,0,9,0,0,0,0,0,0,0
510266,3,1,1987,0,0,0,0,0,0,0,0,0,0
510267,1,1,1987,27,11,9,21,0,13,17,25,23,11
510268,1,1,1987,0,0,0,0,0,0,0,0,0,0
510268,2,1,1987,24,24,24,24,24,24,24,24,24,24
510269,1,1,1987,0,0,0,0,0,0,0,0,14,0
510270,0,1,1987,3,3,3,3,3,3,3,3,3,3
510270,1,1,1987,25,30,45,15,17,22,13,23,18,22
510271,1,1,1987,7,7,7,7,7,7,7,7,7,7
510272,1,1,1987,0,0,0,0,0,0,0,0,0,0
510272,2,1,1987,18,18,18,18,18,18,18,18,18,18
510273,1,1,1987,0,0,0,0,0,0,0,0,0,0
510274,1,1,1987,0,0,0,0,0,0,0,0,0,0
510275,1,1,1987,0,0,0,0,0,0,0,0,0,0
510275,2,1,1987,0,0,0,0,0,0,0,0,0,0
510275,3,1,1987,0,0,0,0,0,0,0,0,0,0
510276,1,1,1987,5,0,0,0,0,0,0,0,0,0
510276,2,1,1987,9,9,9,9,9,9,9,9,9,9
510277,1,1,1987,0,0,22,14,14,12,16,0,12,0
510278,1,1,1987,9,0,0,0,0,0,0,0,0,0
510278,2,1,1987,0,0,0,0,0,0,0,0,0,0
510279,1,1,1987,0,0,12,0,3,0,0,0,0,0
510279,2,1,1987,0,0,0,0,0,0,0,0,0,0
510281,1,1,1987,0,0,0,0,0,0,0,0,0,0
510282,1,1,1987,24,24,24,24,24,24,24,24,24,24
510283,0,1,1987,0,0,0,0,0,0,0,0,0,0
510283,1,1,1987,0,0,0,0,0,0,0,0,0,19
510283,2,1,1987,0,0,0,0,0,0,17,11,0,0
510283,4,1,1987,0,0,0,0,0,0,0,0,0,0
510284,1,1,1987,19,19,19,19,19,19,19,19,19,19
510285,1,1,1987,25,25,25,25,25,25,25,25,25,25
510286,1,1,1987,0,21,10,8,28,30,12,12,12,14
510286,2,1,1987,11,7,12,10,6,25,18,12,0,18
510287,1,1,1987,24,24,24,24,24,24,24,24,24,24
510288,1,1,1987,0,0,0,0,0,0,0,0,0,0
510288,2,1,1987,0,0,0,40,0,0,0,0,0,0
510289,1,1,1987,22,0,0,5,8,16,6,13,9,19
510289,2,1,1987,0,0,11,0,0,0,0,0,0,0
510290,1,1,1987,9,9,9,9,9,9,9,9,9,9
510291,1,1,1987,0,0,0,0,0,0,0,0,0,0
510291,2,1,1987,0,0,0,0,0,0,0,0,0,0
510292,1,1,1987,23,23,23,23,23,23,23,23,23,23
510293,1,1,1987,26,26,26,26,26,26,26,26,26,26
510294,1,1,1987,0,0,0,0,0,0,0,0,0,0
510295,1,1,1987,0,0,0,0,0,0,0,0,0,0
510295,2,1,1987,0,0,0,0,0,0,0,0,0,0
510295,3,1,1987,0,0,0,0,0,0,0,0,0,0
510296,1,1,1987,0,0,0,0,0,0,0,0,0,0
510296,2,1,1987,0,0,0,5,0,0,0,0,0,0
510297,1,1,1987,24,24,24,24,24,24,24,24,24,24
510298,1,1,1987,20,20,18,17,0,19,5,18,27,19