ST_CASE,VEH_NO,PER_NO,YEAR,P1,P2,P3,P4,P5,P6,P7,P8,P9,P10
510299,1,1,1987,18,18,18,18,18,18,18,18,18,18
510300,1,1,1987,8,10,24,18,11,15,10,20,12,16
510301,1,1,1987,18,18,18,18,18,18,18,18,18,18
510301,2,1,1987,0,0,0,0,0,0,0,0,0,0
510302,1,1,1987,20,20,20,20,20,20,20,20,20,20
510302,2,1,1987,0,0,0,0,0,0,0,0,0,0
510303,1,1,1987,0,0,0,17,0,0,0,0,0,0
510303,2,1,1987,17,20,8,12,0,0,0,9,16,6
510304,1,1,1987,13,20,0,8,3,0,18,0,27,0
510305,1,1,1987,17,17,17,17,17,17,17,17,17,17
510306,1,1,1987,0,0,9,0,0,0,0,0,0,0
510306,2,1,1987,0,0,0,0,0,0,0,0,0,0
510307,0,1,1987,2,2,2,2,2,2,2,2,2,2
510307,1,1,1987,0,0,0,0,0,0,0,0,0,0
510308,1,1,1987,0,15,22,27,8,20,1,26,14,7
510309,1,1,1987,6,37,25,29,17,17,11,5,5,8
510310,1,1,1987,0,0,0,0,0,0,0,0,0,0
510310,2,1,1987,34,34,34,34,34,34,34,34,34,34
510311,0,1,1987,0,0,0,0,0,0,0,0,0,0
510311,0,2,1987,0,0,0,20,0,15,0,0,0,16
510311,1,1,1987,13,0,0,9,12,24,12,14,15,23
510312,1,1,1987,0,0,0,0,0,0,0,0,0,0
510313,1,1,1987,0,0,0,0,0,0,0,0,0,0
510313,2,1,1987,14,34,23,22,14,18,7,24,10,10
510314,1,1,1987,7,7,7,7,7,7,7,7,7,7
510315,1,1,1987,0,0,0,0,0,0,0,0,0,0
510316,1,1,1987,5,5,5,5,5,5,5,5,5,5
510317,1,1,1987,0,0,0,0,0,0,0,0,0,0
510318,1,1,1987,0,0,0,0,0,0,0,0,0,0
510319,1,1,1987,9,9,9,9,9,9,9,9,9,9
510320,1,1,1987,0,4,15,8,0,0,35,23,22,9
510321,1,1,1987,28,28,28,28,28,28,28,28,28,28
510322,1,1,1987,0,0,0,0,0,0,0,0,0,0
510322,2,1,1987,0,0,0,0,0,0,0,0,0,0
510323,0,1,1987,0,0,0,0,0,0,0,0,0,0
510323,1,1,1987,0,0,0,0,0,0,0,0,0,0
510324,1,1,1987,20,22,3,11,15,10,10,9,13,17
510325,0,1,1987,12,12,12,12,12,12,12,12,12,12
510325,1,1,1987,0,0,0,0,0,0,0,9,0,0
510326,1,1,1987,14,14,14,14,14,14,14,14,14,14
510327,1,1,1987,17,17,17,17,17,17,17,17,17,17
510328,0,1,1987,1,1,1,1,1,1,1,1,1,1
510328,1,1,1987,0,0,0,0,0,26,0,0,0,0
510329,1,1,1987,7,28,20,8,16,4,43,20,10,8
510330,1,1,1987,17,10,17,19,14,7,18,22,21,20
510330,2,1,1987,12,12,12,12,12,12,12,12,12,12
510331,1,1,1987,0,0,0,0,0,0,0,0,0,0
510332,1,1,1987,14,0,0,0,19,17,34,15,17,0
510333,1,1,1987,0,0,0,0,0,0,0,0,0,0
510333,2,1,1987,0,0,0,0,0,0,0,0,0,0
510334,0,1,1987,0,0,0,0,0,0,0,0,0,0
510334,1,1,1987,0,0,0,0,22,20,0,19,0,0
510335,0,1,1987,0,0,0,0,0,0,0,0,0,0
510335,1,1,1987,0,0,0,0,0,0,0,0,0,0
510336,1,1,1987,26,26,26,26,26,26,26,26,26,26
510337,1,1,1987,0,0,0,0,0,0,0,0,0,0
510338,1,1,1987,0,0,0,0,0,0,0,0,0,0
510338,2,1,1987,0,0,0,0,0,0,0,0,0,0
510339,1,1,1987,19,0,11,23,15,8,4,29,20,12
510340,0,1,1987,0,0,0,0,0,0,0,0,0,0
510340,1,1,1987,0,0,0,0,0,0,0,0,0,0
510341,1,1,1987,0,0,0,0,0,0,0,0,0,0
510341,2,1,1987,0,0,0,0,0,0,0,0,0,0
510342,1,1,1987,0,0,0,0,0,0,0,0,0,0
510342,2,1,1987,0,0,0,0,0,0,0,0,0,0
510343,0,1,1987,0,0,0,0,0,0,0,0,0,0
510343,1,1,1987,0,0,0,0,0,0,0,0,0,0
510343,2,1,1987,0,0,0,0,0,0,0,0,0,0
510343,3,1,1987,23,27,2,17,21,26,14,34,14,15
510344,1,1,1987,16,23,10,10,15,6,11,9,19,25
510345,1,1,1987,0,0,0,0,0,0,0,0,0,0
510346,1,1,1987,0,0,0,0,0,0,0,0,0,0
510346,2,1,1987,0,0,0,0,0,0,0,0,0,0
510347,1,1,1987,25,20,9,14,13,31,13,0,16,10
510347,2,1,1987,0,0,0,0,0,0,0,0,0,0
510348,1,1,1987,15,12,9,32,12,5,22,19,9,18
510349,1,1,1987,7,5,19,5,13,13,0,7,11,16
510350,1,1,1987,17,26,13,13,18,14,7,11,20,20
510351,1,1,1987,15,15,15,15,15,15,15,15,15,15
510352,1,1,1987,0,0,0,0,0,0,0,0,0,0
510352,2,1,1987,0,0,0,0,0,0,0,0,0,0
510353,1,1,1987,26,26,26,26,26,26,26,26,26,26
510354,1,1,1987,0,0,0,0,0,0,0,0,0,0
510355,0,1,1987,25,25,25,25,25,25,25,25,25,25
510355,1,1,1987,0,0,0,0,0,7,0,0,0,0
510356,1,1,1987,0,0,0,0,0,0,0,0,0,0
510357,1,1,1987,0,0,0,0,0,0,0,0,0,0
510358,1,1,1987,0,0,0,0,0,0,0,0,16,0
510359,1,1,1987,20,20,20,20,20,20,20,20,20,20
510360,1,1,1987,0,12,5,0,25,0,0,7,4,17
510360,2,1,1987,0,0,0,0,0,0,0,8,0,0
510361,0,1,1987,0,0,0,0,0,0,0,0,0,0
510361,1,1,1987,0,4,0,0,0,0,0,0,0,0
510362,0,1,1987,15,15,15,15,15,15,15,15,15,15
510362,1,1,1987,0,0,22,0,0,0,0,0,0,0
510364,1,1,1987,0,0,0,0,0,0,0,0,0,0
510364,2,1,1987,0,0,0,0,0,0,0,0,0,0
510364,3,1,1987,0,0,0,0,0,0,0,0,0,0
510365,1,1,1987,12,12,7,15,15,17,0,6,0,11
510365,2,1,1987,7,7,7,7,7,7,7,7,7,7
510366,1,1,1987,0,0,0,0,0,0,0,0,0,0
510366,2,1,1987,0,0,0,0,0,0,0,0,0,0
510367,1,1,1987,0,0,0,0,0,0,4,0,0,0
510367,2,1,1987,0,0,0,0,0,0,0,0,0,0
510369,1,1,1987,5,26,21,21,15,10,21,28,23,13
510370,1,1,1987,0,0,0,0,0,0,0,0,0,0
510370,2,1,1987,0,0,0,0,0,0,0,0,0,0
510371,1,1,1987,19,19,19,19,19,19,19,19,19,19
510372,1,1,1987,0,0,0,0,0,0,0,0,0,0
510372,2,1,1987,0,0,0,0,0,0,0,0,0,0
510373,0,1,1987,0,0,0,0,0,0,0,0,0,0
510373,1,1,1987,0,0,0,0,0,0,0,0,0,0
510374,1,1,1987,0,0,0,0,0,0,0,0,0,0
510374,2,1,1987,0,0,12,0,0,0,0,0,0,0
510375,1,1,1987,0,0,0,0,0,0,0,0,0,0
510376,1,1,1987,17,7,15,19,19,9,22,14,33,8
510376,2,1,1987,13,13,13,13,13,13,13,13,13,13
510377,1,1,1987,0,0,0,0,0,0,0,0,0,0
510378,1,1,1987,28,0,0,0,0,0,0,18,0,0
510378,2,1,1987,9,9,9,9,9,9,9,9,9,9
510379,1,1,1987,0,0,0,0,0,0,0,0,0,0
510379,2,1,1987,0,0,0,0,0,0,0,0,0,0
510380,1,1,1987,32,12,18,17,5,24,24,20,16,17
510381,1,1,1987,0,0,0,0,0,0,0,0,0,0
510381,2,1,1987,0,0,0,0,0,0,0,0,0,0
510381,3,1,1987,0,0,0,0,0,0,0,0,0,0
510382,1,1,1987,0,0,0,0,0,0,0,0,0,0
510382,2,1,1987,0,0,0,0,0,0,0,0,0,0
510383,1,1,1987,0,0,0,0,0,0,0,0,0,0
510383,2,1,1987,0,0,0,0,0,0,0,24,0,0
510384,1,1,1987,0,0,0,0,0,0,0,0,0,0
510385,1,1,1987,20,20,20,20,20,20,20,20,20,20
510386,0,1,1987,0,0,0,0,0,0,0,0,0,0
510386,1,1,1987,0,0,0,0,0,0,0,0,0,0
510387,1,1,1987,0,0,0,0,0,0,0,0,0,0
510387,2,1,1987,0,20,0,0,0,0,0,0,0,0
510387,3,1,1987,0,0,13,0,0,0,0,0,0,0
510387,4,1,1987,10,6,0,0,0,0,0,0,0,0
510387,5,1,1987,0,0,0,0,0,0,0,0,0,0
510387,6,1,1987,0,0,0,0,0,0,0,0,0,0
510387,7,1,1987,0,0,0,0,0,0,0,0,0,0
510387,8,1,1987,0,0,0,0,0,0,0,0,0,0
510388,1,1,1987,7,7,7,7,7,7,7,7,7,7
510388,2,1,1987,0,0,0,0,0,0,0,0,0,0
510389,1,1,1987,31,31,31,31,31,31,31,31,31,31
510390,1,1,1987,0,0,0,0,0,0,0,0,0,0
510390,2,1,1987,0,0,0,0,0,0,0,0,13,0
510390,3,1,1987,0,0,0,0,0,0,0,0,0,0
510390,4,1,1987,0,0,0,3,0,0,0,0,0,0
510391,1,1,1987,0,0,0,0,0,0,0,0,0,0
510392,1,1,1987,0,0,0,0,0,0,0,0,0,0
510393,1,1,1987,22,7,8,17,12,11,17,26,19,19
510393,2,1,1987,0,0,0,0,0,0,0,0,0,0
510393,3,1,1987,0,0,0,0,0,0,0,0,0,0
510393,4,1,1987,0,0,0,0,0,0,0,0,0,0
510394,1,1,1987,0,0,0,0,12,0,0,0,0,0
510394,2,1,1987,0,0,0,0,0,0,0,0,0,0
510395,1,1,1987,0,0,0,0,0,0,0,0,0,0
510395,2,1,1987,0,0,0,0,0,6,0,0,0,0
510396,1,1,1987,11,20,36,20,26,0,9,0,17,0
510397,0,1,1987,0,0,0,0,0,0,0,0,0,0
510397,1,1,1987,0,0,0,0,0,0,0,0,0,0
510398,0,1,1987,21,21,21,21,21,21,21,21,21,21
510398,1,1,1987,0,12,18,0,24,13,7,13,11,16
510399,1,1,1987,14,14,14,14,14,14,14,14,14,14
510400,1,1,1987,0,0,0,0,0,0,0,0,0,0
510401,1,1,1987,0,0,0,0,0,0,0,0,0,0
510402,1,1,1987,14,21,25,0,28,17,5,25,13,18
510403,1,1,1987,0,0,0,0,0,0,0,0,0,0
510403,2,1,1987,0,0,0,0,0,0,0,0,0,0
510404,1,1,1987,0,0,0,0,0,0,0,0,0,0
510405,1,1,1987,14,4,11,8,22,23,0,21,12,0
510406,1,1,1987,20,11,13,10,36,12,16,17,12,14
510407,1,1,1987,0,0,0,0,0,0,0,0,0,0
510407,2,1,1987,0,0,0,0,0,0,0,0,0,0
510408,1,1,1987,19,19,19,19,19,19,19,19,19,19
510409,1,1,1987,27,27,27,27,27,27,27,27,27,27
510410,1,1,1987,0,0,0,0,26,0,0,10,0,0
510411,1,1,1987,0,0,0,0,0,0,0,0,0,0
510412,1,1,1987,11,28,10,30,15,21,0,10,9,0
510412,2,1,1987,0,13,0,16,15,0,0,0,0,14
510413,1,1,1987,15,15,15,15,15,15,15,15,15,15
510414,1,1,1987,0,0,0,0,0,0,0,0,0,0
510415,1,1,1987,24,24,24,24,24,24,24,24,24,24
510416,1,1,1987,0,0,0,0,0,0,0,0,0,0
510417,0,1,1987,0,0,0,0,0,0,0,0,0,0
510417,1,1,1987,0,0,0,0,0,0,0,0,0,0
510418,1,1,1987,0,0,0,0,0,0,0,0,0,0
510419,1,1,1987,0,0,0,0,0,0,0,0,0,0
510420,0,1,1987,0,0,0,0,0,0,0,0,0,0
510420,1,1,1987,0,0,0,0,0,0,0,0,0,0
510422,1,1,1987,0,13,34,6,12,33,9,13,11,14
510422,2,1,1987,0,0,24,0,0,0,0,0,0,0
510423,1,1,1987,0,0,0,0,0,0,0,0,0,0
510423,2,1,1987,0,0,0,0,0,0,0,0,0,0
510423,3,1,1987,0,0,0,0,0,0,0,0,0,0
510424,1,1,1987,0,0,0,10,0,7,0,0,0,0
510425,1,1,1987,43,43,43,43,43,43,43,43,43,43
510426,1,1,1987,0,0,0,0,0,0,0,0,0,0
510426,2,1,1987,0,0,0,0,0,0,0,0,0,0
510427,1,1,1987,0,0,0,0,0,0,0,0,0,0
510427,2,1,1987,0,0,0,0,0,0,0,0,0,0
510428,1,1,1987,7,7,7,7,7,7,7,7,7,7
510429,1,1,1987,0,0,0,0,0,0,0,0,0,0
510430,1,1,1987,8,8,8,8,8,8,8,8,8,8
510431,1,1,1987,0,0,0,0,0,0,0,22,0,0
510431,2,1,1987,0,0,0,0,0,0,0,0,0,0
510432,1,1,1987,0,0,0,0,0,0,0,0,0,0
510432,2,1,1987,0,0,0,0,0,0,0,0,0,0
510433,1,1,1987,0,0,0,0,0,0,0,0,0,0
510433,2,1,1987,0,0,0,0,0,0,0,0,0,0
510433,3,1,1987,0,0,0,0,0,0,0,0,0,0
510434,1,1,1987,0,0,0,0,0,0,0,0,0,0
510434,2,1,1987,0,0,0,0,0,0,0,0,0,0
510434,3,1,1987,0,0,0,0,0,0,0,0,0,0
510435,0,1,1987,19,19,19,19,19,19,19,19,19,19
510435,1,1,1987,0,0,0,0,0,0,0,0,0,0
510436,1,1,1987,0,9,10,5,7,10,0,20,10,33
510437,1,1,1987,0,0,0,0,0,0,0,0,0,0
510438,1,1,1987,0,0,0,0,0,0,0,0,0,0
510439,0,1,1987,0,0,0,0,0,0,0,0,0,0
510439,1,1,1987,0,0,33,11,27,14,0,0,6,12
510440,1,1,1987,11,5,17,9,13,0,31,29,16,0
510440,2,1,1987,0,0,0,0,0,0,0,0,0,0
510441,0,1,1987,0,0,0,0,0,0,0,0,0,0
510441,1,1,1987,0,0,0,0,0,0,0,0,0,0
510442,1,1,1987,0,0,0,0,0,0,0,0,0,0
510442,2,1,1987,12,4,9,7,20,0,16,10,15,24
510443,1,1,1987,5,0,21,0,17,36,14,29,17,28
510444,1,1,1987,0,0,0,0,0,0,0,0,0,0
510444,2,1,1987,10,10,10,10,10,10,10,10,10,10
510445,1,1,1987,0,0,0,0,0,0,0,0,0,0
510445,2,1,1987,0,10,0,9,0,10,22,0,0,11
510446,1,1,1987,0,0,0,0,0,0,0,0,0,0
510446,2,1,1987,0,0,0,0,0,0,0,0,0,0
510446,3,1,1987,0,0,0,7,0,0,0,0,0,0
510447,1,1,1987,0,0,0,0,0,0,0,0,0,0
510447,2,1,1987,0,0,0,0,0,0,0,0,0,0
510448,1,1,1987,23,23,23,23,23,23,23,23,23,23
510449,1,1,1987,0,0,0,0,0,0,0,0,0,0
510449,2,1,1987,0,0,0,0,0,0,0,0,0,0
510450,1,1,1987,11,21,14,36,22,0,12,27,15,9
510451,1,1,1987,12,12,12,12,12,12,12,12,12,12
510452,0,1,1987,28,28,28,28,28,28,28,28,28,28
510452,1,1,1987,0,6,7,0,0,0,0,0,0,0
510452,2,1,1987,0,20,3,19,17,16,16,12,6,21
510453,1,1,1987,15,25,15,18,27,12,19,19,25,30
510454,1,1,1987,24,24,24,24,24,24,24,24,24,24
510455,1,1,1987,0,0,0,13,0,0,0,0,0,9
510455,2,1,1987,4,7,9,5,0,15,5,13,9,16
510455,3,1,1987,0,0,0,0,0,0,4,0,0,0
510456,1,1,1987,19,19,19,19,19,19,19,19,19,19
510457,0,1,1987,0,0,0,0,0,0,0,0,0,0
510457,1,1,1987,20,10,18,0,17,7,9,0,14,0
510458,1,1,1987,12,12,12,12,12,12,12,12,12,12
510458,2,1,1987,0,11,0,0,0,0,0,0,0,0
510459,1,1,1987,0,0,0,0,0,0,0,0,0,0
510459,2,1,1987,0,0,0,0,0,0,0,0,0,0
510460,1,1,1987,15,15,15,15,15,15,15,15,15,15
510461,1,1,1987,0,0,0,0,0,0,0,0,0,0
510462,1,1,1987,0,0,0,0,0,0,0,0,0,0
510462,2,1,1987,0,0,0,0,0,0,0,0,0,0
510463,1,1,1987,44,44,44,44,44,44,44,44,44,44
510464,1,1,1987,0,0,0,0,0,0,0,0,0,0
510464,2,1,1987,0,0,0,0,0,0,0,0,0,0
510465,1,1,1987,0,0,0,0,0,0,0,0,0,0
510466,1,1,1987,0,0,0,0,0,0,0,0,0,0
510467,1,1,1987,0,0,9,0,0,0,0,0,0,0
510468,1,1,1987,30,30,30,30,30,30,30,30,30,30
510469,1,1,1987,19,19,19,19,19,19,19,19,19,19
510470,1,1,1987,0,0,0,0,0,0,0,0,0,0
510470,2,1,1987,0,0,0,0,0,0,0,0,0,0
510471,1,1,1987,0,0,0,0,0,0,0,0,0,0
510471,2,1,1987,14,11,22,2,9,15,16,21,4,27
510472,1,1,1987,0,0,0,0,0,0,0,15,0,0
510472,2,1,1987,10,10,10,10,10,10,10,10,10,10
510473,1,1,1987,0,0,0,0,0,0,0,0,0,0
510474,1,1,1987,0,0,0,0,0,0,0,0,0,0
510474,2,1,1987,0,0,0,0,0,0,0,0,0,0
510475,1,1,1987,28,28,28,28,28,28,28,28,28,28
510476,1,1,1987,21,21,21,21,21,21,21,21,21,21
510477,1,1,1987,0,0,0,0,0,0,0,0,0,0
510478,1,1,1987,0,0,0,0,0,0,0,0,0,0
510479,0,1,1987,0,0,0,0,0,0,0,0,0,0
510479,1,1,1987,15,0,0,0,0,0,0,0,0,0
510480,1,1,1987,0,0,0,0,0,0,0,0,0,0
510481,1,1,1987,12,11,0,26,15,0,21,22,25,30
510482,1,1,1987,0,0,0,0,0,0,0,0,0,0
510482,2,1,1987,0,0,0,0,0,0,0,0,0,0
510483,1,1,1987,20,20,20,20,20,20,20,20,20,20
510483,2,1,1987,0,0,0,0,15,0,0,0,0,0
510484,1,1,1987,0,0,0,0,0,0,0,0,0,0
510485,1,1,1987,19,13,19,12,4,22,13,13,9,19
510486,1,1,1987,12,12,12,12,12,12,12,12,12,12
510487,1,1,1987,0,0,0,0,0,0,0,0,0,0
510487,2,1,1987,0,0,0,0,0,0,0,0,0,0
510488,1,1,1987,0,0,0,0,0,0,0,0,0,0
510489,1,1,1987,16,10,16,11,23,15,3,15,18,14
510490,1,1,1987,0,0,0,0,0,0,0,0,0,0
510491,1,1,1987,11,0,25,9,11,0,19,0,0,6
510491,2,1,1987,7,0,7,27,15,12,16,7,14,14
510492,1,1,1987,7,7,7,7,7,7,7,7,7,7
510492,2,1,1987,0,0,0,0,0,0,0,0,0,0
510493,1,1,1987,0,23,0,16,0,0,9,0,11,0
510494,1,1,1987,0,0,0,0,0,0,0,0,0,0
510494,2,1,1987,13,13,13,13,13,13,13,13,13,13
510495,1,1,1987,0,0,0,0,0,0,0,0,0,0
510495,2,1,1987,2,2,2,2,2,2,2,2,2,2
510496,1,1,1987,0,15,0,0,9,0,0,0,0,0
510496,2,1,1987,0,0,0,0,0,0,0,0,0,0
510497,1,1,1987,0,0,0,0,0,0,0,0,0,0
510497,2,1,1987,0,0,0,0,0,0,0,0,0,0
510498,1,1,1987,15,15,15,15,15,15,15,15,15,15
510498,2,1,1987,0,0,0,0,0,0,0,0,0,0
510499,1,1,1987,0,0,0,0,0,0,0,11,0,0
510499,2,1,1987,16,16,16,16,16,16,16,16,16,16
510501,1,1,1987,15,10,17,25,0,11,0,5,27,25
510502,1,1,1987,0,0,0,0,0,0,0,0,0,0
510503,1,1,1987,2,2,2,2,2,2,2,2,2,2
510504,1,1,1987,0,0,10,0,0,0,0,0,0,0
510505,0,1,1987,21,21,21,21,21,21,21,21,21,21
510505,1,1,1987,0,0,0,0,0,0,0,0,0,0
510506,1,1,1987,0,0,0,0,0,0,0,0,0,0
510507,0,1,1987,0,0,0,0,0,0,0,0,0,0
510507,1,1,1987,0,0,0,0,0,0,0,0,0,0
510508,1,1,1987,16,16,16,16,16,16,16,16,16,16
510508,2,1,1987,14,0,0,0,14,0,21,22,14,21
510509,1,1,1987,0,0,0,0,0,0,0,0,0,0
510509,2,1,1987,0,0,0,0,0,0,0,0,0,0
510510,1,1,1987,0,0,0,0,0,0,0,0,0,0
510511,1,1,1987,0,0,0,0,0,0,0,0,0,0
510511,2,1,1987,0,0,0,0,0,0,0,0,0,0
510512,1,1,1987,0,0,0,0,0,0,0,0,0,0
510512,2,1,1987,0,0,0,0,0,0,0,0,0,0
510512,3,1,1987,0,0,0,0,0,0,0,0,0,0
510512,4,1,1987,18,0,0,0,0,0,0,0,0,0
510513,1,1,1987,37,37,37,37,37,37,37,37,37,37
510513,2,1,1987,0,0,0,0,0,0,0,0,27,0
510514,1,1,1987,3,3,3,3,3,3,3,3,3,3
510515,0,1,1987,0,0,0,0,0,0,0,0,0,0
510515,1,1,1987,0,0,0,0,0,0,0,0,0,0
510516,1,1,1987,19,5,12,26,14,0,23,4,18,8
510517,0,1,1987,0,0,0,0,0,0,0,0,0,0
510517,1,1,1987,26,7,18,32,14,3,0,0,13,15
510518,1,1,1987,0,0,0,0,0,0,0,0,0,0
510519,1,1,1987,0,0,9,16,4,21,15,30,19,13
510519,2,1,1987,0,0,0,0,0,0,4,0,0,0
510520,0,1,1987,0,0,0,0,0,0,0,0,0,0
510520,1,1,1987,8,9,29,19,12,25,7,12,7,0
510521,1,1,1987,0,0,0,0,0,0,0,0,0,0
510521,2,1,1987,0,0,0,0,0,0,0,0,0,0
510522,1,1,1987,0,0,0,0,0,0,0,0,0,0
510522,2,1,1987,0,0,0,0,2,0,0,0,0,0
510523,1,1,1987,0,0,0,0,0,0,0,0,0,0
510524,1,1,1987,0,0,16,0,0,0,0,0,0,0
510524,2,1,1987,0,0,0,0,0,0,0,0,0,0
510525,1,1,1987,11,11,11,11,11,11,11,11,11,11
510526,1,1,1987,0,0,0,0,0,0,0,0,0,0
510526,2,1,1987,0,0,0,0,0,0,0,0,0,0
510527,0,1,1987,0,0,0,0,0,0,0,0,0,0
510527,1,1,1987,15,18,9,7,9,8,9,19,16,14
510528,1,1,1987,9,32,0,15,5,21,23,20,9,12
510528,2,1,1987,33,33,33,33,33,33,33,33,33,33
510529,0,1,1987,0,0,0,0,0,0,0,0,0,0
510529,1,1,1987,0,0,0,0,0,18,0,0,0,0
510530,1,1,1987,0,0,0,0,0,0,0,0,0,0
510530,2,1,1987,0,0,0,0,11,0,0,0,0,0
510531,1,1,1987,0,0,0,0,0,0,0,0,0,0
510531,2,1,1987,25,25,25,25,25,25,25,25,25,25
510532,1,1,1987,4,0,0,0,0,0,0,0,0,27
510532,2,1,1987,7,7,7,7,7,7,7,7,7,7
510533,1,1,1987,0,0,0,0,0,0,0,0,0,0
510534,0,1,1987,0,0,0,0,0,0,0,0,0,0
510534,1,1,1987,0,6,0,0,0,26,0,0,0,0
510535,1,1,1987,0,0,0,0,0,0,0,0,0,0
510536,1,1,1987,3,3,3,3,3,3,3,3,3,3
510536,2,1,1987,0,0,0,0,0,0,0,0,0,0
510536,3,1,1987,0,0,0,0,0,0,0,0,0,0
510537,1,1,1987,0,0,0,0,0,0,0,0,0,0
510538,1,1,1987,29,29,29,29,29,29,29,29,29,29
510539,1,1,1987,0,0,0,0,0,0,0,0,0,0
510539,2,1,1987,0,0,0,0,0,0,0,0,0,0
510540,1,1,1987,0,0,0,0,0,0,0,0,0,0
510540,2,1,1987,0,0,0,0,0,0,0,0,0,0
510541,1,1,1987,12,12,12,12,12,12,12,12,12,12
510541,2,1,1987,0,0,0,0,0,0,0,0,0,0
510542,1,1,1987,0,0,0,0,0,0,0,0,0,0
510542,2,1,1987,0,0,0,9,11,24,14,8,13,13
510543,1,1,1987,0,0,0,0,0,0,0,0,0,0
510544,1,1,1987,0,0,0,0,0,0,0,0,0,0
510545,1,1,1987,6,7,10,6,3,9,16,15,5,3
510547,0,1,1987,0,3,0,0,0,0,0,0,0,0
510547,1,1,1987,0,0,0,0,0,0,0,0,0,0
510548,1,1,1987,10,11,14,15,6,21,22,11,17,12
510549,1,1,1987,15,15,15,15,15,15,15,15,15,15
510550,0,1,1987,8,8,8,8,8,8,8,8,8,8
510550,1,1,1987,0,0,0,0,15,0,0,0,20,0
510551,1,1,1987,0,0,0,0,0,0,0,0,0,0
510552,1,1,1987,0,0,0,0,0,0,0,0,0,0
510553,1,1,1987,17,17,10,9,9,0,2,21,0,0
510554,0,1,1987,0,0,0,0,0,0,0,0,0,0
510554,1,1,1987,10,7,16,23,27,14,6,24,0,12
510555,1,1,1987,13,13,13,13,13,13,13,13,13,13
510556,0,1,1987,0,0,0,0,0,0,0,0,0,0
510556,1,1,1987,21,13,9,20,14,8,20,13,12,19
510557,0,1,1987,0,0,0,0,0,0,0,0,0,0
510557,1,1,1987,0,0,0,0,0,0,0,20,0,0
510558,0,1,1987,0,0,0,0,0,0,0,0,0,0
510558,1,1,1987,33,27,0,17,12,18,5,16,8,17
510559,1,1,1987,0,0,0,0,0,0,0,0,11,16
510559,2,1,1987,8,17,0,0,7,0,0,0,11,19
510560,0,1,1987,0,0,0,0,0,0,0,0,0,0
510560,1,1,1987,0,0,0,0,0,0,0,0,0,0
510561,1,1,1987,9,0,0,0,0,0,0,0,0,13
510561,2,1,1987,0,0,0,0,0,0,0,0,0,0
510561,3,1,1987,0,0,0,0,0,0,0,0,0,0
510563,1,1,1987,0,0,0,0,0,0,0,0,0,0
510563,2,1,1987,0,0,0,0,0,0,0,0,0,0
510563,3,1,1987,0,0,0,0,0,0,0,0,0,0
510564,1,1,1987,0,34,0,0,0,0,0,0,0,0
510564,2,1,1987,6,15,8,7,34,30,4,11,11,12
510565,1,1,1987,0,0,0,0,0,0,0,0,0,0
510566,1,1,1987,26,26,26,26,26,26,26,26,26,26
510567,1,1,1987,14,26,36,26,18,0,23,11,5,19
510568,1,1,1987,26,26,26,26,26,26,26,26,26,26
510569,1,1,1987,0,0,0,0,0,0,0,0,0,0
510569,2,1,1987,0,0,0,0,0,4,0,0,0,0
510570,1,1,1987,5,19,6,4,13,12,5,12,12,10
510571,1,1,1987,14,28,20,0,3,8,15,22,16,12
510571,2,1,1987,0,0,0,0,0,0,0,0,0,0
510572,1,1,1987,15,15,15,15,15,15,15,15,15,15
510573,1,1,1987,3,3,3,3,3,3,3,3,3,3
510573,2,1,1987,0,0,0,0,0,0,0,0,0,0
510574,1,1,1987,18,18,18,18,18,18,18,18,18,18
510575,1,1,1987,0,11,0,21,13,28,14,11,19,20
510576,1,1,1987,10,10,10,10,10,10,10,10,10,10
510578,1,1,1987,0,0,0,0,0,0,0,0,0,0
510578,2,1,1987,6,13,13,10,8,18,12,11,10,12
510579,1,1,1987,0,0,0,0,0,0,0,0,0,0
510580,1,1,1987,0,0,0,0,0,0,0,0,0,0
510581,1,1,1987,0,0,0,0,0,0,0,0,0,0
510581,2,1,1987,17,0,0,0,0,0,0,0,0,0
510581,3,1,1987,0,0,0,0,0,0,0,0,0,14
510581,4,1,1987,0,0,0,0,0,0,0,16,0,0
510582,1,1,1987,0,0,0,0,0,0,0,0,0,0
510582,2,1,1987,0,0,0,0,0,0,0,0,0,0
510583,1,1,1987,0,0,0,0,0,0,0,0,0,0
510584,1,1,1987,0,0,17,18,18,22,0,0,0,0
510585,1,1,1987,16,16,16,16,16,16,16,16,16,16
510586,0,1,1987,0,0,0,0,0,0,0,0,0,0
510586,1,1,1987,0,0,0,0,0,0,0,0,19,0
510587,0,1,1987,0,0,0,0,0,0,0,0,0,0
510587,1,1,1987,0,13,0,0,0,0,0,0,0,0
510588,1,1,1987,0,0,0,0,9,0,13,24,0,10
510588,2,1,1987,0,35,0,0,0,0,0,0,0,0
510589,0,1,1987,0,0,0,0,0,0,0,0,0,0
510589,1,1,1987,0,0,14,21,16,16,21,9,21,10
510589,2,1,1987,0,0,0,0,23,0,0,0,5,0
510590,1,1,1987,11,6,12,11,10,5,17,16,25,21
510590,2,1,1987,0,15,8,24,34,12,0,0,0,21
510591,1,1,1987,0,0,0,0,0,0,0,0,0,0
510591,2,1,1987,0,0,0,0,0,0,0,0,0,0