ST_CASE,VEH_NO,PER_NO,YEAR,P1,P2,P3,P4,P5,P6,P7,P8,P9,P10
510591,3,1,1987,0,0,0,0,0,0,0,0,0,0
510592,1,1,1987,0,0,0,0,0,0,0,0,0,0
510592,2,1,1987,21,0,0,0,0,0,0,0,0,13
510593,1,1,1987,0,0,0,0,0,0,0,0,0,0
510593,2,1,1987,7,7,7,7,7,7,7,7,7,7
510594,1,1,1987,13,17,12,9,23,8,10,11,20,12
510595,1,1,1987,0,0,0,0,0,0,0,0,0,0
510595,2,1,1987,0,0,0,0,0,0,0,0,0,0
510596,0,1,1987,0,0,0,0,0,0,0,0,0,0
510596,1,1,1987,20,0,10,22,0,9,18,0,16,0
510597,1,1,1987,0,8,0,0,0,0,0,0,0,0
510597,2,1,1987,0,0,0,0,0,0,0,0,0,0
510598,1,1,1987,17,17,17,17,17,17,17,17,17,17
510599,1,1,1987,24,18,9,14,15,10,11,20,16,7
510599,2,1,1987,0,0,0,0,0,0,0,0,0,0
510600,1,1,1987,20,20,20,20,20,20,20,20,20,20
510601,1,1,1987,0,0,0,0,0,0,0,0,0,0
510602,1,1,1987,9,0,23,0,0,8,18,19,0,13
510603,1,1,1987,0,0,0,0,0,0,0,0,0,0
510603,2,1,1987,0,0,0,0,0,0,0,0,0,0
510604,1,1,1987,0,16,18,17,14,21,15,4,28,18
510605,1,1,1987,0,0,20,0,13,0,21,10,0,0
510606,1,1,1987,12,12,12,12,12,12,12,12,12,12
510607,1,1,1987,0,0,0,0,0,0,0,0,0,0
510607,2,1,1987,0,0,0,0,0,0,0,0,0,0
510608,0,1,1987,20,20,20,20,20,20,20,20,20,20
510608,1,1,1987,0,0,0,0,0,0,0,0,0,0
510609,1,1,1987,11,0,0,0,0,0,0,0,0,0
510609,2,1,1987,0,0,0,0,0,0,0,0,0,0
510610,0,1,1987,7,7,7,7,7,7,7,7,7,7
510610,1,1,1987,0,0,0,0,0,27,0,0,0,0
510611,1,1,1987,22,22,22,22,22,22,22,22,22,22
510612,0,1,1987,14,14,14,14,14,14,14,14,14,14
510612,1,1,1987,0,0,0,0,0,0,11,0,0,0
510613,1,1,1987,14,14,14,14,14,14,14,14,14,14
510614,1,1,1987,13,13,13,13,13,13,13,13,13,13
510614,2,1,1987,0,0,0,7,33,0,0,0,0,0
510615,1,1,1987,0,0,0,0,0,0,0,0,0,0
510616,1,1,1987,0,18,0,0,18,0,0,0,0,13
510617,0,1,1987,13,13,13,13,13,13,13,13,13,13
510617,1,1,1987,0,10,30,0,8,0,0,20,0,19
510618,1,1,1987,0,0,0,0,0,0,0,0,0,0
510618,2,1,1987,0,0,0,0,0,0,0,0,0,0
510618,3,1,1987,0,0,0,0,0,0,0,0,0,0
510618,4,1,1987,0,0,0,0,0,0,0,0,0,0
510619,1,1,1987,21,7,19,7,0,10,6,7,15,12
510620,1,1,1987,12,12,12,12,12,12,12,12,12,12
510620,2,1,1987,0,0,0,0,0,0,0,0,0,0
510621,0,1,1987,25,0,12,23,7,28,13,16,10,0
510621,0,2,1987,0,16,10,0,7,4,0,0,0,0
510621,1,1,1987,0,0,0,0,0,0,0,0,0,0
510622,1,1,1987,0,0,0,0,0,0,0,0,0,0
510622,2,1,1987,0,0,0,0,0,0,0,0,0,0
510623,1,1,1987,29,29,29,29,29,29,29,29,29,29
510624,1,1,1987,17,17,17,17,17,17,17,17,17,17
510625,1,1,1987,0,0,0,0,0,0,0,0,0,0
510625,2,1,1987,0,0,0,0,0,0,0,0,0,0
510625,3,1,1987,7,0,8,17,0,12,8,22,10,18
510625,4,1,1987,0,0,0,0,0,0,0,0,0,0
510626,1,1,1987,0,0,0,0,0,0,0,0,0,0
510626,2,1,1987,0,8,0,0,0,0,0,0,0,0
510627,1,1,1987,0,26,0,25,18,24,37,0,0,7
510628,1,1,1987,19,19,19,19,19,19,19,19,19,19
510629,1,1,1987,18,18,18,18,18,18,18,18,18,18
510630,1,1,1987,0,0,0,0,0,0,0,0,0,0
510630,2,1,1987,0,0,0,0,0,0,0,0,0,0
510631,1,1,1987,0,0,0,0,0,0,0,0,0,0
510632,1,1,1987,24,18,5,11,15,17,23,13,23,12
510633,1,1,1987,27,23,18,24,16,23,20,15,11,9
510634,1,1,1987,0,0,5,13,0,0,0,0,14,14
510635,1,1,1987,0,0,0,0,0,0,0,0,0,0
510635,2,1,1987,0,0,0,0,0,0,0,0,0,0
510636,1,1,1987,0,0,0,0,0,0,21,0,0,0
510636,2,1,1987,0,0,0,0,0,0,0,7,0,0
510637,1,1,1987,13,0,11,9,0,0,0,14,0,28
510639,1,3,1987,0,27,0,7,14,23,30,16,0,25
510640,1,1,1987,24,10,13,32,19,19,16,36,8,17
510640,2,1,1987,0,0,0,0,0,0,0,0,0,0
510641,1,1,1987,0,0,0,0,0,0,0,0,0,0
510641,2,1,1987,0,0,0,0,0,0,0,0,0,0
510642,1,1,1987,0,0,0,0,0,0,0,0,0,0
510642,2,1,1987,0,0,0,0,12,0,0,0,0,0
510642,3,1,1987,0,0,0,0,0,0,0,0,0,0
510642,4,1,1987,0,0,0,0,0,0,0,0,0,0
510643,1,1,1987,0,0,0,0,0,0,0,0,0,0
510643,2,1,1987,0,0,0,0,0,0,0,0,0,0
510644,1,1,1987,0,0,0,0,0,0,0,0,0,0
510644,2,1,1987,0,0,0,0,0,0,0,0,0,0
510645,1,1,1987,0,0,0,0,0,0,0,0,0,0
510646,0,1,1987,33,33,33,33,33,33,33,33,33,33
510646,1,1,1987,0,0,13,16,7,0,15,11,18,0
510647,1,1,1987,0,0,0,0,0,26,0,0,0,0
510647,2,1,1987,19,19,19,19,19,19,19,19,19,19
510648,0,1,1987,12,16,9,0,45,31,0,5,18,0
510648,1,1,1987,0,0,0,0,0,0,0,0,0,0
510649,0,1,1987,0,0,0,0,0,0,0,0,0,0
510649,1,1,1987,0,0,0,0,0,0,0,5,0,0
510650,1,1,1987,0,0,0,0,0,0,0,0,0,0
510651,1,1,1987,22,22,22,22,22,22,22,22,22,22
510652,1,1,1987,0,0,0,0,0,0,0,0,0,0
510653,1,1,1987,0,0,0,0,0,0,0,0,0,0
510654,1,1,1987,0,0,0,0,0,0,0,0,0,0
510655,1,1,1987,13,16,6,13,40,8,18,22,7,2
510655,2,1,1987,17,17,17,17,17,17,17,17,17,17
510656,0,1,1987,0,0,0,0,0,0,0,0,0,0
510656,1,1,1987,0,0,0,0,37,24,0,33,24,14
510657,1,1,1987,0,0,0,0,0,0,0,0,0,0
510658,1,1,1987,20,20,20,20,20,20,20,20,20,20
510658,2,1,1987,0,0,0,0,0,0,0,0,0,0
510659,0,1,1987,0,0,0,0,0,0,0,0,0,0
510659,0,2,1987,0,7,17,16,6,12,9,14,10,19
510659,0,3,1987,24,0,0,0,5,0,0,2,0,0
510659,0,4,1987,6,25,13,13,0,19,0,0,0,10
510659,1,1,1987,9,12,14,45,7,18,9,11,16,22
510660,1,1,1987,17,17,17,17,17,17,17,17,17,17
510661,0,1,1987,32,32,32,32,32,32,32,32,32,32
510661,1,1,1987,16,6,11,16,21,22,20,14,13,16
510662,0,1,1987,25,25,25,25,25,25,25,25,25,25
510662,1,1,1987,18,0,0,0,0,0,0,0,0,0
510663,1,1,1987,0,0,0,0,0,0,0,0,0,0
510663,2,1,1987,0,0,0,0,0,0,0,0,0,0
510664,1,1,1987,18,3,14,19,8,13,17,15,16,7
510665,1,1,1987,0,0,0,0,0,0,0,0,0,0
510665,2,1,1987,0,0,0,0,0,0,0,0,0,0
510666,2,1,1987,0,0,0,0,0,0,0,0,0,0
510667,1,1,1987,9,9,9,9,9,9,9,9,9,9
510668,1,1,1987,0,0,0,0,0,0,0,0,0,0
510669,1,1,1987,25,0,0,0,0,0,16,0,19,0
510670,0,1,1987,25,25,25,25,25,25,25,25,25,25
510670,1,1,1987,13,0,10,0,23,7,7,20,5,4
510671,1,1,1987,29,17,7,7,17,17,14,9,5,14
510672,1,1,1987,5,46,19,0,25,0,0,16,5,10
510673,0,1,1987,37,37,37,37,37,37,37,37,37,37
510673,1,1,1987,14,9,33,14,8,24,10,7,26,11
510674,1,1,1987,0,27,2,0,7,9,14,7,0,0
510674,2,1,1987,40,10,20,26,0,3,0,15,12,8
510674,3,1,1987,0,0,9,0,0,0,0,0,0,0
510674,4,1,1987,0,21,0,0,0,0,0,0,0,0
510675,1,1,1987,0,0,0,0,0,0,0,0,0,0
510676,1,1,1987,16,16,16,16,16,16,16,16,16,16
510677,0,1,1987,8,8,8,8,8,8,8,8,8,8
510677,1,1,1987,0,22,38,0,0,19,0,0,33,0
510678,1,1,1987,0,0,0,0,0,0,0,0,0,0
510679,1,1,1987,0,22,0,0,0,0,0,0,0,20
510679,2,1,1987,0,0,0,0,10,0,0,0,0,28
510681,1,1,1987,0,0,0,0,0,0,0,0,0,0
510681,2,1,1987,0,0,0,0,0,0,0,0,0,0
510682,1,1,1987,16,50,18,0,23,0,13,0,0,37
510683,1,1,1987,0,0,0,0,0,0,0,0,0,0
510683,2,1,1987,0,0,0,0,0,0,0,0,0,0
510684,1,1,1987,27,27,27,27,27,27,27,27,27,27
510685,1,1,1987,0,0,0,0,0,0,0,0,0,0
510686,0,1,1987,16,16,16,16,16,16,16,16,16,16
510686,1,1,1987,0,0,0,0,0,0,0,0,0,18
510687,0,1,1987,15,15,15,15,15,15,15,15,15,15
510687,1,1,1987,19,0,0,0,7,0,0,0,0,0
510688,1,1,1987,15,10,0,24,3,16,25,0,14,15
510689,1,1,1987,0,31,0,0,0,0,0,0,0,0
510689,2,1,1987,0,0,0,0,0,0,0,0,0,0
510690,0,1,1987,39,39,39,39,39,39,39,39,39,39
510690,1,1,1987,0,0,0,0,0,0,0,0,0,0
510691,1,1,1987,0,0,0,0,0,0,0,0,0,0
510691,2,1,1987,0,0,32,0,0,0,0,0,0,0
510691,3,1,1987,0,0,0,0,0,0,0,0,13,0
510692,1,1,1987,0,0,0,0,0,0,0,0,0,0
510693,1,1,1987,16,16,16,16,16,16,16,16,16,16
510694,1,1,1987,24,24,24,24,24,24,24,24,24,24
510694,2,1,1987,0,0,0,0,0,0,0,0,0,0
510695,1,1,1987,16,16,16,16,16,16,16,16,16,16
510696,1,1,1987,25,0,0,0,0,0,10,0,0,0
510697,1,1,1987,0,0,0,0,0,0,0,0,0,0
510697,2,1,1987,0,0,0,0,0,0,0,0,0,0
510698,1,1,1987,15,15,15,15,15,15,15,15,15,15
510700,0,1,1987,0,0,0,0,0,0,0,0,0,0
510700,1,1,1987,0,6,26,23,6,6,0,3,16,14
510701,1,1,1987,0,0,0,0,0,0,0,0,0,0
510701,2,1,1987,28,0,0,0,0,0,0,0,0,0
510701,3,1,1987,0,0,3,0,3,0,0,0,22,0
510702,1,1,1987,0,0,0,0,0,0,0,0,0,0
510703,1,1,1987,19,19,19,19,19,19,19,19,19,19
510704,0,1,1987,0,0,0,0,0,0,0,0,0,0
510704,1,1,1987,0,0,0,0,0,0,0,0,0,0
510705,1,1,1987,0,0,0,0,0,0,0,0,0,0
510705,2,1,1987,0,0,0,0,0,0,0,0,0,0
510706,1,1,1987,30,30,30,30,30,30,30,30,30,30
510707,1,1,1987,0,0,0,0,0,0,0,0,0,0
510708,1,1,1987,0,0,0,0,0,0,0,0,17,0
510709,1,1,1987,17,17,17,17,17,17,17,17,17,17
510710,1,1,1987,13,9,28,9,22,3,17,10,7,14
510711,1,1,1987,0,0,0,0,0,0,0,0,0,0
510711,2,1,1987,0,6,0,0,0,0,0,0,0,0
510712,1,1,1987,28,28,28,28,28,28,28,28,28,28
510713,0,1,1987,0,0,0,0,0,0,0,0,0,0
510713,1,1,1987,25,0,0,0,0,0,0,0,0,0
510714,1,1,1987,20,20,20,20,20,20,20,20,20,20
510714,2,1,1987,0,0,17,0,0,0,0,0,0,0
510715,1,1,1987,2,2,2,2,2,2,2,2,2,2
510716,1,1,1987,4,18,13,10,17,12,5,16,12,19
510717,1,1,1987,0,0,0,0,0,0,0,0,0,0
510717,2,1,1987,0,0,0,0,0,0,0,0,0,0
510718,1,1,1987,28,8,17,12,21,0,8,7,16,15
510719,0,1,1987,27,27,27,27,27,27,27,27,27,27
510719,1,1,1987,0,0,0,0,0,0,0,0,0,0
510720,1,1,1987,17,16,0,14,20,11,8,4,23,18
510720,2,1,1987,0,0,0,0,0,0,0,0,0,0
510720,3,1,1987,0,0,13,0,0,0,26,0,14,0
510721,1,1,1987,0,0,0,0,0,0,0,0,0,0
510722,1,1,1987,0,0,0,0,0,0,0,0,0,0
510722,2,1,1987,16,23,15,13,32,28,7,23,15,12
510723,1,1,1987,2,6,20,11,8,17,14,17,9,4
510724,1,1,1987,0,0,0,0,0,0,0,0,0,0
510724,2,1,1987,0,0,0,0,0,0,0,0,0,0
510725,1,1,1987,0,0,0,0,0,0,0,0,0,0
510725,2,1,1987,18,0,9,16,57,18,0,0,16,30
510726,1,1,1987,2,2,2,2,2,2,2,2,2,2
510730,1,1,1987,0,0,0,0,0,0,0,0,0,0
510730,2,1,1987,0,0,0,0,0,0,0,0,0,0
510731,1,1,1987,9,0,0,0,0,0,0,0,0,0
510731,2,1,1987,0,0,0,0,0,0,0,0,0,0
510732,1,1,1987,0,0,0,0,0,0,0,0,0,0
510732,2,1,1987,0,0,0,0,0,0,0,0,0,0
510733,1,1,1987,7,7,7,7,7,7,7,7,7,7
510734,1,1,1987,0,0,0,0,0,0,0,0,0,0
510734,2,1,1987,0,0,0,0,0,0,0,0,0,0
510735,1,1,1987,0,0,0,0,0,0,0,0,0,21
510735,2,1,1987,0,0,0,0,0,0,0,0,0,0
510736,1,1,1987,0,0,0,0,0,0,0,0,0,0
510737,1,1,1987,0,0,29,0,7,0,0,0,0,0
510737,2,1,1987,15,15,15,15,15,15,15,15,15,15
510738,1,1,1987,0,0,0,0,0,0,0,0,0,0
510738,2,1,1987,0,0,0,0,0,20,0,20,0,0
510739,1,1,1987,0,0,0,0,0,0,0,0,0,0
510739,2,1,1987,0,0,0,0,0,0,0,0,0,0
510740,1,1,1987,0,0,0,0,0,0,0,0,0,0
510741,1,1,1987,0,0,0,0,0,0,0,0,0,0
510742,1,1,1987,0,0,0,0,0,0,0,0,0,0
510743,1,1,1987,25,10,16,17,17,6,0,21,15,0
510743,2,1,1987,0,0,0,0,0,0,0,0,0,0
510744,1,1,1987,0,0,0,0,0,0,0,0,0,19
510744,2,1,1987,0,0,0,0,0,0,11,0,0,0
510744,3,1,1987,0,5,0,0,0,0,0,0,0,0
510745,1,1,1987,9,14,10,13,18,16,0,0,9,20
510746,1,1,1987,8,8,8,8,8,8,8,8,8,8
510747,1,1,1987,0,0,0,0,0,0,0,0,0,0
510747,2,1,1987,30,0,0,0,0,0,0,0,0,0
510748,1,1,1987,0,0,0,0,0,0,0,0,0,0
510748,2,1,1987,26,26,26,26,26,26,26,26,26,26
510749,1,1,1987,1,1,1,1,1,1,1,1,1,1
510749,2,1,1987,0,0,0,0,0,0,0,0,0,0
510751,1,1,1987,0,0,0,0,0,0,0,0,0,0
510752,1,1,1987,41,32,12,0,27,38,12,30,0,14
510753,1,1,1987,13,11,10,12,0,24,14,12,6,13
510753,2,1,1987,0,0,0,0,0,0,0,0,0,0
510754,1,1,1987,0,0,0,0,0,0,0,0,0,0
510754,2,1,1987,0,0,0,0,0,0,0,0,0,0
510755,1,1,1987,16,16,16,16,16,16,16,16,16,16
510755,2,1,1987,0,0,0,0,0,0,0,0,0,0
510756,1,1,1987,20,20,20,20,20,20,20,20,20,20
510757,1,1,1987,0,0,0,0,0,0,0,0,0,0
510757,2,1,1987,9,0,12,0,0,0,0,0,0,0
510758,0,1,1987,0,0,0,0,0,0,0,0,0,0
510758,1,1,1987,15,15,11,14,0,15,27,10,32,0
510759,0,1,1987,0,0,0,0,0,0,0,0,0,0
510759,1,1,1987,0,0,0,0,28,0,0,0,0,0
510760,1,1,1987,0,12,0,0,0,0,0,0,0,0
510760,2,1,1987,0,0,0,0,0,0,0,0,0,0
510761,1,1,1987,14,14,14,14,14,14,14,14,14,14
510762,1,1,1987,0,0,0,0,0,0,0,0,0,0
510762,2,1,1987,0,0,0,0,0,0,0,0,0,0
510763,1,1,1987,12,21,14,9,22,14,8,15,14,11
510764,1,1,1987,13,13,13,13,13,13,13,13,13,13
510765,1,1,1987,0,0,0,0,0,0,0,0,0,0
510766,1,1,1987,0,0,0,0,0,0,0,0,0,0
510766,2,1,1987,0,0,0,0,0,0,0,0,0,0
510767,1,1,1987,9,12,0,16,7,16,20,6,13,22
510767,2,1,1987,0,0,0,0,0,0,0,0,0,0
510768,0,1,1987,0,0,0,0,0,0,0,0,0,0
510768,1,1,1987,0,0,0,0,0,0,0,0,0,0
510769,0,1,1987,0,0,0,0,0,0,0,0,0,0
510769,1,1,1987,0,0,0,0,0,0,0,0,0,0
510770,1,1,1987,16,16,16,16,16,16,16,16,16,16
510770,2,1,1987,0,0,0,0,0,0,0,0,0,0
510772,0,1,1987,0,0,0,0,0,0,0,0,0,0
510772,1,1,1987,0,0,0,0,0,0,0,0,0,0
510773,1,1,1987,0,0,3,0,0,0,0,0,0,0
510773,2,1,1987,0,0,0,0,0,0,0,24,0,0
510774,1,1,1987,0,0,0,0,0,0,0,0,0,0
510774,2,1,1987,0,0,0,0,0,0,0,0,0,0
510775,1,1,1987,3,10,14,28,14,6,9,10,16,32
510776,0,1,1987,0,0,0,0,0,0,0,0,0,0
510776,1,1,1987,0,0,0,0,0,0,0,0,0,6
510777,1,1,1987,21,21,21,21,21,21,21,21,21,21
510778,1,1,1987,0,0,0,7,0,12,0,0,0,0
510779,1,1,1987,0,0,8,0,0,0,0,0,0,0
510779,2,1,1987,23,13,10,38,27,15,6,15,9,29
510780,1,1,1987,0,2,9,0,21,0,0,6,13,0
510781,2,1,1987,0,0,0,0,0,0,0,17,0,0
510782,1,1,1987,23,23,23,23,23,23,23,23,23,23
510783,0,1,1987,21,21,21,21,21,21,21,21,21,21
510783,1,1,1987,0,0,0,0,0,0,25,0,0,0
510783,2,1,1987,0,0,0,0,0,0,0,0,0,0
510784,1,2,1987,0,0,0,17,0,12,0,0,0,0
510785,1,1,1987,0,0,0,0,0,0,0,0,0,0
510785,2,1,1987,0,0,0,0,0,0,0,0,0,0
510786,1,1,1987,0,10,11,6,23,16,16,5,0,9
510787,1,1,1987,0,21,0,0,0,0,0,0,0,0
510788,1,1,1987,0,0,0,0,0,0,0,0,0,0
510788,2,1,1987,0,0,0,0,0,0,0,0,0,19
510789,1,1,1987,0,0,0,0,0,0,0,0,0,0
510790,1,1,1987,0,0,0,0,0,0,0,0,0,0
510790,2,1,1987,0,0,0,0,0,0,0,0,0,0
510791,1,1,1987,0,0,0,0,0,0,0,0,0,0
510791,2,1,1987,0,0,0,0,0,0,0,0,0,0
510792,1,1,1987,0,0,0,0,0,0,0,0,0,0
510792,2,1,1987,0,0,0,0,0,0,0,0,0,0
510793,1,1,1987,0,0,0,0,0,0,0,0,0,0
510793,2,1,1987,0,0,0,0,0,0,0,0,0,0
510794,1,1,1987,0,0,0,0,0,0,0,0,0,0
510795,1,1,1987,0,0,0,0,0,0,0,0,0,0
510795,2,1,1987,0,0,0,0,0,0,0,0,0,6
510796,0,1,1987,18,0,0,0,0,0,0,0,8,0
510796,0,2,1987,0,0,0,0,0,0,0,0,0,0
510796,1,1,1987,0,0,0,0,0,0,0,0,0,0
510796,2,1,1987,0,0,0,0,0,0,0,0,0,0
510797,1,1,1987,23,23,23,23,23,23,23,23,23,23
510799,1,1,1987,0,0,0,0,0,0,0,0,0,0
510799,2,1,1987,0,0,0,0,0,0,0,0,0,0
510800,1,1,1987,4,0,0,0,0,0,0,0,0,0
510800,2,1,1987,1,1,1,1,1,1,1,1,1,1
510801,1,1,1987,24,24,24,24,24,24,24,24,24,24
510802,1,1,1987,18,18,18,18,18,18,18,18,18,18
510803,1,1,1987,0,0,0,0,0,0,0,0,0,0
510803,2,1,1987,0,0,0,0,0,0,13,0,0,0
510804,1,1,1987,0,0,0,24,21,47,0,37,0,0
510805,1,1,1987,0,0,0,0,0,0,0,0,0,0
510805,2,1,1987,0,0,0,0,0,0,0,0,0,0
510806,0,1,1987,0,0,0,0,0,0,0,0,0,0
510806,1,1,1987,0,0,0,0,0,0,0,8,0,0
510807,1,1,1987,0,0,0,0,0,0,0,0,0,0
510807,2,1,1987,0,0,0,0,0,0,0,0,0,0
510808,0,1,1987,0,0,0,0,0,0,0,0,0,0
510808,1,1,1987,0,0,15,0,0,0,21,0,0,0
510809,1,1,1987,12,0,0,0,0,0,5,0,0,0
510809,2,1,1987,12,12,12,12,12,12,12,12,12,12
510810,1,1,1987,21,21,21,21,21,21,21,21,21,21
510811,1,3,1987,7,7,7,7,7,7,7,7,7,7
510812,1,1,1987,12,12,12,12,12,12,12,12,12,12
510812,2,1,1987,0,0,0,0,13,0,0,0,0,0
510813,1,1,1987,0,0,6,12,0,0,0,17,0,0
510814,1,1,1987,12,12,12,12,12,12,12,12,12,12
510815,0,1,1987,0,0,0,0,0,0,0,0,0,0
510815,1,1,1987,0,0,0,0,0,0,0,0,0,0
510816,1,1,1987,18,18,18,18,18,18,18,18,18,18
510817,1,1,1987,14,14,14,14,14,14,14,14,14,14
510818,0,1,1987,0,0,0,0,0,0,0,0,0,0
510818,1,1,1987,0,0,0,0,0,0,0,0,0,0
510819,1,1,1987,12,12,12,12,12,12,12,12,12,12
510819,2,1,1987,0,0,0,0,0,0,0,0,0,0
510820,1,1,1987,0,0,0,0,0,0,0,0,0,0
510821,1,1,1987,0,0,0,0,0,0,0,0,0,35
510821,2,1,1987,0,0,0,0,0,0,0,0,0,0
510821,3,1,1987,0,0,0,0,0,0,0,0,0,0
510822,1,1,1987,0,0,0,0,0,31,0,0,0,0
510823,1,1,1987,0,9,24,13,11,2,16,24,5,6
510824,1,1,1987,25,25,25,25,25,25,25,25,25,25
510825,0,1,1987,0,0,0,0,0,0,0,0,0,0
510825,1,1,1987,0,0,0,0,0,0,0,0,0,0
510826,1,1,1987,0,0,0,0,10,0,0,0,0,15
510827,0,1,1987,0,0,0,0,0,0,0,0,0,0
510827,1,1,1987,0,0,0,0,0,0,15,0,0,0
510828,0,1,1987,0,0,0,0,0,0,0,0,0,0
510828,1,1,1987,0,0,0,0,0,0,0,0,0,0
510829,0,1,1987,19,19,19,19,19,19,19,19,19,19
510829,0,2,1987,0,0,26,14,10,3,15,7,0,0
510829,1,1,1987,0,0,12,0,0,0,0,0,0,0
510830,1,1,1987,23,23,23,23,23,23,23,23,23,23
510831,1,1,1987,0,0,0,0,0,0,0,0,0,0
510832,1,1,1987,0,0,0,0,0,0,0,0,0,0
510833,1,1,1987,0,0,0,0,0,0,0,0,0,0
510835,1,1,1987,0,0,0,0,0,0,0,0,0,0
510836,0,1,1987,0,0,0,0,0,0,0,0,0,0
510836,1,1,1987,0,0,0,0,0,0,0,0,12,0
510837,1,1,1987,0,0,0,0,0,0,0,0,0,0
510837,2,1,1987,19,0,0,0,0,0,26,0,0,0
510838,1,3,1987,24,9,0,0,12,16,0,0,0,0
510839,1,1,1987,23,9,23,25,16,15,10,20,9,3
510840,1,1,1987,0,0,0,0,0,0,0,0,0,0
510840,2,1,1987,0,0,0,0,0,0,0,0,0,0
510841,1,1,1987,29,13,23,9,3,0,29,16,14,4
510841,2,1,1987,0,0,0,0,0,0,0,0,0,0
510842,1,1,1987,24,24,24,24,24,24,24,24,24,24
510842,2,1,1987,0,0,0,0,0,0,0,25,0,0
510842,3,1,1987,0,0,0,0,0,0,0,0,0,0
510843,1,1,1987,0,0,0,0,0,0,0,0,0,0
510843,2,1,1987,0,0,0,0,0,0,0,0,0,0
510844,1,1,1987,0,0,0,0,0,0,0,0,0,0
510844,2,1,1987,0,0,0,0,0,0,0,0,0,0
510845,1,1,1987,17,13,7,11,16,17,30,18,12,34
510845,2,1,1987,0,0,0,0,0,0,0,0,15,0
510845,3,1,1987,0,0,0,0,0,21,0,0,11,0
510845,4,1,1987,19,0,0,0,0,0,6,0,0,0
510845,5,1,1987,0,0,0,17,0,0,0,0,3,2
510846,0,1,1987,35,16,16,30,12,25,11,21,25,23
510846,1,1,1987,15,11,0,17,10,8,35,10,0,2
510847,1,1,1987,0,0,0,0,0,0,0,0,0,0
510847,2,1,1987,0,0,0,0,0,0,0,0,0,0
510848,1,1,1987,2,2,2,2,2,2,2,2,2,2
510849,1,1,1987,0,0,0,0,0,0,0,0,0,0
510850,1,1,1987,0,0,0,0,0,0,0,0,0,0
510850,2,1,1987,7,7,7,7,7,7,7,7,7,7
510851,1,1,1987,0,0,0,0,0,0,0,0,0,0
510852,1,1,1987,14,14,14,14,14,14,14,14,14,14
510853,1,1,1987,0,0,0,0,0,0,0,0,0,0
510854,1,1,1987,28,14,14,3,8,0,10,13,13,4
510854,2,1,1987,0,0,0,0,0,0,11,0,0,0
510855,1,1,1987,9,8,3,13,15,0,16,0,18,13
510855,2,1,1987,7,7,7,7,7,7,7,7,7,7
510856,1,1,1987,0,12,20,9,12,0,0,9,17,8
510856,2,1,1987,0,0,0,0,0,0,0,0,0,0
510856,3,1,1987,0,0,0,0,0,0,0,0,0,0
510857,1,1,1987,11,11,11,11,11,11,11,11,11,11
510858,1,1,1987,0,0,0,0,0,0,0,0,0,0
510858,2,1,1987,0,0,0,0,0,0,0,0,0,0
510859,1,1,1987,17,0,0,0,0,0,0,0,0,0
510859,2,1,1987,0,0,0,0,0,0,0,0,0,0
510860,1,1,1987,0,0,0,0,0,0,0,0,15,0
510860,2,1,1987,0,0,0,0,0,0,0,0,0,0
510861,1,1,1987,27,27,27,27,27,27,27,27,27,27
510862,1,1,1987,18,18,18,18,18,18,18,18,18,18
510862,2,1,1987,0,1,0,0,0,0,0,0,0,0
510863,1,1,1987,0,0,0,0,0,0,0,0,0,0
510864,1,1,1987,0,0,0,0,0,0,0,0,0,0
510865,1,1,1987,11,11,11,11,11,11,11,11,11,11
510866,1,1,1987,0,0,0,0,0,0,0,0,0,0
510866,2,1,1987,0,0,0,0,0,0,0,0,0,0
510867,1,1,1987,0,0,0,0,0,0,0,29,0,0
510867,2,1,1987,0,0,0,0,0,0,0,0,0,0
510868,0,1,1987,31,31,31,31,31,31,31,31,31,31
510868,1,1,1987,0,0,0,0,0,0,0,0,0,0
510869,1,1,1987,0,0,0,0,0,0,0,0,0,0
510870,1,1,1987,0,0,0,0,36,0,0,0,0,0
510870,2,1,1987,13,13,13,13,13,13,13,13,13,13
510871,1,1,1987,0,0,0,0,0,0,0,0,0,0
510871,2,1,1987,0,0,0,0,0,0,0,0,0,0
510872,1,1,1987,0,0,0,0,0,0,0,0,0,0
510873,1,1,1987,12,12,12,12,12,12,12,12,12,12
510874,0,1,1987,0,0,0,0,0,0,0,0,0,0
510874,1,1,1987,0,0,0,0,0,0,0,0,0,0
510875,1,1,1987,0,0,5,0,0,0,0,0,0,0
510876,1,1,1987,0,0,0,0,0,0,0,0,0,0
510877,1,1,1987,0,0,0,0,0,0,0,0,0,0
510877,2,1,1987,0,0,0,0,0,0,0,0,0,0
510878,1,1,1987,0,0,0,0,0,0,18,24,0,20
510879,1,1,1987,9,4,17,7,23,12,23,9,4,11
510879,2,1,1987,0,0,0,0,0,0,0,0,0,0
510879,3,1,1987,0,0,0,0,0,0,0,0,0,0
510879,4,1,1987,0,0,0,0,0,0,0,0,0,0
510879,5,1,1987,0,0,0,6,0,0,0,0,0,0
510880,1,1,1987,19,19,19,19,19,19,19,19,19,19
510880,2,1,1987,0,0,0,0,0,0,0,0,0,0