ST_CASE,VEH_NO,PER_NO,YEAR,P1,P2,P3,P4,P5,P6,P7,P8,P9,P10
510881,1,1,1987,20,20,20,20,20,20,20,20,20,20
510882,1,1,1987,20,26,15,7,16,16,19,10,5,24
510883,0,1,1987,0,0,0,0,17,0,0,0,0,0
510883,1,1,1987,0,0,0,0,0,0,0,0,0,0
510884,1,1,1987,0,0,0,0,0,0,0,12,0,0
510884,2,1,1987,0,0,0,0,0,0,0,0,0,0
510885,1,1,1987,13,13,13,13,13,13,13,13,13,13
510886,1,1,1987,0,0,0,0,0,0,0,0,0,0
510887,0,1,1987,0,0,0,0,0,0,0,0,0,0
510887,1,1,1987,0,0,0,0,0,0,0,13,0,0
510888,0,1,1987,27,27,27,27,27,27,27,27,27,27
510888,1,1,1987,0,0,0,0,0,0,0,0,0,0
510889,1,1,1987,31,31,31,31,31,31,31,31,31,31
510890,1,1,1987,13,15,12,22,9,17,32,17,14,15
510890,2,1,1987,15,15,15,15,15,15,15,15,15,15
510891,1,1,1987,0,0,0,0,0,0,0,0,0,0
510892,1,1,1987,0,0,0,0,0,0,0,0,0,0
510893,1,1,1987,0,0,0,0,0,0,0,0,0,0
510894,1,1,1987,30,30,30,30,30,30,30,30,30,30
510895,1,1,1987,5,13,13,10,9,8,8,21,11,22
510896,1,1,1987,0,0,0,13,0,0,0,0,0,0
510896,2,1,1987,0,0,0,0,0,0,0,0,0,0
510897,1,1,1987,8,19,11,22,18,16,15,4,24,30
510898,0,1,1987,40,0,0,0,0,0,0,0,0,6
510898,1,1,1987,0,0,11,26,0,0,12,0,0,0
510899,1,1,1987,0,0,0,0,0,0,0,0,14,0
510899,2,1,1987,13,13,13,13,13,13,13,13,13,13
510900,1,1,1987,0,0,0,0,0,0,0,0,0,0
510901,0,1,1987,0,0,0,0,0,0,0,0,0,6
510901,1,1,1987,0,0,0,0,0,0,0,0,0,0
510902,1,1,1987,17,17,17,17,17,17,17,17,17,17
510903,1,1,1987,25,25,25,25,25,25,25,25,25,25
510904,1,1,1987,28,0,10,22,22,10,20,0,0,27
510904,2,1,1987,0,0,0,0,0,0,0,0,0,6
510905,1,1,1987,40,40,40,40,40,40,40,40,40,40
510905,2,1,1987,0,0,0,0,0,0,0,0,0,0
510906,1,1,1987,21,21,21,21,21,21,21,21,21,21
510907,1,1,1987,0,0,0,0,0,0,0,0,0,0
510908,1,1,1987,0,0,0,0,0,0,0,0,0,0
510908,2,1,1987,0,0,5,0,0,0,0,0,0,0
510908,3,1,1987,0,0,0,0,0,0,0,0,0,0
510909,0,1,1987,0,0,0,0,0,0,0,0,0,0
510909,1,1,1987,0,0,0,0,0,0,0,0,0,0
510910,1,1,1987,26,26,26,26,26,26,26,26,26,26
510911,1,1,1987,0,0,0,0,0,0,0,0,0,0
510911,2,1,1987,0,0,0,0,0,0,0,0,0,0
510912,1,1,1987,22,22,22,22,22,22,22,22,22,22
510913,1,1,1987,0,0,15,9,17,20,13,25,23,22
510914,1,1,1987,0,0,0,0,0,0,0,0,0,0
510915,1,1,1987,0,0,0,0,0,0,0,0,0,0
510915,2,1,1987,0,0,0,14,0,0,0,0,0,0
510916,1,1,1987,0,0,0,0,0,0,0,0,14,0
510916,2,1,1987,0,0,0,0,0,0,0,0,0,0
510917,1,1,1987,0,0,0,0,0,0,0,0,0,0
510917,2,1,1987,0,0,0,0,0,0,0,0,0,0
510918,1,1,1987,0,0,0,0,0,0,0,0,0,0
510919,0,1,1987,12,25,48,28,28,10,24,0,14,22
510919,1,1,1987,0,0,0,0,0,0,0,0,0,0
510920,1,1,1987,0,0,0,0,0,0,0,0,0,0
510922,1,1,1987,4,4,4,4,4,4,4,4,4,4
510922,2,1,1987,0,0,0,0,0,0,0,0,0,12
510923,1,1,1987,30,30,30,30,30,30,30,30,30,30
510923,2,1,1987,6,11,4,4,16,19,19,32,19,12
510924,0,1,1987,25,25,25,25,25,25,25,25,25,25
510924,1,1,1987,0,9,25,11,8,15,5,12,16,23
510925,1,1,1987,21,21,21,21,21,21,21,21,21,21
510925,2,1,1987,0,0,0,0,0,0,0,0,0,0
510926,1,1,1987,0,0,0,0,0,0,0,0,0,0
510926,2,1,1987,0,13,0,0,0,0,0,3,0,0
510927,1,1,1987,22,54,0,21,0,12,27,20,11,0
510929,0,1,1987,0,0,4,0,0,0,0,0,0,0
510929,0,2,1987,0,0,0,0,0,0,0,0,0,0
510929,1,1,1987,0,0,0,0,0,0,0,0,0,0
530001,1,1,1987,24,24,24,24,24,24,24,24,24,24
530002,1,1,1987,0,0,0,0,0,0,0,4,0,0
530003,1,1,1987,0,0,0,0,0,0,0,0,9,0
530004,1,1,1987,0,0,0,0,0,0,0,0,0,0
530004,2,1,1987,0,0,0,0,0,0,0,0,0,0
530005,1,1,1987,0,0,0,0,0,0,0,0,0,0
530005,2,1,1987,0,0,0,0,0,0,0,0,0,0
530006,1,1,1987,0,0,0,0,0,0,0,0,0,0
530007,1,1,1987,20,20,20,20,20,20,20,20,20,20
530008,1,1,1987,0,0,0,0,0,0,0,0,0,0
530009,0,1,1987,0,0,0,0,0,0,0,0,0,0
530009,0,2,1987,0,0,0,0,0,0,0,0,0,0
530009,1,1,1987,4,4,4,4,4,4,4,4,4,4
530010,1,1,1987,0,0,0,0,0,0,0,0,0,0
530010,2,1,1987,0,0,0,0,0,0,0,0,0,0
530010,3,1,1987,0,0,0,0,0,0,0,0,0,12
530011,1,1,1987,2,2,2,2,2,2,2,2,2,2
530012,1,1,1987,0,0,0,0,0,0,0,0,0,0
530012,2,1,1987,0,0,0,0,0,0,0,0,0,0
530013,1,1,1987,20,20,20,20,20,20,20,20,20,20
530014,1,1,1987,12,12,12,12,12,12,12,12,12,12
530014,2,1,1987,0,0,0,0,0,0,0,0,0,0
530015,1,1,1987,0,0,0,0,0,0,0,0,0,0
530015,2,1,1987,0,0,0,0,0,0,0,0,0,0
530016,1,1,1987,0,0,0,8,0,0,0,13,26,0
530017,1,1,1987,0,0,0,0,0,0,0,0,0,0
530017,2,1,1987,0,0,0,0,0,0,0,0,0,0
530018,1,1,1987,0,0,0,0,0,0,0,0,0,0
530018,2,1,1987,0,0,0,0,0,0,0,14,0,8
530018,3,1,1987,0,0,0,0,0,0,0,0,0,0
530019,1,1,1987,11,11,11,11,11,11,11,11,11,11
530020,1,1,1987,0,0,0,0,0,0,0,0,0,0
530020,2,1,1987,0,0,0,0,0,0,0,0,0,0
530020,3,1,1987,0,0,0,0,0,0,0,0,0,0
530021,0,1,1987,21,21,21,21,21,21,21,21,21,21
530021,1,1,1987,19,19,19,19,19,19,19,19,19,19
530022,1,1,1987,2,2,2,2,2,2,2,2,2,2
530023,1,1,1987,3,3,3,3,3,3,3,3,3,3
530023,2,1,1987,13,13,13,13,13,13,13,13,13,13
530024,1,1,1987,0,0,0,0,0,0,0,0,0,0
530025,1,1,1987,10,10,10,10,10,10,10,10,10,10
530026,1,1,1987,17,17,17,17,17,17,17,17,17,17
530026,2,1,1987,0,0,0,0,0,0,0,0,0,0
530027,1,1,1987,15,15,15,15,15,15,15,15,15,15
530028,1,1,1987,0,0,7,4,19,0,19,0,0,0
530029,1,1,1987,0,0,0,0,0,0,0,0,0,0
530029,2,1,1987,0,0,0,0,0,0,0,0,0,0
530030,0,1,1987,0,0,0,0,0,0,0,0,0,0
530030,0,2,1987,0,0,0,0,0,0,0,0,0,0
530030,1,1,1987,0,0,0,0,0,25,0,0,0,0
530031,1,1,1987,22,22,22,22,22,22,22,22,22,22
530032,1,1,1987,0,0,0,0,0,0,0,0,0,0
530032,2,1,1987,0,0,0,0,0,0,0,0,0,0
530033,1,1,1987,0,0,0,0,0,0,0,0,0,0
530033,2,1,1987,0,0,0,0,0,0,0,0,0,0
530034,1,1,1987,26,26,26,26,26,26,26,26,26,26
530035,1,1,1987,0,0,0,0,0,0,0,0,0,0
530035,2,1,1987,0,0,15,0,0,0,0,0,0,0
530036,0,1,1987,24,24,24,24,24,24,24,24,24,24
530036,1,1,1987,13,13,13,13,13,13,13,13,13,13
530037,1,1,1987,0,0,0,0,0,0,0,0,0,0
530037,2,1,1987,0,0,0,0,0,0,0,0,0,0
530038,0,1,1987,6,8,15,35,40,20,0,37,0,0
530038,0,2,1987,13,13,13,13,13,13,13,13,13,13
530038,1,1,1987,2,2,2,2,2,2,2,2,2,2
530039,1,1,1987,22,22,22,22,22,22,22,22,22,22
530039,2,1,1987,0,0,0,0,0,0,0,0,0,0
530040,0,1,1987,34,34,34,34,34,34,34,34,34,34
530040,1,1,1987,0,0,0,0,0,0,0,0,0,0
530041,0,1,1987,0,7,0,19,4,0,0,0,7,0
530041,1,1,1987,10,0,14,0,0,0,12,0,0,0
530042,1,1,1987,0,0,0,0,0,0,0,0,0,0
530043,1,1,1987,0,0,0,0,0,0,0,0,0,0
530043,2,1,1987,0,0,0,0,0,0,0,0,0,0
530044,0,1,1987,0,0,0,0,0,18,0,0,0,14
530044,1,1,1987,0,0,0,0,0,0,0,0,0,0
530045,1,1,1987,19,19,19,19,19,19,19,19,19,19
530045,2,1,1987,0,0,0,0,0,0,0,0,0,0
530046,1,1,1987,26,26,26,26,26,26,26,26,26,26
530047,0,1,1987,0,0,0,0,0,0,0,0,0,0
530047,1,1,1987,25,0,0,0,0,0,0,0,4,24
530047,2,1,1987,0,0,0,0,0,0,0,0,0,0
530048,1,1,1987,25,25,25,25,25,25,25,25,25,25
530048,2,1,1987,0,0,0,0,0,0,0,0,0,0
530049,1,1,1987,0,0,0,0,0,0,0,0,0,0
530049,2,1,1987,0,0,0,0,0,0,0,0,0,0
530050,0,1,1987,20,2,12,9,0,32,18,41,18,8
530050,1,1,1987,0,0,0,0,0,0,0,0,13,10
530051,1,1,1987,0,0,0,0,0,0,0,0,0,0
530052,1,1,1987,19,19,19,19,19,19,19,19,19,19
530053,1,1,1987,0,0,0,0,0,0,0,0,0,0
530053,2,1,1987,0,0,5,0,0,0,0,0,0,0
530055,1,1,1987,17,17,17,17,17,17,17,17,17,17
530056,1,1,1987,0,0,0,0,0,0,0,0,0,0
530056,2,1,1987,0,0,0,0,0,0,0,0,0,0
530057,1,1,1987,32,32,32,32,32,32,32,32,32,32
530058,1,1,1987,24,24,24,24,24,24,24,24,24,24
530059,1,1,1987,15,11,4,0,0,0,0,0,9,6
530059,2,1,1987,0,0,0,0,0,0,0,0,0,0
530059,3,1,1987,0,0,0,0,0,0,0,0,0,0
530060,1,1,1987,0,0,0,0,0,0,0,0,0,0
530061,1,1,1987,24,24,24,24,24,24,24,24,24,24
530062,1,1,1987,18,18,18,18,18,18,18,18,18,18
530063,1,1,1987,3,3,3,3,3,3,3,3,3,3
530064,1,1,1987,0,0,0,0,0,0,0,0,0,0
530065,1,1,1987,0,0,0,0,0,0,0,0,0,0
530065,2,1,1987,0,0,0,0,0,0,0,0,0,0
530065,3,1,1987,0,0,0,0,0,0,0,0,0,0
530065,4,1,1987,0,0,0,0,0,0,0,0,0,0
530066,1,1,1987,17,17,17,17,17,17,17,17,17,17
530067,1,1,1987,23,23,23,23,23,23,23,23,23,23
530068,1,1,1987,20,20,20,20,20,20,20,20,20,20
530068,2,1,1987,0,0,0,0,0,0,0,0,0,0
530069,0,1,1987,40,40,40,40,40,40,40,40,40,40
530069,1,1,1987,0,0,0,0,0,0,0,0,0,11
530070,1,1,1987,0,0,0,9,0,0,0,0,0,0
530070,2,1,1987,0,0,0,0,0,0,0,0,0,0
530071,1,1,1987,19,19,19,19,19,19,19,19,19,19
530074,0,1,1987,22,22,22,22,22,22,22,22,22,22
530074,1,1,1987,0,11,10,11,15,0,4,0,0,0
530075,1,1,1987,29,4,9,0,22,12,16,10,22,5
530076,1,1,1987,0,0,0,0,0,0,0,0,0,0
530076,2,1,1987,0,0,0,0,0,0,0,0,0,0
530077,1,1,1987,0,0,0,0,0,0,0,0,0,0
530077,2,1,1987,0,0,0,0,0,0,0,0,0,0
530078,1,1,1987,13,13,13,13,13,13,13,13,13,13
530078,2,1,1987,0,0,0,0,0,0,0,0,0,0
530079,1,1,1987,0,0,0,0,0,0,0,0,0,10
530079,2,1,1987,0,0,0,0,0,0,0,0,0,0
530079,3,1,1987,0,0,0,0,0,0,0,0,0,0
530079,4,1,1987,0,0,0,0,0,0,0,0,0,6
530080,0,1,1987,0,0,0,0,0,0,0,0,0,0
530080,1,1,1987,0,0,0,0,0,0,0,0,0,0
530081,1,1,1987,0,0,0,0,0,0,0,0,0,0
530082,1,1,1987,0,0,0,0,0,0,0,0,0,0
530082,2,1,1987,20,20,20,20,20,20,20,20,20,20
530083,0,1,1987,0,0,21,0,0,0,0,0,0,0
530083,1,1,1987,0,0,0,0,0,0,0,0,0,0
530085,1,1,1987,20,20,20,20,20,20,20,20,20,20
530086,1,1,1987,0,0,0,0,0,0,0,0,0,0
530087,1,1,1987,0,0,0,0,0,0,0,0,0,0
530087,2,1,1987,0,0,0,0,0,0,0,0,0,0
530088,1,1,1987,32,32,32,32,32,32,32,32,32,32
530089,1,1,1987,23,23,23,23,23,23,23,23,23,23
530090,0,1,1987,0,0,0,0,0,0,0,8,0,0
530090,1,1,1987,27,27,27,27,27,27,27,27,27,27
530091,1,1,1987,16,16,16,16,16,16,16,16,16,16
530092,0,1,1987,0,0,19,7,0,11,0,0,11,0
530092,1,1,1987,0,0,0,0,0,0,0,0,0,0
530094,0,1,1987,0,0,0,0,0,0,0,0,0,0
530094,1,1,1987,0,21,22,20,22,23,9,8,24,16
530095,1,1,1987,16,16,16,16,16,16,16,16,16,16
530096,1,1,1987,0,0,0,0,0,0,0,0,0,0
530096,2,1,1987,0,0,0,0,0,0,0,0,0,0
530097,1,1,1987,14,14,14,14,14,14,14,14,14,14
530097,2,1,1987,0,0,0,0,0,0,0,0,0,0
530099,1,1,1987,11,0,16,0,0,0,0,0,0,0
530100,1,1,1987,0,0,0,0,0,0,0,0,0,0
530101,1,1,1987,23,23,23,23,23,23,23,23,23,23
530102,1,1,1987,7,7,7,7,7,7,7,7,7,7
530103,1,1,1987,18,18,18,18,18,18,18,18,18,18
530104,0,1,1987,0,0,0,0,0,0,0,0,0,0
530104,1,1,1987,0,0,0,0,0,0,0,0,0,0
530105,1,1,1987,0,0,0,0,0,0,0,0,0,0
530105,2,1,1987,0,0,0,0,0,0,0,0,0,0
530106,1,1,1987,0,0,0,0,0,0,0,0,0,0
530106,2,1,1987,0,0,0,0,0,0,0,0,0,0
530106,3,1,1987,9,9,9,9,9,9,9,9,9,9
530107,1,1,1987,0,0,0,0,0,0,0,0,0,0
530107,2,1,1987,0,0,0,0,0,0,0,5,0,0
530108,1,1,1987,23,23,23,23,23,23,23,23,23,23
530109,1,1,1987,15,15,15,15,15,15,15,15,15,15
530109,2,1,1987,0,0,0,0,0,17,12,0,0,0
530110,1,1,1987,0,0,0,0,0,0,0,0,0,0
530110,2,1,1987,0,0,0,0,0,0,0,24,0,9
530111,1,1,1987,0,0,0,0,0,0,0,0,0,0
530112,1,1,1987,0,0,0,0,0,0,0,0,0,0
530112,2,1,1987,0,0,0,0,0,0,0,0,0,0
530113,0,1,1987,10,10,10,10,10,10,10,10,10,10
530113,1,1,1987,10,10,10,10,10,10,10,10,10,10
530114,1,1,1987,20,20,20,20,20,20,20,20,20,20
530115,0,1,1987,0,0,0,0,0,0,0,0,0,0
530115,1,1,1987,24,24,24,24,24,24,24,24,24,24
530116,1,1,1987,0,0,0,0,0,0,0,0,0,0
530116,2,1,1987,0,0,0,0,0,0,0,0,0,0
530117,0,1,1987,0,0,0,0,0,0,0,0,0,0
530117,1,1,1987,0,0,0,0,0,0,0,0,0,0
530118,1,1,1987,11,11,11,11,11,11,11,11,11,11
530120,1,1,1987,18,18,18,18,18,18,18,18,18,18
530121,1,1,1987,21,21,21,21,21,21,21,21,21,21
530122,1,1,1987,20,20,20,20,20,20,20,20,20,20
530124,1,1,1987,21,21,21,21,21,21,21,21,21,21
530124,2,1,1987,7,7,7,7,7,7,7,7,7,7
530125,1,1,1987,0,0,0,0,11,0,0,0,21,0
530126,0,1,1987,0,0,0,0,0,0,0,0,0,0
530126,0,2,1987,23,23,23,23,23,23,23,23,23,23
530126,1,1,1987,0,0,0,0,0,0,0,0,0,0
530127,0,1,1987,0,0,0,0,0,0,0,0,0,0
530127,1,1,1987,0,0,0,0,0,0,0,0,0,0
530128,1,1,1987,25,25,25,25,25,25,25,25,25,25
530129,1,1,1987,0,0,0,0,0,0,0,0,0,0
530130,1,1,1987,0,0,0,0,0,0,0,0,0,0
530130,2,1,1987,0,0,0,0,0,0,0,0,0,0
530131,1,1,1987,0,0,0,14,0,0,0,0,0,0
530131,2,1,1987,0,0,0,0,0,0,0,0,0,0
530132,1,1,1987,0,0,0,0,0,0,0,0,0,0
530132,2,1,1987,0,0,0,0,0,0,0,0,0,0
530133,1,1,1987,0,0,0,0,0,0,0,0,0,0
530133,2,1,1987,0,0,0,0,0,0,0,0,0,0
530133,3,1,1987,0,0,0,0,0,0,0,0,0,0
530134,1,1,1987,0,0,0,0,0,0,0,0,0,0
530134,2,1,1987,0,0,0,0,0,0,0,0,0,0
530135,1,1,1987,0,0,0,0,0,0,0,0,0,0
530135,2,1,1987,19,19,19,19,19,19,19,19,19,19
530136,1,1,1987,0,0,0,0,0,0,0,0,0,0
530136,2,1,1987,0,0,0,0,0,26,0,0,0,0
530137,1,1,1987,0,0,0,0,0,0,0,0,0,0
530137,2,1,1987,0,0,0,0,0,0,0,0,0,0
530138,1,1,1987,5,5,5,5,5,5,5,5,5,5
530139,1,1,1987,0,12,0,0,0,0,0,0,0,0
530140,1,1,1987,0,0,0,0,0,0,0,0,0,0
530140,2,1,1987,0,0,0,0,0,0,0,0,0,0
530141,1,1,1987,0,0,0,0,0,0,0,0,0,0
530142,1,1,1987,24,24,24,24,24,24,24,24,24,24
530142,2,1,1987,0,0,0,0,0,0,0,0,0,0
530143,1,1,1987,3,3,3,3,3,3,3,3,3,3
530143,2,1,1987,0,0,0,0,0,0,0,0,0,0
530144,1,1,1987,12,12,12,12,12,12,12,12,12,12
530145,1,1,1987,0,0,0,0,0,0,0,0,0,0
530145,2,1,1987,0,0,0,0,0,0,0,0,0,0
530146,1,1,1987,0,0,0,0,0,0,0,0,0,0
530146,2,1,1987,0,0,0,0,0,0,0,0,0,0
530147,0,1,1987,0,0,0,0,0,0,0,0,0,0
530147,0,2,1987,0,22,0,5,0,5,0,15,9,13
530147,1,1,1987,0,0,0,0,0,0,0,0,0,0
530148,0,1,1987,26,26,26,26,26,26,26,26,26,26
530148,1,1,1987,11,0,12,27,0,0,0,0,18,23
530149,1,1,1987,11,11,11,11,11,11,11,11,11,11
530150,1,1,1987,0,0,0,0,0,0,0,0,0,0
530151,1,1,1987,14,14,14,14,14,14,14,14,14,14
530152,1,1,1987,0,0,0,0,0,0,0,0,0,0
530152,2,1,1987,0,0,0,0,0,19,0,0,0,0
530152,3,1,1987,0,0,0,0,0,0,0,0,0,0
530153,1,1,1987,12,12,12,12,12,12,12,12,12,12
530153,2,1,1987,8,8,8,8,8,8,8,8,8,8
530154,1,1,1987,27,27,27,27,27,27,27,27,27,27
530154,2,1,1987,0,0,0,0,0,0,0,0,0,0
530155,0,1,1987,0,0,0,0,0,0,0,0,0,0
530155,1,1,1987,0,0,0,0,0,0,0,0,0,0
530156,1,1,1987,0,0,0,0,0,0,0,0,0,0
530156,2,1,1987,0,0,0,0,0,0,0,0,0,0
530157,1,1,1987,0,0,0,0,0,0,0,0,0,0
530157,2,1,1987,0,0,0,0,0,0,0,0,0,0
530158,1,1,1987,26,26,26,26,26,26,26,26,26,26
530159,1,1,1987,0,0,0,0,0,0,0,0,0,0
530159,2,1,1987,0,0,0,0,0,0,0,0,0,0
530160,0,1,1987,18,18,18,18,18,18,18,18,18,18
530160,1,1,1987,0,0,0,0,0,0,0,0,0,0
530161,1,1,1987,0,0,0,0,0,0,0,0,0,0
530161,2,1,1987,0,0,0,0,0,0,0,0,0,0
530162,1,1,1987,11,19,18,16,8,7,19,32,6,14
530163,0,1,1987,0,0,0,0,0,0,0,0,0,0
530163,1,1,1987,10,10,10,10,10,10,10,10,10,10
530164,1,1,1987,44,44,44,44,44,44,44,44,44,44
530165,1,1,1987,30,30,30,30,30,30,30,30,30,30
530166,1,1,1987,0,0,0,0,0,0,0,0,0,0
530166,2,1,1987,0,0,0,0,0,0,0,0,0,0
530167,1,1,1987,0,0,0,0,0,0,0,0,8,0
530167,2,1,1987,0,0,0,0,0,21,0,0,0,0
530168,0,1,1987,0,0,0,0,0,0,0,0,0,0
530168,1,1,1987,0,0,0,0,0,0,0,0,0,0
530169,1,1,1987,0,0,0,0,0,0,0,0,0,0
530169,2,1,1987,0,0,0,0,0,0,0,0,0,0
530170,0,1,1987,0,0,0,0,0,0,0,0,0,0
530170,1,1,1987,0,0,0,0,0,0,0,0,0,0
530171,1,1,1987,0,0,0,0,0,0,0,0,0,0
530171,2,1,1987,0,0,0,0,0,0,0,0,0,0
530172,1,1,1987,27,27,27,27,27,27,27,27,27,27
530173,1,1,1987,24,24,24,24,24,24,24,24,24,24
530174,1,1,1987,14,14,14,14,14,14,14,14,14,14
530174,2,1,1987,10,10,10,10,10,10,10,10,10,10
530175,1,1,1987,1,1,1,1,1,1,1,1,1,1
530175,2,1,1987,0,0,0,0,0,0,0,0,0,0
530176,0,1,1987,14,7,1,0,0,19,8,10,0,0
530176,0,2,1987,6,0,4,0,0,0,0,0,0,0
530176,0,3,1987,4,0,16,0,0,3,0,0,0,0
530176,0,4,1987,10,0,0,16,2,3,0,0,0,0
530176,1,1,1987,0,0,0,17,0,0,0,0,0,12
530177,1,1,1987,14,14,14,14,14,14,14,14,14,14
530178,1,1,1987,0,0,0,0,0,0,0,0,0,0
530179,1,1,1987,10,10,10,10,10,10,10,10,10,10
530180,1,1,1987,0,0,0,0,0,0,0,0,0,0
530180,2,1,1987,0,0,0,0,0,0,0,0,0,0
530180,3,1,1987,0,0,0,0,0,0,0,0,0,0
530180,4,1,1987,0,0,0,0,0,0,0,0,0,0
530181,1,1,1987,33,33,33,33,33,33,33,33,33,33
530182,1,1,1987,0,0,0,0,0,0,0,0,0,0
530182,2,1,1987,0,0,0,0,0,0,0,0,9,15
530183,1,1,1987,0,0,0,0,0,0,0,0,0,0
530184,1,1,1987,2,2,2,2,2,2,2,2,2,2
530184,2,1,1987,0,0,0,0,0,0,0,0,0,0
530185,1,1,1987,0,0,0,0,0,0,0,0,0,0
530186,1,1,1987,0,0,0,0,0,0,0,0,0,0
530187,1,1,1987,13,13,13,13,13,13,13,13,13,13
530187,2,1,1987,0,0,0,0,0,0,0,0,0,0
530188,1,1,1987,10,10,10,10,10,10,10,10,10,10
530190,1,1,1987,12,12,12,12,12,12,12,12,12,12
530191,0,1,1987,0,0,0,0,0,0,0,0,0,0
530191,1,1,1987,14,14,14,14,14,14,14,14,14,14
530192,1,1,1987,18,18,18,18,18,18,18,18,18,18
530192,2,1,1987,0,0,0,0,0,0,0,0,0,0
530193,1,1,1987,23,23,23,23,23,23,23,23,23,23
530193,2,1,1987,0,22,0,0,4,13,0,0,11,17
530194,1,1,1987,0,0,0,0,0,0,0,0,0,0
530194,2,1,1987,9,0,0,0,0,0,0,0,0,0
530194,3,1,1987,0,0,0,0,0,0,0,0,0,0
530194,4,1,1987,1,1,1,1,1,1,1,1,1,1
530195,1,1,1987,17,17,17,17,17,17,17,17,17,17
530195,2,1,1987,0,0,0,0,0,0,0,0,0,0
530196,0,1,1987,0,0,0,0,0,0,0,0,0,0
530196,1,1,1987,0,0,0,0,0,0,0,0,0,0
530197,1,1,1987,0,0,0,0,0,0,0,0,0,0
530198,1,1,1987,0,0,0,0,0,0,0,0,0,0
530198,2,1,1987,0,0,0,0,0,0,0,0,0,0
530199,1,1,1987,0,0,0,0,0,0,0,0,0,0
530200,1,1,1987,13,13,13,13,13,13,13,13,13,13
530200,2,1,1987,0,0,0,0,0,0,0,0,0,0
530201,1,1,1987,18,18,18,18,18,18,18,18,18,18
530202,0,1,1987,0,0,0,0,0,0,0,0,0,0
530202,1,1,1987,2,2,2,2,2,2,2,2,2,2
530203,1,1,1987,28,28,28,28,28,28,28,28,28,28
530203,2,1,1987,0,0,0,0,0,0,0,0,0,0
530204,1,1,1987,0,0,0,0,0,0,0,0,0,0
530204,2,1,1987,0,0,13,0,0,0,0,0,0,0
530205,1,1,1987,0,0,0,0,0,0,0,0,0,0
530205,2,1,1987,0,0,0,0,0,0,0,0,0,0
530205,3,1,1987,0,0,0,0,0,0,0,0,0,0
530206,1,1,1987,18,18,18,18,18,18,18,18,18,18
530207,1,1,1987,0,0,0,0,0,0,0,0,0,0
530208,1,1,1987,0,0,0,0,0,0,0,0,0,0
530209,1,1,1987,19,19,19,19,19,19,19,19,19,19
530211,1,1,1987,32,32,32,32,32,32,32,32,32,32
530211,2,1,1987,0,0,0,0,0,0,0,0,0,0
530212,1,1,1987,8,8,8,8,8,8,8,8,8,8
530213,0,1,1987,0,0,0,0,0,0,0,0,0,0
530213,1,1,1987,11,11,11,11,11,11,11,11,11,11
530214,1,1,1987,11,11,11,11,11,11,11,11,11,11
530215,1,1,1987,27,27,27,27,27,27,27,27,27,27
530216,1,1,1987,31,31,31,31,31,31,31,31,31,31
530217,1,1,1987,22,22,22,22,22,22,22,22,22,22
530218,1,1,1987,0,0,0,0,0,0,0,0,0,0
530218,2,1,1987,0,0,0,0,0,0,0,0,0,0
530219,1,1,1987,15,15,15,15,15,15,15,15,15,15
530219,2,1,1987,0,0,0,0,0,0,0,0,18,0
530220,1,1,1987,14,14,14,14,14,14,14,14,14,14
530221,1,1,1987,15,15,15,15,15,15,15,15,15,15
530222,1,1,1987,22,22,22,22,22,22,22,22,22,22
530223,1,1,1987,0,0,0,0,0,0,0,0,0,0
530224,1,1,1987,18,18,18,18,18,18,18,18,18,18
530224,2,1,1987,0,0,0,0,0,0,0,0,0,0
530225,1,1,1987,0,0,0,0,0,0,0,0,0,0
530226,1,1,1987,16,16,16,16,16,16,16,16,16,16
530227,1,1,1987,16,16,16,16,16,16,16,16,16,16
530228,1,1,1987,0,0,0,0,0,0,0,0,0,0
530229,0,1,1987,0,0,0,0,0,0,0,0,0,0
530229,1,1,1987,24,21,18,5,31,0,25,28,15,8
530230,1,1,1987,20,20,20,20,20,20,20,20,20,20
530231,0,1,1987,0,0,0,0,0,0,0,0,0,0
530231,1,1,1987,0,0,0,0,0,0,0,0,0,0
530232,1,1,1987,0,0,0,0,0,0,0,0,0,0
530233,0,1,1987,0,0,0,0,0,0,0,0,0,0
530233,1,1,1987,0,0,0,0,0,0,0,0,0,0
530234,0,1,1987,0,0,0,0,0,0,0,0,0,0
530234,1,1,1987,0,0,0,0,0,0,0,0,0,0
530235,1,1,1987,16,16,16,16,16,16,16,16,16,16
530236,1,1,1987,0,0,0,0,0,0,0,0,0,0
530236,2,1,1987,5,5,5,5,5,5,5,5,5,5
530236,3,1,1987,0,0,0,0,0,0,0,0,0,0
530236,4,1,1987,0,0,0,0,0,0,0,0,0,0
530237,1,1,1987,13,13,13,13,13,13,13,13,13,13
530238,1,1,1987,0,0,0,0,0,0,0,0,0,0
530238,2,1,1987,12,12,12,12,12,12,12,12,12,12
530239,1,1,1987,0,0,0,0,0,0,0,0,0,0