ST_CASE,VEH_NO,PER_NO,YEAR,P1,P2,P3,P4,P5,P6,P7,P8,P9,P10
530240,1,1,1987,18,18,18,18,18,18,18,18,18,18
530241,1,1,1987,14,14,14,14,14,14,14,14,14,14
530242,1,1,1987,19,19,19,19,19,19,19,19,19,19
530242,2,1,1987,5,5,5,5,5,5,5,5,5,5
530242,3,1,1987,18,17,14,38,15,0,0,24,16,10
530243,1,1,1987,0,0,0,0,0,0,0,0,0,0
530243,2,1,1987,0,0,0,14,0,0,0,0,0,0
530244,1,1,1987,0,0,0,0,0,0,0,0,0,0
530244,2,1,1987,0,0,0,0,0,0,0,0,0,0
530245,1,1,1987,0,0,0,0,0,0,0,0,0,0
530245,2,1,1987,0,0,0,0,0,0,0,0,0,0
530246,0,1,1987,0,0,0,0,0,0,0,0,0,0
530246,0,2,1987,0,0,0,0,0,0,0,0,0,0
530246,1,1,1987,15,15,15,15,15,15,15,15,15,15
530247,1,1,1987,19,19,19,19,19,19,19,19,19,19
530247,2,1,1987,0,0,0,0,0,0,0,0,0,0
530248,1,1,1987,15,15,15,15,15,15,15,15,15,15
530249,1,1,1987,0,0,0,0,0,0,0,0,0,0
530249,2,1,1987,0,0,0,0,0,0,0,0,0,0
530250,1,1,1987,6,6,6,6,6,6,6,6,6,6
530251,1,1,1987,0,0,0,0,0,0,0,0,0,0
530251,2,1,1987,0,0,0,7,0,0,0,0,0,0
530252,1,1,1987,9,9,9,9,9,9,9,9,9,9
530253,1,1,1987,9,9,9,9,9,9,9,9,9,9
530254,1,1,1987,12,12,12,12,12,12,12,12,12,12
530254,2,1,1987,0,0,0,0,0,0,0,0,0,0
530255,1,1,1987,10,10,10,10,10,10,10,10,10,10
530256,1,1,1987,17,17,17,17,17,17,17,17,17,17
530257,1,1,1987,0,0,0,0,0,0,0,0,0,0
530258,1,1,1987,0,0,0,13,0,0,0,0,0,0
530258,2,1,1987,0,0,0,0,0,0,0,0,0,0
530259,1,1,1987,14,14,14,14,14,14,14,14,14,14
530259,2,1,1987,0,0,0,0,0,0,0,0,0,0
530260,1,1,1987,0,0,0,0,0,0,0,0,0,0
530261,1,1,1987,0,0,0,0,0,0,0,0,0,0
530261,2,1,1987,15,15,15,15,15,15,15,15,15,15
530262,1,1,1987,0,0,0,0,0,0,0,0,0,0
530262,2,1,1987,0,7,0,0,0,0,0,0,0,0
530263,1,1,1987,16,16,16,16,16,16,16,16,16,16
530264,0,1,1987,0,0,0,0,0,0,0,0,0,0
530264,1,1,1987,0,0,0,19,0,22,13,0,15,0
530265,1,1,1987,0,0,0,0,0,0,0,0,0,0
530266,1,1,1987,9,9,9,9,9,9,9,9,9,9
530266,2,1,1987,11,0,15,4,11,10,31,15,14,12
530267,1,1,1987,22,22,22,22,22,22,22,22,22,22
530268,1,1,1987,13,13,13,13,13,13,13,13,13,13
530269,1,1,1987,10,10,10,10,10,10,10,10,10,10
530269,2,1,1987,0,0,0,0,0,0,0,0,0,0
530270,1,1,1987,0,0,0,0,0,0,0,0,0,0
530270,2,1,1987,0,0,0,0,0,0,0,0,0,0
530271,1,1,1987,12,12,12,12,12,12,12,12,12,12
530272,1,1,1987,12,12,12,12,12,12,12,12,12,12
530273,1,1,1987,24,24,24,24,24,24,24,24,24,24
530274,1,1,1987,0,0,0,0,0,0,0,0,0,0
530274,2,1,1987,0,0,0,0,0,0,0,0,0,0
530274,3,1,1987,0,0,0,0,0,0,0,0,0,0
530275,1,1,1987,0,0,0,0,0,0,26,0,0,0
530275,2,1,1987,0,0,0,0,0,0,0,0,0,0
530276,1,1,1987,15,15,15,15,15,15,15,15,15,15
530277,1,1,1987,0,0,0,0,0,0,0,0,0,0
530277,2,1,1987,2,2,2,2,2,2,2,2,2,2
530279,1,1,1987,0,0,0,0,0,0,0,0,0,0
530279,2,1,1987,0,0,0,0,0,0,0,0,0,0
530280,1,1,1987,12,12,12,12,12,12,12,12,12,12
530281,1,1,1987,9,9,9,9,9,9,9,9,9,9
530282,0,1,1987,0,0,0,0,0,0,0,0,0,0
530282,1,1,1987,0,0,0,0,0,0,0,0,0,0
530283,1,1,1987,14,14,14,14,14,14,14,14,14,14
530284,1,1,1987,0,0,0,0,0,0,0,0,0,0
530284,2,1,1987,0,0,0,0,0,0,0,0,0,0
530285,0,1,1987,0,0,0,0,0,0,0,0,0,0
530285,1,1,1987,0,0,0,0,0,0,0,0,0,0
530286,1,1,1987,24,24,24,24,24,24,24,24,24,24
530286,2,1,1987,0,0,0,0,10,0,0,8,15,0
530287,1,1,1987,9,9,9,9,9,9,9,9,9,9
530288,0,1,1987,0,0,21,0,0,0,0,0,0,0
530288,1,1,1987,0,0,0,0,0,0,0,0,0,0
530289,1,1,1987,20,20,20,20,20,20,20,20,20,20
530289,2,1,1987,0,0,0,0,0,13,16,0,10,0
530290,1,1,1987,0,0,0,0,0,0,0,0,0,0
530290,2,1,1987,0,0,0,0,0,0,0,0,0,0
530291,0,1,1987,0,0,0,0,0,0,6,0,0,0
530291,1,1,1987,0,0,0,0,0,0,0,0,0,0
530292,1,1,1987,0,0,0,0,0,0,0,0,0,0
530293,1,1,1987,0,0,0,0,0,0,0,0,0,0
530294,1,1,1987,0,10,0,0,0,0,0,0,0,0
530294,2,1,1987,0,0,0,0,0,0,0,0,0,0
530295,1,1,1987,12,12,12,12,12,12,12,12,12,12
530295,2,1,1987,0,0,0,0,0,0,0,0,0,0
530296,0,1,1987,0,0,0,0,0,0,0,0,0,0
530296,1,1,1987,0,0,0,0,0,0,0,0,0,0
530297,1,1,1987,0,0,0,0,0,0,0,0,0,0
530297,2,1,1987,5,5,5,5,5,5,5,5,5,5
530297,3,1,1987,0,0,0,0,0,0,0,0,3,0
530298,1,1,1987,11,11,11,11,11,11,11,11,11,11
530299,1,1,1987,15,15,15,15,15,15,15,15,15,15
530300,1,1,1987,24,24,24,24,24,24,24,24,24,24
530301,1,1,1987,0,0,0,0,0,0,0,0,0,0
530301,2,1,1987,0,0,0,0,0,0,0,0,0,0
530302,1,1,1987,13,0,11,22,0,0,0,0,22,8
530303,1,1,1987,21,21,21,21,21,21,21,21,21,21
530304,1,1,1987,0,0,0,0,0,0,0,0,0,0
530304,2,1,1987,0,0,0,0,0,0,0,0,0,0
530305,1,1,1987,26,26,26,26,26,26,26,26,26,26
530305,2,1,1987,0,0,0,0,0,0,0,0,0,0
530305,3,1,1987,0,0,0,0,0,0,0,0,0,0
530306,1,1,1987,32,32,32,32,32,32,32,32,32,32
530307,1,1,1987,0,0,0,0,0,0,0,0,0,0
530307,2,1,1987,0,0,0,0,0,0,0,0,0,0
530308,0,1,1987,18,18,18,18,18,18,18,18,18,18
530308,1,1,1987,0,0,0,0,0,0,0,0,0,0
530309,1,1,1987,0,0,0,0,0,0,0,0,0,0
530309,2,1,1987,7,7,7,7,7,7,7,7,7,7
530310,1,1,1987,23,23,23,23,23,23,23,23,23,23
530310,2,1,1987,0,14,0,0,0,0,0,0,0,0
530310,3,1,1987,0,0,0,0,0,0,0,0,0,0
530311,0,1,1987,0,0,0,0,0,0,0,0,0,0
530311,1,1,1987,0,0,0,0,0,0,0,0,0,0
530312,1,1,1987,0,0,0,0,0,0,0,0,0,0
530312,2,1,1987,0,0,0,0,8,0,0,0,0,0
530313,1,1,1987,0,0,0,0,0,0,0,1,0,0
530313,2,1,1987,0,0,0,0,0,10,0,0,0,0
530314,1,1,1987,11,11,11,11,11,11,11,11,11,11
530315,1,1,1987,20,20,20,20,20,20,20,20,20,20
530315,2,1,1987,10,16,30,19,15,13,0,13,11,4
530315,3,1,1987,0,0,0,0,0,0,0,0,0,0
530316,0,1,1987,0,0,0,0,0,0,0,0,0,0
530316,1,1,1987,0,0,0,0,0,0,0,0,0,0
530317,0,1,1987,27,27,27,27,27,27,27,27,27,27
530317,1,1,1987,0,0,0,0,0,0,0,0,0,0
530318,1,1,1987,2,2,2,2,2,2,2,2,2,2
530318,2,1,1987,0,0,0,0,0,0,0,25,0,0
530319,1,1,1987,0,0,0,0,0,0,0,0,0,0
530319,2,1,1987,0,0,0,0,0,0,0,0,0,0
530320,1,1,1987,0,0,0,0,0,0,0,0,0,0
530320,2,1,1987,0,0,0,0,0,0,0,0,0,0
530321,1,1,1987,8,8,8,8,8,8,8,8,8,8
530322,1,1,1987,15,15,15,15,15,15,15,15,15,15
530323,1,1,1987,9,9,9,9,9,9,9,9,9,9
530324,1,1,1987,24,24,24,24,24,24,24,24,24,24
530325,1,1,1987,25,25,25,25,25,25,25,25,25,25
530325,2,1,1987,0,0,0,0,0,0,0,0,0,0
530326,1,1,1987,11,11,11,11,11,11,11,11,11,11
530327,1,1,1987,9,9,9,9,9,9,9,9,9,9
530328,1,1,1987,16,16,16,16,16,16,16,16,16,16
530329,1,1,1987,0,0,0,0,0,0,0,0,0,0
530330,1,1,1987,12,12,12,12,12,12,12,12,12,12
530331,1,1,1987,4,4,4,4,4,4,4,4,4,4
530332,1,1,1987,0,0,0,0,0,0,0,0,0,0
530332,2,1,1987,7,0,0,0,0,0,0,0,0,0
530333,1,1,1987,0,0,0,0,0,0,0,0,0,0
530333,2,1,1987,0,0,0,0,0,0,0,0,0,0
530334,1,1,1987,0,0,0,0,0,0,0,0,0,0
530335,1,1,1987,5,16,0,33,0,23,0,31,0,0
530336,1,1,1987,0,0,0,0,0,0,0,0,0,0
530336,2,1,1987,0,0,0,0,0,0,0,0,0,0
530337,1,1,1987,0,0,0,0,0,0,0,0,0,0
530337,2,1,1987,0,0,0,0,0,0,0,0,0,0
530338,1,1,1987,19,19,19,19,19,19,19,19,19,19
530339,0,1,1987,20,0,0,0,28,0,22,0,10,20
530339,1,1,1987,0,0,0,12,0,0,0,0,10,0
530340,1,1,1987,2,2,2,2,2,2,2,2,2,2
530340,2,1,1987,0,0,0,0,0,0,0,0,0,0
530341,1,1,1987,0,0,0,0,0,0,0,0,0,0
530341,2,1,1987,7,2,17,5,13,11,12,9,11,2
530342,0,1,1987,0,0,0,0,0,0,0,0,0,0
530342,1,1,1987,22,0,0,0,0,6,0,0,0,0
530343,1,1,1987,0,0,0,0,0,0,0,0,0,0
530344,1,1,1987,0,0,0,0,0,0,0,0,0,0
530346,0,1,1987,0,0,0,0,0,0,0,0,0,0
530346,1,1,1987,0,0,0,0,0,0,0,0,0,0
530347,1,1,1987,17,17,17,17,17,17,17,17,17,17
530348,1,1,1987,7,7,7,7,7,7,7,7,7,7
530348,2,1,1987,0,0,0,0,0,0,0,0,0,0
530349,1,1,1987,12,12,12,12,12,12,12,12,12,12
530350,1,1,1987,11,11,11,11,11,11,11,11,11,11
530351,1,1,1987,0,0,0,0,0,0,0,0,0,0
530351,2,1,1987,0,0,0,0,0,0,0,0,0,0
530351,3,1,1987,0,0,0,0,0,0,0,0,0,0
530352,1,1,1987,6,6,6,6,6,6,6,6,6,6
530353,1,1,1987,13,13,13,13,13,13,13,13,13,13
530354,0,1,1987,0,0,0,0,0,0,0,0,0,0
530354,1,1,1987,0,0,0,0,0,0,0,0,0,0
530355,1,1,1987,0,0,0,19,0,0,0,0,0,0
530355,2,1,1987,0,0,0,0,0,0,0,0,0,0
530356,1,1,1987,18,18,18,18,18,18,18,18,18,18
530357,1,1,1987,0,0,0,0,0,0,0,0,0,0
530357,2,1,1987,0,0,0,0,0,0,0,0,0,0
530357,3,1,1987,0,0,0,0,0,0,0,0,0,0
530358,1,1,1987,13,13,13,13,13,13,13,13,13,13
530359,1,1,1987,0,0,0,0,0,0,0,0,0,0
530360,1,1,1987,18,18,18,18,18,18,18,18,18,18
530361,0,1,1987,0,0,0,0,0,0,0,0,0,0
530361,1,1,1987,0,0,0,0,0,0,0,0,0,0
530362,1,1,1987,5,5,5,5,5,5,5,5,5,5
530363,1,1,1987,22,22,22,22,22,22,22,22,22,22
530363,2,1,1987,15,15,15,15,15,15,15,15,15,15
530364,1,1,1987,15,15,15,15,15,15,15,15,15,15
530365,1,1,1987,23,23,23,23,23,23,23,23,23,23
530365,2,1,1987,0,0,0,0,0,0,0,0,0,0
530366,0,1,1987,0,0,0,0,0,0,0,0,0,0
530366,1,1,1987,0,0,0,0,0,0,0,0,0,0
530367,0,1,1987,0,0,0,0,0,0,0,0,0,0
530367,1,1,1987,0,0,0,0,0,0,0,0,0,0
530368,1,1,1987,0,0,0,0,0,0,0,0,0,0
530368,2,1,1987,0,0,0,0,0,0,0,0,0,0
530369,1,1,1987,19,19,19,19,19,19,19,19,19,19
530370,1,1,1987,0,0,0,0,0,0,0,0,0,0
530370,2,1,1987,19,13,18,20,27,27,11,8,20,7
530371,0,1,1987,0,0,0,24,0,0,0,19,0,0
530371,1,1,1987,1,1,1,1,1,1,1,1,1,1
530372,1,1,1987,23,23,23,23,23,23,23,23,23,23
530373,1,1,1987,0,0,0,0,0,0,0,0,0,0
530373,2,1,1987,0,0,0,0,0,0,0,0,0,0
530374,1,1,1987,18,18,18,18,18,18,18,18,18,18
530375,1,1,1987,15,15,15,15,15,15,15,15,15,15
530375,2,1,1987,0,0,0,0,0,0,0,0,0,0
530376,1,1,1987,0,0,0,0,0,0,0,0,0,0
530377,1,1,1987,15,15,15,15,15,15,15,15,15,15
530377,2,1,1987,0,12,0,0,0,0,0,19,0,0
530378,1,1,1987,14,14,14,14,14,14,14,14,14,14
530379,1,1,1987,17,17,17,17,17,17,17,17,17,17
530380,1,1,1987,0,0,0,0,0,0,0,0,0,0
530381,0,1,1987,16,16,16,16,16,16,16,16,16,16
530381,1,1,1987,27,19,0,11,27,0,0,14,0,0
530382,1,1,1987,9,9,9,9,9,9,9,9,9,9
530383,1,1,1987,18,18,18,18,18,18,18,18,18,18
530384,1,1,1987,0,0,0,15,0,0,0,4,12,13
530385,0,1,1987,0,0,0,0,0,0,0,0,0,0
530385,1,1,1987,0,0,0,0,0,0,0,0,0,0
530386,0,1,1987,0,0,0,0,0,0,0,0,0,0
530386,1,1,1987,0,0,0,0,0,0,0,0,0,0
530387,1,1,1987,0,0,0,3,19,0,0,0,0,0
530388,1,1,1987,0,0,0,0,0,0,0,0,0,0
530388,2,1,1987,0,0,0,0,0,0,0,0,0,0
530389,1,1,1987,0,13,0,0,0,0,0,0,0,0
530390,1,1,1987,15,0,11,16,0,8,27,21,17,0
530390,2,1,1987,6,6,6,6,6,6,6,6,6,6
530391,1,1,1987,0,0,0,0,0,0,0,8,0,0
530391,2,1,1987,5,5,5,5,5,5,5,5,5,5
530392,1,1,1987,0,0,0,0,0,0,0,0,0,0
530392,2,1,1987,0,0,0,0,0,0,0,0,0,0
530393,1,1,1987,0,0,0,0,0,0,0,0,0,0
530393,2,1,1987,0,0,0,0,0,0,0,0,0,0
530394,1,1,1987,15,14,14,0,20,11,20,22,30,13
530395,1,1,1987,20,20,20,20,20,20,20,20,20,20
530395,2,1,1987,0,0,0,0,0,0,0,0,0,0
530396,1,1,1987,0,0,0,0,0,0,0,0,0,0
530396,2,1,1987,0,0,0,0,0,0,0,0,0,0
530397,1,1,1987,24,24,24,24,24,24,24,24,24,24
530398,1,1,1987,15,15,15,15,15,15,15,15,15,15
530398,2,1,1987,8,8,8,8,8,8,8,8,8,8
530399,1,1,1987,18,18,18,18,18,18,18,18,18,18
530400,1,1,1987,15,15,15,15,15,15,15,15,15,15
530401,1,1,1987,18,18,18,18,18,18,18,18,18,18
530402,1,1,1987,0,0,0,0,0,0,0,16,0,0
530403,1,1,1987,0,0,0,0,0,0,0,0,0,0
530403,2,1,1987,0,0,0,0,0,0,0,0,0,0
530404,1,1,1987,0,0,0,0,0,0,0,0,0,0
530404,2,1,1987,0,0,0,0,0,0,0,0,0,0
530405,1,1,1987,8,8,8,8,8,8,8,8,8,8
530406,1,1,1987,20,20,20,20,20,20,20,20,20,20
530406,2,1,1987,0,0,0,0,0,7,0,0,0,0
530407,1,1,1987,34,34,34,34,34,34,34,34,34,34
530408,1,1,1987,9,6,13,11,9,20,19,9,0,18
530408,2,1,1987,0,0,0,0,0,0,0,0,0,0
530408,3,1,1987,0,0,0,0,0,0,0,0,0,0
530409,0,1,1987,3,3,3,3,3,3,3,3,3,3
530409,1,1,1987,0,0,0,0,0,7,0,15,0,0
530410,1,1,1987,5,5,5,5,5,5,5,5,5,5
530410,2,1,1987,0,0,0,0,0,0,0,0,0,0
530411,1,1,1987,0,0,0,0,0,0,0,0,0,0
530411,2,1,1987,0,0,0,0,0,0,0,0,0,0
530412,1,1,1987,18,18,18,18,18,18,18,18,18,18
530413,1,1,1987,0,0,0,0,0,0,0,0,0,0
530413,2,1,1987,0,0,0,0,0,0,0,0,0,0
530414,1,1,1987,0,0,0,0,0,0,0,0,0,0
530414,2,1,1987,19,19,19,19,19,19,19,19,19,19
530415,1,1,1987,0,0,0,0,4,0,0,0,0,0
530415,2,1,1987,0,0,0,0,0,0,0,0,0,0
530416,1,1,1987,0,0,0,0,0,0,0,0,0,0
530416,2,1,1987,0,0,0,0,0,0,0,0,0,0
530417,1,1,1987,16,16,16,16,16,16,16,16,16,16
530417,2,1,1987,0,0,0,0,0,0,0,0,0,0
530418,1,1,1987,0,0,0,0,0,0,0,0,0,0
530418,2,1,1987,0,0,0,0,0,0,0,0,0,0
530419,1,1,1987,13,13,13,13,13,13,13,13,13,13
530420,1,1,1987,0,0,0,0,0,0,0,0,0,0
530420,2,1,1987,0,0,0,0,0,0,0,12,0,0
530420,3,1,1987,0,0,0,0,0,0,0,0,0,0
530421,1,1,1987,0,0,0,0,0,0,0,20,0,0
530421,2,1,1987,11,11,11,11,11,11,11,11,11,11
530422,0,1,1987,0,0,0,0,0,0,0,0,0,0
530422,1,1,1987,0,0,0,0,0,0,0,0,0,0
530423,0,1,1987,0,7,19,0,0,13,0,0,0,0
530423,1,1,1987,0,0,0,0,0,0,0,7,0,0
530424,1,1,1987,13,13,13,13,13,13,13,13,13,13
530425,1,1,1987,25,25,25,25,25,25,25,25,25,25
530426,1,1,1987,0,0,0,0,0,0,0,0,0,0
530426,2,1,1987,0,0,0,0,0,0,16,0,0,0
530427,1,1,1987,0,0,0,0,0,0,0,0,0,0
530427,2,1,1987,0,0,0,0,0,0,0,0,0,0
530428,1,1,1987,14,14,14,14,14,14,14,14,14,14
530429,1,1,1987,0,0,0,0,0,0,0,0,0,0
530429,2,1,1987,0,0,0,0,0,0,0,0,0,0
530430,1,1,1987,0,0,0,0,0,0,0,0,0,0
530430,2,1,1987,14,14,14,14,14,14,14,14,14,14
530431,0,1,1987,23,23,23,23,23,23,23,23,23,23
530431,1,1,1987,0,20,11,13,5,15,0,18,10,13
530432,1,1,1987,16,16,16,16,16,16,16,16,16,16
530432,2,1,1987,0,0,0,0,0,0,0,0,0,0
530433,1,1,1987,0,0,0,0,0,0,0,0,0,0
530433,2,1,1987,0,0,0,0,0,0,0,0,0,0
530434,1,1,1987,0,0,18,20,10,21,24,0,9,16
530435,0,1,1987,0,0,0,0,0,0,0,0,0,0
530435,1,1,1987,0,0,0,0,0,0,0,0,0,0
530436,1,1,1987,8,8,8,8,8,8,8,8,8,8
530436,2,1,1987,0,0,0,0,0,0,0,0,0,0
530437,1,1,1987,22,22,22,22,22,22,22,22,22,22
530439,1,1,1987,0,0,0,0,0,0,0,0,0,0
530439,2,1,1987,0,0,0,0,0,0,0,0,0,0
530440,1,1,1987,7,7,7,7,7,7,7,7,7,7
530441,0,1,1987,0,0,0,0,0,0,0,0,0,0
530441,1,1,1987,9,9,9,9,9,9,9,9,9,9
530442,1,1,1987,30,30,30,30,30,30,30,30,30,30
530443,1,1,1987,0,0,20,0,32,0,16,0,13,0
530443,2,1,1987,0,0,0,0,0,0,0,11,0,0
530444,1,1,1987,0,21,18,17,0,0,0,0,26,0
530445,1,1,1987,9,9,9,9,9,9,9,9,9,9
530446,1,1,1987,12,12,12,12,12,12,12,12,12,12
530447,1,1,1987,0,0,0,0,0,0,0,0,0,0
530447,2,1,1987,0,0,0,0,0,0,0,0,0,0
530447,3,1,1987,0,0,0,0,0,0,0,0,0,0
530448,1,1,1987,0,0,0,0,0,0,0,0,0,0
530448,2,1,1987,0,0,0,0,0,0,0,0,0,0
530448,3,1,1987,0,0,0,0,0,0,0,0,0,0
530449,1,1,1987,0,0,0,0,0,0,0,0,0,0
530450,1,1,1987,26,26,26,26,26,26,26,26,26,26
530451,1,1,1987,24,24,24,24,24,24,24,24,24,24
530452,1,1,1987,0,0,0,0,0,0,0,0,0,0
530453,0,1,1987,16,16,16,16,16,16,16,16,16,16
530453,1,1,1987,0,11,21,0,0,7,6,0,0,0
530454,1,1,1987,7,7,7,7,7,7,7,7,7,7
530454,2,1,1987,0,0,6,0,10,0,0,0,0,0
530455,1,1,1987,0,0,0,0,0,0,0,0,0,0
530456,1,1,1987,0,13,0,0,0,0,0,0,0,0
530456,2,1,1987,0,0,0,12,0,9,0,0,7,16
530457,1,1,1987,0,0,0,0,0,0,0,0,0,0
530457,2,1,1987,0,0,0,0,0,0,0,0,0,0
530458,1,1,1987,16,16,16,16,16,16,16,16,16,16
530458,2,1,1987,0,0,0,0,0,0,0,0,0,0
530459,0,1,1987,32,32,32,32,32,32,32,32,32,32
530459,1,1,1987,0,10,0,0,0,0,0,0,0,0
530460,1,1,1987,0,0,0,0,0,0,0,0,0,0
530460,2,1,1987,0,0,0,0,0,0,0,0,0,0
530462,1,1,1987,23,23,23,23,23,23,23,23,23,23
530463,1,1,1987,0,0,0,12,0,0,0,0,0,0
530464,1,1,1987,10,0,44,0,15,0,0,0,0,21
530465,1,1,1987,17,17,17,17,17,17,17,17,17,17
530465,2,1,1987,0,0,0,0,0,0,0,0,0,0
530466,1,1,1987,18,18,18,18,18,18,18,18,18,18
530466,2,1,1987,0,0,0,0,0,0,0,0,0,0
530466,3,1,1987,8,8,8,8,8,8,8,8,8,8
530467,1,1,1987,11,11,11,11,11,11,11,11,11,11
530468,1,1,1987,19,0,0,0,0,0,0,0,0,0
530469,1,1,1987,22,22,22,22,22,22,22,22,22,22
530470,1,1,1987,7,7,7,7,7,7,7,7,7,7
530470,2,1,1987,0,7,0,0,0,0,0,0,0,0
530471,1,1,1987,10,10,10,10,10,10,10,10,10,10
530471,2,1,1987,0,0,0,0,0,13,0,0,0,0
530471,3,1,1987,0,0,0,0,0,0,0,0,0,0
530471,4,1,1987,0,0,0,0,0,0,0,16,0,0
530472,1,1,1987,9,9,9,9,9,9,9,9,9,9
530473,1,1,1987,7,7,7,7,7,7,7,7,7,7
530473,2,1,1987,0,0,0,24,0,13,0,0,0,0
530474,1,1,1987,0,0,0,0,0,0,0,0,0,0
530474,2,1,1987,0,0,0,0,0,0,0,0,0,0
530475,1,1,1987,25,25,25,25,25,25,25,25,25,25
530475,2,1,1987,0,0,0,0,0,0,0,0,0,0
530476,0,1,1987,35,35,35,35,35,35,35,35,35,35
530476,1,1,1987,0,0,0,0,0,0,0,0,0,0
530477,1,1,1987,2,2,2,2,2,2,2,2,2,2
530477,2,1,1987,0,0,0,0,0,0,0,0,0,0
530477,3,1,1987,7,0,0,0,0,0,0,0,17,0
530477,4,1,1987,0,0,0,0,0,0,0,0,0,0
530478,1,1,1987,19,19,19,19,19,19,19,19,19,19
530479,0,1,1987,0,0,0,0,0,0,0,0,0,0
530479,1,1,1987,0,0,0,0,0,0,7,0,0,0
530480,1,1,1987,10,10,10,10,10,10,10,10,10,10
530481,1,1,1987,26,26,26,26,26,26,26,26,26,26
530481,2,1,1987,0,0,0,0,0,0,0,0,0,0
530482,1,1,1987,18,18,18,18,18,18,18,18,18,18
530482,2,1,1987,0,0,0,0,0,0,0,0,0,0
530483,1,1,1987,22,22,22,22,22,22,22,22,22,22
530483,2,1,1987,0,0,0,0,0,0,0,0,0,0
530484,1,1,1987,0,0,0,0,0,0,0,0,0,0
530485,1,1,1987,0,0,0,0,0,0,0,0,0,0
530486,1,1,1987,0,0,0,12,0,0,0,0,0,0
530486,2,1,1987,0,0,0,0,0,11,0,0,0,0
530487,1,1,1987,12,12,12,12,12,12,12,12,12,12
530488,1,1,1987,21,21,21,21,21,21,21,21,21,21
530489,1,1,1987,0,0,0,0,0,0,0,0,0,0
530490,0,1,1987,0,0,0,0,0,0,0,0,0,0
530490,1,1,1987,0,0,0,0,0,0,0,0,0,0
530491,0,1,1987,0,0,19,2,10,0,0,0,0,0
530491,0,2,1987,10,0,10,0,4,0,0,0,0,0
530491,1,1,1987,0,0,0,0,0,0,0,0,0,0
530492,1,1,1987,0,0,0,0,0,0,0,0,0,0
530492,2,1,1987,0,0,0,0,0,0,0,0,0,0
530493,1,1,1987,17,17,17,17,17,17,17,17,17,17
530494,1,1,1987,25,25,25,25,25,25,25,25,25,25
530495,1,1,1987,0,19,12,19,5,13,5,17,13,8
530496,1,1,1987,11,11,11,11,11,11,11,11,11,11
530497,0,1,1987,0,0,0,0,0,0,0,0,0,0
530497,1,1,1987,0,0,0,0,0,0,0,0,0,0
530498,1,1,1987,0,0,0,0,0,0,0,0,0,0
530498,2,1,1987,0,0,0,0,0,0,0,15,0,0
530499,0,1,1987,16,16,16,16,16,16,16,16,16,16
530499,1,1,1987,0,0,0,0,0,0,0,0,0,0
530500,1,1,1987,12,12,12,12,12,12,12,12,12,12
530500,2,1,1987,0,0,0,0,0,16,0,0,5,0
530501,1,1,1987,22,22,22,22,22,22,22,22,22,22
530502,1,1,1987,24,24,24,24,24,24,24,24,24,24
530503,1,1,1987,0,0,0,0,0,0,0,0,0,0
530503,2,1,1987,0,0,0,16,0,0,0,0,0,0
530504,1,1,1987,21,21,21,21,21,21,21,21,21,21
530505,1,1,1987,9,9,9,9,9,9,9,9,9,9
530506,1,1,1987,0,0,0,0,0,0,0,0,0,0
530507,1,1,1987,0,0,0,0,0,0,0,0,0,0
530508,1,1,1987,0,0,0,0,0,0,0,0,0,0
530508,2,1,1987,0,0,0,0,0,0,0,0,0,0
530508,3,1,1987,0,0,0,0,0,0,0,0,0,0
530509,1,1,1987,0,0,0,0,0,0,0,0,0,0
530509,2,1,1987,0,0,0,0,0,0,0,0,0,0
530510,1,1,1987,0,17,11,18,23,11,19,21,11,0
530511,1,1,1987,0,21,10,0,0,0,0,9,19,5
530512,1,1,1987,0,0,0,0,0,0,0,0,0,0
530513,0,1,1987,0,0,0,0,0,0,0,0,0,0
530513,1,1,1987,0,0,0,0,0,0,0,0,0,0
530514,1,1,1987,0,0,0,0,0,0,0,0,0,0
530515,0,1,1987,26,26,26,26,26,26,26,26,26,26
530515,1,1,1987,8,8,8,8,8,8,8,8,8,8
530516,0,1,1987,0,0,0,0,0,0,0,0,0,0
530516,1,1,1987,0,0,0,0,0,0,0,0,0,0
530517,1,1,1987,0,0,0,0,0,0,0,0,0,0
530517,2,1,1987,0,0,0,0,0,0,0,0,0,0
530518,1,1,1987,0,0,0,0,0,0,0,0,0,0
530518,2,1,1987,0,0,0,0,0,0,0,0,0,0
530519,0,1,1987,24,24,24,24,24,24,24,24,24,24
530519,1,1,1987,16,10,38,7,0,0,0,0,0,18
530521,1,1,1987,0,0,0,0,0,0,0,0,0,0
530521,2,1,1987,0,0,0,0,0,0,0,0,0,0
530523,1,1,1987,5,5,5,5,5,5,5,5,5,5
530523,2,1,1987,0,0,0,0,0,0,0,0,0,0
530524,1,1,1987,0,0,0,0,0,0,0,0,0,0
530525,1,1,1987,0,0,0,0,0,0,0,0,0,0
530527,1,1,1987,6,6,6,6,6,6,6,6,6,6