ST_CASE,VEH_NO,PER_NO,YEAR,P1,P2,P3,P4,P5,P6,P7,P8,P9,P10
530528,1,1,1987,19,19,19,19,19,19,19,19,19,19
530530,1,1,1987,0,0,0,0,0,0,0,12,0,0
530530,2,1,1987,0,0,0,0,0,0,0,0,0,0
530531,1,1,1987,0,0,0,0,0,0,0,0,0,0
530531,2,1,1987,0,0,0,0,0,0,0,0,0,0
530532,1,1,1987,0,0,0,0,0,0,0,0,0,0
530532,2,1,1987,0,0,0,0,0,0,0,0,0,0
530533,1,1,1987,33,33,33,33,33,33,33,33,33,33
530534,1,1,1987,0,0,0,0,0,0,0,0,0,0
530534,2,1,1987,0,0,0,0,0,0,0,0,0,0
530535,1,1,1987,18,18,18,18,18,18,18,18,18,18
530535,2,1,1987,0,0,0,0,0,0,0,0,0,0
530536,1,1,1987,0,0,0,0,0,0,0,0,0,0
530536,2,1,1987,14,14,14,14,14,14,14,14,14,14
530537,1,1,1987,13,13,13,13,13,13,13,13,13,13
530538,1,1,1987,9,9,9,9,9,9,9,9,9,9
530539,1,1,1987,4,4,4,4,4,4,4,4,4,4
530540,1,1,1987,0,0,0,4,22,7,30,0,9,0
530540,2,1,1987,0,0,0,0,0,0,0,0,0,0
530541,1,1,1987,0,0,0,0,0,0,0,0,0,0
530542,1,1,1987,22,22,22,22,22,22,22,22,22,22
530543,1,1,1987,0,0,0,0,0,0,0,0,0,0
530543,2,1,1987,0,0,0,0,0,0,0,0,0,0
530544,0,1,1987,0,0,0,0,0,0,0,0,0,0
530544,1,1,1987,0,0,14,0,0,0,0,18,17,0
530545,1,1,1987,0,0,0,0,0,0,0,0,0,0
530546,1,1,1987,11,11,11,11,11,11,11,11,11,11
530546,2,1,1987,7,7,7,7,7,7,7,7,7,7
530547,1,1,1987,23,23,23,23,23,23,23,23,23,23
530548,0,1,1987,0,0,0,0,0,0,0,0,0,0
530548,1,1,1987,3,0,0,0,0,0,0,0,0,0
530549,1,1,1987,22,22,22,22,22,22,22,22,22,22
530549,2,1,1987,0,0,0,0,0,0,0,0,0,0
530550,0,1,1987,0,0,0,0,0,0,0,0,0,0
530550,1,1,1987,0,0,0,0,0,0,0,0,0,0
530550,2,1,1987,0,0,0,0,0,10,0,0,0,0
530551,1,1,1987,0,0,0,0,0,0,0,0,0,0
530552,1,1,1987,25,25,25,25,25,25,25,25,25,25
530553,1,1,1987,25,25,25,25,25,25,25,25,25,25
530553,2,1,1987,0,0,0,0,0,0,0,0,0,0
530554,0,1,1987,0,0,0,0,0,0,0,0,0,0
530554,1,1,1987,0,0,0,0,0,0,0,0,0,0
530555,1,1,1987,35,35,35,35,35,35,35,35,35,35
530556,1,1,1987,20,20,20,20,20,20,20,20,20,20
530558,1,1,1987,0,0,0,0,0,0,0,0,0,0
530558,2,1,1987,15,0,0,0,0,0,0,0,0,0
530559,1,1,1987,2,2,2,2,2,2,2,2,2,2
530560,0,1,1987,0,0,0,0,0,0,0,0,0,0
530560,1,1,1987,0,0,0,0,0,0,0,0,0,0
530561,0,1,1987,0,0,0,0,0,0,0,0,0,0
530561,1,1,1987,0,0,0,13,11,0,0,0,0,0
530561,2,1,1987,25,0,0,11,5,18,0,0,0,0
530561,3,1,1987,16,0,0,13,17,39,19,0,12,32
530562,1,1,1987,19,19,19,19,19,19,19,19,19,19
530562,2,1,1987,12,0,0,0,0,0,0,0,0,0
530562,3,1,1987,0,0,0,0,7,14,0,0,0,0
530563,1,1,1987,33,33,33,33,33,33,33,33,33,33
530563,2,1,1987,8,8,8,8,8,8,8,8,8,8
530564,1,1,1987,0,0,0,0,0,0,0,0,0,0
530564,2,1,1987,0,0,0,0,0,0,0,0,0,0
530564,3,1,1987,0,0,0,0,0,0,0,0,0,0
530565,1,1,1987,0,0,0,0,0,0,0,0,0,0
530565,2,1,1987,0,0,0,0,12,17,0,0,0,0
530566,1,1,1987,26,26,26,26,26,26,26,26,26,26
530567,1,1,1987,0,0,0,0,0,0,0,0,0,0
530568,0,1,1987,0,0,0,0,0,0,0,0,0,0
530568,1,1,1987,24,24,24,24,24,24,24,24,24,24
530569,1,1,1987,0,0,0,0,0,0,0,0,0,0
530569,2,1,1987,30,30,30,30,30,30,30,30,30,30
530570,1,1,1987,17,17,17,17,17,17,17,17,17,17
530571,1,1,1987,21,21,21,21,21,21,21,21,21,21
530571,2,1,1987,15,0,0,0,0,0,0,15,0,0
530572,1,1,1987,0,0,0,0,0,0,0,0,0,0
530573,1,1,1987,0,0,0,0,0,0,0,0,0,0
530573,2,1,1987,0,0,0,0,0,0,0,0,0,0
530573,3,1,1987,0,0,0,0,0,0,0,0,0,0
530574,1,1,1987,3,3,3,3,3,3,3,3,3,3
530575,0,1,1987,0,0,0,0,0,0,0,0,0,0
530575,1,1,1987,0,0,0,0,0,0,0,0,0,0
530576,1,1,1987,0,0,0,0,0,0,0,0,0,0
530576,2,1,1987,0,0,0,0,0,0,0,0,0,0
530577,1,1,1987,0,0,0,0,0,0,0,0,0,0
530577,2,1,1987,0,0,0,0,0,0,0,0,0,0
530578,1,1,1987,11,11,11,11,11,11,11,11,11,11
530579,1,1,1987,20,20,20,20,20,20,20,20,20,20
530580,1,1,1987,0,0,0,0,0,0,0,0,0,0
530581,1,1,1987,24,24,24,24,24,24,24,24,24,24
530581,2,1,1987,0,0,0,0,0,0,0,0,0,0
530582,1,1,1987,0,0,0,0,0,0,0,0,0,0
530583,1,1,1987,0,0,0,0,0,0,0,0,0,0
530583,2,1,1987,0,0,0,0,8,0,0,0,0,0
530583,3,1,1987,0,0,0,0,0,0,0,0,0,0
530584,1,1,1987,16,16,16,16,16,16,16,16,16,16
530585,1,1,1987,16,16,16,16,16,16,16,16,16,16
530586,1,1,1987,27,27,27,27,27,27,27,27,27,27
530586,2,1,1987,0,0,0,0,0,0,0,0,0,0
530586,3,1,1987,0,0,0,0,0,0,0,0,0,0
530587,1,1,1987,0,0,0,0,0,0,0,0,0,0
530587,2,1,1987,0,0,0,0,0,0,0,0,0,0
530588,1,1,1987,9,9,9,9,9,9,9,9,9,9
530590,1,1,1987,0,0,0,0,0,0,0,0,0,0
530590,2,1,1987,0,0,0,0,0,0,7,0,0,0
530591,1,1,1987,0,0,0,0,0,0,0,0,0,0
530591,2,1,1987,0,0,18,0,0,0,0,0,0,0
530593,1,1,1987,10,10,10,10,10,10,10,10,10,10
530593,2,1,1987,7,7,7,7,7,7,7,7,7,7
530594,1,1,1987,17,17,17,17,17,17,17,17,17,17
530595,0,1,1987,11,11,11,11,11,11,11,11,11,11
530595,1,1,1987,0,0,0,0,0,0,0,0,0,0
530596,1,1,1987,0,22,0,32,0,0,0,0,0,0
530597,1,1,1987,0,0,0,0,0,0,0,0,0,0
530597,2,1,1987,0,0,0,0,0,0,0,0,0,0
530597,3,1,1987,0,0,0,0,0,0,7,0,0,0
530597,4,1,1987,0,0,0,0,0,0,0,6,0,0
530597,5,1,1987,0,0,0,0,0,0,0,0,0,0
530598,1,1,1987,0,0,0,0,0,0,0,0,0,0
530599,0,1,1987,0,0,0,0,0,0,0,0,0,0
530599,1,1,1987,2,2,2,2,2,2,2,2,2,2
530600,1,1,1987,21,21,21,21,21,21,21,21,21,21
530601,1,1,1987,0,0,0,0,0,0,21,10,24,0
530601,2,1,1987,0,4,0,0,0,0,0,0,11,0
530602,0,1,1987,13,13,13,13,13,13,13,13,13,13
530602,0,2,1987,8,5,4,0,4,16,0,14,12,32
530602,1,1,1987,0,0,0,0,0,0,0,0,0,0
530603,1,1,1987,27,27,27,27,27,27,27,27,27,27
530603,2,1,1987,0,0,0,0,0,0,0,0,0,0
530605,1,1,1987,0,16,0,0,0,0,23,16,0,0
530606,0,1,1987,0,0,0,0,0,0,0,0,0,0
530606,1,1,1987,0,0,0,0,0,0,0,0,0,0
530607,1,1,1987,0,0,0,0,0,0,0,0,0,0
530607,2,1,1987,18,18,18,18,18,18,18,18,18,18
530608,0,1,1987,0,0,0,0,0,0,0,0,0,0
530608,1,1,1987,0,0,0,0,0,11,0,0,0,0
530609,1,1,1987,0,0,0,0,0,0,0,0,0,0
530609,2,1,1987,0,0,0,0,0,0,0,0,0,0
530610,1,1,1987,0,0,0,0,0,0,0,0,0,0
530611,1,1,1987,0,0,0,0,0,0,0,0,0,0
530611,2,1,1987,0,0,0,0,0,0,0,0,0,0
530611,3,1,1987,0,0,0,0,0,0,0,0,0,0
530612,1,1,1987,0,0,0,0,0,0,0,0,0,0
530613,1,1,1987,0,0,0,0,0,0,0,0,0,0
530613,2,1,1987,0,0,0,0,0,0,0,0,0,0
530614,1,1,1987,11,11,11,11,11,11,11,11,11,11
530615,1,1,1987,24,24,24,24,24,24,24,24,24,24
530615,2,1,1987,0,0,0,0,0,0,0,0,0,0
530616,1,1,1987,19,19,19,19,19,19,19,19,19,19
530616,2,1,1987,0,0,0,0,0,0,0,0,0,0
530617,1,1,1987,0,0,0,0,0,0,0,0,0,0
530617,2,1,1987,12,12,12,12,12,12,12,12,12,12
530618,1,1,1987,0,0,0,0,0,0,0,0,0,0
530619,1,1,1987,0,17,11,21,0,0,18,0,0,0
530620,0,1,1987,0,0,0,0,0,0,0,0,0,0
530620,1,1,1987,0,0,0,0,0,0,0,0,0,0
530620,2,1,1987,10,0,0,0,0,0,0,0,0,0
530621,1,1,1987,0,0,0,0,0,0,0,0,0,0
530621,2,1,1987,0,0,0,0,0,0,0,0,0,0
530622,1,1,1987,19,19,19,19,19,19,19,19,19,19
530623,0,1,1987,0,0,9,0,0,0,0,0,0,0
530623,1,1,1987,0,0,0,0,0,0,0,0,0,0
530623,2,1,1987,0,0,0,0,0,0,0,0,0,0
530624,0,1,1987,0,0,0,0,0,0,0,0,0,0
530624,1,1,1987,0,0,0,0,0,0,0,0,0,0
530625,1,1,1987,6,0,0,0,0,0,0,0,22,0
530626,0,1,1987,27,27,27,27,27,27,27,27,27,27
530626,1,1,1987,17,17,17,17,17,17,17,17,17,17
530627,0,1,1987,16,16,16,16,16,16,16,16,16,16
530627,1,1,1987,1,1,1,1,1,1,1,1,1,1
530628,1,1,1987,15,15,15,15,15,15,15,15,15,15
530628,2,1,1987,0,13,0,11,9,9,18,8,13,6
530629,1,1,1987,0,0,0,0,0,0,0,0,0,0
530629,2,1,1987,0,0,0,0,0,0,0,0,0,0
530630,0,1,1987,36,0,0,17,0,25,0,14,0,8
530630,1,1,1987,0,0,0,0,0,0,0,0,0,0
530631,1,1,1987,18,18,18,18,18,18,18,18,18,18
530632,1,1,1987,0,0,0,0,0,0,0,0,0,0
530633,1,1,1987,15,15,15,15,15,15,15,15,15,15
530634,1,1,1987,0,0,0,0,0,0,0,0,0,0
530634,2,1,1987,0,0,0,0,0,0,0,0,0,0
530634,3,1,1987,0,0,0,0,0,0,0,0,0,0
530635,1,1,1987,0,0,0,0,0,0,0,0,0,0
530636,1,1,1987,0,0,0,0,0,0,0,0,0,0
530636,2,1,1987,0,0,0,0,0,0,0,0,0,0
530636,3,1,1987,0,0,0,0,0,0,0,0,0,0
530637,0,1,1987,22,22,22,22,22,22,22,22,22,22
530637,1,1,1987,0,0,0,0,0,0,0,0,0,0
530638,1,1,1987,0,0,0,0,0,0,0,0,0,0
530638,2,1,1987,0,0,0,0,0,0,0,0,0,0
530639,1,1,1987,16,16,16,16,16,16,16,16,16,16
530639,2,1,1987,0,0,0,0,0,0,0,0,0,0
530640,1,1,1987,17,17,17,17,17,17,17,17,17,17
530641,1,1,1987,0,0,0,0,0,0,0,0,0,0
530641,2,1,1987,0,0,0,0,0,0,0,0,0,0
530642,1,1,1987,0,0,0,0,0,0,10,14,0,0
530642,2,1,1987,0,0,0,0,0,0,0,0,0,0
530643,0,1,1987,21,21,21,21,21,21,21,21,21,21
530643,1,1,1987,0,0,0,0,0,0,0,0,0,0
530644,1,1,1987,21,21,21,21,21,21,21,21,21,21
530646,1,1,1987,16,16,16,16,16,16,16,16,16,16
530647,1,1,1987,0,0,0,0,0,0,0,0,0,0
530647,2,1,1987,0,0,0,0,0,0,0,0,0,0
530648,1,1,1987,13,13,13,13,13,13,13,13,13,13
530649,1,1,1987,0,22,0,0,0,0,0,0,0,0
530650,1,1,1987,16,16,16,16,16,16,16,16,16,16
530650,2,1,1987,0,0,0,0,0,10,0,0,0,0
530651,1,1,1987,24,24,24,24,24,24,24,24,24,24
530652,1,1,1987,19,19,19,19,19,19,19,19,19,19
530652,2,1,1987,0,0,0,0,0,0,0,0,0,0
530653,0,1,1987,0,17,0,28,26,0,0,0,0,0
530653,1,1,1987,0,0,13,0,0,6,9,0,0,0
530654,1,1,1987,0,0,0,0,0,0,0,0,0,0
530654,2,1,1987,0,0,0,0,0,0,0,0,0,0
530655,0,1,1987,30,30,30,30,30,30,30,30,30,30
530655,1,1,1987,0,16,0,0,0,0,0,0,6,23
530656,1,1,1987,0,0,0,0,0,0,0,0,16,0
530656,2,1,1987,0,0,0,0,0,0,0,0,0,0
530656,3,1,1987,0,0,0,0,0,0,0,0,0,0
530657,1,1,1987,0,0,0,0,0,0,0,0,0,0
530657,2,1,1987,0,0,0,0,0,0,0,0,0,0
530658,1,1,1987,0,0,0,0,0,0,0,0,0,0
530659,1,1,1987,17,17,17,17,17,17,17,17,17,17
530660,1,1,1987,0,0,0,0,0,0,0,0,0,0
530661,1,1,1987,0,0,0,0,0,0,0,0,0,0
530662,1,1,1987,20,20,20,20,20,20,20,20,20,20
530663,1,1,1987,14,14,14,14,14,14,14,14,14,14
530664,0,1,1987,0,0,0,0,14,0,0,0,0,0
530664,1,1,1987,0,0,0,0,0,0,0,0,0,0
530665,1,1,1987,35,17,0,6,15,0,7,22,0,9
530665,2,1,1987,0,0,0,0,0,0,0,0,0,0
530666,0,1,1987,0,0,0,0,0,18,0,0,0,0
530666,1,1,1987,0,0,0,0,0,0,0,0,0,0
530667,1,1,1987,0,0,0,0,0,0,0,0,0,0
530668,0,1,1987,0,0,0,0,0,0,0,0,0,0
530668,1,1,1987,0,0,0,0,0,0,0,0,0,0
530669,0,1,1987,0,0,0,0,0,12,0,0,0,5
530669,0,2,1987,0,0,0,0,0,0,0,0,0,0
530669,1,1,1987,0,0,0,0,0,0,0,0,0,0
530670,1,1,1987,15,15,15,15,15,15,15,15,15,15
530671,1,1,1987,0,0,0,0,0,0,0,0,0,0
530671,2,1,1987,0,0,0,0,0,0,0,0,0,0
530672,0,1,1987,0,0,0,0,0,0,0,0,0,0
530672,1,1,1987,0,0,0,0,0,0,0,0,0,0
530673,1,1,1987,0,0,0,0,0,0,0,0,0,0
530674,1,1,1987,0,0,2,0,0,0,0,0,0,0
530675,0,1,1987,11,11,11,11,11,11,11,11,11,11
530675,1,1,1987,14,0,0,0,0,0,0,0,0,3
530675,2,1,1987,0,0,0,19,0,13,0,0,0,0
530676,1,1,1987,0,0,0,0,0,0,0,0,0,0
530677,1,1,1987,13,13,13,13,13,13,13,13,13,13
530678,0,1,1987,0,0,0,0,0,0,0,0,0,0
530678,1,1,1987,0,0,0,0,0,0,0,0,0,0
530678,2,1,1987,0,0,0,0,0,0,0,0,0,0
530679,1,1,1987,0,0,0,13,0,13,0,0,0,14
530680,1,1,1987,0,0,0,0,0,0,0,0,0,0
530681,1,1,1987,0,0,0,0,0,0,0,0,0,0
530681,2,1,1987,0,0,0,0,0,0,0,0,0,0
530682,1,1,1987,0,0,0,0,0,0,0,0,0,0
530682,2,1,1987,0,0,0,12,0,10,0,9,0,0
530682,3,1,1987,0,0,0,0,0,0,0,0,0,0
530683,0,1,1987,0,0,0,0,0,0,0,0,0,0
530683,1,1,1987,0,0,20,0,0,0,0,0,0,0
530685,1,1,1987,16,16,16,16,16,16,16,16,16,16
530686,1,1,1987,39,39,39,39,39,39,39,39,39,39
530687,1,1,1987,6,0,0,0,13,0,0,0,8,0
530687,2,1,1987,0,0,16,12,0,0,0,0,0,0
530688,1,1,1987,0,0,0,0,0,0,0,0,0,0
530688,2,1,1987,0,0,0,0,0,0,0,0,0,0
530689,1,1,1987,0,0,0,0,0,0,0,0,0,0
530690,1,1,1987,12,12,12,12,12,12,12,12,12,12
530692,0,1,1987,0,0,0,0,0,0,0,0,17,0
530692,0,2,1987,0,0,0,0,0,0,0,0,0,0
530692,1,1,1987,7,7,7,7,7,7,7,7,7,7
530693,1,1,1987,10,26,0,19,18,10,11,17,6,18
530695,1,1,1987,0,0,0,0,0,0,0,0,0,0
530696,0,1,1987,0,0,0,0,0,0,0,0,0,0
530696,1,1,1987,13,13,13,13,13,13,13,13,13,13
530697,1,1,1987,0,0,0,0,0,0,0,0,0,0
530698,1,1,1987,7,7,7,7,7,7,7,7,7,7
530699,1,1,1987,12,11,5,14,13,31,25,14,2,5
530699,2,1,1987,0,0,0,0,0,0,0,0,0,0
530699,3,1,1987,0,0,0,0,0,0,0,0,0,0
530699,4,1,1987,0,0,0,0,0,0,0,0,0,0
530700,1,1,1987,0,0,0,0,0,0,0,0,0,0
530701,1,1,1987,0,0,0,0,0,0,0,0,0,0
530701,2,1,1987,0,0,0,0,0,0,0,0,0,0
530702,1,1,1987,0,0,0,0,0,0,0,0,0,0
530702,2,1,1987,0,0,0,0,0,0,0,0,0,0
530703,1,1,1987,0,0,0,0,0,0,0,0,0,0
530703,2,1,1987,0,0,0,0,0,0,0,0,0,0
530704,1,1,1987,11,31,0,14,43,9,14,10,13,19
530705,1,1,1987,13,13,13,13,13,13,13,13,13,13
530706,1,1,1987,0,0,0,0,0,0,0,0,0,0
530706,2,1,1987,0,0,0,0,0,0,0,0,0,0
530707,1,1,1987,0,0,0,0,0,0,0,0,0,0
530707,2,1,1987,0,0,0,0,0,0,0,0,0,0
530708,0,1,1987,0,0,13,0,0,0,0,0,0,0
530708,1,1,1987,0,0,0,0,0,0,0,0,0,0
530709,1,1,1987,3,3,3,3,3,3,3,3,3,3
530710,1,1,1987,10,24,29,25,6,29,23,26,10,26
530711,1,1,1987,0,0,0,0,0,0,0,0,0,0
530711,2,1,1987,0,0,0,0,0,0,0,0,0,0
530712,1,1,1987,27,23,27,16,0,17,17,18,9,6
530713,0,1,1987,0,18,39,41,0,13,21,0,11,22
530713,1,1,1987,0,0,0,0,0,0,0,0,0,0
530714,1,1,1987,16,5,19,14,20,5,14,10,21,13
530714,2,1,1987,19,0,0,0,0,0,0,11,13,0
530715,1,1,1987,0,27,21,15,18,25,17,0,36,0
530716,1,1,1987,0,0,0,0,0,0,0,0,0,0
530716,2,1,1987,0,0,0,0,0,0,0,0,0,0
530717,1,1,1987,0,0,0,0,0,0,0,0,0,0
530717,2,1,1987,0,0,0,0,0,15,0,0,0,0
540001,1,1,1987,20,20,20,20,20,20,20,20,20,20
540001,2,1,1987,0,0,0,0,0,0,0,0,0,0
540002,0,1,1987,0,0,0,0,0,0,0,0,0,0
540002,1,1,1987,0,0,0,0,0,0,0,0,0,0
540003,1,1,1987,7,7,7,7,7,7,7,7,7,7
540004,1,1,1987,0,0,0,9,24,0,0,0,0,0
540005,1,1,1987,0,0,0,0,0,0,0,0,0,0
540005,2,1,1987,14,14,14,14,14,14,14,14,14,14
540006,1,1,1987,19,19,19,19,19,19,19,19,19,19
540006,2,1,1987,0,0,0,0,0,0,0,0,0,0
540007,0,1,1987,15,15,15,15,15,15,15,15,15,15
540007,1,1,1987,9,0,0,0,8,0,0,0,0,6
540008,1,1,1987,28,28,28,28,28,28,28,28,28,28
540009,1,1,1987,19,19,19,19,19,19,19,19,19,19
540010,1,1,1987,16,16,16,16,16,16,16,16,16,16
540011,1,1,1987,0,0,0,0,0,0,0,0,0,0
540011,2,1,1987,0,0,0,0,0,0,0,0,0,0
540012,1,1,1987,0,0,0,0,0,0,0,0,0,0
540012,2,1,1987,0,0,0,0,0,0,0,0,0,0
540013,1,1,1987,18,18,18,18,18,18,18,18,18,18
540014,1,1,1987,0,0,0,0,0,0,0,0,0,0
540015,1,1,1987,0,0,0,0,0,0,0,0,0,0
540015,2,1,1987,11,11,11,11,11,11,11,11,11,11
540016,1,1,1987,0,0,0,0,0,0,0,0,0,0
540017,0,1,1987,0,0,0,0,0,0,0,0,0,0
540017,1,1,1987,0,0,0,0,0,0,0,0,0,0
540018,1,1,1987,0,0,0,0,0,0,0,0,0,0
540018,2,1,1987,0,0,0,0,0,0,0,0,0,0
540018,3,1,1987,0,0,0,0,0,0,0,0,0,0
540019,1,1,1987,0,0,0,0,0,0,0,0,0,0
540020,1,1,1987,0,9,8,0,24,8,0,0,0,0
540021,0,1,1987,22,22,22,22,22,22,22,22,22,22
540021,1,1,1987,0,0,0,0,0,0,0,0,0,0
540022,1,1,1987,0,0,0,0,0,0,0,0,0,0
540023,1,1,1987,0,0,0,0,0,0,0,0,0,0
540024,1,1,1987,0,0,0,0,0,0,0,0,0,0
540025,1,1,1987,0,0,0,0,0,0,0,0,0,0
540025,2,1,1987,0,0,0,0,0,0,0,0,0,0
540026,1,1,1987,0,0,0,0,0,0,0,0,0,0
540027,1,1,1987,0,0,0,0,0,0,0,0,0,0
540027,2,1,1987,0,0,0,0,0,0,0,0,0,0
540028,1,1,1987,0,0,0,0,0,0,0,0,0,0
540028,2,1,1987,0,0,0,0,0,0,0,0,0,0
540029,1,1,1987,0,0,0,0,0,0,0,0,0,0
540029,2,1,1987,1,1,1,1,1,1,1,1,1,1
540030,1,1,1987,0,0,0,0,5,0,0,0,0,0
540030,2,1,1987,0,0,0,0,0,0,0,0,0,0
540031,1,1,1987,0,0,0,0,0,0,0,0,0,0
540031,2,1,1987,0,0,0,0,0,7,0,0,0,0
540032,1,1,1987,24,24,24,24,24,24,24,24,24,24
540033,1,1,1987,0,0,0,0,0,0,0,0,0,0
540034,1,1,1987,9,9,9,9,9,9,9,9,9,9
540035,1,1,1987,25,25,25,25,25,25,25,25,25,25
540036,1,1,1987,0,0,0,0,0,0,0,0,0,0
540036,2,1,1987,0,0,0,0,17,0,0,0,0,0
540037,1,1,1987,24,24,24,24,24,24,24,24,24,24
540038,1,1,1987,0,0,0,0,0,0,0,0,0,0
540039,1,1,1987,23,23,23,23,23,23,23,23,23,23
540039,2,1,1987,18,18,18,18,18,18,18,18,18,18
540041,1,1,1987,21,21,21,21,21,21,21,21,21,21
540042,1,1,1987,0,14,17,0,0,12,14,0,0,0
540043,1,1,1987,20,20,20,20,20,20,20,20,20,20
540044,0,1,1987,0,0,0,0,0,0,0,0,0,0
540044,1,1,1987,0,0,0,0,0,0,0,0,0,0
540045,1,1,1987,0,0,0,0,0,0,0,0,0,0
540045,2,1,1987,0,0,0,0,0,0,0,0,0,0
540046,1,1,1987,15,15,15,15,15,15,15,15,15,15
540047,0,1,1987,0,0,0,0,0,0,0,0,0,0
540048,0,1,1987,3,21,0,0,27,0,23,14,24,15
540048,1,1,1987,12,0,0,4,0,0,9,0,0,0
540049,1,1,1987,0,0,0,0,0,0,0,0,0,0
540049,2,1,1987,0,0,0,0,0,0,0,0,0,0
540050,1,1,1987,0,0,0,0,0,0,0,0,0,0
540050,2,1,1987,0,0,0,0,0,0,0,0,0,0
540051,1,1,1987,12,12,12,12,12,12,12,12,12,12
540052,0,1,1987,0,0,0,0,0,0,0,0,0,0
540052,1,1,1987,0,0,0,0,0,0,0,0,0,0
540053,1,1,1987,20,20,20,20,20,20,20,20,20,20
540054,0,1,1987,0,0,0,0,0,0,0,0,0,0
540054,1,1,1987,0,0,0,0,0,0,0,0,0,0
540056,1,1,1987,0,0,0,0,0,0,0,0,0,0
540057,0,1,1987,26,26,26,26,26,26,26,26,26,26
540057,1,1,1987,0,0,0,0,0,0,0,0,0,0
540057,2,1,1987,0,0,0,0,0,0,0,0,0,0
540058,1,1,1987,0,0,0,0,0,0,0,0,0,0
540059,1,1,1987,22,22,22,22,22,22,22,22,22,22
540060,1,1,1987,32,32,32,32,32,32,32,32,32,32
540061,1,1,1987,0,0,0,0,0,0,0,0,0,0
540061,2,1,1987,9,9,9,9,9,9,9,9,9,9
540062,1,1,1987,23,23,23,23,23,23,23,23,23,23
540062,2,1,1987,0,0,0,0,0,0,0,0,0,0
540063,1,1,1987,19,19,19,19,19,19,19,19,19,19
540064,1,1,1987,10,10,10,10,10,10,10,10,10,10
540065,1,1,1987,0,0,0,0,0,0,0,0,0,0
540066,1,1,1987,0,0,0,0,0,0,0,0,0,0
540066,2,1,1987,0,0,0,0,0,0,0,0,0,0
540066,3,1,1987,0,0,0,0,0,0,0,0,0,0
540067,1,1,1987,26,26,26,26,26,26,26,26,26,26
540067,2,1,1987,15,5,10,27,8,10,12,22,0,18
540068,0,1,1987,0,0,0,0,0,2,0,0,0,0
540068,1,1,1987,6,6,6,6,6,6,6,6,6,6
540069,1,1,1987,0,0,0,0,0,0,0,0,0,0
540069,2,1,1987,0,0,0,0,0,0,0,0,0,0
540070,1,1,1987,19,19,19,19,19,19,19,19,19,19
540071,1,1,1987,0,6,0,0,0,0,0,0,0,0
540071,2,1,1987,0,0,0,0,0,0,0,0,0,0
540072,1,1,1987,13,13,13,13,13,13,13,13,13,13
540072,2,1,1987,0,0,0,0,0,0,0,0,0,0
540072,3,1,1987,0,0,0,0,0,0,0,0,0,0
540073,1,1,1987,34,34,34,34,34,34,34,34,34,34
540074,1,1,1987,22,22,22,22,22,22,22,22,22,22
540075,1,1,1987,0,0,0,0,0,0,0,0,0,0
540076,1,1,1987,0,0,0,0,0,0,0,0,0,0
540076,2,1,1987,0,0,0,0,0,0,0,0,0,0
540076,3,1,1987,0,0,0,0,0,0,0,0,0,0
540077,1,1,1987,0,0,0,0,0,0,0,0,0,0
540078,1,1,1987,19,19,19,19,19,19,19,19,19,19
540079,1,1,1987,17,17,17,17,17,17,17,17,17,17
540080,1,1,1987,0,0,0,0,0,0,0,0,0,0
540081,1,1,1987,0,0,0,0,0,0,0,0,0,0
540082,0,1,1987,34,34,34,34,34,34,34,34,34,34
540082,1,1,1987,0,0,0,0,0,0,0,0,0,0
540083,1,1,1987,0,0,0,0,0,0,0,0,0,0
540083,2,1,1987,0,0,0,0,0,10,0,0,0,0
540083,3,1,1987,0,17,20,13,8,13,29,0,0,20
540084,1,1,1987,22,22,22,22,22,22,22,22,22,22
540084,2,1,1987,0,0,0,0,0,0,0,0,0,0
540084,3,1,1987,0,0,0,0,0,0,0,0,0,0
540085,1,1,1987,21,21,21,21,21,21,21,21,21,21
540086,1,1,1987,12,12,12,12,12,12,12,12,12,12
540087,1,1,1987,0,0,0,0,0,0,0,0,0,0
540088,1,1,1987,14,14,14,14,14,14,14,14,14,14
540089,1,1,1987,0,0,16,0,0,0,0,0,0,0
540090,1,1,1987,0,0,0,0,0,0,0,0,0,0
540090,2,1,1987,0,0,0,0,0,17,0,0,0,0
540091,1,1,1987,0,0,0,0,0,0,0,0,0,0
540091,2,1,1987,0,0,0,0,0,0,0,0,0,0
540092,1,1,1987,17,17,17,17,17,17,17,17,17,17
540093,1,1,1987,20,20,20,20,20,20,20,20,20,20
540094,1,1,1987,0,0,0,0,0,0,0,0,0,0
540095,1,1,1987,0,0,0,0,0,0,0,0,0,0
540096,1,1,1987,8,8,8,8,8,8,8,8,8,8
540096,2,1,1987,0,0,0,0,0,0,19,0,0,0
540097,1,1,1987,0,0,0,0,0,0,0,0,0,0
540097,2,1,1987,0,0,0,0,0,0,0,0,0,0
540098,1,1,1987,2,2,2,2,2,2,2,2,2,2
540099,1,1,1987,21,21,21,21,21,21,21,21,21,21
540100,1,1,1987,19,19,19,19,19,19,19,19,19,19
540100,2,1,1987,0,0,0,0,0,0,0,0,0,0
540101,1,1,1987,0,0,0,0,0,0,0,0,0,0