ST_CASE,VEH_NO,PER_NO,YEAR,P1,P2,P3,P4,P5,P6,P7,P8,P9,P10
540101,2,1,1987,0,0,0,0,0,0,0,0,0,0
540102,1,1,1987,21,21,21,21,21,21,21,21,21,21
540103,1,1,1987,0,0,0,0,0,0,0,0,0,0
540103,2,1,1987,0,0,0,0,0,0,0,0,0,0
540104,1,1,1987,18,18,18,18,18,18,18,18,18,18
540105,1,1,1987,0,0,0,7,0,0,0,0,0,0
540105,2,1,1987,0,0,0,0,0,0,0,0,0,0
540106,1,1,1987,0,0,0,0,0,0,0,0,0,0
540106,2,1,1987,0,0,0,0,0,0,0,0,0,0
540107,1,1,1987,0,0,0,0,0,0,0,0,0,0
540108,1,1,1987,10,10,10,10,10,10,10,10,10,10
540109,1,1,1987,6,31,0,0,0,0,0,0,0,0
540109,2,1,1987,0,0,0,0,0,0,0,0,0,0
540110,1,1,1987,12,12,12,12,12,12,12,12,12,12
540110,2,1,1987,0,0,0,0,0,0,0,0,0,0
540111,1,1,1987,23,23,23,23,23,23,23,23,23,23
540112,1,1,1987,20,20,20,20,20,20,20,20,20,20
540113,1,1,1987,0,0,0,0,0,0,0,0,0,0
540114,0,1,1987,0,0,0,0,6,0,0,0,4,0
540114,1,1,1987,8,0,0,0,0,0,0,0,0,0
540115,0,1,1987,0,0,0,0,0,0,0,0,0,0
540115,1,1,1987,0,0,0,0,0,0,0,0,0,0
540116,1,1,1987,17,17,17,17,17,17,17,17,17,17
540117,1,1,1987,19,19,19,19,19,19,19,19,19,19
540118,1,1,1987,0,0,0,0,0,0,0,0,0,0
540119,1,1,1987,0,0,0,0,0,0,0,17,0,0
540119,2,1,1987,23,23,23,23,23,23,23,23,23,23
540120,1,1,1987,0,0,0,0,0,0,0,0,0,0
540120,2,1,1987,0,0,0,0,0,0,0,0,0,0
540120,3,1,1987,0,0,0,0,0,0,0,0,0,0
540120,4,1,1987,0,0,0,0,0,0,0,0,0,0
540121,1,1,1987,16,16,16,16,16,16,16,16,16,16
540122,1,1,1987,0,0,0,0,0,0,0,0,0,0
540122,2,1,1987,0,0,0,18,2,0,0,0,0,0
540123,1,1,1987,0,0,0,0,0,6,0,6,0,0
540123,2,1,1987,36,36,36,36,36,36,36,36,36,36
540123,3,1,1987,0,0,0,0,0,0,0,0,0,0
540124,1,1,1987,31,0,0,0,0,10,0,27,21,23
540124,2,1,1987,3,3,3,3,3,3,3,3,3,3
540125,1,1,1987,15,15,15,15,15,15,15,15,15,15
540126,1,1,1987,0,0,0,0,0,0,0,0,0,0
540126,2,1,1987,0,0,0,0,0,0,0,0,0,0
540127,1,1,1987,6,6,6,6,6,6,6,6,6,6
540128,1,1,1987,16,16,16,16,16,16,16,16,16,16
540129,1,1,1987,0,0,0,0,0,0,0,0,0,0
540130,1,1,1987,20,20,20,20,20,20,20,20,20,20
540131,1,1,1987,0,0,0,0,0,0,0,0,0,0
540131,2,1,1987,0,0,0,0,0,0,0,0,0,0
540132,1,1,1987,0,0,0,0,0,0,0,0,0,0
540132,2,1,1987,0,0,0,0,0,0,0,0,0,0
540133,1,1,1987,0,0,0,0,0,0,0,0,0,0
540133,2,1,1987,0,0,0,0,0,0,0,6,0,0
540134,1,1,1987,0,0,0,0,0,0,0,0,0,0
540134,2,1,1987,23,23,23,23,23,23,23,23,23,23
540135,1,1,1987,20,20,20,20,20,20,20,20,20,20
540135,2,1,1987,0,0,0,0,0,0,0,0,0,0
540136,1,1,1987,0,0,0,0,0,0,0,0,0,0
540137,0,1,1987,0,0,0,5,0,0,0,0,0,0
540137,1,1,1987,0,0,0,0,0,0,0,0,0,10
540138,0,1,1987,0,0,0,0,0,0,0,0,0,0
540138,1,1,1987,0,0,0,0,0,0,0,0,0,0
540139,1,1,1987,0,21,0,0,0,0,0,0,0,0
540139,2,1,1987,0,0,0,0,0,0,0,0,0,0
540140,1,1,1987,0,0,0,0,0,0,0,0,0,0
540140,2,1,1987,0,0,0,0,0,0,0,0,0,0
540141,0,1,1987,0,0,0,0,0,0,0,0,2,0
540141,1,1,1987,0,0,0,0,0,0,0,0,0,0
540142,1,1,1987,0,0,0,0,0,0,0,0,0,0
540143,1,1,1987,0,0,0,0,0,0,0,0,0,0
540144,1,1,1987,0,0,0,0,0,0,0,0,0,0
540144,2,1,1987,0,0,0,0,0,0,0,0,0,0
540145,1,1,1987,4,22,15,7,0,13,12,12,18,33
540145,2,1,1987,0,0,0,0,0,0,0,0,0,0
540146,1,1,1987,15,15,15,15,15,15,15,15,15,15
540147,1,1,1987,0,0,0,0,0,0,0,0,0,0
540147,2,1,1987,0,0,0,0,0,0,0,0,0,0
540148,1,1,1987,33,33,33,33,33,33,33,33,33,33
540149,1,1,1987,0,0,0,0,0,0,0,0,0,0
540150,1,1,1987,0,0,0,0,0,0,0,0,0,0
540150,2,1,1987,0,0,0,0,0,0,0,0,0,0
540151,1,1,1987,0,24,0,0,0,0,0,0,0,11
540152,1,1,1987,0,0,0,0,0,0,0,0,0,0
540152,2,1,1987,0,0,0,0,0,0,0,0,0,0
540153,1,1,1987,0,19,0,9,0,0,0,0,0,0
540154,1,1,1987,19,19,19,19,19,19,19,19,19,19
540155,1,1,1987,19,19,19,19,19,19,19,19,19,19
540156,1,1,1987,0,0,0,0,0,0,0,0,0,0
540156,2,1,1987,0,0,0,0,0,0,0,0,0,0
540156,3,1,1987,0,0,0,0,0,0,0,0,0,0
540157,1,1,1987,4,11,5,8,9,5,17,26,15,15
540157,2,1,1987,14,14,14,14,14,14,14,14,14,14
540158,1,1,1987,0,0,0,0,0,0,0,0,0,0
540158,2,1,1987,0,0,0,0,0,0,0,0,0,0
540159,1,1,1987,0,0,0,0,0,0,0,0,0,0
540160,0,1,1987,23,23,23,23,23,23,23,23,23,23
540160,1,1,1987,0,0,0,0,0,0,0,0,0,0
540161,1,1,1987,0,0,0,0,0,0,0,0,0,0
540162,1,1,1987,8,8,8,8,8,8,8,8,8,8
540163,1,1,1987,0,0,0,0,0,0,0,0,0,0
540163,2,1,1987,0,0,0,0,0,0,0,0,0,0
540164,1,1,1987,0,0,0,0,0,0,0,0,0,0
540165,1,1,1987,0,0,0,0,0,0,0,0,0,0
540166,1,1,1987,0,0,0,0,0,0,0,0,0,0
540167,1,1,1987,0,0,0,0,0,0,0,0,0,0
540168,1,1,1987,0,0,0,0,0,0,0,0,0,0
540168,2,1,1987,0,0,0,0,0,0,0,0,0,0
540169,1,1,1987,0,0,0,0,0,0,0,0,0,0
540169,2,1,1987,0,0,0,0,0,0,0,0,0,0
540170,1,1,1987,5,5,5,5,5,5,5,5,5,5
540171,1,1,1987,24,24,24,24,24,24,24,24,24,24
540172,1,1,1987,0,0,0,0,0,0,0,0,0,0
540172,2,1,1987,4,4,4,4,4,4,4,4,4,4
540173,1,1,1987,13,13,13,13,13,13,13,13,13,13
540174,1,1,1987,0,0,0,0,0,0,0,0,0,0
540174,2,1,1987,0,0,0,0,0,0,0,9,0,0
540175,1,1,1987,0,0,21,0,0,0,0,0,0,0
540175,2,1,1987,0,0,0,0,0,0,0,0,0,0
540177,1,1,1987,0,0,0,0,0,0,0,0,0,0
540177,2,1,1987,0,0,0,0,0,0,0,0,0,0
540178,1,1,1987,19,19,19,19,19,19,19,19,19,19
540179,1,1,1987,15,15,15,15,15,15,15,15,15,15
540180,1,1,1987,0,0,0,0,0,0,0,0,0,0
540181,1,1,1987,0,0,0,0,0,0,0,0,0,0
540182,1,1,1987,0,0,0,0,0,0,0,0,0,0
540182,2,1,1987,0,0,0,0,0,0,0,0,0,0
540183,1,1,1987,20,20,20,20,20,20,20,20,20,20
540184,0,1,1987,30,30,30,30,30,30,30,30,30,30
540184,1,1,1987,0,0,0,0,0,0,0,0,0,0
540185,0,1,1987,20,20,20,20,20,20,20,20,20,20
540185,1,1,1987,20,21,0,28,9,35,0,19,12,20
540186,1,1,1987,22,22,22,22,22,22,22,22,22,22
540187,1,1,1987,0,0,10,0,0,0,0,11,0,0
540188,1,1,1987,9,9,9,9,9,9,9,9,9,9
540188,2,1,1987,0,0,0,0,0,0,0,0,0,0
540189,1,1,1987,22,22,22,22,22,22,22,22,22,22
540190,1,1,1987,0,0,0,0,0,0,0,0,0,0
540190,2,1,1987,0,0,0,0,0,0,0,0,0,0
540191,1,1,1987,20,20,20,20,20,20,20,20,20,20
540192,1,1,1987,0,29,0,0,0,0,0,11,0,23
540193,1,1,1987,0,0,0,0,0,0,0,0,0,0
540193,2,1,1987,0,0,0,0,0,0,0,0,0,0
540194,0,1,1987,0,0,0,0,0,0,0,0,0,0
540194,1,1,1987,0,0,0,0,0,0,0,0,0,0
540195,1,1,1987,20,20,20,20,20,20,20,20,20,20
540196,1,1,1987,12,12,12,12,12,12,12,12,12,12
540197,1,1,1987,16,16,16,16,16,16,16,16,16,16
540198,1,1,1987,0,0,0,0,0,0,0,0,0,0
540199,1,1,1987,0,0,0,0,0,0,0,0,0,0
540200,1,1,1987,1,1,1,1,1,1,1,1,1,1
540200,2,1,1987,0,0,0,0,0,0,0,0,0,0
540201,1,1,1987,22,12,0,18,17,33,10,21,17,28
540203,1,1,1987,16,11,14,36,16,16,0,8,14,11
540204,1,1,1987,0,0,0,15,15,0,0,0,0,13
540204,2,1,1987,0,0,0,0,0,0,0,0,0,0
540204,3,1,1987,0,0,0,0,0,0,0,0,0,0
540205,1,1,1987,13,13,13,13,13,13,13,13,13,13
540205,2,1,1987,21,21,21,21,21,21,21,21,21,21
540206,1,1,1987,18,18,18,18,18,18,18,18,18,18
540207,1,1,1987,14,0,0,0,0,0,0,0,0,0
540208,0,1,1987,0,0,0,0,0,0,0,0,0,0
540208,1,1,1987,0,0,0,0,0,0,0,0,0,0
540209,1,1,1987,0,0,0,0,0,0,8,7,0,0
540209,2,1,1987,0,0,0,0,0,0,0,0,0,0
540210,1,1,1987,0,0,0,0,0,0,0,0,0,0
540210,2,1,1987,0,0,0,0,0,0,0,0,0,0
540211,0,1,1987,0,0,0,0,0,0,0,0,0,0
540211,0,2,1987,0,5,0,0,0,5,8,0,13,2
540211,1,1,1987,9,9,9,9,9,9,9,9,9,9
540211,2,1,1987,0,0,0,3,0,10,0,0,0,0
540212,1,1,1987,9,9,9,9,9,9,9,9,9,9
540213,1,1,1987,0,14,0,14,14,0,0,0,26,0
540214,1,1,1987,14,14,14,14,14,14,14,14,14,14
540214,2,1,1987,3,0,0,0,0,0,0,0,0,0
540215,1,1,1987,0,0,0,0,0,0,0,0,0,0
540215,2,1,1987,17,25,41,32,42,16,26,22,26,19
540216,0,1,1987,0,0,0,0,0,0,0,0,0,0
540216,1,1,1987,0,11,0,0,33,0,0,0,0,0
540217,1,1,1987,0,0,0,0,0,0,0,0,0,0
540217,2,1,1987,0,0,0,0,0,0,0,0,0,0
540218,1,1,1987,22,22,22,22,22,22,22,22,22,22
540219,1,1,1987,0,0,0,0,0,0,0,0,0,0
540219,2,1,1987,0,0,0,0,0,0,0,0,0,0
540220,1,1,1987,7,7,7,7,7,7,7,7,7,7
540221,1,1,1987,0,0,0,0,0,0,0,0,0,0
540221,2,1,1987,0,0,0,0,0,0,0,0,0,0
540222,1,1,1987,9,9,9,9,9,9,9,9,9,9
540223,1,1,1987,21,21,21,21,21,21,21,21,21,21
540224,1,1,1987,0,0,0,0,0,0,0,0,0,0
540224,2,1,1987,19,19,19,19,19,19,19,19,19,19
540225,1,1,1987,8,8,8,8,8,8,8,8,8,8
540226,1,1,1987,0,0,0,0,0,0,0,0,0,0
540226,2,1,1987,0,0,0,0,0,0,0,0,0,0
540227,1,1,1987,26,0,0,0,0,0,0,0,0,0
540228,1,1,1987,4,4,4,4,4,4,4,4,4,4
540229,0,1,1987,0,0,0,0,10,0,0,0,0,20
540229,1,1,1987,0,0,0,0,0,0,0,0,0,0
540230,1,1,1987,0,0,0,0,0,0,0,0,15,0
540231,1,1,1987,0,0,0,0,0,0,0,0,0,0
540231,2,1,1987,0,0,0,0,0,0,0,0,0,0
540232,0,1,1987,10,10,10,10,10,10,10,10,10,10
540232,1,1,1987,0,0,0,0,0,0,0,0,0,0
540233,1,1,1987,17,17,17,17,17,17,17,17,17,17
540234,1,1,1987,18,18,18,18,18,18,18,18,18,18
540235,1,1,1987,0,0,0,0,0,0,0,0,0,0
540236,0,1,1987,0,0,0,0,0,0,0,0,0,0
540236,1,1,1987,0,0,0,0,0,0,0,0,0,0
540237,0,1,1987,0,0,0,0,0,0,0,0,0,0
540237,1,1,1987,8,0,0,0,0,0,0,0,0,0
540238,1,1,1987,24,24,24,24,24,24,24,24,24,24
540238,2,1,1987,0,0,0,0,0,0,0,0,0,0
540239,1,1,1987,0,0,0,0,0,8,0,0,0,0
540240,1,1,1987,0,0,0,0,0,0,0,0,0,0
540241,1,1,1987,0,0,0,0,0,0,0,0,0,0
540241,2,1,1987,0,0,0,0,0,0,0,0,0,0
540242,0,1,1987,0,0,0,0,0,4,0,8,0,0
540242,0,2,1987,0,0,0,0,0,0,0,0,0,0
540242,1,1,1987,0,0,0,0,0,0,0,0,0,0
540243,1,1,1987,19,19,19,19,19,19,19,19,19,19
540244,1,1,1987,0,0,0,0,0,0,0,0,0,0
540245,1,1,1987,11,11,11,11,11,11,11,11,11,11
540245,2,1,1987,0,0,0,0,0,0,0,0,0,0
540246,1,1,1987,16,16,16,16,16,16,16,16,16,16
540247,1,1,1987,23,23,23,23,23,23,23,23,23,23
540248,1,1,1987,0,0,0,0,0,0,0,0,0,0
540248,2,1,1987,0,0,0,0,0,0,0,0,0,0
540249,1,1,1987,19,19,19,19,19,19,19,19,19,19
540250,1,1,1987,0,0,0,0,0,0,0,0,0,0
540250,2,1,1987,0,0,0,0,0,0,0,0,0,0
540251,1,1,1987,20,20,20,20,20,20,20,20,20,20
540251,2,1,1987,19,0,0,0,0,27,17,19,0,26
540251,3,1,1987,0,0,0,0,0,0,0,15,0,0
540252,1,1,1987,0,0,0,0,0,0,0,33,0,0
540252,2,1,1987,22,22,22,22,22,22,22,22,22,22
540253,1,1,1987,0,0,0,0,0,0,0,0,0,0
540253,2,1,1987,0,0,0,0,0,0,0,0,0,0
540254,1,1,1987,14,14,14,14,14,14,14,14,14,14
540255,1,1,1987,22,22,22,22,22,22,22,22,22,22
540256,0,1,1987,14,0,55,23,30,0,29,16,31,18
540256,1,1,1987,0,0,0,0,0,0,0,0,0,0
540257,1,1,1987,0,0,0,0,0,0,0,0,0,0
540258,1,1,1987,18,18,18,18,18,18,18,18,18,18
540259,0,1,1987,0,0,0,8,0,0,13,0,0,0
540259,1,1,1987,0,0,0,0,0,0,0,0,0,0
540260,1,1,1987,0,0,0,0,0,0,0,0,0,0
540261,1,1,1987,0,0,0,0,0,0,0,0,0,0
540261,2,1,1987,0,0,0,0,0,0,0,0,0,0
540262,1,1,1987,0,0,0,0,4,0,0,0,0,0
540262,2,1,1987,0,0,0,0,0,0,0,0,0,0
540263,0,1,1987,15,15,15,15,15,15,15,15,15,15
540263,1,1,1987,0,0,0,0,0,0,0,0,0,0
540264,1,1,1987,15,0,0,0,0,0,0,0,0,0
540265,1,1,1987,0,0,0,0,0,0,0,0,0,0
540265,2,1,1987,0,0,0,0,0,0,0,0,0,0
540266,1,1,1987,10,0,0,0,0,0,0,0,0,0
540266,2,1,1987,16,16,16,16,16,16,16,16,16,16
540267,1,1,1987,15,15,15,15,15,15,15,15,15,15
540268,1,1,1987,0,0,0,0,0,0,0,0,0,0
540268,2,1,1987,0,0,0,0,0,0,0,0,0,0
540269,1,1,1987,3,3,3,3,3,3,3,3,3,3
540269,2,1,1987,0,0,0,0,0,0,0,0,0,0
540270,1,1,1987,0,0,0,0,0,0,0,0,0,0
540270,2,1,1987,0,0,0,0,0,0,0,0,0,0
540271,1,1,1987,0,0,0,0,0,0,15,0,0,0
540271,2,1,1987,9,9,9,9,9,9,9,9,9,9
540272,1,1,1987,3,4,0,0,0,0,11,0,0,19
540273,1,1,1987,0,0,4,0,0,0,0,0,0,0
540274,1,1,1987,0,0,0,0,0,0,0,0,0,0
540275,0,1,1987,11,11,11,11,11,11,11,11,11,11
540275,1,1,1987,0,11,10,19,0,19,0,0,9,14
540276,1,1,1987,0,0,0,0,0,0,0,0,0,0
540276,2,1,1987,0,0,0,0,0,0,0,10,0,0
540276,3,1,1987,21,0,0,0,0,17,0,0,0,0
540277,1,1,1987,29,36,0,0,19,23,19,12,15,7
540278,1,1,1987,18,0,0,0,0,0,0,0,0,0
540278,2,1,1987,0,19,0,0,0,0,8,0,0,0
540279,1,1,1987,9,9,9,9,9,9,9,9,9,9
540280,1,1,1987,0,0,0,0,0,0,0,0,0,0
540280,2,1,1987,6,0,0,0,0,0,0,0,0,0
540281,1,1,1987,18,18,18,18,18,18,18,18,18,18
540282,1,1,1987,0,0,0,0,16,0,6,0,0,0
540283,1,1,1987,0,0,0,0,0,0,0,0,0,0
540283,2,1,1987,0,0,0,0,0,0,0,0,0,0
540284,1,1,1987,33,7,24,11,6,10,21,11,9,23
540285,1,1,1987,22,22,22,22,22,22,22,22,22,22
540286,1,1,1987,5,5,5,5,5,5,5,5,5,5
540287,1,1,1987,18,18,18,18,18,18,18,18,18,18
540288,1,1,1987,0,14,0,0,0,0,0,0,0,0
540288,2,1,1987,9,9,9,9,9,9,9,9,9,9
540289,1,1,1987,0,0,0,0,0,0,0,0,0,0
540289,2,1,1987,0,0,0,0,0,0,0,0,0,0
540290,1,1,1987,0,0,0,0,0,0,0,0,0,0
540290,2,1,1987,0,0,0,0,0,0,0,0,10,0
540290,3,1,1987,0,0,0,0,0,0,0,0,0,0
540291,1,1,1987,18,18,18,18,18,18,18,18,18,18
540292,0,1,1987,13,13,13,13,13,13,13,13,13,13
540292,1,1,1987,14,0,27,8,0,0,0,0,0,0
540293,1,1,1987,0,0,0,0,0,0,0,0,0,0
540294,1,1,1987,0,0,0,0,0,0,0,0,0,0
540294,2,1,1987,0,0,4,0,0,0,0,0,0,0
540295,1,1,1987,29,29,29,29,29,29,29,29,29,29
540296,1,1,1987,0,0,14,0,11,0,0,0,0,0
540296,2,1,1987,26,26,26,26,26,26,26,26,26,26
540297,1,1,1987,17,17,17,17,17,17,17,17,17,17
540298,1,1,1987,14,14,14,14,14,14,14,14,14,14
540299,1,1,1987,0,0,0,0,0,0,0,0,0,0
540299,2,1,1987,14,0,0,25,0,0,0,0,8,0
540300,1,1,1987,0,0,0,0,0,0,0,0,0,0
540301,1,1,1987,0,0,0,0,0,0,0,0,0,0
540302,1,1,1987,0,0,0,0,0,0,0,0,0,0
540302,2,1,1987,24,24,24,24,24,24,24,24,24,24
540303,1,1,1987,12,4,15,0,6,11,19,10,0,11
540304,1,1,1987,0,0,0,0,0,0,0,0,0,0
540304,2,1,1987,0,0,0,0,0,0,0,0,0,0
540305,1,1,1987,20,20,20,20,20,20,20,20,20,20
540306,0,1,1987,11,11,11,11,11,11,11,11,11,11
540307,1,1,1987,21,21,21,21,21,21,21,21,21,21
540308,1,1,1987,0,0,0,0,0,0,0,0,0,0
540308,2,1,1987,0,0,0,0,0,0,0,0,0,0
540308,3,1,1987,0,0,0,0,0,0,0,0,0,0
540308,4,1,1987,0,0,0,0,0,0,20,0,0,0
540309,1,1,1987,0,0,0,0,0,0,0,0,0,0
540309,2,1,1987,0,0,0,0,0,0,0,0,0,0
540310,1,1,1987,12,0,0,30,0,0,0,0,0,0
540311,1,1,1987,22,22,22,22,22,22,22,22,22,22
540312,1,1,1987,21,21,21,21,21,21,21,21,21,21
540313,1,1,1987,13,13,13,13,13,13,13,13,13,13
540314,1,1,1987,16,16,16,16,16,16,16,16,16,16
540315,0,1,1987,0,0,0,0,0,0,0,0,0,0
540315,1,1,1987,0,0,0,0,0,0,0,0,0,0
540316,1,1,1987,0,0,0,0,0,0,0,0,0,0
540316,2,1,1987,0,0,0,0,0,0,0,0,0,0
540317,1,1,1987,0,0,0,0,0,0,0,0,0,0
540317,2,1,1987,14,14,14,14,14,14,14,14,14,14
540318,1,1,1987,15,15,15,15,15,15,15,15,15,15
540319,1,1,1987,0,0,0,0,0,0,0,0,0,0
540320,1,1,1987,28,11,10,8,6,17,11,8,11,17
540320,2,1,1987,8,8,8,8,8,8,8,8,8,8
540321,0,1,1987,0,0,0,0,0,0,0,0,0,0
540321,1,1,1987,0,0,0,0,0,0,0,0,0,0
540322,1,1,1987,0,0,0,0,0,0,0,0,0,0
540323,1,1,1987,1,1,1,1,1,1,1,1,1,1
540323,2,1,1987,0,0,0,0,0,0,0,0,0,0
540324,1,1,1987,0,0,0,0,0,0,0,0,0,0
540324,2,1,1987,18,18,18,18,18,18,18,18,18,18
540325,1,1,1987,20,18,21,23,0,27,20,0,19,9
540326,1,1,1987,17,17,17,17,17,17,17,17,17,17
540327,1,1,1987,17,17,17,17,17,17,17,17,17,17
540328,1,1,1987,6,6,6,6,6,6,6,6,6,6
540329,1,1,1987,0,0,0,0,0,0,0,0,0,0
540329,2,1,1987,0,0,0,0,0,0,0,0,0,0
540330,1,1,1987,14,14,14,14,14,14,14,14,14,14
540331,0,1,1987,0,0,0,0,0,0,0,0,11,0
540331,1,1,1987,0,0,0,0,0,0,0,23,0,0
540332,1,1,1987,13,13,13,13,13,13,13,13,13,13
540333,1,1,1987,11,11,11,11,11,11,11,11,11,11
540334,1,1,1987,17,17,17,17,17,17,17,17,17,17
540335,1,1,1987,0,0,0,0,0,0,0,0,0,0
540335,2,1,1987,0,0,0,0,0,0,0,0,0,0
540336,1,1,1987,0,0,0,0,0,0,0,0,0,0
540336,2,1,1987,0,0,0,0,0,0,0,0,0,0
540337,1,1,1987,14,14,14,14,14,14,14,14,14,14
540338,1,1,1987,14,14,14,14,14,14,14,14,14,14
540338,2,1,1987,20,20,20,20,20,20,20,20,20,20
540339,1,1,1987,0,0,0,0,0,0,0,0,0,0
540339,2,1,1987,0,0,0,0,0,0,0,0,0,0
540340,1,1,1987,25,14,10,23,14,6,17,10,17,16
540341,1,1,1987,0,0,0,0,0,0,0,0,0,0
540342,1,1,1987,0,0,0,23,0,0,0,0,0,0
540342,2,1,1987,0,0,0,0,0,0,0,0,0,0
540343,0,1,1987,0,0,0,20,0,0,0,11,0,0
540343,2,1,1987,0,0,2,5,0,0,0,0,0,17
540344,1,1,1987,0,0,0,0,0,0,0,0,0,0
540345,0,1,1987,24,24,24,24,24,24,24,24,24,24
540345,1,1,1987,0,0,0,0,0,0,0,0,0,0
540346,1,1,1987,0,0,0,12,25,0,0,0,0,0
540346,2,1,1987,11,11,11,11,11,11,11,11,11,11
540347,1,1,1987,21,21,21,21,21,21,21,21,21,21
540348,1,1,1987,0,0,0,0,0,0,0,0,0,0
540348,2,1,1987,0,0,0,0,0,0,0,0,0,0
540349,1,1,1987,18,18,18,18,18,18,18,18,18,18
540350,1,1,1987,0,11,0,0,0,0,0,0,0,0
540350,2,1,1987,12,12,12,12,12,12,12,12,12,12
540351,1,1,1987,0,0,0,19,0,0,0,0,0,0
540351,2,1,1987,7,7,7,7,7,7,7,7,7,7
540352,1,1,1987,0,0,0,0,0,0,0,0,0,0
540353,0,1,1987,0,14,0,0,0,0,0,0,0,0
540353,1,1,1987,0,0,0,0,0,0,0,0,0,0
540354,1,1,1987,7,7,7,7,7,7,7,7,7,7
540355,0,1,1987,0,0,0,0,0,0,0,0,0,0
540355,1,1,1987,0,0,0,0,0,0,0,0,0,0
540356,1,1,1987,0,0,0,0,0,0,0,0,0,0
540357,1,1,1987,21,21,21,21,21,21,21,21,21,21
540358,1,1,1987,0,0,0,0,0,3,0,0,0,0
540358,2,1,1987,0,0,0,0,0,0,0,0,0,0
540359,1,1,1987,21,21,21,21,21,21,21,21,21,21
540359,2,1,1987,0,0,0,0,0,0,0,0,19,6
540360,1,1,1987,0,0,0,0,0,0,0,0,0,0
540361,1,1,1987,25,25,25,25,25,25,25,25,25,25
540362,0,1,1987,21,0,0,31,14,0,0,0,0,0
540362,1,1,1987,0,0,0,0,0,0,0,17,0,0
540363,1,1,1987,19,25,8,9,8,23,22,7,8,0
540363,2,1,1987,0,15,13,12,16,0,20,13,12,15
540364,1,1,1987,0,0,0,0,0,0,0,0,0,0
540364,2,1,1987,0,0,0,0,0,0,0,0,0,0
540365,1,1,1987,0,0,0,0,0,0,0,0,0,0
540366,1,1,1987,0,0,0,0,0,0,0,0,0,0
540366,2,1,1987,0,0,0,0,0,0,0,0,0,0
540367,1,1,1987,0,0,0,0,0,0,0,0,0,0
540367,2,1,1987,0,0,0,0,16,14,12,0,0,0
540368,1,1,1987,4,4,4,4,4,4,4,4,4,4
540369,0,1,1987,5,5,5,5,5,5,5,5,5,5
540369,1,1,1987,0,0,0,0,11,0,0,0,15,0
540370,1,1,1987,7,7,7,7,7,7,7,7,7,7
540371,1,1,1987,0,0,0,0,0,0,0,0,0,0
540372,1,1,1987,0,0,0,0,0,0,0,0,0,0
540372,2,1,1987,0,0,0,0,0,0,0,0,0,0
540373,1,1,1987,22,22,22,22,22,22,22,22,22,22
540374,1,1,1987,21,21,21,21,21,21,21,21,21,21
540375,1,1,1987,0,0,0,0,0,0,0,0,0,0
540375,2,1,1987,0,0,0,0,0,0,0,0,0,0
540376,1,1,1987,27,27,27,27,27,27,27,27,27,27
540376,2,1,1987,0,0,0,0,0,0,0,0,0,0
540377,1,1,1987,0,0,0,0,0,0,0,0,0,0
540377,2,1,1987,0,0,0,0,0,0,0,0,0,0
540378,1,1,1987,4,4,4,4,4,4,4,4,4,4
540379,0,1,1987,9,9,9,9,9,9,9,9,9,9
540379,1,1,1987,0,0,0,0,0,0,12,0,0,0
540380,0,1,1987,0,0,0,0,0,0,0,0,0,0
540380,1,1,1987,0,0,0,0,0,0,0,0,0,0
540381,1,1,1987,0,0,0,0,0,0,0,0,0,0
540381,2,1,1987,0,0,0,0,0,0,0,0,0,0
540382,1,1,1987,0,0,0,0,0,0,0,0,0,0
540382,2,1,1987,0,0,0,0,0,0,0,0,0,0
540382,3,1,1987,0,0,0,0,0,0,0,0,0,0
540383,1,1,1987,15,15,15,15,15,15,15,15,15,15
540384,0,1,1987,0,9,18,0,0,0,0,29,0,0
540384,0,2,1987,0,0,0,0,0,0,0,0,0,0
540384,1,1,1987,0,0,0,0,0,0,0,6,0,0
540386,1,1,1987,0,0,14,0,0,0,0,0,0,0
540386,2,1,1987,0,0,0,0,0,0,0,0,0,0
540387,1,1,1987,0,0,0,0,0,0,0,0,0,0
540387,2,1,1987,0,0,0,0,0,0,0,0,0,0
540388,1,1,1987,0,0,0,0,0,0,0,0,0,0
540388,2,1,1987,0,0,0,0,0,0,0,0,0,0
540389,0,1,1987,0,0,0,0,0,0,0,0,0,0
540389,1,1,1987,0,0,0,0,0,0,0,0,0,0
540390,1,1,1987,0,0,0,0,0,0,0,11,0,0
540391,0,1,1987,0,0,23,0,0,0,0,0,0,0
540391,1,1,1987,11,0,0,0,0,0,23,0,0,0
540392,1,1,1987,0,0,0,0,0,0,0,0,0,0
540392,2,1,1987,10,10,10,10,10,10,10,10,10,10
540393,1,1,1987,6,6,6,6,6,6,6,6,6,6
540393,2,1,1987,0,0,0,0,0,0,0,0,0,0
540394,1,1,1987,0,0,0,0,0,0,0,0,0,0
540395,0,1,1987,10,10,10,10,10,10,10,10,10,10
540395,1,1,1987,0,0,0,0,0,13,0,0,0,0
540396,1,1,1987,6,6,6,6,6,6,6,6,6,6
540397,0,1,1987,0,0,0,0,0,0,0,0,0,0
540397,1,1,1987,0,0,0,0,0,0,0,0,0,0