ST_CASE,VEH_NO,PER_NO,YEAR,P1,P2,P3,P4,P5,P6,P7,P8,P9,P10
550250,1,1,1987,0,0,0,0,0,0,0,0,0,0
550250,2,1,1987,14,14,14,14,14,14,14,14,14,14
550251,0,1,1987,27,27,27,27,27,27,27,27,27,27
550251,1,1,1987,1,1,1,1,1,1,1,1,1,1
550253,1,1,1987,2,2,2,2,2,2,2,2,2,2
550254,1,1,1987,46,46,46,46,46,46,46,46,46,46
550255,1,1,1987,18,18,18,18,18,18,18,18,18,18
550256,1,1,1987,22,22,22,22,22,22,22,22,22,22
550257,1,1,1987,0,0,0,0,0,0,0,0,0,0
550257,2,1,1987,0,0,0,0,0,0,0,0,0,0
550258,1,1,1987,0,0,0,0,0,0,0,0,0,0
550258,2,1,1987,14,17,0,16,6,0,11,10,0,10
550259,1,1,1987,8,8,8,8,8,8,8,8,8,8
550260,1,1,1987,0,0,0,0,0,0,0,0,0,0
550260,2,1,1987,0,0,0,0,0,0,0,0,0,0
550261,1,1,1987,15,15,15,15,15,15,15,15,15,15
550262,1,1,1987,10,0,24,32,5,28,19,30,3,29
550262,2,1,1987,25,25,25,25,25,25,25,25,25,25
550263,1,1,1987,19,19,19,19,19,19,19,19,19,19
550264,1,1,1987,9,0,0,0,0,0,0,0,0,0
550264,2,1,1987,30,0,35,12,0,0,0,0,0,34
550265,1,1,1987,0,0,0,0,0,0,0,0,0,0
550265,2,1,1987,0,0,0,0,0,0,0,0,0,0
550266,1,1,1987,19,19,19,19,19,19,19,19,19,19
550267,1,1,1987,0,0,0,0,0,0,0,0,0,0
550267,2,1,1987,0,0,0,0,0,0,0,0,8,0
550268,1,1,1987,0,0,0,0,0,0,0,0,0,0
550268,2,1,1987,0,0,13,0,8,0,0,0,14,9
550269,1,1,1987,14,13,14,26,38,23,17,9,25,28
550269,2,1,1987,0,0,0,0,0,0,0,0,0,0
550270,1,1,1987,11,11,11,11,11,11,11,11,11,11
550271,1,1,1987,24,24,24,24,24,24,24,24,24,24
550273,1,1,1987,0,0,0,0,0,0,0,0,0,0
550274,1,1,1987,0,0,0,0,0,0,0,0,0,0
550274,2,1,1987,0,0,0,0,0,0,0,0,0,0
550275,1,1,1987,0,0,0,0,0,0,0,0,0,0
550275,2,1,1987,0,0,0,0,0,0,0,0,0,0
550276,1,1,1987,0,0,0,0,15,0,10,0,16,3
550276,2,1,1987,20,20,20,20,20,20,20,20,20,20
550277,1,1,1987,3,3,3,3,3,3,3,3,3,3
550277,2,1,1987,9,9,9,9,9,9,9,9,9,9
550278,1,1,1987,0,0,0,0,0,0,0,0,0,0
550278,2,1,1987,0,0,0,0,0,0,0,0,0,0
550279,1,1,1987,32,8,14,28,12,12,9,46,20,27
550280,1,1,1987,16,16,16,16,16,16,16,16,16,16
550281,1,1,1987,22,22,22,22,22,22,22,22,22,22
550282,0,1,1987,0,0,0,0,0,0,0,0,0,0
550282,1,1,1987,0,0,0,0,0,0,0,0,0,0
550283,1,1,1987,13,13,13,13,13,13,13,13,13,13
550283,2,1,1987,0,0,0,0,0,0,0,0,14,0
550284,1,1,1987,15,15,15,15,15,15,15,15,15,15
550285,1,1,1987,33,33,33,33,33,33,33,33,33,33
550286,1,1,1987,0,9,0,0,0,9,0,0,0,0
550287,1,1,1987,0,0,0,0,0,0,0,0,0,0
550288,1,1,1987,10,10,10,10,10,10,10,10,10,10
550289,1,1,1987,8,8,8,8,8,8,8,8,8,8
550289,2,1,1987,0,9,0,0,0,0,0,5,0,0
550290,1,1,1987,17,17,17,17,17,17,17,17,17,17
550291,0,1,1987,0,0,0,0,0,0,0,0,0,0
550291,1,1,1987,4,23,13,17,5,0,20,4,22,20
550292,1,1,1987,0,0,0,0,0,0,0,0,0,0
550293,1,1,1987,0,11,0,0,12,14,0,13,0,0
550294,1,1,1987,0,0,0,0,0,0,0,0,0,0
550294,2,1,1987,0,0,0,0,0,30,0,0,0,0
550295,1,1,1987,0,0,0,0,0,0,0,0,0,0
550296,1,1,1987,0,0,0,0,0,0,0,0,0,0
550297,1,1,1987,10,10,10,10,10,10,10,10,10,10
550298,1,1,1987,20,20,20,20,20,20,20,20,20,20
550298,2,1,1987,6,0,0,0,0,0,0,0,0,0
550298,3,1,1987,38,29,20,23,7,12,8,12,11,3
550299,1,1,1987,21,21,21,21,21,21,21,21,21,21
550300,1,1,1987,12,11,9,19,9,16,6,14,11,22
550300,2,1,1987,0,25,0,0,19,0,6,0,8,7
550300,3,1,1987,9,0,0,0,0,0,0,0,0,16
550301,1,1,1987,20,20,20,20,20,20,20,20,20,20
550302,0,1,1987,0,0,0,0,0,0,0,0,0,0
550302,1,1,1987,0,0,0,16,0,0,22,0,11,7
550303,1,1,1987,8,9,6,8,14,7,12,6,10,11
550304,1,1,1987,12,12,12,12,12,12,12,12,12,12
550305,0,1,1987,0,0,0,0,0,0,0,0,0,0
550305,1,1,1987,0,0,0,0,0,0,0,12,14,0
550306,1,1,1987,24,24,24,24,24,24,24,24,24,24
550307,1,1,1987,0,0,0,0,0,0,0,0,0,0
550308,1,1,1987,22,22,22,22,22,22,22,22,22,22
550309,1,1,1987,0,0,0,0,0,0,0,0,0,0
550310,1,1,1987,0,0,0,0,0,0,0,0,0,0
550310,2,1,1987,13,0,0,0,0,0,0,0,7,0
550310,3,1,1987,0,0,0,13,0,0,0,0,0,0
550311,1,1,1987,0,0,0,0,0,0,0,0,0,0
550311,2,1,1987,0,0,0,0,0,0,0,0,0,0
550312,1,1,1987,11,11,11,11,11,11,11,11,11,11
550312,2,1,1987,0,0,0,0,0,0,0,0,0,0
550313,1,1,1987,2,2,2,2,2,2,2,2,2,2
550313,2,1,1987,29,33,19,0,16,20,10,0,0,0
550314,1,1,1987,23,17,0,0,11,14,0,30,0,0
550315,1,1,1987,7,7,7,7,7,7,7,7,7,7
550316,1,1,1987,0,0,6,0,0,15,0,0,0,0
550316,2,1,1987,0,0,0,0,0,0,0,0,4,0
550317,1,1,1987,28,28,28,28,28,28,28,28,28,28
550318,1,1,1987,13,13,13,13,13,13,13,13,13,13
550319,1,1,1987,0,0,0,0,0,0,0,0,0,0
550320,1,1,1987,7,11,28,9,0,22,21,0,20,0
550320,2,1,1987,0,0,0,0,0,0,0,0,0,0
550321,1,1,1987,0,0,0,0,0,0,0,0,0,0
550321,2,1,1987,0,0,0,0,0,0,0,0,0,0
550322,1,1,1987,20,25,3,25,13,15,5,6,14,22
550323,0,1,1987,0,0,0,0,0,11,0,0,0,0
550323,1,1,1987,0,0,0,0,0,0,0,0,0,0
550324,1,1,1987,14,0,0,0,0,0,19,2,0,0
550325,1,1,1987,9,9,9,9,9,9,9,9,9,9
550325,2,1,1987,20,20,20,20,20,20,20,20,20,20
550326,1,1,1987,0,0,0,0,0,0,0,0,0,0
550326,2,1,1987,7,0,0,0,4,15,0,8,29,0
550327,1,1,1987,14,14,14,14,14,14,14,14,14,14
550328,1,1,1987,6,6,6,6,6,6,6,6,6,6
550328,2,1,1987,18,18,18,18,18,18,18,18,18,18
550329,1,1,1987,0,0,0,0,0,0,0,0,0,0
550329,2,1,1987,0,0,0,0,0,0,0,0,0,4
550330,0,1,1987,0,0,0,0,0,0,0,0,0,0
550330,1,1,1987,0,0,0,0,0,0,0,0,0,0
550331,1,1,1987,13,13,13,13,13,13,13,13,13,13
550331,2,1,1987,0,0,0,0,0,0,0,0,0,0
550332,1,1,1987,0,0,0,0,15,0,0,0,0,4
550333,1,1,1987,21,21,21,21,21,21,21,21,21,21
550333,2,1,1987,23,21,23,10,4,16,9,4,23,5
550334,1,1,1987,16,16,16,16,16,16,16,16,16,16
550335,1,1,1987,0,0,0,0,0,0,0,0,0,0
550336,1,1,1987,9,9,13,25,41,15,10,9,27,16
550337,1,1,1987,0,0,0,0,0,0,0,0,0,0
550337,2,1,1987,0,0,0,0,0,0,0,0,0,0
550338,1,1,1987,21,0,0,20,0,0,0,0,0,0
550338,2,1,1987,0,0,0,0,0,0,0,0,0,0
550339,0,1,1987,0,0,0,0,0,0,0,0,8,0
550339,1,1,1987,0,0,0,0,0,0,0,0,0,0
550339,2,1,1987,5,8,0,0,26,0,0,0,0,0
550341,1,1,1987,20,0,0,0,0,0,0,13,0,0
550342,1,1,1987,0,0,0,0,0,0,0,0,0,0
550342,2,1,1987,11,0,0,0,6,21,0,7,0,0
550342,3,1,1987,12,12,12,12,12,12,12,12,12,12
550343,1,1,1987,0,0,0,0,0,0,0,0,0,0
550343,2,1,1987,0,0,0,0,18,0,0,0,0,0
550344,1,1,1987,21,21,21,21,21,21,21,21,21,21
550345,1,1,1987,8,8,8,8,8,8,8,8,8,8
550349,1,1,1987,0,27,0,16,28,23,0,34,18,26
550350,1,1,1987,16,16,16,16,16,16,16,16,16,16
550351,1,1,1987,18,18,18,18,18,18,18,18,18,18
550352,0,1,1987,0,0,0,0,0,0,0,0,0,0
550352,1,1,1987,16,0,0,0,0,0,10,0,8,0
550353,1,1,1987,11,11,11,11,11,11,11,11,11,11
550353,2,1,1987,20,20,20,20,20,20,20,20,20,20
550354,1,1,1987,0,0,0,0,0,0,0,0,0,0
550355,1,1,1987,27,5,5,0,12,11,19,21,26,13
550356,1,1,1987,0,0,0,0,0,0,0,0,0,0
550356,2,1,1987,0,0,0,0,0,0,0,0,0,0
550357,1,1,1987,0,0,0,0,0,0,0,2,12,0
550358,1,1,1987,0,0,0,0,0,0,0,0,0,0
550358,2,1,1987,0,0,0,0,0,0,0,0,0,0
550359,1,1,1987,0,0,0,0,0,0,0,0,0,0
550359,2,1,1987,0,0,0,0,0,0,0,7,0,0
550360,1,1,1987,19,19,19,19,19,19,19,19,19,19
550361,1,1,1987,0,0,0,0,0,0,0,0,0,0
550361,2,1,1987,0,0,0,0,0,0,0,0,0,0
550362,1,1,1987,0,0,10,17,11,8,0,0,0,0
550362,2,1,1987,1,1,1,1,1,1,1,1,1,1
550363,0,1,1987,26,26,26,26,26,26,26,26,26,26
550363,1,1,1987,5,44,11,16,0,0,0,24,12,25
550364,1,1,1987,0,0,0,0,0,0,0,0,0,0
550364,2,1,1987,0,0,0,0,0,0,0,0,0,0
550365,0,1,1987,0,0,0,0,0,0,0,0,0,0
550365,1,1,1987,0,0,0,0,0,0,0,0,0,0
550366,1,1,1987,0,0,0,0,0,0,18,0,19,13
550366,2,1,1987,14,14,14,14,14,14,14,14,14,14
550367,1,1,1987,12,12,12,12,12,12,12,12,12,12
550368,1,1,1987,0,0,7,0,0,0,0,0,12,0
550368,2,1,1987,0,0,0,0,0,0,0,0,0,0
550369,1,1,1987,0,0,0,0,0,0,0,0,0,0
550369,2,1,1987,0,0,0,0,0,0,0,0,0,0
550369,3,1,1987,0,0,0,0,18,0,16,0,0,0
550370,1,1,1987,34,34,34,34,34,34,34,34,34,34
550371,1,1,1987,0,0,0,0,0,0,0,0,0,0
550371,2,1,1987,0,0,0,0,8,0,0,0,0,0
550372,1,1,1987,7,0,0,0,0,0,0,0,0,0
550372,2,1,1987,9,9,9,9,9,9,9,9,9,9
550373,1,1,1987,0,0,0,0,0,0,0,0,0,0
550373,2,1,1987,17,17,17,17,17,17,17,17,17,17
550374,1,1,1987,0,0,0,0,0,0,0,0,0,0
550374,2,1,1987,0,0,0,0,0,0,26,0,0,0
550375,1,1,1987,0,0,0,0,0,0,0,0,0,0
550375,2,1,1987,0,0,0,0,0,0,0,0,0,0
550376,1,1,1987,0,0,0,0,0,0,15,0,0,0
550376,2,1,1987,20,0,3,0,0,0,5,0,14,0
550377,1,1,1987,29,29,29,29,29,29,29,29,29,29
550377,2,1,1987,5,0,0,0,0,0,0,0,8,0
550378,1,1,1987,20,20,20,20,20,20,20,20,20,20
550378,2,1,1987,14,14,14,14,14,14,14,14,14,14
550379,1,1,1987,19,19,19,19,19,19,19,19,19,19
550380,1,1,1987,0,0,0,0,0,0,0,7,0,0
550380,2,1,1987,0,0,0,0,0,0,0,0,0,0
550380,3,1,1987,0,0,0,0,0,0,0,0,0,0
550381,0,1,1987,0,0,0,0,0,0,0,0,0,0
550381,1,1,1987,0,0,0,0,0,0,0,0,0,0
550382,1,1,1987,0,0,0,0,0,0,0,0,0,0
550383,1,1,1987,0,0,18,0,0,0,0,0,0,0
550383,2,1,1987,0,0,0,0,0,0,0,0,0,0
550384,1,1,1987,32,32,32,32,32,32,32,32,32,32
550385,1,1,1987,17,17,17,17,17,17,17,17,17,17
550386,1,1,1987,14,14,14,14,14,14,14,14,14,14
550387,0,1,1987,0,0,0,0,0,0,0,13,21,0
550387,1,1,1987,25,0,0,0,0,0,27,0,0,0
550388,1,1,1987,8,8,8,8,8,8,8,8,8,8
550389,1,1,1987,0,0,0,0,9,0,0,0,0,0
550389,2,1,1987,12,12,12,12,12,12,12,12,12,12
550390,1,1,1987,22,22,22,22,22,22,22,22,22,22
550391,1,1,1987,31,31,31,31,31,31,31,31,31,31
550392,1,1,1987,0,0,0,0,0,0,0,0,0,0
550392,2,1,1987,11,3,0,0,0,41,10,6,0,24
550393,1,1,1987,15,17,4,17,9,15,0,28,0,0
550394,1,1,1987,0,0,0,0,0,0,0,0,0,0
550395,1,1,1987,0,20,21,15,16,11,22,0,14,1
550396,1,1,1987,20,20,20,20,20,20,20,20,20,20
550396,2,1,1987,0,0,0,0,0,0,0,0,0,0
550397,1,1,1987,0,0,0,0,0,0,0,0,0,0
550397,2,1,1987,0,0,0,0,0,0,0,0,0,0
550398,1,1,1987,0,0,0,0,0,0,0,0,0,0
550398,2,1,1987,0,0,0,0,0,0,0,0,15,0
550399,1,1,1987,17,17,17,17,17,17,17,17,17,17
550400,1,1,1987,20,20,20,20,20,20,20,20,20,20
550401,1,1,1987,29,29,29,29,29,29,29,29,29,29
550402,0,1,1987,18,18,18,18,18,18,18,18,18,18
550402,1,1,1987,16,16,16,16,16,16,16,16,16,16
550403,1,1,1987,0,0,0,0,0,0,0,0,0,0
550403,2,1,1987,0,0,0,0,0,0,0,0,0,0
550404,1,1,1987,9,10,0,12,0,0,0,0,0,0
550404,2,1,1987,9,9,9,9,9,9,9,9,9,9
550405,1,1,1987,16,16,16,16,16,16,16,16,16,16
550405,2,1,1987,0,0,0,0,0,0,0,0,0,0
550407,1,1,1987,0,0,0,0,0,0,0,0,0,0
550408,1,1,1987,0,0,0,0,0,0,0,0,0,0
550408,2,1,1987,0,0,0,0,0,0,5,0,18,0
550408,3,1,1987,0,0,0,0,0,0,0,0,0,0
550409,1,1,1987,20,26,0,0,0,0,0,0,12,0
550410,1,1,1987,19,19,19,19,19,19,19,19,19,19
550411,1,1,1987,16,16,16,16,16,16,16,16,16,16
550412,1,1,1987,0,0,14,0,0,0,0,0,0,0
550413,1,1,1987,27,27,27,27,27,27,27,27,27,27
550413,2,1,1987,15,15,15,15,15,15,15,15,15,15
550414,1,1,1987,0,0,0,0,0,0,0,0,0,0
550414,2,1,1987,10,10,10,10,10,10,10,10,10,10
550415,1,1,1987,0,0,0,0,0,0,0,0,0,0
550416,1,1,1987,13,13,13,13,13,13,13,13,13,13
550416,2,1,1987,13,10,16,11,15,8,0,0,12,19
550417,1,1,1987,0,0,0,0,0,0,0,0,0,0
550417,2,1,1987,0,0,0,0,0,0,0,0,0,0
550418,1,1,1987,7,0,0,0,0,0,0,0,0,0
550418,2,1,1987,0,0,0,0,0,0,0,0,18,0
550419,1,1,1987,12,0,11,17,0,5,11,16,4,0
550419,2,1,1987,11,0,0,0,0,0,5,0,0,0
550420,1,1,1987,14,14,14,14,14,14,14,14,14,14
550421,1,1,1987,13,13,13,13,13,13,13,13,13,13
550422,1,1,1987,16,16,16,16,16,16,16,16,16,16
550422,2,1,1987,27,27,27,27,27,27,27,27,27,27
550423,0,1,1987,9,9,9,9,9,9,9,9,9,9
550423,1,1,1987,0,0,0,9,7,0,0,0,0,0
550424,1,1,1987,6,6,6,6,6,6,6,6,6,6
550424,2,1,1987,0,0,2,0,0,0,0,0,0,0
550425,1,1,1987,0,0,0,0,0,0,0,0,0,0
550425,2,1,1987,0,0,0,0,0,0,0,0,0,0
550426,0,1,1987,0,0,0,0,0,0,0,0,0,0
550426,1,1,1987,9,9,9,9,9,9,9,9,9,9
550427,1,1,1987,26,0,0,0,0,0,0,0,14,0
550427,2,1,1987,0,0,0,0,0,0,0,0,0,0
550428,1,1,1987,0,0,0,5,0,0,3,0,0,0
550429,1,1,1987,22,22,22,22,22,22,22,22,22,22
550429,2,1,1987,0,0,0,0,0,0,0,0,0,0
550430,1,1,1987,0,0,0,0,0,0,0,0,0,0
550430,2,1,1987,0,0,0,0,0,0,8,5,0,0
550431,0,1,1987,0,0,0,0,0,0,0,0,0,0
550431,1,1,1987,0,0,0,0,0,0,0,0,11,0
550432,1,1,1987,0,0,0,0,0,0,0,0,0,0
550432,2,1,1987,0,0,0,0,15,3,19,0,0,0
550433,1,1,1987,0,0,0,0,0,0,0,0,0,0
550434,1,1,1987,0,0,15,0,0,9,0,0,0,0
550434,2,1,1987,20,20,20,20,20,20,20,20,20,20
550435,1,1,1987,15,0,11,0,0,0,0,0,0,0
550435,2,1,1987,19,19,19,19,19,19,19,19,19,19
550436,1,1,1987,18,18,18,18,18,18,18,18,18,18
550436,2,1,1987,0,0,0,0,0,0,0,0,0,0
550437,1,1,1987,16,16,16,16,16,16,16,16,16,16
550438,1,1,1987,21,21,21,21,21,21,21,21,21,21
550439,1,1,1987,0,0,0,0,0,0,0,0,0,0
550439,2,1,1987,0,26,0,0,0,0,17,0,11,0
550440,1,1,1987,7,11,16,11,10,13,0,23,11,14
550441,1,1,1987,21,21,21,21,21,21,21,21,21,21
550442,0,1,1987,0,0,0,0,0,0,0,0,0,0
550442,1,1,1987,0,0,0,0,0,0,0,0,18,0
550443,1,1,1987,16,16,16,16,16,16,16,16,16,16
550444,1,1,1987,22,22,22,22,22,22,22,22,22,22
550444,2,1,1987,0,0,0,0,0,0,0,0,0,0
550445,1,1,1987,23,23,23,23,23,23,23,23,23,23
550447,1,1,1987,0,15,24,0,26,8,16,18,0,27
550448,1,1,1987,14,14,14,14,14,14,14,14,14,14
550449,1,1,1987,6,19,5,9,0,11,0,34,26,17
550449,2,1,1987,0,15,19,23,15,0,25,10,12,14
550450,1,1,1987,23,23,23,23,23,23,23,23,23,23
550451,1,1,1987,0,0,0,0,0,0,0,0,0,0
550452,1,1,1987,21,17,10,17,11,24,24,14,11,6
550453,1,1,1987,28,28,28,28,28,28,28,28,28,28
550454,1,1,1987,0,0,0,0,0,0,0,0,0,0
550454,2,1,1987,0,0,0,0,0,0,0,0,0,0
550455,1,1,1987,8,0,16,0,31,0,0,0,0,23
550456,0,1,1987,0,0,0,0,0,0,0,0,0,0
550456,1,1,1987,0,0,0,0,0,0,0,0,0,0
550457,1,1,1987,13,13,13,13,13,13,13,13,13,13
550457,2,1,1987,3,0,0,0,0,0,0,0,0,0
550458,1,1,1987,0,5,0,7,13,9,16,0,0,0
550458,2,1,1987,0,0,0,15,0,17,10,22,0,0
550459,0,1,1987,0,0,0,0,0,0,0,0,0,0
550459,1,1,1987,0,0,0,0,10,0,0,0,0,0
550460,1,1,1987,16,16,16,16,16,16,16,16,16,16
550461,1,1,1987,0,0,0,0,0,0,0,0,0,0
550461,2,1,1987,0,0,0,0,0,0,0,0,0,0
550462,1,1,1987,19,19,19,19,19,19,19,19,19,19
550463,1,1,1987,0,0,0,0,0,0,0,11,0,0
550463,2,1,1987,0,0,0,0,0,0,0,0,0,0
550464,1,1,1987,0,0,0,0,0,0,0,0,0,0
550465,0,1,1987,17,17,17,17,17,17,17,17,17,17
550465,0,2,1987,15,5,0,15,22,0,10,12,9,0
550465,1,1,1987,0,0,0,0,0,0,0,0,0,0
550466,1,1,1987,0,0,0,9,0,0,0,0,0,0
550466,2,1,1987,0,0,0,0,0,0,0,0,0,0
550467,1,1,1987,16,16,16,16,16,16,16,16,16,16
550467,2,1,1987,9,9,7,0,18,0,8,14,24,17
550468,1,1,1987,25,25,25,25,25,25,25,25,25,25
550469,1,1,1987,23,23,23,23,23,23,23,23,23,23
550471,1,1,1987,13,13,13,13,13,13,13,13,13,13
550472,1,1,1987,13,18,24,21,14,27,25,16,38,14
550473,1,1,1987,0,0,0,0,0,0,0,0,0,0
550473,2,1,1987,0,0,0,0,0,0,0,0,9,0
550473,3,1,1987,0,0,4,0,15,0,0,0,0,0
550473,4,1,1987,0,0,0,0,0,26,24,0,0,0
550474,1,1,1987,3,3,3,3,3,3,3,3,3,3
550475,1,2,1987,16,16,16,16,16,16,16,16,16,16
550478,1,1,1987,21,21,21,21,21,21,21,21,21,21
550479,1,1,1987,0,0,0,0,0,0,0,0,0,0
550480,1,1,1987,0,0,0,0,0,0,0,0,0,0
550480,2,1,1987,0,0,0,8,0,0,0,0,0,0
550481,1,1,1987,12,5,12,9,26,26,27,14,0,0
550482,1,1,1987,0,0,0,0,0,0,0,0,0,0
550482,2,1,1987,0,0,0,0,0,0,0,0,0,0
550483,1,1,1987,9,9,9,9,9,9,9,9,9,9
550484,1,1,1987,0,0,0,12,0,13,0,0,0,0
550485,1,1,1987,16,16,16,16,16,16,16,16,16,16
550485,2,1,1987,4,4,4,4,4,4,4,4,4,4
550486,1,1,1987,0,14,20,21,0,25,0,49,29,0
550487,1,1,1987,18,18,18,18,18,18,18,18,18,18
550488,1,1,1987,19,21,16,18,14,12,14,32,18,11
550489,1,1,1987,8,8,8,8,8,8,8,8,8,8
550490,1,1,1987,20,20,20,20,20,20,20,20,20,20
550491,1,1,1987,0,0,0,0,0,0,0,0,0,0
550491,2,1,1987,0,0,0,7,0,0,0,0,0,0
550493,0,1,1987,0,0,0,0,0,0,0,0,0,0
550493,1,1,1987,0,0,0,0,0,0,0,0,0,0
550494,1,1,1987,13,11,21,2,11,17,4,16,11,12
550495,1,1,1987,0,0,0,0,0,0,0,0,0,0
550495,2,1,1987,0,0,0,0,0,0,0,0,0,0
550495,3,1,1987,0,0,0,0,11,0,0,0,0,0
550496,1,1,1987,44,44,44,44,44,44,44,44,44,44
550497,1,1,1987,7,20,7,21,11,0,8,0,12,19
550497,2,1,1987,17,17,17,17,17,17,17,17,17,17
550498,1,1,1987,20,20,20,20,20,20,20,20,20,20
550499,0,1,1987,28,28,28,28,28,28,28,28,28,28
550499,1,1,1987,15,13,0,0,17,0,1,15,18,6
550500,1,1,1987,24,24,24,24,24,24,24,24,24,24
550501,1,1,1987,0,0,0,0,0,0,0,0,0,0
550501,2,1,1987,0,0,0,0,0,0,0,0,0,0
550502,0,1,1987,0,13,13,18,10,8,31,26,30,0
550502,1,1,1987,5,5,5,5,5,5,5,5,5,5
550503,1,1,1987,0,0,20,0,0,0,0,0,16,0
550503,2,1,1987,0,0,0,0,0,0,0,0,0,0
550504,0,1,1987,16,16,16,16,16,16,16,16,16,16
550504,1,1,1987,0,0,18,13,15,22,8,10,24,0
550505,1,1,1987,0,0,0,0,0,0,0,0,0,34
550505,2,1,1987,15,15,15,15,15,15,15,15,15,15
550506,1,1,1987,15,15,15,15,15,15,15,15,15,15
550507,1,1,1987,0,0,0,0,0,0,0,0,0,0
550507,2,1,1987,0,0,0,0,0,0,0,0,0,0
550508,1,1,1987,0,0,0,21,12,8,5,0,0,0
550509,1,1,1987,0,0,0,0,0,0,0,0,0,0
550509,2,1,1987,0,0,0,0,0,19,0,0,0,0
550510,1,1,1987,0,0,0,0,0,0,0,0,0,0
550510,2,1,1987,0,0,0,0,0,0,0,0,0,0
550511,1,1,1987,0,0,0,0,0,0,0,0,0,19
550511,2,1,1987,0,0,0,0,0,0,0,0,0,0
550512,1,1,1987,2,0,0,0,0,20,0,0,0,0
550512,2,1,1987,2,0,5,0,0,0,0,0,0,0
550513,1,1,1987,0,0,0,0,0,0,0,0,0,0
550513,2,1,1987,0,0,0,0,0,0,0,0,0,0
550514,1,1,1987,0,0,0,0,0,0,0,0,0,0
550514,2,1,1987,0,0,0,0,0,0,0,0,0,0
550514,3,1,1987,0,0,0,0,0,0,0,0,0,0
550515,1,1,1987,26,26,26,26,26,26,26,26,26,26
550515,2,1,1987,0,0,11,0,0,0,0,0,0,0
550516,1,1,1987,0,0,0,0,0,0,0,0,0,0
550516,2,1,1987,0,0,0,15,0,0,0,0,0,0
550516,3,1,1987,0,0,10,0,0,14,0,0,0,0
550517,0,1,1987,0,0,0,0,0,0,0,0,0,0
550517,0,2,1987,8,10,0,0,0,24,0,0,0,0
550517,1,1,1987,0,0,0,0,0,0,0,0,0,0
550518,1,1,1987,0,0,0,0,0,0,0,0,0,0
550518,2,1,1987,0,0,0,0,0,0,0,0,0,0
550519,1,1,1987,0,0,0,0,0,0,0,0,0,0
550519,2,1,1987,0,0,0,0,0,0,0,0,0,0
550520,1,1,1987,0,14,0,12,0,0,11,0,0,14
550520,2,1,1987,0,0,0,0,0,0,0,0,0,0
550521,1,1,1987,8,8,8,8,8,8,8,8,8,8
550522,1,1,1987,0,0,0,0,9,0,0,0,0,0
550522,2,1,1987,21,21,21,21,21,21,21,21,21,21
550523,1,1,1987,17,17,17,17,17,17,17,17,17,17
550524,1,1,1987,13,13,13,13,13,13,13,13,13,13
550525,0,1,1987,2,2,2,2,2,2,2,2,2,2
550525,1,1,1987,0,0,0,0,0,0,0,0,0,0
550526,1,1,1987,19,0,3,10,0,18,18,5,9,0
550526,2,1,1987,0,0,0,0,0,0,0,0,0,0
550526,3,1,1987,0,0,0,0,0,0,12,0,0,0
550527,1,1,1987,0,0,0,0,0,0,0,0,0,0
550527,2,1,1987,0,0,0,0,0,0,0,0,0,0
550528,1,1,1987,0,15,0,0,0,0,10,0,0,0
550528,2,1,1987,0,0,0,0,0,0,0,0,0,0
550529,1,1,1987,31,31,31,31,31,31,31,31,31,31
550530,1,1,1987,23,23,23,23,23,23,23,23,23,23
550531,1,1,1987,0,0,0,0,0,0,0,0,0,0
550532,1,1,1987,26,26,26,26,26,26,26,26,26,26
550533,1,1,1987,0,0,3,0,0,0,0,0,0,0
550533,2,1,1987,0,0,0,0,0,0,0,0,0,0
550534,0,1,1987,0,0,0,0,0,0,0,0,0,0
550534,1,1,1987,0,0,0,0,16,21,0,0,13,0
550535,1,1,1987,26,26,26,26,26,26,26,26,26,26
550536,1,1,1987,2,2,2,2,2,2,2,2,2,2
550536,2,1,1987,0,0,0,0,0,0,0,0,0,0
550537,1,1,1987,6,14,12,19,9,41,25,18,9,6
550538,1,1,1987,0,11,0,0,0,0,0,0,0,14
550539,1,1,1987,0,0,0,0,0,0,0,0,0,0
550540,1,1,1987,8,8,8,8,8,8,8,8,8,8
550540,2,1,1987,0,0,0,0,0,0,0,0,0,0
550541,1,1,1987,7,7,7,7,7,7,7,7,7,7
550542,1,1,1987,0,0,0,0,0,0,0,0,0,0
550543,1,1,1987,12,12,12,12,12,12,12,12,12,12
550543,2,1,1987,0,0,0,0,0,0,0,0,0,0
550544,1,1,1987,37,37,37,37,37,37,37,37,37,37
550545,1,1,1987,8,25,5,15,5,13,23,9,0,19
550546,1,1,1987,0,0,0,0,0,0,0,0,0,0