ST_CASE,VEH_NO,PER_NO,YEAR,P1,P2,P3,P4,P5,P6,P7,P8,P9,P10
550547,1,1,1987,0,0,0,0,0,0,0,0,0,0
550547,2,1,1987,0,0,0,0,0,18,0,0,0,0
550548,0,1,1987,0,0,0,0,0,0,0,0,0,0
550548,1,1,1987,0,0,0,0,0,27,0,0,0,0
550550,1,1,1987,20,14,11,0,0,12,0,0,0,27
550551,1,1,1987,6,10,10,15,22,17,26,0,10,14
550552,1,1,1987,2,2,2,2,2,2,2,2,2,2
550553,1,1,1987,18,16,7,16,35,0,17,0,28,0
550553,2,1,1987,19,19,19,19,19,19,19,19,19,19
550555,1,1,1987,20,20,20,20,20,20,20,20,20,20
550556,1,1,1987,0,0,0,0,0,0,0,0,0,0
550556,2,1,1987,0,0,0,0,0,0,0,0,0,0
550557,1,1,1987,0,0,0,0,0,0,0,0,0,0
550557,2,1,1987,0,0,13,0,0,0,0,0,0,0
550558,1,1,1987,25,11,8,23,8,22,17,12,10,32
550559,1,1,1987,27,27,27,27,27,27,27,27,27,27
550560,1,1,1987,6,0,0,0,0,0,0,0,0,0
550560,2,1,1987,0,0,0,0,0,0,0,0,0,0
550561,1,1,1987,23,23,23,23,23,23,23,23,23,23
550563,1,1,1987,0,0,0,0,0,0,0,0,0,0
550563,2,1,1987,0,0,0,0,0,0,0,0,0,0
550564,1,1,1987,0,14,0,0,0,0,0,0,0,17
550564,2,1,1987,18,14,23,0,19,5,15,0,0,18
550567,1,1,1987,13,0,0,0,0,0,0,0,0,0
550568,0,1,1987,0,0,0,0,0,0,0,0,0,0
550568,1,1,1987,0,0,0,0,0,0,0,0,0,0
550570,1,1,1987,3,7,32,20,17,32,15,31,13,13
550571,0,1,1987,0,0,0,0,0,0,0,0,0,0
550571,1,1,1987,30,30,30,30,30,30,30,30,30,30
550572,1,1,1987,0,0,0,0,0,0,0,0,0,0
550572,2,1,1987,0,0,0,0,7,0,0,2,0,0
550572,3,1,1987,0,0,3,0,0,0,0,0,0,0
550573,1,1,1987,13,13,13,13,13,13,13,13,13,13
550574,1,1,1987,0,0,0,0,0,0,0,0,0,0
550575,1,1,1987,11,11,11,11,11,11,11,11,11,11
550576,0,1,1987,0,0,0,8,15,0,11,7,19,20
550576,1,1,1987,8,0,5,17,10,8,5,9,3,4
550577,1,1,1987,0,0,0,0,0,13,0,17,21,0
550577,2,1,1987,0,0,0,0,0,0,0,0,0,0
550578,1,1,1987,0,0,0,0,0,0,0,0,0,0
550579,1,1,1987,21,21,21,21,21,21,21,21,21,21
550580,1,1,1987,16,13,20,27,24,0,24,25,25,10
550580,2,1,1987,0,0,0,0,0,0,0,0,0,21
550581,1,1,1987,0,0,0,0,0,0,0,0,0,0
550582,1,1,1987,0,0,0,0,0,0,0,0,0,0
550582,2,1,1987,0,0,0,0,0,0,0,0,0,0
550583,1,1,1987,16,16,16,16,16,16,16,16,16,16
550584,1,1,1987,0,0,0,0,0,0,0,0,0,0
550584,2,1,1987,0,0,0,0,0,0,0,0,0,0
550585,1,1,1987,0,0,0,0,23,17,0,0,0,11
550585,2,1,1987,0,0,0,0,0,0,0,0,0,0
550586,1,1,1987,0,0,0,0,0,0,0,0,0,0
550586,2,1,1987,0,0,0,0,0,0,0,0,0,0
550587,1,1,1987,0,0,16,0,0,0,0,0,0,0
550587,2,1,1987,0,0,0,0,0,0,0,0,0,0
550588,1,1,1987,0,0,0,0,0,0,0,0,0,0
550589,1,1,1987,20,20,20,20,20,20,20,20,20,20
550590,1,1,1987,33,33,33,33,33,33,33,33,33,33
550591,1,1,1987,0,0,0,0,0,0,0,0,0,0
550591,2,1,1987,0,0,0,0,0,0,0,0,0,0
550592,1,1,1987,0,0,0,0,0,0,0,0,0,0
550592,2,1,1987,0,0,0,0,0,0,0,5,0,0
550594,0,1,1987,0,0,0,0,0,0,0,0,0,0
550594,0,2,1987,0,0,0,0,0,0,0,0,0,0
550595,1,1,1987,0,0,0,0,0,0,0,0,0,0
550595,2,1,1987,0,0,0,0,0,0,0,0,0,0
550596,1,1,1987,14,14,14,14,14,14,14,14,14,14
550597,1,1,1987,26,26,26,26,26,26,26,26,26,26
550598,1,1,1987,0,0,0,0,0,0,0,0,0,0
550598,2,1,1987,0,0,0,0,0,0,0,0,0,0
550599,1,1,1987,0,0,0,0,0,0,0,0,0,0
550600,0,1,1987,15,15,15,15,15,15,15,15,15,15
550600,1,1,1987,0,0,14,0,0,0,17,0,0,0
550601,1,1,1987,0,0,0,0,0,0,0,0,0,0
550601,2,1,1987,0,12,0,0,0,0,0,0,0,12
550602,1,1,1987,0,0,0,0,0,0,0,0,0,0
550603,1,1,1987,0,0,0,9,0,0,0,0,0,0
550603,2,1,1987,0,0,0,0,0,0,0,0,0,0
550604,1,1,1987,25,25,25,25,25,25,25,25,25,25
550605,1,1,1987,0,0,4,0,0,16,0,0,0,0
550606,1,1,1987,9,0,0,12,0,0,0,0,0,22
550606,2,1,1987,0,0,0,0,0,0,20,0,0,0
550607,1,1,1987,12,12,12,12,12,12,12,12,12,12
550608,1,1,1987,5,5,5,5,5,5,5,5,5,5
550608,2,1,1987,4,17,8,8,8,1,13,5,14,15
550609,1,1,1987,0,0,0,0,0,0,0,0,0,0
550609,2,1,1987,0,0,0,0,0,0,0,0,0,0
550610,1,1,1987,0,0,25,0,0,0,0,13,0,0
550610,2,1,1987,0,0,0,14,0,13,0,10,16,0
550611,1,1,1987,12,3,31,26,0,4,0,18,0,20
550611,2,1,1987,22,5,0,17,10,0,0,6,4,17
550611,3,1,1987,15,15,15,15,15,15,15,15,15,15
550612,1,1,1987,0,0,0,0,0,0,0,0,0,0
550612,2,1,1987,0,0,0,0,20,0,6,0,0,0
550613,1,1,1987,31,31,31,31,31,31,31,31,31,31
550613,2,1,1987,4,0,12,0,15,6,0,0,19,0
550613,3,1,1987,0,0,23,0,0,0,7,0,0,0
550614,0,1,1987,0,0,0,0,0,0,0,0,0,0
550614,1,1,1987,0,0,0,0,0,0,0,13,0,0
550615,1,1,1987,16,16,16,16,16,16,16,16,16,16
550616,1,1,1987,0,0,0,0,0,0,0,0,0,0
550616,2,1,1987,0,0,0,0,0,0,0,0,0,0
550617,1,1,1987,0,0,0,0,0,0,0,0,0,0
550618,1,1,1987,27,27,27,27,27,27,27,27,27,27
550618,2,1,1987,8,6,17,19,12,14,31,19,11,21
550619,0,1,1987,31,31,31,31,31,31,31,31,31,31
550619,1,1,1987,0,0,0,15,0,0,0,0,0,0
550620,1,1,1987,13,13,13,13,13,13,13,13,13,13
550621,1,1,1987,0,0,0,0,0,0,0,0,0,0
550621,2,1,1987,0,0,4,0,0,0,0,0,0,0
550622,0,1,1987,31,31,31,31,31,31,31,31,31,31
550622,1,1,1987,0,0,0,0,0,0,0,0,0,0
550623,0,1,1987,0,0,15,0,0,22,0,0,8,0
550623,1,1,1987,17,17,17,17,17,17,17,17,17,17
550624,1,1,1987,21,21,21,21,21,21,21,21,21,21
550625,1,1,1987,0,0,13,0,0,0,0,0,0,0
550625,2,1,1987,0,22,0,0,0,0,0,0,0,0
550626,1,1,1987,0,0,0,0,0,0,0,0,8,0
550626,2,1,1987,0,0,0,0,0,0,0,0,0,22
550627,1,1,1987,0,0,0,0,0,0,0,0,0,0
550628,1,1,1987,0,0,0,0,0,0,0,0,0,0
550629,1,1,1987,12,12,12,12,12,12,12,12,12,12
550630,1,1,1987,0,3,0,0,0,0,0,0,9,0
550630,2,1,1987,0,0,0,0,0,0,0,0,0,0
550632,1,1,1987,0,0,0,0,0,15,0,0,0,0
550632,2,1,1987,0,0,0,0,0,0,0,0,0,0
550633,1,1,1987,21,21,21,21,21,21,21,21,21,21
550634,1,1,1987,21,21,21,21,21,21,21,21,21,21
550635,0,1,1987,15,15,15,15,15,15,15,15,15,15
550635,1,1,1987,12,12,12,12,12,12,12,12,12,12
550636,1,1,1987,5,5,5,5,5,5,5,5,5,5
550636,2,1,1987,0,0,0,0,24,9,0,0,0,5
550637,0,1,1987,28,28,28,28,28,28,28,28,28,28
550637,1,1,1987,0,0,0,0,10,0,0,0,22,0
550638,1,1,1987,0,0,0,0,0,0,0,0,0,0
550638,2,1,1987,25,25,25,25,25,25,25,25,25,25
550639,1,1,1987,0,0,0,0,0,0,0,0,0,0
550640,1,1,1987,29,29,29,29,29,29,29,29,29,29
550641,0,1,1987,6,6,6,6,6,6,6,6,6,6
550641,1,1,1987,0,0,0,0,0,0,10,0,0,0
550642,1,1,1987,20,20,20,20,20,20,20,20,20,20
550643,0,1,1987,25,13,26,21,20,34,32,20,54,24
550643,1,1,1987,0,0,0,0,0,0,0,0,0,0
550644,1,1,1987,0,0,0,0,0,0,0,0,0,0
550645,1,1,1987,28,28,28,28,28,28,28,28,28,28
550646,1,1,1987,0,0,0,0,0,0,0,0,0,0
550646,2,1,1987,0,0,0,0,0,0,0,0,0,0
550647,0,1,1987,0,0,0,0,0,0,0,0,0,0
550647,1,1,1987,0,0,0,16,0,0,0,0,0,0
550648,1,1,1987,18,18,18,18,18,18,18,18,18,18
550649,1,1,1987,0,0,0,0,0,0,0,0,0,0
550649,2,1,1987,0,0,0,0,0,0,0,14,0,0
550650,1,1,1987,11,29,29,12,12,14,17,25,9,11
550651,1,1,1987,11,0,0,0,0,0,0,0,0,0
550651,2,1,1987,0,0,0,0,0,0,0,0,0,0
550651,3,1,1987,0,0,0,0,0,0,0,0,0,0
550652,1,1,1987,0,0,0,0,0,0,7,0,0,0
550652,2,1,1987,24,24,24,24,24,24,24,24,24,24
550653,0,1,1987,0,0,0,0,0,0,0,0,0,0
550653,1,1,1987,0,0,0,0,0,0,0,0,0,0
550654,1,1,1987,0,0,0,0,0,0,0,0,0,0
550655,1,1,1987,11,10,13,12,11,13,19,2,14,9
550656,1,1,1987,0,16,17,0,0,6,0,0,0,8
550657,1,1,1987,8,8,8,8,8,8,8,8,8,8
550658,0,1,1987,0,0,0,0,0,0,0,0,0,0
550658,1,1,1987,0,16,13,0,9,0,0,0,0,0
550659,1,1,1987,17,17,17,17,17,17,17,17,17,17
550660,1,1,1987,30,30,30,30,30,30,30,30,30,30
550662,1,1,1987,16,12,20,19,18,27,14,15,20,25
550662,2,1,1987,15,15,15,15,15,15,15,15,15,15
550663,1,1,1987,0,0,0,0,0,0,0,0,0,0
550663,2,1,1987,0,0,0,0,0,0,0,0,0,0
550664,0,1,1987,22,22,22,22,22,22,22,22,22,22
550664,1,1,1987,0,0,0,0,0,0,0,0,0,0
550664,2,1,1987,11,23,25,0,0,21,9,15,18,0
550664,3,1,1987,11,24,0,19,0,17,0,0,0,0
550665,0,1,1987,6,6,6,6,6,6,6,6,6,6
550665,1,1,1987,7,0,15,0,0,0,11,0,11,0
550666,1,1,1987,14,0,12,0,0,30,0,22,14,25
550666,2,1,1987,22,22,22,22,22,22,22,22,22,22
550667,1,1,1987,0,0,0,0,0,0,0,0,0,0
550668,1,1,1987,25,25,25,25,25,25,25,25,25,25
550669,1,1,1987,2,7,4,12,9,14,8,23,25,17
550670,1,1,1987,0,0,0,0,20,0,0,0,0,0
550670,2,1,1987,0,0,0,0,0,0,0,0,0,0
550671,0,1,1987,0,0,0,0,0,0,0,0,0,0
550671,1,1,1987,10,18,0,0,0,8,21,0,0,0
550672,1,1,1987,0,0,0,0,0,0,0,0,0,0
550673,1,1,1987,20,20,20,20,20,20,20,20,20,20
550674,1,1,1987,0,0,0,0,0,0,0,0,0,0
550674,2,1,1987,0,0,0,0,0,0,0,0,0,0
550674,3,1,1987,0,0,0,0,0,8,0,0,0,0
550675,1,1,1987,0,0,0,0,0,0,0,0,0,0
550676,1,1,1987,0,0,0,0,0,0,0,0,0,0
550677,1,1,1987,0,0,0,0,0,0,0,0,0,0
550677,2,1,1987,0,0,0,0,0,0,0,8,0,0
550678,1,1,1987,0,0,0,0,0,0,0,0,0,0
550678,2,1,1987,0,0,0,0,0,0,0,0,0,0
550679,1,1,1987,30,30,30,30,30,30,30,30,30,30
550680,1,1,1987,29,29,29,29,29,29,29,29,29,29
550681,1,1,1987,20,13,50,0,12,20,19,24,12,0
550681,2,1,1987,19,19,19,19,19,19,19,19,19,19
550682,1,1,1987,5,5,5,5,5,5,5,5,5,5
550682,2,1,1987,0,0,0,0,0,0,0,0,0,0
550683,1,1,1987,0,0,0,0,0,0,0,0,0,0
550683,2,1,1987,0,5,0,0,0,0,14,0,0,0
550684,1,1,1987,10,18,11,29,4,19,7,0,8,12
550684,2,1,1987,0,0,0,0,0,0,0,0,0,0
550685,1,1,1987,0,0,0,0,0,0,0,0,0,0
550685,2,1,1987,11,11,11,11,11,11,11,11,11,11
550686,1,1,1987,9,0,0,0,0,0,0,0,0,0
550686,2,1,1987,0,0,0,0,0,0,0,0,0,0
550687,1,1,1987,0,0,0,0,10,0,0,6,7,0
550687,2,1,1987,0,0,0,0,0,0,0,0,0,0
550688,1,1,1987,14,14,14,14,14,14,14,14,14,14
550688,2,1,1987,0,0,0,0,0,0,0,0,0,0
550689,1,1,1987,23,23,23,23,23,23,23,23,23,23
550690,1,1,1987,0,0,0,0,0,0,0,0,0,0
550690,2,1,1987,0,0,0,0,0,0,9,0,0,0
550691,1,1,1987,0,25,0,0,0,24,0,0,37,0
550692,1,1,1987,13,13,13,13,13,13,13,13,13,13
550693,0,1,1987,7,0,13,27,40,28,0,19,36,29
550693,1,1,1987,9,0,0,0,0,0,0,0,0,0
550694,0,1,1987,18,18,18,18,18,18,18,18,18,18
550694,1,1,1987,0,0,0,0,0,0,0,0,0,31
550695,1,1,1987,22,22,22,22,22,22,22,22,22,22
550696,1,1,1987,21,21,21,21,21,21,21,21,21,21
550696,2,1,1987,0,0,0,0,0,0,0,0,0,13
550697,0,1,1987,0,0,0,0,14,10,0,0,0,0
550697,1,1,1987,3,25,3,23,7,0,15,17,24,18
550698,1,1,1987,2,2,2,2,2,2,2,2,2,2
550698,2,1,1987,0,0,0,0,0,0,0,0,0,0
550699,1,1,1987,0,0,0,0,0,0,0,0,0,0
550699,2,1,1987,0,0,0,0,0,0,0,0,0,0
550700,1,1,1987,0,0,0,0,0,0,0,0,0,0
550700,2,1,1987,0,0,10,0,0,0,0,0,0,0
550700,3,1,1987,0,0,17,38,0,0,0,0,0,0
550701,1,1,1987,4,4,4,4,4,4,4,4,4,4
550702,1,1,1987,0,0,0,0,0,0,29,0,0,0
550702,2,1,1987,0,0,0,0,0,0,0,0,0,0
550703,1,1,1987,0,0,0,0,0,0,0,0,0,0
550703,2,1,1987,0,0,0,0,0,0,0,0,0,0
550704,1,1,1987,14,0,0,0,0,0,0,0,0,0
550704,2,1,1987,0,0,0,0,0,0,0,0,11,0
550705,1,1,1987,0,0,0,0,0,0,0,0,0,0
550705,2,1,1987,0,0,14,0,15,10,0,0,10,9
550706,1,1,1987,0,0,0,6,0,0,0,0,0,0
550706,2,1,1987,0,0,0,0,0,0,0,0,0,0
550707,1,1,1987,18,18,18,18,18,18,18,18,18,18
550707,2,1,1987,8,8,8,8,8,8,8,8,8,8
550708,1,1,1987,0,0,0,0,0,0,0,22,0,0
550708,2,1,1987,0,0,0,0,0,0,0,0,0,0
550709,0,1,1987,7,7,7,7,7,7,7,7,7,7
550709,1,1,1987,0,15,11,17,16,9,0,0,13,0
550710,1,1,1987,0,0,0,0,0,0,0,0,0,0
550710,2,1,1987,29,29,29,29,29,29,29,29,29,29
550711,1,1,1987,0,0,0,0,0,0,0,0,0,0
550711,2,1,1987,0,0,0,0,18,19,11,0,0,0
550712,1,1,1987,0,0,0,0,0,0,0,0,18,0
550712,2,1,1987,0,0,0,0,0,0,0,0,0,0
550712,3,1,1987,0,0,0,14,0,0,0,10,0,0
550713,1,1,1987,0,0,0,0,0,0,0,0,0,0
550714,1,1,1987,0,0,0,0,0,0,0,0,0,0
550715,1,1,1987,25,25,25,25,25,25,25,25,25,25
550715,2,1,1987,6,0,17,12,0,0,12,0,0,0
550716,1,1,1987,0,0,0,0,0,0,0,0,0,0
550716,2,1,1987,0,0,0,0,0,0,0,0,0,0
550717,1,1,1987,0,0,0,0,0,0,0,0,0,0
550717,2,1,1987,0,0,0,0,0,0,0,0,0,0
550718,0,1,1987,0,0,0,2,0,0,20,0,0,0
550718,1,1,1987,0,16,0,2,0,0,15,0,0,0
550719,1,1,1987,0,4,13,0,13,17,0,8,0,18
550719,2,1,1987,0,0,0,0,0,0,0,0,0,0
550720,1,1,1987,4,4,4,4,4,4,4,4,4,4
550721,1,1,1987,20,20,20,20,20,20,20,20,20,20
550722,1,1,1987,0,0,0,0,0,0,0,0,0,0
550722,2,1,1987,0,0,0,0,0,0,0,0,0,0
550723,1,1,1987,0,0,22,0,0,0,0,0,0,0
550723,2,1,1987,0,0,0,0,0,0,0,0,2,0
550724,1,1,1987,0,0,0,0,0,0,0,0,0,0
550724,2,1,1987,0,0,0,0,0,25,0,0,0,0
550725,1,1,1987,0,0,0,0,0,0,0,0,0,0
550725,2,1,1987,0,0,0,0,0,0,0,0,0,0
550726,1,1,1987,0,0,0,25,17,0,0,0,0,15
550727,1,1,1987,0,0,0,0,0,0,0,0,7,0
550727,2,1,1987,0,0,0,0,0,0,21,0,0,0
550728,0,1,1987,26,26,26,26,26,26,26,26,26,26
550728,1,1,1987,0,0,0,16,24,0,0,0,3,0
550729,1,1,1987,0,9,0,21,0,0,0,0,0,0
550729,2,1,1987,0,0,0,0,0,0,0,0,0,0
550730,1,1,1987,7,0,0,0,0,0,0,0,22,0
550730,2,1,1987,0,0,0,0,0,0,0,0,0,0
550732,0,1,1987,0,0,0,0,0,0,0,0,0,0
550732,1,1,1987,0,0,0,0,0,0,0,0,0,0
550734,1,1,1987,0,0,0,0,0,0,0,0,0,0
550734,2,1,1987,0,0,0,0,0,0,0,0,0,0
550735,0,1,1987,0,0,0,0,0,0,0,0,0,0
550735,0,2,1987,0,0,0,0,0,0,0,0,0,0
550735,1,1,1987,8,0,0,26,0,0,12,9,14,11
550736,1,1,1987,0,0,0,0,0,0,0,0,0,0
550736,2,1,1987,0,0,0,0,0,0,0,0,0,0
550737,1,1,1987,0,0,0,0,0,0,0,0,0,0
550737,2,1,1987,0,8,0,0,0,0,0,0,0,0
550737,3,1,1987,0,0,0,0,0,15,0,0,0,0
550738,1,1,1987,0,0,0,0,0,0,0,0,20,0
550738,2,1,1987,0,0,0,0,0,0,0,0,0,0
550738,3,1,1987,0,0,0,0,0,0,0,0,0,0
550739,0,1,1987,0,0,0,0,0,0,0,0,0,0
550739,1,1,1987,0,0,0,0,0,0,0,0,0,0
550740,1,1,1987,13,13,13,13,13,13,13,13,13,13
550741,1,1,1987,0,0,19,16,11,0,14,19,11,15
550742,1,1,1987,0,0,0,0,0,0,0,0,0,0
550742,2,1,1987,0,0,0,0,0,0,0,0,0,0
560002,1,1,1987,0,0,0,0,0,0,0,0,0,0
560003,1,1,1987,0,0,2,0,14,0,0,0,0,0
560004,1,1,1987,7,7,7,7,7,7,7,7,7,7
560005,1,1,1987,15,15,15,15,15,15,15,15,15,15
560006,1,1,1987,11,11,11,11,11,11,11,11,11,11
560007,1,1,1987,0,0,0,2,0,0,0,0,0,0
560007,2,1,1987,36,36,36,36,36,36,36,36,36,36
560008,0,1,1987,22,22,22,22,22,22,22,22,22,22
560008,1,1,1987,14,0,0,7,7,0,0,0,0,0
560009,1,1,1987,0,0,0,0,0,0,0,0,0,0
560009,2,1,1987,0,0,0,0,0,0,0,0,0,0
560010,1,1,1987,0,0,0,0,0,0,0,0,0,0
560010,2,1,1987,0,0,0,0,0,0,9,0,14,0
560011,1,1,1987,0,0,0,0,0,0,0,0,0,0
560013,1,1,1987,0,3,0,0,0,16,0,25,0,36
560015,1,1,1987,11,11,11,11,11,11,11,11,11,11
560016,1,1,1987,0,0,0,0,0,0,0,0,0,0
560016,2,1,1987,0,0,0,0,0,0,0,0,0,0
560017,1,1,1987,0,0,0,0,0,0,0,24,0,0
560017,2,1,1987,0,0,0,0,0,0,0,0,0,0
560018,0,1,1987,0,0,0,0,0,0,0,0,0,0
560018,0,2,1987,0,0,0,0,0,0,0,0,0,0
560018,1,1,1987,0,0,0,0,0,0,0,0,0,0
560019,0,1,1987,1,1,1,1,1,1,1,1,1,1
560019,1,1,1987,8,0,7,4,0,11,0,0,0,0
560020,1,1,1987,18,18,18,18,18,18,18,18,18,18
560021,1,1,1987,0,0,0,0,0,0,0,0,0,0
560022,1,1,1987,0,0,0,0,0,0,0,0,0,0
560023,1,1,1987,22,22,22,22,22,22,22,22,22,22
560024,1,1,1987,8,8,8,8,8,8,8,8,8,8
560025,1,1,1987,23,23,23,23,23,23,23,23,23,23
560026,1,1,1987,23,23,23,23,23,23,23,23,23,23
560027,1,1,1987,0,0,0,0,0,0,0,0,0,0
560028,1,1,1987,0,0,0,0,0,0,0,0,0,0
560029,1,1,1987,22,22,22,22,22,22,22,22,22,22
560030,1,1,1987,13,13,13,13,13,13,13,13,13,13
560031,1,1,1987,4,4,4,4,4,4,4,4,4,4
560032,1,1,1987,12,12,12,12,12,12,12,12,12,12
560033,1,1,1987,15,0,0,0,0,0,18,13,0,0
560034,1,1,1987,6,6,6,6,6,6,6,6,6,6
560035,1,1,1987,0,0,0,0,10,0,0,0,0,0
560035,2,1,1987,0,0,0,0,0,0,0,0,0,0
560036,1,1,1987,17,17,17,17,17,17,17,17,17,17
560037,1,1,1987,0,0,0,0,0,0,0,0,0,0
560038,1,1,1987,13,13,13,13,13,13,13,13,13,13
560039,1,1,1987,27,27,27,27,27,27,27,27,27,27
560040,1,1,1987,0,0,0,0,0,0,0,0,0,0
560041,1,1,1987,0,0,0,0,0,0,0,0,0,0
560041,2,1,1987,0,0,0,0,0,0,0,0,0,0
560042,1,1,1987,17,17,17,17,17,17,17,17,17,17
560043,1,1,1987,7,7,7,7,7,7,7,7,7,7
560043,2,1,1987,0,0,0,0,0,0,0,0,0,0
560043,3,1,1987,0,0,0,0,0,0,0,0,0,0
560044,1,1,1987,25,25,25,25,25,25,25,25,25,25
560045,1,1,1987,34,34,34,34,34,34,34,34,34,34
560046,1,1,1987,0,0,0,0,0,0,0,0,0,0
560047,1,1,1987,0,0,0,0,0,0,0,0,0,0
560048,1,1,1987,16,16,16,16,16,16,16,16,16,16
560049,1,1,1987,18,18,18,18,18,18,18,18,18,18
560050,1,1,1987,0,0,0,0,0,0,0,0,0,0
560051,1,1,1987,19,19,19,19,19,19,19,19,19,19
560052,1,1,1987,15,15,15,15,15,15,15,15,15,15
560052,2,1,1987,0,0,0,0,0,0,0,0,0,0
560053,1,1,1987,16,19,39,26,26,17,25,30,31,19
560054,1,1,1987,23,13,25,25,24,31,29,20,23,17
560055,1,1,1987,0,0,0,0,0,0,0,0,0,0
560055,2,1,1987,0,0,0,0,0,0,0,0,0,0
560056,1,1,1987,17,20,21,10,0,33,18,17,16,0
560057,1,1,1987,23,23,23,23,23,23,23,23,23,23
560058,1,1,1987,0,0,0,0,0,0,0,0,0,0
560059,1,1,1987,0,0,0,0,0,0,0,0,0,0
560060,1,1,1987,0,0,0,0,0,0,0,0,0,0
560061,0,1,1987,0,0,0,0,0,0,0,0,0,0
560061,1,1,1987,0,0,0,0,0,0,0,0,0,0
560062,1,1,1987,7,0,0,8,14,0,0,10,0,17
560063,1,1,1987,18,0,27,0,5,0,15,12,18,0
560064,1,1,1987,13,13,13,13,13,13,13,13,13,13
560065,1,1,1987,14,14,14,14,14,14,14,14,14,14
560066,1,1,1987,0,0,0,0,0,0,0,0,0,0
560067,1,1,1987,0,0,0,0,0,0,0,0,0,0
560068,1,1,1987,28,28,28,28,28,28,28,28,28,28
560069,1,1,1987,36,36,36,36,36,36,36,36,36,36
560069,2,1,1987,0,0,0,0,0,0,0,0,0,0
560070,1,1,1987,23,23,23,23,23,23,23,23,23,23
560071,0,1,1987,0,0,0,0,0,0,0,0,0,0
560071,1,1,1987,9,9,9,9,9,9,9,9,9,9
560072,1,1,1987,0,0,0,0,0,0,0,0,0,0
560073,1,1,1987,0,0,0,0,0,0,0,0,0,0
560074,1,1,1987,18,0,18,0,0,0,0,0,0,0
560075,1,1,1987,0,11,0,0,0,0,0,0,0,0
560076,1,1,1987,0,0,0,0,0,0,0,0,0,0
560076,2,1,1987,0,0,0,0,0,0,0,0,0,0
560077,1,1,1987,0,0,0,0,0,0,0,0,0,0
560078,1,1,1987,0,0,0,0,0,0,0,0,0,0
560078,2,1,1987,10,10,10,10,10,10,10,10,10,10
560079,1,1,1987,19,19,19,19,19,19,19,19,19,19
560079,2,1,1987,0,0,0,0,0,0,0,0,0,0
560080,1,1,1987,0,0,0,0,0,0,0,0,0,0
560081,1,1,1987,9,9,9,9,9,9,9,9,9,9
560082,1,1,1987,0,0,0,0,0,0,0,0,0,0
560082,2,1,1987,0,0,0,0,0,0,0,0,0,0
560083,1,1,1987,25,25,25,25,25,25,25,25,25,25
560084,1,1,1987,0,0,0,0,0,0,0,0,0,0
560085,1,1,1987,0,0,0,0,0,0,0,0,0,0
560085,2,1,1987,0,0,0,0,0,0,0,0,0,0
560086,1,1,1987,3,3,3,3,3,3,3,3,3,3
560086,2,1,1987,0,0,0,0,0,0,0,0,0,0
560087,1,1,1987,0,0,0,0,0,0,0,0,0,0
560088,1,1,1987,0,0,0,0,0,0,0,0,0,0
560089,1,1,1987,29,29,29,29,29,29,29,29,29,29
560090,1,1,1987,0,10,9,9,0,18,14,16,0,7
560091,1,1,1987,23,23,23,23,23,23,23,23,23,23
560092,1,1,1987,19,19,19,19,19,19,19,19,19,19
560092,2,1,1987,0,0,0,0,0,0,0,0,0,0
560093,1,1,1987,13,13,13,13,13,13,13,13,13,13
560094,1,1,1987,6,6,6,6,6,6,6,6,6,6
560095,1,1,1987,0,0,0,0,0,0,0,0,0,0
560095,2,1,1987,0,0,0,0,0,0,0,0,0,0
560096,1,1,1987,0,0,0,0,0,0,0,0,0,0
560097,1,1,1987,28,28,28,28,28,28,28,28,28,28
560098,1,1,1987,0,0,0,0,0,0,0,0,0,0
560099,1,1,1987,0,0,0,0,0,0,0,0,0,0
560099,2,1,1987,0,0,0,0,0,0,0,0,0,0
560100,1,1,1987,0,0,0,0,0,0,0,0,0,0
560100,2,1,1987,0,0,0,0,0,0,0,0,0,0
560101,1,1,1987,8,8,8,8,8,8,8,8,8,8
560102,1,1,1987,25,0,0,0,0,0,0,0,0,0
560102,2,1,1987,0,0,0,0,0,0,0,0,0,0
560103,1,1,1987,21,21,21,21,21,21,21,21,21,21
560104,1,1,1987,24,24,24,24,24,24,24,24,24,24
560105,1,1,1987,0,0,0,0,0,0,0,0,0,0
560106,1,1,1987,0,0,0,0,0,0,0,0,0,0
560107,1,1,1987,24,24,24,24,24,24,24,24,24,24
560108,1,1,1987,0,0,0,0,0,0,0,0,0,0
560109,1,1,1987,4,0,0,0,0,0,0,0,15,0
560109,2,1,1987,0,0,0,0,0,0,0,0,0,0
560110,1,1,1987,16,16,16,16,16,16,16,16,16,16
560111,1,1,1987,0,0,0,0,0,0,0,0,0,0
560111,2,1,1987,0,0,0,0,0,0,0,0,0,0
560111,3,1,1987,0,0,0,0,0,0,0,0,0,0
560112,1,1,1987,0,0,0,0,0,0,0,0,0,0
560113,1,1,1987,0,0,0,0,0,0,0,0,0,0
560114,1,1,1987,22,22,22,22,22,22,22,22,22,22
560114,2,1,1987,0,0,0,0,0,0,0,0,0,0