ST_CASE,VEH_NO,PER_NO,YEAR,P1,P2,P3,P4,P5,P6,P7,P8,P9,P10
60001,1,1,1987,10,10,10,10,10,10,10,10,10,10
60002,0,1,1987,21,21,21,21,21,21,21,21,21,21
60002,1,1,1987,22,0,0,0,0,11,0,0,0,0
60003,1,1,1987,21,21,21,21,21,21,21,21,21,21
60003,2,1,1987,16,16,16,16,16,16,16,16,16,16
60004,1,1,1987,0,0,0,0,0,0,0,10,0,0
60004,2,1,1987,0,0,0,0,0,0,12,0,0,0
60005,1,1,1987,0,0,0,0,0,0,0,0,0,0
60006,1,1,1987,0,0,0,0,0,0,0,0,0,0
60006,2,1,1987,0,10,13,0,15,11,0,11,13,0
60007,1,1,1987,0,0,12,0,6,0,0,0,0,0
60007,2,1,1987,0,0,13,0,0,0,0,0,0,0
60008,0,1,1987,8,8,8,8,8,8,8,8,8,8
60008,1,1,1987,0,0,0,0,0,0,0,0,0,0
60009,1,1,1987,17,17,17,17,17,17,17,17,17,17
60010,1,1,1987,21,21,21,21,21,21,21,21,21,21
60011,1,1,1987,0,0,0,0,0,0,0,0,0,0
60011,2,1,1987,0,0,0,0,0,0,0,0,0,0
60011,3,1,1987,0,0,0,0,0,0,0,0,0,0
60012,1,1,1987,0,0,0,0,0,0,0,0,0,0
60012,2,1,1987,0,0,0,0,0,0,0,0,0,0
60012,3,1,1987,0,0,0,0,0,0,0,0,0,0
60013,1,1,1987,0,0,0,0,0,0,0,0,0,0
60014,1,1,1987,0,0,0,0,0,0,0,0,0,0
60014,2,1,1987,0,0,15,0,0,0,0,0,0,0
60015,1,1,1987,34,34,34,34,34,34,34,34,34,34
60016,1,1,1987,22,22,22,22,22,22,22,22,22,22
60017,1,1,1987,30,30,30,30,30,30,30,30,30,30
60017,2,1,1987,0,0,0,0,0,0,0,0,0,0
60018,1,1,1987,21,21,21,21,21,21,21,21,21,21
60019,1,1,1987,0,0,0,0,0,0,0,0,0,0
60020,0,1,1987,0,0,0,0,0,0,0,0,0,0
60020,1,1,1987,8,0,0,20,0,0,0,0,10,0
60021,1,1,1987,0,0,0,0,0,0,0,0,0,0
60021,2,1,1987,0,0,0,0,0,0,0,0,0,0
60021,3,1,1987,0,0,0,0,0,0,0,0,0,0
60022,1,1,1987,0,0,0,0,0,0,0,0,0,0
60022,2,1,1987,0,0,0,0,0,0,0,16,0,0
60023,0,1,1987,0,0,0,0,0,0,0,0,0,0
60023,1,1,1987,0,40,0,26,0,15,0,0,0,27
60024,1,1,1987,13,13,13,13,13,13,13,13,13,13
60025,1,1,1987,26,26,26,26,26,26,26,26,26,26
60026,1,1,1987,7,7,7,7,7,7,7,7,7,7
60027,1,1,1987,18,18,18,18,18,18,18,18,18,18
60028,0,1,1987,25,25,25,25,25,25,25,25,25,25
60028,1,1,1987,20,19,21,15,5,25,7,18,16,12
60029,0,1,1987,0,0,0,0,0,0,0,0,0,0
60029,1,1,1987,0,0,0,0,0,0,0,0,0,0
60030,1,1,1987,0,0,0,0,0,0,0,0,0,0
60030,2,1,1987,0,0,0,0,0,0,0,0,0,0
60031,1,1,1987,0,0,0,0,0,0,0,0,0,0
60032,1,1,1987,0,0,0,0,0,0,0,0,0,0
60033,1,1,1987,0,0,0,0,0,0,0,0,0,0
60033,2,1,1987,0,0,0,0,0,0,0,0,0,0
60033,3,1,1987,0,0,0,0,0,0,0,0,0,0
60034,1,1,1987,0,0,0,0,0,0,0,0,0,0
60034,2,1,1987,0,0,0,0,0,0,0,0,0,0
60035,1,1,1987,22,22,22,22,22,22,22,22,22,22
60035,2,1,1987,0,0,3,14,0,0,0,0,0,0
60036,1,1,1987,25,25,25,25,25,25,25,25,25,25
60037,1,1,1987,7,7,7,7,7,7,7,7,7,7
60037,2,1,1987,0,0,0,0,0,0,0,0,0,0
60038,1,1,1987,17,17,17,17,17,17,17,17,17,17
60039,1,1,1987,0,0,0,0,0,0,0,0,0,0
60040,0,1,1987,0,0,0,0,0,0,0,0,0,0
60040,1,1,1987,0,0,0,0,0,0,0,0,0,0
60041,1,1,1987,0,0,0,0,0,0,0,0,0,7
60041,2,1,1987,0,0,0,0,0,0,0,0,0,0
60042,1,1,1987,19,19,19,19,19,19,19,19,19,19
60042,2,1,1987,0,0,0,0,0,11,0,10,0,0
60043,1,1,1987,16,16,16,16,16,16,16,16,16,16
60043,2,1,1987,7,7,7,7,7,7,7,7,7,7
60044,0,1,1987,31,31,31,31,31,31,31,31,31,31
60044,1,1,1987,14,13,0,0,0,15,0,0,10,9
60045,1,1,1987,11,11,11,11,11,11,11,11,11,11
60046,1,1,1987,26,26,26,26,26,26,26,26,26,26
60046,2,1,1987,0,19,0,15,0,0,22,0,0,0
60047,1,1,1987,0,0,0,0,0,0,0,0,0,0
60048,1,1,1987,0,0,0,0,0,0,0,0,0,0
60049,1,1,1987,0,0,0,0,0,0,0,0,0,0
60049,2,1,1987,0,0,0,0,0,0,0,0,0,0
60050,1,1,1987,13,13,13,13,13,13,13,13,13,13
60050,2,1,1987,13,13,13,13,13,13,13,13,13,13
60051,1,1,1987,0,0,0,0,0,0,0,0,0,0
60051,2,1,1987,0,0,0,0,0,0,0,0,0,0
60052,1,1,1987,20,20,20,20,20,20,20,20,20,20
60053,1,1,1987,0,31,9,0,22,0,0,0,16,0
60054,1,1,1987,0,0,0,0,0,0,0,0,0,0
60054,2,1,1987,0,0,0,0,0,0,0,0,11,0
60055,1,1,1987,5,5,5,5,5,5,5,5,5,5
60056,0,1,1987,0,0,0,0,0,0,0,0,0,0
60056,1,1,1987,0,0,0,0,0,0,0,0,0,0
60057,1,1,1987,0,0,0,0,0,0,0,0,0,0
60057,2,1,1987,5,5,5,5,5,5,5,5,5,5
60058,1,1,1987,5,5,5,5,5,5,5,5,5,5
60059,1,1,1987,0,0,0,12,0,0,0,0,0,0
60059,2,1,1987,0,0,0,0,0,0,0,0,0,0
60060,1,1,1987,0,0,0,0,0,0,0,0,0,0
60060,2,1,1987,0,0,0,0,0,0,0,0,0,0
60061,0,1,1987,0,0,0,0,0,0,0,0,0,0
60061,1,1,1987,0,0,0,0,0,0,0,0,16,0
60062,0,1,1987,0,0,0,0,0,0,0,0,0,0
60062,1,1,1987,0,0,0,0,14,0,0,0,0,0
60063,1,1,1987,7,7,7,7,7,7,7,7,7,7
60064,1,1,1987,19,19,19,19,19,19,19,19,19,19
60064,2,1,1987,0,0,0,0,0,0,0,0,0,0
60065,1,1,1987,0,0,0,0,0,0,0,0,0,0
60065,2,1,1987,0,0,0,0,0,0,0,0,0,0
60066,0,1,1987,0,0,0,20,0,0,0,7,0,0
60066,0,2,1987,0,0,0,0,0,0,0,0,0,0
60066,1,1,1987,0,0,0,0,0,0,0,0,0,0
60067,0,1,1987,0,0,0,0,0,0,0,0,0,0
60067,1,1,1987,0,0,0,0,0,0,0,0,0,0
60068,1,1,1987,0,0,0,0,0,0,0,0,0,0
60068,2,1,1987,0,0,0,0,0,0,0,0,0,0
60068,3,1,1987,0,0,0,0,0,0,0,0,0,0
60069,0,1,1987,0,0,0,0,0,0,0,8,0,0
60069,1,1,1987,0,0,16,0,0,0,0,0,0,0
60070,1,1,1987,8,8,8,8,8,8,8,8,8,8
60070,2,1,1987,0,0,0,0,0,0,0,0,0,0
60071,1,1,1987,0,0,0,0,0,0,0,0,0,0
60072,1,1,1987,0,0,0,0,0,0,0,0,0,0
60073,1,1,1987,0,0,0,0,0,0,0,0,0,0
60074,1,1,1987,26,26,26,26,26,26,26,26,26,26
60075,1,1,1987,18,18,18,18,18,18,18,18,18,18
60076,1,1,1987,0,0,0,0,0,0,0,0,0,0
60077,1,1,1987,1,1,1,1,1,1,1,1,1,1
60077,2,1,1987,2,2,2,2,2,2,2,2,2,2
60078,1,1,1987,0,0,0,0,0,0,0,0,0,0
60079,0,1,1987,22,22,22,22,22,22,22,22,22,22
60079,1,1,1987,0,12,0,0,0,16,0,0,14,0
60080,1,1,1987,21,21,21,21,21,21,21,21,21,21
60081,1,1,1987,6,6,6,6,6,6,6,6,6,6
60082,1,1,1987,22,22,22,22,22,22,22,22,22,22
60083,1,1,1987,0,0,0,0,0,0,0,0,0,0
60083,2,1,1987,0,0,0,0,0,0,0,0,0,0
60084,1,1,1987,3,3,3,3,3,3,3,3,3,3
60084,2,1,1987,0,0,0,0,0,0,0,0,0,0
60085,1,1,1987,11,11,11,11,11,11,11,11,11,11
60086,1,1,1987,33,33,33,33,33,33,33,33,33,33
60087,1,1,1987,25,25,25,25,25,25,25,25,25,25
60087,2,1,1987,0,0,0,0,0,0,0,0,0,0
60088,0,1,1987,14,14,14,14,14,14,14,14,14,14
60088,1,1,1987,0,12,0,0,0,0,0,0,0,0
60089,1,1,1987,26,26,26,26,26,26,26,26,26,26
60090,1,1,1987,21,21,21,21,21,21,21,21,21,21
60090,2,1,1987,0,0,0,0,0,0,0,0,0,0
60090,3,1,1987,0,0,0,0,0,0,0,0,13,0
60091,0,1,1987,18,18,18,18,18,18,18,18,18,18
60091,1,1,1987,0,0,0,0,0,0,0,0,0,0
60092,1,1,1987,15,15,15,15,15,15,15,15,15,15
60093,1,1,1987,29,29,29,29,29,29,29,29,29,29
60094,1,1,1987,0,0,0,0,0,0,0,0,0,0
60095,1,1,1987,16,16,16,16,16,16,16,16,16,16
60096,1,1,1987,12,12,12,12,12,12,12,12,12,12
60097,1,1,1987,15,15,15,15,15,15,15,15,15,15
60098,1,1,1987,0,0,0,0,0,0,0,0,0,0
60098,2,1,1987,7,0,0,0,0,0,0,0,17,0
60099,1,1,1987,22,0,16,15,11,5,12,13,9,9
60099,2,1,1987,0,0,0,9,20,0,0,0,0,21
60099,3,1,1987,0,0,0,0,0,0,0,0,0,0
60100,1,1,1987,0,0,0,0,0,0,0,0,0,0
60101,1,1,1987,14,14,14,14,14,14,14,14,14,14
60101,2,1,1987,0,0,0,0,0,0,0,0,0,0
60102,1,1,1987,0,0,0,0,0,0,0,0,0,0
60102,2,1,1987,0,0,0,0,0,0,6,0,0,0
60103,1,1,1987,21,21,21,21,21,21,21,21,21,21
60103,2,1,1987,0,0,0,0,0,0,0,0,0,0
60104,1,1,1987,0,0,0,0,0,0,0,0,0,0
60105,1,1,1987,10,21,35,13,9,8,23,14,17,10
60106,1,1,1987,0,0,0,0,0,25,25,0,26,30
60107,1,1,1987,33,33,33,33,33,33,33,33,33,33
60108,1,1,1987,17,17,17,17,17,17,17,17,17,17
60108,2,1,1987,0,0,0,0,0,0,0,0,0,0
60109,0,1,1987,0,0,0,0,0,0,0,0,0,0
60109,1,1,1987,0,0,0,0,0,0,0,0,0,0
60110,1,1,1987,13,13,13,13,13,13,13,13,13,13
60111,1,1,1987,12,12,12,12,12,12,12,12,12,12
60111,2,1,1987,0,0,0,0,0,0,0,0,0,0
60111,3,1,1987,0,0,0,0,0,0,0,0,0,0
60112,1,1,1987,14,14,14,14,14,14,14,14,14,14
60113,1,1,1987,8,8,8,8,8,8,8,8,8,8
60114,1,1,1987,27,27,27,27,27,27,27,27,27,27
60115,1,1,1987,0,0,0,0,0,0,0,0,0,0
60116,1,1,1987,3,3,3,3,3,3,3,3,3,3
60117,1,1,1987,14,14,14,14,14,14,14,14,14,14
60117,2,1,1987,21,21,21,21,21,21,21,21,21,21
60118,0,1,1987,0,0,0,0,0,0,0,0,0,0
60118,1,1,1987,0,0,0,0,0,0,0,0,0,0
60119,1,1,1987,22,22,22,22,22,22,22,22,22,22
60120,1,1,1987,0,0,0,0,0,0,0,0,0,0
60120,2,1,1987,0,0,12,0,0,0,0,0,0,0
60121,1,1,1987,0,0,0,0,0,0,0,0,0,0
60122,1,1,1987,19,19,19,19,19,19,19,19,19,19
60123,1,1,1987,0,0,0,0,0,0,0,0,0,0
60124,0,1,1987,0,0,0,0,0,0,0,0,0,0
60124,1,1,1987,0,0,0,0,0,0,0,0,0,0
60125,0,1,1987,0,0,0,0,0,0,0,0,0,0
60125,1,1,1987,0,0,0,0,0,0,0,0,0,0
60126,1,1,1987,13,13,13,13,13,13,13,13,13,13
60127,1,1,1987,0,0,0,0,0,0,0,0,0,0
60127,2,1,1987,0,0,29,0,0,0,0,0,0,0
60128,1,1,1987,0,0,0,0,0,0,0,0,0,0
60129,1,1,1987,0,0,0,0,0,16,0,0,0,0
60129,2,1,1987,0,0,0,0,0,0,0,0,0,0
60130,1,1,1987,22,22,22,22,22,22,22,22,22,22
60130,2,1,1987,0,0,0,0,12,19,0,0,0,0
60131,1,1,1987,21,21,21,21,21,21,21,21,21,21
60131,2,1,1987,2,2,2,2,2,2,2,2,2,2
60132,1,1,1987,0,0,0,0,0,0,0,0,0,0
60132,2,1,1987,0,0,0,0,0,0,0,0,0,0
60133,1,1,1987,0,0,0,0,0,0,0,0,0,0
60133,2,1,1987,0,0,0,0,0,0,0,0,0,0
60134,1,1,1987,10,0,13,0,3,0,4,2,26,0
60135,1,1,1987,21,21,21,21,21,21,21,21,21,21
60136,1,1,1987,19,19,19,19,19,19,19,19,19,19
60136,2,1,1987,16,16,16,16,16,16,16,16,16,16
60137,0,1,1987,0,0,0,0,0,0,0,0,0,0
60137,1,1,1987,0,36,0,0,0,0,0,0,0,0
60138,1,1,1987,0,0,0,0,0,0,0,0,0,0
60139,1,1,1987,14,14,14,14,14,14,14,14,14,14
60140,1,1,1987,9,9,9,9,9,9,9,9,9,9
60141,1,1,1987,13,13,13,13,13,13,13,13,13,13
60142,1,1,1987,5,5,5,5,5,5,5,5,5,5
60142,2,1,1987,0,0,0,0,0,0,0,0,0,0
60143,0,1,1987,0,0,0,0,0,0,0,0,0,0
60143,1,1,1987,0,0,0,0,0,0,0,0,0,0
60144,1,1,1987,0,0,0,0,0,0,0,0,0,0
60145,0,1,1987,5,0,5,0,0,0,0,0,0,0
60145,1,1,1987,0,0,0,0,0,0,0,0,0,0
60146,1,1,1987,16,16,16,16,16,16,16,16,16,16
60147,1,1,1987,0,0,0,0,0,0,0,0,0,0
60147,2,1,1987,0,0,0,0,0,0,0,0,0,0
60148,1,1,1987,0,0,0,0,0,0,0,0,0,0
60149,1,1,1987,0,0,0,0,0,0,0,0,0,0
60150,1,1,1987,0,0,0,0,0,0,0,0,0,0
60150,2,1,1987,0,0,0,0,0,0,14,0,0,0
60151,0,1,1987,37,37,37,37,37,37,37,37,37,37
60151,1,1,1987,0,0,0,0,0,0,0,0,0,0
60152,1,1,1987,0,0,0,0,0,0,0,0,0,0
60152,2,1,1987,0,0,0,0,0,0,0,0,0,0
60153,1,1,1987,31,31,31,31,31,31,31,31,31,31
60154,1,1,1987,9,9,9,9,9,9,9,9,9,9
60154,2,1,1987,13,8,0,14,0,0,0,35,0,15
60155,0,1,1987,17,17,17,17,17,17,17,17,17,17
60155,1,1,1987,0,0,0,0,0,0,0,0,0,0
60156,1,1,1987,0,0,0,0,0,0,0,0,0,0
60156,2,1,1987,0,0,0,0,0,0,0,0,0,0
60157,1,1,1987,33,33,33,33,33,33,33,33,33,33
60158,1,1,1987,0,0,0,0,0,0,0,0,0,0
60158,2,1,1987,0,0,0,0,0,0,0,0,0,0
60159,1,1,1987,14,14,14,14,14,14,14,14,14,14
60159,2,1,1987,12,12,12,12,12,12,12,12,12,12
60160,1,1,1987,0,0,0,0,0,0,0,0,0,0
60160,2,1,1987,0,0,0,0,0,0,0,0,0,0
60161,1,1,1987,20,20,20,20,20,20,20,20,20,20
60162,1,1,1987,0,0,0,20,0,0,0,0,0,0
60162,2,1,1987,0,0,0,0,9,0,0,0,0,0
60163,1,1,1987,0,0,0,0,0,0,0,12,13,0
60163,2,1,1987,18,13,11,13,15,10,25,12,6,0
60163,3,1,1987,0,0,0,0,0,0,0,0,0,0
60164,1,1,1987,0,0,0,0,0,0,0,12,0,0
60165,1,1,1987,18,18,18,18,18,18,18,18,18,18
60165,2,1,1987,0,0,0,0,0,0,0,0,0,0
60166,1,1,1987,0,0,0,0,0,0,0,0,0,0
60166,2,1,1987,0,0,0,0,0,0,0,0,0,0
60167,1,1,1987,0,8,0,0,0,0,0,0,0,0
60167,2,1,1987,0,0,0,0,0,0,0,0,0,0
60168,1,1,1987,14,14,14,14,14,14,14,14,14,14
60169,0,1,1987,0,0,0,0,0,0,0,0,0,0
60169,1,1,1987,0,0,0,0,0,0,0,0,0,0
60170,1,1,1987,0,0,0,0,0,0,0,0,0,0
60170,2,1,1987,0,0,0,0,0,0,0,0,0,0
60171,0,1,1987,44,44,44,44,44,44,44,44,44,44
60171,1,1,1987,27,27,27,27,27,27,27,27,27,27
60172,1,1,1987,5,5,5,5,5,5,5,5,5,5
60174,1,1,1987,22,28,22,0,0,0,13,0,9,0
60174,2,1,1987,15,15,15,15,15,15,15,15,15,15
60175,1,1,1987,17,17,17,17,17,17,17,17,17,17
60176,1,1,1987,0,0,0,0,0,0,0,0,0,0
60176,2,1,1987,0,0,0,0,0,0,0,0,0,0
60177,0,1,1987,12,5,0,7,3,0,0,8,6,0
60177,1,1,1987,24,24,24,24,24,24,24,24,24,24
60178,0,1,1987,0,0,0,0,0,0,0,0,0,0
60178,1,1,1987,0,0,0,0,0,0,0,0,0,0
60179,1,1,1987,0,0,20,0,0,0,0,0,0,0
60179,2,1,1987,6,6,6,6,6,6,6,6,6,6
60180,0,1,1987,0,0,0,0,0,0,0,0,0,0
60180,1,1,1987,0,0,0,21,0,0,0,0,0,0
60181,0,1,1987,0,0,0,6,0,0,0,8,0,0
60181,0,2,1987,0,0,0,0,0,0,0,0,0,0
60181,1,1,1987,21,21,21,21,21,21,21,21,21,21
60182,1,1,1987,19,19,19,19,19,19,19,19,19,19
60183,1,1,1987,14,14,14,14,14,14,14,14,14,14
60184,1,1,1987,0,0,0,0,0,0,0,0,0,0
60184,2,1,1987,0,0,0,0,0,0,0,0,0,0
60184,3,1,1987,0,0,0,0,0,0,0,0,0,0
60185,1,1,1987,7,7,7,7,7,7,7,7,7,7
60186,1,1,1987,15,15,15,15,15,15,15,15,15,15
60186,2,1,1987,0,0,0,0,0,0,0,0,0,0
60187,1,1,1987,27,20,5,37,15,23,24,21,30,9
60188,1,1,1987,19,19,19,19,19,19,19,19,19,19
60188,2,1,1987,0,0,0,0,0,0,10,0,0,0
60189,1,1,1987,0,0,0,0,0,11,0,0,0,0
60190,1,1,1987,2,2,2,2,2,2,2,2,2,2
60190,2,1,1987,0,0,0,0,0,0,0,0,0,0
60191,1,1,1987,16,16,16,16,16,16,16,16,16,16
60192,1,1,1987,26,26,26,26,26,26,26,26,26,26
60193,0,1,1987,0,0,0,0,0,0,0,0,0,0
60193,1,1,1987,0,0,0,0,0,0,0,0,0,0
60194,1,1,1987,0,0,0,0,0,0,0,0,0,0
60195,1,1,1987,15,15,15,15,15,15,15,15,15,15
60195,2,1,1987,0,0,0,0,0,0,0,0,0,12
60196,1,1,1987,0,0,0,0,2,0,0,0,0,0
60197,0,1,1987,0,0,0,0,0,0,0,0,0,0
60197,1,1,1987,0,0,0,0,0,0,0,0,0,0
60198,1,1,1987,9,9,9,9,9,9,9,9,9,9
60199,1,1,1987,0,0,0,0,0,0,8,0,0,0
60199,2,1,1987,0,0,0,0,0,0,0,0,0,0
60200,1,1,1987,11,11,11,11,11,11,11,11,11,11
60201,1,1,1987,27,27,27,27,27,27,27,27,27,27
60202,1,1,1987,0,0,0,0,0,0,0,0,0,0
60203,1,1,1987,8,8,8,8,8,8,8,8,8,8
60203,2,1,1987,0,0,0,0,0,0,0,0,0,0
60203,3,1,1987,0,0,0,0,0,0,0,0,0,0
60204,1,1,1987,17,17,17,17,17,17,17,17,17,17
60205,0,1,1987,0,19,0,5,30,28,28,2,20,32
60205,1,1,1987,11,25,0,9,5,0,0,0,0,27
60206,1,1,1987,13,13,13,13,13,13,13,13,13,13
60207,1,1,1987,0,0,0,0,0,0,0,0,0,0
60207,2,1,1987,0,0,0,0,0,0,0,0,0,0
60207,3,1,1987,0,0,0,0,0,0,0,0,0,0
60208,1,1,1987,0,0,0,0,0,0,0,0,0,0
60208,2,1,1987,0,0,0,0,0,0,0,0,0,0
60209,1,1,1987,0,0,0,0,0,0,0,0,0,0
60210,1,1,1987,17,17,17,17,17,17,17,17,17,17
60210,2,1,1987,23,23,23,23,23,23,23,23,23,23
60211,1,1,1987,0,0,0,0,0,0,0,0,0,0
60212,1,1,1987,0,0,0,0,0,0,0,0,0,0
60212,2,1,1987,0,7,0,0,0,0,6,0,0,0
60212,3,1,1987,0,0,0,0,0,0,0,0,0,0
60212,4,1,1987,0,0,0,0,0,0,0,0,0,0
60213,1,1,1987,11,11,11,11,11,11,11,11,11,11
60213,2,1,1987,14,14,14,14,14,14,14,14,14,14
60214,1,1,1987,24,24,24,24,24,24,24,24,24,24
60215,1,1,1987,0,0,0,0,0,0,0,0,0,0
60216,1,1,1987,0,0,0,0,0,0,0,0,0,0
60216,2,1,1987,0,0,0,0,0,0,0,0,0,0
60216,3,1,1987,0,0,0,0,0,0,0,0,0,0
60216,4,1,1987,0,0,0,0,0,0,0,0,0,0
60217,0,1,1987,0,0,0,0,0,0,0,0,0,0
60217,1,1,1987,0,0,0,0,0,0,0,0,0,0
60218,1,1,1987,0,0,0,0,0,0,0,0,0,0
60219,1,1,1987,0,0,0,0,0,0,0,0,0,0
60219,2,1,1987,0,0,0,0,0,0,0,0,0,0
60220,0,1,1987,5,5,5,5,5,5,5,5,5,5
60220,1,1,1987,0,0,0,0,0,0,22,18,0,4
60221,1,1,1987,14,14,14,14,14,14,14,14,14,14
60221,2,1,1987,0,0,0,0,0,0,0,0,12,0
60222,1,1,1987,3,3,3,3,3,3,3,3,3,3
60223,1,1,1987,17,17,17,17,17,17,17,17,17,17
60223,2,1,1987,0,0,0,0,0,16,0,0,0,0
60224,0,1,1987,13,21,28,0,9,9,0,0,23,10
60224,1,1,1987,17,17,17,17,17,17,17,17,17,17
60225,1,1,1987,13,13,13,13,13,13,13,13,13,13
60225,2,1,1987,0,0,0,0,0,0,0,0,0,0
60226,0,1,1987,21,21,21,21,21,21,21,21,21,21
60226,1,1,1987,0,0,0,0,0,0,0,19,0,0
60227,0,1,1987,0,0,0,6,0,15,0,0,0,0
60227,1,1,1987,0,0,0,0,0,0,0,0,0,0
60228,1,1,1987,0,0,0,0,0,0,0,0,0,0
60228,2,1,1987,0,0,0,0,0,0,0,0,0,0
60229,0,1,1987,0,0,0,0,0,0,0,0,0,0
60229,1,1,1987,0,0,0,0,0,0,0,0,0,0
60230,0,1,1987,0,0,0,0,0,0,0,0,0,0
60230,1,1,1987,0,0,0,0,11,0,0,0,0,0
60230,2,1,1987,0,0,0,0,0,0,0,0,0,0
60231,1,1,1987,20,20,20,20,20,20,20,20,20,20
60231,2,1,1987,0,0,0,0,0,0,0,0,0,0
60231,3,1,1987,0,0,0,0,19,0,0,0,0,0
60232,1,1,1987,11,11,11,11,11,11,11,11,11,11
60232,2,1,1987,0,0,0,0,0,0,0,0,0,0
60233,1,1,1987,27,27,27,27,27,27,27,27,27,27
60233,2,1,1987,0,0,0,0,0,0,0,0,0,0
60234,1,1,1987,7,7,7,7,7,7,7,7,7,7
60235,1,1,1987,23,23,23,23,23,23,23,23,23,23
60236,1,1,1987,17,17,17,17,17,17,17,17,17,17
60237,1,1,1987,0,0,0,0,0,0,0,0,0,0
60237,2,1,1987,0,0,0,0,0,0,0,0,0,0
60238,1,1,1987,11,11,11,11,11,11,11,11,11,11
60239,1,1,1987,17,17,17,17,17,17,17,17,17,17
60240,1,1,1987,1,1,1,1,1,1,1,1,1,1
60240,2,1,1987,0,0,0,0,0,0,0,0,0,0
60241,0,1,1987,8,8,8,8,8,8,8,8,8,8
60241,1,1,1987,0,0,0,0,0,0,0,0,0,0
60242,1,1,1987,0,0,0,0,0,0,0,0,0,0
60242,2,1,1987,0,0,0,0,0,0,0,0,0,0
60242,3,1,1987,0,0,0,0,0,0,0,0,0,0
60243,1,1,1987,0,0,0,0,0,0,0,0,0,0
60244,0,1,1987,7,7,7,7,7,7,7,7,7,7
60244,1,1,1987,0,0,12,23,0,0,0,0,0,20
60245,1,1,1987,19,19,19,19,19,19,19,19,19,19
60246,1,1,1987,26,26,26,26,26,26,26,26,26,26
60246,2,1,1987,0,0,0,0,0,0,0,0,0,0
60247,1,1,1987,16,16,16,16,16,16,16,16,16,16
60248,1,1,1987,0,0,0,0,0,0,0,0,0,0
60249,0,1,1987,0,0,0,0,0,0,0,0,0,0
60249,1,1,1987,0,0,0,0,0,0,0,0,0,0
60250,0,1,1987,0,0,0,0,0,0,0,23,0,0
60250,1,1,1987,0,0,0,0,0,0,0,0,0,0
60251,1,1,1987,0,0,0,0,0,0,0,30,11,0
60251,2,1,1987,21,21,21,21,21,21,21,21,21,21
60252,0,1,1987,3,3,3,3,3,3,3,3,3,3
60252,1,1,1987,0,0,0,0,0,11,0,0,0,7
60253,0,1,1987,8,8,8,8,8,8,8,8,8,8
60253,1,1,1987,9,21,16,14,0,26,0,31,0,24
60254,1,1,1987,16,16,16,16,16,16,16,16,16,16
60255,0,1,1987,0,0,0,0,0,0,0,0,0,0
60255,1,1,1987,0,0,0,0,0,0,0,0,0,0
60255,2,1,1987,0,0,0,0,0,0,0,0,0,0
60256,1,1,1987,0,0,0,0,0,0,0,0,0,0
60256,2,1,1987,0,0,0,0,0,0,0,0,0,0
60257,0,1,1987,0,0,0,0,0,0,0,0,0,0
60257,1,1,1987,0,0,0,0,0,0,0,0,0,0
60258,1,1,1987,28,28,28,28,28,28,28,28,28,28
60258,2,1,1987,0,0,0,0,0,0,0,0,0,0
60258,3,1,1987,0,0,0,0,0,0,0,0,0,0
60259,1,1,1987,0,0,0,0,0,0,0,0,0,0
60259,2,1,1987,0,0,0,0,0,0,0,0,0,0
60260,0,1,1987,0,0,0,0,0,0,0,0,0,0
60260,0,2,1987,0,0,0,0,0,0,0,0,0,0
60260,1,1,1987,0,0,0,0,0,0,0,0,0,0
60261,1,1,1987,8,10,20,22,11,14,0,0,16,11
60261,2,1,1987,0,0,0,0,0,0,0,0,0,0
60262,1,1,1987,0,0,0,0,0,0,0,0,0,0
60263,1,1,1987,8,8,8,8,8,8,8,8,8,8
60264,0,1,1987,34,34,34,34,34,34,34,34,34,34
60264,1,1,1987,3,0,0,0,0,0,0,0,0,0
60265,0,1,1987,3,3,3,3,3,3,3,3,3,3
60265,1,1,1987,0,0,0,0,0,0,0,0,0,0
60266,1,1,1987,19,19,19,19,19,19,19,19,19,19
60267,0,1,1987,0,0,0,0,0,0,0,0,0,0
60267,1,1,1987,0,0,0,0,0,0,0,0,0,0
60268,1,1,1987,5,5,5,5,5,5,5,5,5,5
60268,2,1,1987,0,0,0,0,0,0,0,0,0,0
60269,1,1,1987,10,10,10,10,10,10,10,10,10,10