ST_CASE,VEH_NO,PER_NO,YEAR,P1,P2,P3,P4,P5,P6,P7,P8,P9,P10
60270,1,1,1987,15,15,15,15,15,15,15,15,15,15
60271,1,1,1987,0,0,0,0,0,0,0,0,0,0
60271,2,1,1987,11,11,11,11,11,11,11,11,11,11
60272,1,1,1987,7,7,7,7,7,7,7,7,7,7
60273,0,1,1987,15,15,15,15,15,15,15,15,15,15
60273,1,1,1987,0,0,0,0,0,0,0,0,0,0
60274,0,1,1987,0,0,0,0,0,0,0,0,0,0
60274,1,1,1987,0,0,0,0,0,0,0,0,0,0
60275,0,1,1987,0,0,0,0,0,0,0,0,0,0
60275,1,1,1987,0,0,0,0,0,0,0,0,0,0
60276,1,1,1987,24,24,24,24,24,24,24,24,24,24
60276,2,1,1987,0,0,0,0,0,0,0,0,0,0
60277,0,1,1987,0,0,0,0,0,0,0,0,0,0
60277,1,1,1987,0,0,0,0,0,0,0,0,0,0
60278,1,1,1987,28,28,28,28,28,28,28,28,28,28
60279,1,1,1987,0,0,0,0,0,0,0,0,0,0
60279,2,1,1987,0,0,0,0,0,0,0,0,0,0
60280,0,1,1987,16,16,16,16,16,16,16,16,16,16
60280,1,1,1987,0,0,0,0,0,0,0,0,0,0
60281,1,1,1987,0,0,0,0,0,0,0,19,0,0
60281,2,1,1987,0,0,0,0,0,0,0,0,0,0
60281,3,1,1987,0,0,0,0,0,0,0,7,0,0
60282,1,1,1987,25,25,25,25,25,25,25,25,25,25
60282,2,1,1987,0,0,0,0,0,0,0,0,0,0
60282,3,1,1987,0,0,0,0,0,0,0,0,0,0
60283,1,1,1987,24,24,24,24,24,24,24,24,24,24
60283,2,1,1987,0,0,0,0,0,0,0,0,0,0
60284,0,1,1987,0,0,0,0,0,0,0,0,0,0
60284,1,1,1987,0,0,0,0,0,0,0,0,0,0
60285,0,1,1987,2,2,2,2,2,2,2,2,2,2
60285,1,1,1987,0,0,0,0,0,0,0,0,0,0
60286,1,1,1987,8,8,8,8,8,8,8,8,8,8
60287,1,1,1987,0,0,0,19,0,0,0,0,0,0
60287,2,1,1987,0,0,0,0,0,0,0,0,0,0
60288,0,1,1987,24,22,0,37,15,0,18,0,0,13
60288,1,1,1987,0,0,0,0,0,0,0,0,0,17
60289,1,1,1987,0,0,0,0,0,0,0,0,0,0
60289,2,1,1987,10,0,0,0,0,0,0,0,0,0
60290,0,1,1987,0,0,0,0,0,0,0,0,0,0
60290,1,1,1987,0,0,0,0,0,0,0,0,0,0
60291,1,1,1987,0,0,0,0,0,0,0,10,0,0
60291,2,1,1987,16,16,16,16,16,16,16,16,16,16
60292,1,1,1987,0,0,0,0,0,0,0,0,0,0
60292,2,1,1987,0,0,0,0,0,0,0,0,0,0
60293,1,1,1987,36,36,36,36,36,36,36,36,36,36
60294,1,1,1987,21,21,21,21,21,21,21,21,21,21
60294,2,1,1987,0,0,0,0,0,0,0,0,0,0
60295,1,1,1987,15,15,15,15,15,15,15,15,15,15
60296,1,1,1987,28,28,28,28,28,28,28,28,28,28
60296,2,1,1987,0,0,0,0,0,0,0,0,0,0
60297,1,1,1987,11,11,11,11,11,11,11,11,11,11
60298,1,1,1987,18,18,18,18,18,18,18,18,18,18
60299,1,1,1987,0,13,0,0,25,16,0,0,0,0
60299,2,1,1987,25,28,0,0,0,12,0,0,0,0
60299,3,1,1987,0,10,23,24,0,19,0,0,20,0
60299,4,1,1987,3,3,3,3,3,3,3,3,3,3
60301,1,1,1987,0,0,8,0,0,0,0,0,0,0
60301,2,1,1987,8,8,8,8,8,8,8,8,8,8
60302,1,1,1987,22,22,22,22,22,22,22,22,22,22
60302,2,1,1987,0,0,0,0,0,0,0,0,0,0
60303,0,1,1987,0,0,0,0,0,0,0,0,0,0
60303,0,2,1987,0,0,0,0,0,0,0,0,0,0
60303,0,3,1987,0,0,5,0,0,0,0,0,0,0
60303,1,1,1987,14,14,14,14,14,14,14,14,14,14
60303,2,1,1987,7,13,0,0,0,0,14,0,0,0
60304,1,1,1987,9,9,9,9,9,9,9,9,9,9
60305,1,1,1987,27,27,27,27,27,27,27,27,27,27
60306,0,1,1987,17,17,17,17,17,17,17,17,17,17
60306,1,1,1987,37,0,14,0,0,0,0,0,0,0
60307,1,1,1987,26,26,26,26,26,26,26,26,26,26
60308,1,1,1987,0,0,0,0,0,0,0,0,0,0
60308,2,1,1987,0,0,0,0,0,0,0,0,0,0
60309,1,1,1987,0,0,0,0,0,0,0,0,0,0
60309,2,1,1987,0,0,0,0,0,0,0,0,0,0
60310,0,1,1987,0,0,0,0,0,0,0,0,0,0
60310,1,1,1987,0,0,0,0,0,0,0,0,0,0
60311,0,1,1987,0,0,0,0,0,0,0,0,0,0
60311,1,1,1987,0,0,25,0,0,0,0,0,0,0
60312,1,1,1987,22,22,22,22,22,22,22,22,22,22
60312,2,1,1987,0,0,0,0,0,0,0,0,0,0
60313,1,1,1987,17,17,17,17,17,17,17,17,17,17
60314,1,1,1987,14,14,14,14,14,14,14,14,14,14
60314,2,1,1987,0,0,0,0,0,0,0,0,0,0
60315,1,1,1987,0,0,0,0,0,0,0,0,0,0
60315,2,1,1987,0,0,0,0,0,0,0,0,0,0
60315,3,1,1987,0,0,0,0,0,0,0,0,0,0
60315,4,1,1987,0,0,0,0,0,0,0,0,0,0
60316,1,1,1987,0,0,0,0,0,0,0,0,0,0
60316,2,1,1987,0,0,0,0,0,0,0,0,0,0
60317,1,1,1987,9,9,9,9,9,9,9,9,9,9
60319,1,1,1987,14,14,14,14,14,14,14,14,14,14
60319,2,1,1987,0,0,13,0,0,0,0,0,0,0
60320,1,1,1987,10,10,10,10,10,10,10,10,10,10
60321,1,1,1987,0,0,0,0,0,0,0,0,0,0
60322,1,1,1987,7,7,7,7,7,7,7,7,7,7
60322,2,1,1987,0,0,0,0,0,0,15,0,0,0
60323,1,1,1987,14,10,0,37,11,0,0,0,0,10
60324,1,1,1987,13,13,13,13,13,13,13,13,13,13
60325,1,1,1987,3,3,3,3,3,3,3,3,3,3
60326,1,1,1987,17,17,17,17,17,17,17,17,17,17
60327,1,1,1987,21,21,21,21,21,21,21,21,21,21
60327,2,1,1987,0,0,0,0,4,0,0,0,0,0
60328,1,1,1987,20,20,20,20,20,20,20,20,20,20
60329,1,1,1987,10,10,10,10,10,10,10,10,10,10
60329,2,1,1987,0,0,14,0,0,0,0,0,0,0
60330,1,1,1987,19,19,19,19,19,19,19,19,19,19
60331,1,1,1987,33,33,33,33,33,33,33,33,33,33
60332,1,1,1987,0,0,0,0,0,0,0,0,0,0
60332,2,1,1987,0,0,0,0,0,0,0,0,0,0
60333,1,1,1987,0,0,0,0,0,0,0,0,0,0
60333,2,1,1987,19,0,0,14,0,0,0,0,0,10
60334,0,1,1987,0,0,0,0,0,0,0,0,0,0
60334,1,1,1987,0,0,0,0,0,0,0,0,0,0
60335,1,1,1987,13,13,13,13,13,13,13,13,13,13
60335,2,1,1987,3,3,3,3,3,3,3,3,3,3
60336,0,1,1987,15,15,15,15,15,15,15,15,15,15
60336,1,1,1987,0,0,0,0,0,0,0,0,0,14
60337,0,1,1987,0,0,0,0,0,0,0,0,0,0
60337,1,1,1987,0,15,0,0,0,0,0,0,12,0
60338,0,1,1987,9,9,9,9,9,9,9,9,9,9
60338,1,1,1987,0,0,0,0,0,0,0,0,0,0
60339,0,1,1987,20,20,20,20,20,20,20,20,20,20
60339,1,1,1987,0,0,0,0,0,0,0,0,0,0
60340,0,1,1987,0,0,0,0,0,0,0,0,0,0
60340,1,1,1987,17,0,0,0,0,0,0,0,0,0
60341,1,1,1987,0,0,0,0,0,0,0,0,0,0
60341,2,1,1987,0,0,0,0,0,0,0,0,0,10
60342,1,1,1987,2,2,2,2,2,2,2,2,2,2
60342,2,1,1987,5,5,5,5,5,5,5,5,5,5
60342,3,1,1987,0,0,0,0,0,0,0,0,0,25
60343,1,1,1987,11,11,13,11,0,13,16,10,27,11
60344,1,1,1987,29,29,29,29,29,29,29,29,29,29
60344,2,1,1987,27,19,17,24,0,10,34,5,0,0
60345,0,1,1987,0,0,0,0,0,10,0,0,0,0
60345,1,1,1987,20,20,20,20,20,20,20,20,20,20
60346,1,1,1987,22,22,22,22,22,22,22,22,22,22
60347,1,1,1987,28,28,28,28,28,28,28,28,28,28
60348,1,1,1987,0,0,0,0,0,0,0,0,0,0
60348,2,1,1987,21,18,18,49,14,31,30,13,0,10
60348,3,1,1987,0,0,0,0,0,0,0,0,0,0
60348,4,1,1987,0,0,0,0,0,0,0,0,0,0
60348,5,1,1987,0,0,0,0,0,0,0,0,0,0
60349,1,1,1987,0,0,0,0,0,0,0,0,0,0
60349,2,1,1987,0,0,0,0,0,0,0,0,0,0
60350,1,1,1987,0,0,0,0,0,0,0,0,0,0
60350,2,1,1987,0,0,0,0,0,0,0,0,0,0
60350,3,1,1987,0,0,0,0,0,0,0,0,0,0
60351,1,1,1987,0,0,0,0,0,0,0,0,0,0
60351,2,1,1987,0,0,0,0,0,0,0,0,0,0
60351,3,1,1987,0,0,0,0,0,0,0,0,0,0
60352,1,1,1987,0,0,0,0,0,0,0,0,0,0
60352,2,1,1987,14,0,0,0,0,0,0,35,0,0
60353,1,1,1987,14,14,14,14,14,14,14,14,14,14
60353,2,1,1987,0,14,0,0,0,0,0,0,0,0
60354,1,1,1987,0,0,0,0,0,0,0,0,0,0
60354,2,1,1987,6,6,6,6,6,6,6,6,6,6
60355,1,1,1987,12,12,12,12,12,12,12,12,12,12
60355,2,1,1987,0,0,0,0,0,0,0,0,0,0
60356,1,1,1987,6,6,6,6,6,6,6,6,6,6
60356,2,1,1987,0,0,0,0,0,0,0,0,0,0
60357,1,1,1987,0,0,0,0,0,0,0,0,0,0
60358,1,1,1987,23,23,23,23,23,23,23,23,23,23
60359,1,1,1987,10,10,10,10,10,10,10,10,10,10
60360,0,1,1987,0,0,0,0,0,0,0,0,0,0
60360,1,1,1987,11,0,0,0,0,0,0,0,0,0
60361,1,1,1987,14,14,14,14,14,14,14,14,14,14
60361,2,1,1987,1,1,1,1,1,1,1,1,1,1
60361,3,1,1987,0,0,0,0,0,0,0,0,0,0
60362,1,1,1987,18,18,18,18,18,18,18,18,18,18
60363,1,1,1987,19,19,19,19,19,19,19,19,19,19
60363,2,1,1987,0,0,0,0,19,0,0,0,0,0
60364,0,1,1987,29,29,29,29,29,29,29,29,29,29
60364,1,1,1987,0,14,0,0,0,0,0,0,0,0
60365,2,1,1987,13,13,13,13,13,13,13,13,13,13
60366,1,1,1987,0,0,0,0,0,0,0,0,0,0
60366,2,1,1987,22,22,22,22,22,22,22,22,22,22
60367,0,1,1987,0,0,0,0,0,0,0,0,0,0
60367,1,1,1987,0,0,0,0,0,0,0,0,0,0
60368,1,1,1987,0,0,0,0,0,0,0,0,0,0
60368,2,1,1987,0,0,0,0,0,0,0,0,0,0
60369,1,1,1987,17,17,17,17,17,17,17,17,17,17
60370,1,1,1987,14,14,14,14,14,14,14,14,14,14
60370,2,1,1987,0,0,0,0,0,0,0,0,0,0
60371,1,1,1987,0,0,0,0,0,0,0,0,0,0
60372,1,1,1987,0,0,0,0,0,0,0,0,0,0
60373,0,1,1987,0,0,0,0,0,0,0,0,0,0
60373,0,3,1987,0,0,0,0,0,0,0,0,0,0
60373,1,1,1987,0,0,0,0,0,0,0,0,0,0
60374,1,1,1987,0,0,0,0,0,0,0,0,0,0
60375,1,1,1987,0,0,0,0,0,0,0,0,0,0
60375,2,1,1987,17,17,17,17,17,17,17,17,17,17
60376,1,1,1987,16,16,16,16,16,16,16,16,16,16
60377,1,1,1987,0,0,15,0,0,0,0,0,0,0
60377,2,1,1987,0,0,0,0,0,0,0,0,0,0
60378,1,1,1987,6,6,6,6,6,6,6,6,6,6
60379,0,1,1987,7,7,7,7,7,7,7,7,7,7
60379,1,1,1987,0,11,0,4,23,0,0,0,0,0
60380,0,1,1987,0,0,0,0,0,0,0,0,0,0
60380,1,1,1987,2,0,0,0,0,11,0,0,0,0
60381,1,1,1987,0,0,0,0,0,0,0,0,0,0
60381,2,1,1987,0,0,0,0,0,0,0,0,0,0
60382,0,1,1987,0,0,0,0,0,0,0,0,0,0
60383,1,1,1987,0,0,0,0,0,0,0,0,0,0
60384,1,1,1987,6,0,15,16,20,14,16,10,13,9
60384,2,1,1987,0,0,0,0,0,0,0,0,0,0
60385,0,1,1987,7,7,7,7,7,7,7,7,7,7
60385,2,1,1987,0,0,0,0,0,0,0,0,0,0
60386,1,1,1987,0,19,11,0,0,0,0,0,0,23
60387,1,1,1987,8,8,8,8,8,8,8,8,8,8
60388,0,1,1987,15,15,15,15,15,15,15,15,15,15
60388,1,1,1987,0,0,0,0,0,0,0,0,0,0
60389,1,1,1987,16,16,16,16,16,16,16,16,16,16
60390,1,1,1987,0,0,0,0,0,22,28,10,0,0
60391,1,1,1987,0,0,0,0,0,0,0,0,0,0
60392,1,1,1987,0,0,0,0,0,0,0,0,0,0
60392,2,1,1987,0,0,0,0,0,0,0,0,0,0
60393,0,1,1987,0,0,0,0,0,0,0,0,0,0
60393,1,1,1987,0,0,0,0,0,0,0,0,0,0
60394,1,1,1987,22,22,22,22,22,22,22,22,22,22
60394,2,1,1987,0,0,0,0,0,0,0,0,0,0
60395,1,1,1987,0,0,0,0,0,0,0,0,0,0
60395,2,1,1987,0,0,0,0,0,0,0,0,0,0
60396,1,1,1987,0,0,0,0,0,0,0,0,0,0
60397,1,1,1987,11,11,11,11,11,11,11,11,11,11
60397,2,1,1987,0,0,0,0,0,0,0,0,0,0
60397,3,1,1987,0,0,0,0,0,0,0,0,0,0
60398,1,1,1987,8,8,8,8,8,8,8,8,8,8
60398,2,1,1987,0,0,0,0,0,0,0,0,0,0
60399,1,1,1987,16,16,16,16,16,16,16,16,16,16
60400,1,1,1987,22,22,22,22,22,22,22,22,22,22
60400,2,1,1987,0,0,0,0,0,0,0,0,0,0
60401,1,1,1987,0,0,0,0,0,0,0,0,0,0
60401,2,1,1987,15,15,15,15,15,15,15,15,15,15
60402,1,1,1987,20,20,20,20,20,20,20,20,20,20
60404,1,1,1987,0,0,0,0,0,0,0,0,0,0
60405,1,1,1987,14,14,14,14,14,14,14,14,14,14
60405,2,1,1987,0,0,0,0,0,0,0,0,0,0
60406,1,1,1987,13,13,13,13,13,13,13,13,13,13
60407,1,1,1987,0,0,0,0,0,0,0,0,0,0
60407,2,1,1987,0,19,0,0,0,0,0,0,0,0
60408,1,1,1987,7,7,7,7,7,7,7,7,7,7
60409,0,1,1987,13,13,13,13,13,13,13,13,13,13
60409,1,1,1987,14,14,4,7,8,11,31,0,12,0
60410,1,1,1987,21,21,21,21,21,21,21,21,21,21
60411,1,1,1987,21,21,21,21,21,21,21,21,21,21
60412,1,1,1987,9,9,9,9,9,9,9,9,9,9
60412,2,1,1987,1,1,1,1,1,1,1,1,1,1
60413,1,1,1987,17,17,17,17,17,17,17,17,17,17
60414,0,1,1987,0,0,0,0,0,0,0,0,0,0
60414,1,1,1987,0,0,0,0,0,0,0,0,0,0
60415,1,1,1987,0,0,0,0,0,0,0,0,0,0
60415,2,1,1987,0,0,0,0,0,0,0,0,0,0
60416,1,1,1987,15,15,15,15,15,15,15,15,15,15
60417,1,1,1987,16,16,16,16,16,16,16,16,16,16
60418,0,1,1987,8,8,8,8,8,8,8,8,8,8
60418,1,1,1987,27,27,27,27,27,27,27,27,27,27
60419,1,1,1987,17,17,17,17,17,17,17,17,17,17
60420,1,1,1987,19,19,19,19,19,19,19,19,19,19
60421,0,1,1987,0,0,0,0,0,0,0,0,0,0
60421,1,1,1987,0,0,0,20,9,25,0,16,0,0
60422,0,1,1987,0,0,0,0,0,0,0,0,0,0
60422,1,1,1987,0,0,0,0,0,0,0,0,0,0
60423,1,1,1987,36,36,36,36,36,36,36,36,36,36
60423,2,1,1987,0,0,0,0,0,0,0,0,0,0
60424,1,1,1987,0,2,0,0,0,0,0,0,0,0
60424,2,1,1987,0,0,0,0,0,0,0,0,0,0
60425,1,1,1987,0,0,0,0,0,0,0,0,0,0
60425,2,1,1987,0,0,0,20,0,0,0,0,0,27
60425,3,1,1987,0,0,0,0,0,0,0,0,0,0
60426,1,1,1987,0,0,0,0,0,0,0,0,0,0
60426,2,1,1987,0,0,0,0,0,0,0,0,0,0
60426,3,1,1987,0,0,0,0,0,0,0,0,0,0
60427,1,1,1987,20,20,20,20,20,20,20,20,20,20
60428,0,1,1987,19,19,19,19,19,19,19,19,19,19
60428,1,1,1987,17,17,17,17,17,17,17,17,17,17
60429,1,1,1987,7,7,7,7,7,7,7,7,7,7
60430,1,1,1987,14,14,14,14,14,14,14,14,14,14
60431,1,1,1987,14,14,14,14,14,14,14,14,14,14
60431,2,1,1987,0,0,0,0,0,0,0,0,0,0
60432,1,1,1987,16,0,0,6,0,0,0,14,0,0
60432,2,1,1987,0,13,0,5,0,0,0,0,0,0
60433,1,1,1987,30,30,30,30,30,30,30,30,30,30
60433,2,1,1987,0,0,0,0,0,0,0,0,0,0
60434,1,1,1987,0,0,0,0,0,0,0,0,0,0
60434,2,1,1987,0,0,0,0,0,0,0,0,0,0
60435,0,1,1987,0,0,0,0,0,0,0,0,0,0
60435,1,1,1987,0,0,9,4,0,0,0,8,0,0
60435,2,1,1987,0,0,24,0,0,0,0,15,0,0
60436,0,1,1987,0,0,0,0,0,0,0,0,0,0
60436,1,1,1987,0,0,0,0,0,23,0,0,0,0
60437,1,1,1987,7,7,7,7,7,7,7,7,7,7
60438,1,1,1987,31,31,31,31,31,31,31,31,31,31
60439,1,1,1987,1,1,1,1,1,1,1,1,1,1
60439,2,1,1987,0,0,0,0,0,0,0,0,0,0
60440,0,1,1987,0,0,0,0,0,0,0,0,0,0
60440,1,1,1987,0,0,0,0,0,8,0,0,0,0
60441,0,1,1987,0,0,0,0,0,0,0,0,0,0
60441,1,1,1987,0,0,0,0,0,0,0,0,0,0
60441,2,1,1987,0,0,0,0,0,0,0,0,0,0
60442,0,1,1987,0,0,0,0,0,0,0,0,0,0
60442,1,1,1987,0,0,0,0,0,0,0,0,17,0
60443,1,1,1987,24,24,24,24,24,24,24,24,24,24
60443,2,1,1987,0,0,18,0,0,0,0,0,22,0
60444,1,1,1987,25,25,25,25,25,25,25,25,25,25
60445,1,1,1987,27,27,27,27,27,27,27,27,27,27
60446,1,1,1987,0,0,0,0,0,0,0,0,0,0
60446,2,1,1987,0,0,0,0,0,0,0,0,0,0
60446,3,1,1987,0,0,0,0,0,0,0,0,0,0
60446,4,1,1987,0,0,0,0,0,0,0,0,0,0
60447,1,1,1987,0,0,0,0,0,0,0,0,0,0
60448,0,1,1987,0,14,0,21,22,35,12,0,25,3
60448,1,1,1987,0,0,0,0,0,0,0,0,0,0
60449,1,1,1987,0,0,0,0,0,0,0,0,0,0
60450,1,1,1987,9,9,9,9,9,9,9,9,9,9
60451,1,1,1987,14,14,14,14,14,14,14,14,14,14
60452,1,1,1987,0,0,0,0,0,0,0,0,0,0
60452,2,1,1987,21,11,8,0,38,13,5,15,3,16
60452,3,1,1987,0,0,0,0,0,0,0,8,0,0
60452,4,1,1987,0,0,0,6,9,0,4,0,0,0
60452,5,1,1987,4,0,0,0,0,0,0,0,0,0
60453,0,1,1987,0,0,0,0,0,0,0,0,0,0
60453,1,1,1987,0,0,0,0,20,0,13,0,18,0
60454,1,1,1987,0,0,0,0,0,0,0,0,0,0
60455,1,1,1987,25,25,25,25,25,25,25,25,25,25
60456,1,1,1987,0,17,14,11,0,0,0,9,0,0
60456,2,1,1987,0,0,0,0,0,0,0,0,0,0
60457,0,1,1987,0,0,0,0,0,0,0,0,0,0
60457,1,1,1987,0,0,0,0,0,0,0,0,0,0
60458,1,1,1987,0,0,0,0,0,0,0,0,0,0
60459,1,1,1987,0,0,0,0,0,0,0,0,0,0
60459,2,1,1987,0,0,0,0,0,0,0,0,0,0
60460,1,1,1987,24,24,24,24,24,24,24,24,24,24
60461,1,1,1987,0,9,18,0,0,0,0,0,0,0
60462,1,1,1987,46,46,46,46,46,46,46,46,46,46
60463,1,1,1987,25,25,25,25,25,25,25,25,25,25
60464,0,1,1987,0,0,0,0,0,0,0,0,0,0
60464,1,1,1987,0,0,0,0,0,0,0,0,0,0
60465,0,1,1987,11,0,0,0,0,0,0,0,0,0
60465,1,1,1987,19,0,0,0,0,0,0,0,0,0
60466,1,1,1987,0,0,0,0,0,0,0,0,0,0
60466,2,1,1987,0,0,0,0,0,0,0,0,0,0
60467,0,1,1987,2,2,2,2,2,2,2,2,2,2
60467,1,1,1987,0,0,0,0,0,0,0,0,0,0
60468,1,1,1987,2,2,2,2,2,2,2,2,2,2
60469,0,1,1987,27,27,27,27,27,27,27,27,27,27
60469,1,1,1987,19,0,0,0,0,0,0,0,22,0
60470,1,1,1987,0,0,0,0,0,0,0,0,0,0
60470,2,1,1987,4,4,4,4,4,4,4,4,4,4
60471,1,1,1987,25,25,25,25,25,25,25,25,25,25
60472,1,1,1987,7,7,7,7,7,7,7,7,7,7
60473,1,1,1987,0,0,14,0,0,0,0,16,0,0
60474,1,1,1987,37,37,37,37,37,37,37,37,37,37
60475,1,1,1987,0,0,0,0,0,0,0,0,0,0
60476,1,1,1987,0,0,0,0,0,0,0,0,0,0
60477,1,1,1987,0,0,0,0,0,0,0,0,0,0
60477,2,1,1987,0,0,0,0,0,0,0,0,0,0
60477,3,1,1987,0,0,0,0,0,0,0,0,0,0
60478,1,1,1987,0,0,0,12,18,0,0,0,5,0
60478,2,1,1987,0,0,0,0,0,0,0,0,0,0
60479,1,1,1987,19,19,19,19,19,19,19,19,19,19
60480,1,1,1987,0,0,0,0,0,0,0,0,0,0
60480,2,1,1987,0,0,0,0,0,0,0,0,0,0
60481,1,1,1987,0,0,0,0,0,0,0,0,16,0
60481,2,1,1987,0,0,0,0,0,0,0,0,0,0
60482,1,1,1987,24,24,24,24,24,24,24,24,24,24
60483,1,1,1987,0,0,0,0,0,0,0,0,0,0
60483,2,1,1987,0,0,0,0,0,0,0,0,0,0
60484,1,1,1987,0,0,0,0,3,0,0,0,0,0
60484,2,1,1987,2,2,2,2,2,2,2,2,2,2
60485,1,1,1987,0,0,0,0,0,0,0,0,0,0
60485,2,1,1987,0,0,0,0,0,0,0,0,0,0
60485,3,1,1987,0,0,0,0,0,0,0,0,0,0
60486,1,1,1987,19,19,19,19,19,19,19,19,19,19
60486,2,1,1987,0,0,0,0,0,0,0,0,0,0
60486,3,1,1987,0,0,0,0,0,10,0,0,0,0
60487,1,1,1987,0,0,0,0,0,0,0,0,0,0
60487,2,1,1987,0,0,0,0,0,0,0,0,0,0
60488,1,1,1987,0,0,0,0,15,0,0,0,0,0
60488,2,1,1987,10,10,10,10,10,10,10,10,10,10
60489,1,1,1987,0,0,0,0,0,0,0,0,0,0
60490,1,1,1987,10,10,10,10,10,10,10,10,10,10
60491,1,1,1987,6,6,6,6,6,6,6,6,6,6
60492,1,1,1987,13,13,13,13,13,13,13,13,13,13
60493,1,1,1987,15,15,15,15,15,15,15,15,15,15
60494,1,1,1987,0,0,0,0,0,0,0,0,0,0
60494,2,1,1987,0,0,0,0,0,0,0,0,0,0
60495,1,1,1987,2,2,2,2,2,2,2,2,2,2
60496,0,1,1987,0,0,0,0,0,0,0,0,0,0
60496,1,1,1987,0,0,0,0,0,0,0,0,0,0
60497,1,1,1987,22,22,22,22,22,22,22,22,22,22
60497,2,1,1987,19,0,0,0,0,0,0,0,0,0
60497,3,1,1987,9,0,0,0,0,15,21,0,0,28
60498,1,1,1987,0,21,0,25,20,0,38,0,11,0
60499,0,1,1987,0,0,0,0,0,0,0,0,0,0
60499,1,1,1987,18,28,13,0,14,10,6,0,0,7
60500,0,1,1987,13,13,13,13,13,13,13,13,13,13
60500,1,1,1987,19,0,0,0,0,0,0,0,0,0
60500,2,1,1987,0,0,0,15,15,9,0,0,14,0
60501,1,1,1987,18,18,18,18,18,18,18,18,18,18
60501,2,1,1987,6,6,6,6,6,6,6,6,6,6
60502,1,1,1987,12,12,12,12,12,12,12,12,12,12
60502,2,1,1987,6,6,6,6,6,6,6,6,6,6
60503,1,1,1987,17,17,17,17,17,17,17,17,17,17
60504,1,1,1987,8,8,8,8,8,8,8,8,8,8
60505,1,1,1987,0,26,0,0,0,0,26,0,0,0
60505,2,1,1987,0,0,0,0,0,0,0,0,0,0
60505,3,1,1987,3,17,15,18,16,6,17,9,8,23
60506,1,1,1987,0,0,0,0,0,0,0,0,0,0
60506,2,1,1987,0,0,0,0,0,0,0,0,0,0
60507,1,1,1987,2,2,2,2,2,2,2,2,2,2
60508,1,1,1987,23,23,23,23,23,23,23,23,23,23
60508,2,1,1987,0,0,0,0,11,0,0,0,0,0
60509,0,1,1987,0,0,0,0,0,0,0,0,0,0
60509,1,1,1987,24,6,11,7,24,12,9,9,21,11
60510,1,1,1987,0,0,0,0,0,0,0,0,0,0
60511,1,1,1987,0,0,0,0,0,0,0,0,0,0
60511,2,1,1987,0,0,0,0,0,0,0,0,0,0
60512,1,1,1987,42,42,42,42,42,42,42,42,42,42
60513,0,1,1987,0,0,0,0,0,0,0,0,0,0
60513,1,1,1987,0,0,0,0,0,0,0,0,0,0
60514,1,1,1987,0,0,0,0,0,0,0,0,0,0
60514,2,1,1987,0,0,0,0,0,0,0,0,0,0
60515,1,1,1987,0,0,0,0,0,0,0,0,0,0
60515,2,1,1987,0,0,0,0,0,0,0,0,0,0
60516,1,1,1987,22,0,0,0,0,24,27,0,11,0
60517,1,1,1987,24,24,24,24,24,24,24,24,24,24
60518,1,1,1987,5,5,5,5,5,5,5,5,5,5
60519,0,1,1987,0,0,0,0,0,0,0,0,0,0
60519,1,1,1987,0,0,10,0,0,0,0,13,0,0
60520,1,1,1987,0,0,0,0,0,0,0,0,0,0
60520,2,1,1987,0,0,0,0,16,0,0,0,0,0
60521,1,1,1987,0,0,0,0,0,0,0,0,0,0
60522,0,1,1987,0,0,0,0,0,0,0,0,0,0
60522,1,1,1987,0,0,0,0,0,0,13,0,0,0
60523,1,1,1987,17,17,17,17,17,17,17,17,17,17
60524,1,1,1987,15,15,15,15,15,15,15,15,15,15
60525,1,1,1987,15,15,15,15,15,15,15,15,15,15
60525,2,1,1987,17,17,17,17,17,17,17,17,17,17
60526,1,1,1987,16,16,16,16,16,16,16,16,16,16
60527,0,1,1987,11,11,11,11,11,11,11,11,11,11
60527,1,1,1987,0,0,0,0,0,0,0,3,0,0
60528,1,1,1987,5,5,5,5,5,5,5,5,5,5
60528,2,1,1987,0,15,0,0,13,0,0,0,0,0
60528,3,1,1987,0,0,0,0,0,0,0,0,0,0
60529,1,1,1987,12,12,12,12,12,12,12,12,12,12
60529,2,1,1987,0,0,0,0,0,0,0,0,0,0
60530,0,1,1987,0,0,0,0,0,0,0,0,0,0