ST_CASE,VEH_NO,PER_NO,YEAR,P1,P2,P3,P4,P5,P6,P7,P8,P9,P10
60530,1,1,1987,0,0,0,36,0,0,0,0,18,0
60531,0,1,1987,0,0,0,0,0,0,0,0,0,0
60531,0,2,1987,0,0,0,0,0,0,0,0,0,0
60531,0,3,1987,0,0,0,0,0,0,0,9,0,0
60531,1,1,1987,0,0,0,0,0,0,0,0,0,0
60532,1,1,1987,12,19,12,9,20,11,4,11,14,24
60533,1,1,1987,0,0,0,0,0,0,0,0,0,0
60533,2,1,1987,5,0,0,0,0,0,0,0,24,0
60534,0,1,1987,0,0,0,0,0,0,0,0,0,0
60534,1,1,1987,0,0,0,0,0,0,0,0,0,0
60535,1,1,1987,0,0,0,0,0,0,0,0,0,0
60535,2,1,1987,4,4,4,4,4,4,4,4,4,4
60536,1,1,1987,19,19,19,19,19,19,19,19,19,19
60537,1,1,1987,12,12,12,12,12,12,12,12,12,12
60537,2,1,1987,0,0,0,0,0,0,0,0,0,0
60538,1,1,1987,0,0,0,0,0,0,0,0,0,0
60539,0,1,1987,0,0,0,0,0,0,0,0,0,0
60539,0,2,1987,2,0,19,0,8,0,0,0,0,0
60539,1,1,1987,22,17,10,18,0,0,20,17,31,13
60540,1,1,1987,12,12,12,12,12,12,12,12,12,12
60541,1,1,1987,19,19,19,19,19,19,19,19,19,19
60541,2,1,1987,0,0,0,0,0,0,13,17,0,26
60542,1,1,1987,0,0,0,0,0,0,0,0,0,0
60543,0,1,1987,21,21,21,21,21,21,21,21,21,21
60543,1,1,1987,0,0,0,0,0,0,0,0,4,13
60543,2,1,1987,0,0,0,0,0,0,0,0,0,0
60544,0,1,1987,0,0,46,0,0,24,0,0,17,44
60544,1,1,1987,0,0,0,0,0,0,0,0,0,0
60545,1,1,1987,14,14,14,14,14,14,14,14,14,14
60545,2,1,1987,0,18,0,9,0,0,0,0,0,0
60546,0,1,1987,36,36,36,36,36,36,36,36,36,36
60546,1,1,1987,0,0,0,0,0,0,0,0,0,0
60547,0,1,1987,0,0,0,0,0,0,0,0,0,0
60547,1,1,1987,0,0,0,0,0,0,0,0,0,0
60548,1,1,1987,26,26,26,26,26,26,26,26,26,26
60549,1,1,1987,34,27,6,12,37,8,27,20,15,15
60550,1,1,1987,4,49,12,0,0,36,0,30,11,13
60550,2,1,1987,0,0,0,0,0,0,0,0,0,0
60551,1,1,1987,0,0,0,0,19,0,0,0,0,0
60552,1,1,1987,0,0,0,0,0,0,0,0,0,0
60552,2,1,1987,4,0,0,0,0,0,0,0,0,0
60553,1,1,1987,0,0,0,0,0,0,0,0,0,0
60553,2,1,1987,0,0,0,0,0,0,0,0,0,0
60554,1,1,1987,0,0,0,0,0,0,0,0,0,0
60554,2,1,1987,0,0,0,0,0,0,0,0,0,0
60555,0,1,1987,0,0,0,0,0,0,0,0,0,0
60555,1,1,1987,0,0,0,0,0,0,0,0,0,0
60556,1,1,1987,24,24,24,24,24,24,24,24,24,24
60556,2,1,1987,0,0,0,0,0,0,0,0,0,0
60557,1,1,1987,0,0,0,0,0,19,0,0,0,20
60558,1,1,1987,0,0,0,0,0,0,0,0,0,0
60559,1,1,1987,20,20,20,20,20,20,20,20,20,20
60560,1,1,1987,15,15,15,15,15,15,15,15,15,15
60561,0,1,1987,0,0,7,0,0,0,0,0,0,0
60561,1,1,1987,0,0,0,0,0,0,16,0,0,0
60562,1,1,1987,14,14,14,14,14,14,14,14,14,14
60563,0,1,1987,14,14,14,14,14,14,14,14,14,14
60563,1,1,1987,0,0,0,8,0,0,0,0,0,0
60564,1,1,1987,0,0,0,0,0,0,0,0,0,0
60565,1,1,1987,0,0,0,0,0,0,0,0,0,0
60565,2,1,1987,0,0,0,0,0,0,0,0,0,0
60565,3,1,1987,0,0,0,0,0,0,0,0,0,0
60566,1,1,1987,0,0,0,0,0,0,0,0,0,0
60566,2,1,1987,13,13,13,13,13,13,13,13,13,13
60567,0,1,1987,0,0,0,0,0,0,0,0,0,0
60567,1,1,1987,0,0,4,0,0,0,0,0,0,0
60568,1,1,1987,6,6,6,6,6,6,6,6,6,6
60569,0,1,1987,32,32,32,32,32,32,32,32,32,32
60569,1,1,1987,0,0,0,0,0,27,0,28,14,0
60570,0,1,1987,11,0,0,2,0,12,0,0,0,0
60570,1,1,1987,0,0,0,0,0,0,0,0,0,0
60571,1,1,1987,0,0,0,0,0,0,0,0,0,0
60571,2,1,1987,0,0,0,0,0,0,0,0,0,0
60571,3,1,1987,0,0,0,0,0,0,0,0,0,0
60571,4,1,1987,0,0,0,0,0,0,0,0,0,0
60572,1,1,1987,0,0,0,0,0,0,0,0,0,0
60572,2,1,1987,0,0,0,0,0,0,0,0,0,0
60573,1,1,1987,8,8,8,8,8,8,8,8,8,8
60574,0,1,1987,0,0,0,10,0,0,0,0,9,16
60574,1,1,1987,0,0,0,0,0,0,0,0,0,0
60575,0,1,1987,20,20,20,20,20,20,20,20,20,20
60575,1,1,1987,0,0,0,0,0,0,0,0,0,0
60576,1,1,1987,3,3,3,3,3,3,3,3,3,3
60576,2,1,1987,0,0,0,0,0,0,0,0,0,0
60576,3,1,1987,0,0,0,0,0,0,0,0,0,0
60577,0,1,1987,0,0,0,0,0,0,0,0,0,0
60577,1,1,1987,0,0,0,0,0,0,0,0,12,0
60578,0,1,1987,7,7,7,7,7,7,7,7,7,7
60578,1,1,1987,0,0,0,6,14,4,0,0,0,0
60579,1,1,1987,25,25,25,25,25,25,25,25,25,25
60580,1,1,1987,12,12,12,12,12,12,12,12,12,12
60580,2,1,1987,0,0,0,0,0,0,0,0,11,0
60581,1,1,1987,13,13,13,13,13,13,13,13,13,13
60582,1,1,1987,0,0,0,0,0,0,0,0,0,0
60582,2,1,1987,0,0,0,0,0,0,0,0,0,0
60583,1,1,1987,18,18,18,18,18,18,18,18,18,18
60584,0,1,1987,0,0,0,0,0,0,0,0,0,0
60584,1,1,1987,0,0,0,0,0,0,0,0,0,0
60585,1,1,1987,0,0,0,0,0,0,0,0,0,0
60585,2,1,1987,0,0,0,0,0,0,0,0,0,0
60586,1,1,1987,0,0,0,0,0,0,0,0,0,0
60586,2,1,1987,0,0,15,0,0,12,0,0,16,0
60587,1,1,1987,0,0,0,0,0,0,0,14,0,0
60587,2,1,1987,0,0,16,0,11,12,15,0,0,11
60588,1,1,1987,26,26,26,26,26,26,26,26,26,26
60588,2,1,1987,0,0,0,0,0,0,0,0,0,0
60589,0,1,1987,0,0,0,0,0,0,0,0,0,0
60589,1,1,1987,0,0,0,0,0,0,0,0,13,0
60590,0,1,1987,0,0,0,0,0,0,0,0,0,0
60590,1,1,1987,0,0,0,0,0,0,0,0,14,0
60591,1,1,1987,0,0,0,0,0,0,0,0,0,0
60592,1,1,1987,0,12,0,0,0,0,0,17,0,14
60592,2,1,1987,5,7,2,8,3,10,0,0,0,10
60593,0,1,1987,0,0,0,0,0,0,0,0,0,0
60593,1,1,1987,0,0,0,0,0,0,0,0,0,0
60594,0,1,1987,0,0,0,0,0,0,0,0,0,0
60594,1,1,1987,0,0,0,0,0,0,0,0,0,0
60595,1,1,1987,0,0,0,0,0,0,0,0,0,0
60595,2,1,1987,0,0,0,0,0,0,0,0,0,0
60596,1,1,1987,41,41,41,41,41,41,41,41,41,41
60596,2,1,1987,15,15,15,15,15,15,15,15,15,15
60597,1,1,1987,0,0,0,0,0,0,0,0,0,0
60597,2,1,1987,12,12,12,12,12,12,12,12,12,12
60598,0,1,1987,0,0,11,0,0,0,0,0,0,0
60598,1,1,1987,0,0,0,0,0,18,0,0,0,0
60599,0,1,1987,18,18,18,18,18,18,18,18,18,18
60599,1,1,1987,0,0,0,0,0,0,0,0,0,0
60600,0,1,1987,28,28,28,28,28,28,28,28,28,28
60600,1,1,1987,0,0,0,8,0,0,0,0,0,0
60601,0,1,1987,0,0,0,0,0,0,0,0,0,0
60602,1,1,1987,0,0,0,0,0,0,0,0,0,0
60602,2,1,1987,0,0,0,0,0,0,0,0,0,0
60603,1,1,1987,22,22,22,22,22,22,22,22,22,22
60603,2,1,1987,0,0,0,0,0,0,0,0,0,0
60604,1,1,1987,0,0,0,0,0,0,0,0,0,0
60604,2,1,1987,0,0,0,0,0,0,0,0,0,0
60605,1,1,1987,0,0,0,0,0,0,0,0,0,0
60605,2,1,1987,3,3,3,3,3,3,3,3,3,3
60606,0,1,1987,0,0,0,0,0,0,0,0,0,0
60606,1,1,1987,0,0,0,0,0,4,0,0,7,16
60607,0,1,1987,0,0,0,0,0,0,0,0,0,0
60607,1,1,1987,0,0,0,0,0,0,10,0,0,0
60608,1,1,1987,0,0,0,0,0,0,0,0,0,0
60608,2,1,1987,0,0,0,0,0,0,0,0,0,0
60609,1,1,1987,0,0,0,0,0,0,0,0,0,0
60610,1,1,1987,7,7,7,7,7,7,7,7,7,7
60611,1,1,1987,17,17,17,17,17,17,17,17,17,17
60612,1,1,1987,0,6,0,0,0,0,0,9,0,0
60612,2,1,1987,0,0,0,0,0,0,0,0,0,0
60613,0,1,1987,28,28,28,28,28,28,28,28,28,28
60613,1,1,1987,13,13,13,13,13,13,13,13,13,13
60614,1,1,1987,22,22,22,22,22,22,22,22,22,22
60615,1,1,1987,32,32,32,32,32,32,32,32,32,32
60616,1,1,1987,0,0,0,0,8,0,0,0,0,0
60616,2,1,1987,0,0,0,0,0,0,0,0,0,0
60617,0,1,1987,0,0,0,0,0,0,0,0,0,0
60617,1,1,1987,0,10,0,0,9,30,21,0,12,0
60618,1,1,1987,0,20,0,0,0,10,11,20,0,8
60619,1,1,1987,15,15,15,15,15,15,15,15,15,15
60619,2,1,1987,0,0,0,0,0,0,0,0,0,0
60620,1,1,1987,35,35,35,35,35,35,35,35,35,35
60620,2,1,1987,0,0,0,0,0,0,0,0,0,0
60621,0,1,1987,0,0,0,0,0,0,0,0,0,0
60621,1,1,1987,0,0,0,0,0,0,0,0,0,0
60622,0,1,1987,0,0,0,0,0,0,0,0,0,0
60622,1,1,1987,0,0,13,0,0,0,0,0,0,0
60623,1,1,1987,0,0,0,0,0,0,0,0,0,0
60623,2,1,1987,0,0,0,0,0,0,0,0,0,0
60624,0,1,1987,0,0,0,0,0,0,0,0,0,0
60624,1,1,1987,0,0,20,9,24,22,0,0,23,0
60625,1,1,1987,26,26,26,26,26,26,26,26,26,26
60626,1,1,1987,0,0,0,0,0,0,0,0,0,0
60626,2,1,1987,0,0,0,0,0,0,0,0,0,0
60627,1,1,1987,0,0,0,0,0,0,0,0,0,0
60627,2,1,1987,0,0,0,0,0,0,0,0,0,0
60628,1,1,1987,16,16,16,16,16,16,16,16,16,16
60628,2,1,1987,9,9,9,9,9,9,9,9,9,9
60629,1,1,1987,16,16,16,16,16,16,16,16,16,16
60630,0,1,1987,40,40,40,40,40,40,40,40,40,40
60630,1,1,1987,13,0,0,16,0,15,19,12,16,0
60631,1,1,1987,0,0,0,0,0,0,0,0,0,0
60632,1,1,1987,15,15,15,15,15,15,15,15,15,15
60632,2,1,1987,24,24,24,24,24,24,24,24,24,24
60633,1,1,1987,18,18,18,18,18,18,18,18,18,18
60634,1,1,1987,15,15,15,15,15,15,15,15,15,15
60634,2,1,1987,0,0,0,0,0,0,0,0,0,0
60634,3,1,1987,3,23,30,8,19,19,17,2,33,19
60635,1,1,1987,0,0,0,0,0,0,0,0,0,0
60635,2,1,1987,0,0,0,0,0,0,0,0,0,0
60636,0,1,1987,10,10,10,10,10,10,10,10,10,10
60636,1,1,1987,20,20,20,20,20,20,20,20,20,20
60637,1,1,1987,22,22,22,22,22,22,22,22,22,22
60638,0,1,1987,0,0,0,0,0,0,0,0,0,0
60638,1,1,1987,22,22,22,22,22,22,22,22,22,22
60639,1,1,1987,0,0,0,0,0,0,0,0,0,0
60639,2,1,1987,0,0,0,0,0,0,0,0,0,0
60640,1,1,1987,0,0,0,0,0,0,0,0,0,0
60641,1,1,1987,19,19,19,19,19,19,19,19,19,19
60641,2,1,1987,0,0,0,0,0,0,0,0,0,0
60642,1,1,1987,16,16,16,16,16,16,16,16,16,16
60643,1,1,1987,19,19,19,19,19,19,19,19,19,19
60644,1,1,1987,0,0,0,0,0,0,0,0,0,0
60644,2,1,1987,30,30,30,30,30,30,30,30,30,30
60645,1,1,1987,0,0,0,5,0,0,0,0,0,0
60645,2,1,1987,0,0,0,0,0,0,0,0,0,0
60645,3,1,1987,0,0,0,0,0,0,0,0,0,0
60646,1,1,1987,0,0,0,0,0,0,0,0,0,0
60646,2,1,1987,29,0,3,11,13,0,19,0,25,13
60647,1,1,1987,0,0,0,0,0,0,0,0,0,0
60647,2,1,1987,0,0,0,0,0,18,0,0,8,7
60648,1,1,1987,13,13,13,13,13,13,13,13,13,13
60649,1,1,1987,22,22,22,22,22,22,22,22,22,22
60650,1,1,1987,16,16,16,16,16,16,16,16,16,16
60651,1,1,1987,19,19,19,19,19,19,19,19,19,19
60652,1,1,1987,28,28,28,28,28,28,28,28,28,28
60653,1,1,1987,18,6,12,10,16,10,9,13,21,6
60654,1,1,1987,0,0,0,0,0,0,0,0,0,0
60654,2,1,1987,12,15,8,17,0,20,18,0,20,23
60655,1,1,1987,10,0,0,0,0,0,0,0,0,0
60655,2,1,1987,0,0,0,0,0,0,0,0,0,0
60656,0,1,1987,6,6,6,6,6,6,6,6,6,6
60656,1,1,1987,0,0,0,0,0,0,0,0,0,0
60657,1,1,1987,0,0,0,0,0,0,20,0,0,0
60657,2,1,1987,0,0,0,0,0,0,0,0,0,0
60658,1,1,1987,0,0,0,0,0,0,0,0,0,0
60659,1,1,1987,0,0,0,0,0,0,0,0,0,0
60660,0,1,1987,4,0,13,16,18,0,15,26,14,8
60660,1,1,1987,0,0,0,29,0,0,0,0,0,21
60661,1,1,1987,0,0,0,0,0,0,0,0,0,0
60661,2,1,1987,0,0,0,0,0,0,0,0,0,0
60662,1,1,1987,19,0,22,17,9,17,21,17,17,9
60662,2,1,1987,36,19,0,3,0,0,23,20,0,0
60662,3,1,1987,0,0,0,0,0,0,0,0,0,0
60663,0,1,1987,0,0,0,0,0,0,0,0,0,0
60663,1,1,1987,0,0,0,0,0,0,0,0,0,0
60664,0,1,1987,0,0,0,0,0,0,0,0,0,0
60664,1,1,1987,0,0,0,0,0,0,0,12,0,0
60665,0,1,1987,0,0,0,0,0,0,0,0,0,0
60665,0,2,1987,0,16,14,0,5,0,0,0,0,0
60665,0,3,1987,0,0,0,0,0,0,0,0,0,0
60665,1,1,1987,23,23,23,23,23,23,23,23,23,23
60666,0,1,1987,33,33,33,33,33,33,33,33,33,33
60666,1,1,1987,6,6,6,6,6,6,6,6,6,6
60667,1,1,1987,18,18,18,18,18,18,18,18,18,18
60667,2,1,1987,0,0,0,0,0,0,0,0,0,0
60668,0,1,1987,0,0,0,0,0,0,0,0,0,0
60668,1,1,1987,0,0,0,0,0,0,0,0,0,0
60669,1,1,1987,0,0,0,0,0,0,0,0,0,0
60670,1,1,1987,0,0,0,0,0,0,0,0,0,0
60671,1,1,1987,20,20,20,20,20,20,20,20,20,20
60672,1,1,1987,0,0,0,0,0,0,0,0,0,0
60672,2,1,1987,0,0,0,0,0,0,0,0,0,0
60673,1,1,1987,0,0,0,0,0,0,0,0,0,0
60673,2,1,1987,0,0,0,0,0,0,0,0,0,0
60674,0,1,1987,0,0,28,0,0,0,0,0,0,0
60674,1,1,1987,0,0,0,0,0,0,0,0,0,0
60675,0,1,1987,7,0,0,0,0,0,0,0,0,0
60675,1,1,1987,0,0,6,0,0,0,0,13,0,0
60676,1,1,1987,10,29,36,0,12,13,22,11,10,13
60676,2,1,1987,0,0,0,0,0,0,0,0,0,0
60677,1,1,1987,20,20,20,20,20,20,20,20,20,20
60678,1,1,1987,0,0,0,0,0,0,0,0,8,0
60678,2,1,1987,0,0,0,0,0,0,0,0,0,0
60679,0,1,1987,0,0,0,0,0,0,0,0,0,0
60679,1,1,1987,0,0,0,0,0,0,18,0,0,0
60680,0,1,1987,19,19,19,19,19,19,19,19,19,19
60680,1,1,1987,0,0,0,0,0,0,0,0,0,0
60681,1,1,1987,0,0,0,0,0,0,0,0,0,0
60682,1,1,1987,15,15,15,15,15,15,15,15,15,15
60682,2,1,1987,0,0,0,0,0,0,0,0,0,0
60683,1,1,1987,0,0,0,0,0,0,0,0,0,0
60684,1,1,1987,0,0,0,0,0,0,0,0,0,0
60685,0,1,1987,8,2,0,10,23,33,59,41,19,34
60685,1,1,1987,0,0,0,0,0,0,0,0,0,0
60686,1,1,1987,26,26,26,26,26,26,26,26,26,26
60687,1,1,1987,1,1,1,1,1,1,1,1,1,1
60688,1,1,1987,18,18,18,18,18,18,18,18,18,18
60689,0,1,1987,10,10,10,10,10,10,10,10,10,10
60689,1,1,1987,7,0,31,16,25,16,10,20,24,9
60690,1,1,1987,0,0,0,0,0,0,0,0,0,0
60691,1,1,1987,21,21,21,21,21,21,21,21,21,21
60692,1,1,1987,0,0,0,0,0,0,0,0,0,0
60692,2,1,1987,0,0,0,0,0,0,0,0,0,0
60692,3,1,1987,0,0,0,0,0,0,0,0,0,0
60693,1,1,1987,0,0,0,0,0,0,0,0,0,0
60694,1,1,1987,0,0,4,0,0,0,0,0,0,0
60694,2,1,1987,0,0,0,0,0,0,0,0,0,0
60695,0,1,1987,23,0,0,0,0,5,0,0,13,0
60695,1,1,1987,0,0,0,0,0,0,0,0,0,0
60696,0,1,1987,0,0,0,0,0,0,0,0,0,0
60696,1,1,1987,0,0,0,0,0,0,0,0,0,0
60697,1,1,1987,17,17,17,17,17,17,17,17,17,17
60697,2,1,1987,0,0,0,0,0,0,0,0,0,0
60698,1,1,1987,16,16,16,16,16,16,16,16,16,16
60699,0,1,1987,0,0,0,0,0,0,19,0,0,0
60699,1,1,1987,0,0,0,0,0,0,0,0,0,0
60700,1,1,1987,0,0,0,0,0,0,0,0,0,0
60701,1,1,1987,15,11,7,0,4,31,11,16,27,10
60701,2,1,1987,2,2,2,2,2,2,2,2,2,2
60702,1,1,1987,19,19,19,19,19,19,19,19,19,19
60702,2,1,1987,0,0,0,0,0,0,0,0,0,0
60703,1,1,1987,0,0,0,0,0,0,0,0,0,0
60703,2,1,1987,0,0,0,0,18,0,0,0,0,33
60704,0,1,1987,0,0,0,0,0,0,0,0,0,0
60704,1,1,1987,0,0,0,0,0,0,0,0,0,0
60705,1,1,1987,0,0,0,0,0,0,0,0,0,0
60705,2,1,1987,0,0,0,0,0,19,0,0,0,0
60705,3,1,1987,0,0,0,0,0,0,0,0,0,0
60706,0,1,1987,0,0,17,0,12,0,0,0,0,0
60706,1,1,1987,0,0,0,0,0,0,0,0,0,0
60707,1,1,1987,0,0,0,0,0,0,0,0,0,0
60708,1,1,1987,0,0,0,0,0,0,0,0,0,0
60709,1,1,1987,0,0,0,0,0,23,0,0,0,12
60710,1,1,1987,18,18,18,18,18,18,18,18,18,18
60711,1,1,1987,0,0,0,0,0,0,0,0,0,0
60711,2,1,1987,0,0,0,0,0,0,0,0,0,0
60712,1,1,1987,16,16,16,16,16,16,16,16,16,16
60713,1,1,1987,0,0,0,0,0,0,0,0,0,0
60713,2,1,1987,0,0,0,0,0,0,3,0,0,0
60714,1,1,1987,11,11,11,11,11,11,11,11,11,11
60714,2,1,1987,0,0,0,0,0,0,0,0,0,0
60715,0,1,1987,0,0,0,0,15,13,7,2,9,0
60715,1,1,1987,29,0,0,0,15,0,0,0,0,0
60716,1,1,1987,0,0,0,0,0,9,0,11,7,0
60716,2,1,1987,0,0,0,0,0,0,0,0,0,0
60717,1,1,1987,11,11,11,11,11,11,11,11,11,11
60718,0,1,1987,16,16,16,16,16,16,16,16,16,16
60718,1,1,1987,0,0,0,0,0,0,0,0,0,28
60719,1,1,1987,0,0,0,0,0,0,0,0,17,0
60720,0,1,1987,0,0,0,0,0,0,0,0,0,0
60720,1,1,1987,7,0,0,0,0,0,0,0,0,0
60721,1,1,1987,0,9,0,0,0,0,0,25,2,0
60721,2,1,1987,0,0,0,0,0,0,0,0,0,0
60722,1,1,1987,11,11,11,11,11,11,11,11,11,11
60723,0,1,1987,0,0,0,0,0,0,0,0,0,0
60723,1,1,1987,3,0,0,0,0,0,0,0,0,0
60724,1,1,1987,24,24,24,24,24,24,24,24,24,24
60724,2,1,1987,0,0,0,0,0,0,0,0,0,0
60724,3,1,1987,0,0,0,0,0,9,0,0,0,0
60725,1,1,1987,18,18,18,18,18,18,18,18,18,18
60726,0,1,1987,0,0,0,0,0,0,0,0,0,0
60726,1,1,1987,3,3,3,3,3,3,3,3,3,3
60727,1,1,1987,26,26,26,26,26,26,26,26,26,26
60727,2,1,1987,0,0,0,0,0,0,0,0,0,0
60727,3,1,1987,0,0,0,0,0,0,0,0,12,0
60727,4,1,1987,15,0,0,0,0,0,0,0,0,0
60727,5,1,1987,0,0,0,0,0,0,15,0,0,0
60728,0,1,1987,0,0,0,0,0,0,0,0,0,0
60728,1,1,1987,12,12,12,12,12,12,12,12,12,12
60729,0,1,1987,11,11,11,11,11,11,11,11,11,11
60729,1,1,1987,5,25,8,29,18,13,14,9,14,27
60730,1,1,1987,15,15,15,15,15,15,15,15,15,15
60730,2,1,1987,0,0,0,0,0,0,0,0,0,0
60731,1,1,1987,13,13,13,13,13,13,13,13,13,13
60732,1,1,1987,16,16,16,16,16,16,16,16,16,16
60732,2,1,1987,0,0,0,0,0,0,0,0,0,0
60733,1,1,1987,22,22,22,22,22,22,22,22,22,22
60733,2,1,1987,0,0,0,0,0,0,0,0,0,0
60734,0,1,1987,0,0,0,0,0,0,0,0,0,0
60734,1,1,1987,0,0,0,19,0,0,0,0,0,0
60735,1,1,1987,0,0,0,0,0,0,0,0,0,0
60735,2,1,1987,13,13,13,13,13,13,13,13,13,13
60736,1,1,1987,23,23,23,23,23,23,23,23,23,23
60736,2,1,1987,0,0,35,0,15,0,0,0,12,0
60737,0,1,1987,0,0,0,0,0,0,0,0,0,0
60737,1,1,1987,0,0,0,0,0,7,0,0,0,0
60737,2,1,1987,13,0,0,0,0,17,0,0,0,0
60737,3,1,1987,22,25,42,2,21,47,33,15,7,8
60738,1,1,1987,20,20,20,20,20,20,20,20,20,20
60739,1,1,1987,16,16,16,16,16,16,16,16,16,16
60740,1,1,1987,8,32,20,14,0,18,2,23,16,0
60741,1,1,1987,0,0,0,0,0,0,0,0,0,0
60741,2,1,1987,0,0,0,0,0,0,0,0,0,0
60742,1,1,1987,0,0,0,0,0,0,0,0,0,0
60743,0,1,1987,0,0,0,0,0,0,0,0,0,0
60743,1,1,1987,0,13,0,0,0,0,0,0,0,0
60744,1,1,1987,2,2,2,2,2,2,2,2,2,2
60745,1,1,1987,22,22,22,22,22,22,22,22,22,22
60745,2,1,1987,0,0,0,0,0,0,0,0,0,0
60746,1,1,1987,19,19,19,19,19,19,19,19,19,19
60747,1,1,1987,11,11,11,11,11,11,11,11,11,11
60748,1,1,1987,11,11,11,11,11,11,11,11,11,11
60748,2,1,1987,0,0,0,0,0,0,0,0,0,0
60749,1,1,1987,16,12,12,24,22,6,14,8,11,30
60749,2,1,1987,0,0,0,0,0,0,0,0,0,0
60750,0,1,1987,0,0,0,0,0,0,0,0,0,0
60750,1,1,1987,0,0,0,0,0,0,6,0,0,0
60751,1,1,1987,0,0,0,0,0,0,0,0,0,0
60752,1,1,1987,0,0,0,0,0,0,0,0,0,0
60753,1,1,1987,0,0,0,0,0,0,0,0,0,0
60753,2,1,1987,0,0,0,0,0,0,0,0,0,0
60754,0,1,1987,0,0,0,0,0,0,0,0,0,0
60754,1,1,1987,0,0,0,0,0,0,0,0,0,0
60755,1,1,1987,0,0,0,0,0,0,0,0,0,0
60756,0,1,1987,0,5,0,0,0,0,0,8,3,0
60756,0,2,1987,0,0,0,0,0,0,0,16,14,0
60756,1,1,1987,19,0,0,0,0,0,0,0,0,0
60757,1,1,1987,13,13,13,13,13,13,13,13,13,13
60758,1,1,1987,10,10,10,10,10,10,10,10,10,10
60759,0,1,1987,0,0,0,0,0,0,0,0,0,0
60759,1,1,1987,0,26,0,0,0,0,0,0,0,0
60760,1,1,1987,26,26,26,26,26,26,26,26,26,26
60761,1,1,1987,18,18,18,18,18,18,18,18,18,18
60762,1,1,1987,39,39,39,39,39,39,39,39,39,39
60763,1,1,1987,6,6,6,6,6,6,6,6,6,6
60764,0,1,1987,29,29,29,29,29,29,29,29,29,29
60764,1,1,1987,13,0,0,28,17,0,0,15,0,0
60765,1,1,1987,20,20,20,20,20,20,20,20,20,20
60766,0,1,1987,0,0,0,0,0,0,0,0,0,0
60766,1,1,1987,0,0,0,0,0,0,0,3,0,0
60767,1,1,1987,0,0,0,0,0,0,0,0,0,0
60767,2,1,1987,0,0,0,0,0,0,0,0,0,0
60768,0,1,1987,18,18,18,18,18,18,18,18,18,18
60768,1,1,1987,0,16,0,0,0,0,19,0,0,0
60769,0,1,1987,0,0,0,0,0,0,0,0,0,0
60769,0,2,1987,0,0,0,0,0,0,0,0,0,0
60769,0,3,1987,0,0,0,0,0,0,0,0,0,0
60769,1,1,1987,13,13,13,13,13,13,13,13,13,13
60770,1,1,1987,20,20,20,20,20,20,20,20,20,20
60771,0,1,1987,0,0,0,0,10,0,0,0,0,0
60771,1,1,1987,0,0,0,0,0,0,0,0,0,0
60772,1,1,1987,0,0,0,0,0,0,0,0,0,0
60772,2,1,1987,0,0,0,0,0,0,0,0,0,0
60773,1,1,1987,27,27,27,27,27,27,27,27,27,27
60773,2,1,1987,0,0,0,0,0,0,0,0,0,0
60774,1,1,1987,13,13,13,13,13,13,13,13,13,13
60774,2,1,1987,0,0,0,0,0,0,0,0,0,0
60775,1,1,1987,11,11,11,11,11,11,11,11,11,11
60776,1,1,1987,0,0,0,0,0,0,0,0,0,0
60777,1,1,1987,0,0,0,0,0,0,0,0,0,0
60777,2,1,1987,32,32,32,32,32,32,32,32,32,32
60778,1,1,1987,15,23,0,0,0,0,0,0,0,0
60778,2,1,1987,0,0,0,0,9,0,0,0,0,0
60779,1,1,1987,0,0,0,9,0,8,0,21,0,0
60780,1,1,1987,26,26,26,26,26,26,26,26,26,26
60781,1,1,1987,26,26,26,26,26,26,26,26,26,26
60782,1,1,1987,25,25,25,25,25,25,25,25,25,25
60783,1,1,1987,25,25,25,25,25,25,25,25,25,25
60784,1,1,1987,17,15,14,6,20,9,18,14,5,13
60785,1,1,1987,0,10,0,0,3,0,0,0,0,0
60785,2,1,1987,0,0,0,0,0,0,0,0,0,0
60786,1,1,1987,21,21,21,21,21,21,21,21,21,21
60786,2,1,1987,0,14,0,0,0,0,0,0,0,26
60787,1,1,1987,25,25,25,25,25,25,25,25,25,25
60787,2,1,1987,10,10,10,10,10,10,10,10,10,10