ST_CASE,VEH_NO,PER_NO,YEAR,P1,P2,P3,P4,P5,P6,P7,P8,P9,P10
60788,1,1,1987,0,0,0,0,0,0,0,0,0,0
60789,1,1,1987,0,0,0,0,0,0,0,0,0,0
60789,2,1,1987,0,0,0,0,0,0,0,0,0,0
60790,1,1,1987,0,0,0,0,0,0,0,0,0,0
60790,2,1,1987,0,0,0,0,0,0,0,0,0,0
60791,1,1,1987,0,0,0,0,0,0,0,0,0,0
60791,2,1,1987,0,0,0,0,0,0,0,0,0,0
60792,1,1,1987,0,0,0,0,0,0,0,0,0,0
60792,2,1,1987,15,17,0,0,0,0,0,0,0,0
60792,3,1,1987,0,0,0,0,0,0,0,0,0,0
60793,1,1,1987,0,0,0,0,0,0,0,0,0,0
60793,2,1,1987,0,0,0,0,0,0,0,0,0,0
60794,0,1,1987,13,13,13,13,13,13,13,13,13,13
60794,1,1,1987,12,12,12,12,12,12,12,12,12,12
60795,1,1,1987,0,0,0,0,0,0,0,0,0,0
60796,1,1,1987,0,0,0,0,0,0,0,0,0,0
60796,2,1,1987,0,0,0,0,0,0,0,0,0,0
60796,3,1,1987,0,0,0,0,0,0,0,0,0,0
60796,4,1,1987,0,0,0,0,0,0,0,0,0,0
60797,1,1,1987,0,0,0,0,0,0,0,0,0,0
60798,1,1,1987,28,28,28,28,28,28,28,28,28,28
60798,2,1,1987,0,0,0,0,0,0,0,0,0,0
60799,1,1,1987,29,17,0,0,15,10,0,16,0,0
60800,1,1,1987,0,0,0,0,0,0,0,0,0,0
60801,1,1,1987,21,21,21,21,21,21,21,21,21,21
60802,1,1,1987,34,34,34,34,34,34,34,34,34,34
60803,1,1,1987,16,16,16,16,16,16,16,16,16,16
60804,1,1,1987,18,18,18,18,18,18,18,18,18,18
60805,1,1,1987,0,25,33,17,10,30,0,22,25,15
60806,1,1,1987,0,0,0,0,0,0,0,0,0,0
60807,1,1,1987,0,0,0,0,27,0,0,0,0,0
60807,2,1,1987,0,0,0,0,0,0,0,0,0,0
60808,1,1,1987,13,12,25,20,0,0,26,0,0,24
60809,1,1,1987,16,16,16,16,16,16,16,16,16,16
60809,2,1,1987,0,0,0,0,0,0,0,0,0,0
60810,1,1,1987,0,0,0,0,0,0,0,0,0,0
60811,0,1,1987,15,17,6,5,4,0,3,18,4,0
60811,1,1,1987,0,0,13,0,0,0,15,0,0,0
60812,0,1,1987,28,28,28,28,28,28,28,28,28,28
60812,1,1,1987,0,0,0,0,0,0,0,0,0,0
60812,2,1,1987,0,0,0,0,0,0,0,0,14,0
60813,1,1,1987,0,0,0,0,0,0,0,0,18,0
60813,2,1,1987,0,0,0,0,0,0,0,0,0,0
60814,1,1,1987,17,17,17,17,17,17,17,17,17,17
60815,1,1,1987,0,0,0,0,0,0,0,0,0,0
60816,1,1,1987,0,0,0,0,0,0,0,0,0,0
60817,1,1,1987,12,12,12,12,12,12,12,12,12,12
60817,2,1,1987,23,8,21,15,4,11,13,15,23,18
60817,3,1,1987,0,0,0,0,0,0,0,0,0,0
60818,1,1,1987,0,0,0,0,0,0,0,0,0,0
60819,1,1,1987,0,0,0,0,0,0,0,0,0,0
60820,1,1,1987,0,0,0,0,0,0,0,0,0,0
60821,1,1,1987,0,0,0,0,0,0,0,0,0,0
60822,1,1,1987,19,19,19,19,19,19,19,19,19,19
60822,2,1,1987,0,0,0,0,0,0,0,0,0,0
60822,3,1,1987,0,0,0,0,0,0,0,0,0,0
60822,4,1,1987,0,0,0,0,0,0,0,0,0,0
60823,1,1,1987,0,0,0,0,0,0,0,0,0,0
60823,2,1,1987,0,9,0,0,9,15,0,7,11,0
60824,1,1,1987,22,22,22,22,22,22,22,22,22,22
60825,0,1,1987,0,0,0,0,0,0,0,0,0,0
60825,1,1,1987,0,0,0,0,0,0,0,0,0,0
60826,0,1,1987,0,0,0,0,0,0,0,0,0,0
60826,1,1,1987,0,0,0,0,0,0,0,0,0,0
60827,1,1,1987,5,5,5,5,5,5,5,5,5,5
60828,1,1,1987,0,0,0,0,0,0,0,0,0,0
60828,2,1,1987,0,0,0,0,0,0,0,0,0,0
60828,3,1,1987,0,0,0,0,0,0,0,0,0,2
60828,4,1,1987,0,0,0,0,0,0,0,0,0,0
60828,5,1,1987,0,0,0,0,0,0,0,0,0,0
60829,1,1,1987,10,10,10,10,10,10,10,10,10,10
60829,2,1,1987,0,27,0,0,0,0,12,0,20,0
60830,0,1,1987,0,0,0,0,0,0,0,0,0,0
60830,1,1,1987,0,0,0,0,0,0,0,0,0,0
60831,1,1,1987,10,10,10,10,10,10,10,10,10,10
60832,1,1,1987,6,6,6,6,6,6,6,6,6,6
60832,2,1,1987,0,0,4,0,0,0,0,0,0,0
60833,0,1,1987,0,0,0,0,0,0,0,0,0,0
60833,1,1,1987,0,0,0,0,0,0,0,0,0,0
60834,1,1,1987,25,25,25,25,25,25,25,25,25,25
60834,2,1,1987,0,0,0,0,0,0,0,0,0,0
60835,1,1,1987,0,0,0,0,0,0,0,0,0,0
60835,2,1,1987,5,5,5,5,5,5,5,5,5,5
60836,0,1,1987,16,16,16,16,16,16,16,16,16,16
60836,1,1,1987,0,0,0,0,0,0,0,0,0,0
60837,1,1,1987,17,17,17,17,17,17,17,17,17,17
60837,2,1,1987,0,0,0,0,0,0,0,0,0,0
60838,0,1,1987,0,0,0,0,0,0,0,0,0,0
60838,1,1,1987,0,8,0,13,28,13,23,12,0,6
60839,1,1,1987,16,16,16,16,16,16,16,16,16,16
60840,1,1,1987,16,6,8,9,2,0,15,15,12,7
60840,2,1,1987,12,12,12,12,12,12,12,12,12,12
60841,1,1,1987,0,0,0,0,0,0,0,0,0,0
60841,2,1,1987,28,16,22,11,11,9,9,11,3,19
60842,1,1,1987,0,0,0,0,0,0,0,0,0,0
60842,2,1,1987,17,0,9,0,0,14,0,0,0,0
60843,1,1,1987,0,0,0,0,0,0,0,0,0,0
60843,2,1,1987,0,0,0,0,0,0,0,0,10,0
60844,1,1,1987,0,0,0,0,0,0,0,0,0,0
60844,2,1,1987,0,0,0,0,0,0,0,0,0,0
60844,3,1,1987,0,0,0,0,0,0,0,0,21,0
60844,4,1,1987,0,11,0,0,0,0,0,0,0,0
60845,0,1,1987,0,0,0,0,0,0,0,0,0,0
60845,1,1,1987,0,0,0,0,0,0,0,0,0,0
60846,1,1,1987,0,0,0,0,7,0,0,0,0,0
60847,0,1,1987,18,18,18,18,18,18,18,18,18,18
60847,1,1,1987,13,6,7,0,0,9,0,0,0,0
60848,0,1,1987,27,27,27,27,27,27,27,27,27,27
60848,1,1,1987,0,0,0,0,0,0,0,0,0,0
60849,1,1,1987,11,11,11,11,11,11,11,11,11,11
60850,1,1,1987,15,0,0,0,0,16,16,0,21,0
60851,0,1,1987,0,0,0,0,0,18,26,0,15,0
60851,1,1,1987,0,0,0,0,0,0,0,0,0,0
60852,1,1,1987,32,32,32,32,32,32,32,32,32,32
60852,2,1,1987,0,0,0,0,0,12,0,17,0,0
60852,3,1,1987,0,0,0,0,7,0,0,0,0,0
60852,4,1,1987,0,0,0,0,0,25,0,0,0,1
60853,0,1,1987,7,7,7,7,7,7,7,7,7,7
60853,1,1,1987,0,0,0,0,0,9,14,15,0,0
60854,1,1,1987,23,23,23,23,23,23,23,23,23,23
60855,1,1,1987,0,0,0,0,0,0,0,0,0,0
60855,2,1,1987,0,0,0,0,0,0,0,0,0,0
60856,1,1,1987,16,16,16,16,16,16,16,16,16,16
60857,1,1,1987,25,25,25,25,25,25,25,25,25,25
60858,0,1,1987,0,0,0,0,0,30,0,0,0,0
60858,1,1,1987,13,16,16,11,13,0,0,0,34,0
60859,1,1,1987,4,4,4,4,4,4,4,4,4,4
60859,2,1,1987,0,0,0,0,0,0,0,0,0,0
60860,1,1,1987,9,9,9,9,9,9,9,9,9,9
60860,2,1,1987,0,7,0,0,0,13,0,0,0,0
60861,1,1,1987,0,0,0,0,0,0,0,0,0,0
60862,0,1,1987,0,0,0,0,0,0,0,0,0,0
60862,1,1,1987,0,0,0,0,0,13,0,11,0,0
60863,1,1,1987,16,0,13,10,18,9,12,10,14,15
60863,2,1,1987,0,0,0,0,0,15,0,0,0,0
60864,0,1,1987,0,0,0,0,0,0,0,0,0,0
60864,1,1,1987,0,0,0,0,0,0,0,0,0,0
60865,0,1,1987,0,0,0,0,0,0,0,0,0,0
60865,1,1,1987,0,0,26,0,0,0,0,0,0,0
60866,1,1,1987,0,0,0,0,0,0,0,0,0,0
60866,2,1,1987,0,0,0,0,0,0,0,0,0,0
60867,1,1,1987,19,19,19,19,19,19,19,19,19,19
60867,2,1,1987,0,0,0,0,0,0,0,0,0,0
60868,1,1,1987,7,7,7,7,7,7,7,7,7,7
60868,2,1,1987,0,0,0,0,0,0,0,0,0,0
60869,1,1,1987,8,8,8,8,8,8,8,8,8,8
60869,2,1,1987,9,9,9,9,9,9,9,9,9,9
60870,1,1,1987,0,0,0,0,0,0,0,0,0,0
60870,2,1,1987,2,2,2,2,2,2,2,2,2,2
60870,3,1,1987,0,0,0,0,0,0,0,0,0,0
60870,4,1,1987,0,0,0,0,0,0,0,0,0,0
60871,1,1,1987,15,15,15,15,15,15,15,15,15,15
60872,0,1,1987,0,0,0,0,0,0,0,0,0,0
60872,1,1,1987,0,0,0,0,12,24,0,0,0,0
60873,1,1,1987,13,13,13,13,13,13,13,13,13,13
60874,1,1,1987,13,13,13,13,13,13,13,13,13,13
60875,1,1,1987,0,0,0,0,0,0,0,0,0,0
60876,1,1,1987,13,13,13,13,13,13,13,13,13,13
60877,1,1,1987,0,0,0,0,0,0,0,0,0,0
60878,1,1,1987,6,6,6,6,6,6,6,6,6,6
60878,2,1,1987,0,0,0,0,0,0,0,0,0,0
60878,3,1,1987,0,0,8,0,0,0,6,0,0,4
60879,1,1,1987,0,0,0,0,0,0,0,0,0,0
60879,2,1,1987,0,0,0,0,0,0,0,0,0,0
60880,1,1,1987,12,12,12,12,12,12,12,12,12,12
60880,2,1,1987,0,0,0,0,0,0,0,0,0,0
60881,0,1,1987,0,0,0,0,0,0,0,0,0,0
60881,1,1,1987,0,0,0,0,0,0,0,0,0,0
60882,0,1,1987,0,0,0,0,0,0,0,0,0,0
60882,1,1,1987,0,0,0,0,0,0,0,0,0,0
60883,0,1,1987,21,21,21,21,21,21,21,21,21,21
60883,1,1,1987,0,0,0,0,0,0,0,0,0,0
60884,1,1,1987,18,18,18,18,18,18,18,18,18,18
60885,1,1,1987,16,16,16,16,16,16,16,16,16,16
60885,2,1,1987,14,14,14,14,14,14,14,14,14,14
60886,1,1,1987,0,0,0,0,0,0,0,0,0,0
60886,2,1,1987,0,0,0,0,0,0,0,0,0,0
60887,0,1,1987,0,0,0,0,0,0,0,0,0,0
60887,1,1,1987,0,0,0,0,0,0,0,0,0,0
60888,1,1,1987,1,1,1,1,1,1,1,1,1,1
60888,2,1,1987,0,0,0,0,0,0,0,0,0,0
60889,0,1,1987,2,2,2,2,2,2,2,2,2,2
60889,1,1,1987,14,14,14,14,14,14,14,14,14,14
60890,0,1,1987,28,28,28,28,28,28,28,28,28,28
60890,1,1,1987,0,0,0,0,0,0,0,0,0,21
60891,1,1,1987,20,20,20,20,20,20,20,20,20,20
60892,1,1,1987,16,16,16,16,16,16,16,16,16,16
60893,1,1,1987,0,0,0,0,0,0,0,0,0,0
60894,1,1,1987,0,0,0,0,0,0,0,0,0,0
60895,1,1,1987,11,11,11,11,11,11,11,11,11,11
60895,2,1,1987,0,0,0,0,0,0,0,0,0,0
60896,0,1,1987,0,22,15,45,0,25,14,0,26,23
60896,1,1,1987,15,0,0,0,0,0,0,0,0,0
60897,0,1,1987,0,0,0,0,0,0,0,0,0,0
60897,1,1,1987,0,0,0,0,0,0,0,0,0,0
60898,1,1,1987,16,16,16,16,16,16,16,16,16,16
60899,1,1,1987,32,32,32,32,32,32,32,32,32,32
60899,2,1,1987,0,0,0,0,0,0,0,0,0,0
60900,1,1,1987,15,15,15,15,15,15,15,15,15,15
60901,1,1,1987,0,0,0,0,0,0,0,0,0,0
60901,2,1,1987,0,0,0,0,0,0,0,0,0,0
60901,3,1,1987,0,0,0,0,0,0,0,0,0,0
60902,1,1,1987,0,0,0,0,0,0,0,0,0,0
60903,1,1,1987,18,18,18,18,18,18,18,18,18,18
60904,1,1,1987,16,16,16,16,16,16,16,16,16,16
60904,2,1,1987,24,24,24,24,24,24,24,24,24,24
60905,0,1,1987,0,0,0,0,0,0,0,0,0,0
60905,1,1,1987,0,0,0,0,0,0,0,0,0,0
60906,1,1,1987,0,0,0,0,0,0,0,0,0,0
60907,1,1,1987,0,0,0,0,0,0,0,0,0,0
60908,1,1,1987,13,13,13,13,13,13,13,13,13,13
60908,2,1,1987,0,0,0,0,0,0,0,0,0,0
60909,1,1,1987,9,0,0,0,0,0,0,0,0,0
60909,2,1,1987,0,0,0,0,0,0,0,0,0,0
60909,3,1,1987,0,0,0,0,0,0,0,0,0,0
60910,1,1,1987,0,0,0,0,0,0,0,0,0,0
60911,1,1,1987,0,0,0,0,0,0,0,0,0,0
60911,2,1,1987,0,0,0,0,0,0,0,0,0,0
60912,1,1,1987,19,19,19,19,19,19,19,19,19,19
60913,1,1,1987,13,13,13,13,13,13,13,13,13,13
60914,1,1,1987,0,0,0,0,0,0,0,0,0,0
60914,2,1,1987,0,0,0,0,0,0,0,0,0,0
60915,0,1,1987,0,0,0,0,0,0,0,0,0,0
60915,1,1,1987,0,0,0,12,0,0,0,0,0,21
60916,1,1,1987,9,9,9,9,9,9,9,9,9,9
60916,2,1,1987,0,0,0,0,0,0,0,0,0,0
60917,1,1,1987,0,0,0,0,0,0,0,0,0,0
60917,2,1,1987,0,0,0,0,0,0,0,0,0,0
60918,1,1,1987,0,0,0,0,0,0,0,0,0,0
60918,2,1,1987,8,0,7,0,0,15,0,0,0,0
60919,0,1,1987,0,0,0,0,0,0,0,0,0,0
60919,1,1,1987,0,0,0,0,0,0,0,0,0,0
60920,1,1,1987,0,0,0,0,0,0,0,0,0,0
60921,1,1,1987,25,25,25,25,25,25,25,25,25,25
60922,0,1,1987,0,0,0,0,0,0,0,0,0,0
60922,0,2,1987,0,0,0,0,0,0,0,0,0,0
60922,0,3,1987,0,0,0,0,0,0,0,0,0,0
60922,0,4,1987,0,0,0,0,0,0,0,0,0,0
60922,0,5,1987,0,0,0,0,0,0,0,0,0,0
60922,0,6,1987,0,0,0,0,0,0,0,0,0,0
60922,0,7,1987,11,0,0,0,0,0,0,0,0,0
60922,0,8,1987,0,0,3,0,0,0,0,0,0,0
60922,0,9,1987,0,0,0,0,0,0,0,0,0,0
60922,0,10,1987,0,0,0,0,0,0,0,0,0,0
60922,0,11,1987,0,0,0,0,0,0,0,0,0,0
60922,0,12,1987,0,0,0,0,0,0,0,0,0,0
60922,0,13,1987,0,0,0,0,0,0,0,0,0,0
60922,0,14,1987,0,0,0,0,0,0,0,0,0,0
60922,1,1,1987,0,10,0,0,0,0,0,0,0,0
60923,1,1,1987,0,0,0,0,0,0,0,0,0,0
60923,2,1,1987,0,0,0,0,0,0,0,0,0,0
60924,1,1,1987,19,19,19,19,19,19,19,19,19,19
60925,1,1,1987,19,19,19,19,19,19,19,19,19,19
60926,1,1,1987,11,11,11,11,11,11,11,11,11,11
60926,2,1,1987,0,0,0,0,0,0,0,0,0,0
60927,1,1,1987,15,15,15,15,15,15,15,15,15,15
60927,2,1,1987,0,0,0,0,0,0,0,0,0,0
60928,1,1,1987,16,16,16,16,16,16,16,16,16,16
60929,1,1,1987,10,10,10,10,10,10,10,10,10,10
60930,0,1,1987,13,13,13,13,13,13,13,13,13,13
60930,1,1,1987,0,0,0,0,0,0,0,0,0,0
60931,0,1,1987,16,0,23,0,10,0,7,0,0,0
60931,0,2,1987,0,0,0,0,0,0,0,0,0,0
60931,0,3,1987,8,0,5,0,22,0,0,0,5,14
60931,1,1,1987,0,0,0,0,0,0,0,0,0,0
60932,1,1,1987,0,0,0,0,0,0,0,0,0,0
60932,2,1,1987,9,9,9,9,9,9,9,9,9,9
60933,1,1,1987,0,0,0,0,0,0,0,0,0,0
60933,2,1,1987,0,4,0,0,5,0,0,0,0,14
60934,1,1,1987,21,21,21,21,21,21,21,21,21,21
60935,0,1,1987,0,0,0,0,0,0,0,0,0,0
60935,1,1,1987,15,15,15,15,15,15,15,15,15,15
60936,1,1,1987,10,10,10,10,10,10,10,10,10,10
60936,2,1,1987,0,0,0,0,0,0,0,0,0,0
60937,1,1,1987,0,0,0,0,0,0,0,0,0,0
60938,1,1,1987,12,12,12,12,12,12,12,12,12,12
60939,1,1,1987,13,13,13,13,13,13,13,13,13,13
60940,0,1,1987,19,19,19,19,19,19,19,19,19,19
60940,1,1,1987,2,2,2,2,2,2,2,2,2,2
60941,1,1,1987,0,0,0,0,0,0,0,0,0,0
60941,2,1,1987,0,0,0,0,0,0,0,0,0,0
60942,1,1,1987,16,16,16,16,16,16,16,16,16,16
60943,1,1,1987,0,0,0,0,0,0,0,0,0,0
60944,1,1,1987,0,0,0,0,0,0,0,0,0,0
60945,1,1,1987,0,0,0,0,0,0,0,0,0,0
60945,2,1,1987,0,0,0,0,0,0,0,0,0,0
60945,3,1,1987,0,0,0,0,0,0,0,0,0,0
60946,1,1,1987,0,0,0,0,0,0,0,0,0,0
60946,2,1,1987,0,0,0,0,0,0,0,0,0,0
60947,0,1,1987,0,0,0,0,0,0,0,0,0,0
60947,1,1,1987,0,0,0,10,0,0,0,0,0,0
60948,0,1,1987,5,0,0,0,22,0,0,0,0,0
60948,1,1,1987,0,0,0,0,0,0,0,0,0,0
60949,1,1,1987,25,25,25,25,25,25,25,25,25,25
60949,2,1,1987,0,0,0,0,0,0,0,0,0,0
60950,1,1,1987,14,14,14,14,14,14,14,14,14,14
60951,0,1,1987,27,27,27,27,27,27,27,27,27,27
60951,1,1,1987,10,10,0,16,11,26,8,3,18,0
60952,1,1,1987,0,0,0,0,0,0,0,0,0,0
60952,2,1,1987,0,0,0,0,0,0,0,0,0,0
60952,3,1,1987,0,0,0,0,0,0,0,0,0,0
60953,1,1,1987,27,27,27,27,27,27,27,27,27,27
60954,1,1,1987,0,0,0,0,0,0,0,0,0,0
60954,2,1,1987,0,0,0,0,0,0,0,0,0,0
60955,1,1,1987,0,4,6,0,0,0,0,0,0,0
60955,2,1,1987,0,28,0,0,0,0,0,0,0,0
60956,0,1,1987,0,0,0,0,0,0,0,0,0,0
60956,1,1,1987,17,0,0,0,0,0,0,20,13,0
60957,1,1,1987,10,10,10,10,10,10,10,10,10,10
60958,0,1,1987,6,0,23,0,12,24,0,0,0,0
60958,1,1,1987,0,0,0,0,0,0,0,0,0,0
60959,0,1,1987,0,0,0,0,0,0,0,0,0,0
60959,0,2,1987,0,0,0,0,0,0,0,0,0,0
60959,1,1,1987,0,0,0,0,0,0,0,0,0,0
60960,0,1,1987,30,30,30,30,30,30,30,30,30,30
60960,1,1,1987,0,8,0,0,0,0,0,0,0,0
60961,1,1,1987,32,32,32,32,32,32,32,32,32,32
60962,1,1,1987,0,0,0,0,0,0,0,0,0,0
60963,1,1,1987,0,0,0,0,0,0,0,0,0,0
60963,2,1,1987,0,0,0,0,0,0,0,0,0,0
60963,3,1,1987,0,0,0,0,0,0,0,0,0,0
60964,1,1,1987,0,0,0,0,0,0,0,11,0,0
60965,1,1,1987,22,22,22,22,22,22,22,22,22,22
60966,1,1,1987,17,17,17,17,17,17,17,17,17,17
60967,0,1,1987,20,20,20,20,20,20,20,20,20,20
60967,1,1,1987,27,7,17,14,20,21,7,15,18,20
60968,0,1,1987,9,9,9,9,9,9,9,9,9,9
60968,1,1,1987,21,9,9,16,15,0,22,26,13,19
60969,0,1,1987,0,0,0,0,0,0,0,0,0,0
60969,0,2,1987,0,0,0,0,0,0,0,0,0,0
60969,1,1,1987,0,0,0,0,0,0,0,0,0,0
60970,0,1,1987,9,9,9,9,9,9,9,9,9,9
60970,1,1,1987,0,0,16,14,0,0,0,0,6,0
60971,1,1,1987,0,0,0,0,0,0,0,0,0,0
60971,2,1,1987,17,14,20,15,19,10,18,14,17,6
60972,0,1,1987,28,28,28,28,28,28,28,28,28,28
60972,1,1,1987,25,0,0,0,0,0,0,0,0,0
60973,1,1,1987,5,5,5,5,5,5,5,5,5,5
60974,1,1,1987,0,0,0,0,0,0,0,0,0,0
60975,0,1,1987,0,0,0,0,0,0,0,0,0,0
60975,1,1,1987,0,0,0,0,0,0,11,0,23,9
60976,0,1,1987,20,20,20,20,20,20,20,20,20,20
60976,1,1,1987,0,0,0,0,0,0,0,0,0,0
60977,1,1,1987,0,0,0,0,0,0,0,0,0,0
60977,2,1,1987,16,0,10,0,0,0,0,0,0,0
60978,1,1,1987,15,15,15,15,15,15,15,15,15,15
60979,0,1,1987,0,0,0,0,0,0,0,0,0,0
60979,1,1,1987,5,5,5,5,5,5,5,5,5,5
60980,1,1,1987,31,31,31,31,31,31,31,31,31,31
60981,1,1,1987,3,3,3,3,3,3,3,3,3,3
60981,2,1,1987,0,0,0,0,0,0,0,0,0,0
60982,1,1,1987,12,12,12,12,12,12,12,12,12,12
60983,0,1,1987,0,0,0,0,0,0,0,0,0,0
60983,1,1,1987,15,15,15,15,15,15,15,15,15,15
60984,1,1,1987,0,0,0,0,0,0,0,0,0,0
60985,1,1,1987,11,11,11,11,11,11,11,11,11,11
60985,2,1,1987,0,0,0,0,0,0,0,0,0,0
60986,1,1,1987,16,16,16,16,16,16,16,16,16,16
60987,1,1,1987,0,0,0,0,0,0,0,0,0,0
60988,1,1,1987,0,0,0,0,0,0,0,0,0,0
60989,1,1,1987,26,26,26,26,26,26,26,26,26,26
60990,1,1,1987,5,5,5,5,5,5,5,5,5,5
60990,2,1,1987,19,19,19,19,19,19,19,19,19,19
60991,0,1,1987,0,0,0,0,0,0,0,0,0,0
60991,0,2,1987,0,0,0,0,0,0,0,0,0,0
60991,1,1,1987,24,24,24,24,24,24,24,24,24,24
60992,1,1,1987,28,28,28,28,28,28,28,28,28,28
60992,2,1,1987,0,0,0,0,0,0,0,0,0,0
60993,1,1,1987,0,0,0,0,0,0,0,0,0,0
60994,1,1,1987,0,0,0,0,0,0,0,0,0,0
60994,2,1,1987,0,0,0,0,0,0,0,0,0,0
60995,0,1,1987,25,25,25,25,25,25,25,25,25,25
60995,1,1,1987,0,0,3,0,0,0,0,0,0,0
60995,2,1,1987,0,0,15,0,0,0,0,0,0,0
60996,1,1,1987,17,17,17,17,17,17,17,17,17,17
60996,2,1,1987,0,0,0,0,0,0,0,0,0,0
60997,1,1,1987,27,27,27,27,27,27,27,27,27,27
60997,2,1,1987,0,0,0,0,0,0,0,0,0,0
60998,1,1,1987,0,0,0,0,0,0,0,0,0,0
60998,2,1,1987,0,0,0,0,0,0,0,0,0,0
60999,0,1,1987,0,0,0,0,0,0,0,0,0,0
60999,1,1,1987,0,0,0,0,0,0,0,0,0,0
61000,1,1,1987,0,0,0,0,0,15,0,0,0,0
61000,2,1,1987,0,0,0,0,0,0,0,0,0,0
61001,1,1,1987,11,11,11,11,11,11,11,11,11,11
61002,1,1,1987,0,0,0,0,0,0,0,0,0,0
61003,0,1,1987,0,0,0,0,0,0,0,0,0,0
61003,1,1,1987,0,0,0,18,0,0,6,0,0,0
61004,0,1,1987,0,0,0,0,0,0,0,0,0,0
61004,1,1,1987,0,12,0,0,0,0,0,0,0,0
61005,1,1,1987,43,25,4,45,24,18,49,46,9,46
61006,1,1,1987,0,0,0,0,0,0,0,0,0,0
61006,2,1,1987,0,0,0,0,0,0,0,0,0,0
61007,1,1,1987,0,0,0,0,0,0,0,0,0,0
61008,1,1,1987,0,0,0,0,0,0,0,0,13,0
61008,2,1,1987,0,0,0,0,0,0,0,0,0,0
61009,1,1,1987,20,20,20,20,20,20,20,20,20,20
61009,2,1,1987,0,0,0,0,0,0,0,0,0,0
61010,1,1,1987,5,5,5,5,5,5,5,5,5,5
61011,0,1,1987,18,18,18,18,18,18,18,18,18,18
61011,1,1,1987,0,9,0,0,16,0,11,7,0,0
61012,1,1,1987,22,22,22,22,22,22,22,22,22,22
61013,0,1,1987,0,0,0,0,0,0,0,0,0,0
61013,1,1,1987,0,0,0,0,0,0,0,0,0,0
61014,1,1,1987,0,0,0,0,0,0,0,0,0,0
61014,2,1,1987,14,14,14,14,14,14,14,14,14,14
61015,1,1,1987,16,16,16,16,16,16,16,16,16,16
61016,1,1,1987,0,0,0,0,0,0,0,0,0,0
61017,1,1,1987,15,15,15,15,15,15,15,15,15,15
61018,1,1,1987,0,0,0,0,0,0,0,0,0,0
61018,2,1,1987,0,0,0,0,0,0,0,0,0,0
61019,1,1,1987,0,0,0,0,0,0,0,0,0,0
61019,2,1,1987,0,0,0,0,0,0,0,0,0,0
61020,1,1,1987,0,0,0,0,0,0,0,0,0,0
61021,1,1,1987,22,22,22,22,22,22,22,22,22,22
61022,1,1,1987,0,0,0,0,0,0,0,0,0,0
61022,2,1,1987,0,0,0,0,0,0,0,0,0,0
61023,1,1,1987,5,0,0,0,0,0,0,0,0,0
61023,2,1,1987,0,0,0,0,0,0,0,0,0,0
61023,3,1,1987,0,0,0,0,24,0,0,0,0,0
61024,1,1,1987,22,22,22,22,22,22,22,22,22,22
61025,1,1,1987,0,0,0,0,0,0,0,0,0,0
61025,2,1,1987,0,0,0,0,0,0,0,0,0,0
61026,1,1,1987,22,22,22,22,22,22,22,22,22,22
61027,1,1,1987,0,0,0,0,0,0,0,0,0,0
61028,0,1,1987,19,19,19,19,19,19,19,19,19,19
61028,1,1,1987,0,0,0,0,0,0,0,0,0,0
61029,1,1,1987,23,23,23,23,23,23,23,23,23,23
61029,2,1,1987,0,0,0,0,0,0,0,0,0,0
61030,1,1,1987,0,0,0,0,0,0,0,0,0,0
61030,2,1,1987,0,0,0,0,0,0,0,0,0,0
61031,1,1,1987,22,22,22,22,22,22,22,22,22,22
61032,1,1,1987,17,17,17,17,17,17,17,17,17,17
61033,1,1,1987,0,0,0,0,0,0,0,0,0,0
61033,2,1,1987,0,0,0,0,0,0,0,0,20,0
61034,1,1,1987,0,0,0,0,0,0,0,0,0,0
61034,2,1,1987,5,0,0,0,0,0,0,0,0,0
61035,1,1,1987,0,0,0,0,0,0,0,0,0,0
61035,2,1,1987,0,0,0,0,0,0,0,0,0,0
61036,1,1,1987,9,9,9,9,9,9,9,9,9,9
61036,2,1,1987,0,0,0,0,0,0,0,0,17,0
61037,0,1,1987,0,0,0,0,0,0,0,0,0,0
61037,1,1,1987,0,0,0,0,10,0,3,15,0,0
61037,2,1,1987,0,0,0,0,0,0,0,0,0,0
61037,3,1,1987,0,15,0,0,0,0,0,0,0,0
61038,1,1,1987,0,0,0,0,0,0,0,0,0,0
61038,2,1,1987,0,0,0,0,0,0,0,0,0,0
61039,0,1,1987,0,0,0,0,0,0,0,0,0,0