ST_CASE,VEH_NO,PER_NO,YEAR,P1,P2,P3,P4,P5,P6,P7,P8,P9,P10
61039,1,1,1987,28,17,0,0,17,0,0,0,15,29
61040,0,1,1987,0,0,0,0,0,0,0,0,0,0
61040,1,1,1987,18,18,18,18,18,18,18,18,18,18
61041,1,1,1987,5,5,5,5,5,5,5,5,5,5
61041,2,1,1987,29,29,29,29,29,29,29,29,29,29
61043,1,1,1987,20,15,11,23,8,16,10,13,7,16
61044,0,1,1987,20,20,20,20,20,20,20,20,20,20
61044,1,1,1987,18,18,18,18,18,18,18,18,18,18
61045,1,1,1987,0,0,21,0,19,11,16,0,15,28
61045,2,1,1987,22,22,22,22,22,22,22,22,22,22
61045,3,1,1987,0,0,0,0,0,0,0,0,0,0
61045,4,1,1987,0,0,0,0,0,0,0,0,17,0
61045,5,1,1987,0,0,0,0,0,0,0,0,0,0
61046,1,1,1987,16,16,16,16,16,16,16,16,16,16
61047,1,1,1987,0,0,0,20,0,0,0,0,0,0
61047,2,1,1987,0,0,0,0,0,0,0,0,0,0
61048,1,1,1987,12,12,12,12,12,12,12,12,12,12
61048,2,1,1987,0,0,0,0,0,0,0,0,0,0
61049,1,1,1987,0,0,0,0,0,0,0,0,0,0
61050,1,1,1987,0,0,0,0,0,0,0,0,0,0
61051,1,1,1987,9,9,9,9,9,9,9,9,9,9
61051,2,1,1987,0,0,0,0,0,0,0,0,0,0
61051,3,1,1987,0,0,0,0,0,0,0,0,0,0
61051,4,1,1987,10,0,0,0,0,0,0,0,0,0
61052,1,1,1987,23,23,23,23,23,23,23,23,23,23
61053,0,1,1987,0,0,0,0,0,0,0,0,0,0
61053,1,1,1987,0,0,0,0,0,0,0,0,0,0
61054,1,1,1987,0,0,0,0,0,0,0,0,0,0
61054,2,1,1987,24,24,24,24,24,24,24,24,24,24
61054,3,1,1987,0,20,16,11,0,0,0,0,0,0
61055,1,1,1987,19,0,7,0,0,8,0,0,23,0
61055,2,1,1987,0,0,0,0,0,0,0,0,0,0
61056,1,1,1987,0,0,0,0,0,0,0,0,0,0
61057,1,1,1987,0,0,0,0,0,0,0,0,0,0
61058,0,1,1987,0,0,0,0,0,0,0,0,0,0
61058,1,1,1987,0,0,0,0,0,0,0,0,0,0
61059,1,1,1987,41,41,41,41,41,41,41,41,41,41
61060,1,1,1987,0,0,0,0,0,0,0,0,0,0
61060,2,1,1987,0,0,0,0,0,0,0,0,0,0
61061,1,1,1987,0,0,0,0,0,0,0,0,0,0
61061,2,1,1987,0,0,0,0,0,0,0,0,0,0
61062,1,1,1987,17,17,17,17,17,17,17,17,17,17
61063,1,1,1987,17,17,17,17,17,17,17,17,17,17
61064,1,1,1987,0,0,0,0,0,0,0,0,0,0
61065,1,1,1987,12,12,12,12,12,12,12,12,12,12
61065,2,1,1987,0,0,0,0,0,0,0,0,0,0
61066,1,1,1987,20,20,20,20,20,20,20,20,20,20
61067,1,1,1987,0,0,0,0,0,0,0,0,0,0
61068,1,1,1987,27,27,27,27,27,27,27,27,27,27
61069,1,1,1987,0,0,0,0,0,0,0,0,0,0
61070,0,1,1987,21,21,21,21,21,21,21,21,21,21
61070,1,1,1987,0,0,0,0,0,0,0,0,11,0
61071,0,1,1987,0,0,0,0,0,0,0,0,0,0
61071,1,1,1987,25,25,25,25,25,25,25,25,25,25
61071,2,1,1987,8,15,14,0,13,16,0,20,2,8
61072,0,1,1987,23,23,23,23,23,23,23,23,23,23
61072,1,1,1987,0,0,0,0,0,0,0,0,0,0
61073,1,1,1987,0,0,0,0,0,0,0,0,0,0
61074,1,1,1987,0,0,0,0,0,0,6,13,0,0
61075,1,1,1987,5,5,5,5,5,5,5,5,5,5
61076,1,1,1987,0,0,0,0,0,0,0,0,0,0
61076,2,1,1987,0,0,0,0,0,0,0,0,0,0
61077,1,1,1987,22,22,22,22,22,22,22,22,22,22
61077,2,1,1987,0,0,0,0,0,0,0,0,0,0
61078,1,1,1987,23,23,23,23,23,23,23,23,23,23
61078,2,1,1987,0,0,0,0,0,0,0,0,0,0
61079,0,1,1987,0,0,0,0,0,0,0,0,0,0
61079,1,1,1987,0,0,0,0,0,0,0,0,0,0
61080,1,1,1987,12,12,12,12,12,12,12,12,12,12
61080,2,1,1987,0,0,0,0,0,0,0,0,0,0
61080,3,1,1987,0,9,0,0,29,0,15,0,0,0
61081,1,1,1987,14,14,14,14,14,14,14,14,14,14
61082,1,1,1987,25,25,25,25,25,25,25,25,25,25
61082,2,1,1987,0,0,0,0,0,0,0,0,0,0
61083,1,1,1987,15,15,15,15,15,15,15,15,15,15
61083,2,1,1987,0,0,0,0,0,0,0,0,10,0
61084,1,1,1987,14,14,14,14,14,14,14,14,14,14
61084,2,1,1987,0,0,0,0,0,0,0,0,0,0
61085,1,1,1987,0,18,0,0,0,0,0,0,0,0
61086,1,1,1987,0,0,0,0,0,0,0,0,0,0
61086,2,1,1987,0,0,0,0,0,0,0,0,0,0
61087,1,1,1987,26,26,26,26,26,26,26,26,26,26
61088,0,1,1987,0,0,0,0,0,0,0,0,0,0
61088,1,1,1987,0,0,0,0,0,0,0,0,0,0
61089,1,1,1987,0,0,0,0,0,0,0,0,0,0
61089,2,1,1987,0,0,0,0,0,0,0,0,0,0
61090,1,1,1987,7,7,7,7,7,7,7,7,7,7
61090,2,1,1987,0,0,0,0,0,0,0,0,0,0
61091,0,1,1987,0,0,0,0,0,0,0,0,0,0
61091,1,1,1987,0,0,0,0,0,0,0,0,0,0
61092,0,1,1987,0,0,0,0,0,0,0,0,0,0
61092,0,2,1987,0,0,0,0,0,0,0,0,0,0
61092,1,1,1987,0,0,0,0,0,0,0,0,0,0
61093,0,1,1987,0,0,0,0,0,0,0,0,0,0
61093,1,1,1987,0,0,0,0,0,0,0,0,0,0
61094,1,1,1987,18,18,18,18,18,18,18,18,18,18
61094,2,1,1987,15,15,15,15,15,15,15,15,15,15
61095,1,1,1987,0,0,0,0,0,0,0,0,0,0
61096,1,1,1987,0,0,0,0,0,0,0,0,0,0
61096,2,1,1987,0,0,0,0,0,0,0,0,0,0
61097,1,1,1987,4,4,4,4,4,4,4,4,4,4
61098,1,1,1987,3,3,3,3,3,3,3,3,3,3
61098,2,1,1987,0,0,0,0,4,0,16,0,0,0
61098,3,1,1987,0,0,0,0,0,0,0,0,0,0
61098,4,1,1987,0,0,0,0,0,0,0,23,0,0
61099,1,1,1987,11,11,11,11,11,11,11,11,11,11
61100,1,1,1987,0,0,0,0,0,0,0,0,0,0
61100,2,1,1987,0,0,0,0,0,0,0,9,0,0
61101,1,1,1987,13,13,13,13,13,13,13,13,13,13
61102,1,1,1987,18,18,18,18,18,18,18,18,18,18
61102,2,1,1987,0,0,0,0,0,0,0,0,0,0
61103,0,1,1987,0,0,0,0,0,0,0,0,0,0
61103,1,1,1987,0,0,0,0,0,0,0,0,0,0
61104,1,1,1987,15,15,15,15,15,15,15,15,15,15
61105,0,1,1987,0,0,0,0,0,0,0,0,0,0
61105,1,1,1987,0,0,0,0,0,0,0,0,0,0
61106,1,1,1987,14,14,14,14,14,14,14,14,14,14
61107,1,1,1987,0,0,0,0,0,0,0,10,0,0
61107,2,1,1987,0,0,0,0,0,0,0,0,0,0
61108,1,1,1987,8,8,8,8,8,8,8,8,8,8
61109,1,1,1987,0,0,0,0,0,30,0,13,0,0
61109,2,1,1987,0,0,0,0,0,0,0,0,0,0
61109,3,1,1987,0,0,0,0,0,0,0,8,0,0
61109,4,1,1987,0,0,0,0,0,0,0,0,0,0
61110,0,1,1987,20,11,0,0,26,13,25,13,0,0
61110,1,1,1987,0,0,0,7,0,0,0,0,0,0
61111,0,1,1987,0,0,0,0,0,0,0,0,0,0
61111,1,1,1987,0,0,0,0,0,0,12,0,0,0
61112,1,1,1987,7,3,12,7,12,11,6,0,19,15
61113,1,1,1987,0,9,28,0,0,0,0,0,0,0
61114,1,1,1987,11,11,11,11,11,11,11,11,11,11
61115,1,1,1987,0,0,0,0,0,0,0,0,0,0
61115,2,1,1987,0,0,0,0,0,0,0,0,0,0
61116,1,1,1987,0,0,0,0,0,0,0,0,0,0
61116,2,1,1987,0,0,0,0,0,0,0,0,0,0
61116,3,1,1987,0,0,0,0,0,0,0,0,0,0
61117,1,1,1987,0,0,0,0,0,0,0,0,0,0
61118,1,1,1987,0,0,0,0,0,0,0,0,0,0
61118,2,1,1987,0,0,0,0,0,0,0,0,0,0
61119,0,1,1987,0,0,0,0,0,0,0,0,0,0
61119,1,1,1987,0,0,0,0,0,0,0,0,0,0
61120,1,1,1987,0,0,0,0,0,0,0,0,0,0
61121,1,1,1987,0,0,0,36,0,0,0,0,0,0
61121,2,1,1987,14,14,14,14,14,14,14,14,14,14
61122,1,1,1987,15,15,15,15,15,15,15,15,15,15
61122,2,1,1987,0,0,0,0,0,0,0,0,0,0
61123,1,1,1987,0,0,0,0,0,0,0,0,11,0
61124,1,1,1987,0,0,0,0,0,0,0,0,6,0
61125,1,1,1987,0,0,0,0,0,0,0,0,0,0
61125,2,1,1987,0,0,0,0,0,0,0,0,0,0
61126,1,1,1987,10,0,0,0,0,0,0,11,0,0
61126,2,1,1987,0,0,0,0,0,0,0,0,0,0
61127,1,1,1987,0,0,0,0,0,0,0,0,0,0
61127,2,1,1987,0,0,0,0,0,0,0,0,0,0
61128,1,1,1987,0,0,0,0,0,0,0,0,0,0
61128,2,1,1987,0,0,0,0,0,0,0,0,0,0
61129,1,1,1987,18,18,18,18,18,18,18,18,18,18
61130,1,1,1987,10,10,10,10,10,10,10,10,10,10
61130,2,1,1987,0,0,0,0,5,0,0,0,0,0
61130,3,1,1987,13,13,13,13,13,13,13,13,13,13
61130,4,1,1987,0,0,0,0,0,0,0,0,0,0
61130,5,1,1987,0,0,0,0,0,0,0,0,0,0
61130,6,1,1987,0,0,0,0,0,0,0,0,0,0
61130,7,1,1987,0,0,0,0,0,0,0,0,0,0
61131,1,1,1987,20,20,20,20,20,20,20,20,20,20
61131,2,1,1987,0,0,0,0,0,0,0,0,0,0
61132,1,1,1987,18,18,18,18,18,18,18,18,18,18
61133,1,1,1987,18,18,18,18,18,18,18,18,18,18
61134,1,1,1987,9,9,9,9,9,9,9,9,9,9
61135,0,1,1987,0,51,0,17,14,0,13,0,20,0
61135,1,1,1987,0,0,0,0,0,0,0,0,0,0
61136,1,1,1987,17,17,17,17,17,17,17,17,17,17
61137,1,1,1987,0,0,0,0,0,0,17,0,0,0
61137,2,1,1987,0,0,0,0,0,0,0,0,0,0
61138,0,1,1987,12,12,12,12,12,12,12,12,12,12
61138,1,1,1987,0,0,0,0,0,0,0,0,0,0
61139,1,1,1987,22,22,22,22,22,22,22,22,22,22
61139,2,1,1987,0,0,0,0,0,0,0,0,0,0
61140,1,1,1987,8,8,8,8,8,8,8,8,8,8
61141,0,1,1987,14,31,0,23,21,29,0,37,30,10
61141,1,1,1987,33,8,18,0,0,0,11,25,0,0
61142,0,1,1987,0,0,0,0,0,0,0,0,0,0
61142,1,1,1987,8,8,8,8,8,8,8,8,8,8
61143,0,1,1987,0,0,0,0,0,0,0,0,0,0
61143,1,1,1987,0,0,0,0,0,0,0,0,0,0
61144,1,1,1987,0,0,0,0,0,0,0,0,0,0
61144,2,1,1987,0,0,0,0,0,0,0,11,0,0
61145,0,1,1987,0,0,0,0,0,0,0,0,0,0
61145,1,1,1987,0,0,0,0,0,0,0,0,0,0
61146,1,1,1987,18,18,18,18,18,18,18,18,18,18
61147,1,1,1987,14,14,14,14,14,14,14,14,14,14
61147,2,1,1987,0,0,0,0,0,0,0,0,0,0
61148,0,1,1987,0,0,0,0,0,0,0,0,0,0
61148,1,1,1987,0,0,0,0,0,0,0,0,0,0
61149,1,1,1987,0,0,0,0,0,0,0,0,0,0
61150,1,1,1987,0,0,0,0,0,0,0,0,0,0
61150,2,1,1987,15,15,15,15,15,15,15,15,15,15
61151,0,1,1987,0,0,0,0,0,12,0,0,0,0
61152,0,1,1987,0,0,0,0,0,0,0,0,0,0
61152,1,1,1987,0,0,0,0,0,0,0,0,0,0
61153,1,1,1987,6,6,6,6,6,6,6,6,6,6
61153,2,1,1987,0,0,0,0,0,0,0,0,0,0
61154,1,1,1987,9,9,9,9,9,9,9,9,9,9
61155,1,1,1987,0,0,0,0,0,0,0,0,0,16
61156,1,1,1987,0,0,0,0,0,0,0,0,0,0
61156,2,1,1987,0,0,0,0,0,0,0,0,0,0
61157,0,1,1987,25,25,25,25,25,25,25,25,25,25
61157,1,1,1987,0,0,0,0,0,0,0,0,0,0
61157,2,1,1987,0,0,0,0,0,0,0,0,0,0
61158,1,1,1987,12,12,12,12,12,12,12,12,12,12
61158,2,1,1987,0,0,0,0,0,0,0,0,0,0
61159,0,1,1987,0,0,0,0,0,0,0,0,0,0
61159,0,2,1987,10,10,10,10,10,10,10,10,10,10
61159,0,3,1987,0,0,0,0,0,0,0,0,0,0
61159,0,4,1987,0,0,0,0,0,0,0,0,0,0
61159,1,1,1987,0,0,0,0,0,0,0,0,0,0
61159,2,1,1987,0,0,0,0,0,13,0,0,0,0
61160,1,1,1987,19,19,19,19,19,19,19,19,19,19
61160,2,1,1987,0,0,0,0,0,0,0,0,0,0
61161,1,1,1987,0,0,0,0,0,0,0,0,0,0
61161,2,1,1987,0,0,0,0,0,0,0,0,0,0
61162,1,1,1987,18,18,18,18,18,18,18,18,18,18
61163,1,1,1987,12,12,12,12,12,12,12,12,12,12
61163,2,1,1987,0,0,0,0,0,0,0,0,0,0
61163,3,1,1987,0,0,0,0,0,0,0,0,0,0
61164,0,1,1987,0,0,0,0,0,0,0,0,0,0
61164,0,2,1987,0,0,0,9,0,0,0,0,0,0
61164,1,1,1987,0,0,0,0,30,0,0,21,0,0
61165,1,1,1987,15,15,15,15,15,15,15,15,15,15
61166,1,1,1987,0,0,0,0,0,0,0,0,0,0
61166,2,1,1987,0,0,0,0,0,0,0,0,0,0
61166,3,1,1987,0,0,0,0,0,0,0,0,0,0
61167,1,1,1987,0,0,0,0,0,0,0,0,0,0
61167,2,1,1987,17,0,0,9,23,9,16,6,0,10
61168,1,1,1987,0,0,0,0,0,0,0,0,0,0
61168,2,1,1987,0,0,0,0,0,0,0,0,0,0
61169,1,1,1987,0,0,0,0,0,0,0,0,0,0
61169,2,1,1987,0,0,0,0,0,0,0,0,0,0
61170,1,1,1987,25,25,25,25,25,25,25,25,25,25
61170,2,1,1987,0,0,0,0,0,0,0,0,0,0
61171,1,1,1987,23,23,23,23,23,23,23,23,23,23
61172,0,1,1987,0,0,0,0,0,0,0,0,0,0
61172,1,1,1987,23,23,23,23,23,23,23,23,23,23
61173,0,1,1987,0,0,0,0,0,0,0,0,0,0
61173,1,1,1987,0,0,0,0,0,0,0,0,0,0
61174,1,1,1987,0,0,0,0,0,0,0,0,0,0
61175,1,1,1987,26,26,26,26,26,26,26,26,26,26
61176,1,1,1987,32,32,32,32,32,32,32,32,32,32
61177,0,1,1987,22,22,22,22,22,22,22,22,22,22
61177,1,1,1987,0,0,0,0,0,0,0,0,0,0
61178,0,1,1987,18,18,18,18,18,18,18,18,18,18
61178,1,1,1987,0,0,0,0,0,0,0,0,0,0
61178,2,1,1987,0,0,0,0,0,0,0,0,0,0
61179,0,1,1987,0,0,0,0,0,0,0,0,0,0
61179,1,1,1987,0,27,0,0,0,14,0,0,0,0
61179,3,1,1987,0,17,0,0,0,0,0,0,0,0
61180,1,1,1987,13,13,13,13,13,13,13,13,13,13
61181,1,1,1987,21,21,21,21,21,21,21,21,21,21
61182,0,1,1987,0,0,0,0,0,0,0,0,0,0
61182,0,2,1987,0,0,0,0,0,0,0,0,0,0
61182,1,1,1987,0,0,0,0,0,0,0,0,0,0
61183,1,1,1987,0,0,0,0,0,0,0,0,0,0
61184,1,1,1987,0,0,0,0,0,0,0,0,0,0
61185,1,1,1987,4,4,4,4,4,4,4,4,4,4
61185,2,1,1987,0,0,0,0,15,0,0,0,0,0
61185,3,1,1987,21,21,21,21,21,21,21,21,21,21
61186,1,1,1987,26,26,26,26,26,26,26,26,26,26
61186,2,1,1987,0,0,0,0,0,0,0,0,0,0
61186,3,1,1987,14,10,26,0,21,0,0,31,12,30
61186,4,1,1987,0,0,0,0,0,0,0,0,0,19
61187,1,1,1987,21,21,21,21,21,21,21,21,21,21
61187,2,1,1987,0,0,19,0,0,0,0,0,0,0
61187,3,1,1987,0,0,0,0,0,0,0,0,0,0
61187,4,1,1987,0,0,0,0,0,0,0,0,0,0
61187,5,1,1987,0,0,0,0,0,0,0,0,0,0
61188,1,1,1987,0,0,0,0,0,0,0,0,0,0
61189,1,1,1987,10,10,10,10,10,10,10,10,10,10
61190,0,1,1987,0,0,0,0,0,0,0,0,0,0
61190,1,1,1987,0,0,0,0,0,0,0,0,0,0
61191,1,1,1987,1,1,1,1,1,1,1,1,1,1
61192,1,1,1987,0,0,0,0,0,0,0,0,0,0
61193,1,1,1987,22,22,22,22,22,22,22,22,22,22
61194,1,1,1987,0,0,0,0,0,0,0,0,0,0
61194,2,1,1987,0,0,16,0,0,0,0,0,0,0
61195,1,1,1987,31,31,31,31,31,31,31,31,31,31
61195,2,1,1987,0,0,0,0,0,0,0,0,0,0
61196,1,1,1987,35,35,35,35,35,35,35,35,35,35
61196,2,1,1987,0,0,0,0,0,0,0,0,0,0
61197,1,1,1987,0,0,0,0,0,0,0,0,0,0
61197,2,1,1987,0,0,0,0,0,0,0,0,0,0
61198,1,1,1987,14,14,14,14,14,14,14,14,14,14
61199,1,1,1987,0,0,0,0,0,0,0,0,0,0
61200,1,1,1987,5,5,5,5,5,5,5,5,5,5
61201,1,1,1987,16,16,16,16,16,16,16,16,16,16
61202,1,1,1987,20,20,20,20,20,20,20,20,20,20
61203,1,1,1987,0,0,0,0,0,0,0,0,0,0
61204,0,1,1987,17,17,17,17,17,17,17,17,17,17
61204,1,1,1987,0,38,50,0,0,9,0,0,0,0
61205,0,1,1987,25,25,25,25,25,25,25,25,25,25
61205,1,1,1987,0,0,0,0,0,13,0,0,0,7
61206,1,1,1987,16,0,31,17,0,0,0,0,0,0
61206,2,1,1987,8,8,8,8,8,8,8,8,8,8
61207,1,1,1987,18,18,18,18,18,18,18,18,18,18
61208,1,1,1987,0,0,0,0,0,0,0,0,0,0
61209,1,1,1987,23,23,23,23,23,23,23,23,23,23
61210,0,1,1987,0,0,0,0,0,0,0,0,0,0
61210,1,1,1987,0,0,0,0,0,0,0,0,0,0
61211,1,1,1987,2,2,2,2,2,2,2,2,2,2
61211,2,1,1987,0,0,0,0,0,0,0,0,0,0
61212,1,1,1987,0,0,0,0,0,0,0,0,0,0
61213,0,1,1987,0,0,0,0,0,0,0,0,0,0
61213,1,1,1987,11,11,11,11,11,11,11,11,11,11
61214,1,1,1987,16,16,16,16,16,16,16,16,16,16
61215,1,1,1987,0,0,0,0,0,0,0,0,0,0
61216,1,1,1987,11,11,11,11,11,11,11,11,11,11
61217,1,1,1987,0,0,0,0,0,0,0,0,0,0
61218,1,1,1987,25,25,25,25,25,25,25,25,25,25
61219,1,1,1987,6,6,6,6,6,6,6,6,6,6
61220,1,1,1987,0,0,0,0,0,0,0,0,0,0
61221,1,1,1987,0,0,0,0,0,0,0,0,0,0
61221,2,1,1987,0,0,0,0,0,0,0,0,0,0
61221,3,1,1987,0,0,0,0,0,0,0,0,0,0
61222,1,1,1987,0,0,0,0,0,0,0,0,0,0
61223,1,1,1987,12,12,12,12,12,12,12,12,12,12
61224,1,1,1987,32,32,32,32,32,32,32,32,32,32
61225,1,1,1987,0,0,0,0,0,0,0,0,0,0
61226,1,1,1987,12,12,12,12,12,12,12,12,12,12
61227,0,1,1987,0,0,0,0,0,0,0,0,0,0
61227,1,1,1987,1,1,1,1,1,1,1,1,1,1
61228,1,1,1987,7,7,7,7,7,7,7,7,7,7
61228,2,1,1987,9,0,0,0,0,0,0,0,0,9
61229,1,1,1987,0,0,0,0,0,0,0,0,0,0
61229,2,1,1987,0,0,0,0,0,0,0,0,0,0
61230,0,1,1987,13,7,28,0,0,43,0,23,12,7
61230,1,1,1987,0,0,0,0,0,0,0,0,0,0
61231,1,1,1987,7,7,7,7,7,7,7,7,7,7
61231,2,1,1987,0,8,13,0,0,0,0,6,0,0
61232,1,1,1987,16,0,0,0,0,0,0,0,0,0
61233,1,1,1987,0,0,0,0,0,0,0,0,0,0
61235,1,1,1987,0,0,0,0,0,0,0,0,0,0
61235,2,1,1987,0,0,0,0,0,0,0,0,0,0
61236,1,1,1987,16,16,16,16,16,16,16,16,16,16
61236,2,1,1987,0,0,0,0,0,0,0,0,0,0
61237,1,1,1987,13,13,13,13,13,13,13,13,13,13
61237,2,1,1987,0,0,0,0,0,0,0,0,0,0
61238,1,1,1987,0,0,0,0,0,0,0,0,0,20
61239,1,1,1987,0,0,0,0,0,0,0,0,0,0
61239,2,1,1987,13,13,13,13,13,13,13,13,13,13
61240,1,1,1987,28,28,28,28,28,28,28,28,28,28
61240,2,1,1987,0,0,0,0,0,0,0,0,0,0
61241,1,1,1987,13,18,17,30,22,15,14,31,15,16
61242,1,1,1987,0,0,0,0,0,0,0,0,0,0
61242,2,1,1987,12,0,12,0,0,0,0,0,0,12
61243,0,1,1987,2,2,2,2,2,2,2,2,2,2
61243,1,1,1987,16,23,29,21,15,11,0,11,0,0
61244,1,1,1987,0,0,0,0,0,0,0,0,0,0
61244,2,1,1987,0,7,6,12,0,16,0,10,14,6
61245,1,1,1987,26,26,26,26,26,26,26,26,26,26
61246,1,1,1987,0,0,0,0,0,0,0,0,0,0
61246,2,1,1987,9,0,0,0,0,0,0,14,0,0
61247,1,1,1987,23,23,23,23,23,23,23,23,23,23
61248,1,1,1987,22,22,22,22,22,22,22,22,22,22
61249,0,1,1987,20,20,20,20,20,20,20,20,20,20
61249,1,1,1987,0,0,0,0,0,0,0,0,0,0
61250,1,1,1987,0,0,0,0,0,0,0,0,0,0
61251,0,1,1987,0,0,0,0,0,0,0,0,0,0
61251,1,1,1987,0,0,35,0,15,0,0,9,10,16
61252,1,1,1987,2,2,2,2,2,2,2,2,2,2
61253,1,1,1987,15,15,15,15,15,15,15,15,15,15
61254,1,1,1987,25,25,25,25,25,25,25,25,25,25
61255,1,1,1987,23,23,23,23,23,23,23,23,23,23
61256,0,1,1987,0,0,0,0,0,0,0,0,0,0
61256,1,1,1987,0,0,0,0,0,0,0,0,0,0
61257,1,1,1987,0,11,0,9,15,3,6,3,10,0
61258,1,1,1987,0,0,0,0,0,0,0,0,0,0
61258,2,1,1987,0,0,0,0,0,0,0,0,0,0
61259,1,1,1987,0,0,0,0,0,0,0,0,0,0
61260,1,1,1987,9,9,9,9,9,9,9,9,9,9
61261,1,1,1987,34,34,34,34,34,34,34,34,34,34
61262,1,1,1987,1,1,1,1,1,1,1,1,1,1
61262,2,1,1987,17,17,17,17,17,17,17,17,17,17
61263,1,1,1987,0,0,0,0,0,0,0,0,0,0
61264,1,1,1987,0,0,0,22,0,0,0,0,0,0
61264,2,1,1987,0,0,0,0,0,0,0,0,0,0
61265,1,1,1987,26,26,26,26,26,26,26,26,26,26
61265,2,1,1987,0,0,0,13,0,0,0,0,0,0
61266,1,1,1987,0,0,0,0,0,0,0,0,0,0
61267,1,1,1987,27,27,27,27,27,27,27,27,27,27
61267,2,1,1987,0,0,0,0,0,0,0,0,0,0
61267,3,1,1987,0,0,10,0,0,0,0,0,8,0
61268,1,1,1987,2,2,2,2,2,2,2,2,2,2
61269,0,1,1987,29,29,29,29,29,29,29,29,29,29
61269,1,1,1987,0,0,0,0,0,0,22,0,0,0
61270,1,1,1987,2,2,2,2,2,2,2,2,2,2
61271,1,1,1987,2,2,2,2,2,2,2,2,2,2
61272,1,1,1987,0,0,0,0,0,0,0,0,0,21
61273,1,1,1987,7,7,7,7,7,7,7,7,7,7
61273,2,1,1987,0,0,0,0,11,0,0,0,0,0
61274,1,1,1987,25,25,25,25,25,25,25,25,25,25
61274,2,1,1987,0,13,10,31,0,5,18,6,18,11
61275,0,1,1987,0,0,0,0,0,0,0,0,0,0
61275,1,1,1987,0,0,0,0,0,0,0,0,0,0
61276,1,1,1987,0,0,0,0,0,0,0,0,0,0
61276,2,1,1987,0,0,0,0,0,0,0,0,0,0
61277,1,1,1987,22,22,22,22,22,22,22,22,22,22
61278,1,1,1987,0,0,0,0,0,0,0,0,0,0
61278,2,1,1987,0,10,0,0,0,0,0,0,0,0
61278,3,1,1987,0,0,0,0,0,0,0,0,0,0
61279,1,1,1987,18,18,18,18,18,18,18,18,18,18
61279,2,1,1987,0,0,0,0,16,0,0,0,0,0
61279,3,1,1987,0,10,0,0,0,0,0,0,0,0
61280,1,1,1987,16,16,16,16,16,16,16,16,16,16
61281,1,1,1987,15,15,15,15,15,15,15,15,15,15
61282,0,1,1987,2,2,2,2,2,2,2,2,2,2
61282,0,2,1987,11,0,0,17,12,12,4,21,11,0
61282,1,1,1987,0,0,24,0,0,0,0,0,0,0
61283,0,1,1987,21,21,21,21,21,21,21,21,21,21
61283,1,1,1987,0,0,0,0,0,0,0,0,24,0
61284,1,1,1987,0,0,0,0,0,0,0,0,0,0
61285,1,1,1987,0,0,0,0,0,0,0,0,0,0
61285,2,1,1987,0,0,0,0,0,0,0,0,0,0
61286,1,1,1987,16,16,16,16,16,16,16,16,16,16
61286,2,1,1987,0,0,0,0,0,0,0,0,0,0
61287,1,1,1987,0,0,0,0,0,0,0,0,0,0
61287,2,1,1987,6,6,6,6,6,6,6,6,6,6
61288,1,1,1987,0,0,0,0,0,0,0,0,0,0
61289,1,1,1987,17,17,17,17,17,17,17,17,17,17
61289,2,1,1987,0,0,0,0,0,0,0,0,0,0
61290,0,1,1987,0,0,0,0,0,0,0,0,0,0
61290,1,1,1987,0,0,0,0,0,0,0,0,0,0
61291,1,1,1987,0,0,0,0,0,0,0,0,0,0
61291,2,1,1987,0,0,0,0,0,0,0,0,0,0
61292,1,1,1987,20,20,20,20,20,20,20,20,20,20
61292,2,1,1987,0,0,0,0,0,0,0,0,0,0
61293,1,1,1987,0,0,0,0,0,0,0,0,0,0
61294,1,1,1987,0,0,0,0,0,0,0,0,0,0
61294,2,1,1987,0,0,13,0,0,0,0,0,0,0
61294,3,1,1987,0,0,0,0,0,0,0,0,0,0
61295,1,1,1987,14,14,14,14,14,14,14,14,14,14
61296,1,1,1987,0,0,0,0,0,0,0,0,0,0
61296,2,1,1987,24,0,0,0,0,0,0,0,0,0
61296,3,1,1987,0,0,0,0,0,0,0,0,0,0
61296,4,1,1987,0,0,0,0,0,0,11,0,0,0
61297,0,1,1987,18,18,18,18,18,18,18,18,18,18
61297,1,1,1987,0,0,0,0,0,0,0,0,0,0
61298,0,1,1987,0,0,0,0,0,0,0,0,0,0
61298,1,1,1987,0,0,0,16,0,0,0,0,19,0
61299,1,1,1987,0,22,0,0,0,0,13,0,0,0