ST_CASE,VEH_NO,PER_NO,YEAR,P1,P2,P3,P4,P5,P6,P7,P8,P9,P10
61300,0,1,1987,0,0,0,0,0,0,0,0,0,0
61300,1,1,1987,10,10,10,10,10,10,10,10,10,10
61301,1,1,1987,0,0,0,0,0,0,0,0,0,0
61302,1,1,1987,0,0,0,0,0,0,0,0,0,0
61303,1,1,1987,0,0,0,0,14,0,0,0,0,0
61303,2,1,1987,0,0,0,0,0,0,0,0,0,0
61304,1,1,1987,0,0,0,0,0,0,0,0,0,0
61305,1,1,1987,0,0,0,0,0,0,0,0,0,0
61306,0,1,1987,27,27,27,27,27,27,27,27,27,27
61306,1,1,1987,0,34,22,18,27,0,23,0,0,21
61307,1,1,1987,0,0,0,0,0,0,0,0,0,0
61307,2,1,1987,0,0,7,0,0,0,0,0,0,0
61308,1,1,1987,30,16,19,21,15,0,33,0,19,0
61309,1,1,1987,0,0,0,0,0,0,0,0,0,0
61309,2,1,1987,0,0,0,0,0,0,0,0,0,0
61310,0,1,1987,0,0,0,0,0,0,0,0,0,0
61310,1,1,1987,0,0,0,0,0,0,0,0,0,0
61311,1,1,1987,0,0,0,0,0,0,0,0,0,0
61311,2,1,1987,0,0,0,0,0,0,0,0,10,0
61312,1,1,1987,17,17,17,17,17,17,17,17,17,17
61313,1,1,1987,37,37,37,37,37,37,37,37,37,37
61313,2,1,1987,0,0,0,0,0,0,0,0,0,0
61313,3,1,1987,0,0,0,0,0,0,0,0,0,0
61314,1,1,1987,30,30,30,30,30,30,30,30,30,30
61315,0,1,1987,0,0,0,0,0,0,0,0,0,0
61315,1,1,1987,0,0,11,0,0,20,0,0,0,30
61316,1,1,1987,0,0,0,0,0,0,0,0,0,0
61316,2,1,1987,21,0,15,14,0,0,0,20,0,19
61316,3,1,1987,0,0,0,0,0,0,0,0,0,0
61317,0,1,1987,8,8,8,8,8,8,8,8,8,8
61317,1,1,1987,0,0,0,0,0,0,0,0,0,0
61318,1,1,1987,1,1,1,1,1,1,1,1,1,1
61319,1,1,1987,0,0,0,0,0,0,0,0,0,0
61320,1,1,1987,27,27,27,27,27,27,27,27,27,27
61321,0,1,1987,0,0,0,0,0,0,0,0,0,0
61321,1,1,1987,8,8,8,8,8,8,8,8,8,8
61322,1,1,1987,0,0,0,0,0,0,0,0,0,0
61322,2,1,1987,0,0,0,0,0,0,0,0,0,0
61322,3,1,1987,0,9,0,0,0,0,0,0,17,19
61323,0,1,1987,31,36,17,12,20,18,33,14,34,3
61323,1,1,1987,17,17,17,17,17,17,17,17,17,17
61324,0,1,1987,26,26,26,26,26,26,26,26,26,26
61324,1,1,1987,3,3,3,3,3,3,3,3,3,3
61324,2,1,1987,0,0,0,0,0,0,0,0,0,0
61324,3,1,1987,0,7,0,0,0,8,0,0,0,0
61325,1,1,1987,0,0,0,0,0,0,0,0,0,0
61326,1,1,1987,0,0,0,0,0,0,0,0,0,0
61327,1,1,1987,17,0,0,0,0,0,0,12,0,0
61327,2,1,1987,0,0,0,0,0,0,0,0,0,0
61328,1,1,1987,12,12,12,12,12,12,12,12,12,12
61329,0,1,1987,9,0,0,0,0,0,0,23,0,0
61329,1,1,1987,0,0,0,0,0,0,0,0,0,0
61330,1,1,1987,0,0,0,0,13,0,0,0,0,0
61330,2,1,1987,0,0,0,25,6,15,0,35,10,0
61331,1,1,1987,26,26,26,26,26,26,26,26,26,26
61332,1,1,1987,2,2,2,2,2,2,2,2,2,2
61333,0,1,1987,0,0,0,0,0,0,0,0,0,0
61333,1,1,1987,0,0,0,0,0,0,0,0,0,0
61334,1,1,1987,0,0,0,0,10,25,19,0,11,0
61335,0,1,1987,13,13,13,13,13,13,13,13,13,13
61335,1,1,1987,0,0,3,0,0,6,0,0,0,0
61336,1,1,1987,0,0,0,0,0,0,0,0,0,0
61336,2,1,1987,0,0,0,0,0,0,0,0,0,0
61337,1,1,1987,18,18,18,18,18,18,18,18,18,18
61338,0,1,1987,23,23,23,23,23,23,23,23,23,23
61338,1,1,1987,0,0,0,0,26,0,18,0,0,0
61339,2,1,1987,0,14,0,0,0,0,0,0,0,0
61340,1,1,1987,9,9,9,9,9,9,9,9,9,9
61341,1,1,1987,0,0,0,0,0,0,0,0,0,0
61341,2,1,1987,0,0,0,0,0,0,0,0,0,0
61342,1,1,1987,0,0,0,0,0,0,0,0,0,0
61342,2,1,1987,0,0,0,0,0,0,0,0,0,0
61343,1,1,1987,21,21,21,21,21,21,21,21,21,21
61343,2,1,1987,0,0,0,0,0,0,0,0,0,0
61344,1,1,1987,0,0,0,0,0,0,0,0,0,0
61345,1,1,1987,0,0,0,0,0,0,0,0,0,0
61346,1,1,1987,0,0,0,0,0,0,0,0,0,0
61347,1,1,1987,24,24,24,24,24,24,24,24,24,24
61348,1,1,1987,0,0,0,0,0,0,0,0,0,0
61349,1,1,1987,0,0,0,0,0,0,0,0,0,0
61349,2,1,1987,0,0,0,0,0,0,0,0,0,0
61350,1,1,1987,0,0,0,0,0,0,0,0,0,0
61350,2,1,1987,9,9,9,9,9,9,9,9,9,9
61351,1,1,1987,29,29,29,29,29,29,29,29,29,29
61352,1,1,1987,0,0,0,8,29,0,11,0,21,0
61353,1,1,1987,4,14,0,24,9,16,0,0,11,6
61353,2,1,1987,8,16,16,19,6,28,13,10,14,5
61354,1,1,1987,9,9,9,9,9,9,9,9,9,9
61354,2,1,1987,0,0,0,0,0,0,0,0,0,0
61355,1,1,1987,0,0,0,0,0,0,0,0,0,0
61355,2,1,1987,0,0,0,0,0,0,0,0,0,0
61356,0,1,1987,21,21,21,21,21,21,21,21,21,21
61356,1,1,1987,0,9,0,6,5,0,0,0,0,0
61357,0,1,1987,21,21,21,21,21,21,21,21,21,21
61357,1,1,1987,13,13,13,13,13,13,13,13,13,13
61358,1,1,1987,10,10,10,10,10,10,10,10,10,10
61359,1,1,1987,0,0,0,0,0,0,0,0,0,0
61360,1,1,1987,12,12,12,12,12,12,12,12,12,12
61361,1,1,1987,16,16,16,16,16,16,16,16,16,16
61362,1,1,1987,0,0,0,0,0,0,0,0,0,0
61362,2,1,1987,0,0,0,0,0,0,0,0,0,0
61362,3,1,1987,0,0,0,0,0,0,10,0,0,0
61363,1,1,1987,0,0,0,0,0,0,0,0,0,0
61363,2,1,1987,0,0,0,0,0,11,0,0,0,0
61364,0,1,1987,38,35,20,29,31,0,16,20,0,4
61364,1,1,1987,25,25,25,25,25,25,25,25,25,25
61365,1,1,1987,0,0,0,0,0,0,0,0,0,0
61365,2,1,1987,23,23,23,23,23,23,23,23,23,23
61365,3,1,1987,0,0,0,0,0,0,0,0,0,0
61365,4,1,1987,0,0,0,0,0,0,0,0,0,0
61367,0,1,1987,0,0,0,5,0,0,0,0,0,15
61367,1,1,1987,0,0,0,0,0,0,0,0,0,0
61368,1,1,1987,16,16,16,16,16,16,16,16,16,16
61369,1,1,1987,13,13,13,13,13,13,13,13,13,13
61370,1,1,1987,10,23,15,13,18,14,0,16,8,40
61371,1,1,1987,0,0,0,0,0,0,0,0,0,0
61372,1,1,1987,0,0,0,0,0,0,0,0,0,0
61373,1,1,1987,0,0,0,0,0,0,0,0,0,0
61373,2,1,1987,0,14,0,0,0,0,0,0,0,0
61374,1,1,1987,17,17,17,17,17,17,17,17,17,17
61374,2,1,1987,0,0,0,0,0,0,0,0,0,0
61374,3,1,1987,0,0,0,0,0,0,0,0,0,0
61375,1,1,1987,6,6,6,6,6,6,6,6,6,6
61375,2,1,1987,0,0,0,11,0,18,0,0,0,0
61376,0,1,1987,0,0,0,0,0,0,0,0,0,0
61376,1,1,1987,15,15,15,15,15,15,15,15,15,15
61377,1,1,1987,0,0,0,0,0,0,0,0,0,0
61377,2,1,1987,0,0,0,0,0,0,0,0,0,0
61378,1,1,1987,5,5,5,5,5,5,5,5,5,5
61378,2,1,1987,0,0,0,0,0,4,0,0,0,0
61379,1,1,1987,16,16,16,16,16,16,16,16,16,16
61380,1,1,1987,20,20,20,20,20,20,20,20,20,20
61380,2,1,1987,0,0,0,0,0,0,0,0,0,0
61381,1,1,1987,13,13,13,13,13,13,13,13,13,13
61382,0,1,1987,0,9,0,0,0,17,17,0,0,0
61382,1,1,1987,0,9,0,10,0,17,0,0,23,0
61383,1,1,1987,0,0,0,0,0,0,0,0,0,0
61384,1,1,1987,0,0,0,0,0,0,0,0,0,0
61384,2,1,1987,0,25,0,0,0,0,0,0,0,0
61385,1,1,1987,0,0,0,0,0,26,0,0,0,8
61386,0,1,1987,27,0,0,15,0,0,0,25,0,25
61386,1,1,1987,19,19,19,19,19,19,19,19,19,19
61387,0,1,1987,23,23,23,23,23,23,23,23,23,23
61387,1,1,1987,5,5,5,5,5,5,5,5,5,5
61388,0,1,1987,0,0,0,0,0,0,0,0,0,0
61388,1,1,1987,0,0,0,0,0,0,0,0,0,0
61388,2,1,1987,0,0,0,0,0,0,0,0,0,0
61388,3,1,1987,0,0,0,0,0,0,0,0,0,0
61389,1,1,1987,0,0,0,0,0,0,0,0,0,0
61389,2,1,1987,0,0,0,0,0,0,0,0,0,0
61390,1,1,1987,0,0,0,0,0,0,0,0,0,0
61391,0,1,1987,0,0,0,0,0,0,0,0,0,0
61391,1,1,1987,0,0,0,0,0,0,0,0,0,0
61392,1,1,1987,0,0,0,0,0,0,0,0,0,0
61392,2,1,1987,0,0,0,0,8,16,0,0,0,15
61393,1,1,1987,7,7,7,7,7,7,7,7,7,7
61394,1,1,1987,0,0,0,0,15,0,0,0,0,0
61394,2,1,1987,0,0,0,0,0,0,0,0,0,0
61395,1,1,1987,14,14,14,14,14,14,14,14,14,14
61396,1,1,1987,8,8,8,8,8,8,8,8,8,8
61397,1,1,1987,18,18,18,18,18,18,18,18,18,18
61398,1,1,1987,24,24,24,24,24,24,24,24,24,24
61399,1,1,1987,26,26,26,26,26,26,26,26,26,26
61399,2,1,1987,0,0,0,0,0,0,0,0,0,0
61400,1,1,1987,16,16,16,16,16,16,16,16,16,16
61401,1,1,1987,0,0,0,0,0,0,0,0,0,0
61401,2,1,1987,0,0,0,0,0,0,0,0,0,0
61402,1,1,1987,22,22,22,22,22,22,22,22,22,22
61402,2,1,1987,0,0,0,0,0,0,0,0,0,0
61403,0,1,1987,0,0,0,0,0,0,0,0,0,0
61403,1,1,1987,0,0,0,0,0,0,0,0,0,0
61404,1,1,1987,0,0,0,0,0,0,0,0,0,0
61404,2,1,1987,0,0,0,0,0,0,0,0,0,0
61405,1,1,1987,14,14,14,14,14,14,14,14,14,14
61406,1,1,1987,0,0,0,0,0,0,0,0,0,0
61406,2,1,1987,0,0,0,0,0,0,0,0,0,0
61407,1,1,1987,14,14,14,14,14,14,14,14,14,14
61407,2,1,1987,16,0,0,0,0,0,0,0,0,0
61408,0,1,1987,0,0,0,0,0,0,0,0,0,0
61408,1,1,1987,0,14,0,7,0,20,6,0,8,41
61409,1,1,1987,0,0,0,0,0,0,0,0,0,0
61410,1,1,1987,0,0,0,0,0,0,0,0,0,0
61411,0,1,1987,0,0,0,0,0,0,0,0,0,0
61411,1,1,1987,0,0,0,0,0,0,0,0,0,0
61412,1,1,1987,23,23,23,23,23,23,23,23,23,23
61413,1,1,1987,0,0,0,0,0,0,0,0,0,0
61414,1,1,1987,0,0,0,0,0,0,0,0,6,0
61414,2,1,1987,0,0,0,0,0,0,0,0,0,0
61415,0,1,1987,19,19,19,19,19,19,19,19,19,19
61415,1,1,1987,0,0,0,0,7,0,0,8,0,0
61416,0,1,1987,0,0,0,0,0,0,0,0,0,0
61416,1,1,1987,0,0,0,0,0,0,0,0,0,0
61417,1,1,1987,39,39,39,39,39,39,39,39,39,39
61418,1,1,1987,0,0,0,0,0,0,0,0,0,0
61418,2,1,1987,0,0,0,0,0,0,0,0,0,0
61419,1,1,1987,0,0,0,0,0,0,0,0,0,0
61419,2,1,1987,0,0,0,0,0,0,0,0,0,0
61420,1,1,1987,17,17,17,17,17,17,17,17,17,17
61420,2,1,1987,0,0,0,0,0,0,13,0,0,0
61421,0,1,1987,0,0,0,0,0,0,0,0,0,0
61421,1,1,1987,0,0,0,0,18,0,0,0,0,0
61422,0,1,1987,0,0,10,0,0,0,0,0,0,16
61422,1,1,1987,0,0,0,0,0,0,0,0,0,0
61423,0,1,1987,0,0,0,0,0,0,0,0,0,17
61423,1,1,1987,0,0,0,0,0,0,0,0,0,0
61423,2,1,1987,0,0,0,0,0,34,0,0,0,0
61424,0,1,1987,0,0,0,0,0,0,0,0,0,0
61424,1,1,1987,0,0,0,0,0,0,0,0,0,0
61425,1,1,1987,0,0,0,0,0,0,0,0,0,0
61425,2,1,1987,0,0,0,0,0,0,14,0,0,0
61426,0,1,1987,0,0,0,0,0,0,0,0,0,0
61426,1,1,1987,30,10,0,0,0,0,0,0,0,0
61427,0,1,1987,0,9,0,0,18,0,0,0,16,0
61427,1,1,1987,0,0,0,0,0,0,0,0,0,0
61427,2,1,1987,0,0,0,0,0,0,0,0,0,0
61428,1,1,1987,27,27,27,27,27,27,27,27,27,27
61429,1,1,1987,15,15,15,15,15,15,15,15,15,15
61430,1,1,1987,12,12,12,12,12,12,12,12,12,12
61431,1,1,1987,12,12,12,12,12,12,12,12,12,12
61431,2,1,1987,11,0,0,16,0,0,0,0,0,0
61432,1,1,1987,27,27,27,27,27,27,27,27,27,27
61433,1,1,1987,14,14,14,14,14,14,14,14,14,14
61434,1,1,1987,0,0,0,0,0,0,0,0,0,0
61435,0,1,1987,0,0,0,0,0,0,0,0,0,0
61435,1,1,1987,0,0,0,0,0,0,0,0,0,0
61436,1,1,1987,0,11,0,0,0,0,0,0,0,0
61436,2,1,1987,0,0,0,0,0,0,0,0,0,0
61437,1,1,1987,19,19,19,19,19,19,19,19,19,19
61438,1,1,1987,17,17,17,17,17,17,17,17,17,17
61439,1,1,1987,26,26,26,26,26,26,26,26,26,26
61439,2,1,1987,0,0,0,0,7,0,0,0,0,0
61440,0,1,1987,21,21,21,21,21,21,21,21,21,21
61440,1,1,1987,0,0,19,0,0,0,0,0,0,0
61441,1,1,1987,7,7,7,7,7,7,7,7,7,7
61442,1,1,1987,21,21,21,21,21,21,21,21,21,21
61442,2,1,1987,0,0,0,0,0,0,0,0,0,0
61443,1,1,1987,0,0,0,0,0,0,0,0,0,0
61443,2,1,1987,4,4,4,4,4,4,4,4,4,4
61444,1,1,1987,0,0,0,0,0,0,0,0,0,0
61444,2,1,1987,0,0,0,0,0,0,0,0,0,0
61445,0,1,1987,31,31,31,31,31,31,31,31,31,31
61445,0,2,1987,12,9,32,0,0,22,0,0,16,0
61445,1,1,1987,4,4,4,4,4,4,4,4,4,4
61446,1,1,1987,39,39,39,39,39,39,39,39,39,39
61447,1,1,1987,16,16,16,16,16,16,16,16,16,16
61448,1,1,1987,12,12,12,12,12,12,12,12,12,12
61449,1,1,1987,0,0,0,0,0,0,0,0,0,0
61450,0,1,1987,18,18,18,18,18,18,18,18,18,18
61450,1,1,1987,0,0,0,0,0,0,0,0,0,0
61451,1,1,1987,0,0,0,0,0,0,0,0,0,0
61452,0,1,1987,0,0,0,0,0,0,0,0,0,0
61452,1,1,1987,0,0,0,0,0,0,0,0,0,0
61453,1,1,1987,0,0,0,0,0,0,0,0,0,0
61453,2,1,1987,0,0,0,0,0,0,0,19,0,0
61454,1,1,1987,2,2,2,2,2,2,2,2,2,2
61454,2,1,1987,0,0,0,11,0,0,0,0,0,0
61455,1,1,1987,23,23,23,23,23,23,23,23,23,23
61456,1,1,1987,5,5,5,5,5,5,5,5,5,5
61457,1,1,1987,6,0,0,0,0,15,0,0,9,0
61457,2,1,1987,0,0,0,0,0,0,0,3,0,0
61458,1,1,1987,0,0,21,0,0,9,0,27,19,11
61458,2,1,1987,0,0,0,0,14,0,0,0,0,0
61458,3,1,1987,0,0,0,0,0,0,4,0,0,0
61459,1,1,1987,0,0,0,0,0,0,0,0,0,9
61459,2,1,1987,0,0,12,0,0,0,0,0,0,0
61460,1,1,1987,0,0,0,0,0,0,0,0,0,0
61460,2,1,1987,0,5,10,0,0,0,0,0,0,0
61460,3,1,1987,0,0,0,0,0,0,0,0,0,0
61461,1,1,1987,12,12,12,12,12,12,12,12,12,12
61462,1,1,1987,25,25,25,25,25,25,25,25,25,25
61463,0,1,1987,0,0,0,0,0,0,0,0,0,0
61463,1,1,1987,0,0,0,0,0,0,0,0,0,0
61464,1,1,1987,0,0,0,0,0,0,0,0,0,0
61465,1,1,1987,28,28,28,28,28,28,28,28,28,28
61466,0,1,1987,31,31,31,31,31,31,31,31,31,31
61466,1,1,1987,0,8,0,0,0,0,0,8,0,0
61466,2,1,1987,0,0,0,0,0,0,0,12,0,0
61467,1,1,1987,20,20,20,20,20,20,20,20,20,20
61468,0,1,1987,0,21,0,0,0,0,0,0,0,0
61468,0,2,1987,0,0,0,0,0,0,0,0,0,0
61468,1,1,1987,0,0,0,0,0,0,0,0,0,9
61469,1,1,1987,0,0,0,0,0,0,0,0,0,0
61469,2,1,1987,0,0,0,0,0,0,0,0,0,0
61471,1,1,1987,26,26,26,26,26,26,26,26,26,26
61471,2,1,1987,0,0,0,0,0,0,0,0,0,0
61472,1,1,1987,14,14,14,14,14,14,14,14,14,14
61473,1,1,1987,15,15,15,15,15,15,15,15,15,15
61473,2,1,1987,0,0,0,0,0,0,0,0,0,0
61474,1,1,1987,4,4,4,4,4,4,4,4,4,4
61474,2,1,1987,0,0,0,0,0,0,0,0,0,0
61475,1,1,1987,0,0,19,9,18,0,15,7,6,2
61475,2,1,1987,0,0,0,0,0,0,0,0,0,0
61476,1,1,1987,0,0,0,0,0,0,0,0,0,0
61477,1,1,1987,0,0,10,0,0,7,0,0,0,0
61477,2,1,1987,0,0,0,0,0,0,0,0,0,0
61478,0,1,1987,0,0,0,0,0,0,0,0,0,0
61478,1,1,1987,0,0,0,0,0,0,0,0,3,0
61479,0,1,1987,0,0,0,0,0,0,0,0,0,0
61479,1,1,1987,0,0,0,0,0,0,0,0,0,0
61480,1,1,1987,0,0,0,0,0,0,0,0,0,0
61480,2,1,1987,3,3,3,3,3,3,3,3,3,3
61481,1,1,1987,0,0,0,0,0,0,0,0,0,0
61482,1,1,1987,13,13,13,13,13,13,13,13,13,13
61483,1,1,1987,17,17,17,17,17,17,17,17,17,17
61483,2,1,1987,0,0,0,0,0,0,0,0,18,0
61483,3,1,1987,9,9,9,9,9,9,9,9,9,9
61484,1,1,1987,7,7,7,7,7,7,7,7,7,7
61484,2,1,1987,0,0,0,0,0,0,0,0,0,0
61484,3,1,1987,0,0,6,11,0,0,0,0,0,0
61485,1,1,1987,0,0,0,0,0,0,0,0,0,0
61486,1,1,1987,14,14,14,14,14,14,14,14,14,14
61486,2,1,1987,0,0,0,0,0,0,0,0,0,0
61487,1,1,1987,3,3,3,3,3,3,3,3,3,3
61487,2,1,1987,0,0,0,0,0,0,0,0,19,0
61488,1,1,1987,14,4,6,11,12,16,9,10,0,19
61488,2,1,1987,0,0,0,0,0,0,0,0,0,0
61489,1,1,1987,0,24,20,0,9,0,11,15,0,0
61490,0,1,1987,0,0,0,0,0,0,0,0,0,0
61490,1,1,1987,0,0,0,0,0,0,0,0,0,0
61491,1,1,1987,25,25,25,25,25,25,25,25,25,25
61491,2,1,1987,0,0,0,0,0,0,0,0,0,0
61492,1,1,1987,23,23,23,23,23,23,23,23,23,23
61493,1,1,1987,12,12,12,12,12,12,12,12,12,12
61494,1,1,1987,43,43,43,43,43,43,43,43,43,43
61495,1,1,1987,29,29,29,29,29,29,29,29,29,29
61496,0,1,1987,0,0,0,0,0,0,0,0,0,0
61496,1,1,1987,0,0,0,0,0,0,0,0,0,0
61497,1,1,1987,0,0,0,30,0,0,0,4,0,0
61498,1,1,1987,0,0,0,0,0,0,0,0,0,0
61498,2,1,1987,0,0,0,0,0,0,0,0,0,0
61499,1,1,1987,0,0,0,0,0,0,0,0,0,0
61499,2,1,1987,0,0,0,0,0,0,0,0,0,0
61500,0,1,1987,20,13,0,28,0,29,0,0,0,6
61500,1,1,1987,0,0,0,0,0,0,28,0,0,0
61501,1,1,1987,22,22,22,22,22,22,22,22,22,22
61501,2,1,1987,0,0,0,0,0,0,0,0,0,0
61502,0,1,1987,0,0,0,0,0,0,0,0,0,0
61502,1,1,1987,16,16,16,16,16,16,16,16,16,16
61503,1,1,1987,0,0,0,0,0,0,0,0,0,0
61503,2,1,1987,0,0,0,0,0,0,0,0,0,0
61503,3,1,1987,0,0,0,0,0,0,0,0,0,0
61505,1,1,1987,11,11,11,11,11,11,11,11,11,11
61506,1,1,1987,0,0,0,0,0,0,0,0,0,0
61507,1,1,1987,17,17,17,17,17,17,17,17,17,17
61507,2,1,1987,0,0,0,0,0,0,0,0,0,0
61507,3,1,1987,0,0,0,0,0,0,0,0,0,0
61508,1,1,1987,2,2,2,2,2,2,2,2,2,2
61508,2,1,1987,0,0,0,0,0,0,0,0,0,0
61509,1,1,1987,0,0,0,0,0,0,0,0,0,0
61510,1,1,1987,3,3,3,3,3,3,3,3,3,3
61510,2,1,1987,0,0,0,0,0,0,0,0,0,0
61511,1,1,1987,0,0,0,0,0,0,0,0,0,0
61511,2,1,1987,0,0,0,0,0,0,0,0,0,0
61511,3,1,1987,0,0,0,0,0,0,0,0,0,0
61512,0,1,1987,0,0,0,0,0,0,0,0,0,0
61512,1,1,1987,0,0,0,0,0,0,0,0,0,0
61513,1,1,1987,0,0,0,0,0,0,0,0,0,0
61514,1,1,1987,0,0,0,0,0,0,0,0,0,0
61514,2,1,1987,0,0,0,0,0,0,0,0,0,0
61515,1,1,1987,0,0,0,0,0,0,0,0,0,0
61515,2,1,1987,0,0,0,0,0,0,0,0,0,0
61516,1,1,1987,0,0,0,0,0,0,0,0,0,0
61517,1,1,1987,0,0,0,0,0,0,0,0,0,0
61517,2,1,1987,0,0,0,0,0,0,0,0,0,0
61518,1,1,1987,0,0,0,0,0,0,0,0,0,0
61518,2,1,1987,0,0,0,0,0,0,0,0,3,0
61519,1,1,1987,0,0,0,0,0,0,0,0,0,0
61519,2,1,1987,0,0,0,0,0,0,0,0,0,0
61520,1,1,1987,0,0,8,0,0,0,0,0,0,0
61520,2,1,1987,0,0,0,0,0,0,0,0,0,0
61521,1,1,1987,0,0,0,0,0,0,0,0,0,0
61521,2,1,1987,0,0,0,0,0,0,0,0,0,0
61522,1,1,1987,17,0,9,0,0,0,12,0,20,0
61522,2,1,1987,0,13,14,7,8,21,0,10,7,6
61523,0,1,1987,0,0,0,0,0,0,0,0,0,0
61523,1,1,1987,0,0,0,0,0,0,0,0,0,0
61524,1,1,1987,0,0,0,0,0,0,0,0,0,0
61524,2,1,1987,0,0,0,0,0,0,0,0,0,0
61525,0,1,1987,10,10,10,10,10,10,10,10,10,10
61525,1,1,1987,0,0,22,0,0,9,0,17,2,45
61526,1,1,1987,0,0,0,0,0,16,0,12,13,0
61526,2,1,1987,0,0,0,0,0,0,0,0,0,0
61527,1,1,1987,19,19,19,19,19,19,19,19,19,19
61528,1,1,1987,15,15,15,15,15,15,15,15,15,15
61529,1,1,1987,24,24,24,24,24,24,24,24,24,24
61530,1,1,1987,0,0,0,0,0,0,0,0,0,0
61531,1,1,1987,0,0,0,0,0,0,0,0,0,0
61532,1,1,1987,9,9,9,9,9,9,9,9,9,9
61532,2,1,1987,10,28,6,14,15,22,19,4,22,17
61533,1,1,1987,0,0,0,0,0,0,0,0,0,0
61534,1,1,1987,0,0,0,0,0,0,0,0,0,0
61534,2,1,1987,0,0,0,0,0,0,0,0,0,0
61535,1,1,1987,0,0,0,0,0,0,0,0,0,0
61535,2,1,1987,0,0,0,0,0,0,0,0,0,0
61536,1,1,1987,0,0,0,0,0,0,0,0,0,0
61536,2,1,1987,0,0,0,17,0,0,0,0,10,0
61537,1,1,1987,0,0,0,0,0,0,0,0,0,0
61538,1,1,1987,0,0,0,0,0,0,0,0,0,0
61539,1,1,1987,9,9,9,9,9,9,9,9,9,9
61540,1,1,1987,0,0,0,0,0,0,0,0,0,0
61540,2,1,1987,0,0,0,0,0,0,0,0,0,0
61541,0,1,1987,0,0,0,0,0,0,0,0,0,0
61541,1,1,1987,0,0,0,0,0,0,0,0,0,0
61542,1,1,1987,0,0,0,0,0,0,0,0,0,0
61542,2,1,1987,0,0,7,0,0,0,0,0,0,0
61543,1,1,1987,0,0,0,0,0,0,0,0,0,0
61543,2,1,1987,0,0,0,0,0,0,0,0,0,0
61544,1,1,1987,20,20,20,20,20,20,20,20,20,20
61545,1,1,1987,22,22,22,22,22,22,22,22,22,22
61546,0,1,1987,23,23,23,23,23,23,23,23,23,23
61546,0,2,1987,0,23,32,0,8,0,14,0,10,14
61546,1,1,1987,8,8,8,8,8,8,8,8,8,8
61547,1,1,1987,0,0,0,0,0,0,0,0,0,0
61548,1,1,1987,7,7,7,7,7,7,7,7,7,7
61549,1,1,1987,0,0,0,0,0,0,0,3,0,0
61549,2,1,1987,0,0,0,0,0,0,0,0,0,0
61550,1,1,1987,30,30,30,30,30,30,30,30,30,30
61550,2,1,1987,0,0,0,0,0,0,0,0,0,0
61551,1,1,1987,0,0,0,0,0,0,3,0,0,0
61552,0,1,1987,0,0,0,0,0,0,0,0,0,0
61552,1,1,1987,0,0,0,0,0,0,0,0,0,0
61553,0,1,1987,0,0,0,14,7,0,27,0,0,0
61553,1,1,1987,0,19,0,0,0,0,0,0,0,0
61554,1,1,1987,6,6,6,6,6,6,6,6,6,6
61555,1,1,1987,0,0,0,0,0,0,0,0,0,0
61556,1,1,1987,18,10,0,7,0,14,8,8,13,22
61557,1,1,1987,9,9,9,9,9,9,9,9,9,9
61558,1,1,1987,0,0,0,0,0,0,0,0,0,0
61558,2,1,1987,0,0,0,0,0,0,0,0,0,0
61558,3,1,1987,0,0,0,0,0,0,0,0,0,0
61559,1,1,1987,0,0,0,0,0,0,0,0,0,0
61560,1,1,1987,0,0,0,0,0,0,0,0,0,0
61561,0,1,1987,0,0,0,0,0,0,0,0,0,0
61561,1,1,1987,0,0,0,0,0,0,0,0,0,0
61562,1,1,1987,0,26,0,0,0,0,0,0,0,0
61563,1,1,1987,0,0,0,0,0,0,0,0,0,0
61564,1,1,1987,15,15,15,15,15,15,15,15,15,15
61564,2,1,1987,0,18,9,11,16,11,13,10,8,0
61565,1,1,1987,0,0,0,0,0,0,0,0,0,0
61566,1,1,1987,0,0,0,0,0,0,0,0,0,0
61566,2,1,1987,0,0,0,0,0,0,0,0,0,0
61566,3,1,1987,0,0,0,0,0,0,0,0,0,0
61567,1,1,1987,0,0,0,0,0,0,0,0,0,0
61567,2,1,1987,0,0,0,0,0,0,0,0,0,0
61568,1,1,1987,27,27,27,27,27,27,27,27,27,27
61568,2,1,1987,0,0,0,0,0,0,0,0,0,0
61569,0,1,1987,0,0,0,0,0,0,0,0,0,0
61569,1,1,1987,0,0,0,0,0,0,0,0,0,0
61570,1,1,1987,21,21,21,21,21,21,21,21,21,21
61571,1,1,1987,8,8,8,8,8,8,8,8,8,8
61572,1,1,1987,23,23,23,23,23,23,23,23,23,23