ST_CASE,VEH_NO,PER_NO,YEAR,P1,P2,P3,P4,P5,P6,P7,P8,P9,P10
61572,2,1,1987,0,0,0,0,0,0,0,0,0,0
61573,1,1,1987,0,0,0,0,0,0,0,0,0,0
61574,1,1,1987,0,0,0,0,0,0,0,0,0,0
61574,2,1,1987,0,0,0,0,0,0,0,0,0,0
61575,0,1,1987,0,0,0,0,0,0,0,0,0,0
61575,1,1,1987,0,25,0,0,15,0,0,0,0,0
61576,0,1,1987,0,0,0,0,0,0,0,0,0,0
61576,1,1,1987,0,0,0,0,0,0,0,0,0,0
61577,0,1,1987,15,15,15,15,15,15,15,15,15,15
61577,1,1,1987,0,0,0,0,0,0,0,0,0,0
61578,1,1,1987,0,0,0,0,0,0,0,0,0,0
61578,2,1,1987,32,32,32,32,32,32,32,32,32,32
61579,1,1,1987,0,0,0,0,0,0,0,0,0,0
61579,2,1,1987,0,0,0,0,0,16,0,0,0,0
61579,3,1,1987,0,0,0,5,0,0,0,0,0,8
61580,1,1,1987,0,0,0,0,0,0,0,0,0,0
61581,0,1,1987,0,0,0,0,0,0,0,0,10,0
61581,1,1,1987,0,0,0,0,0,0,0,0,0,0
61582,1,1,1987,0,0,0,0,0,0,0,0,0,0
61583,1,1,1987,0,0,0,0,0,0,0,0,0,0
61583,2,1,1987,0,0,0,0,0,0,0,0,0,0
61584,1,1,1987,0,0,0,0,0,0,0,0,0,0
61584,2,1,1987,0,0,0,0,0,0,0,0,0,0
61584,3,1,1987,0,0,0,0,0,0,0,0,0,0
61585,1,1,1987,0,0,0,0,0,0,0,0,0,0
61585,2,1,1987,0,0,0,0,0,0,0,0,0,0
61586,1,1,1987,0,0,0,0,0,0,0,0,0,0
61586,2,1,1987,13,0,0,0,0,0,0,0,0,26
61587,1,1,1987,26,11,0,10,20,17,25,15,7,0
61588,1,1,1987,18,18,18,18,18,18,18,18,18,18
61589,1,1,1987,18,4,26,7,15,10,2,11,22,16
61590,1,1,1987,12,12,12,12,12,12,12,12,12,12
61591,1,1,1987,0,0,0,0,0,0,0,0,0,0
61591,2,1,1987,0,0,0,0,0,0,0,0,0,0
61592,1,1,1987,0,0,0,15,0,0,0,0,0,36
61592,2,1,1987,0,0,0,0,0,0,0,0,0,0
61592,3,1,1987,0,0,0,0,0,0,0,0,0,0
61593,1,1,1987,0,0,0,0,0,0,0,0,0,0
61594,1,1,1987,21,21,21,21,21,21,21,21,21,21
61595,0,1,1987,0,0,0,0,0,0,0,0,0,0
61595,1,1,1987,0,0,0,0,0,0,0,0,0,0
61596,0,1,1987,0,0,0,0,0,0,0,0,0,0
61596,1,1,1987,0,0,0,0,0,0,0,0,0,0
61596,2,1,1987,0,0,0,0,0,0,0,0,0,0
61597,1,1,1987,0,0,0,0,0,0,0,0,0,0
61597,2,1,1987,0,0,0,0,0,0,0,0,0,0
61598,1,1,1987,0,0,0,0,0,0,0,0,0,0
61598,2,1,1987,0,0,0,0,0,0,0,0,0,0
61599,1,1,1987,0,0,0,0,0,0,0,0,0,0
61600,1,1,1987,0,0,0,0,0,0,0,0,0,0
61600,2,1,1987,0,0,0,0,0,0,0,0,0,0
61601,1,1,1987,0,0,0,0,0,0,0,0,0,0
61602,0,1,1987,0,0,0,0,0,0,0,0,0,0
61602,1,1,1987,0,0,0,0,0,0,0,0,0,0
61603,1,1,1987,13,13,13,13,13,13,13,13,13,13
61604,0,1,1987,0,0,0,0,0,0,0,0,0,0
61604,1,1,1987,0,0,0,0,0,0,0,0,0,0
61605,1,1,1987,0,0,0,0,0,0,0,0,0,0
61605,2,1,1987,0,0,0,0,0,0,0,0,0,0
61606,1,1,1987,0,0,0,0,0,0,0,0,0,0
61607,0,1,1987,0,0,0,0,0,0,0,0,0,0
61607,1,1,1987,0,0,0,0,0,0,0,0,0,0
61608,1,1,1987,0,0,0,0,0,0,32,20,0,10
61609,0,1,1987,0,0,0,0,0,0,0,0,0,0
61609,1,1,1987,0,0,0,0,0,0,0,0,0,0
61610,1,1,1987,15,15,15,15,15,15,15,15,15,15
61611,1,1,1987,28,28,28,28,28,28,28,28,28,28
61612,1,1,1987,2,2,2,2,2,2,2,2,2,2
61612,2,1,1987,0,0,0,0,0,0,0,0,0,0
61613,0,1,1987,0,0,0,0,0,0,0,0,0,0
61613,1,1,1987,0,0,17,20,0,0,0,0,0,14
61614,0,1,1987,0,0,0,0,0,0,0,0,0,0
61614,1,1,1987,11,0,0,11,0,0,0,14,0,0
61615,0,1,1987,0,9,0,0,0,0,0,0,19,0
61615,1,1,1987,0,0,0,0,0,0,0,0,0,0
61616,1,1,1987,0,0,0,0,0,0,0,0,0,0
61616,2,1,1987,0,0,0,0,0,0,0,0,0,0
61616,3,1,1987,0,0,0,0,0,0,2,0,0,0
61617,1,1,1987,31,31,31,31,31,31,31,31,31,31
61617,2,1,1987,0,0,0,0,0,0,0,0,0,0
61618,1,1,1987,0,15,0,13,0,0,17,0,23,0
61618,2,1,1987,0,0,24,0,0,0,0,0,13,0
61619,1,1,1987,0,0,0,0,0,0,0,3,0,0
61620,1,1,1987,20,20,20,20,20,20,20,20,20,20
61620,2,1,1987,0,0,0,24,0,0,15,0,0,0
61621,1,1,1987,20,20,20,20,20,20,20,20,20,20
61622,1,1,1987,0,0,0,0,18,10,0,0,0,0
61622,2,1,1987,0,0,0,0,0,0,0,0,0,0
61623,1,1,1987,9,0,0,0,0,0,0,0,0,0
61624,1,1,1987,0,0,0,0,0,0,0,0,0,0
61625,1,1,1987,0,0,0,0,0,0,0,0,0,0
61625,2,1,1987,0,0,0,0,0,0,0,0,0,0
61626,1,1,1987,0,0,0,0,0,0,0,0,0,0
61626,2,1,1987,0,0,0,0,0,0,0,0,0,0
61626,3,1,1987,0,0,0,0,0,0,0,0,0,0
61627,1,1,1987,0,0,0,0,0,0,0,0,0,0
61627,2,1,1987,0,0,0,0,0,0,0,0,0,0
61628,1,1,1987,4,4,4,4,4,4,4,4,4,4
61629,1,1,1987,0,18,0,8,0,0,0,0,0,0
61630,0,1,1987,0,0,0,0,0,0,0,0,0,0
61630,1,1,1987,0,0,0,0,0,0,0,0,0,0
61631,1,1,1987,10,10,10,10,10,10,10,10,10,10
61631,2,1,1987,17,11,17,5,9,10,14,8,7,23
61632,1,1,1987,27,27,27,27,27,27,27,27,27,27
61633,0,1,1987,0,0,0,0,0,0,0,0,0,0
61633,1,1,1987,0,0,0,0,0,0,0,0,0,0
61634,0,1,1987,21,21,21,21,21,21,21,21,21,21
61634,1,1,1987,0,0,0,0,0,0,0,0,0,0
61635,1,1,1987,0,0,0,0,0,0,0,0,0,0
61635,2,1,1987,13,13,13,13,13,13,13,13,13,13
61636,0,1,1987,3,3,3,3,3,3,3,3,3,3
61636,1,1,1987,15,13,6,0,0,21,19,7,47,23
61637,1,1,1987,7,7,7,7,7,7,7,7,7,7
61637,2,1,1987,0,30,0,0,0,0,0,8,0,0
61638,0,1,1987,0,0,0,0,0,0,0,0,0,0
61638,1,1,1987,0,0,0,0,0,0,0,0,0,0
61638,2,1,1987,0,0,0,0,0,0,0,0,0,0
61639,1,1,1987,0,0,0,0,0,0,0,0,0,0
61639,2,1,1987,0,6,0,0,0,0,0,0,0,0
61640,1,1,1987,4,4,4,4,4,4,4,4,4,4
61640,2,1,1987,0,0,0,0,0,0,0,0,0,0
61641,0,1,1987,0,0,0,0,0,0,0,0,0,0
61641,1,1,1987,9,0,0,3,25,0,0,0,9,12
61642,1,1,1987,13,13,13,13,13,13,13,13,13,13
61643,0,1,1987,0,0,0,0,0,0,0,0,0,0
61643,0,2,1987,0,0,0,0,0,0,0,0,0,0
61643,1,1,1987,14,14,14,14,14,14,14,14,14,14
61644,1,1,1987,20,20,20,20,20,20,20,20,20,20
61645,1,1,1987,22,22,22,22,22,22,22,22,22,22
61646,1,1,1987,18,18,18,18,18,18,18,18,18,18
61647,1,1,1987,0,0,0,0,0,0,0,0,0,0
61648,1,1,1987,19,19,19,19,19,19,19,19,19,19
61649,1,1,1987,16,16,16,16,16,16,16,16,16,16
61650,1,1,1987,5,5,5,5,5,5,5,5,5,5
61651,1,1,1987,0,0,0,0,0,0,0,0,0,0
61651,2,1,1987,0,0,0,0,0,0,0,0,0,0
61651,3,1,1987,0,0,0,0,0,0,0,0,0,0
61652,0,1,1987,0,0,0,0,0,0,0,0,0,0
61652,1,1,1987,18,20,0,33,17,40,14,15,46,0
61653,1,1,1987,0,0,0,7,0,22,0,0,0,0
61654,1,1,1987,0,0,0,0,0,0,0,0,0,0
61654,2,1,1987,0,0,0,0,0,0,0,0,0,0
61655,1,1,1987,14,14,14,14,14,14,14,14,14,14
61656,0,1,1987,0,0,0,0,0,0,0,0,0,0
61656,1,1,1987,0,0,0,0,0,0,0,0,0,0
61657,1,1,1987,18,18,18,18,18,18,18,18,18,18
61658,1,1,1987,21,21,21,21,21,21,21,21,21,21
61658,2,1,1987,0,0,0,0,0,0,0,0,0,0
61659,1,1,1987,0,0,0,0,0,0,0,0,0,0
61660,1,1,1987,12,12,12,12,12,12,12,12,12,12
61661,1,1,1987,0,0,0,0,0,0,0,0,0,0
61661,2,1,1987,0,0,0,0,0,0,0,0,0,0
61662,0,1,1987,0,0,0,0,0,0,0,0,0,0
61662,1,1,1987,21,21,21,21,21,21,21,21,21,21
61662,2,1,1987,0,0,0,0,0,0,0,0,0,0
61663,1,1,1987,0,0,0,0,0,0,0,0,0,0
61663,2,1,1987,0,0,0,17,0,0,0,0,0,0
61664,1,1,1987,0,0,0,0,0,0,0,0,0,0
61664,2,1,1987,0,0,0,0,0,0,0,0,0,0
61665,0,1,1987,0,0,0,0,0,0,0,0,0,0
61665,1,1,1987,0,0,0,0,0,0,0,0,0,0
61666,1,1,1987,21,21,21,21,21,21,21,21,21,21
61667,1,1,1987,0,0,0,0,0,0,15,0,14,0
61668,1,1,1987,19,19,19,19,19,19,19,19,19,19
61668,2,1,1987,0,0,6,0,0,0,0,0,0,0
61669,1,1,1987,17,17,17,17,17,17,17,17,17,17
61669,2,1,1987,19,21,17,0,0,18,6,0,0,11
61670,0,1,1987,0,0,0,0,0,0,0,0,0,0
61670,1,1,1987,0,0,0,0,0,0,0,15,0,0
61671,1,1,1987,7,7,7,7,7,7,7,7,7,7
61672,1,1,1987,20,20,20,20,20,20,20,20,20,20
61672,2,1,1987,0,0,0,0,25,0,0,0,0,0
61673,1,1,1987,9,9,9,9,9,9,9,9,9,9
61674,1,1,1987,0,0,0,0,0,0,0,0,0,0
61674,2,1,1987,0,0,0,0,0,0,24,0,0,0
61675,1,1,1987,0,0,0,0,0,0,0,0,0,0
61675,2,1,1987,15,15,15,15,15,15,15,15,15,15
61676,1,1,1987,0,0,0,0,0,0,0,0,0,0
61676,2,1,1987,0,0,0,0,0,0,0,0,0,0
61677,1,1,1987,0,0,0,0,0,0,0,0,0,0
61677,2,1,1987,0,0,0,0,0,0,0,0,0,0
61677,3,1,1987,0,0,0,0,0,0,0,0,0,0
61677,4,1,1987,0,0,0,0,0,0,0,0,0,0
61678,1,1,1987,20,20,20,20,20,20,20,20,20,20
61679,1,1,1987,3,3,3,3,3,3,3,3,3,3
61679,2,1,1987,0,0,0,0,0,0,0,0,0,0
61679,3,1,1987,21,0,0,0,0,0,0,0,0,0
61679,4,1,1987,0,0,0,0,0,0,0,0,0,0
61679,5,1,1987,0,14,0,0,0,0,0,0,17,0
61680,1,1,1987,17,17,17,17,17,17,17,17,17,17
61681,1,1,1987,4,4,4,4,4,4,4,4,4,4
61682,1,1,1987,3,3,3,3,3,3,3,3,3,3
61683,1,1,1987,22,0,13,0,0,0,0,0,17,0
61684,1,1,1987,2,2,2,2,2,2,2,2,2,2
61684,2,1,1987,0,0,0,0,0,0,0,0,0,0
61685,1,1,1987,0,0,0,0,0,0,0,0,0,0
61685,2,1,1987,15,15,15,15,15,15,15,15,15,15
61686,1,1,1987,0,0,0,0,0,0,0,0,0,0
61687,1,1,1987,0,0,0,0,0,0,0,0,0,0
61687,2,1,1987,0,0,0,0,0,0,0,0,0,0
61688,1,1,1987,11,11,11,11,11,11,11,11,11,11
61689,1,1,1987,7,7,7,7,7,7,7,7,7,7
61690,1,1,1987,0,0,0,0,0,0,0,0,0,0
61690,2,1,1987,0,0,0,0,0,0,0,0,0,0
61691,0,1,1987,0,10,11,0,0,0,0,0,17,0
61691,1,1,1987,0,0,0,0,0,0,0,0,0,0
61692,1,1,1987,18,18,18,18,18,18,18,18,18,18
61692,2,1,1987,12,12,12,12,12,12,12,12,12,12
61693,1,1,1987,0,0,0,0,0,0,0,0,0,0
61693,2,1,1987,0,0,0,0,0,0,0,0,0,0
61694,1,1,1987,0,0,0,0,0,0,0,0,0,0
61694,2,1,1987,0,0,0,0,0,0,0,0,0,0
61695,1,1,1987,31,31,31,31,31,31,31,31,31,31
61696,0,1,1987,0,0,0,0,0,0,0,0,0,0
61696,1,1,1987,0,0,0,0,31,0,0,0,15,0
61697,1,1,1987,20,20,20,20,20,20,20,20,20,20
61698,1,1,1987,29,29,29,29,29,29,29,29,29,29
61699,1,1,1987,13,13,13,13,13,13,13,13,13,13
61700,1,1,1987,15,15,15,15,15,15,15,15,15,15
61701,1,1,1987,0,0,0,0,0,0,0,0,0,0
61701,2,1,1987,0,0,0,0,0,1,0,9,0,0
61702,1,1,1987,22,22,22,22,22,22,22,22,22,22
61702,2,1,1987,0,0,0,0,0,0,0,0,0,0
61703,1,1,1987,17,13,0,7,17,15,0,11,15,20
61703,2,1,1987,0,0,0,0,0,0,0,0,0,0
61704,0,1,1987,31,31,31,31,31,31,31,31,31,31
61704,1,1,1987,0,0,0,0,0,0,0,0,0,0
61705,1,1,1987,0,0,0,0,0,0,0,0,0,0
61706,1,1,1987,0,22,0,0,0,0,0,0,20,0
61707,1,1,1987,36,36,36,36,36,36,36,36,36,36
61708,1,1,1987,0,0,0,0,0,0,0,0,0,0
61708,2,1,1987,0,0,0,0,0,0,0,0,0,0
61709,1,1,1987,3,3,3,3,3,3,3,3,3,3
61710,1,1,1987,0,0,0,0,0,0,0,0,0,0
61710,2,1,1987,0,0,0,0,0,0,0,0,0,0
61710,3,1,1987,0,0,0,0,0,0,0,0,0,0
61711,1,1,1987,0,0,0,0,0,0,0,0,0,0
61711,2,1,1987,0,0,7,0,0,0,0,0,0,0
61712,1,1,1987,2,2,2,2,2,2,2,2,2,2
61713,1,1,1987,14,14,14,14,14,14,14,14,14,14
61714,1,1,1987,5,5,5,5,5,5,5,5,5,5
61715,1,1,1987,0,0,0,0,0,0,0,0,0,0
61715,2,1,1987,0,0,0,0,0,0,0,0,5,14
61715,3,1,1987,0,0,0,0,0,0,0,0,0,0
61715,4,1,1987,0,0,0,0,0,0,0,0,0,0
61715,5,1,1987,0,0,0,0,0,0,0,0,0,0
61715,6,1,1987,0,0,0,0,0,0,0,0,0,0
61716,1,1,1987,22,22,22,22,22,22,22,22,22,22
61717,1,1,1987,0,0,0,0,0,0,0,0,0,0
61718,1,1,1987,0,0,0,0,0,0,0,0,0,0
61719,1,1,1987,0,0,0,0,0,0,0,7,0,0
61720,0,1,1987,0,0,0,0,0,0,0,0,0,0
61720,1,1,1987,0,0,0,0,0,0,0,0,0,0
61721,0,1,1987,24,24,24,24,24,24,24,24,24,24
61721,1,1,1987,0,0,19,0,18,47,0,0,0,0
61722,1,1,1987,21,21,21,21,21,21,21,21,21,21
61722,2,1,1987,13,13,13,13,13,13,13,13,13,13
61723,0,1,1987,5,0,0,4,0,0,5,0,6,0
61723,1,1,1987,12,12,12,12,12,12,12,12,12,12
61724,0,1,1987,0,0,0,0,0,0,0,0,0,0
61724,0,2,1987,0,10,22,0,0,0,9,0,14,0
61724,1,1,1987,27,27,27,27,27,27,27,27,27,27
61725,1,1,1987,0,0,0,0,0,0,0,0,0,0
61725,2,1,1987,0,0,0,0,0,0,0,0,0,0
61726,1,1,1987,0,0,0,0,16,0,0,0,11,0
61727,1,1,1987,0,0,0,0,0,2,0,0,9,0
61728,1,1,1987,11,11,11,11,11,11,11,11,11,11
61728,2,1,1987,0,0,0,0,0,0,0,0,0,0
61729,1,1,1987,15,15,15,15,15,15,15,15,15,15
61729,2,1,1987,0,0,0,0,0,0,0,0,0,0
61729,3,1,1987,1,1,1,1,1,1,1,1,1,1
61729,4,1,1987,0,0,0,0,0,0,0,0,0,0
61730,0,1,1987,0,0,0,0,0,0,0,0,0,0
61730,1,1,1987,11,11,11,11,11,11,11,11,11,11
61731,1,1,1987,16,16,16,16,16,16,16,16,16,16
61731,2,1,1987,7,6,0,15,0,9,18,18,5,9
61731,3,1,1987,0,0,0,0,0,0,0,0,0,0
61731,4,1,1987,7,0,7,0,19,9,7,0,6,5
61732,1,1,1987,0,0,0,0,0,22,11,11,0,0
61732,2,1,1987,13,13,13,13,13,13,13,13,13,13
61733,1,1,1987,20,20,20,20,20,20,20,20,20,20
61734,1,1,1987,13,13,13,13,13,13,13,13,13,13
61735,1,1,1987,0,0,0,0,0,0,0,0,0,0
61736,1,1,1987,0,0,0,0,0,0,0,0,0,0
61737,1,1,1987,7,7,7,7,7,7,7,7,7,7
61738,1,1,1987,0,0,0,0,0,0,0,0,0,0
61738,2,1,1987,0,0,0,0,0,0,0,0,0,0
61739,1,1,1987,0,0,0,0,0,0,0,0,0,0
61740,1,1,1987,0,0,0,0,0,0,0,0,0,0
61741,1,1,1987,20,0,3,5,26,18,13,10,7,13
61741,2,1,1987,0,0,0,0,0,0,0,0,0,0
61743,0,1,1987,29,29,29,29,29,29,29,29,29,29
61743,1,1,1987,14,0,0,0,0,8,0,0,16,13
61743,2,1,1987,0,0,0,0,0,0,0,0,0,0
61743,3,1,1987,0,0,0,0,0,0,0,0,0,0
61744,1,1,1987,0,0,0,0,0,0,0,0,0,0
61744,2,1,1987,10,10,10,10,10,10,10,10,10,10
61745,1,1,1987,5,5,5,5,5,5,5,5,5,5
61745,2,1,1987,0,0,0,0,0,0,0,0,0,0
61746,0,1,1987,0,0,0,0,0,0,0,0,0,0
61746,1,1,1987,0,0,0,0,0,0,0,15,0,0
61747,0,1,1987,0,0,0,0,0,0,0,0,0,0
61747,1,1,1987,0,0,0,0,0,0,0,0,9,0
61748,1,1,1987,25,25,25,25,25,25,25,25,25,25
61749,1,1,1987,5,5,5,5,5,5,5,5,5,5
61750,1,1,1987,0,0,0,0,0,0,0,0,0,0
61750,2,1,1987,0,0,0,0,0,0,0,0,0,0
61751,1,1,1987,0,0,0,0,0,0,0,0,0,0
61751,2,1,1987,0,0,0,0,0,0,0,0,0,0
61752,1,1,1987,5,5,5,5,5,5,5,5,5,5
61753,1,1,1987,12,4,17,8,23,6,16,14,0,16
61753,2,1,1987,2,2,2,2,2,2,2,2,2,2
61754,1,1,1987,0,0,0,0,0,0,0,0,0,0
61755,0,1,1987,0,0,0,0,0,0,0,0,0,0
61755,1,1,1987,0,0,0,0,0,0,0,0,0,0
61756,0,1,1987,23,23,23,23,23,23,23,23,23,23
61756,1,1,1987,0,0,0,15,0,0,0,12,25,15
61756,2,1,1987,0,0,0,18,18,0,0,0,0,0
61756,3,1,1987,0,0,0,0,0,0,0,0,0,0
61756,4,1,1987,0,0,0,0,0,17,0,0,0,0
61757,1,1,1987,12,12,12,12,12,12,12,12,12,12
61758,1,1,1987,18,18,18,18,18,18,18,18,18,18
61758,2,1,1987,0,0,35,0,0,0,0,0,0,0
61759,1,1,1987,12,12,12,12,12,12,12,12,12,12
61760,0,1,1987,0,0,0,0,0,0,0,0,0,0
61760,1,1,1987,14,14,9,19,0,11,6,24,13,26
61761,1,1,1987,0,0,0,0,0,0,0,0,0,0
61761,2,1,1987,0,0,0,0,0,0,0,0,0,0
61762,1,1,1987,0,0,0,0,0,0,0,0,0,0
61763,1,1,1987,26,12,8,17,0,0,0,14,0,0
61763,2,1,1987,0,0,0,0,0,0,0,0,4,0
61764,1,1,1987,0,0,0,0,0,0,0,0,0,0
61765,1,1,1987,0,0,0,0,0,0,0,0,0,0
61765,2,1,1987,0,0,0,0,0,0,0,0,0,0
61766,0,1,1987,0,0,0,0,0,0,0,0,0,0
61766,1,1,1987,0,0,0,0,0,0,0,0,0,0
61767,1,1,1987,29,29,29,29,29,29,29,29,29,29
61767,2,1,1987,0,0,0,0,0,0,0,0,0,0
61768,1,1,1987,0,0,0,0,0,0,0,0,0,0
61769,0,1,1987,1,1,1,1,1,1,1,1,1,1
61769,1,1,1987,5,5,11,17,23,0,8,8,26,36
61770,1,1,1987,8,8,8,8,8,8,8,8,8,8
61770,2,1,1987,0,0,0,0,0,0,0,0,0,0
61770,3,1,1987,0,0,0,0,0,0,0,0,0,0
61771,1,1,1987,0,0,0,0,0,0,0,0,0,0
61771,2,1,1987,0,0,0,0,13,13,0,0,0,0
61772,1,1,1987,9,9,9,9,9,9,9,9,9,9
61772,2,1,1987,4,0,2,8,0,9,0,0,0,0
61773,1,1,1987,26,26,26,26,26,26,26,26,26,26
61773,2,1,1987,12,0,0,0,0,0,6,0,28,0
61774,1,1,1987,20,20,20,20,20,20,20,20,20,20
61775,1,1,1987,8,8,8,8,8,8,8,8,8,8
61776,1,1,1987,0,0,0,0,0,0,0,0,0,0
61776,2,1,1987,0,0,0,0,0,0,0,0,0,0
61776,3,1,1987,2,2,2,2,2,2,2,2,2,2
61777,1,1,1987,15,5,5,7,0,0,0,0,22,10
61778,1,1,1987,16,16,16,16,16,16,16,16,16,16
61779,1,1,1987,0,0,0,0,0,0,0,0,0,0
61779,2,1,1987,0,0,0,0,0,0,0,0,0,0
61780,1,1,1987,0,0,0,0,0,0,0,0,0,0
61780,2,1,1987,0,0,0,0,0,0,0,0,0,0
61781,1,1,1987,0,0,0,0,0,0,0,0,0,0
61781,2,1,1987,0,0,0,0,0,0,0,0,0,0
61782,1,1,1987,0,0,0,0,0,0,0,0,0,0
61783,1,1,1987,0,0,0,0,0,0,0,0,0,0
61783,2,1,1987,0,0,0,0,0,0,0,0,0,0
61784,1,1,1987,30,30,30,30,30,30,30,30,30,30
61785,1,1,1987,0,0,0,0,0,0,0,0,0,0
61785,2,1,1987,0,0,0,0,17,0,0,0,0,0
61786,1,1,1987,0,0,0,0,0,0,0,0,0,0
61787,1,1,1987,0,0,0,0,0,0,0,0,0,0
61787,2,1,1987,16,16,16,16,16,16,16,16,16,16
61788,1,1,1987,23,23,23,23,23,23,23,23,23,23
61788,2,1,1987,0,0,0,0,0,0,0,0,0,0
61789,0,1,1987,25,25,25,25,25,25,25,25,25,25
61789,1,1,1987,0,0,0,0,0,0,0,0,0,0
61790,1,1,1987,20,20,20,20,20,20,20,20,20,20
61791,1,1,1987,0,0,0,0,0,0,0,0,0,0
61791,2,1,1987,0,0,0,0,0,0,0,0,0,0
61792,0,1,1987,0,0,0,0,0,0,0,0,0,0
61792,1,1,1987,0,0,0,0,0,0,0,0,0,0
61793,0,1,1987,0,0,0,0,0,0,0,0,0,0
61793,1,1,1987,0,7,0,0,3,0,0,0,0,20
61794,0,1,1987,25,25,25,25,25,25,25,25,25,25
61794,1,1,1987,0,17,0,0,19,0,11,0,17,15
61795,0,1,1987,14,6,16,14,25,5,11,5,18,18
61795,0,2,1987,20,20,20,20,20,20,20,20,20,20
61795,1,1,1987,0,0,0,0,0,0,0,0,0,0
61796,1,1,1987,0,0,0,0,0,0,0,0,0,0
61797,0,1,1987,0,0,0,0,0,0,0,0,0,0
61797,1,1,1987,0,0,0,0,0,0,0,0,0,0
61797,2,1,1987,0,0,0,0,0,0,0,0,0,0
61797,3,1,1987,0,0,0,0,0,0,0,0,0,0
61798,1,1,1987,7,0,20,0,0,0,0,0,0,0
61799,1,1,1987,25,25,25,25,25,25,25,25,25,25
61800,0,1,1987,0,0,0,0,0,0,0,0,0,0
61800,1,1,1987,0,0,0,0,0,0,0,0,3,0
61801,1,1,1987,16,16,16,16,16,16,16,16,16,16
61802,1,1,1987,15,15,15,15,15,15,15,15,15,15
61802,2,1,1987,0,0,0,0,0,0,0,0,0,0
61803,1,1,1987,14,14,14,14,14,14,14,14,14,14
61804,0,1,1987,21,21,21,21,21,21,21,21,21,21
61804,1,1,1987,0,0,0,0,0,0,0,0,0,0
61804,2,1,1987,0,0,0,0,0,0,0,0,0,0
61805,0,1,1987,0,0,0,0,0,0,0,0,0,0
61805,1,1,1987,0,0,12,0,0,24,0,0,14,0
61806,1,1,1987,11,11,11,11,11,11,11,11,11,11
61807,1,1,1987,22,22,22,22,22,22,22,22,22,22
61808,1,1,1987,17,17,17,17,17,17,17,17,17,17
61809,1,1,1987,0,0,0,0,0,0,0,0,0,0
61810,1,1,1987,0,0,0,0,0,0,0,0,0,0
61811,1,1,1987,0,0,0,0,0,0,0,14,0,0
61811,2,1,1987,0,0,0,0,0,0,0,0,0,0
61811,3,1,1987,12,0,21,20,6,8,32,0,0,10
61812,0,2,1987,0,4,0,0,0,0,0,0,0,0
61812,1,1,1987,0,0,0,0,0,0,0,0,0,0
61813,1,1,1987,0,0,0,0,0,0,0,0,0,0
61813,2,1,1987,0,0,0,0,0,0,0,0,0,0
61813,3,1,1987,0,0,0,0,0,0,0,0,0,0
61814,1,1,1987,13,13,13,13,13,13,13,13,13,13
61815,1,1,1987,0,0,0,0,0,0,0,0,0,0
61816,1,1,1987,0,0,0,0,0,0,0,0,0,0
61816,2,1,1987,0,0,0,0,0,0,0,0,0,0
61816,3,1,1987,0,0,0,0,0,0,0,0,0,0
61817,1,1,1987,31,31,31,31,31,31,31,31,31,31
61817,2,1,1987,0,0,0,0,0,0,0,0,0,0
61818,0,1,1987,32,32,32,32,32,32,32,32,32,32
61818,1,1,1987,0,0,0,0,0,0,0,0,0,0
61819,1,1,1987,11,11,11,11,11,11,11,11,11,11
61820,1,1,1987,5,5,5,5,5,5,5,5,5,5
61820,2,1,1987,0,0,0,0,0,0,0,0,21,20
61821,0,1,1987,0,0,0,0,0,0,0,0,0,0
61821,1,1,1987,0,0,0,0,0,12,0,0,0,0
61822,1,1,1987,0,0,0,0,0,0,0,0,0,0
61822,2,1,1987,0,0,0,0,0,0,0,0,0,0
61823,1,1,1987,0,0,0,0,0,0,0,0,0,0
61824,1,1,1987,37,37,37,37,37,37,37,37,37,37
61825,0,1,1987,0,0,0,0,0,0,0,0,0,0
61825,0,2,1987,6,13,0,0,7,0,0,0,5,0
61825,1,1,1987,0,8,0,0,0,0,0,18,0,0
61826,1,1,1987,13,13,13,13,13,13,13,13,13,13
61827,1,1,1987,17,17,17,17,17,17,17,17,17,17
61828,1,1,1987,0,0,0,0,0,0,0,0,0,0
61829,1,1,1987,0,0,0,0,0,0,0,9,0,0
61830,1,1,1987,24,24,24,24,24,24,24,24,24,24
61831,1,1,1987,0,0,0,0,0,0,0,0,0,0
61831,2,1,1987,0,0,0,0,0,0,0,0,0,0
61832,1,1,1987,0,0,0,0,0,0,0,0,0,0
61832,2,1,1987,0,0,0,0,0,0,0,0,0,0
61833,1,1,1987,0,0,0,0,0,0,0,0,0,0
61834,0,1,1987,28,28,28,28,28,28,28,28,28,28
61834,1,1,1987,0,0,0,0,0,0,0,0,0,0