ST_CASE,VEH_NO,PER_NO,YEAR,P1,P2,P3,P4,P5,P6,P7,P8,P9,P10
62105,2,1,1987,27,27,27,27,27,27,27,27,27,27
62106,1,1,1987,15,15,15,15,15,15,15,15,15,15
62107,1,1,1987,0,0,0,0,0,0,0,0,0,0
62107,2,1,1987,0,0,0,0,0,0,0,0,0,0
62107,3,1,1987,0,0,0,0,0,0,0,0,0,0
62108,0,1,1987,0,0,0,0,0,0,0,0,0,0
62108,1,1,1987,0,0,0,0,0,0,0,0,0,0
62109,1,1,1987,14,14,14,14,14,14,14,14,14,14
62109,2,1,1987,0,0,0,0,0,0,0,0,0,0
62110,0,1,1987,0,0,0,0,0,0,0,0,0,0
62110,0,2,1987,0,0,0,0,0,0,0,0,0,0
62110,0,3,1987,0,0,0,0,0,0,0,0,0,0
62110,0,4,1987,0,11,0,26,0,0,0,5,0,29
62110,1,1,1987,17,17,17,17,17,17,17,17,17,17
62111,1,1,1987,20,20,20,20,20,20,20,20,20,20
62111,2,1,1987,6,6,6,6,6,6,6,6,6,6
62112,1,1,1987,12,12,12,12,12,12,12,12,12,12
62113,0,1,1987,0,0,0,0,0,0,0,0,0,0
62113,1,1,1987,0,0,0,0,0,0,0,0,0,0
62114,1,1,1987,19,19,19,19,19,19,19,19,19,19
62114,2,1,1987,0,0,0,0,0,0,0,0,0,0
62115,1,1,1987,7,7,7,7,7,7,7,7,7,7
62116,1,1,1987,11,11,11,11,11,11,11,11,11,11
62116,2,1,1987,5,5,5,5,5,5,5,5,5,5
62117,0,1,1987,26,26,26,26,26,26,26,26,26,26
62117,1,1,1987,0,0,0,0,0,0,0,0,0,0
62118,1,1,1987,0,0,0,0,0,0,0,0,0,0
62118,2,1,1987,7,7,7,7,7,7,7,7,7,7
62119,1,1,1987,23,23,23,23,23,23,23,23,23,23
62120,1,1,1987,0,0,0,0,0,0,0,0,0,0
62121,1,1,1987,0,0,0,0,0,0,0,0,0,0
62121,2,1,1987,0,0,0,0,0,0,0,0,0,0
62122,1,1,1987,19,19,19,19,19,19,19,19,19,19
62123,0,1,1987,34,34,34,34,34,34,34,34,34,34
62123,1,1,1987,0,13,14,5,0,0,9,0,0,0
62124,1,1,1987,19,19,19,19,19,19,19,19,19,19
62125,1,1,1987,8,8,8,8,8,8,8,8,8,8
62126,1,1,1987,18,18,18,18,18,18,18,18,18,18
62126,2,1,1987,0,0,0,0,0,0,0,0,0,0
62127,1,1,1987,14,14,14,14,14,14,14,14,14,14
62127,2,1,1987,0,0,0,0,0,0,0,0,0,0
62128,1,1,1987,20,20,20,20,20,20,20,20,20,20
62129,0,1,1987,0,0,0,0,0,0,0,0,0,0
62129,1,1,1987,0,0,8,0,0,0,0,0,0,0
62130,1,1,1987,5,5,5,5,5,5,5,5,5,5
62131,0,1,1987,0,0,0,0,0,0,0,0,0,0
62131,1,1,1987,21,21,21,21,21,21,21,21,21,21
62132,0,1,1987,0,0,0,0,0,0,0,0,0,0
62132,1,1,1987,0,0,0,0,0,0,0,0,0,0
62133,1,1,1987,0,0,0,0,0,0,0,0,0,0
62133,2,1,1987,0,0,0,0,0,0,0,0,0,0
62134,1,1,1987,7,7,7,7,7,7,7,7,7,7
62135,0,1,1987,14,14,14,14,14,14,14,14,14,14
62135,1,1,1987,0,0,0,0,0,0,0,0,0,0
62136,1,1,1987,0,0,0,0,0,0,0,0,0,0
62137,1,1,1987,5,5,5,5,5,5,5,5,5,5
62138,0,1,1987,0,0,0,0,0,17,0,0,0,0
62138,1,1,1987,16,16,16,16,16,16,16,16,16,16
62139,1,1,1987,0,0,0,0,0,0,0,0,0,0
62139,2,1,1987,0,0,0,0,0,0,0,0,0,0
62140,1,1,1987,7,7,7,7,7,7,7,7,7,7
62140,2,1,1987,0,0,0,0,0,0,19,0,0,0
62141,1,1,1987,26,26,26,26,26,26,26,26,26,26
62142,0,1,1987,0,0,0,0,0,0,0,0,0,0
62142,1,1,1987,0,15,22,29,24,7,9,19,9,0
62143,1,1,1987,19,16,24,14,28,21,21,21,31,10
62143,2,1,1987,0,0,0,6,0,0,0,0,0,0
62144,1,1,1987,0,0,0,0,0,0,0,0,0,0
62145,0,1,1987,21,21,21,21,21,21,21,21,21,21
62145,1,1,1987,0,36,4,13,0,19,0,0,0,23
62146,1,1,1987,13,13,13,13,13,13,13,13,13,13
62146,2,1,1987,0,0,0,0,0,0,0,0,0,0
62147,1,1,1987,17,17,15,14,16,12,16,11,13,20
62147,2,1,1987,0,0,0,0,0,0,0,0,0,0
62148,1,1,1987,0,0,0,0,0,0,0,0,0,0
62149,1,1,1987,0,0,0,0,0,0,0,0,0,0
62149,2,1,1987,21,21,21,21,21,21,21,21,21,21
62150,1,1,1987,0,0,0,12,0,0,0,0,11,0
62151,1,1,1987,0,0,0,0,0,0,0,0,0,0
62151,2,1,1987,0,0,0,0,0,0,0,0,0,0
62152,1,1,1987,23,23,23,23,23,23,23,23,23,23
62152,2,1,1987,0,0,0,0,0,0,0,0,0,0
62153,1,1,1987,20,20,20,20,20,20,20,20,20,20
62154,1,1,1987,6,6,6,6,6,6,6,6,6,6
62155,1,1,1987,0,0,0,0,0,0,0,0,0,0
62156,1,1,1987,28,28,28,28,28,28,28,28,28,28
62157,0,1,1987,16,16,16,16,16,16,16,16,16,16
62157,1,1,1987,0,42,5,0,6,31,0,0,7,10
62158,1,1,1987,0,0,0,0,0,0,0,0,0,0
62158,2,1,1987,0,0,0,0,0,0,0,0,0,0
62158,3,1,1987,0,0,0,0,0,0,0,0,0,0
62159,1,1,1987,0,0,0,0,0,0,0,0,0,0
62159,2,1,1987,0,0,0,0,21,0,0,0,0,0
62160,1,1,1987,0,0,0,0,0,0,0,0,18,0
62161,1,1,1987,22,22,22,22,22,22,22,22,22,22
62162,1,1,1987,0,0,0,0,0,0,0,0,0,0
62162,2,1,1987,0,0,0,0,0,0,0,0,0,0
62163,1,1,1987,0,26,16,0,8,9,0,38,0,15
62164,0,1,1987,17,17,17,17,17,17,17,17,17,17
62164,1,1,1987,4,0,0,0,11,13,6,0,0,17
62165,0,1,1987,22,22,22,22,22,22,22,22,22,22
62165,1,1,1987,0,11,4,5,25,0,0,0,25,0
62165,2,1,1987,0,0,0,0,0,25,0,0,0,24
62166,1,1,1987,0,0,0,0,0,0,0,0,0,0
62166,2,1,1987,9,0,0,0,0,0,23,6,0,0
62167,1,1,1987,16,16,16,16,16,16,16,16,16,16
62167,2,1,1987,0,0,0,0,0,0,0,0,0,0
62167,3,1,1987,0,0,0,8,0,0,0,0,0,0
62167,4,1,1987,12,0,0,0,0,8,0,0,0,0
62168,1,1,1987,18,18,18,18,18,18,18,18,18,18
62169,1,1,1987,0,0,0,0,0,0,0,0,0,0
62170,0,1,1987,15,34,10,17,14,0,20,0,16,0
62170,1,1,1987,0,0,0,0,0,0,0,0,0,0
62171,1,1,1987,0,0,0,0,0,0,0,0,0,0
62171,2,1,1987,9,0,0,0,0,0,0,0,0,0
62171,3,1,1987,11,11,11,11,11,11,11,11,11,11
62172,1,1,1987,3,3,3,3,3,3,3,3,3,3
62174,0,1,1987,15,15,15,15,15,15,15,15,15,15
62174,1,1,1987,14,14,14,14,14,14,14,14,14,14
62175,0,1,1987,0,0,0,0,0,0,0,0,0,0
62175,1,1,1987,19,19,19,19,19,19,19,19,19,19
62176,1,1,1987,0,0,0,0,0,0,0,0,0,0
62176,2,1,1987,0,0,0,0,0,0,0,0,0,0
62177,1,1,1987,0,0,0,0,0,0,0,0,0,0
62178,1,1,1987,0,0,0,0,0,0,0,0,0,0
62178,2,1,1987,0,0,0,0,0,0,0,0,0,0
62179,0,1,1987,0,0,0,0,0,0,0,0,0,0
62179,1,1,1987,0,0,0,0,0,12,0,0,0,0
62180,0,1,1987,28,28,28,28,28,28,28,28,28,28
62180,1,1,1987,22,39,0,0,0,0,0,0,0,0
62181,1,1,1987,2,2,2,2,2,2,2,2,2,2
62181,2,1,1987,0,0,0,0,0,0,0,0,0,0
62182,1,1,1987,10,10,10,10,10,10,10,10,10,10
62182,2,1,1987,0,0,0,0,0,0,0,0,0,0
62183,1,1,1987,28,0,0,21,0,33,0,0,0,25
62184,1,1,1987,22,22,22,22,22,22,22,22,22,22
62184,2,1,1987,0,0,0,0,0,0,5,0,0,0
62184,3,1,1987,0,0,0,0,0,11,0,0,0,0
62185,1,1,1987,0,0,0,0,0,0,0,0,0,0
62185,2,1,1987,0,0,0,0,0,0,0,0,0,0
62185,3,1,1987,0,0,0,0,0,0,0,0,0,14
62185,4,1,1987,0,0,0,0,0,0,0,0,0,0
62186,0,1,1987,16,57,19,0,15,0,26,0,20,33
62186,1,1,1987,0,0,0,0,0,0,0,0,0,0
62187,1,1,1987,8,8,8,8,8,8,8,8,8,8
62187,2,1,1987,0,0,0,0,0,0,0,0,0,0
62188,1,1,1987,5,5,5,5,5,5,5,5,5,5
62188,2,1,1987,0,0,0,0,0,0,0,0,0,0
62188,3,1,1987,1,1,1,1,1,1,1,1,1,1
62189,1,1,1987,6,6,6,6,6,6,6,6,6,6
62190,0,1,1987,0,0,0,0,0,0,0,0,0,0
62190,1,1,1987,0,0,18,0,0,0,0,3,0,23
62190,2,1,1987,0,0,0,0,0,0,0,0,0,0
62191,1,1,1987,14,14,14,14,14,14,14,14,14,14
62192,0,1,1987,2,2,2,2,2,2,2,2,2,2
62192,1,1,1987,0,0,0,0,8,0,0,0,0,0
62193,1,1,1987,0,0,0,0,0,0,0,0,0,0
62193,2,1,1987,0,0,0,0,0,0,0,0,0,0
62193,3,1,1987,0,0,0,0,0,0,0,0,0,0
62193,4,1,1987,0,0,0,0,0,0,0,0,0,0
62193,5,1,1987,0,0,11,0,0,0,0,0,0,0
62194,1,1,1987,15,0,0,0,14,10,19,15,10,10
62194,2,1,1987,0,0,0,0,0,0,0,0,0,0
62195,1,1,1987,0,0,0,0,0,0,0,0,0,0
62196,1,1,1987,0,0,0,0,0,0,0,0,0,0
62197,1,1,1987,0,0,0,0,0,0,0,0,0,0
62197,2,1,1987,0,0,0,0,0,0,0,0,0,0
62197,3,1,1987,0,0,0,0,0,0,0,0,0,0
62198,1,1,1987,0,0,0,10,0,0,0,0,0,17
62199,0,1,1987,0,0,0,0,0,0,0,0,0,0
62199,1,1,1987,0,0,0,0,0,0,0,0,0,0
62200,1,1,1987,28,28,28,28,28,28,28,28,28,28
62201,0,1,1987,7,7,7,7,7,7,7,7,7,7
62201,0,2,1987,0,0,0,0,0,0,0,0,0,0
62201,1,1,1987,10,14,20,6,20,19,24,11,9,0
62202,1,1,1987,0,0,0,0,0,0,0,0,0,0
62203,1,1,1987,0,0,0,0,0,0,0,0,0,0
62204,1,1,1987,29,29,29,29,29,29,29,29,29,29
62205,1,1,1987,16,16,16,16,16,16,16,16,16,16
62206,1,1,1987,14,14,14,14,14,14,14,14,14,14
62207,1,1,1987,0,10,0,0,0,0,0,0,0,0
62207,2,1,1987,5,5,5,5,5,5,5,5,5,5
62208,0,1,1987,3,3,3,3,3,3,3,3,3,3
62208,1,1,1987,17,17,17,17,17,17,17,17,17,17
62209,1,1,1987,0,0,0,0,0,0,0,0,0,0
62209,2,1,1987,0,0,0,0,0,0,0,0,0,0
62209,3,1,1987,0,0,0,0,0,0,0,0,0,0
62210,1,1,1987,0,0,0,0,0,0,0,0,0,0
62211,0,1,1987,0,0,0,0,0,0,0,0,0,0
62211,1,1,1987,0,0,0,0,0,0,0,22,0,0
62212,0,1,1987,0,0,0,0,0,0,0,0,0,0
62212,1,1,1987,0,0,0,0,0,10,0,0,0,20
62213,1,1,1987,11,11,11,11,11,11,11,11,11,11
62214,1,1,1987,14,14,14,14,14,14,14,14,14,14
62214,2,1,1987,0,0,0,0,0,0,0,16,0,0
62215,1,1,1987,19,19,19,19,19,19,19,19,19,19
62215,2,1,1987,0,0,0,0,0,0,0,0,0,0
62216,1,1,1987,19,19,19,19,19,19,19,19,19,19
62217,0,1,1987,0,0,0,0,0,0,0,0,0,0
62217,1,1,1987,0,0,0,0,0,0,0,12,16,0
62218,1,1,1987,0,0,0,0,0,0,0,0,0,0
62218,2,1,1987,0,0,0,0,0,0,0,0,0,0
62219,1,1,1987,8,8,8,8,8,8,8,8,8,8
62219,2,1,1987,26,0,0,0,0,0,0,0,0,0
62220,1,1,1987,27,27,27,27,27,27,27,27,27,27
62221,1,1,1987,0,0,0,0,0,0,0,0,0,0
62221,2,1,1987,0,0,0,0,0,0,0,0,0,0
62222,1,1,1987,8,8,8,8,8,8,8,8,8,8
62222,2,1,1987,8,10,15,11,0,17,10,38,32,18
62223,0,1,1987,0,0,0,0,0,0,0,0,0,0
62223,1,1,1987,0,0,0,0,0,0,11,0,0,0
62224,1,1,1987,0,0,0,0,0,0,0,0,0,0
62224,2,1,1987,0,0,0,0,0,0,0,0,0,0
62225,1,1,1987,0,0,0,0,0,0,0,0,0,0
62226,1,1,1987,0,0,0,25,0,10,0,0,0,0
62227,1,1,1987,22,7,17,0,12,21,14,3,0,0
62228,1,1,1987,27,27,27,27,27,27,27,27,27,27
62229,1,1,1987,0,0,0,0,0,0,0,0,0,0
62229,2,1,1987,0,0,0,0,0,0,0,0,0,0
62230,1,1,1987,0,0,12,0,0,0,0,0,0,9
62231,0,1,1987,0,0,0,0,0,0,0,0,0,0
62231,1,1,1987,8,8,8,8,8,8,8,8,8,8
62231,2,1,1987,0,0,0,0,0,0,0,0,0,0
62232,1,1,1987,0,0,0,0,0,0,0,0,0,0
62233,1,1,1987,0,0,0,0,0,0,0,0,0,0
62233,2,1,1987,0,0,0,0,0,0,0,0,0,0
62234,1,1,1987,8,8,22,34,15,16,14,6,23,9
62234,2,1,1987,0,0,0,0,0,0,0,0,0,0
62235,1,1,1987,12,12,12,12,12,12,12,12,12,12
62235,2,1,1987,16,9,29,19,16,45,12,12,12,14
62236,1,1,1987,0,0,0,0,0,0,0,0,0,0
62237,1,1,1987,4,4,4,4,4,4,4,4,4,4
62238,1,1,1987,14,14,14,14,14,14,14,14,14,14
62239,1,1,1987,0,0,0,0,0,0,0,0,0,0
62239,2,1,1987,22,22,22,22,22,22,22,22,22,22
62240,1,1,1987,0,0,0,0,0,0,0,0,0,0
62240,2,1,1987,0,0,0,0,0,0,0,0,0,0
62241,1,1,1987,0,0,0,0,0,0,0,0,0,0
62242,1,1,1987,15,15,15,15,15,15,15,15,15,15
62243,1,1,1987,49,49,49,49,49,49,49,49,49,49
62243,2,1,1987,0,14,0,0,0,0,15,0,0,0
62244,0,1,1987,0,0,0,0,0,0,0,0,0,0
62244,1,1,1987,0,0,0,0,0,0,0,0,0,0
62245,1,1,1987,9,9,9,9,9,9,9,9,9,9
62245,2,1,1987,0,0,0,0,0,0,0,0,0,0
62246,0,1,1987,17,17,8,11,42,13,45,12,11,26
62246,1,1,1987,0,0,0,0,9,0,0,0,0,0
62247,1,1,1987,12,12,12,12,12,12,12,12,12,12
62247,2,1,1987,0,0,0,0,0,0,0,0,0,0
62248,1,1,1987,9,0,0,0,0,0,0,0,0,0
62249,1,1,1987,0,0,0,0,0,0,0,0,0,0
62249,2,1,1987,0,0,0,0,0,0,0,0,0,0
62250,0,1,1987,7,0,0,0,0,0,0,0,0,0
62250,1,1,1987,0,0,0,0,0,0,0,0,0,0
62251,1,1,1987,27,27,27,27,27,27,27,27,27,27
62252,1,1,1987,0,0,0,0,0,0,0,0,0,0
62253,0,1,1987,12,12,12,12,12,12,12,12,12,12
62253,1,1,1987,15,0,19,0,7,0,0,0,8,0
62254,2,1,1987,0,0,0,0,0,0,0,0,0,0
62255,0,1,1987,0,0,0,0,0,0,0,0,0,0
62255,1,1,1987,0,0,0,0,0,0,0,0,0,0
62256,1,1,1987,4,20,13,10,12,17,27,20,0,25
62257,1,1,1987,29,29,29,29,29,29,29,29,29,29
62257,2,1,1987,0,0,0,0,0,0,0,0,0,0
62258,1,1,1987,17,17,17,17,17,17,17,17,17,17
62259,1,1,1987,11,0,0,0,15,0,0,20,0,24
62260,0,1,1987,4,4,4,4,4,4,4,4,4,4
62260,1,1,1987,0,0,32,0,0,22,22,0,0,0
62261,1,1,1987,0,0,0,0,0,0,0,0,0,0
62261,2,1,1987,0,0,0,0,0,0,0,0,0,0
62261,3,1,1987,0,0,0,0,0,0,0,0,0,0
62261,4,1,1987,0,0,0,0,0,0,0,0,0,20
62262,1,1,1987,9,9,9,9,9,9,9,9,9,9
62263,1,1,1987,12,12,12,12,12,12,12,12,12,12
62264,1,1,1987,0,0,0,0,0,0,0,0,11,0
62264,2,1,1987,0,0,0,0,0,0,0,0,0,0
62265,1,1,1987,0,0,0,0,0,0,0,0,0,0
62265,2,1,1987,0,0,0,0,0,0,0,0,0,0
62266,0,1,1987,0,0,0,0,0,0,0,0,0,0
62266,1,1,1987,0,0,0,0,0,0,0,0,0,0
62267,1,1,1987,6,6,6,6,6,6,6,6,6,6
62267,2,1,1987,0,10,0,0,0,0,0,0,0,8
62268,0,1,1987,0,0,0,0,0,0,0,0,0,0
62268,1,1,1987,0,0,29,0,17,25,25,0,16,12
62269,1,1,1987,16,16,16,16,16,16,16,16,16,16
62270,0,1,1987,0,0,0,0,0,0,0,0,0,0
62270,1,1,1987,0,0,0,0,0,10,0,0,0,0
62271,1,1,1987,0,0,0,0,0,0,0,0,0,0
62271,2,1,1987,0,0,0,0,0,0,0,0,0,0
62272,1,1,1987,59,59,59,59,59,59,59,59,59,59
62273,0,1,1987,22,22,22,22,22,22,22,22,22,22
62273,1,1,1987,10,10,10,10,10,10,10,10,10,10
62274,1,1,1987,17,17,17,17,17,17,17,17,17,17
62275,0,1,1987,0,0,0,0,0,0,0,0,0,0
62275,1,1,1987,0,0,0,15,0,0,0,0,0,0
62276,1,1,1987,0,0,0,0,0,0,0,11,0,0
62276,2,1,1987,0,0,0,0,0,0,0,0,0,0
62277,1,1,1987,27,27,27,27,27,27,27,27,27,27
62277,2,1,1987,20,20,20,20,20,20,20,20,20,20
62278,1,1,1987,35,35,35,35,35,35,35,35,35,35
62278,2,1,1987,0,0,0,0,0,0,0,0,0,0
62279,1,1,1987,14,8,0,0,11,0,24,40,37,6
62279,2,1,1987,0,0,0,0,0,0,0,0,0,0
62280,1,1,1987,0,0,0,0,0,0,0,0,0,0
62280,2,1,1987,0,0,0,0,0,0,0,0,0,0
62281,1,1,1987,0,0,0,0,0,0,0,0,0,0
62281,2,1,1987,0,0,0,0,0,0,0,0,0,0
62281,3,1,1987,0,0,0,0,0,0,0,0,0,0
62282,1,1,1987,21,21,21,21,21,21,21,21,21,21
62282,2,1,1987,0,0,0,0,0,0,0,0,0,0
62283,1,1,1987,0,0,0,0,0,0,0,0,0,0
62283,2,1,1987,0,0,0,0,0,0,0,0,0,0
62284,1,1,1987,0,0,0,11,0,0,17,0,0,0
62285,1,1,1987,0,0,0,0,0,0,0,0,0,0
62286,1,1,1987,0,0,0,0,0,0,0,0,0,0
62287,1,1,1987,0,0,0,0,0,0,0,0,0,0
62287,2,1,1987,0,0,0,0,0,0,0,0,0,0
62288,1,1,1987,9,9,9,9,9,9,9,9,9,9
62288,2,1,1987,0,0,0,0,6,0,26,21,0,0
62289,0,1,1987,0,0,0,0,0,0,0,0,0,0
62289,1,1,1987,7,23,0,0,0,0,18,20,0,0
62290,1,1,1987,9,9,9,9,9,9,9,9,9,9
62291,1,1,1987,23,23,23,23,23,23,23,23,23,23
62292,1,1,1987,0,0,0,0,0,0,0,0,0,0
62293,1,1,1987,24,24,24,24,24,24,24,24,24,24
62294,1,1,1987,22,14,16,31,0,16,18,0,0,28
62295,0,1,1987,0,0,0,0,0,0,0,0,0,0
62295,1,1,1987,0,0,0,0,0,0,0,0,0,0
62296,1,1,1987,14,14,14,14,14,14,14,14,14,14
62296,2,1,1987,5,5,5,5,5,5,5,5,5,5
62297,0,1,1987,0,0,0,0,0,0,0,0,0,0
62297,1,1,1987,0,0,34,18,5,13,18,14,22,38
62297,2,1,1987,0,0,0,0,0,0,0,0,0,0
62298,1,1,1987,7,7,7,7,7,7,7,7,7,7
62298,2,1,1987,0,18,0,0,0,0,0,6,0,0
62298,3,1,1987,0,0,0,0,0,0,0,0,0,13
62298,4,1,1987,0,0,0,0,0,0,0,0,0,0
62299,1,1,1987,16,16,16,16,16,16,16,16,16,16
62299,2,1,1987,0,0,0,0,0,0,0,0,0,0
62300,1,1,1987,3,3,3,3,3,3,3,3,3,3
62301,1,1,1987,1,1,1,1,1,1,1,1,1,1
62302,1,1,1987,0,0,0,0,0,0,0,0,0,0
62303,1,1,1987,0,0,0,0,0,0,0,0,0,0
62303,2,1,1987,0,0,0,0,0,0,0,0,0,0
62304,0,1,1987,0,0,0,0,0,0,0,0,0,0
62304,1,1,1987,0,0,0,0,0,0,0,0,0,0
62305,1,1,1987,24,24,24,24,24,24,24,24,24,24
62306,1,1,1987,0,0,0,0,0,0,0,0,0,0
62306,2,1,1987,0,0,0,0,0,0,0,0,0,0
62307,1,1,1987,0,0,0,0,0,0,0,0,0,0
62308,1,1,1987,0,0,0,0,0,0,0,0,0,0
62308,2,1,1987,0,0,0,0,0,0,0,0,0,0
62308,3,1,1987,0,22,0,0,15,0,0,0,0,0
62309,1,1,1987,0,0,0,0,0,7,0,0,0,26
62310,1,1,1987,0,0,0,0,0,0,0,0,0,0
62311,0,1,1987,0,0,0,0,0,0,0,0,0,0
62311,1,1,1987,0,0,0,0,0,0,0,0,0,0
62312,1,1,1987,0,0,0,0,0,0,0,0,0,0
62312,2,1,1987,3,3,3,3,3,3,3,3,3,3
62313,1,1,1987,0,0,0,0,0,0,0,0,0,0
62313,2,1,1987,0,0,0,0,0,0,0,0,0,0
62314,1,1,1987,17,17,17,17,17,17,17,17,17,17
62315,0,1,1987,0,0,0,0,0,0,0,0,0,0
62315,1,1,1987,0,0,0,0,0,0,0,0,0,0
62316,1,1,1987,8,0,0,0,0,0,0,0,0,0
62316,2,1,1987,0,0,0,0,0,0,0,0,0,0
62317,1,1,1987,0,0,0,0,0,0,0,0,0,0
62317,2,1,1987,0,0,0,0,0,0,0,0,0,0
62318,1,1,1987,0,0,0,0,0,0,0,0,0,0
62319,1,1,1987,0,0,0,0,0,0,0,0,0,0
62319,2,1,1987,0,0,0,0,0,0,0,0,0,0
62319,3,1,1987,0,0,0,0,0,0,0,0,0,0
62320,0,1,1987,33,33,33,33,33,33,33,33,33,33
62320,1,1,1987,11,10,0,9,0,2,10,0,36,20
62321,1,1,1987,0,0,0,0,0,0,0,0,0,0
62322,1,1,1987,0,0,12,0,0,0,0,0,0,16
62323,1,1,1987,0,0,0,0,0,0,0,0,0,0
62323,2,1,1987,0,0,0,0,0,0,0,0,0,0
62324,1,1,1987,0,0,6,0,0,0,0,0,0,0
62325,1,1,1987,19,19,19,19,19,19,19,19,19,19
62325,2,1,1987,15,0,6,0,0,0,0,0,0,0
62326,0,1,1987,0,0,0,0,0,0,0,0,0,0
62326,0,2,1987,0,0,0,0,0,0,0,0,0,0
62326,0,3,1987,0,0,0,0,0,0,0,0,0,0
62326,1,1,1987,15,15,15,15,15,15,15,15,15,15
62327,0,1,1987,0,0,0,0,0,0,0,0,0,0
62327,1,1,1987,0,0,0,0,0,0,0,0,0,0
62328,0,1,1987,14,14,14,14,14,14,14,14,14,14
62328,1,1,1987,0,0,0,0,23,0,0,0,0,0
62329,1,1,1987,17,17,17,17,17,17,17,17,17,17
62330,1,1,1987,15,15,15,15,15,15,15,15,15,15
62330,2,1,1987,5,8,12,0,23,0,0,0,0,0
62331,1,1,1987,0,0,0,0,0,0,0,0,0,0
62332,1,1,1987,17,17,17,17,17,17,17,17,17,17
62333,1,1,1987,28,28,28,28,28,28,28,28,28,28
62333,2,1,1987,0,0,0,0,0,0,0,0,0,0
62334,1,1,1987,0,0,0,0,0,0,0,0,0,0
62334,2,1,1987,0,0,0,0,0,0,0,0,0,0
62335,1,1,1987,0,0,0,0,0,0,0,0,0,0
62335,2,1,1987,0,0,0,0,0,0,0,0,0,0
62336,1,1,1987,0,0,0,0,0,0,0,0,0,0
62337,1,1,1987,17,17,17,17,17,17,17,17,17,17
62338,1,1,1987,3,3,3,3,3,3,3,3,3,3
62339,1,1,1987,0,0,0,0,0,0,0,0,0,0
62339,2,1,1987,0,0,0,0,0,0,0,0,0,0
62340,1,1,1987,0,0,0,0,0,0,0,0,0,0
62341,1,1,1987,0,0,0,0,0,0,0,0,0,0
62341,2,1,1987,0,0,0,0,0,0,0,0,0,0
62342,1,1,1987,10,10,10,10,10,10,10,10,10,10
62342,2,1,1987,0,0,0,0,0,0,0,0,0,0
62342,3,1,1987,0,25,0,0,0,0,0,0,0,0
62343,0,1,1987,44,44,44,44,44,44,44,44,44,44
62343,1,1,1987,0,0,0,0,0,0,0,0,0,0
62343,2,1,1987,21,22,0,15,0,0,24,0,31,16
62344,1,1,1987,8,8,8,8,8,8,8,8,8,8
62344,2,1,1987,0,0,0,0,0,0,0,0,0,0
62345,1,1,1987,0,0,0,0,0,0,0,0,0,0
62345,2,1,1987,0,0,0,0,0,0,0,0,0,0
62346,1,1,1987,0,0,0,0,0,0,0,0,0,0
62346,2,1,1987,0,0,0,0,0,0,0,0,0,0
62347,1,1,1987,0,0,0,0,0,0,0,0,0,0
62347,2,1,1987,0,0,0,0,0,0,0,0,23,0
62348,1,1,1987,8,8,8,8,8,8,8,8,8,8
62349,1,1,1987,15,15,15,15,15,15,15,15,15,15
62350,1,1,1987,7,7,7,7,7,7,7,7,7,7
62351,1,1,1987,0,0,0,0,0,0,0,0,0,0
62351,2,1,1987,0,10,13,0,15,0,16,0,22,0
62352,1,1,1987,0,0,0,0,0,0,0,0,0,0
62353,0,1,1987,0,0,0,0,0,0,0,0,0,0
62353,1,1,1987,0,0,0,0,0,0,0,0,3,0
62354,0,1,1987,1,1,1,1,1,1,1,1,1,1
62354,1,1,1987,0,0,0,0,0,0,0,0,0,0
62355,0,1,1987,0,0,0,0,0,11,0,25,0,0
62355,1,1,1987,0,0,0,0,0,0,0,0,0,0
62356,1,1,1987,0,0,0,0,0,0,0,0,0,0
62356,2,1,1987,0,0,16,0,0,0,0,0,0,0
62357,1,1,1987,0,0,6,9,0,0,0,0,0,21
62357,2,1,1987,13,13,13,13,13,13,13,13,13,13
62358,0,1,1987,0,0,0,0,0,0,0,0,0,0
62358,1,1,1987,0,22,5,15,16,28,0,11,21,0
62359,1,1,1987,26,26,26,26,26,26,26,26,26,26
62359,2,1,1987,0,0,0,0,0,0,0,0,0,0
62360,1,1,1987,0,0,0,0,0,0,0,0,0,0
62360,2,1,1987,0,0,0,0,0,0,0,0,0,0
62361,1,1,1987,0,0,0,0,0,0,0,0,0,0
62361,2,1,1987,0,0,0,0,0,0,0,0,0,0
62362,1,1,1987,0,0,0,0,0,0,0,0,0,0
62362,2,1,1987,0,0,0,0,0,0,0,0,0,0
62362,3,1,1987,0,0,0,0,0,0,0,0,0,0
62363,1,1,1987,15,15,15,15,15,15,15,15,15,15