ST_CASE,VEH_NO,PER_NO,YEAR,P1,P2,P3,P4,P5,P6,P7,P8,P9,P10
62364,1,1,1987,17,17,17,17,17,17,17,17,17,17
62364,2,1,1987,14,14,14,14,14,14,14,14,14,14
62365,1,1,1987,12,12,12,12,12,12,12,12,12,12
62365,2,1,1987,0,0,0,0,0,0,0,0,0,0
62366,0,1,1987,18,18,18,18,18,18,18,18,18,18
62366,1,1,1987,0,0,0,0,0,0,0,0,0,21
62367,1,1,1987,0,0,0,0,0,0,0,0,0,0
62367,2,1,1987,0,0,0,0,0,0,0,0,0,0
62368,0,1,1987,0,0,0,0,0,0,0,0,0,0
62368,1,1,1987,14,12,11,13,0,0,0,0,0,11
62369,1,1,1987,10,10,10,10,10,10,10,10,10,10
62370,1,1,1987,17,17,17,17,17,17,17,17,17,17
62371,0,1,1987,0,0,0,0,0,0,0,0,0,0
62371,1,1,1987,0,0,0,0,0,0,0,0,0,0
62372,1,1,1987,0,0,0,0,0,0,0,0,0,0
62373,1,1,1987,16,16,16,16,16,16,16,16,16,16
62373,2,1,1987,0,0,0,0,0,0,0,0,0,0
62374,1,1,1987,0,0,0,0,0,0,0,0,4,0
62374,2,1,1987,4,4,4,4,4,4,4,4,4,4
62375,0,1,1987,3,3,3,3,3,3,3,3,3,3
62375,1,1,1987,0,0,0,0,0,0,0,0,0,0
62376,0,1,1987,0,0,0,0,0,0,0,0,0,0
62376,1,1,1987,0,0,0,0,0,0,0,0,13,0
62377,1,1,1987,0,0,0,0,0,0,0,9,0,0
62378,1,1,1987,14,14,14,14,14,14,14,14,14,14
62378,2,1,1987,0,0,0,0,0,0,0,0,0,0
62379,1,1,1987,14,14,14,14,14,14,14,14,14,14
62379,2,1,1987,0,0,0,0,0,0,0,0,0,0
62380,0,1,1987,0,0,0,0,0,0,0,0,0,0
62380,1,1,1987,0,0,0,0,0,0,0,0,0,0
62381,1,1,1987,26,26,26,26,26,26,26,26,26,26
62382,1,1,1987,0,0,0,0,0,0,0,0,0,0
62382,2,1,1987,0,0,0,0,0,0,0,0,0,0
62383,1,1,1987,2,2,2,2,2,2,2,2,2,2
62384,1,1,1987,0,0,0,0,0,0,0,0,0,0
62385,0,1,1987,3,3,3,3,3,3,3,3,3,3
62385,1,1,1987,0,0,0,0,0,0,0,0,0,0
62385,2,1,1987,0,0,0,0,0,0,0,0,0,0
62386,1,1,1987,0,0,0,0,0,0,0,0,0,0
62387,1,1,1987,16,16,16,16,16,16,16,16,16,16
62387,2,1,1987,0,0,0,15,0,0,0,0,0,0
62388,1,1,1987,18,34,16,17,9,0,31,27,18,15
62389,0,1,1987,0,0,0,0,0,0,0,0,0,0
62389,1,1,1987,0,0,0,0,0,0,0,0,0,0
62390,0,1,1987,0,0,0,0,0,0,0,0,0,0
62390,1,1,1987,12,30,0,0,8,11,0,0,0,0
62391,1,1,1987,11,11,11,11,11,11,11,11,11,11
62392,1,1,1987,0,0,0,0,0,0,0,0,0,0
62392,2,1,1987,0,0,0,0,0,0,0,0,0,0
62393,0,1,1987,0,0,0,0,0,0,0,0,0,0
62393,1,1,1987,0,0,0,0,0,0,0,18,0,0
62394,1,1,1987,20,20,20,20,20,20,20,20,20,20
62394,2,1,1987,0,0,0,0,0,0,0,0,0,0
62395,0,1,1987,0,0,0,0,0,0,0,0,0,0
62395,1,1,1987,0,0,0,0,0,0,0,0,0,0
62396,1,1,1987,8,8,8,8,8,8,8,8,8,8
62396,2,1,1987,7,0,12,0,16,15,0,17,0,0
62397,0,1,1987,0,0,0,0,0,0,0,0,0,0
62397,1,1,1987,0,0,0,0,0,0,0,0,0,0
62398,1,1,1987,0,0,0,0,0,0,0,0,0,0
62399,1,1,1987,0,0,0,0,0,0,0,0,0,0
62400,1,1,1987,0,0,0,0,0,0,2,0,0,0
62400,2,1,1987,0,0,0,0,0,0,0,0,0,0
62400,3,1,1987,0,0,0,0,0,0,0,0,0,0
62401,0,1,1987,0,0,0,0,0,0,0,0,0,0
62401,1,1,1987,0,0,0,0,0,0,0,0,0,0
62402,1,1,1987,0,20,28,33,0,7,22,0,16,0
62402,2,1,1987,0,0,0,0,0,0,0,0,0,0
62403,1,1,1987,12,12,12,12,12,12,12,12,12,12
62404,1,1,1987,0,0,0,0,0,0,0,0,0,0
62404,2,1,1987,0,0,0,0,0,0,0,0,0,0
62405,1,1,1987,0,0,0,0,0,0,0,0,0,0
62406,1,1,1987,0,0,0,0,0,0,0,0,0,0
62406,2,1,1987,0,0,0,0,0,0,0,0,0,0
62407,0,1,1987,26,26,26,26,26,26,26,26,26,26
62407,1,1,1987,4,4,4,4,4,4,4,4,4,4
62408,1,1,1987,17,17,17,17,17,17,17,17,17,17
62408,2,1,1987,0,0,0,0,0,0,0,0,0,0
62409,0,1,1987,0,0,0,0,0,0,0,0,0,0
62409,1,1,1987,0,0,0,0,0,0,0,0,0,0
62410,1,1,1987,0,0,0,0,0,0,0,0,0,0
62410,2,1,1987,0,0,0,0,0,0,0,0,0,0
62411,1,1,1987,0,0,0,0,0,0,0,0,0,0
62411,2,1,1987,0,0,0,0,0,0,0,0,0,0
62412,1,1,1987,11,11,11,11,11,11,11,11,11,11
62412,2,1,1987,0,0,0,0,0,0,0,0,0,0
62413,1,1,1987,15,7,22,19,0,10,26,13,4,17
62413,2,1,1987,0,0,0,0,0,0,0,0,0,0
62413,3,1,1987,8,8,8,8,8,8,8,8,8,8
62414,1,1,1987,16,16,16,16,16,16,16,16,16,16
62414,2,1,1987,0,0,0,0,0,11,0,0,0,0
62415,1,1,1987,7,0,15,4,21,23,9,17,14,10
62416,1,1,1987,0,0,0,0,0,0,0,0,0,0
62417,1,1,1987,16,16,16,16,16,16,16,16,16,16
62418,1,1,1987,0,0,0,0,0,0,0,0,0,0
62419,1,1,1987,6,6,6,6,6,6,6,6,6,6
62420,1,1,1987,0,0,0,0,0,0,0,0,0,0
62421,1,1,1987,0,0,0,0,0,0,0,0,0,25
62422,1,1,1987,25,25,25,25,25,25,25,25,25,25
62422,2,1,1987,0,0,0,0,0,0,0,0,0,0
62423,1,1,1987,0,0,0,0,0,0,0,0,0,0
62424,1,1,1987,0,0,0,0,0,0,0,0,0,0
62424,2,1,1987,0,0,0,0,0,0,0,0,0,0
62425,1,1,1987,0,0,0,0,0,0,0,0,0,0
62425,2,1,1987,0,0,0,0,0,0,0,0,0,0
62426,0,1,1987,0,0,0,0,0,0,0,0,0,0
62426,1,1,1987,0,0,0,0,0,0,0,0,0,0
62427,0,1,1987,0,0,0,0,0,0,0,0,0,0
62427,1,1,1987,0,0,7,0,20,0,0,0,0,0
62428,1,1,1987,20,20,20,20,20,20,20,20,20,20
62429,1,1,1987,0,0,0,0,0,0,0,0,0,0
62430,1,1,1987,22,22,22,22,22,22,22,22,22,22
62430,2,1,1987,0,0,0,0,0,0,0,0,0,0
62431,1,1,1987,1,1,1,1,1,1,1,1,1,1
62431,2,1,1987,17,17,17,17,17,17,17,17,17,17
62432,1,1,1987,0,0,0,0,0,0,0,0,0,0
62432,2,1,1987,23,23,23,23,23,23,23,23,23,23
62433,1,1,1987,14,21,0,13,35,12,21,15,33,21
62434,1,1,1987,15,15,15,15,15,15,15,15,15,15
62435,1,1,1987,0,0,0,0,0,0,0,0,0,0
62435,2,1,1987,0,0,23,0,0,0,0,0,0,0
62436,1,1,1987,25,25,25,25,25,25,25,25,25,25
62437,0,1,1987,0,0,0,0,0,0,0,0,0,0
62437,1,1,1987,0,0,0,8,0,0,0,0,29,23
62438,0,1,1987,0,0,0,0,0,0,0,0,0,0
62438,1,1,1987,0,0,0,30,0,0,0,12,0,0
62439,0,1,1987,29,10,21,11,0,10,13,15,39,25
62439,0,2,1987,43,24,0,0,12,0,14,2,0,16
62439,1,1,1987,0,0,0,0,0,0,0,0,0,0
62440,1,1,1987,6,6,6,6,6,6,6,6,6,6
62440,2,1,1987,0,0,0,0,0,0,0,0,0,0
62441,1,1,1987,18,18,18,18,18,18,18,18,18,18
62441,2,1,1987,0,0,0,0,0,0,0,0,0,0
62442,1,1,1987,0,0,0,0,0,0,0,0,0,0
62442,2,1,1987,0,0,0,0,0,0,0,0,0,15
62443,1,1,1987,13,13,13,13,13,13,13,13,13,13
62443,2,1,1987,0,0,0,0,0,0,0,0,0,0
62444,0,1,1987,14,14,14,14,14,14,14,14,14,14
62444,1,1,1987,17,6,10,6,14,4,8,4,23,6
62445,1,1,1987,13,13,13,13,13,13,13,13,13,13
62446,1,1,1987,0,0,0,0,0,0,0,0,0,0
62446,2,1,1987,0,0,0,0,0,0,0,13,9,0
62447,1,1,1987,0,0,0,0,0,0,0,0,0,0
62447,2,1,1987,0,0,0,0,0,0,0,0,0,0
62448,1,1,1987,0,0,0,0,0,0,0,0,0,0
62448,2,1,1987,9,9,9,9,9,9,9,9,9,9
62449,0,1,1987,23,0,0,3,0,0,27,0,0,0
62449,0,2,1987,0,4,11,8,0,0,0,0,0,0
62449,0,3,1987,0,6,0,0,3,0,11,0,0,0
62449,0,4,1987,4,4,4,4,4,4,4,4,4,4
62449,0,5,1987,0,0,0,0,0,0,0,0,0,0
62449,1,1,1987,0,0,0,0,0,0,0,18,0,0
62450,1,1,1987,0,0,0,0,0,0,0,0,0,0
62451,1,1,1987,0,0,0,0,0,0,0,0,0,0
62451,2,1,1987,0,0,0,0,0,0,0,0,0,0
62452,1,1,1987,5,5,5,5,5,5,5,5,5,5
62453,1,1,1987,12,12,12,12,12,12,12,12,12,12
62453,2,1,1987,0,0,0,0,0,0,0,0,0,0
62454,1,1,1987,0,0,0,0,0,0,0,0,0,0
62454,2,1,1987,0,0,0,0,0,0,0,0,0,0
62454,3,1,1987,0,0,0,0,0,0,0,0,0,17
62455,0,1,1987,0,0,0,0,0,0,0,0,0,0
62455,1,1,1987,0,0,0,0,0,4,0,0,0,0
62456,0,1,1987,0,0,0,0,0,0,0,12,0,0
62456,1,1,1987,0,0,0,0,0,0,0,0,0,0
62457,0,1,1987,21,21,21,21,21,21,21,21,21,21
62457,1,1,1987,0,0,0,0,0,0,0,0,0,0
62457,2,1,1987,0,0,0,0,0,0,0,0,0,0
62458,1,1,1987,9,24,20,0,21,16,0,23,9,18
62459,1,1,1987,0,0,0,0,0,0,0,0,0,0
62460,1,1,1987,0,0,0,0,0,0,20,0,0,0
62460,2,1,1987,0,0,0,0,0,0,0,0,0,0
62461,1,1,1987,0,0,0,0,0,0,0,0,0,0
62462,1,1,1987,0,0,0,0,0,0,0,0,0,0
62462,2,1,1987,0,8,18,15,8,15,9,7,0,2
62463,0,1,1987,0,0,0,0,0,0,0,0,0,0
62463,0,2,1987,0,0,0,0,5,0,0,5,0,0
62463,1,1,1987,0,0,0,0,0,0,0,0,0,0
62463,2,1,1987,0,0,0,0,0,0,0,0,0,0
62464,0,1,1987,0,0,0,0,0,0,0,0,0,0
62464,1,1,1987,0,0,0,0,0,0,0,0,0,0
62465,1,1,1987,17,17,17,17,17,17,17,17,17,17
62465,2,1,1987,0,0,0,16,0,0,0,0,0,0
62465,3,1,1987,0,0,0,0,0,0,0,0,0,0
62466,1,1,1987,25,25,25,25,25,25,25,25,25,25
62467,1,1,1987,9,9,9,9,9,9,9,9,9,9
62468,1,1,1987,0,0,0,0,0,0,0,0,0,0
62468,2,1,1987,0,0,0,0,0,0,0,0,0,0
62469,1,1,1987,23,23,23,23,23,23,23,23,23,23
62470,1,1,1987,0,0,0,0,0,0,0,0,0,0
62471,1,1,1987,0,0,0,0,0,0,0,0,0,0
62471,2,1,1987,0,0,0,0,0,0,0,0,0,0
62472,1,1,1987,4,4,4,4,4,4,4,4,4,4
62473,1,1,1987,7,7,7,7,7,7,7,7,7,7
62474,0,1,1987,26,26,26,26,26,26,26,26,26,26
62474,1,1,1987,16,24,0,12,0,10,0,0,8,10
62475,1,1,1987,13,46,30,5,17,15,16,0,11,8
62476,1,1,1987,0,0,0,0,0,0,0,0,0,0
62477,1,1,1987,0,0,0,0,0,0,0,0,0,0
62478,0,1,1987,0,0,0,0,0,0,0,0,0,0
62478,1,1,1987,23,0,0,4,11,0,0,0,0,7
62479,1,1,1987,2,2,2,2,2,2,2,2,2,2
62480,1,1,1987,9,9,9,9,9,9,9,9,9,9
62480,2,1,1987,0,0,0,0,0,0,0,0,0,0
62481,1,1,1987,0,0,0,0,0,0,0,0,0,0
62481,2,1,1987,0,0,0,0,0,0,0,0,0,0
62482,1,1,1987,0,0,0,0,0,0,0,0,0,0
62482,2,1,1987,0,0,0,0,0,0,10,0,0,0
62483,1,1,1987,0,0,0,0,0,0,0,0,0,0
62483,2,1,1987,0,0,0,0,0,0,0,0,0,0
62484,1,1,1987,0,0,0,0,0,0,0,0,0,0
62484,2,1,1987,0,0,0,0,0,0,0,0,0,0
62485,0,1,1987,0,0,0,0,0,0,0,0,0,0
62485,1,1,1987,0,0,0,0,0,0,0,0,0,0
62486,1,1,1987,8,8,3,0,0,0,0,0,9,0
62486,2,1,1987,0,0,9,0,3,0,0,0,9,0
62487,0,1,1987,0,0,0,0,0,0,0,0,0,0
62487,0,2,1987,11,36,13,0,0,0,23,26,4,0
62487,2,1,1987,0,0,0,0,0,0,0,0,0,0
62488,1,1,1987,0,0,0,0,0,0,0,0,0,0
62488,2,1,1987,0,0,0,0,0,0,0,0,0,0
62489,1,1,1987,0,0,0,0,0,0,0,0,0,0
62489,2,1,1987,0,0,0,0,0,0,0,0,0,0
62489,3,1,1987,0,0,0,20,0,0,0,0,0,0
62490,1,1,1987,2,2,2,2,2,2,2,2,2,2
62491,0,1,1987,8,8,8,8,8,8,8,8,8,8
62491,1,1,1987,0,0,0,0,0,0,0,0,0,0
62492,1,1,1987,16,16,16,16,16,16,16,16,16,16
62492,2,1,1987,0,0,0,0,0,0,0,0,0,0
62493,0,1,1987,0,0,0,0,0,0,0,0,0,0
62494,1,1,1987,0,0,0,0,0,0,0,0,0,0
62495,1,1,1987,20,20,20,20,20,20,20,20,20,20
62496,1,1,1987,0,0,0,0,0,0,0,0,0,0
62497,1,1,1987,0,0,0,0,0,0,19,0,0,0
62497,2,1,1987,0,0,0,0,0,0,0,0,0,0
62498,1,1,1987,18,18,18,18,18,18,18,18,18,18
62498,2,1,1987,0,0,0,0,0,0,0,0,0,0
62499,0,1,1987,4,4,4,4,4,4,4,4,4,4
62499,1,1,1987,0,0,0,0,0,0,0,0,0,0
62500,1,1,1987,13,13,13,13,13,13,13,13,13,13
62501,1,1,1987,17,17,17,17,17,17,17,17,17,17
62502,0,1,1987,4,4,4,4,4,4,4,4,4,4
62502,1,1,1987,0,0,0,0,26,0,0,0,0,0
62503,1,1,1987,29,29,29,29,29,29,29,29,29,29
62504,1,1,1987,0,15,26,0,0,13,29,25,0,14
62504,2,1,1987,17,17,17,17,17,17,17,17,17,17
62505,1,1,1987,12,12,12,12,12,12,12,12,12,12
62506,1,1,1987,0,0,0,0,0,0,0,0,0,0
62507,0,1,1987,8,8,8,8,8,8,8,8,8,8
62507,1,1,1987,0,0,0,0,7,0,0,0,0,0
62508,1,1,1987,20,0,0,0,0,0,0,0,0,0
62508,2,1,1987,23,23,23,23,23,23,23,23,23,23
62509,0,1,1987,5,5,5,5,5,5,5,5,5,5
62509,1,1,1987,0,0,0,0,0,0,0,0,0,0
62510,1,1,1987,3,18,10,13,15,13,0,11,4,12
62510,2,1,1987,0,0,0,0,0,0,0,0,0,0
62511,1,1,1987,19,19,19,19,19,19,19,19,19,19
62511,2,1,1987,0,0,0,0,0,0,0,0,0,0
62512,1,1,1987,19,19,19,19,19,19,19,19,19,19
62512,2,1,1987,0,0,0,0,0,0,14,0,0,0
62513,1,1,1987,2,2,2,2,2,2,2,2,2,2
62514,1,1,1987,0,0,0,0,0,0,0,0,0,0
62514,2,1,1987,0,0,0,0,0,0,0,0,0,0
62515,1,1,1987,0,0,0,0,0,0,0,0,0,0
62516,1,1,1987,0,0,0,0,0,0,0,0,0,0
62516,2,1,1987,0,0,0,0,0,0,0,0,0,0
62517,1,1,1987,16,16,16,16,16,16,16,16,16,16
62517,2,1,1987,0,0,0,0,0,0,0,0,0,0
62518,0,1,1987,0,0,0,0,0,0,0,0,0,0
62518,1,1,1987,0,16,0,21,0,12,5,0,0,0
62519,1,1,1987,0,0,0,0,0,0,0,0,0,0
62520,1,1,1987,15,10,2,15,5,8,14,7,15,23
62520,2,1,1987,0,0,0,0,0,0,0,0,0,0
62521,1,1,1987,15,15,15,15,15,15,15,15,15,15
62521,2,1,1987,0,0,0,0,0,0,0,0,0,0
62522,1,1,1987,7,7,7,7,7,7,7,7,7,7
62522,2,1,1987,0,0,0,0,0,0,0,0,0,0
62523,1,1,1987,20,20,20,20,20,20,20,20,20,20
62524,1,1,1987,26,26,26,26,26,26,26,26,26,26
62524,2,1,1987,0,0,0,0,0,0,0,0,0,0
62525,1,1,1987,21,21,21,21,21,21,21,21,21,21
62525,2,1,1987,0,0,0,0,0,0,0,0,0,0
62526,1,1,1987,9,9,9,9,9,9,9,9,9,9
62527,1,1,1987,20,20,20,20,20,20,20,20,20,20
62528,1,1,1987,25,25,25,25,25,25,25,25,25,25
62529,1,1,1987,0,0,0,0,0,0,0,0,0,0
62530,0,1,1987,32,32,32,32,32,32,32,32,32,32
62530,1,1,1987,0,0,0,0,0,0,0,0,0,0
62531,0,1,1987,0,0,0,0,0,0,0,0,0,0
62531,1,1,1987,0,0,0,0,0,0,0,0,0,0
62532,1,1,1987,0,0,0,0,19,0,0,0,0,0
62533,1,1,1987,0,0,0,0,0,0,0,0,0,0
62533,2,1,1987,0,0,0,0,0,0,0,0,0,0
62534,1,1,1987,0,0,0,0,0,0,0,0,0,0
62535,1,1,1987,0,0,0,0,0,0,0,0,0,0
62535,2,1,1987,0,0,17,0,0,0,0,2,4,0
62536,1,1,1987,10,10,10,10,10,10,10,10,10,10
62536,2,1,1987,0,0,0,0,0,0,0,0,0,0
62537,1,1,1987,0,0,0,0,0,0,0,0,20,0
62537,2,1,1987,0,0,0,0,0,0,0,0,0,0
62537,3,1,1987,0,0,0,0,0,0,0,0,0,0
62537,4,1,1987,0,0,0,0,0,0,0,0,0,0
62537,5,1,1987,0,0,0,0,0,0,0,0,0,0
62538,1,1,1987,7,7,7,7,7,7,7,7,7,7
62538,2,1,1987,0,0,0,0,0,0,0,15,0,0
62539,1,1,1987,0,0,0,0,0,0,0,0,0,0
62539,2,1,1987,0,0,0,0,0,0,0,0,0,0
62540,1,1,1987,0,0,0,0,0,0,0,0,0,0
62540,2,1,1987,0,0,0,0,0,0,0,0,0,0
62541,1,1,1987,0,0,0,0,0,0,0,0,0,0
62541,2,1,1987,0,0,0,0,0,0,0,0,10,0
62542,0,1,1987,0,0,0,0,0,0,0,0,0,0
62542,1,1,1987,0,0,0,0,0,0,0,0,0,0
62543,0,1,1987,0,0,0,0,0,0,0,0,0,0
62543,1,1,1987,0,0,0,0,0,0,0,0,0,0
62544,1,1,1987,14,14,14,14,14,14,14,14,14,14
62544,2,1,1987,0,0,0,0,0,0,0,0,0,0
62545,1,1,1987,15,17,13,26,20,15,46,28,17,14
62546,1,1,1987,0,0,0,0,0,0,0,0,0,0
62546,2,1,1987,0,0,0,0,0,0,0,0,0,0
62547,1,1,1987,26,26,26,26,26,26,26,26,26,26
62548,1,1,1987,18,18,18,18,18,18,18,18,18,18
62549,1,1,1987,6,6,6,6,6,6,6,6,6,6
62549,2,1,1987,13,13,13,13,13,13,13,13,13,13
62550,1,1,1987,16,16,16,16,16,16,16,16,16,16
62551,1,1,1987,0,0,0,0,0,0,0,0,0,0
62551,2,1,1987,0,0,0,0,0,0,0,0,0,0
62552,0,1,1987,0,0,0,0,0,0,0,0,0,0
62552,1,1,1987,0,0,0,12,0,0,12,0,0,0
62553,0,1,1987,0,0,0,0,0,0,0,0,0,0
62553,1,1,1987,6,6,6,6,6,6,6,6,6,6
62554,0,1,1987,33,33,33,33,33,33,33,33,33,33
62554,1,1,1987,0,0,0,0,0,0,0,0,0,0
62555,1,1,1987,0,0,0,0,0,0,0,0,0,0
62555,2,1,1987,0,0,0,0,0,0,0,0,0,0
62556,1,1,1987,0,0,0,0,0,0,0,0,0,0
62556,2,1,1987,0,0,0,0,0,0,0,0,0,0
62556,3,1,1987,0,0,0,0,0,0,0,0,0,0
62557,1,1,1987,9,9,9,9,9,9,9,9,9,9
62557,2,1,1987,0,0,0,0,0,0,0,0,0,0
62558,1,1,1987,0,0,0,0,0,0,0,0,0,0
62558,2,1,1987,0,0,0,21,0,0,0,0,0,0
62559,1,1,1987,24,24,24,24,24,24,24,24,24,24
62560,1,1,1987,6,6,6,6,6,6,6,6,6,6
62561,1,1,1987,23,13,23,25,9,27,5,17,34,0
62561,2,1,1987,7,9,0,0,0,12,0,0,7,0
62562,1,1,1987,21,21,21,21,21,21,21,21,21,21
62563,1,1,1987,9,9,9,9,9,9,9,9,9,9
62563,2,1,1987,0,0,0,0,0,0,0,0,0,0
62564,0,1,1987,19,19,19,19,19,19,19,19,19,19
62564,1,1,1987,0,0,0,0,0,0,0,0,0,0
62565,0,1,1987,0,0,0,0,0,0,0,0,0,0
62565,1,1,1987,0,0,0,0,0,0,0,0,0,0
62566,1,1,1987,0,0,0,0,0,0,0,0,0,0
62567,1,1,1987,0,0,0,0,0,0,0,0,0,0
62567,2,1,1987,0,0,0,0,0,0,0,0,0,0
62568,0,1,1987,0,0,0,0,0,0,0,0,0,0
62568,1,1,1987,0,0,0,0,13,0,0,0,0,0
62569,0,1,1987,20,20,20,20,20,20,20,20,20,20
62569,1,1,1987,0,0,0,0,0,0,0,0,0,0
62570,1,1,1987,0,0,0,0,0,0,0,0,0,0
62571,1,1,1987,0,0,0,0,0,0,0,0,19,0
62571,2,1,1987,0,0,0,0,0,0,0,0,0,0
62572,1,1,1987,12,12,12,12,12,12,12,12,12,12
62572,2,1,1987,0,0,0,0,0,0,0,0,0,0
62573,1,1,1987,0,0,0,0,0,0,0,0,0,0
62574,1,1,1987,19,19,19,19,19,19,19,19,19,19
62575,0,1,1987,15,15,15,15,15,15,15,15,15,15
62575,1,1,1987,0,0,0,0,0,0,0,0,0,0
62576,1,1,1987,19,19,19,19,19,19,19,19,19,19
62576,2,1,1987,0,0,0,0,0,0,0,0,0,0
62577,1,1,1987,0,0,0,0,0,0,0,0,0,0
62577,2,1,1987,0,0,0,0,0,0,0,0,0,0
62578,0,1,1987,12,0,0,0,0,17,0,0,0,0
62578,1,1,1987,0,0,0,0,0,0,0,0,0,0
62579,1,1,1987,17,4,13,30,23,17,22,0,10,5
62580,1,1,1987,0,0,0,0,0,0,0,0,0,0
62581,1,1,1987,19,0,33,16,0,0,0,10,0,0
62582,1,1,1987,0,0,0,0,0,0,0,0,0,0
62583,1,1,1987,0,0,0,0,0,0,11,0,29,0
62584,1,1,1987,23,23,23,23,23,23,23,23,23,23
62585,1,1,1987,0,0,0,0,0,0,0,0,0,0
62585,2,1,1987,0,0,0,0,0,0,0,0,0,0
62586,1,1,1987,0,0,0,0,0,0,0,0,0,0
62587,1,1,1987,11,11,11,11,11,11,11,11,11,11
62588,1,1,1987,11,11,11,11,11,11,11,11,11,11
62588,2,1,1987,0,0,0,0,0,0,0,0,0,0
62589,1,1,1987,0,0,0,0,0,0,0,0,0,0
62589,2,1,1987,0,0,0,0,0,0,0,0,0,0
62590,1,1,1987,0,0,0,0,0,0,0,0,0,0
62591,1,1,1987,0,0,0,0,0,0,0,0,0,0
62592,1,1,1987,0,0,0,0,0,0,0,0,0,0
62592,2,1,1987,8,8,8,8,8,8,8,8,8,8
62593,1,1,1987,0,0,0,0,0,0,0,0,0,0
62593,2,1,1987,0,0,0,0,0,0,0,0,0,0
62594,1,1,1987,11,11,11,11,11,11,11,11,11,11
62595,1,1,1987,0,0,0,0,0,0,0,0,0,0
62596,1,1,1987,21,21,21,21,21,21,21,21,21,21
62597,1,1,1987,0,0,0,0,0,0,0,0,0,0
62597,2,1,1987,0,0,0,0,0,0,0,0,0,0
62598,1,1,1987,22,22,22,22,22,22,22,22,22,22
62599,1,1,1987,0,0,0,0,0,0,0,0,0,0
62599,2,1,1987,0,0,0,0,0,0,0,0,0,0
62600,1,1,1987,0,0,0,0,0,0,0,0,0,0
62600,2,1,1987,0,0,0,0,0,0,0,0,0,0
62600,3,1,1987,0,0,0,0,0,0,0,0,0,0
62601,1,1,1987,21,0,13,22,20,11,12,11,8,19
62601,2,1,1987,0,0,0,0,0,0,0,0,0,0
62602,1,1,1987,3,3,3,3,3,3,3,3,3,3
62603,0,1,1987,0,0,0,0,0,0,0,0,0,0
62603,1,1,1987,0,7,0,0,0,0,0,0,0,15
62604,1,1,1987,0,0,0,0,0,28,0,0,0,0
62604,2,1,1987,13,13,13,13,13,13,13,13,13,13
62605,1,1,1987,10,10,10,10,10,10,10,10,10,10
62605,2,1,1987,0,0,0,0,0,0,0,0,0,0
62606,0,1,1987,31,31,31,31,31,31,31,31,31,31
62606,1,1,1987,22,22,22,22,22,22,22,22,22,22
62607,1,1,1987,21,21,21,21,21,21,21,21,21,21
62607,2,1,1987,0,0,0,0,0,0,0,0,0,0
62608,1,1,1987,17,17,17,17,17,17,17,17,17,17
62608,2,1,1987,0,19,23,28,0,0,12,0,0,0
62609,1,1,1987,17,17,17,17,17,17,17,17,17,17
62610,1,1,1987,6,6,6,6,6,6,6,6,6,6
62611,0,1,1987,35,30,9,2,13,38,23,0,0,26
62611,1,1,1987,17,17,17,17,17,17,17,17,17,17
62612,1,1,1987,11,0,0,0,0,0,0,0,0,0
62613,1,1,1987,11,11,11,11,11,11,11,11,11,11
62614,1,1,1987,16,16,16,16,16,16,16,16,16,16
62615,1,1,1987,13,13,13,13,13,13,13,13,13,13
62616,1,1,1987,28,28,28,28,28,28,28,28,28,28
62617,1,1,1987,0,0,0,0,0,0,0,0,0,0
62618,1,1,1987,28,28,28,28,28,28,28,28,28,28
62619,1,1,1987,0,0,0,0,0,0,0,0,0,0
62619,2,1,1987,0,0,0,0,0,0,0,0,0,0
62620,1,1,1987,0,0,0,0,0,0,0,0,0,0
62620,2,1,1987,0,0,15,0,0,0,0,0,0,0
62621,1,1,1987,0,0,0,0,0,0,0,0,0,0
62622,1,1,1987,0,0,0,0,0,0,0,0,0,0
62622,2,1,1987,0,0,0,0,0,0,0,0,0,19
62623,0,1,1987,38,0,0,0,28,29,0,25,21,17
62623,1,1,1987,0,0,0,0,0,0,18,0,0,0
62624,1,1,1987,16,16,16,16,16,16,16,16,16,16
62625,1,1,1987,12,12,12,12,12,12,12,12,12,12
62626,1,1,1987,15,15,15,15,15,15,15,15,15,15
62627,1,1,1987,0,0,7,0,19,0,13,0,0,0
62628,1,1,1987,2,2,2,2,2,2,2,2,2,2
62629,1,1,1987,0,0,0,0,0,0,0,0,0,0
62630,1,1,1987,0,0,0,0,0,0,0,0,0,0
62631,1,1,1987,0,0,0,13,0,0,0,0,0,0
62631,2,1,1987,0,0,0,0,0,0,0,0,0,0
62632,1,1,1987,0,0,0,0,0,0,0,0,0,0
62633,1,1,1987,13,13,13,13,13,13,13,13,13,13