ST_CASE,VEH_NO,PER_NO,YEAR,P1,P2,P3,P4,P5,P6,P7,P8,P9,P10
62634,1,1,1987,0,0,0,0,0,0,0,0,0,0
62635,0,1,1987,0,0,0,0,0,0,0,0,0,0
62635,1,1,1987,0,0,0,0,0,0,0,0,0,0
62636,1,1,1987,20,20,20,20,20,20,20,20,20,20
62637,1,1,1987,0,0,0,0,0,0,0,0,0,0
62638,0,1,1987,26,26,26,26,26,26,26,26,26,26
62638,1,1,1987,0,0,0,0,0,0,0,0,0,0
62639,1,1,1987,0,0,0,0,0,0,0,0,0,0
62639,2,1,1987,0,7,0,0,0,12,0,27,19,0
62640,1,1,1987,0,0,0,0,0,0,0,0,0,0
62640,2,1,1987,0,0,16,0,0,0,0,0,0,0
62641,0,1,1987,25,25,25,25,25,25,25,25,25,25
62641,1,1,1987,0,0,0,0,20,0,3,9,0,0
62642,1,1,1987,0,0,0,0,0,0,0,0,0,0
62643,1,1,1987,4,4,4,4,4,4,4,4,4,4
62643,2,1,1987,0,0,0,0,0,0,0,0,0,0
62644,0,1,1987,2,2,2,2,2,2,2,2,2,2
62644,1,1,1987,18,0,0,20,24,13,0,11,17,26
62645,0,1,1987,0,0,0,0,0,0,0,0,0,0
62645,1,1,1987,24,19,10,20,0,0,0,0,17,15
62646,1,1,1987,10,10,10,10,10,10,10,10,10,10
62646,2,1,1987,0,0,9,11,14,0,0,17,0,21
62647,1,1,1987,17,17,17,17,17,17,17,17,17,17
62648,0,1,1987,30,0,25,24,0,0,11,44,12,0
62648,1,1,1987,21,21,21,21,21,21,21,21,21,21
62649,1,1,1987,0,0,0,0,0,0,0,0,0,0
62650,0,1,1987,0,0,0,0,0,0,0,0,0,0
62650,1,1,1987,0,0,0,0,0,0,0,0,20,0
62651,1,1,1987,0,0,0,0,0,0,0,0,0,0
62652,0,1,1987,0,14,0,0,0,0,0,0,0,0
62652,1,1,1987,0,0,0,0,0,0,0,0,0,0
62652,3,1,1987,0,3,0,0,0,0,0,0,0,0
62653,1,1,1987,0,0,0,0,0,0,0,0,0,0
62653,2,1,1987,0,0,0,10,0,0,20,0,0,0
62653,3,1,1987,0,0,0,0,0,0,0,0,0,0
62654,0,1,1987,0,0,0,0,0,0,0,0,0,0
62654,1,1,1987,0,0,0,0,0,0,0,0,0,0
62655,1,1,1987,22,22,22,22,22,22,22,22,22,22
62655,2,1,1987,0,0,0,0,0,0,0,0,0,0
62656,1,1,1987,33,33,33,33,33,33,33,33,33,33
62657,1,1,1987,0,0,0,0,0,0,0,0,0,0
62657,2,1,1987,0,0,0,0,0,0,0,0,0,0
62658,1,1,1987,0,0,0,0,0,24,0,0,0,5
62659,0,1,1987,14,14,14,14,14,14,14,14,14,14
62659,0,2,1987,15,20,8,0,0,0,0,10,0,18
62659,1,1,1987,0,0,0,0,0,6,5,0,0,0
62659,2,1,1987,0,0,0,0,0,0,0,0,0,0
62659,3,1,1987,0,17,0,0,0,13,0,0,0,0
62659,4,1,1987,0,0,0,0,0,0,0,0,4,0
62659,5,1,1987,0,0,0,1,0,4,39,0,13,0
62659,6,1,1987,0,0,0,0,0,0,0,0,11,0
62660,1,1,1987,16,16,16,16,16,16,16,16,16,16
62660,2,1,1987,0,0,15,0,0,0,0,9,0,0
62661,1,1,1987,0,0,0,0,0,0,0,0,0,0
62661,2,1,1987,13,0,0,0,0,0,0,0,0,0
62662,0,1,1987,0,0,0,0,0,0,0,0,0,0
62662,1,1,1987,0,0,3,11,0,14,0,13,0,0
62663,0,1,1987,0,0,0,0,0,0,0,0,0,0
62663,1,1,1987,0,0,0,0,0,0,0,0,0,0
62664,1,1,1987,3,0,0,0,0,0,0,0,9,0
62664,2,1,1987,0,0,0,0,0,0,0,0,0,0
62665,1,1,1987,0,0,0,0,0,0,0,0,0,0
62665,2,1,1987,0,0,0,0,0,0,0,0,0,0
62665,3,1,1987,0,0,0,0,0,0,0,0,0,0
62666,1,1,1987,0,0,0,0,0,0,0,0,0,0
62666,2,1,1987,0,0,0,0,15,0,0,0,0,0
62667,0,1,1987,0,0,0,0,0,0,0,0,0,0
62667,1,1,1987,0,0,0,0,0,0,0,0,0,0
62668,0,1,1987,0,0,0,0,0,0,0,0,0,0
62668,1,1,1987,0,0,0,0,0,0,0,0,0,0
62669,1,1,1987,10,10,10,10,10,10,10,10,10,10
62670,1,1,1987,17,17,17,17,17,17,17,17,17,17
62671,1,1,1987,0,0,0,0,0,0,0,0,0,0
62671,2,1,1987,0,0,0,0,0,0,0,0,0,0
62672,1,1,1987,21,21,21,21,21,21,21,21,21,21
62673,1,1,1987,11,11,11,11,11,11,11,11,11,11
62673,2,1,1987,0,0,0,0,0,0,0,0,0,21
62674,1,1,1987,0,0,0,0,0,0,0,0,0,0
62675,1,1,1987,0,0,0,0,0,0,0,0,0,0
62675,2,1,1987,12,19,24,10,13,0,0,29,22,11
62676,1,1,1987,0,0,0,0,0,0,0,0,0,0
62676,2,1,1987,0,0,0,0,0,0,0,0,0,0
62677,1,1,1987,0,0,0,0,0,0,0,0,0,0
62677,2,1,1987,0,0,0,0,0,0,0,0,0,0
62678,1,1,1987,0,3,0,0,0,0,0,0,0,0
62679,1,1,1987,0,0,0,0,0,0,0,0,0,0
62679,2,1,1987,0,0,0,0,0,0,0,0,0,0
62680,1,1,1987,0,0,0,0,0,0,0,0,0,0
62681,1,1,1987,0,0,0,0,0,0,0,0,0,17
62681,2,1,1987,0,0,0,0,0,0,0,0,0,0
62682,1,1,1987,21,21,21,21,21,21,21,21,21,21
62683,1,1,1987,0,0,0,0,0,0,0,0,0,0
62684,1,1,1987,21,21,21,21,21,21,21,21,21,21
62685,1,1,1987,16,16,16,16,16,16,16,16,16,16
62686,1,1,1987,14,14,14,14,14,14,14,14,14,14
62686,2,1,1987,0,0,0,0,0,0,0,0,0,0
62687,1,1,1987,0,0,0,0,0,0,0,0,0,0
62687,2,1,1987,0,0,0,0,0,0,0,0,0,0
62687,3,1,1987,0,0,0,17,12,0,0,0,0,0
62688,1,1,1987,21,21,21,21,21,21,21,21,21,21
62689,0,1,1987,0,0,0,0,0,0,0,0,0,0
62689,1,1,1987,0,0,0,0,0,0,0,0,0,0
62690,1,1,1987,18,18,18,18,18,18,18,18,18,18
62691,1,1,1987,0,0,0,0,0,0,0,0,0,0
62691,2,1,1987,0,0,0,0,0,0,0,0,0,0
62692,1,1,1987,10,10,10,10,10,10,10,10,10,10
62693,1,1,1987,28,28,28,28,28,28,28,28,28,28
62694,1,1,1987,49,49,49,49,49,49,49,49,49,49
62694,2,1,1987,0,0,0,0,0,0,0,0,16,0
62694,3,1,1987,0,0,0,12,0,0,0,0,15,19
62694,4,1,1987,0,0,0,0,7,9,0,0,14,0
62695,1,1,1987,12,12,12,12,12,12,12,12,12,12
62696,1,1,1987,14,14,14,14,14,14,14,14,14,14
62697,1,1,1987,12,12,12,12,12,12,12,12,12,12
62698,1,1,1987,0,0,0,0,0,0,0,0,0,0
62699,1,1,1987,17,17,17,17,17,17,17,17,17,17
62699,2,1,1987,0,0,20,0,0,4,0,0,0,0
62700,1,1,1987,0,0,0,0,0,0,0,0,0,0
62701,1,1,1987,9,9,9,9,9,9,9,9,9,9
62701,2,1,1987,0,0,0,0,0,0,0,0,0,0
62701,3,1,1987,0,0,0,0,0,0,0,0,0,0
62702,1,1,1987,0,0,0,0,0,0,0,0,0,0
62702,2,1,1987,0,0,0,0,0,0,0,0,0,0
62703,0,1,1987,0,0,0,0,0,0,0,0,0,0
62703,1,1,1987,0,0,0,0,0,0,0,0,0,19
62704,1,1,1987,11,11,11,11,11,11,11,11,11,11
62705,0,1,1987,0,0,0,0,0,0,0,0,0,0
62705,1,1,1987,0,0,0,0,0,0,0,0,0,0
62705,2,1,1987,0,0,0,0,0,0,0,0,0,0
62706,1,1,1987,0,0,0,0,0,0,0,0,0,0
62707,1,1,1987,0,0,0,0,0,0,0,0,0,0
62708,1,1,1987,1,1,1,1,1,1,1,1,1,1
62709,0,1,1987,0,0,0,0,0,0,0,0,0,0
62709,0,2,1987,0,0,0,0,0,0,0,0,0,0
62709,0,3,1987,0,0,0,0,0,0,0,0,0,0
62709,1,1,1987,0,0,0,0,0,0,0,0,0,0
62710,1,1,1987,17,17,17,17,17,17,17,17,17,17
62711,0,1,1987,35,35,35,35,35,35,35,35,35,35
62711,1,1,1987,0,0,0,0,0,0,0,0,0,0
62712,1,1,1987,5,5,5,5,5,5,5,5,5,5
62713,1,1,1987,0,0,0,0,0,0,0,0,0,0
62714,1,1,1987,0,0,0,0,0,0,0,0,0,0
62715,1,1,1987,0,0,3,0,0,0,0,0,0,0
62716,1,1,1987,18,18,18,18,18,18,18,18,18,18
62717,1,1,1987,0,0,0,0,0,0,0,0,0,0
62718,1,1,1987,31,31,31,31,31,31,31,31,31,31
62719,1,1,1987,34,34,34,34,34,34,34,34,34,34
62720,1,1,1987,0,0,0,0,0,0,0,0,0,0
62721,1,1,1987,13,13,13,13,13,13,13,13,13,13
62721,2,1,1987,0,0,0,0,0,0,0,0,0,0
62722,1,1,1987,0,0,0,0,0,0,0,0,0,0
62722,2,1,1987,0,13,0,0,0,0,0,0,0,0
62723,1,1,1987,15,15,15,15,15,15,15,15,15,15
62723,2,1,1987,0,0,0,0,15,0,0,3,0,0
62724,0,1,1987,0,0,0,0,0,0,0,0,0,0
62724,1,1,1987,0,0,0,0,0,0,0,0,0,0
62725,0,1,1987,1,1,1,1,1,1,1,1,1,1
62725,1,1,1987,0,0,0,0,0,0,0,0,0,0
62726,0,1,1987,4,4,4,4,4,4,4,4,4,4
62726,1,1,1987,0,0,0,0,2,0,0,0,0,0
62727,1,1,1987,0,0,0,0,0,0,0,0,0,0
62727,2,1,1987,0,0,0,0,0,4,0,0,0,0
62728,1,1,1987,0,0,0,0,0,0,0,0,0,0
62728,2,1,1987,0,0,6,0,13,0,11,0,17,0
62729,1,1,1987,0,0,0,0,0,0,0,0,0,0
62729,2,1,1987,0,25,10,0,22,8,6,8,12,0
62730,1,1,1987,23,23,23,23,23,23,23,23,23,23
62730,2,1,1987,7,7,7,7,7,7,7,7,7,7
62731,1,1,1987,9,9,9,9,9,9,9,9,9,9
62731,2,1,1987,0,0,0,0,0,0,0,0,0,0
62732,1,1,1987,22,18,22,11,28,11,18,19,25,18
62733,1,1,1987,5,5,5,5,5,5,5,5,5,5
62734,0,1,1987,0,0,0,0,0,0,0,0,0,0
62734,1,1,1987,11,0,0,20,0,5,0,0,0,0
62735,0,1,1987,0,0,0,20,0,0,0,0,0,0
62735,0,2,1987,0,0,0,0,0,0,0,0,0,0
62735,1,1,1987,0,0,0,0,0,0,0,0,0,0
62736,1,1,1987,0,0,0,0,0,0,0,0,0,0
62737,1,1,1987,22,22,17,28,29,28,8,32,12,7
62738,1,1,1987,0,0,0,0,0,0,0,0,0,0
62739,1,1,1987,16,16,16,16,16,16,16,16,16,16
62740,1,1,1987,5,5,5,5,5,5,5,5,5,5
62741,1,1,1987,20,20,20,20,20,20,20,20,20,20
62742,1,1,1987,23,23,23,23,23,23,23,23,23,23
62743,1,1,1987,0,0,0,7,0,0,0,0,0,0
62744,1,1,1987,6,6,6,6,6,6,6,6,6,6
62745,1,1,1987,0,0,0,0,0,0,0,0,0,0
62745,2,1,1987,0,0,0,0,0,0,0,0,0,0
62746,1,1,1987,0,0,0,0,0,0,0,0,0,0
62747,1,1,1987,0,0,0,0,8,0,0,0,0,0
62748,0,1,1987,0,0,0,0,0,0,0,0,0,0
62748,1,1,1987,0,0,0,0,0,0,0,0,0,0
62749,0,1,1987,0,0,0,0,0,0,0,0,0,0
62749,1,1,1987,33,0,0,22,13,0,0,0,0,0
62750,1,1,1987,16,16,16,16,16,16,16,16,16,16
62750,2,1,1987,0,16,20,8,13,18,22,14,12,27
62751,1,1,1987,16,16,16,16,16,16,16,16,16,16
62752,1,1,1987,13,13,13,13,13,13,13,13,13,13
62753,0,1,1987,6,6,6,6,6,6,6,6,6,6
62753,1,1,1987,0,0,0,0,0,0,0,0,0,0
62753,2,1,1987,0,0,0,0,0,0,0,0,0,0
62754,1,1,1987,7,7,7,7,7,7,7,7,7,7
62754,2,1,1987,0,0,0,0,0,0,0,0,0,0
62754,3,1,1987,0,0,0,0,0,0,0,0,0,0
62755,1,1,1987,0,0,0,0,0,0,0,0,0,0
62756,1,1,1987,0,0,0,0,0,0,0,0,0,0
62756,2,1,1987,0,0,0,0,0,0,0,0,0,0
62756,3,1,1987,0,0,0,0,0,0,0,0,0,0
62757,1,1,1987,9,9,9,9,9,9,9,9,9,9
62758,1,1,1987,18,18,18,18,18,18,18,18,18,18
62758,2,1,1987,0,0,0,0,0,0,0,0,0,0
62759,1,1,1987,23,23,23,23,23,23,23,23,23,23
62759,2,1,1987,29,29,29,29,29,29,29,29,29,29
62760,1,1,1987,13,13,13,13,13,13,13,13,13,13
62761,1,1,1987,9,9,9,9,9,9,9,9,9,9
62761,2,1,1987,0,0,0,0,0,0,0,0,0,0
62762,1,1,1987,6,6,6,6,6,6,6,6,6,6
62763,1,1,1987,0,0,0,0,0,0,30,0,0,0
62763,2,1,1987,0,0,0,0,0,0,0,0,0,0
62764,0,1,1987,0,0,0,0,0,0,0,0,0,0
62764,1,1,1987,0,0,0,0,0,0,0,0,0,0
62765,1,1,1987,17,17,17,17,17,17,17,17,17,17
62766,1,1,1987,0,0,0,0,0,0,0,0,0,0
62767,1,1,1987,0,0,0,0,0,0,0,0,0,0
62768,1,1,1987,21,21,21,21,21,21,21,21,21,21
62768,2,1,1987,3,3,3,3,3,3,3,3,3,3
62769,0,1,1987,14,14,14,14,14,14,14,14,14,14
62769,1,1,1987,0,0,0,10,0,0,0,0,0,0
62770,0,1,1987,0,0,0,0,0,0,0,0,0,0
62770,1,1,1987,0,0,0,0,0,0,0,0,0,0
62771,1,1,1987,0,0,0,0,0,0,0,0,0,0
62771,2,1,1987,0,0,0,0,0,0,0,0,0,0
62772,1,1,1987,39,39,39,39,39,39,39,39,39,39
62772,2,1,1987,0,0,0,0,0,0,0,0,0,0
62773,1,1,1987,0,0,0,0,0,0,0,0,0,0
62774,1,1,1987,11,11,11,11,11,11,11,11,11,11
62775,0,1,1987,0,0,0,0,0,0,0,0,0,0
62775,0,2,1987,0,3,8,0,0,0,0,2,0,0
62775,1,1,1987,9,9,9,9,9,9,9,9,9,9
62776,0,1,1987,0,0,0,0,0,0,0,0,0,0
62776,1,1,1987,0,0,0,0,0,0,0,0,0,8
62776,2,1,1987,0,0,0,0,0,0,0,0,0,0
62776,3,1,1987,26,0,0,11,0,0,0,0,0,10
62777,0,1,1987,24,24,24,24,24,24,24,24,24,24
62777,1,1,1987,0,0,16,0,0,0,28,0,0,0
62778,0,1,1987,0,0,0,0,0,0,0,0,0,0
62778,1,1,1987,22,0,14,0,0,0,0,16,20,0
62779,1,1,1987,0,0,0,0,0,0,0,0,0,0
62779,2,1,1987,0,0,0,0,0,0,0,0,0,0
62780,1,1,1987,25,18,0,19,36,8,10,10,24,7
62780,2,1,1987,0,0,0,0,0,0,0,0,0,0
62781,1,1,1987,35,35,35,35,35,35,35,35,35,35
62783,0,1,1987,19,19,19,19,19,19,19,19,19,19
62783,1,1,1987,0,0,0,0,0,0,0,0,0,0
62784,1,1,1987,0,0,0,0,0,0,0,0,0,0
62784,2,1,1987,0,0,0,0,0,0,0,33,0,0
62785,1,1,1987,0,0,10,0,0,0,0,0,0,0
62786,1,1,1987,0,0,0,0,0,0,0,0,0,0
62786,2,1,1987,0,0,0,0,0,13,0,0,0,0
62787,1,1,1987,0,0,0,0,0,0,0,0,0,0
62787,2,1,1987,0,0,0,0,0,0,4,0,0,0
62788,1,1,1987,9,9,9,9,9,9,9,9,9,9
62789,1,1,1987,0,0,0,0,0,0,0,0,0,0
62789,2,1,1987,0,0,0,0,0,0,0,0,0,0
62789,3,1,1987,0,0,0,0,0,0,0,0,0,0
62790,1,1,1987,0,0,0,0,0,0,0,0,0,0
62790,2,1,1987,0,0,0,0,0,0,0,0,0,0
62791,0,1,1987,0,0,0,0,0,0,0,0,0,0
62791,1,1,1987,0,0,0,0,0,0,0,0,0,0
62792,1,1,1987,0,0,0,0,0,0,0,0,0,0
62793,0,1,1987,0,0,0,0,0,0,0,0,0,0
62793,1,1,1987,0,0,0,0,0,0,0,0,0,0
62794,1,1,1987,26,26,26,26,26,26,26,26,26,26
62795,0,1,1987,0,0,0,0,0,0,0,0,0,0
62795,1,1,1987,24,24,24,24,24,24,24,24,24,24
62796,1,1,1987,0,0,0,0,0,0,0,0,0,0
62797,1,1,1987,21,21,21,21,21,21,21,21,21,21
62798,1,1,1987,0,11,17,0,0,15,10,13,0,14
62799,1,1,1987,4,4,4,4,4,4,4,4,4,4
62800,1,1,1987,34,8,14,28,0,16,12,19,16,12
62801,1,1,1987,11,11,11,11,11,11,11,11,11,11
62801,2,1,1987,0,0,0,0,0,0,0,0,0,0
62802,0,1,1987,0,0,0,0,0,0,0,0,0,0
62802,1,1,1987,0,0,0,0,0,0,0,0,0,0
62803,1,1,1987,0,0,0,0,0,0,0,0,0,0
62803,2,1,1987,0,0,0,0,0,0,0,0,0,0
62804,1,1,1987,0,0,0,0,0,0,0,0,0,0
62804,2,1,1987,0,0,0,0,0,0,0,0,0,0
62805,0,1,1987,0,0,0,0,0,0,0,0,0,0
62805,1,1,1987,5,0,0,0,0,11,13,16,9,9
62806,1,1,1987,18,18,18,18,18,18,18,18,18,18
62806,2,1,1987,0,0,0,0,0,0,0,0,0,0
62807,1,1,1987,0,0,0,0,0,0,0,0,0,0
62807,2,1,1987,0,0,0,0,0,0,0,0,0,0
62807,3,1,1987,0,0,0,0,0,0,0,0,0,0
62808,1,1,1987,0,0,0,0,0,0,0,0,0,0
62809,0,1,1987,0,0,0,0,0,0,0,0,0,0
62809,1,1,1987,0,0,0,0,0,0,0,0,0,0
62810,0,1,1987,0,0,0,0,0,0,0,0,0,0
62810,1,1,1987,0,0,0,0,0,0,0,0,0,0
62811,0,1,1987,0,0,0,0,0,0,0,0,0,0
62811,1,1,1987,0,0,0,0,0,0,0,0,0,0
62812,1,1,1987,11,11,11,11,11,11,11,11,11,11
62812,2,1,1987,0,0,0,0,0,7,0,0,0,0
62813,1,1,1987,5,5,5,5,5,5,5,5,5,5
62814,1,1,1987,4,4,4,4,4,4,4,4,4,4
62815,0,1,1987,0,0,0,0,0,0,0,0,0,0
62815,1,1,1987,0,0,0,0,19,0,0,0,0,6
62816,1,1,1987,20,20,20,20,20,20,20,20,20,20
62817,0,1,1987,0,0,0,0,0,0,0,0,0,0
62817,1,1,1987,0,0,0,0,0,0,24,0,0,0
62818,1,1,1987,18,18,18,18,18,18,18,18,18,18
62819,0,1,1987,4,4,4,4,4,4,4,4,4,4
62819,1,1,1987,0,0,0,0,22,0,0,0,0,12
62820,1,1,1987,0,0,0,0,0,0,0,0,0,0
62821,0,1,1987,22,22,22,22,22,22,22,22,22,22
62821,1,1,1987,0,10,25,0,0,29,0,0,10,0
62822,1,1,1987,0,0,0,24,0,0,0,0,0,0
62823,0,1,1987,18,18,18,18,18,18,18,18,18,18
62823,1,1,1987,0,0,0,0,0,0,0,0,0,0
62824,1,1,1987,0,0,0,0,0,0,0,0,0,0
62825,1,1,1987,0,0,0,0,0,0,0,0,0,0
62825,2,1,1987,0,0,0,17,0,0,0,0,0,0
62825,3,1,1987,0,0,0,0,0,0,0,0,0,0
62826,1,1,1987,0,0,0,0,0,0,0,0,0,0
62826,2,1,1987,0,0,0,0,0,0,0,0,0,0
62827,1,1,1987,0,0,0,0,0,0,0,0,0,0
62828,0,1,1987,0,0,0,0,0,0,0,0,0,0
62828,1,1,1987,0,9,22,22,0,0,0,0,0,18
62829,1,1,1987,13,13,13,13,13,13,13,13,13,13
62830,1,1,1987,0,0,0,0,0,0,0,0,0,0
62831,1,1,1987,0,0,0,0,0,0,0,0,0,0
62831,2,1,1987,0,0,0,0,0,0,0,9,0,0
62832,1,1,1987,0,0,0,0,0,0,0,0,0,0
62832,2,1,1987,0,0,0,0,0,0,0,0,0,0
62833,1,1,1987,16,16,16,16,16,16,16,16,16,16
62834,1,1,1987,0,0,0,0,0,0,0,0,0,0
62834,2,1,1987,0,0,0,0,0,0,0,0,0,0
62835,1,1,1987,22,22,22,22,22,22,22,22,22,22
62835,2,1,1987,0,0,0,0,0,0,0,0,0,0
62836,1,1,1987,20,20,20,20,20,20,20,20,20,20
62837,1,1,1987,0,0,0,0,0,0,0,0,0,0
62838,1,1,1987,20,20,20,20,20,20,20,20,20,20
62839,1,1,1987,19,19,19,19,19,19,19,19,19,19
62840,1,1,1987,2,2,2,2,2,2,2,2,2,2
62840,2,1,1987,0,0,0,0,0,0,0,0,0,0
62840,3,1,1987,0,0,0,0,0,0,0,0,10,0
62841,0,1,1987,0,0,0,0,0,0,0,0,0,0
62841,1,1,1987,0,0,0,0,19,0,0,0,0,0
62842,1,1,1987,19,19,19,19,19,19,19,19,19,19
62843,1,1,1987,10,9,0,0,0,0,0,0,16,23
62843,2,1,1987,19,19,19,19,19,19,19,19,19,19
62844,0,1,1987,23,23,23,23,23,23,23,23,23,23
62844,0,2,1987,15,0,0,0,0,0,0,13,0,0
62844,1,1,1987,14,14,14,14,14,14,14,14,14,14
62845,1,1,1987,0,25,12,11,0,9,13,13,19,13
62845,2,1,1987,19,0,0,0,0,0,0,12,0,15
62845,3,1,1987,0,0,0,0,0,0,0,0,0,0
62845,4,1,1987,0,0,0,0,0,0,0,0,0,0
62845,5,1,1987,0,0,0,0,0,0,17,0,0,24
62846,1,1,1987,0,0,0,0,0,0,0,0,0,0
62847,0,1,1987,0,0,0,0,0,0,0,0,0,0
62847,1,1,1987,0,0,0,0,0,0,0,0,0,0
62848,1,1,1987,0,0,0,0,0,0,0,0,0,0
62849,1,1,1987,0,0,0,0,0,0,0,0,0,0
62849,2,1,1987,0,0,0,0,0,0,0,0,0,0
62850,1,1,1987,0,0,0,0,0,0,0,0,0,0
62851,0,1,1987,21,21,21,21,21,21,21,21,21,21
62851,1,1,1987,0,0,0,0,0,0,0,0,0,0
62851,2,1,1987,19,19,29,16,23,6,14,25,19,0
62852,1,1,1987,0,0,0,0,0,0,0,0,0,0
62852,2,1,1987,0,0,0,28,0,0,0,0,0,0
62854,1,1,1987,11,11,11,11,11,11,11,11,11,11
62854,2,1,1987,0,0,0,0,0,0,0,0,0,0
62855,1,1,1987,9,9,9,9,9,9,9,9,9,9
62856,1,1,1987,0,0,0,0,0,0,0,0,0,0
62856,2,1,1987,0,0,0,0,0,0,0,0,0,0
62856,3,1,1987,0,0,0,0,0,0,0,0,0,0
62856,4,1,1987,0,0,0,0,13,15,0,0,0,0
62857,1,1,1987,4,4,4,4,4,4,4,4,4,4
62858,1,1,1987,0,19,0,0,0,0,0,0,0,18
62859,1,1,1987,0,0,0,0,0,0,0,0,0,0
62860,1,1,1987,0,0,0,0,0,0,0,0,0,0
62861,1,1,1987,0,0,0,0,0,0,0,0,0,0
62861,2,1,1987,8,0,0,0,0,0,0,0,0,0
62862,1,1,1987,11,11,11,11,11,11,11,11,11,11
62862,2,1,1987,19,19,19,19,19,19,19,19,19,19
62863,0,1,1987,0,0,0,0,0,0,0,0,0,0
62863,1,1,1987,0,0,0,0,0,0,0,0,0,0
62864,1,1,1987,17,17,17,17,17,17,17,17,17,17
62864,2,1,1987,0,0,0,0,0,0,0,0,0,0
62865,1,1,1987,0,0,0,0,0,0,0,0,0,0
62866,1,1,1987,0,0,6,0,0,0,0,0,0,0
62867,1,1,1987,0,0,0,0,0,0,0,0,0,0
62868,1,1,1987,11,5,15,9,13,8,12,16,8,16
62869,1,1,1987,17,11,8,6,18,19,19,12,14,21
62870,0,1,1987,30,30,30,30,30,30,30,30,30,30
62870,1,1,1987,0,0,0,0,0,0,0,0,0,0
62871,1,1,1987,0,0,0,0,0,0,0,0,0,0
62872,1,1,1987,22,22,22,22,22,22,22,22,22,22
62873,1,1,1987,1,1,1,1,1,1,1,1,1,1
62874,1,1,1987,20,20,20,20,20,20,20,20,20,20
62875,1,1,1987,9,9,9,9,9,9,9,9,9,9
62875,2,1,1987,16,16,16,16,16,16,16,16,16,16
62876,0,1,1987,0,0,0,0,0,0,0,0,0,0
62876,1,1,1987,0,0,0,0,0,0,0,5,0,0
62877,1,1,1987,21,21,21,21,21,21,21,21,21,21
62877,2,1,1987,0,0,0,0,0,0,0,0,16,0
62877,3,1,1987,0,0,0,5,0,0,0,6,9,0
62878,1,1,1987,14,14,14,14,14,14,14,14,14,14
62879,1,1,1987,9,9,9,9,9,9,9,9,9,9
62880,1,1,1987,0,0,0,0,0,0,0,0,0,0
62880,2,1,1987,0,0,0,0,0,0,0,0,0,0
62881,1,1,1987,5,5,5,5,5,5,5,5,5,5
62882,1,1,1987,0,0,0,0,0,0,0,0,0,0
62883,1,1,1987,23,23,23,23,23,23,23,23,23,23
62884,1,1,1987,0,0,0,0,5,0,0,8,0,0
62885,0,1,1987,0,0,0,0,0,0,0,0,0,0
62885,1,1,1987,0,0,0,0,0,0,0,0,0,0
62885,2,1,1987,0,10,0,0,0,0,0,0,0,0
62886,1,1,1987,0,0,0,0,0,0,0,0,21,0
62886,2,1,1987,0,0,0,0,0,0,0,0,0,0
62887,1,1,1987,19,19,19,19,19,19,19,19,19,19
62888,1,1,1987,41,0,0,0,14,0,4,0,0,27
62889,1,1,1987,0,0,0,0,0,0,0,0,0,0
62890,1,1,1987,8,8,8,8,8,8,8,8,8,8
62890,2,1,1987,0,0,0,0,0,0,0,0,0,0
62891,1,1,1987,0,0,0,3,0,0,0,0,0,15
62892,1,1,1987,0,0,0,0,0,0,0,0,0,0
62892,2,1,1987,0,0,0,0,0,0,0,0,0,0
62892,3,1,1987,0,0,0,0,0,0,0,0,0,0
62892,4,1,1987,0,0,0,0,0,0,0,0,0,0
62892,5,1,1987,0,5,0,0,0,0,0,0,0,0
62892,6,1,1987,0,0,0,0,0,0,0,0,0,0
62893,1,1,1987,0,0,0,0,0,0,0,0,0,0
62894,1,1,1987,3,3,3,3,3,3,3,3,3,3
62895,0,1,1987,0,0,0,0,0,0,0,0,0,0
62895,1,1,1987,0,0,0,0,0,0,0,0,9,0
62896,1,1,1987,23,23,23,23,23,23,23,23,23,23
62897,0,1,1987,0,0,0,0,0,0,0,0,0,0
62897,1,1,1987,25,7,12,14,8,23,11,14,17,21
62898,1,1,1987,0,0,0,0,0,0,0,0,0,0
62898,2,1,1987,0,13,0,0,0,0,0,0,0,0
62899,1,1,1987,12,17,18,18,10,17,29,15,20,4
62900,1,1,1987,17,17,17,17,17,17,17,17,17,17
62901,1,1,1987,0,0,0,0,0,0,0,0,0,0
62902,1,1,1987,9,9,9,9,9,9,9,9,9,9
62903,1,1,1987,25,25,25,25,25,25,25,25,25,25
62903,2,1,1987,3,3,3,3,3,3,3,3,3,3
62904,1,1,1987,21,21,21,21,21,21,21,21,21,21
62904,2,1,1987,24,0,0,0,0,0,0,0,0,0