ST_CASE,VEH_NO,PER_NO,YEAR,P1,P2,P3,P4,P5,P6,P7,P8,P9,P10
62905,1,1,1987,14,14,14,14,14,14,14,14,14,14
62906,1,1,1987,0,0,0,0,3,0,0,0,0,0
62906,2,1,1987,0,0,0,0,0,5,0,0,0,0
62907,0,1,1987,0,0,0,0,0,0,0,0,0,0
62907,1,1,1987,10,10,10,10,10,10,10,10,10,10
62908,1,1,1987,0,0,0,0,0,0,0,0,0,0
62908,2,1,1987,0,0,0,0,0,0,0,0,0,0
62908,3,1,1987,0,0,0,0,0,0,0,0,0,0
62909,0,1,1987,0,0,0,0,0,0,0,0,0,0
62909,1,1,1987,0,0,0,0,0,0,0,0,0,0
62909,2,1,1987,0,0,0,0,0,14,0,0,0,0
62910,0,1,1987,0,0,0,0,0,0,0,0,0,0
62910,1,1,1987,0,0,0,0,0,0,0,0,0,0
62911,1,1,1987,0,0,0,0,0,0,0,0,0,0
62911,2,1,1987,0,0,0,0,0,0,0,0,0,0
62912,1,1,1987,0,0,0,0,0,0,0,0,0,0
62913,1,1,1987,26,26,26,26,26,26,26,26,26,26
62913,2,1,1987,0,0,0,0,0,0,0,0,0,0
62914,0,1,1987,0,0,0,0,0,0,0,0,0,0
62914,1,1,1987,0,0,0,0,0,6,0,0,0,0
62915,2,1,1987,0,0,0,0,0,0,0,15,0,0
62916,1,1,1987,0,0,0,0,0,0,0,0,0,0
62917,1,1,1987,0,0,0,0,0,0,0,0,0,0
62917,2,1,1987,0,0,0,0,0,0,0,0,0,0
62917,3,1,1987,0,0,0,0,0,0,0,0,0,0
62918,1,1,1987,2,2,2,2,2,2,2,2,2,2
62919,1,1,1987,19,19,19,19,19,19,19,19,19,19
62920,1,1,1987,0,0,0,0,0,0,0,0,0,0
62921,0,1,1987,24,24,24,24,24,24,24,24,24,24
62921,1,1,1987,0,0,0,0,0,16,24,0,0,0
62922,1,1,1987,12,12,12,12,12,12,12,12,12,12
62923,1,1,1987,19,27,18,0,0,0,28,33,0,13
62924,1,1,1987,0,0,0,0,0,0,0,0,0,0
62924,2,1,1987,0,0,0,0,0,0,0,0,0,0
62925,1,1,1987,6,6,6,6,6,6,6,6,6,6
62926,1,1,1987,11,11,11,11,11,11,11,11,11,11
62927,1,1,1987,0,0,0,0,0,0,0,0,0,0
62928,1,1,1987,19,17,16,16,25,7,17,24,20,5
62929,1,1,1987,0,0,10,0,0,0,0,0,0,0
62929,2,1,1987,0,0,0,0,0,0,0,0,0,0
62930,1,1,1987,0,0,0,0,0,0,0,0,0,0
62930,2,1,1987,0,0,6,0,0,0,0,0,0,0
62931,1,1,1987,21,21,21,21,21,21,21,21,21,21
62932,1,1,1987,24,24,24,24,24,24,24,24,24,24
62932,2,1,1987,0,0,0,0,0,0,0,18,0,0
62933,1,1,1987,8,0,0,0,0,0,0,0,0,0
62933,2,1,1987,0,7,0,0,0,0,0,0,0,12
62934,1,1,1987,0,0,0,0,0,0,0,0,0,0
62934,2,1,1987,0,0,0,0,0,0,0,0,0,0
62935,1,1,1987,25,25,25,25,25,25,25,25,25,25
62936,1,1,1987,15,9,17,24,8,0,15,17,18,23
62937,1,1,1987,2,0,11,18,22,16,0,15,12,15
62937,2,1,1987,16,9,0,25,38,19,20,0,11,9
62938,1,1,1987,0,0,0,0,0,13,0,0,15,0
62939,0,1,1987,0,0,0,0,0,0,0,0,0,0
62939,1,1,1987,0,0,0,0,0,0,0,0,0,0
62940,1,1,1987,0,0,0,12,0,0,11,22,0,31
62941,1,1,1987,23,23,23,23,23,23,23,23,23,23
62942,1,1,1987,0,0,0,0,0,0,0,0,0,0
62942,2,1,1987,0,0,0,0,0,0,0,0,0,0
62943,0,1,1987,0,0,0,0,0,0,0,0,0,0
62943,1,1,1987,0,0,0,0,0,0,0,0,0,0
62944,1,1,1987,23,23,23,23,23,23,23,23,23,23
62945,1,1,1987,0,0,0,0,0,0,0,0,0,0
62945,2,1,1987,0,0,0,0,0,0,0,0,0,0
62946,1,1,1987,0,0,0,0,0,0,0,0,0,0
62947,1,1,1987,0,0,0,0,0,0,0,0,0,0
62948,1,1,1987,0,0,0,12,6,0,15,12,0,11
62949,1,1,1987,12,12,12,12,12,12,12,12,12,12
62950,1,1,1987,0,0,0,0,0,0,0,0,0,0
62950,2,1,1987,0,0,0,0,0,0,0,0,0,0
62951,1,1,1987,0,0,0,0,0,0,0,0,0,0
62952,1,1,1987,0,0,0,0,0,0,0,0,0,0
62952,2,1,1987,0,0,0,0,0,0,0,0,0,0
62953,1,1,1987,5,0,0,0,0,0,0,0,0,0
62953,2,1,1987,0,0,0,0,0,0,0,0,0,0
62953,3,1,1987,0,0,0,0,0,0,0,0,0,0
62954,1,1,1987,22,22,22,22,22,22,22,22,22,22
62955,1,1,1987,3,3,3,3,3,3,3,3,3,3
62955,2,1,1987,0,0,0,0,0,0,0,0,0,0
62956,1,1,1987,0,0,0,0,0,0,0,0,0,0
62957,1,1,1987,24,24,24,24,24,24,24,24,24,24
62957,2,1,1987,0,0,0,0,0,0,0,0,0,0
62958,1,1,1987,12,12,12,12,12,12,12,12,12,12
62958,2,1,1987,8,13,0,29,0,0,0,0,0,0
62958,3,1,1987,16,0,0,12,0,0,0,0,0,0
62959,1,1,1987,23,23,23,23,23,23,23,23,23,23
62960,1,1,1987,5,0,0,0,0,0,0,0,0,0
62960,2,1,1987,0,0,0,0,0,0,0,0,0,0
62961,1,1,1987,0,0,0,0,0,0,0,0,0,0
62961,2,1,1987,0,0,0,0,0,0,0,0,0,0
62962,1,1,1987,0,0,0,0,0,0,0,0,0,0
62962,2,1,1987,0,0,0,0,0,0,0,0,0,0
62963,1,1,1987,0,0,0,0,0,0,0,0,0,0
62963,2,1,1987,0,0,0,0,0,0,0,0,0,0
62964,1,1,1987,7,7,7,7,7,7,7,7,7,7
62964,2,1,1987,0,0,0,0,0,0,0,0,0,0
62965,1,1,1987,6,6,6,6,6,6,6,6,6,6
62965,2,1,1987,0,0,0,0,0,0,0,0,0,0
62966,0,1,1987,0,0,0,0,0,0,0,0,0,0
62966,1,1,1987,30,30,30,30,30,30,30,30,30,30
62967,1,1,1987,22,22,22,22,22,22,22,22,22,22
62968,0,1,1987,0,0,0,0,13,0,5,17,6,26
62968,1,1,1987,0,0,0,0,0,0,0,0,0,0
62969,1,1,1987,0,0,0,0,0,0,0,0,0,0
62970,1,1,1987,23,23,23,23,23,23,23,23,23,23
62970,2,1,1987,0,0,0,0,0,0,0,0,0,0
62971,1,1,1987,0,0,0,0,0,0,0,0,0,0
62971,2,1,1987,0,0,0,0,0,0,0,0,0,0
62972,1,1,1987,21,21,21,21,21,21,21,21,21,21
62972,2,1,1987,0,0,0,0,0,0,0,0,0,0
62973,1,1,1987,28,28,28,28,28,28,28,28,28,28
62974,1,1,1987,14,14,14,14,14,14,14,14,14,14
62975,0,1,1987,0,0,0,0,0,0,0,0,0,0
62975,1,1,1987,0,0,42,7,0,0,31,0,12,14
62976,1,1,1987,22,22,22,22,22,22,22,22,22,22
62977,1,1,1987,23,23,23,23,23,23,23,23,23,23
62978,1,1,1987,0,0,0,0,0,0,0,0,0,0
62978,2,1,1987,0,0,0,0,0,0,0,0,0,0
62979,1,1,1987,0,0,0,0,0,0,0,0,0,0
62979,2,1,1987,0,0,0,0,0,0,0,0,0,0
62980,1,1,1987,16,16,16,16,16,16,16,16,16,16
62981,1,1,1987,0,0,0,0,0,0,0,0,0,0
62982,1,1,1987,15,15,15,15,15,15,15,15,15,15
62982,2,1,1987,0,0,0,0,0,0,0,0,0,0
62982,3,1,1987,0,14,0,0,0,0,0,10,0,0
62983,1,1,1987,0,0,0,0,0,0,0,0,0,0
62984,1,1,1987,9,9,9,9,9,9,9,9,9,9
62984,2,1,1987,0,15,0,0,17,0,0,0,9,0
62985,1,1,1987,0,0,0,0,0,0,0,0,0,0
62985,2,1,1987,0,0,0,0,0,0,0,0,0,0
62986,0,1,1987,0,0,0,0,0,0,0,0,0,0
62986,1,1,1987,0,0,0,0,0,0,0,0,0,0
62987,1,1,1987,0,0,0,0,0,0,0,0,0,0
62987,2,1,1987,0,0,0,0,0,0,0,0,0,0
62988,1,1,1987,25,25,25,25,25,25,25,25,25,25
62988,2,1,1987,0,0,0,0,0,0,0,0,0,0
62989,1,1,1987,0,0,0,0,0,0,0,0,0,0
62989,2,1,1987,15,15,15,15,15,15,15,15,15,15
62990,1,1,1987,0,14,0,16,23,19,0,24,0,12
62991,0,1,1987,0,0,0,0,0,0,0,0,0,0
62991,0,2,1987,0,0,13,0,0,0,0,0,0,0
62991,1,1,1987,0,0,8,14,4,0,0,12,10,0
62992,1,1,1987,13,14,6,18,14,13,0,8,17,22
62993,1,1,1987,30,30,30,30,30,30,30,30,30,30
62993,2,1,1987,0,0,0,0,0,0,0,0,0,0
62994,1,1,1987,7,7,7,7,7,7,7,7,7,7
62995,1,1,1987,8,8,8,8,8,8,8,8,8,8
62995,2,1,1987,25,25,25,25,25,25,25,25,25,25
62996,1,1,1987,37,25,27,14,0,21,0,0,18,13
62997,1,1,1987,0,0,0,0,0,0,0,0,0,0
62997,2,1,1987,0,0,0,0,0,0,0,0,0,0
62998,1,1,1987,5,5,5,5,5,5,5,5,5,5
62999,0,1,1987,0,0,0,0,0,0,0,0,0,0
62999,1,1,1987,0,0,0,0,0,0,0,0,0,0
63000,1,1,1987,10,10,10,10,10,10,10,10,10,10
63000,2,1,1987,0,0,0,0,0,0,0,0,0,0
63000,3,1,1987,0,0,0,0,0,0,6,0,0,0
63001,0,1,1987,23,23,23,23,23,23,23,23,23,23
63001,1,1,1987,0,0,0,0,0,0,0,0,0,0
63002,1,1,1987,0,0,0,0,0,0,0,0,0,0
63003,0,1,1987,19,19,19,19,19,19,19,19,19,19
63003,1,1,1987,0,0,0,0,0,0,0,0,0,4
63004,0,1,1987,20,20,20,20,20,20,20,20,20,20
63004,1,1,1987,8,8,8,8,8,8,8,8,8,8
63005,1,1,1987,0,0,0,0,0,0,0,0,0,0
63006,1,1,1987,34,22,18,18,20,15,31,15,13,12
63007,1,1,1987,6,6,6,6,6,6,6,6,6,6
63007,2,1,1987,0,0,0,0,0,0,0,0,0,0
63008,1,1,1987,0,0,0,0,0,0,0,0,0,0
63008,2,1,1987,0,0,0,0,0,0,0,0,0,0
63009,1,1,1987,0,0,0,0,0,0,0,0,0,0
63009,2,1,1987,0,0,0,0,0,0,0,0,0,0
63009,3,1,1987,0,0,0,0,0,0,0,0,0,0
63010,1,1,1987,17,0,38,25,30,17,0,0,0,0
63011,1,1,1987,0,0,0,0,0,0,0,0,0,0
63011,2,1,1987,0,0,0,0,0,0,0,0,0,0
63012,0,1,1987,0,0,0,0,5,0,21,0,0,0
63012,1,1,1987,0,0,0,0,0,0,0,0,0,0
63013,1,1,1987,0,0,0,0,0,0,0,0,0,0
63014,1,1,1987,19,19,19,19,19,19,19,19,19,19
63014,2,1,1987,0,0,0,0,0,0,0,0,0,0
63014,3,1,1987,11,0,0,12,0,0,0,6,19,3
63015,1,1,1987,0,0,0,0,0,0,0,0,0,0
63016,1,1,1987,0,0,0,0,0,0,0,0,0,0
63016,2,1,1987,0,0,0,0,10,0,0,0,0,0
63017,1,1,1987,0,8,0,0,0,0,0,0,0,0
63017,2,1,1987,0,9,0,0,0,0,0,0,0,0
63018,1,1,1987,0,0,0,0,8,4,0,15,0,0
63019,1,1,1987,0,0,0,0,0,0,0,0,0,0
63020,1,1,1987,0,0,0,0,0,0,0,0,0,0
63020,2,1,1987,0,0,12,0,0,0,10,0,0,0
63020,3,1,1987,0,0,0,0,9,0,0,0,11,0
63021,1,1,1987,16,16,16,16,16,16,16,16,16,16
63022,1,1,1987,0,0,0,0,0,0,0,0,0,0
63023,1,1,1987,0,0,0,0,0,0,0,0,0,0
63023,2,1,1987,0,0,0,0,0,0,0,0,0,0
63024,1,1,1987,0,0,0,0,0,0,0,0,0,0
63024,2,1,1987,0,0,0,0,0,0,0,0,0,0
63024,3,1,1987,0,0,0,0,0,0,0,0,0,0
63025,1,1,1987,0,0,0,0,0,0,0,0,0,0
63026,0,1,1987,0,0,0,0,0,0,0,0,0,0
63026,1,1,1987,0,0,9,5,0,0,0,0,0,0
63027,0,1,1987,0,0,0,0,0,0,0,0,0,0
63027,1,1,1987,7,7,7,7,7,7,7,7,7,7
63027,2,1,1987,0,0,0,0,0,0,0,0,0,0
63028,0,1,1987,0,0,0,0,0,0,0,0,0,0
63028,1,1,1987,0,12,0,22,0,0,10,0,18,0
63029,1,1,1987,0,0,0,0,0,0,0,0,0,0
63029,2,1,1987,0,0,0,0,0,0,0,0,0,0
63029,3,1,1987,0,8,0,0,0,0,0,0,0,0
63030,1,1,1987,0,0,0,0,0,0,0,0,0,0
63031,1,1,1987,12,12,12,12,12,12,12,12,12,12
63032,1,1,1987,0,0,0,0,0,0,0,0,0,0
63032,2,1,1987,0,0,0,0,0,0,0,0,0,0
63033,1,1,1987,0,0,0,0,0,0,0,0,0,0
63034,1,1,1987,0,0,0,0,0,0,0,0,0,0
63034,2,1,1987,0,0,0,0,0,0,0,0,0,0
63035,0,1,1987,0,0,0,0,0,0,0,0,0,0
63035,1,1,1987,0,0,0,0,0,0,0,0,0,0
63036,0,1,1987,0,0,0,0,0,0,0,0,0,0
63036,1,1,1987,7,0,0,0,0,0,16,10,0,0
63037,1,1,1987,0,0,0,0,0,0,0,0,0,0
63038,1,1,1987,17,17,17,17,17,17,17,17,17,17
63038,2,1,1987,0,0,0,0,0,15,0,0,0,0
63039,1,1,1987,16,16,16,16,16,16,16,16,16,16
63040,0,1,1987,12,0,0,2,5,0,0,7,7,0
63040,0,2,1987,0,0,0,0,0,0,0,0,0,0
63040,1,1,1987,0,0,0,0,0,7,0,0,0,0
63041,1,1,1987,0,0,0,0,0,0,0,0,0,0
63041,2,1,1987,0,0,0,0,0,0,0,0,0,0
63042,1,1,1987,28,28,28,28,28,28,28,28,28,28
63043,1,1,1987,19,19,19,19,19,19,19,19,19,19
63043,2,1,1987,0,0,0,0,0,0,0,0,0,0
63044,1,1,1987,0,0,0,0,0,0,0,0,0,0
63044,2,1,1987,0,0,0,0,0,0,0,0,0,0
63045,1,1,1987,0,0,0,0,0,0,0,0,0,0
63045,2,1,1987,0,0,0,0,0,0,0,0,0,0
63046,1,1,1987,0,0,0,0,0,0,0,0,0,0
63046,2,1,1987,0,0,0,0,0,0,0,0,0,0
63046,3,1,1987,0,0,0,0,0,0,0,0,0,0
63047,1,1,1987,0,0,0,0,0,0,0,0,0,0
63048,0,1,1987,18,18,18,18,18,18,18,18,18,18
63048,1,1,1987,0,0,0,8,0,0,0,0,0,0
63049,1,1,1987,0,0,0,0,0,0,0,0,0,0
63050,1,1,1987,0,0,0,0,0,0,0,0,0,0
63050,2,1,1987,0,0,0,0,0,0,0,0,0,0
63051,0,1,1987,16,16,16,16,16,16,16,16,16,16
63051,1,1,1987,0,0,0,0,0,0,0,0,0,0
63052,1,1,1987,0,0,0,0,0,0,0,0,0,0
63052,2,1,1987,0,0,0,0,0,0,0,0,0,0
63053,0,1,1987,0,0,0,0,0,0,0,0,0,0
63053,1,1,1987,0,0,0,0,0,0,0,0,0,0
63054,1,1,1987,0,0,0,0,0,0,0,0,0,0
63054,2,1,1987,0,0,0,0,0,0,0,0,0,0
63055,1,1,1987,0,0,0,0,0,0,0,0,0,0
63055,2,1,1987,0,0,0,0,0,0,0,0,0,0
63056,1,1,1987,5,5,5,5,5,5,5,5,5,5
63057,1,1,1987,0,0,0,0,0,0,0,0,0,0
63057,2,1,1987,26,26,26,26,26,26,26,26,26,26
63058,1,1,1987,12,12,12,12,12,12,12,12,12,12
63059,1,1,1987,3,3,3,3,3,3,3,3,3,3
63060,0,1,1987,17,17,17,17,17,17,17,17,17,17
63060,1,1,1987,14,11,37,13,0,8,6,0,0,0
63060,2,1,1987,0,17,4,27,27,7,10,11,5,8
63061,1,1,1987,0,0,0,0,0,31,12,0,15,0
63061,2,1,1987,0,0,0,0,0,0,0,0,0,0
63062,1,1,1987,0,0,0,0,0,0,0,0,0,0
63063,1,1,1987,14,0,0,0,0,0,0,0,0,0
63064,1,1,1987,18,18,18,18,18,18,18,18,18,18
63065,1,1,1987,11,11,11,11,11,11,11,11,11,11
63066,1,1,1987,6,6,6,6,6,6,6,6,6,6
63067,1,1,1987,14,20,0,19,38,34,6,11,11,13
63068,1,1,1987,26,26,26,26,26,26,26,26,26,26
63069,1,1,1987,0,21,15,14,5,6,6,0,18,4
63069,2,1,1987,0,0,0,0,0,0,0,0,0,0
63070,1,1,1987,8,14,9,17,11,24,3,10,20,7
63071,1,1,1987,17,17,17,17,17,17,17,17,17,17
63071,2,1,1987,4,4,4,4,4,4,4,4,4,4
63072,1,1,1987,0,16,0,0,0,0,0,0,6,0
63072,2,1,1987,0,0,0,0,0,0,0,0,0,0
63073,1,1,1987,20,6,8,0,12,14,11,0,30,16
63074,1,1,1987,0,0,0,0,0,0,0,0,17,0
63075,0,1,1987,34,36,0,0,15,16,0,0,38,5
63075,1,1,1987,0,0,0,0,0,0,0,0,0,0
63076,1,1,1987,0,0,0,0,0,0,0,0,0,0
63077,1,1,1987,6,6,6,6,6,6,6,6,6,6
63078,0,1,1987,0,0,0,0,0,0,0,0,0,0
63078,1,1,1987,0,0,0,0,0,0,0,0,0,0
63079,1,1,1987,0,13,0,0,0,0,0,0,0,0
63080,1,1,1987,0,0,0,0,0,0,0,0,0,0
63081,1,1,1987,0,0,0,0,0,0,0,0,0,0
63082,1,1,1987,0,27,0,0,0,0,0,0,0,0
63083,1,1,1987,17,17,17,17,17,17,17,17,17,17
63083,2,1,1987,0,0,0,0,0,0,0,0,0,0
63084,1,1,1987,0,0,0,0,0,10,0,0,0,0
63085,0,1,1987,0,0,0,0,0,0,0,0,0,0
63085,1,1,1987,6,18,0,28,0,0,0,0,0,0
63086,1,1,1987,10,10,10,10,10,10,10,10,10,10
63086,2,1,1987,0,0,0,0,0,0,0,0,4,21
63087,1,1,1987,0,0,0,0,0,0,0,0,0,0
63087,2,1,1987,0,0,0,0,6,0,0,0,0,0
63087,3,1,1987,0,0,0,0,0,0,0,0,0,0
63088,1,1,1987,0,0,0,0,0,0,0,0,0,0
63088,2,1,1987,0,0,0,5,0,0,0,0,0,0
63089,0,1,1987,1,1,1,1,1,1,1,1,1,1
63089,1,1,1987,0,0,0,0,0,0,0,0,0,0
63090,0,1,1987,0,0,0,0,0,0,0,0,0,0
63090,1,1,1987,0,0,0,0,0,0,0,0,0,0
63091,1,1,1987,0,0,0,0,0,0,0,0,0,0
63091,2,1,1987,0,18,0,0,0,0,0,0,0,0
63091,3,1,1987,0,0,0,0,5,0,0,0,0,0
63092,1,1,1987,16,16,16,16,16,16,16,16,16,16
63092,2,1,1987,0,0,0,0,0,0,0,0,0,0
63093,1,1,1987,22,22,22,22,22,22,22,22,22,22
63094,1,1,1987,23,23,23,23,23,23,23,23,23,23
63095,0,1,1987,0,0,0,0,0,0,0,0,0,0
63095,1,1,1987,0,0,0,0,0,0,0,0,0,0
63095,2,1,1987,0,0,0,0,0,0,0,0,0,0
63096,1,1,1987,0,0,0,0,0,0,0,0,0,0
63097,0,1,1987,0,0,0,0,0,0,0,0,0,0
63097,1,1,1987,0,0,21,0,0,0,0,0,14,0
63098,1,1,1987,10,10,10,10,10,10,10,10,10,10
63098,2,1,1987,0,0,0,0,0,0,0,0,0,0
63099,1,1,1987,16,16,16,16,16,16,16,16,16,16
63100,1,1,1987,20,20,20,20,20,20,20,20,20,20
63100,2,1,1987,0,0,0,0,0,0,13,13,0,0
63101,1,1,1987,4,4,4,4,4,4,4,4,4,4
63102,1,1,1987,0,0,0,0,0,0,0,0,0,0
63102,2,1,1987,0,0,0,0,0,0,0,0,0,0
63103,1,1,1987,0,0,0,0,0,0,0,0,0,0
63103,2,1,1987,0,0,0,0,0,0,0,0,0,0
63103,3,1,1987,0,0,0,0,0,0,0,0,0,0
63104,1,1,1987,0,0,0,0,0,0,0,0,0,0
63104,2,1,1987,5,5,5,5,5,5,5,5,5,5
63105,1,1,1987,0,0,0,0,0,0,0,0,0,0
63105,2,1,1987,0,0,0,0,0,0,0,0,0,0
63106,1,1,1987,12,12,12,12,12,12,12,12,12,12
63106,2,1,1987,1,1,1,1,1,1,1,1,1,1
63106,3,1,1987,0,0,0,0,0,18,0,0,0,0
63107,0,1,1987,21,21,21,21,21,21,21,21,21,21
63107,1,1,1987,0,0,13,0,0,0,0,0,0,0
63108,1,1,1987,0,0,0,0,0,0,0,0,0,0
63108,2,1,1987,22,22,22,22,22,22,22,22,22,22
63109,1,1,1987,0,0,0,0,0,0,0,0,0,0
63109,2,1,1987,0,0,0,0,0,0,0,0,0,0
63110,1,1,1987,10,10,10,10,10,10,10,10,10,10
63110,2,1,1987,5,0,12,0,0,0,0,0,0,0
63111,0,1,1987,0,0,0,0,0,0,0,0,0,0
63111,1,1,1987,0,0,0,15,0,0,0,0,0,19
63112,1,1,1987,0,0,0,0,0,0,0,0,0,0
63112,2,1,1987,0,0,0,0,0,0,0,0,0,0
63113,1,1,1987,0,0,0,0,0,0,0,10,0,0
63114,1,1,1987,0,0,0,0,0,0,0,0,0,0
63115,1,1,1987,11,11,11,11,11,11,11,11,11,11
63116,1,1,1987,0,0,0,0,0,0,0,0,0,0
63116,2,1,1987,0,0,0,0,0,0,0,0,0,0
63117,0,1,1987,15,14,29,42,18,16,17,22,12,8
63117,1,1,1987,0,0,8,0,0,0,0,0,0,0
63118,1,1,1987,12,12,12,12,12,12,12,12,12,12
63119,1,1,1987,0,0,0,0,0,0,0,0,0,0
63120,1,1,1987,8,8,8,8,8,8,8,8,8,8
63121,1,1,1987,0,0,0,0,0,0,0,0,0,0
63121,2,1,1987,7,7,7,7,7,7,7,7,7,7
63122,0,1,1987,40,40,40,40,40,40,40,40,40,40
63122,1,1,1987,0,7,0,0,0,20,17,0,21,17
63123,1,1,1987,0,0,0,0,0,0,0,0,0,0
63123,2,1,1987,0,0,0,0,0,0,0,0,0,0
63124,0,1,1987,0,0,0,0,0,0,0,0,0,0
63124,1,1,1987,0,0,0,0,0,0,0,0,0,25
63125,0,1,1987,0,0,0,0,0,0,0,0,0,0
63125,1,1,1987,0,0,0,0,0,0,0,0,0,0
63126,1,1,1987,0,0,0,0,6,0,0,9,0,0
63126,2,1,1987,0,0,0,0,0,0,0,0,0,0
63127,0,1,1987,0,0,0,0,0,0,0,0,0,0
63127,1,1,1987,0,0,0,0,0,0,0,0,0,10
63128,1,1,1987,14,14,14,14,14,14,14,14,14,14
63129,1,1,1987,7,7,7,7,7,7,7,7,7,7
63130,0,1,1987,0,0,0,0,0,0,0,0,0,0
63130,1,1,1987,0,0,0,0,0,0,0,0,0,0
63131,1,1,1987,16,16,16,16,16,16,16,16,16,16
63132,1,1,1987,0,0,0,0,0,0,0,0,0,0
63132,2,1,1987,0,0,0,0,0,0,0,0,0,0
63133,1,1,1987,0,0,0,0,0,0,0,0,0,0
63133,2,1,1987,0,0,0,0,0,0,0,0,0,0
63134,0,1,1987,0,0,0,0,0,0,0,0,0,0
63134,1,1,1987,0,0,0,0,0,0,0,0,0,0
63135,0,1,1987,24,24,24,24,24,24,24,24,24,24
63135,1,1,1987,0,0,0,0,0,0,0,0,0,0
63136,0,1,1987,0,0,0,0,0,0,0,0,0,0
63136,1,1,1987,0,0,0,0,0,0,0,0,0,0
63137,1,1,1987,0,0,0,0,0,0,0,0,0,0
63137,2,1,1987,0,0,0,0,0,0,0,0,0,0
63138,1,1,1987,0,0,0,0,0,0,0,0,0,0
63138,2,1,1987,0,0,0,0,0,0,0,0,0,0
63139,1,1,1987,0,0,0,0,0,0,0,0,0,0
63139,2,1,1987,6,6,6,6,6,6,6,6,6,6
63140,1,1,1987,0,0,0,0,0,0,0,0,0,0
63141,0,1,1987,0,0,0,0,0,0,0,0,0,0
63141,1,1,1987,0,0,0,0,0,0,0,0,0,0
63142,1,1,1987,7,10,21,11,6,23,15,2,7,4
63143,1,1,1987,4,16,18,16,17,20,22,9,17,23
63144,1,1,1987,0,0,0,0,0,0,0,0,0,0
63144,2,1,1987,0,0,0,0,0,0,0,0,0,0
63145,1,1,1987,0,0,0,0,0,0,0,0,0,0
63145,2,1,1987,0,0,0,0,0,13,0,0,0,0
63146,1,1,1987,12,7,16,20,13,0,9,23,0,7
63146,2,1,1987,0,0,2,0,0,0,11,0,0,0
63147,1,1,1987,0,0,0,0,0,0,0,0,0,0
63148,1,1,1987,20,20,20,20,20,20,20,20,20,20
63148,2,1,1987,0,0,0,0,0,0,0,0,0,0
63149,1,1,1987,0,0,0,0,0,0,0,0,0,0
63149,2,1,1987,0,0,0,0,0,0,0,0,0,0
63150,1,1,1987,0,0,0,0,0,0,0,0,0,0
63150,2,1,1987,0,0,0,0,0,0,0,0,0,0
63150,3,1,1987,0,0,0,0,0,0,0,0,0,0
63150,4,1,1987,0,0,0,0,0,0,0,0,0,0
63151,1,1,1987,8,0,0,0,0,0,0,0,0,0
63151,2,1,1987,0,0,0,0,0,0,0,0,0,0
63152,1,1,1987,0,0,0,0,0,0,0,0,0,0
63153,0,1,1987,35,35,35,35,35,35,35,35,35,35
63153,1,1,1987,0,0,9,0,0,0,0,0,25,0
63154,1,1,1987,2,2,2,2,2,2,2,2,2,2
63155,0,1,1987,0,0,0,0,0,0,0,0,0,0
63155,1,1,1987,0,0,0,0,0,0,0,0,0,0
63156,0,1,1987,0,0,5,11,29,0,11,10,13,18
63156,0,2,1987,0,0,0,0,0,0,0,0,0,0
63156,1,1,1987,0,0,11,0,0,0,0,0,17,0
63157,1,1,1987,0,0,0,0,0,0,0,0,0,0
63158,1,1,1987,2,2,2,2,2,2,2,2,2,2
63158,2,1,1987,0,0,0,0,0,0,0,0,0,0
63159,1,1,1987,0,0,11,0,8,0,0,0,0,2
63160,1,1,1987,23,28,14,8,21,18,13,19,15,17
63161,1,1,1987,16,16,16,16,16,16,16,16,16,16
63161,2,1,1987,0,0,0,0,0,0,0,0,0,0
63162,0,1,1987,27,27,27,27,27,27,27,27,27,27
63162,1,1,1987,0,0,0,0,0,0,0,0,0,0
63163,0,1,1987,0,0,0,0,0,0,0,0,0,0
63163,0,2,1987,0,12,0,0,0,0,0,0,0,0
63163,1,1,1987,0,0,0,0,0,0,0,0,0,0
63164,1,1,1987,17,17,17,17,17,17,17,17,17,17
63165,1,1,1987,0,0,0,0,0,0,0,0,0,0
63166,0,1,1987,0,0,0,0,0,0,0,0,0,0
63166,1,1,1987,0,0,0,0,0,0,0,0,0,0
63167,1,1,1987,0,0,0,0,0,0,0,0,0,0
63167,2,1,1987,0,0,0,19,0,0,0,0,0,0
63169,0,1,1987,15,15,15,15,15,15,15,15,15,15
63169,1,1,1987,0,0,0,0,0,0,0,0,0,0
63170,1,1,1987,13,13,13,13,13,13,13,13,13,13
63171,0,1,1987,0,0,0,0,0,0,0,0,0,0
63171,1,1,1987,0,0,5,0,3,0,0,8,0,28
63172,1,1,1987,21,35,9,17,21,11,15,18,8,0
63173,1,1,1987,0,0,0,0,0,0,0,0,0,0
63173,2,1,1987,0,0,0,0,0,0,0,0,0,0
63174,1,1,1987,0,0,0,0,0,0,0,0,0,0
63174,2,1,1987,0,0,0,0,0,0,0,0,0,0