ST_CASE,VEH_NO,PER_NO,YEAR,P1,P2,P3,P4,P5,P6,P7,P8,P9,P10
63174,3,1,1987,8,8,8,8,8,8,8,8,8,8
63175,0,1,1987,0,0,0,0,0,0,0,0,0,0
63175,1,1,1987,0,0,0,0,0,0,0,0,0,0
63176,1,1,1987,5,5,5,5,5,5,5,5,5,5
63176,2,1,1987,0,0,1,0,6,0,0,0,0,0
63177,1,1,1987,9,0,14,20,24,21,26,0,11,0
63177,2,1,1987,0,0,0,0,0,0,0,0,0,0
63178,1,1,1987,0,0,0,0,0,0,0,0,0,0
63179,1,1,1987,11,5,10,14,14,8,15,4,22,20
63180,0,1,1987,24,24,24,24,24,24,24,24,24,24
63180,1,1,1987,0,0,0,0,0,0,0,0,0,0
63181,1,1,1987,0,0,0,0,0,0,0,0,0,0
63181,2,1,1987,0,0,0,0,0,0,0,0,0,15
63182,1,1,1987,20,20,20,20,20,20,20,20,20,20
63182,2,1,1987,17,21,16,19,17,7,12,28,10,17
63183,1,1,1987,13,13,13,13,13,13,13,13,13,13
63184,1,1,1987,6,6,6,6,6,6,6,6,6,6
63185,1,1,1987,0,0,0,0,0,0,0,0,0,0
63186,1,1,1987,0,0,0,0,0,0,0,0,0,0
63186,2,1,1987,0,0,0,0,0,0,0,0,0,0
63187,1,1,1987,0,0,0,0,0,0,0,0,0,0
63187,2,1,1987,0,0,0,0,0,0,0,0,0,0
63188,1,1,1987,0,0,0,0,0,0,0,0,0,0
63188,2,1,1987,15,8,28,11,0,31,4,13,0,0
63189,1,1,1987,0,0,0,0,0,0,0,0,0,0
63190,1,1,1987,0,0,0,0,0,0,0,0,0,0
63190,2,1,1987,0,0,0,0,0,0,0,0,0,0
63191,1,1,1987,17,17,17,17,17,17,17,17,17,17
63192,1,1,1987,15,15,15,15,15,15,15,15,15,15
63192,2,1,1987,0,0,0,0,0,0,0,0,0,4
63193,1,1,1987,6,6,6,6,6,6,6,6,6,6
63194,0,1,1987,0,0,0,0,0,0,0,0,0,0
63194,1,1,1987,4,24,35,0,22,15,0,20,15,13
63195,1,1,1987,0,0,0,0,0,0,0,0,0,0
63196,0,1,1987,4,4,4,4,4,4,4,4,4,4
63196,1,1,1987,19,19,0,0,0,0,0,15,0,12
63197,0,1,1987,30,30,30,30,30,30,30,30,30,30
63197,1,1,1987,0,19,0,0,0,0,0,0,0,0
63198,0,1,1987,26,26,26,26,26,26,26,26,26,26
63198,1,1,1987,10,13,13,0,0,0,0,0,0,0
63199,1,1,1987,21,21,21,21,21,21,21,21,21,21
63200,0,1,1987,0,0,0,0,0,0,0,0,0,0
63200,1,1,1987,0,0,0,0,0,4,0,0,0,0
63201,1,1,1987,28,28,28,28,28,28,28,28,28,28
63202,1,1,1987,0,0,0,0,0,0,0,0,0,0
63203,1,1,1987,0,0,0,0,0,0,0,0,0,0
63204,1,1,1987,0,0,0,0,0,0,0,0,0,0
63205,1,1,1987,24,24,24,24,24,24,24,24,24,24
63206,1,1,1987,0,0,0,0,0,0,0,0,0,0
63206,2,1,1987,0,0,0,0,0,0,0,0,0,0
63207,1,1,1987,0,0,0,0,0,0,0,0,0,0
63207,2,1,1987,0,0,0,0,0,0,0,0,0,0
63209,1,1,1987,0,0,0,0,13,0,5,9,25,11
63210,1,1,1987,0,0,0,0,0,0,0,0,0,0
63210,2,1,1987,0,0,0,0,0,0,0,0,0,0
63211,1,1,1987,3,3,3,3,3,3,3,3,3,3
63212,1,1,1987,0,0,0,0,0,0,0,0,0,0
63212,2,1,1987,0,0,0,0,0,0,8,0,0,0
63213,1,1,1987,24,23,0,0,0,0,0,13,0,0
63214,0,1,1987,17,17,17,17,17,17,17,17,17,17
63214,1,1,1987,12,0,13,43,8,16,3,0,16,28
63215,1,1,1987,0,0,0,0,0,0,0,0,0,0
63215,2,1,1987,0,0,0,0,0,0,0,0,0,0
63215,3,1,1987,0,0,0,0,0,0,0,0,0,0
63216,1,1,1987,19,19,19,19,19,19,19,19,19,19
63217,1,1,1987,19,0,14,0,0,0,0,0,0,0
63217,2,1,1987,0,0,0,0,0,0,0,0,0,0
63218,1,1,1987,0,0,0,0,0,0,0,0,0,0
63219,1,1,1987,0,0,0,0,0,0,0,0,0,0
63219,2,1,1987,0,0,0,0,0,0,0,0,0,0
63220,1,1,1987,0,0,0,0,0,0,0,0,0,0
63221,1,1,1987,14,14,14,14,14,14,14,14,14,14
63221,2,1,1987,0,0,0,0,0,0,0,0,0,0
63221,3,1,1987,0,0,0,0,5,0,0,0,0,0
63222,1,1,1987,0,0,0,0,0,0,0,0,0,0
63223,1,1,1987,28,28,28,28,28,28,28,28,28,28
63224,1,1,1987,23,23,23,23,23,23,23,23,23,23
63225,1,1,1987,28,28,28,28,28,28,28,28,28,28
63225,2,1,1987,0,0,0,0,0,0,0,0,0,0
63226,1,1,1987,9,9,9,9,9,9,9,9,9,9
63226,2,1,1987,0,0,0,0,0,0,0,0,0,0
63227,1,1,1987,0,0,0,0,0,0,0,0,0,0
63227,2,1,1987,0,0,0,0,0,0,0,0,0,0
63228,1,1,1987,13,13,13,13,13,13,13,13,13,13
63228,2,1,1987,6,0,3,15,0,0,0,0,0,0
63229,1,1,1987,13,13,13,13,13,13,13,13,13,13
63229,2,1,1987,0,0,0,5,0,0,0,0,0,0
63230,0,1,1987,0,0,0,0,0,0,0,0,0,0
63230,1,1,1987,9,0,21,0,0,0,0,0,0,0
63231,1,1,1987,0,0,0,4,0,0,0,0,0,0
63231,2,1,1987,0,0,0,0,0,0,0,0,0,0
63231,3,1,1987,0,0,0,0,0,0,0,0,0,0
63231,4,1,1987,0,0,0,0,0,0,0,0,0,0
63231,5,1,1987,0,0,0,0,0,0,0,0,0,0
63232,1,1,1987,0,4,0,15,0,18,23,8,5,20
63232,2,1,1987,0,0,0,0,0,0,0,0,0,0
63233,1,1,1987,0,0,0,0,0,0,0,0,0,0
63234,0,1,1987,18,18,18,18,18,18,18,18,18,18
63234,1,1,1987,0,0,0,0,0,0,0,0,0,0
63235,1,1,1987,19,19,19,19,19,19,19,19,19,19
63236,1,1,1987,21,21,21,21,21,21,21,21,21,21
63236,2,1,1987,0,0,0,0,0,0,0,0,0,0
63237,1,1,1987,0,22,0,0,0,0,0,0,0,0
63238,1,1,1987,0,0,0,0,0,0,0,0,0,0
63238,2,1,1987,0,0,0,0,0,0,0,0,0,0
63239,1,1,1987,0,9,0,0,0,0,0,0,0,0
63240,1,1,1987,0,0,0,0,0,0,0,0,0,0
63240,2,1,1987,0,0,0,0,0,0,17,0,0,22
63241,1,1,1987,0,14,0,0,0,0,0,0,0,0
63242,1,1,1987,0,0,0,0,0,0,0,0,0,0
63242,2,1,1987,0,0,0,0,0,0,0,0,0,0
63243,1,1,1987,0,0,0,0,0,0,0,0,0,0
63243,2,1,1987,0,0,0,0,0,0,0,0,0,28
63243,3,1,1987,0,0,0,0,0,0,0,0,0,0
63243,4,1,1987,0,0,0,0,0,0,0,0,0,0
63243,5,1,1987,0,0,0,0,0,0,0,0,0,0
63244,1,1,1987,0,0,0,0,0,0,0,0,0,0
63244,2,1,1987,0,0,0,0,0,0,0,0,0,0
63245,0,1,1987,0,0,0,0,0,0,0,0,0,0
63245,1,1,1987,0,0,0,0,0,0,0,0,0,13
63246,0,1,1987,17,0,0,0,0,8,0,0,0,0
63246,1,1,1987,10,0,0,0,0,0,0,0,0,0
63247,1,1,1987,0,0,0,0,0,0,0,0,0,0
63248,0,1,1987,0,0,0,0,0,0,0,0,0,0
63248,1,1,1987,0,0,0,0,0,0,0,0,0,0
63249,1,1,1987,22,22,22,22,22,22,22,22,22,22
63250,1,1,1987,0,0,0,0,0,0,0,0,0,0
63251,1,1,1987,0,0,0,0,0,0,0,0,0,0
63251,2,1,1987,0,0,0,0,0,0,0,0,0,0
63252,1,1,1987,6,6,6,6,6,6,6,6,6,6
63253,1,1,1987,0,0,0,0,0,0,0,0,0,0
63253,2,1,1987,0,0,0,0,0,0,0,0,0,0
63254,1,1,1987,24,24,24,24,24,24,24,24,24,24
63255,1,1,1987,23,23,23,23,23,23,23,23,23,23
63256,1,1,1987,0,0,0,0,0,0,0,0,0,0
63257,0,1,1987,23,23,23,23,23,23,23,23,23,23
63257,1,1,1987,0,0,0,31,0,0,0,0,0,0
63258,1,1,1987,8,8,8,8,8,8,8,8,8,8
63258,2,1,1987,0,0,0,0,0,0,0,0,0,0
63259,1,1,1987,0,0,0,0,0,0,8,0,0,0
63260,1,1,1987,7,7,7,7,7,7,7,7,7,7
63261,0,1,1987,0,0,0,0,0,0,0,0,0,0
63261,1,1,1987,0,0,21,24,0,0,4,16,23,0
63262,0,1,1987,16,16,16,16,16,16,16,16,16,16
63262,1,1,1987,0,0,0,0,0,0,0,0,0,0
63262,2,1,1987,0,23,0,22,0,11,0,0,14,0
63263,1,1,1987,14,14,14,14,14,14,14,14,14,14
63264,1,1,1987,14,14,14,14,14,14,14,14,14,14
63265,1,1,1987,20,20,20,20,20,20,20,20,20,20
63266,1,1,1987,0,0,0,0,0,0,0,0,0,0
63267,1,1,1987,16,20,5,10,29,11,22,13,4,18
63268,1,1,1987,0,22,0,0,0,0,0,0,0,0
63268,2,1,1987,0,0,0,0,0,0,0,0,0,0
63269,1,1,1987,24,24,24,24,24,24,24,24,24,24
63269,2,1,1987,28,28,28,28,28,28,28,28,28,28
63270,1,1,1987,25,25,25,25,25,25,25,25,25,25
63271,1,1,1987,22,22,22,22,22,22,22,22,22,22
63272,1,1,1987,0,0,0,0,0,0,0,0,0,0
63273,1,1,1987,10,10,10,10,10,10,10,10,10,10
63274,1,1,1987,0,0,0,0,0,0,0,0,0,0
63275,1,1,1987,0,0,0,0,0,0,0,0,0,0
63275,2,1,1987,9,0,0,0,0,0,7,15,0,0
63276,1,1,1987,0,0,0,0,0,0,0,0,0,0
63276,2,1,1987,0,0,0,0,0,0,0,0,0,0
63276,3,1,1987,0,0,0,0,0,5,0,0,0,0
63276,4,1,1987,0,14,0,14,0,0,0,0,0,0
63276,5,1,1987,0,0,0,0,0,0,0,0,0,0
63277,1,1,1987,7,7,7,7,7,7,7,7,7,7
63278,0,1,1987,0,0,0,0,0,0,0,0,0,0
63279,1,1,1987,0,0,0,0,0,0,0,0,0,0
63279,2,1,1987,0,0,0,0,0,0,0,0,0,0
63280,1,1,1987,0,0,0,0,0,0,0,0,0,0
63280,2,1,1987,0,0,0,0,0,0,0,0,0,0
63280,3,1,1987,0,18,4,0,0,0,0,0,0,0
63280,4,1,1987,0,0,0,0,0,0,0,0,0,0
63280,5,1,1987,0,0,0,0,0,0,0,0,0,0
63281,0,1,1987,0,0,0,0,0,0,0,0,0,0
63281,0,2,1987,0,0,0,0,0,0,0,0,0,0
63281,0,3,1987,0,0,0,0,0,0,0,0,0,0
63281,0,4,1987,0,0,0,0,0,0,0,0,0,0
63281,0,5,1987,0,0,0,0,0,0,0,0,0,0
63281,1,1,1987,0,0,0,0,0,0,0,0,0,0
63282,1,1,1987,3,3,3,3,3,3,3,3,3,3
63283,1,1,1987,0,0,0,0,0,0,0,0,0,0
63284,1,1,1987,7,7,7,7,7,7,7,7,7,7
63285,1,1,1987,27,27,27,27,27,27,27,27,27,27
63285,2,1,1987,0,8,21,5,0,0,0,0,0,23
63285,3,1,1987,0,0,0,0,0,26,4,0,24,0
63286,1,1,1987,0,30,19,13,14,9,0,11,17,0
63287,1,1,1987,33,33,33,33,33,33,33,33,33,33
63287,2,1,1987,0,0,0,6,0,0,0,0,0,7
63288,0,1,1987,0,0,0,0,0,0,0,0,0,0
63288,1,1,1987,0,0,0,0,0,0,11,0,0,19
63288,2,1,1987,0,0,0,0,0,0,0,0,23,0
63288,3,1,1987,0,0,0,0,0,0,0,0,0,0
63289,1,1,1987,34,7,0,13,13,19,0,11,14,4
63289,2,1,1987,0,0,0,0,0,0,0,0,0,0
63289,3,1,1987,0,0,0,0,0,0,0,0,0,0
63290,1,1,1987,0,0,0,0,0,0,0,0,0,0
63290,2,1,1987,0,0,0,0,0,0,0,0,0,0
63291,1,1,1987,13,0,0,0,14,0,0,9,0,0
63292,1,1,1987,0,0,0,0,0,0,0,0,0,0
63293,1,1,1987,20,20,20,20,20,20,20,20,20,20
63293,2,1,1987,0,0,0,0,0,0,0,0,0,0
63294,1,1,1987,17,17,17,17,17,17,17,17,17,17
63294,2,1,1987,0,0,0,0,0,0,0,0,0,0
63295,1,1,1987,0,0,0,0,11,0,0,15,0,0
63295,2,1,1987,0,0,0,0,0,0,0,0,0,0
63296,1,1,1987,0,0,0,0,0,0,0,0,0,0
63296,2,1,1987,0,0,0,0,0,0,0,0,0,0
63297,1,1,1987,13,13,13,13,13,13,13,13,13,13
63297,2,1,1987,16,16,16,16,16,16,16,16,16,16
63297,3,1,1987,10,10,10,10,10,10,10,10,10,10
63297,4,1,1987,0,0,0,0,0,0,0,0,0,0
63298,1,1,1987,0,0,0,0,0,0,18,0,0,0
63298,2,1,1987,0,0,0,0,0,0,0,0,0,0
63299,1,1,1987,9,9,9,9,9,9,9,9,9,9
63299,2,1,1987,0,0,0,0,0,0,0,0,0,0
63300,1,1,1987,10,10,10,10,10,10,10,10,10,10
63301,1,1,1987,26,26,26,26,26,26,26,26,26,26
63302,0,1,1987,0,0,0,0,0,0,0,0,0,0
63302,1,1,1987,0,0,15,0,0,0,14,0,0,0
63303,1,1,1987,0,0,0,0,0,0,0,0,0,0
63304,1,1,1987,25,25,25,25,25,25,25,25,25,25
63304,2,1,1987,0,0,0,0,0,0,0,0,0,0
63305,1,1,1987,19,19,19,19,19,19,19,19,19,19
63306,1,1,1987,15,15,15,15,15,15,15,15,15,15
63307,0,1,1987,0,0,0,0,0,0,0,0,0,0
63307,1,1,1987,0,0,19,22,0,15,0,0,20,11
63308,1,1,1987,20,20,20,20,20,20,20,20,20,20
63309,1,1,1987,0,0,0,0,0,0,0,0,0,0
63309,2,1,1987,26,26,26,26,26,26,26,26,26,26
63310,1,1,1987,10,10,10,10,10,10,10,10,10,10
63311,1,1,1987,17,17,17,17,17,17,17,17,17,17
63311,2,1,1987,0,0,0,0,0,0,0,0,0,0
63312,1,1,1987,0,0,0,0,0,0,0,0,0,0
63313,1,1,1987,16,16,16,16,16,16,16,16,16,16
63314,1,1,1987,18,18,18,18,18,18,18,18,18,18
63315,1,1,1987,13,13,13,13,13,13,13,13,13,13
63316,1,1,1987,29,29,29,29,29,29,29,29,29,29
63317,1,1,1987,0,0,0,0,0,0,0,0,0,0
63317,2,1,1987,3,3,3,3,3,3,3,3,3,3
63318,1,1,1987,0,0,0,0,0,0,0,0,0,0
63319,1,1,1987,17,17,17,17,17,17,17,17,17,17
63319,2,1,1987,10,0,0,0,0,19,14,0,0,0
63320,0,1,1987,0,0,0,0,0,0,0,0,0,0
63320,1,1,1987,9,9,9,9,9,9,9,9,9,9
63321,1,1,1987,20,20,20,20,20,20,20,20,20,20
63322,0,1,1987,26,26,26,26,26,26,26,26,26,26
63322,1,1,1987,22,5,17,0,12,13,2,0,18,0
63323,1,1,1987,19,19,19,19,19,19,19,19,19,19
63324,0,1,1987,0,0,0,0,0,0,0,0,0,0
63324,1,1,1987,0,0,0,0,15,0,0,0,17,0
63325,1,1,1987,25,25,25,25,25,25,25,25,25,25
63326,1,1,1987,0,0,0,0,0,0,0,0,0,20
63326,2,1,1987,0,0,0,0,0,0,0,0,0,0
63327,1,1,1987,0,0,0,0,0,0,0,0,0,0
63327,2,1,1987,0,0,0,0,0,0,0,0,0,0
63327,3,1,1987,0,0,0,0,0,0,0,0,0,0
63328,1,1,1987,14,14,14,14,14,14,14,14,14,14
63329,0,1,1987,0,0,0,0,0,0,0,0,0,0
63329,1,1,1987,11,8,0,0,10,0,5,0,0,0
63329,2,1,1987,0,0,0,0,0,0,0,0,0,0
63330,1,1,1987,18,0,9,20,0,0,0,8,0,0
63330,2,1,1987,0,0,0,0,0,0,0,0,0,0
63331,1,1,1987,0,0,0,0,0,0,0,0,0,0
63331,2,1,1987,20,20,20,20,20,20,20,20,20,20
63332,0,1,1987,0,0,0,0,0,0,0,0,0,0
63332,1,1,1987,0,0,0,0,0,0,0,0,0,0
63333,1,1,1987,16,16,16,16,16,16,16,16,16,16
63334,0,1,1987,24,24,24,24,24,24,24,24,24,24
63334,1,1,1987,12,0,0,0,0,11,0,10,0,0
63335,1,1,1987,20,20,20,20,20,20,20,20,20,20
63336,1,1,1987,22,22,22,22,22,22,22,22,22,22
63337,1,1,1987,51,51,51,51,51,51,51,51,51,51
63338,1,1,1987,0,0,0,0,0,0,0,0,0,0
63339,1,1,1987,19,19,19,19,19,19,19,19,19,19
63340,1,1,1987,18,18,18,18,18,18,18,18,18,18
63341,0,1,1987,0,0,0,0,0,0,0,0,0,0
63341,1,1,1987,0,0,0,0,0,0,13,0,0,0
63342,1,1,1987,3,3,3,3,3,3,3,3,3,3
63343,1,1,1987,0,0,0,0,0,0,0,0,0,0
63343,2,1,1987,0,0,0,0,4,0,0,0,0,0
63344,1,1,1987,0,0,0,0,0,0,0,0,0,0
63345,1,1,1987,16,16,16,16,16,16,16,16,16,16
63346,1,1,1987,27,27,27,27,27,27,27,27,27,27
63347,1,1,1987,8,21,19,31,0,6,20,0,10,25
63349,0,1,1987,10,10,10,10,10,10,10,10,10,10
63349,1,1,1987,0,0,0,0,0,0,0,0,0,0
63350,0,1,1987,0,0,0,0,0,0,0,0,0,0
63350,1,1,1987,0,0,0,0,0,0,0,0,0,0
63351,1,1,1987,18,18,18,18,18,18,18,18,18,18
63352,1,1,1987,3,3,3,3,3,3,3,3,3,3
63353,1,1,1987,0,0,0,0,0,0,0,0,0,0
63354,1,1,1987,16,16,16,16,16,16,16,16,16,16
63354,2,1,1987,0,28,0,0,0,0,0,0,0,0
63355,1,1,1987,24,24,24,24,24,24,24,24,24,24
63356,1,1,1987,12,12,12,12,12,12,12,12,12,12
63357,1,1,1987,31,31,31,31,31,31,31,31,31,31
63358,1,1,1987,4,4,4,4,4,4,4,4,4,4
63359,1,1,1987,0,0,0,0,0,0,0,0,0,0
63360,1,1,1987,0,11,0,15,0,0,0,0,0,0
63360,2,1,1987,0,0,0,0,0,0,0,0,0,0
63361,1,1,1987,0,0,0,17,10,0,0,0,0,0
63361,2,1,1987,0,0,0,0,0,0,0,10,0,0
63361,3,1,1987,0,0,0,0,0,0,0,0,0,0
63362,0,1,1987,0,0,0,0,0,0,0,0,0,0
63362,1,1,1987,6,0,0,0,0,0,0,0,0,0
63363,1,1,1987,10,0,0,0,0,0,0,0,0,20
63363,2,1,1987,15,15,15,15,15,15,15,15,15,15
63364,1,1,1987,0,0,0,0,0,0,14,0,0,6
63364,2,1,1987,0,0,0,0,0,0,0,0,0,0
63365,1,1,1987,17,17,17,17,17,17,17,17,17,17
63366,1,1,1987,18,0,0,0,0,0,0,0,0,0
63366,2,1,1987,15,15,15,15,15,15,15,15,15,15
63367,1,1,1987,4,4,4,4,4,4,4,4,4,4
63368,0,1,1987,28,28,28,28,28,28,28,28,28,28
63368,0,2,1987,33,33,33,33,33,33,33,33,33,33
63368,1,1,1987,18,9,22,21,14,22,7,9,18,0
63369,0,1,1987,0,0,0,0,0,0,0,0,0,0
63369,1,1,1987,0,22,0,0,0,0,14,0,0,0
63370,1,1,1987,0,0,0,0,0,0,0,0,0,0
63371,1,1,1987,0,0,0,0,0,0,0,0,0,0
63371,2,1,1987,0,0,0,0,0,0,0,0,0,0
63372,1,1,1987,0,0,0,0,0,0,0,0,0,0
63372,2,1,1987,0,0,0,0,0,0,0,0,0,10
63372,3,1,1987,0,0,0,0,0,0,7,0,0,0
63372,4,1,1987,0,0,0,0,0,0,0,0,0,0
63373,1,1,1987,0,0,0,0,0,0,0,0,0,0
63374,1,1,1987,0,0,0,0,0,0,0,0,0,0
63374,2,1,1987,0,0,0,0,0,0,0,0,0,0
63375,1,1,1987,0,0,0,0,0,0,0,0,0,0
63376,1,1,1987,0,0,0,0,0,0,0,0,0,0
63376,2,1,1987,20,20,20,20,20,20,20,20,20,20
63377,1,1,1987,26,26,26,26,26,26,26,26,26,26
63378,1,1,1987,9,2,0,0,0,0,0,0,0,0
63378,2,1,1987,0,0,3,0,0,0,0,0,0,0
63378,3,1,1987,0,0,0,0,0,0,0,13,21,0
63379,1,1,1987,0,0,0,0,0,0,0,0,0,0
63379,2,1,1987,0,10,0,0,0,0,0,0,0,0
63380,1,1,1987,0,0,0,0,0,0,0,0,0,0
63380,2,1,1987,0,0,0,0,0,0,0,0,0,0
63381,1,1,1987,0,0,25,0,0,0,0,0,0,0
63382,1,1,1987,0,0,0,0,0,0,0,0,0,0
63382,2,1,1987,0,0,0,0,0,0,0,0,0,0
63383,1,1,1987,0,0,0,0,0,0,0,0,0,0
63384,1,1,1987,0,0,0,0,0,0,0,0,0,0
63384,2,1,1987,0,0,0,0,0,0,0,0,0,0
63385,1,1,1987,0,0,0,0,0,0,0,0,0,0
63385,2,1,1987,0,0,0,0,0,0,0,0,0,0
63386,1,1,1987,22,22,22,22,22,22,22,22,22,22
63387,0,1,1987,9,9,9,9,9,9,9,9,9,9
63387,1,1,1987,0,0,0,17,0,0,0,0,0,0
63387,2,1,1987,0,0,0,0,0,0,0,12,8,0
63388,1,1,1987,11,11,11,11,11,11,11,11,11,11
63388,2,1,1987,0,0,0,0,0,0,0,0,0,0
63389,1,1,1987,0,0,0,0,0,0,0,0,0,0
63389,2,1,1987,0,0,0,0,0,0,0,0,0,0
63389,3,1,1987,0,0,0,0,0,0,0,0,0,0
63390,0,1,1987,0,0,0,0,0,0,0,0,0,0
63390,1,1,1987,0,0,0,0,0,0,0,0,0,0
63391,1,1,1987,6,6,6,6,6,6,6,6,6,6
63392,1,1,1987,9,9,9,9,9,9,9,9,9,9
63393,0,1,1987,0,0,0,0,0,0,0,0,0,0
63393,1,1,1987,0,0,0,0,0,0,0,0,0,0
63394,1,1,1987,16,16,16,16,16,16,16,16,16,16
63394,2,1,1987,17,17,17,17,17,17,17,17,17,17
63395,1,1,1987,0,0,0,0,0,0,0,0,0,0
63395,2,1,1987,0,0,0,0,0,0,0,0,0,0
63396,1,1,1987,17,17,17,17,17,17,17,17,17,17
63397,1,1,1987,0,0,0,0,0,0,0,0,0,0
63398,1,1,1987,0,0,0,0,0,0,0,0,0,0
63399,1,1,1987,25,25,25,25,25,25,25,25,25,25
63400,1,1,1987,14,14,14,14,14,14,14,14,14,14
63400,2,1,1987,0,0,0,0,0,0,0,0,0,0
63401,1,1,1987,17,17,17,17,17,17,17,17,17,17
63402,0,1,1987,0,0,0,0,0,0,0,0,0,0
63402,1,1,1987,17,17,17,17,17,17,17,17,17,17
63403,0,1,1987,0,0,0,0,0,0,0,0,0,0
63403,1,1,1987,0,0,0,0,14,0,0,0,0,0
63404,1,1,1987,0,0,0,0,0,0,0,0,0,0
63404,2,1,1987,0,0,0,0,0,0,0,0,0,0
63405,1,1,1987,7,7,7,7,7,7,7,7,7,7
63405,2,1,1987,0,0,0,0,0,0,5,0,0,0
63405,3,1,1987,0,0,0,0,0,0,0,0,0,0
63405,4,1,1987,0,0,0,0,0,0,0,0,0,0
63406,1,1,1987,13,13,13,13,13,13,13,13,13,13
63407,1,1,1987,0,0,0,0,0,0,0,0,0,0
63408,0,1,1987,0,0,0,0,0,0,0,0,0,0
63408,1,1,1987,0,0,0,0,0,0,0,0,0,0
63409,1,1,1987,0,0,0,0,0,0,0,0,0,0
63409,2,1,1987,0,0,0,0,0,0,0,0,0,0
63410,0,1,1987,0,0,0,0,0,0,0,0,0,0
63410,1,1,1987,0,0,0,0,0,0,0,0,0,0
63411,1,1,1987,0,0,0,0,0,0,0,0,0,0
63412,1,1,1987,15,15,15,15,15,15,15,15,15,15
63412,2,1,1987,0,0,0,0,0,0,0,0,0,0
63413,1,1,1987,10,10,10,10,10,10,10,10,10,10
63414,1,1,1987,7,0,0,0,6,0,0,0,0,0
63414,2,1,1987,0,0,0,0,0,0,0,0,0,0
63415,1,1,1987,31,31,31,31,31,31,31,31,31,31
63415,2,1,1987,0,0,0,0,0,0,0,0,0,0
63416,1,1,1987,0,0,0,0,0,0,0,0,0,0
63416,2,1,1987,0,0,0,0,0,0,0,0,0,0
63417,1,1,1987,0,0,0,0,0,0,0,0,0,0
63417,2,1,1987,0,0,0,0,0,0,0,0,0,0
63417,3,1,1987,0,0,0,0,0,0,0,0,0,0
63418,1,1,1987,11,11,11,11,11,11,11,11,11,11
63418,2,1,1987,0,0,0,0,0,0,0,0,0,0
63419,0,1,1987,34,34,34,34,34,34,34,34,34,34
63419,1,1,1987,0,0,0,0,0,0,0,10,0,0
63419,2,1,1987,0,0,0,0,0,24,0,0,17,0
63420,0,1,1987,27,27,27,27,27,27,27,27,27,27
63420,0,2,1987,21,22,35,19,22,0,7,16,0,12
63420,1,1,1987,17,17,17,17,17,17,17,17,17,17
63421,1,1,1987,12,12,12,12,12,12,12,12,12,12
63422,1,1,1987,0,8,0,0,0,0,0,0,0,0
63422,2,1,1987,0,0,0,0,0,0,0,0,0,0
63423,0,1,1987,0,0,0,0,13,0,11,21,0,0
63423,1,1,1987,0,0,8,0,0,0,13,3,0,0
63424,1,1,1987,0,0,0,0,0,0,0,0,0,0
63425,1,1,1987,0,0,0,0,0,0,0,0,0,0
63425,2,1,1987,0,0,0,0,0,0,0,0,0,0
63426,1,1,1987,0,0,0,0,0,0,0,0,0,0
63426,2,1,1987,0,0,0,0,0,0,0,0,0,0
63427,1,1,1987,15,0,0,0,0,0,0,0,17,0
63428,1,1,1987,18,18,18,18,18,18,18,18,18,18
63429,1,1,1987,0,0,0,0,0,0,0,0,0,0
63429,2,1,1987,0,0,0,0,0,0,0,0,0,0
63430,1,1,1987,9,9,9,9,9,9,9,9,9,9
63431,0,1,1987,0,0,0,0,0,0,0,0,0,0
63431,1,1,1987,0,0,0,0,0,0,0,0,0,0
63432,1,1,1987,0,0,0,0,0,0,0,0,0,0
63432,2,1,1987,0,0,0,0,0,0,0,0,0,0
63433,0,1,1987,0,0,7,0,0,0,18,0,0,0
63433,0,2,1987,0,0,0,0,0,0,0,0,0,0
63433,0,3,1987,0,0,0,0,0,0,0,0,0,0
63433,1,1,1987,24,24,24,24,24,24,24,24,24,24
63434,1,1,1987,17,17,17,17,17,17,17,17,17,17
63434,2,1,1987,0,0,0,0,0,0,0,0,0,0
63435,1,1,1987,0,0,0,0,0,0,0,0,0,0
63436,1,1,1987,0,0,0,0,0,0,0,0,0,0
63436,2,1,1987,0,0,0,0,0,0,0,0,0,0
63437,1,1,1987,0,0,0,0,0,0,0,0,0,0
63437,2,1,1987,0,0,0,0,0,0,0,0,0,0
63438,1,1,1987,0,0,0,0,0,0,0,0,15,0
63439,0,1,1987,32,0,23,0,16,18,0,0,0,0
63439,1,1,1987,0,0,0,0,0,0,0,0,0,0
63440,1,1,1987,4,4,4,4,4,4,4,4,4,4