ST_CASE,VEH_NO,PER_NO,YEAR,P1,P2,P3,P4,P5,P6,P7,P8,P9,P10
63440,2,1,1987,0,0,0,0,0,0,0,0,0,0
63441,1,1,1987,0,0,0,15,0,0,0,16,25,0
63441,2,1,1987,0,0,0,0,0,0,0,0,0,0
63442,1,1,1987,0,0,0,0,0,0,0,0,0,0
63442,2,1,1987,0,0,0,0,0,0,0,0,16,0
63443,0,1,1987,0,0,0,0,0,0,0,0,0,0
63443,1,1,1987,0,0,0,23,0,0,0,0,0,0
63444,0,1,1987,0,0,0,0,0,0,0,0,0,0
63444,1,1,1987,0,0,0,0,0,0,0,0,0,0
63445,0,1,1987,0,0,0,0,0,0,0,0,0,0
63445,1,1,1987,0,0,0,0,0,0,0,0,0,0
63446,1,1,1987,18,18,18,18,18,18,18,18,18,18
63446,2,1,1987,0,0,0,0,0,0,0,0,0,0
63446,3,1,1987,0,0,0,0,0,0,0,0,0,0
63447,1,1,1987,0,0,0,0,0,0,0,0,0,0
63447,2,1,1987,0,0,0,0,9,0,0,0,0,0
63447,3,1,1987,0,0,0,7,0,0,0,0,0,0
63448,1,1,1987,8,8,8,8,8,8,8,8,8,8
63449,1,1,1987,21,21,21,21,21,21,21,21,21,21
63449,2,1,1987,0,0,0,0,0,0,0,0,0,0
63450,1,1,1987,0,0,0,0,0,0,0,0,0,0
63450,2,1,1987,0,0,0,0,0,0,0,0,0,0
63450,3,1,1987,0,0,0,0,0,0,0,0,0,0
63450,4,1,1987,0,0,0,0,0,0,0,0,0,0
63451,1,1,1987,22,22,22,22,22,22,22,22,22,22
63452,1,1,1987,16,16,16,16,16,16,16,16,16,16
63453,1,1,1987,19,19,19,19,19,19,19,19,19,19
63454,1,1,1987,18,18,18,18,18,18,18,18,18,18
63455,1,1,1987,21,0,0,0,0,0,0,0,0,10
63455,2,1,1987,0,0,0,4,0,0,0,0,0,0
63456,1,1,1987,0,0,0,0,0,0,20,17,22,21
63457,0,1,1987,0,0,0,15,0,0,0,0,0,0
63457,1,1,1987,0,0,0,0,0,0,0,0,0,0
63458,1,1,1987,36,36,36,36,36,36,36,36,36,36
63458,2,1,1987,0,9,3,0,11,0,15,0,0,9
63459,1,2,1987,0,0,0,0,0,0,0,0,0,0
63460,1,1,1987,0,0,0,0,0,0,0,0,0,0
63460,2,1,1987,0,0,0,0,0,0,0,0,0,0
63461,1,1,1987,0,0,0,0,0,0,5,0,0,0
63461,2,1,1987,0,0,0,0,0,15,0,3,0,0
63462,1,1,1987,0,0,0,0,0,0,0,0,0,0
63463,1,1,1987,0,0,0,0,0,0,0,0,0,0
63463,2,1,1987,0,0,0,0,0,0,0,0,0,0
63464,1,1,1987,0,0,0,0,0,0,0,0,0,0
63465,1,1,1987,0,0,0,0,0,0,0,0,0,0
63466,1,1,1987,0,0,0,0,0,0,0,0,0,0
63466,2,1,1987,0,0,0,0,0,0,0,0,0,0
63467,1,1,1987,0,0,0,0,0,0,0,0,0,0
63468,1,1,1987,11,11,11,11,11,11,11,11,11,11
63468,2,1,1987,0,0,0,0,0,0,0,0,0,0
63469,0,1,1987,0,0,0,0,0,0,0,0,0,0
63469,1,1,1987,0,0,0,0,0,0,0,9,0,0
63470,1,1,1987,0,0,0,0,0,0,0,0,0,0
63470,2,1,1987,18,18,18,18,18,18,18,18,18,18
63471,1,1,1987,0,0,0,0,0,0,0,0,0,0
63471,2,1,1987,0,0,0,0,0,0,0,0,0,0
63472,1,1,1987,0,0,0,0,0,0,0,0,0,0
63473,1,1,1987,0,0,0,0,0,0,13,0,0,0
63473,2,1,1987,0,0,0,0,0,0,0,0,0,0
63473,3,1,1987,15,15,15,15,15,15,15,15,15,15
63474,1,1,1987,9,15,15,12,0,18,34,17,18,19
63474,2,1,1987,0,0,0,0,0,0,0,0,26,0
63475,1,1,1987,25,25,25,25,25,25,25,25,25,25
63476,0,1,1987,0,0,0,0,0,0,0,0,0,0
63476,1,1,1987,0,0,0,0,0,0,0,0,0,0
63477,1,1,1987,0,0,0,0,0,0,0,0,0,0
63477,2,1,1987,0,0,0,0,0,0,0,0,0,0
63478,0,1,1987,32,32,32,32,32,32,32,32,32,32
63478,1,1,1987,8,6,13,3,11,16,11,21,7,14
63479,1,1,1987,14,14,14,14,14,14,14,14,14,14
63480,1,1,1987,16,16,16,16,16,16,16,16,16,16
63481,1,1,1987,20,20,20,20,20,20,20,20,20,20
63482,1,1,1987,3,3,3,3,3,3,3,3,3,3
63483,1,1,1987,16,16,16,16,16,16,16,16,16,16
63483,2,1,1987,24,24,24,24,24,24,24,24,24,24
63484,1,1,1987,20,20,20,20,20,20,20,20,20,20
63485,1,1,1987,20,20,20,20,20,20,20,20,20,20
63486,1,1,1987,0,0,0,0,0,0,0,0,0,0
63487,1,1,1987,9,9,9,9,9,9,9,9,9,9
63487,2,1,1987,16,16,16,16,16,16,16,16,16,16
63488,1,1,1987,0,0,0,0,0,0,0,0,0,0
63488,2,1,1987,0,11,10,0,0,5,15,0,18,0
63489,1,1,1987,0,0,2,0,0,0,0,0,0,0
63489,2,1,1987,8,8,8,8,8,8,8,8,8,8
63489,3,1,1987,0,0,0,0,9,0,0,0,0,0
63490,1,1,1987,32,32,32,32,32,32,32,32,32,32
63491,0,1,1987,20,20,20,20,20,20,20,20,20,20
63491,1,1,1987,0,0,0,0,0,0,0,0,0,0
63492,1,1,1987,26,26,26,26,26,26,26,26,26,26
63493,1,1,1987,0,0,0,0,0,0,0,0,0,0
63493,2,1,1987,0,0,0,0,0,0,0,0,0,0
63495,0,1,1987,0,0,0,0,0,0,0,0,0,0
63495,1,1,1987,0,2,0,0,0,0,0,0,12,0
63496,0,1,1987,15,15,15,15,15,15,15,15,15,15
63496,1,1,1987,15,15,15,15,15,15,15,15,15,15
63497,1,1,1987,0,0,0,0,0,0,0,0,0,0
63497,2,1,1987,0,0,0,0,0,0,0,0,0,0
63497,3,1,1987,0,0,0,0,0,0,0,0,0,0
63497,4,1,1987,0,0,0,12,0,11,0,0,0,0
63498,1,1,1987,7,7,7,7,7,7,7,7,7,7
63499,1,1,1987,5,5,5,5,5,5,5,5,5,5
63499,2,1,1987,0,0,0,0,0,0,0,0,0,0
63500,1,1,1987,0,0,0,0,0,0,0,0,0,0
63501,0,1,1987,0,0,0,0,0,0,0,0,0,0
63501,1,1,1987,0,0,0,0,6,0,0,0,21,0
63502,0,1,1987,0,0,0,0,0,0,0,0,0,0
63502,0,2,1987,0,0,0,0,0,0,0,0,0,0
63502,1,1,1987,0,0,0,0,0,0,0,0,0,0
63503,1,1,1987,14,14,14,14,14,14,14,14,14,14
63504,1,1,1987,12,12,12,12,12,12,12,12,12,12
63505,1,1,1987,9,9,9,9,9,9,9,9,9,9
63506,1,1,1987,23,23,23,23,23,23,23,23,23,23
63506,2,1,1987,0,0,0,0,0,10,0,0,0,0
63507,1,1,1987,0,0,0,0,0,0,0,14,0,0
63507,2,1,1987,0,0,0,0,0,0,0,0,0,0
63507,3,1,1987,0,0,0,0,0,0,0,0,0,0
63507,4,1,1987,0,0,0,0,0,0,0,0,0,0
63508,1,1,1987,0,0,0,8,0,0,0,0,0,0
63508,2,1,1987,0,0,0,0,0,0,3,0,0,0
63508,3,1,1987,0,0,0,0,0,0,0,0,0,0
63509,0,1,1987,0,0,0,0,0,0,0,0,0,0
63509,1,1,1987,0,0,10,0,0,0,0,0,0,0
63510,0,1,1987,25,25,25,25,25,25,25,25,25,25
63510,1,1,1987,0,0,0,6,0,0,0,0,0,0
63511,0,1,1987,0,0,0,0,0,0,0,0,0,0
63511,1,1,1987,0,0,0,9,0,0,0,0,16,0
63512,1,1,1987,0,0,0,0,0,0,0,0,0,0
63513,1,1,1987,13,13,13,13,13,13,13,13,13,13
63513,2,1,1987,18,0,11,26,19,25,21,7,12,14
63514,1,1,1987,15,15,15,15,15,15,15,15,15,15
63515,1,1,1987,0,0,0,0,0,0,0,20,0,0
63515,2,1,1987,26,26,26,26,26,26,26,26,26,26
63516,1,1,1987,5,5,5,5,5,5,5,5,5,5
63517,1,1,1987,19,0,25,33,0,0,0,0,0,11
63517,2,1,1987,0,0,0,0,0,0,0,0,0,0
63518,1,1,1987,23,23,23,23,23,23,23,23,23,23
63519,1,1,1987,0,0,0,22,0,0,0,14,33,0
63519,2,1,1987,0,0,0,0,0,0,0,0,0,0
63520,1,1,1987,23,23,23,23,23,23,23,23,23,23
63521,1,1,1987,0,0,0,0,0,0,0,0,0,0
63521,2,1,1987,0,0,0,0,0,0,0,0,0,0
63522,1,1,1987,0,0,0,0,0,0,0,0,0,0
63522,2,1,1987,0,0,0,0,0,0,0,0,0,0
63523,0,1,1987,0,0,0,0,0,0,0,0,0,0
63523,1,1,1987,0,0,0,0,0,0,0,0,0,0
63524,0,1,1987,0,0,0,0,0,0,0,0,0,0
63524,1,1,1987,0,4,0,0,0,0,0,0,0,4
63525,1,1,1987,0,0,0,0,0,0,0,0,0,0
63525,2,1,1987,0,0,0,0,0,0,0,0,0,0
63526,1,1,1987,23,23,23,23,23,23,23,23,23,23
63527,1,1,1987,14,14,14,14,14,14,14,14,14,14
63528,1,1,1987,14,14,14,14,14,14,14,14,14,14
63529,1,1,1987,0,0,0,0,0,0,0,0,19,0
63529,2,1,1987,0,0,0,0,0,0,0,0,25,0
63530,1,1,1987,3,3,3,3,3,3,3,3,3,3
63530,2,1,1987,0,4,0,0,0,0,0,0,0,0
63530,3,1,1987,0,0,0,0,0,0,0,0,0,0
63530,4,1,1987,0,0,0,0,0,0,0,0,0,0
63530,5,1,1987,0,0,0,0,0,0,0,0,0,0
63531,0,1,1987,0,0,0,0,0,0,0,0,0,0
63531,1,1,1987,0,0,0,0,0,0,0,0,0,0
63532,1,1,1987,0,0,0,0,0,0,0,6,0,0
63532,2,1,1987,0,0,0,0,0,0,0,0,0,0
63533,1,1,1987,7,7,7,7,7,7,7,7,7,7
63533,2,1,1987,0,0,0,0,0,0,0,0,0,0
63533,3,1,1987,0,0,0,0,0,0,0,0,0,0
63534,1,1,1987,23,23,23,23,23,23,23,23,23,23
63535,0,1,1987,19,19,19,19,19,19,19,19,19,19
63535,1,1,1987,0,0,0,0,0,0,0,0,0,0
63536,1,1,1987,23,0,11,0,3,0,0,13,13,0
63537,1,1,1987,14,14,14,14,14,14,14,14,14,14
63537,2,1,1987,0,0,0,8,0,0,0,0,0,0
63539,0,1,1987,0,0,0,0,0,0,0,0,0,0
63539,1,1,1987,0,0,0,0,0,0,0,0,0,0
63540,1,1,1987,0,0,0,0,0,0,0,0,0,0
63540,2,1,1987,0,0,0,0,0,0,0,0,0,0
63541,1,1,1987,0,0,0,0,0,0,0,0,0,0
63541,2,1,1987,0,0,0,0,0,0,0,0,0,0
63542,1,1,1987,8,0,17,20,23,14,12,17,22,13
63542,2,1,1987,0,8,0,0,0,0,0,0,0,0
63543,1,1,1987,0,0,0,0,0,0,0,0,0,0
63543,2,1,1987,0,0,0,0,0,0,0,0,0,0
63544,1,1,1987,20,20,20,20,20,20,20,20,20,20
63545,1,1,1987,14,14,14,14,14,14,14,14,14,14
63546,1,1,1987,0,0,0,0,0,0,0,0,0,0
63547,1,1,1987,0,0,0,0,0,0,0,0,0,0
63548,1,1,1987,0,0,0,0,0,0,0,0,0,0
63548,2,1,1987,9,9,9,9,9,9,9,9,9,9
63549,1,1,1987,0,0,0,0,0,0,0,0,0,0
63550,1,1,1987,0,0,0,0,0,0,0,0,0,0
63550,2,1,1987,0,0,0,6,0,0,0,0,3,0
63551,1,1,1987,0,0,0,0,0,0,0,0,0,0
63552,1,1,1987,16,16,16,16,16,16,16,16,16,16
63552,2,1,1987,5,5,5,5,5,5,5,5,5,5
63553,1,1,1987,0,0,0,0,0,0,0,0,0,0
63554,1,1,1987,0,0,0,0,0,0,0,0,0,0
63555,1,1,1987,26,13,15,8,15,14,15,13,16,21
63555,2,1,1987,0,0,0,0,0,0,0,0,0,0
63556,1,1,1987,0,0,0,0,0,0,0,0,0,0
63556,2,1,1987,0,0,0,0,0,0,0,0,0,0
63557,1,1,1987,0,0,7,0,0,0,0,0,0,0
63558,1,1,1987,0,0,0,0,0,0,0,0,0,0
63559,1,1,1987,19,0,0,0,0,9,0,0,0,0
63559,2,1,1987,0,0,0,0,0,0,0,0,0,0
63560,1,1,1987,0,0,0,0,0,24,16,20,30,0
63561,0,1,1987,19,19,19,19,19,19,19,19,19,19
63561,1,1,1987,0,0,0,0,0,0,0,0,0,0
63562,1,1,1987,0,0,0,0,0,0,0,0,0,0
63563,1,1,1987,0,0,0,0,0,0,0,0,0,0
63563,2,1,1987,0,0,16,0,0,0,0,0,0,0
63564,1,1,1987,27,27,27,27,27,27,27,27,27,27
63564,2,1,1987,22,22,22,22,22,22,22,22,22,22
63565,1,1,1987,19,19,19,19,19,19,19,19,19,19
63565,2,1,1987,0,0,0,0,0,0,0,0,0,0
63566,0,1,1987,24,24,24,24,24,24,24,24,24,24
63566,1,1,1987,1,1,1,1,1,1,1,1,1,1
63567,1,1,1987,14,14,14,14,14,14,14,14,14,14
63567,2,1,1987,0,0,0,0,0,0,0,0,0,0
63568,0,1,1987,27,27,27,27,27,27,27,27,27,27
63568,1,1,1987,38,17,0,17,15,0,22,17,15,20
63569,1,1,1987,18,18,18,18,18,18,18,18,18,18
63570,1,1,1987,15,15,15,15,15,15,15,15,15,15
63571,1,1,1987,18,18,18,18,18,18,18,18,18,18
63572,1,1,1987,19,19,19,19,19,19,19,19,19,19
63572,2,1,1987,0,0,0,0,0,0,0,0,0,0
63573,1,1,1987,0,0,0,0,0,0,0,0,0,0
63573,2,1,1987,6,6,6,6,6,6,6,6,6,6
63574,1,1,1987,22,22,22,22,22,22,22,22,22,22
63575,1,1,1987,0,0,0,0,0,0,0,0,0,0
63576,1,1,1987,0,0,0,0,0,0,0,0,0,0
63576,2,1,1987,0,0,0,0,0,0,0,0,0,0
63577,0,1,1987,0,0,0,5,4,0,0,0,0,0
63577,1,1,1987,0,0,0,0,0,0,0,0,0,0
63578,0,1,1987,0,0,0,0,0,0,0,0,0,0
63578,1,1,1987,0,0,0,0,0,0,0,0,0,22
63579,0,1,1987,0,0,0,0,0,0,0,0,0,0
63579,1,1,1987,27,27,27,27,27,27,27,27,27,27
63580,1,1,1987,0,0,0,0,0,0,0,0,0,0
63580,2,1,1987,0,0,0,0,0,0,0,0,0,0
63581,1,1,1987,16,16,16,16,16,16,16,16,16,16
63581,2,1,1987,0,0,0,0,0,0,0,0,0,0
63582,0,1,1987,0,0,0,0,0,0,0,0,0,0
63582,1,1,1987,0,0,0,0,0,0,0,0,0,0
63583,0,1,1987,0,0,0,0,0,0,0,0,0,0
63583,1,1,1987,0,0,0,0,0,0,0,0,0,0
63584,1,1,1987,7,7,7,7,7,7,7,7,7,7
63585,0,1,1987,0,0,0,0,0,0,0,0,0,0
63585,1,1,1987,0,0,0,0,0,0,0,0,0,0
63586,1,1,1987,5,0,21,0,41,18,0,15,0,0
63586,2,1,1987,0,0,0,0,0,0,0,0,0,0
63587,1,1,1987,0,0,0,0,0,0,0,0,0,0
63587,2,1,1987,0,0,0,0,0,0,0,0,0,0
63588,1,1,1987,0,0,0,0,0,0,0,0,0,0
63589,1,1,1987,0,0,0,0,0,0,0,0,0,0
63589,2,1,1987,0,0,0,0,0,0,0,0,0,0
63590,0,1,1987,0,0,0,0,0,0,0,0,0,0
63590,1,1,1987,16,0,0,0,13,0,0,0,0,0
63591,1,1,1987,0,0,12,11,9,16,17,0,4,0
63592,1,1,1987,3,3,3,3,3,3,3,3,3,3
63592,2,1,1987,0,0,0,0,0,0,0,0,0,0
63593,0,1,1987,0,0,0,0,0,0,0,0,0,0
63593,0,2,1987,0,0,0,0,0,0,0,0,0,0
63593,0,3,1987,0,0,0,0,0,0,0,0,0,0
63593,0,4,1987,0,0,0,0,0,0,0,0,0,0
63593,1,1,1987,0,0,0,0,0,0,0,0,0,0
63594,1,1,1987,17,17,17,17,17,17,17,17,17,17
63595,0,1,1987,32,32,32,32,32,32,32,32,32,32
63595,1,1,1987,0,0,0,0,0,0,0,0,0,0
63596,1,1,1987,24,24,24,24,24,24,24,24,24,24
63597,1,1,1987,13,13,13,13,13,13,13,13,13,13
63598,1,1,1987,0,0,0,0,0,0,0,0,0,0
63599,1,1,1987,0,20,0,0,0,0,0,0,0,0
63600,1,1,1987,7,7,7,7,7,7,7,7,7,7
63600,2,1,1987,5,5,5,5,5,5,5,5,5,5
63601,1,1,1987,0,0,0,0,0,0,0,0,0,0
63601,2,1,1987,22,22,22,22,22,22,22,22,22,22
63601,3,1,1987,0,0,0,0,0,0,0,0,0,0
63602,1,1,1987,0,0,0,0,0,0,0,0,0,0
63603,1,1,1987,0,23,10,21,0,17,17,0,0,14
63604,1,1,1987,0,0,11,0,0,0,12,0,0,0
63605,0,1,1987,0,27,0,0,0,0,0,0,0,0
63605,1,1,1987,0,0,0,0,0,0,0,0,0,0
63606,1,1,1987,12,12,12,12,12,12,12,12,12,12
63607,1,1,1987,16,16,16,16,16,16,16,16,16,16
63607,2,1,1987,0,0,10,0,0,0,2,0,0,0
63608,1,1,1987,10,10,10,10,10,10,10,10,10,10
63609,1,1,1987,0,0,0,0,0,9,0,20,8,0
63610,0,1,1987,0,18,0,0,0,0,0,0,0,0
63610,1,1,1987,0,0,0,0,0,0,0,0,0,0
63611,1,1,1987,0,0,0,0,0,0,8,0,0,0
63611,2,1,1987,0,0,0,0,0,0,0,0,0,0
63612,1,1,1987,0,0,0,0,0,0,0,0,0,0
63612,2,1,1987,0,0,0,0,0,0,0,0,0,0
63613,1,1,1987,0,0,0,0,0,0,0,0,0,0
63614,1,1,1987,0,0,0,0,0,0,0,0,0,0
63614,2,1,1987,0,0,0,0,0,0,0,0,0,0
63615,1,1,1987,0,0,0,0,0,0,0,0,0,0
63615,2,1,1987,0,0,0,0,0,0,0,0,0,0
63616,1,1,1987,0,0,0,0,8,0,0,0,11,9
63616,2,1,1987,0,0,0,0,0,0,0,0,0,0
63617,0,1,1987,0,0,0,0,0,0,0,0,0,0
63617,1,1,1987,0,0,0,0,0,0,0,0,0,0
63618,1,1,1987,0,0,0,0,0,0,0,0,0,0
63618,2,1,1987,0,0,0,0,0,0,0,0,0,0
63619,0,1,1987,0,0,0,0,0,0,0,0,0,0
63619,1,1,1987,0,8,0,0,0,0,0,0,0,0
63620,1,1,1987,0,19,0,0,0,0,0,0,0,16
63620,2,1,1987,0,0,0,0,0,0,0,0,0,0
63621,1,1,1987,0,0,0,0,0,0,0,0,0,12
63621,2,1,1987,0,0,0,0,0,0,0,0,0,0
63622,1,1,1987,23,23,23,23,23,23,23,23,23,23
63623,1,1,1987,21,16,20,0,15,17,6,0,17,0
63624,1,1,1987,0,0,0,0,0,0,0,0,0,0
63624,2,1,1987,0,0,0,0,0,0,0,0,0,0
63625,1,1,1987,0,0,0,0,0,0,0,0,0,0
63626,0,1,1987,0,0,0,0,0,0,0,0,0,0
63626,1,1,1987,0,0,0,0,0,0,0,0,0,0
63627,1,1,1987,14,14,14,14,14,14,14,14,14,14
63628,1,1,1987,11,11,11,11,11,11,11,11,11,11
63628,2,1,1987,0,30,12,0,13,20,0,19,11,6
63629,1,1,1987,14,14,14,14,14,14,14,14,14,14
63630,0,1,1987,0,0,0,0,0,0,0,0,0,0
63630,1,1,1987,0,0,0,0,0,0,0,8,0,0
63631,0,1,1987,0,0,0,0,0,0,0,0,0,0
63631,1,1,1987,0,0,0,0,7,0,0,0,0,0
63632,1,1,1987,17,17,17,17,17,17,17,17,17,17
63633,0,1,1987,17,17,17,17,17,17,17,17,17,17
63633,1,1,1987,0,0,0,0,0,0,0,7,0,0
63634,1,1,1987,0,0,0,0,0,0,0,0,0,0
63635,1,1,1987,0,0,0,0,0,0,0,0,0,0
63636,1,1,1987,0,0,0,0,0,0,0,0,0,0
63637,1,1,1987,0,0,0,0,0,0,0,0,0,0
63638,1,1,1987,0,0,0,0,0,0,0,0,0,0
63638,2,1,1987,0,0,0,0,0,0,0,0,0,0
63639,1,1,1987,4,0,0,0,0,0,0,0,0,0
63639,2,1,1987,0,0,0,0,0,0,0,0,0,0
63640,1,1,1987,0,0,0,0,0,0,0,0,0,0
63640,2,1,1987,0,0,0,0,0,0,0,0,0,0
63641,1,1,1987,0,0,0,0,0,0,0,0,0,0
63642,1,1,1987,0,0,0,0,0,0,0,0,0,0
63642,2,1,1987,0,0,0,0,0,0,0,0,0,0
63643,1,1,1987,0,0,0,0,0,0,0,0,0,0
63644,1,1,1987,19,19,19,19,19,19,19,19,19,19
63644,2,1,1987,0,0,0,0,0,0,0,0,0,0
63645,1,1,1987,25,25,25,25,25,25,25,25,25,25
63645,2,1,1987,0,0,0,0,0,0,0,11,0,0
63646,0,1,1987,0,0,0,0,0,0,0,0,0,0
63646,0,2,1987,0,0,0,0,0,0,0,0,0,0
63646,1,1,1987,0,0,0,0,0,0,0,0,0,0
63647,1,1,1987,0,0,0,0,0,0,0,0,0,0
63647,2,1,1987,0,0,0,0,0,0,0,0,0,0
63648,0,1,1987,37,12,16,34,22,32,21,25,25,32
63648,1,1,1987,0,0,0,21,0,0,0,0,0,0
63649,0,1,1987,0,0,0,17,0,0,0,0,26,0
63649,1,1,1987,0,0,0,0,0,0,0,0,0,0
63649,2,1,1987,0,0,0,0,0,0,0,0,0,0
63650,1,1,1987,0,0,0,0,0,18,0,0,0,0
63650,2,1,1987,0,0,0,0,0,0,0,0,0,0
63651,1,1,1987,0,0,0,28,0,0,0,0,0,0
63651,2,1,1987,0,0,0,0,0,0,0,0,0,0
63651,3,1,1987,0,0,0,0,0,0,0,0,0,0
63652,1,1,1987,2,2,2,2,2,2,2,2,2,2
63652,2,1,1987,0,0,0,0,0,0,0,0,0,0
63653,2,1,1987,3,3,3,3,3,3,3,3,3,3
63653,3,1,1987,0,0,0,0,0,0,0,0,0,0
63654,1,1,1987,0,0,0,0,0,0,0,0,0,0
63655,1,1,1987,22,22,22,22,22,22,22,22,22,22
63656,1,1,1987,0,21,0,0,10,0,0,0,0,0
63656,2,1,1987,0,0,0,0,0,0,15,0,0,0
63657,1,1,1987,0,0,0,0,0,0,0,0,0,0
63658,1,1,1987,4,4,4,4,4,4,4,4,4,4
63659,1,1,1987,6,0,0,0,0,0,0,0,0,0
63660,1,1,1987,2,2,2,2,2,2,2,2,2,2
63661,1,1,1987,0,0,0,0,0,0,0,0,0,0
63661,2,1,1987,0,0,0,0,0,0,0,0,0,0
63661,3,1,1987,0,0,0,0,0,0,0,0,0,0
63662,1,1,1987,0,0,0,0,0,0,0,0,0,0
63662,2,1,1987,0,0,0,0,0,0,0,0,0,0
63663,0,1,1987,0,0,0,0,0,0,0,0,0,0
63663,1,1,1987,22,22,22,22,22,22,22,22,22,22
63664,1,1,1987,13,13,13,13,13,13,13,13,13,13
63665,1,1,1987,1,1,1,1,1,1,1,1,1,1
63665,2,1,1987,0,0,0,0,0,0,0,0,0,0
63666,1,1,1987,0,0,0,0,0,0,0,0,0,2
63666,2,1,1987,0,0,0,15,0,0,0,0,0,0
63667,1,1,1987,6,6,6,6,6,6,6,6,6,6
63668,1,1,1987,1,1,1,1,1,1,1,1,1,1
63669,1,1,1987,0,0,0,0,0,0,0,0,0,0
63669,2,1,1987,0,0,0,0,0,0,0,0,0,0
63670,1,1,1987,0,0,0,0,0,0,0,0,0,0
63671,1,1,1987,0,17,0,0,0,0,0,0,0,0
63672,0,1,1987,19,19,19,19,19,19,19,19,19,19
63672,1,1,1987,13,13,13,13,13,13,13,13,13,13
63673,1,1,1987,0,0,8,0,0,0,0,0,0,0
63673,2,1,1987,0,0,0,0,0,0,0,0,0,0
63673,3,1,1987,0,0,0,0,0,0,0,0,0,0
63673,4,1,1987,0,0,0,0,0,0,0,0,0,0
63674,1,1,1987,17,17,17,17,17,17,17,17,17,17
63674,2,1,1987,0,0,0,0,0,0,0,0,0,0
63675,1,1,1987,25,25,25,25,25,25,25,25,25,25
63676,1,1,1987,0,0,0,0,0,0,0,0,0,0
63676,2,1,1987,0,0,0,0,0,0,0,0,0,0
63676,3,1,1987,0,0,0,0,0,0,0,0,0,0
63677,0,1,1987,0,0,0,0,0,0,0,0,0,0
63677,0,2,1987,0,0,11,0,0,0,21,0,6,0
63677,0,3,1987,0,10,3,0,0,0,0,0,0,0
63677,1,1,1987,0,0,0,0,0,0,0,0,0,0
63677,2,1,1987,0,0,0,0,0,5,0,0,0,0
63678,1,1,1987,0,0,0,0,0,0,0,0,0,0
63678,2,1,1987,12,12,12,12,12,12,12,12,12,12
63679,1,1,1987,0,0,0,14,0,17,0,0,0,0
63680,1,1,1987,0,0,0,0,0,0,0,0,0,0
63680,2,1,1987,0,0,0,0,0,0,0,0,0,0
63680,3,1,1987,18,18,18,18,18,18,18,18,18,18
63681,0,1,1987,32,32,32,32,32,32,32,32,32,32
63681,1,1,1987,0,0,0,0,0,0,0,0,0,0
63682,1,1,1987,36,9,3,27,11,9,19,19,34,10
63683,1,1,1987,8,8,8,8,8,8,8,8,8,8
63683,2,1,1987,12,12,12,12,12,12,12,12,12,12
63684,1,1,1987,13,13,13,13,13,13,13,13,13,13
63685,1,1,1987,6,6,6,6,6,6,6,6,6,6
63686,0,1,1987,12,12,12,12,12,12,12,12,12,12
63686,1,1,1987,11,0,25,25,0,8,0,0,0,0
63687,1,1,1987,10,10,10,10,10,10,10,10,10,10
63688,1,1,1987,0,0,0,0,0,0,0,0,0,0
63688,2,1,1987,0,0,0,0,0,0,0,0,0,0
63689,1,1,1987,0,0,0,0,0,0,0,0,0,0
63690,1,1,1987,0,0,0,0,0,0,0,0,0,0
63690,2,1,1987,0,0,0,0,17,0,0,0,0,0
63691,0,1,1987,0,0,0,0,0,0,0,0,0,0
63691,1,1,1987,0,0,0,0,0,0,0,0,0,0
63692,1,1,1987,0,0,0,0,0,0,0,0,0,0
63692,2,1,1987,0,0,0,0,0,0,0,0,0,0
63692,3,1,1987,0,0,0,0,0,0,0,0,0,0
63693,1,1,1987,0,0,0,0,0,0,0,0,0,0
63693,2,1,1987,0,0,0,0,0,0,0,0,0,0
63693,3,1,1987,0,0,0,0,0,0,0,0,0,0
63694,1,1,1987,9,9,9,9,9,9,9,9,9,9
63694,2,1,1987,9,9,9,9,9,9,9,9,9,9
63695,1,1,1987,0,0,0,0,0,0,0,0,0,0
63695,2,1,1987,0,0,0,0,0,0,0,0,0,0
63696,1,1,1987,0,0,0,0,0,0,0,0,0,0
63697,0,1,1987,2,2,2,2,2,2,2,2,2,2
63697,1,1,1987,0,0,0,0,0,0,0,0,0,0
63698,1,1,1987,23,14,20,23,26,12,8,21,9,20
63699,1,1,1987,5,5,5,5,5,5,5,5,5,5
63700,0,1,1987,25,25,25,25,25,25,25,25,25,25
63700,1,1,1987,0,0,9,13,0,0,0,0,13,32
63701,0,1,1987,6,6,6,6,6,6,6,6,6,6
63701,1,1,1987,13,13,13,13,13,13,13,13,13,13
63702,0,1,1987,5,5,5,5,5,5,5,5,5,5
63702,1,1,1987,24,24,24,24,24,24,24,24,24,24
63703,1,1,1987,27,15,28,25,15,13,19,20,20,13