ST_CASE,VEH_NO,PER_NO,YEAR,P1,P2,P3,P4,P5,P6,P7,P8,P9,P10
63704,0,1,1987,0,0,15,0,0,0,0,0,0,21
63704,0,2,1987,9,0,7,0,0,0,0,0,0,0
63704,1,1,1987,0,0,0,0,0,0,0,2,0,0
63705,1,1,1987,0,0,0,0,14,19,0,0,0,0
63705,2,1,1987,0,0,0,0,0,0,0,0,0,0
63706,1,1,1987,0,0,0,0,0,0,0,0,0,0
63707,0,1,1987,0,0,0,0,0,0,0,0,0,0
63707,1,1,1987,0,0,0,0,0,0,0,0,0,0
63708,1,1,1987,12,12,12,12,12,12,12,12,12,12
63708,2,1,1987,0,0,0,0,0,0,0,0,0,0
63709,1,1,1987,0,0,0,0,0,0,0,0,0,0
63709,2,1,1987,0,0,0,0,0,0,0,0,0,0
63710,1,1,1987,10,10,10,10,10,10,10,10,10,10
63711,0,1,1987,0,0,0,0,0,0,0,0,0,0
63711,1,1,1987,0,0,0,0,0,22,0,0,8,0
63712,1,1,1987,0,0,0,0,0,0,0,0,0,0
63712,2,1,1987,0,0,0,0,0,0,0,0,0,0
63713,1,1,1987,11,11,11,11,11,11,11,11,11,11
63714,1,1,1987,0,0,0,0,0,0,0,5,0,0
63714,2,1,1987,18,8,20,18,0,31,37,9,14,0
63715,1,1,1987,15,15,15,15,15,15,15,15,15,15
63716,1,1,1987,17,17,17,17,17,17,17,17,17,17
63716,2,1,1987,19,19,19,19,19,19,19,19,19,19
63716,3,1,1987,0,0,0,0,0,0,0,0,0,0
63716,4,1,1987,0,0,0,0,0,0,0,0,0,0
63717,1,1,1987,8,8,8,8,8,8,8,8,8,8
63717,2,1,1987,2,2,2,2,2,2,2,2,2,2
63718,1,1,1987,0,0,0,0,0,0,0,0,0,0
63718,2,1,1987,0,0,0,0,0,0,0,0,9,0
63719,0,1,1987,31,31,31,31,31,31,31,31,31,31
63719,1,1,1987,0,0,0,0,0,12,0,0,0,0
63720,0,1,1987,26,26,26,26,26,26,26,26,26,26
63720,1,1,1987,7,21,0,28,18,13,24,20,16,0
63721,0,1,1987,21,21,21,21,21,21,21,21,21,21
63721,1,1,1987,0,0,0,0,0,0,0,0,0,0
63722,1,1,1987,6,6,6,6,6,6,6,6,6,6
63723,1,1,1987,0,0,0,0,0,0,0,0,0,0
63724,1,1,1987,0,0,0,0,0,0,8,0,9,0
63724,2,1,1987,14,0,4,0,0,12,0,18,22,12
63725,1,1,1987,0,0,0,0,0,0,0,0,0,0
63726,1,1,1987,0,0,0,0,0,0,0,0,0,0
63726,2,1,1987,0,16,0,0,0,0,0,0,0,0
63727,1,1,1987,0,10,12,0,0,2,20,7,16,23
63728,0,1,1987,35,35,35,35,35,35,35,35,35,35
63728,1,1,1987,0,0,0,0,0,0,0,0,0,0
63729,1,1,1987,0,15,13,0,17,0,0,19,12,20
63730,0,1,1987,0,0,0,0,0,0,0,0,0,0
63730,1,1,1987,0,0,0,0,0,0,0,0,0,0
63731,1,1,1987,0,0,0,0,0,0,0,8,0,0
63731,2,1,1987,18,18,18,18,18,18,18,18,18,18
63732,0,1,1987,0,0,0,0,0,0,0,0,0,0
63732,1,1,1987,0,0,0,0,9,0,0,0,0,0
63733,1,1,1987,11,11,11,11,11,11,11,11,11,11
63733,2,1,1987,0,0,0,0,0,0,0,0,0,0
63734,1,1,1987,0,0,0,0,0,0,0,0,0,0
63735,1,1,1987,6,0,14,0,0,4,0,0,0,10
63735,2,1,1987,0,0,0,0,0,19,0,0,0,0
63736,0,1,1987,0,0,0,0,0,0,3,0,0,0
63736,1,1,1987,0,0,0,0,0,0,0,0,0,0
63737,1,1,1987,27,27,27,27,27,27,27,27,27,27
63738,1,1,1987,12,0,0,0,0,0,0,0,0,0
63738,2,1,1987,0,0,0,26,25,0,0,0,0,14
63738,3,1,1987,0,0,0,0,0,9,0,0,0,0
63738,4,1,1987,0,0,0,0,0,0,0,0,0,0
63739,1,1,1987,0,0,0,0,0,0,0,0,0,0
63740,1,1,1987,0,0,0,0,0,0,0,0,0,0
63741,0,1,1987,3,3,3,3,3,3,3,3,3,3
63741,1,1,1987,0,0,19,5,0,23,30,0,0,0
63742,1,1,1987,21,21,21,21,21,21,21,21,21,21
63743,1,1,1987,0,0,0,0,0,0,0,0,0,0
63743,2,1,1987,10,0,0,0,0,0,0,0,0,0
63744,0,1,1987,0,0,0,0,0,0,0,0,0,0
63744,0,2,1987,0,0,0,0,0,0,0,0,0,0
63744,1,1,1987,0,0,0,0,0,0,0,0,0,0
63744,2,1,1987,0,0,0,0,0,0,0,0,0,0
63745,1,1,1987,0,0,0,0,0,0,0,0,0,0
63745,2,1,1987,0,0,0,0,7,0,0,0,0,0
63746,1,1,1987,18,0,0,0,0,0,0,0,0,0
63747,1,1,1987,0,0,0,0,0,0,0,0,0,0
63747,2,1,1987,0,0,0,0,0,0,0,0,0,5
63748,1,1,1987,0,0,0,0,0,0,0,0,0,0
63748,2,1,1987,0,0,0,0,0,0,0,0,0,0
63749,1,1,1987,0,0,0,0,0,0,0,0,0,0
63750,1,1,1987,24,24,24,24,24,24,24,24,24,24
63751,1,1,1987,0,0,0,0,0,0,0,0,0,0
63751,2,1,1987,0,0,0,0,0,0,0,0,0,0
63752,1,1,1987,0,0,0,0,0,12,0,0,0,0
63753,0,1,1987,0,0,0,0,0,0,0,0,0,0
63753,0,2,1987,0,0,0,0,0,0,0,0,0,0
63753,1,1,1987,0,0,0,0,0,0,0,0,0,0
63754,1,1,1987,0,0,0,0,0,0,0,0,0,0
63754,2,1,1987,24,24,24,24,24,24,24,24,24,24
63754,3,1,1987,0,0,0,8,0,0,0,0,0,0
63755,1,1,1987,14,14,14,14,14,14,14,14,14,14
63756,1,1,1987,13,13,13,13,13,13,13,13,13,13
63756,2,1,1987,0,0,0,14,0,4,0,14,9,0
63757,1,1,1987,0,0,0,0,0,0,0,0,0,0
63758,1,1,1987,33,33,33,33,33,33,33,33,33,33
63759,1,1,1987,0,0,0,0,0,0,0,0,15,0
63759,2,1,1987,0,0,0,0,0,0,5,0,0,0
63759,3,1,1987,0,0,0,0,0,0,0,0,0,0
63760,0,1,1987,0,0,0,0,0,0,0,0,0,18
63760,1,1,1987,0,0,0,0,0,0,0,0,0,0
63761,1,1,1987,0,0,0,0,0,0,0,0,0,0
63761,2,1,1987,0,0,0,26,0,0,0,0,0,0
63762,0,1,1987,0,0,0,0,0,0,0,0,0,0
63762,1,1,1987,12,8,0,4,12,0,4,0,16,0
63763,0,1,1987,0,0,0,0,0,0,0,0,0,0
63763,1,1,1987,0,20,0,0,0,0,0,0,0,0
63764,1,1,1987,0,0,0,0,0,0,0,0,0,0
63764,2,1,1987,0,0,0,0,0,0,0,0,0,0
63764,3,1,1987,0,0,0,0,0,0,0,0,0,0
63765,1,1,1987,0,0,0,0,0,0,0,0,0,0
63765,2,1,1987,0,0,0,0,0,0,0,0,0,0
63765,3,1,1987,0,0,0,0,0,0,0,0,0,0
63766,1,1,1987,15,15,15,15,15,15,15,15,15,15
63766,2,1,1987,0,0,0,0,0,0,0,0,0,0
63767,1,1,1987,0,0,0,0,0,0,0,0,0,0
63768,0,1,1987,31,31,31,31,31,31,31,31,31,31
63768,1,1,1987,0,0,0,0,0,0,0,0,0,0
63769,0,1,1987,6,6,6,6,6,6,6,6,6,6
63769,1,1,1987,0,0,0,0,0,0,6,0,0,0
63770,1,1,1987,0,0,0,0,0,0,0,0,0,0
63771,1,1,1987,0,0,0,0,0,0,0,0,0,0
63771,2,1,1987,14,14,14,14,14,14,14,14,14,14
63771,3,1,1987,0,0,17,0,0,0,0,0,0,0
63772,0,1,1987,25,25,25,25,25,25,25,25,25,25
63772,1,1,1987,0,0,12,0,0,0,0,0,0,17
63773,1,1,1987,5,5,5,5,5,5,5,5,5,5
63774,1,1,1987,0,0,0,0,0,0,0,0,0,0
63774,2,1,1987,0,0,0,6,0,0,0,0,0,0
63775,1,1,1987,0,0,0,0,0,0,0,0,0,0
63775,2,1,1987,0,0,0,0,0,0,0,0,0,0
63777,1,1,1987,17,17,17,17,17,17,17,17,17,17
63778,1,1,1987,0,0,0,0,10,0,0,0,0,0
63779,1,1,1987,1,1,1,1,1,1,1,1,1,1
63779,2,1,1987,0,0,0,0,0,0,0,0,0,0
63780,0,1,1987,0,0,0,0,0,0,0,0,0,0
63780,1,1,1987,0,7,0,0,0,0,0,0,0,0
63781,1,1,1987,22,0,0,0,0,0,0,0,0,0
63781,2,1,1987,0,0,0,0,0,0,0,0,0,0
63782,0,1,1987,21,21,21,21,21,21,21,21,21,21
63782,1,1,1987,0,0,0,0,0,0,0,0,0,0
63783,1,1,1987,11,11,11,11,11,11,11,11,11,11
63784,0,1,1987,0,0,0,0,0,0,0,0,0,0
63784,0,2,1987,0,0,0,0,0,0,0,0,0,0
63784,0,3,1987,0,11,0,0,0,0,0,8,0,0
63784,1,1,1987,0,0,0,0,0,0,0,0,0,0
63785,1,1,1987,13,13,13,13,13,13,13,13,13,13
63786,1,1,1987,0,0,0,0,0,0,0,0,0,0
63786,2,1,1987,0,0,0,0,0,0,0,0,0,0
63786,3,1,1987,0,0,0,0,0,0,0,0,0,0
63786,4,1,1987,0,0,0,0,0,0,2,0,0,0
63786,5,1,1987,0,0,0,0,0,0,0,0,10,2
63787,1,1,1987,0,0,0,0,0,0,0,0,0,0
63787,2,1,1987,0,0,0,0,0,0,0,0,0,0
63788,1,1,1987,29,0,21,17,0,0,12,0,5,0
63788,2,1,1987,0,0,8,0,0,0,0,0,0,0
63789,1,1,1987,20,20,20,20,20,20,20,20,20,20
63789,2,1,1987,0,0,0,0,0,0,0,10,0,0
63790,0,1,1987,0,0,0,0,0,0,0,0,0,0
63790,1,1,1987,10,0,23,0,0,0,0,0,0,0
63791,0,1,1987,0,12,36,12,0,0,16,30,25,10
63791,1,1,1987,14,14,14,14,14,14,14,14,14,14
63792,1,1,1987,0,0,0,0,0,0,0,0,0,0
63792,2,1,1987,0,0,0,0,0,0,0,0,0,0
63792,3,1,1987,0,0,0,0,0,0,0,0,0,0
63793,0,1,1987,0,7,0,0,0,20,0,0,20,0
63793,1,1,1987,0,12,0,0,0,0,0,0,0,0
63794,0,1,1987,0,0,0,0,0,0,0,0,0,0
63794,1,1,1987,24,24,24,24,24,24,24,24,24,24
63795,0,1,1987,5,5,5,5,5,5,5,5,5,5
63795,1,1,1987,12,12,12,12,12,12,12,12,12,12
63796,1,1,1987,13,13,13,13,13,13,13,13,13,13
63798,1,1,1987,13,13,13,13,13,13,13,13,13,13
63799,0,1,1987,0,0,0,0,0,0,0,0,0,0
63799,1,1,1987,0,0,0,0,0,0,0,0,0,0
63800,1,1,1987,16,16,16,16,16,16,16,16,16,16
63801,1,1,1987,0,0,0,0,0,0,0,0,0,0
63801,2,1,1987,0,0,0,0,0,0,0,0,0,0
63801,3,1,1987,0,0,0,0,0,0,0,0,0,0
63802,1,1,1987,0,0,0,0,0,0,0,0,0,0
63802,2,1,1987,0,0,0,0,0,0,0,0,0,0
63803,0,1,1987,21,21,21,21,21,21,21,21,21,21
63803,1,1,1987,0,0,0,0,0,17,0,0,0,10
63804,1,1,1987,0,0,0,0,0,0,0,0,0,0
63805,1,1,1987,6,6,6,6,6,6,6,6,6,6
63806,1,1,1987,7,7,7,7,7,7,7,7,7,7
63806,2,1,1987,0,0,0,0,0,0,0,0,0,0
63807,0,1,1987,0,0,0,0,0,0,0,0,0,0
63807,0,2,1987,0,0,8,0,0,0,0,0,0,0
63807,1,1,1987,0,0,0,0,0,0,0,0,0,0
63808,1,1,1987,0,0,0,0,0,0,0,0,0,0
63808,2,1,1987,0,0,0,0,0,0,0,0,0,0
63809,1,1,1987,0,0,0,0,0,0,0,0,0,0
63809,2,1,1987,0,0,0,0,0,0,0,0,0,0
63810,1,1,1987,0,0,0,9,0,0,0,0,11,0
63810,2,1,1987,0,0,0,0,18,0,0,0,0,0
63811,1,1,1987,0,0,0,0,0,0,0,0,0,0
63812,0,1,1987,0,0,0,0,0,28,28,16,0,25
63812,1,1,1987,0,0,0,0,0,0,0,0,0,0
63813,1,1,1987,0,0,0,0,0,0,0,0,0,0
63814,1,1,1987,0,0,0,0,0,0,0,0,0,0
63815,1,1,1987,48,48,48,48,48,48,48,48,48,48
63816,0,1,1987,0,0,0,0,0,0,0,0,0,0
63816,1,1,1987,0,0,0,0,0,0,23,7,0,0
63817,1,1,1987,16,16,16,16,16,16,16,16,16,16
63817,2,1,1987,14,0,0,0,0,0,0,0,0,0
63818,1,1,1987,21,21,21,21,21,21,21,21,21,21
63818,2,1,1987,0,0,0,0,0,0,0,0,0,0
63818,3,1,1987,0,0,0,0,0,0,0,0,0,0
63819,1,1,1987,0,0,0,0,0,0,0,0,0,0
63819,2,1,1987,0,0,0,0,0,0,0,0,0,0
63820,0,1,1987,20,20,20,20,20,20,20,20,20,20
63820,1,1,1987,0,0,0,0,0,39,0,33,0,0
63821,1,1,1987,0,0,0,0,0,0,0,0,0,0
63822,1,1,1987,7,7,7,7,7,7,7,7,7,7
63823,1,1,1987,0,0,0,0,0,0,0,0,0,13
63824,1,1,1987,0,0,0,0,0,0,0,0,0,0
63825,1,1,1987,16,16,16,16,16,16,16,16,16,16
63825,2,1,1987,0,0,0,0,0,0,0,0,0,0
63826,1,1,1987,7,7,7,7,7,7,7,7,7,7
63827,1,1,1987,25,25,25,25,25,25,25,25,25,25
63827,2,1,1987,0,14,0,8,0,0,0,0,0,0
63828,1,1,1987,17,17,17,17,17,17,17,17,17,17
63829,1,1,1987,18,18,18,18,18,18,18,18,18,18
63830,1,1,1987,0,0,0,0,0,0,0,0,0,0
63830,2,1,1987,6,6,6,6,6,6,6,6,6,6
63831,0,1,1987,0,0,0,0,0,0,0,0,0,0
63831,1,1,1987,5,0,9,0,15,14,9,17,33,18
63832,1,1,1987,5,5,5,5,5,5,5,5,5,5
63832,2,1,1987,0,17,0,0,0,0,0,0,12,0
63833,0,1,1987,30,30,30,30,30,30,30,30,30,30
63833,1,1,1987,0,15,0,0,0,17,8,0,0,0
63834,1,1,1987,0,0,0,0,0,0,0,0,0,0
63834,2,1,1987,0,0,0,0,0,0,0,0,0,0
63835,1,1,1987,22,22,22,22,22,22,22,22,22,22
63836,1,1,1987,0,0,0,0,0,0,0,0,0,0
63836,2,1,1987,0,0,0,0,0,0,0,26,0,0
63837,1,1,1987,0,0,0,0,0,0,0,0,0,0
63837,2,1,1987,0,0,0,0,0,0,0,0,0,0
63837,3,1,1987,0,0,0,0,0,0,0,0,0,0
63837,4,1,1987,0,0,0,0,0,0,0,0,0,0
63838,1,1,1987,0,0,0,0,0,0,0,0,0,0
63839,0,1,1987,0,0,0,0,0,0,0,0,0,0
63839,1,1,1987,0,0,0,0,0,0,0,0,0,0
63840,1,1,1987,30,30,30,30,30,30,30,30,30,30
63840,2,1,1987,0,0,0,0,36,0,0,0,0,0
63841,1,1,1987,0,0,0,0,0,0,0,0,0,0
63841,2,1,1987,0,0,0,0,0,0,0,0,0,0
63842,1,1,1987,0,0,0,0,0,0,0,0,0,0
63842,2,1,1987,0,0,0,0,0,0,0,0,0,0
63842,3,1,1987,0,0,0,0,0,0,0,0,0,0
63843,0,1,1987,0,0,0,0,0,0,0,0,0,0
63843,1,1,1987,0,0,0,0,0,0,0,0,0,0
63844,1,1,1987,0,0,0,0,0,0,0,0,0,0
63845,1,1,1987,27,27,27,27,27,27,27,27,27,27
63846,1,1,1987,24,24,24,24,24,24,24,24,24,24
63847,0,1,1987,0,0,0,0,0,0,0,0,0,0
63847,1,1,1987,17,0,11,0,0,0,0,0,4,0
63848,0,1,1987,0,0,0,0,0,0,0,0,0,0
63848,1,1,1987,0,0,0,0,0,0,0,0,0,0
63848,2,1,1987,0,0,0,0,3,0,0,0,0,0
63849,1,1,1987,0,0,0,0,0,0,0,0,0,0
63849,2,1,1987,0,0,0,0,0,0,0,0,13,0
63850,1,1,1987,0,0,0,0,0,0,0,0,0,0
63850,2,1,1987,0,0,0,0,0,0,0,0,0,0
63850,3,1,1987,0,0,0,0,0,0,0,0,0,0
63851,1,1,1987,19,19,19,19,19,19,19,19,19,19
63851,2,1,1987,5,5,5,5,5,5,5,5,5,5
63852,0,1,1987,0,0,0,0,0,0,0,0,0,0
63852,1,1,1987,0,0,0,0,0,0,0,0,0,0
63853,1,1,1987,0,12,5,0,0,17,0,0,0,0
63853,2,1,1987,26,26,25,15,0,0,0,13,24,0
63854,1,1,1987,26,26,26,26,26,26,26,26,26,26
63855,1,1,1987,0,0,0,0,0,0,0,0,0,0
63855,2,1,1987,0,0,0,0,0,0,0,0,0,0
63856,1,1,1987,0,0,0,0,0,0,0,0,0,0
63857,1,1,1987,17,17,17,17,17,17,17,17,17,17
63858,1,1,1987,0,0,0,0,0,0,0,0,0,0
63858,2,1,1987,0,0,0,0,0,0,0,0,0,0
63859,1,1,1987,0,0,0,0,0,0,0,0,0,0
63860,1,1,1987,0,0,0,0,0,0,0,0,0,0
63861,1,1,1987,0,0,0,0,0,0,0,0,0,0
63861,2,1,1987,0,0,0,0,0,0,0,24,0,0
63862,1,1,1987,24,24,24,24,24,24,24,24,24,24
63863,1,1,1987,0,0,0,0,0,0,0,0,0,0
63863,2,1,1987,0,0,0,0,0,0,0,0,0,0
63864,1,1,1987,0,0,0,0,0,0,0,0,0,0
63864,2,1,1987,0,0,0,0,0,0,0,0,0,0
63865,1,1,1987,0,0,0,0,0,0,0,0,0,21
63865,2,1,1987,30,19,21,12,10,14,26,19,6,10
63866,1,1,1987,0,0,0,0,0,0,0,0,0,0
63866,2,1,1987,0,0,0,0,0,0,0,0,0,0
63867,0,1,1987,10,10,10,10,10,10,10,10,10,10
63867,1,1,1987,0,15,0,0,7,0,0,18,0,0
63868,1,1,1987,35,35,35,35,35,35,35,35,35,35
63869,1,1,1987,0,18,0,0,0,19,13,0,0,0
63869,2,1,1987,14,14,14,14,14,14,14,14,14,14
63870,1,1,1987,2,2,2,2,2,2,2,2,2,2
63871,1,1,1987,26,26,26,26,26,26,26,26,26,26
63872,0,1,1987,0,0,0,0,0,0,0,0,0,0
63872,1,1,1987,17,0,0,21,0,0,0,0,10,22
63873,1,1,1987,0,0,0,0,0,0,0,0,0,0
63874,1,1,1987,0,0,0,0,0,0,0,0,0,0
63874,2,1,1987,0,0,0,0,0,0,0,0,0,0
63875,1,1,1987,0,0,0,0,0,0,0,0,0,0
63876,1,1,1987,22,22,29,13,17,15,24,19,10,15
63876,2,1,1987,0,0,0,0,0,0,0,0,0,0
63877,0,1,1987,21,21,21,21,21,21,21,21,21,21
63877,1,1,1987,0,20,0,0,0,0,0,0,0,0
63878,1,1,1987,14,14,14,14,14,14,14,14,14,14
63879,1,1,1987,14,14,14,14,14,14,14,14,14,14
63879,2,1,1987,0,0,0,0,15,0,6,0,0,0
63879,3,1,1987,0,0,0,0,0,0,0,0,0,0
63880,1,1,1987,22,22,22,22,22,22,22,22,22,22
63880,2,1,1987,0,20,0,0,0,0,0,0,0,0
63881,0,1,1987,0,0,0,0,0,0,0,0,0,0
63881,1,1,1987,15,15,15,15,15,15,15,15,15,15
63881,2,1,1987,0,0,0,0,0,0,0,0,0,0
63882,0,1,1987,0,0,0,0,0,0,0,0,0,0
63882,1,1,1987,0,0,0,0,0,0,0,0,0,0
63883,1,1,1987,0,0,0,0,0,0,0,0,0,0
63883,2,1,1987,0,0,0,0,0,0,0,0,0,0
63883,3,1,1987,0,0,0,0,0,0,0,0,0,0
63884,1,1,1987,13,13,13,13,13,13,13,13,13,13
63884,2,1,1987,0,0,0,0,0,0,0,26,0,0
63885,1,1,1987,0,0,0,0,0,0,0,0,0,0
63885,2,1,1987,0,0,0,0,0,0,0,0,0,0
63885,3,1,1987,0,0,0,0,0,0,0,0,0,0
63886,1,1,1987,0,0,0,0,0,0,0,0,0,0
63886,2,1,1987,10,0,0,0,0,0,0,0,0,0
63887,1,1,1987,0,0,0,0,0,0,0,0,0,0
63888,0,1,1987,0,0,0,0,0,0,0,0,0,0
63888,1,1,1987,0,0,0,0,0,0,0,0,0,0
63889,1,1,1987,26,26,26,26,26,26,26,26,26,26
63890,1,1,1987,18,18,18,18,18,18,18,18,18,18
63890,2,1,1987,0,0,3,0,0,0,0,0,0,0
63891,1,1,1987,30,30,30,30,30,30,30,30,30,30
63892,1,1,1987,8,8,8,8,8,8,8,8,8,8
63893,1,1,1987,26,26,26,26,26,26,26,26,26,26
63893,2,1,1987,15,15,15,15,15,15,15,15,15,15
63893,3,1,1987,0,0,0,18,0,0,0,0,0,0
63894,1,1,1987,10,10,10,10,10,10,10,10,10,10
63895,0,1,1987,0,0,0,0,0,0,0,0,0,0
63895,1,1,1987,0,20,0,6,0,25,0,24,20,0
63896,1,1,1987,0,0,0,0,0,0,0,0,0,0
63897,1,1,1987,37,37,37,37,37,37,37,37,37,37
63898,0,1,1987,0,0,0,0,0,0,0,0,0,0
63898,0,2,1987,0,0,0,0,0,0,0,0,0,0
63898,1,1,1987,10,10,10,10,10,10,10,10,10,10
63899,1,1,1987,15,15,15,15,15,15,15,15,15,15
63900,1,1,1987,10,10,10,10,10,10,10,10,10,10
63901,1,1,1987,14,14,14,14,14,14,14,14,14,14
63901,2,1,1987,0,0,0,0,0,0,0,0,0,0
63901,3,1,1987,0,0,6,0,0,13,0,0,0,0
63901,4,1,1987,0,0,0,0,24,0,0,0,0,0
63902,1,1,1987,0,8,27,0,0,0,0,0,0,0
63902,2,1,1987,0,0,0,0,0,0,0,0,0,0
63903,1,1,1987,19,19,19,19,19,19,19,19,19,19
63903,2,1,1987,0,0,0,0,0,0,0,0,0,0
63904,0,1,1987,0,0,0,0,8,0,0,24,0,0
63904,0,2,1987,0,0,0,0,0,0,0,0,0,0
63904,2,1,1987,0,0,0,0,0,0,0,0,0,0
63905,1,1,1987,5,5,5,5,5,5,5,5,5,5
63905,2,1,1987,0,0,0,0,0,0,0,0,10,0
63906,1,1,1987,34,34,34,34,34,34,34,34,34,34
63906,2,1,1987,0,0,0,0,0,0,0,0,0,0
63907,1,1,1987,0,22,30,0,37,17,6,13,18,19
63907,2,1,1987,4,4,4,4,4,4,4,4,4,4
63908,1,1,1987,0,0,0,0,0,0,0,0,0,0
63908,2,1,1987,0,0,0,0,0,0,0,0,0,0
63909,0,1,1987,27,27,27,27,27,27,27,27,27,27
63909,1,1,1987,0,6,12,0,15,0,0,14,36,0
63910,1,1,1987,15,15,15,15,15,15,15,15,15,15
63911,0,1,1987,9,0,28,0,0,0,0,24,0,0
63911,1,1,1987,0,13,0,15,0,0,0,10,0,18
63912,1,1,1987,19,19,19,19,19,19,19,19,19,19
63912,2,1,1987,0,0,0,0,0,0,0,0,0,0
63913,0,1,1987,5,5,5,5,5,5,5,5,5,5
63913,1,1,1987,0,0,0,0,0,0,0,0,0,0
63914,1,1,1987,0,0,0,0,0,0,0,0,0,0
63915,1,1,1987,32,32,32,32,32,32,32,32,32,32
63916,0,1,1987,0,0,0,0,0,0,0,0,0,0
63916,1,1,1987,0,0,0,0,0,0,0,0,0,0
63917,1,1,1987,15,15,15,15,15,15,15,15,15,15
63918,1,1,1987,0,0,0,0,0,0,0,0,0,0
63918,2,1,1987,0,0,0,0,0,0,0,0,0,0
63919,1,1,1987,0,0,0,0,0,0,0,0,0,0
63919,2,1,1987,19,0,0,0,0,28,0,0,5,0
63920,1,1,1987,16,16,16,16,16,16,16,16,16,16
63920,2,1,1987,8,15,6,13,41,17,21,14,11,20
63921,1,1,1987,0,0,0,0,0,0,0,0,0,0
63921,2,1,1987,0,0,0,0,0,0,0,0,0,0
63922,1,1,1987,0,0,0,0,0,0,0,0,0,0
63923,1,1,1987,0,0,0,0,0,0,0,0,0,0
63923,2,1,1987,3,3,3,3,3,3,3,3,3,3
63924,0,1,1987,0,0,0,0,0,0,0,0,0,0
63924,1,1,1987,0,0,0,0,0,0,0,0,0,0
63925,1,1,1987,0,0,0,0,0,0,0,0,0,0
63925,2,1,1987,0,0,0,0,0,0,0,0,0,0
63926,1,1,1987,15,15,15,15,15,15,15,15,15,15
63927,1,1,1987,0,0,0,0,0,0,15,0,0,0
63927,2,1,1987,20,20,20,20,20,20,20,20,20,20
63928,1,1,1987,0,0,0,0,0,0,0,0,0,0
63928,2,1,1987,0,0,0,0,0,0,0,0,0,0
63929,1,1,1987,0,0,0,0,0,0,0,0,0,0
63929,2,1,1987,0,0,0,0,0,0,0,0,0,0
63930,1,1,1987,0,9,10,11,9,0,0,17,19,7
63931,1,1,1987,0,0,0,0,0,0,0,0,0,0
63932,0,1,1987,0,0,0,0,0,0,0,0,0,0
63932,1,1,1987,1,1,1,1,1,1,1,1,1,1
63932,2,1,1987,0,0,17,0,0,0,0,0,0,0
63933,1,1,1987,0,0,0,0,0,0,0,0,0,0
63933,2,1,1987,0,0,0,0,0,0,0,0,0,0
63934,0,1,1987,0,0,0,0,0,0,0,0,0,0
63934,1,1,1987,0,0,0,0,0,0,0,0,0,0
63935,1,1,1987,20,20,20,20,20,20,20,20,20,20
63936,0,1,1987,0,0,0,0,0,0,0,0,0,0
63936,0,2,1987,0,0,16,0,0,0,0,0,0,0
63936,2,1,1987,0,15,26,8,14,0,33,8,14,0
63937,1,1,1987,17,17,17,17,17,17,17,17,17,17
63938,0,1,1987,34,34,34,34,34,34,34,34,34,34
63938,1,1,1987,0,16,27,0,0,20,25,26,6,0
63939,1,1,1987,0,0,0,0,0,0,0,0,0,0
63939,2,1,1987,0,0,0,0,0,0,0,0,0,0
63940,0,1,1987,30,30,30,30,30,30,30,30,30,30
63940,1,1,1987,0,7,33,7,13,14,12,0,15,7
63941,1,1,1987,27,27,27,27,27,27,27,27,27,27
63942,1,1,1987,0,0,0,0,0,0,0,0,0,0
63942,2,1,1987,0,0,0,0,0,0,0,0,0,0
63943,1,1,1987,16,16,16,16,16,16,16,16,16,16
63943,2,1,1987,0,0,0,0,0,0,0,0,0,0
63944,0,1,1987,0,0,0,0,0,0,0,0,0,0
63944,1,1,1987,0,0,0,0,0,28,0,0,0,0
63945,1,1,1987,17,17,17,17,17,17,17,17,17,17
63945,2,1,1987,0,0,8,0,0,0,0,0,0,0
63946,0,1,1987,0,0,0,0,0,0,0,0,0,0
63946,1,1,1987,0,0,0,0,0,0,0,0,0,0
63947,1,1,1987,0,0,0,0,0,0,0,0,0,0
63948,1,1,1987,0,0,0,0,0,0,0,0,0,0
63948,2,1,1987,0,0,0,0,0,0,0,0,8,0
63948,3,1,1987,0,0,0,0,0,0,0,0,0,0
63949,1,1,1987,18,18,18,18,18,18,18,18,18,18
63949,2,1,1987,0,0,0,0,0,0,0,0,0,0
63950,1,1,1987,6,6,6,6,6,6,6,6,6,6
63950,2,1,1987,0,0,0,0,0,0,0,0,0,0
63951,1,1,1987,0,0,0,0,0,0,0,0,0,0
63952,1,1,1987,16,16,16,16,16,16,16,16,16,16
63953,1,1,1987,29,29,29,29,29,29,29,29,29,29
63954,1,1,1987,22,22,22,22,22,22,22,22,22,22