ST_CASE,VEH_NO,PER_NO,YEAR,P1,P2,P3,P4,P5,P6,P7,P8,P9,P10
63955,1,1,1987,17,17,17,17,17,17,17,17,17,17
63956,1,1,1987,0,0,0,0,0,0,0,0,0,0
63956,2,1,1987,0,0,0,0,0,0,0,0,0,0
63957,1,1,1987,0,0,0,0,0,0,0,0,0,0
63957,2,1,1987,0,0,0,0,0,0,0,0,0,0
63958,1,1,1987,0,0,0,0,0,0,0,0,0,0
63958,2,1,1987,0,0,0,0,0,0,0,0,0,0
63958,3,1,1987,0,0,0,0,0,0,0,0,0,0
63959,0,1,1987,0,0,0,0,0,0,0,0,0,0
63959,1,1,1987,0,0,0,0,0,0,15,0,0,8
63960,1,1,1987,0,0,0,0,0,0,0,0,0,0
63961,1,1,1987,19,19,19,19,19,19,19,19,19,19
63962,1,1,1987,12,12,12,12,12,12,12,12,12,12
63962,2,1,1987,0,0,0,0,0,0,0,0,0,0
63963,1,1,1987,8,8,8,8,8,8,8,8,8,8
63964,1,1,1987,24,24,24,24,24,24,24,24,24,24
63964,2,1,1987,0,0,0,0,0,0,0,0,0,0
63965,1,1,1987,0,0,0,0,0,0,0,0,0,0
63965,2,1,1987,0,0,0,0,0,0,0,0,0,0
63966,1,1,1987,0,0,0,0,0,0,0,0,16,0
63966,2,1,1987,4,0,0,9,10,0,14,8,40,12
63966,3,1,1987,0,0,0,0,0,0,0,0,0,0
63967,0,1,1987,0,0,0,0,0,0,0,0,0,0
63967,1,1,1987,0,0,0,14,0,0,0,0,0,0
63968,1,1,1987,18,18,18,18,18,18,18,18,18,18
63969,0,1,1987,0,0,0,0,0,0,0,0,0,0
63969,1,1,1987,0,0,0,0,0,0,0,0,0,0
63970,1,1,1987,0,0,0,0,0,0,0,0,0,0
63970,2,1,1987,1,1,1,1,1,1,1,1,1,1
63971,1,1,1987,17,17,17,17,17,17,17,17,17,17
63971,2,1,1987,0,0,0,0,0,0,0,0,0,0
63972,1,1,1987,0,0,0,0,0,0,0,0,0,0
63972,2,1,1987,30,30,30,30,30,30,30,30,30,30
63973,1,1,1987,24,24,24,24,24,24,24,24,24,24
63974,1,1,1987,0,0,0,0,0,0,0,0,0,0
63975,1,1,1987,0,0,0,0,0,0,0,0,0,0
63975,2,1,1987,0,28,0,0,0,0,0,0,28,0
63976,1,1,1987,0,0,0,0,0,0,0,0,0,0
63976,2,1,1987,0,0,0,8,0,0,0,0,0,0
63977,1,1,1987,17,17,17,17,17,17,17,17,17,17
63978,1,1,1987,0,0,0,0,0,0,0,0,0,0
63979,1,1,1987,29,29,29,29,29,29,29,29,29,29
63980,1,1,1987,0,0,0,0,0,0,0,17,0,0
63980,2,1,1987,0,0,0,0,0,0,0,0,0,0
63980,3,1,1987,0,0,0,0,0,0,0,0,0,0
63980,4,1,1987,0,0,0,0,0,0,0,0,0,0
63981,0,1,1987,15,15,15,15,15,15,15,15,15,15
63981,1,1,1987,0,0,0,11,0,0,0,0,0,0
63981,2,1,1987,0,0,0,0,0,0,0,16,0,6
63982,0,1,1987,27,27,27,27,27,27,27,27,27,27
63982,1,1,1987,0,31,19,0,0,15,0,0,27,16
63983,1,1,1987,23,23,23,23,23,23,23,23,23,23
63984,0,1,1987,14,14,14,14,14,14,14,14,14,14
63984,1,1,1987,11,26,0,0,6,18,7,17,20,5
63985,1,1,1987,30,30,30,30,30,30,30,30,30,30
63986,1,1,1987,4,4,4,4,4,4,4,4,4,4
63987,0,1,1987,0,0,0,0,0,0,0,0,0,0
63987,1,1,1987,0,0,0,0,0,0,0,0,0,0
63988,1,1,1987,0,0,0,0,0,0,0,0,0,0
63988,2,1,1987,0,0,0,0,0,0,0,0,0,0
63989,0,1,1987,0,0,0,0,0,0,0,0,0,0
63989,1,1,1987,0,0,0,0,0,0,0,0,0,0
63990,1,1,1987,27,27,27,27,27,27,27,27,27,27
63992,1,1,1987,16,16,16,16,16,16,16,16,16,16
63993,0,1,1987,5,5,5,5,5,5,5,5,5,5
63993,1,1,1987,0,0,0,0,0,0,0,10,0,0
63994,1,1,1987,2,2,2,2,2,2,2,2,2,2
63995,1,1,1987,18,18,18,18,18,18,18,18,18,18
63995,2,1,1987,3,3,3,3,3,3,3,3,3,3
63996,1,1,1987,17,17,17,17,17,17,17,17,17,17
63997,0,1,1987,0,0,0,0,0,0,0,0,0,0
63997,1,1,1987,7,7,7,7,7,7,7,7,7,7
63998,1,1,1987,19,19,19,19,19,19,19,19,19,19
63998,2,1,1987,18,18,18,18,18,18,18,18,18,18
63999,1,1,1987,0,20,6,0,0,0,0,0,9,0
63999,2,1,1987,0,0,0,0,0,0,0,0,0,0
64000,0,1,1987,13,13,13,13,13,13,13,13,13,13
64000,1,1,1987,0,0,0,0,0,0,0,0,0,0
64000,2,1,1987,0,0,12,24,0,7,0,0,0,0
64001,1,1,1987,13,13,13,13,13,13,13,13,13,13
64001,2,1,1987,0,0,0,0,0,0,0,0,0,0
64001,3,1,1987,0,0,0,0,0,0,0,0,0,0
64002,1,1,1987,0,0,0,0,0,0,0,0,0,0
64003,1,1,1987,0,0,0,0,0,0,0,0,0,0
64003,2,1,1987,0,0,0,0,0,0,0,0,0,0
64004,0,1,1987,0,0,0,0,0,0,0,0,0,0
64004,1,1,1987,16,0,22,24,5,11,17,11,0,0
64005,1,1,1987,0,0,0,0,0,0,0,0,0,0
64006,1,1,1987,5,5,5,5,5,5,5,5,5,5
64006,2,1,1987,16,0,0,0,0,0,0,0,0,0
64007,1,1,1987,0,0,0,0,0,15,0,0,0,0
64007,2,1,1987,0,0,0,0,0,0,0,0,0,0
64008,1,1,1987,3,3,3,3,3,3,3,3,3,3
64009,1,1,1987,15,15,15,15,15,15,15,15,15,15
64010,0,1,1987,0,0,0,0,0,0,6,0,0,0
64010,1,1,1987,0,0,0,0,0,0,0,0,0,0
64011,1,1,1987,21,21,21,21,21,21,21,21,21,21
64012,1,1,1987,18,0,0,0,19,0,0,0,25,0
64012,2,1,1987,0,0,16,0,0,0,0,0,0,6
64013,1,1,1987,0,0,7,0,0,0,0,0,0,0
64013,2,1,1987,0,0,0,0,0,0,0,0,0,0
64014,0,1,1987,20,20,20,20,20,20,20,20,20,20
64014,1,1,1987,0,0,0,0,0,0,0,0,0,0
64015,0,1,1987,0,0,0,0,0,0,0,0,0,0
64015,1,1,1987,0,0,0,0,0,13,0,0,0,0
64016,1,1,1987,0,0,0,0,0,0,0,0,0,0
64017,1,1,1987,0,0,0,0,0,0,0,0,0,0
64018,1,1,1987,0,0,0,0,0,0,0,0,0,0
64018,2,1,1987,0,11,0,0,5,0,0,0,10,0
64019,1,1,1987,0,0,0,0,0,0,0,0,0,0
64020,1,1,1987,0,0,0,0,0,0,0,0,0,0
64021,0,1,1987,0,0,0,0,0,0,0,0,0,0
64021,1,1,1987,0,0,0,0,0,0,0,0,0,0
64022,1,1,1987,0,0,0,0,0,0,0,0,0,0
64022,2,1,1987,0,0,0,0,0,0,0,0,0,0
64023,0,1,1987,15,15,15,15,15,15,15,15,15,15
64023,1,1,1987,22,22,22,22,22,22,22,22,22,22
64024,1,1,1987,11,11,11,11,11,11,11,11,11,11
64024,2,1,1987,0,0,0,0,0,0,0,0,0,0
64025,1,1,1987,0,0,27,0,0,0,26,0,0,13
64025,2,1,1987,0,0,0,0,0,0,0,0,0,0
64026,0,1,1987,0,0,0,0,0,0,0,0,0,0
64026,1,1,1987,0,0,0,0,0,0,0,0,0,0
64027,1,1,1987,9,9,9,9,9,9,9,9,9,9
64028,0,1,1987,11,11,11,11,11,11,11,11,11,11
64028,1,1,1987,21,16,7,13,14,3,4,14,10,27
64028,2,1,1987,12,0,0,0,0,0,0,0,12,0
64029,1,1,1987,27,27,27,27,27,27,27,27,27,27
64029,2,1,1987,0,0,0,0,0,0,0,0,0,0
64030,1,1,1987,16,16,16,16,16,16,16,16,16,16
64030,2,1,1987,9,9,9,9,9,9,9,9,9,9
64031,0,1,1987,11,11,11,11,11,11,11,11,11,11
64031,1,1,1987,3,3,3,3,3,3,3,3,3,3
64032,1,1,1987,6,6,6,6,6,6,6,6,6,6
64032,2,1,1987,0,0,0,0,0,0,0,0,8,0
64032,3,1,1987,0,12,10,0,18,14,8,11,21,8
64033,1,1,1987,0,0,0,0,0,0,0,0,0,0
64033,2,1,1987,0,0,0,0,0,0,0,0,0,0
64034,1,1,1987,0,0,0,0,0,0,0,0,0,0
64034,2,1,1987,0,0,0,0,0,0,0,0,0,0
64035,1,1,1987,16,16,16,16,16,16,16,16,16,16
64036,1,1,1987,0,0,0,0,0,0,0,0,0,0
64037,1,1,1987,0,0,0,0,0,0,0,0,0,0
64037,2,1,1987,0,0,0,0,0,0,0,0,0,0
64038,1,1,1987,18,18,18,18,18,18,18,18,18,18
64038,2,1,1987,0,26,23,0,0,0,0,24,0,27
64039,1,1,1987,16,16,16,16,16,16,16,16,16,16
64039,2,1,1987,2,2,2,2,2,2,2,2,2,2
64040,1,1,1987,29,29,29,29,29,29,29,29,29,29
64041,0,1,1987,0,0,0,0,0,0,0,0,0,0
64041,1,1,1987,0,0,0,0,8,0,0,0,0,7
64042,0,1,1987,29,21,36,7,31,20,26,33,17,13
64042,1,1,1987,0,0,0,0,0,8,0,0,0,0
64043,1,1,1987,20,20,20,20,20,20,20,20,20,20
64043,2,1,1987,12,0,0,0,0,4,0,0,0,0
64044,0,1,1987,0,0,0,0,0,0,0,0,0,0
64044,1,1,1987,0,15,0,0,0,0,17,0,0,0
64045,1,1,1987,23,23,23,23,23,23,23,23,23,23
64046,1,1,1987,9,9,9,9,9,9,9,9,9,9
64046,2,1,1987,0,0,0,0,0,0,0,0,0,0
64047,1,1,1987,7,7,7,7,7,7,7,7,7,7
64048,1,1,1987,0,0,0,0,0,0,0,0,0,0
64049,0,1,1987,28,28,28,28,28,28,28,28,28,28
64049,1,1,1987,0,0,0,0,0,0,0,0,0,0
64051,1,1,1987,9,9,9,9,9,9,9,9,9,9
64052,1,1,1987,0,0,0,0,0,0,0,0,0,0
64052,2,1,1987,5,5,5,5,5,5,5,5,5,5
64053,1,1,1987,0,0,0,0,0,0,0,0,0,0
64054,1,1,1987,23,0,13,14,0,0,2,10,12,7
64055,1,1,1987,0,0,0,0,0,0,0,0,0,0
64055,2,1,1987,0,0,0,0,0,0,0,0,0,0
64056,1,1,1987,0,0,0,0,0,0,0,0,0,0
64057,1,1,1987,0,0,0,0,0,0,0,0,0,0
64057,2,1,1987,0,0,0,0,0,0,0,0,0,0
64057,3,1,1987,0,0,0,0,0,0,0,0,0,0
64057,4,1,1987,0,25,0,0,0,0,0,0,0,0
64057,5,1,1987,0,0,0,0,0,0,0,0,0,0
64058,0,1,1987,4,4,4,4,4,4,4,4,4,4
64058,1,1,1987,0,0,0,0,0,0,0,18,0,0
64059,1,1,1987,22,22,22,22,22,22,22,22,22,22
64060,1,1,1987,0,0,0,0,0,0,0,0,0,0
64060,2,1,1987,0,0,0,0,0,0,0,0,0,0
64060,3,1,1987,0,0,0,0,0,0,0,0,0,0
64061,1,1,1987,14,14,14,14,14,14,14,14,14,14
64062,1,1,1987,0,0,0,0,0,0,0,0,0,0
64062,2,1,1987,0,0,0,0,0,0,0,0,0,0
64062,3,1,1987,0,0,0,0,0,0,0,0,0,0
64063,0,1,1987,0,0,0,0,0,0,0,0,0,0
64063,1,1,1987,0,0,0,0,0,0,0,0,0,0
64064,0,1,1987,7,7,7,7,7,7,7,7,7,7
64064,1,1,1987,0,0,0,0,0,0,0,0,0,0
64065,1,1,1987,0,0,0,0,0,0,0,0,0,0
64065,2,1,1987,23,23,23,23,23,23,23,23,23,23
64066,1,1,1987,0,0,0,0,0,0,0,0,0,0
64066,2,1,1987,0,0,0,0,0,0,0,0,0,0
64067,1,1,1987,0,0,0,0,0,0,0,0,0,0
64067,2,1,1987,0,0,0,0,0,0,0,0,0,0
64067,3,1,1987,0,0,0,0,0,0,0,0,0,0
64068,0,1,1987,0,0,0,0,0,0,0,0,0,0
64068,1,1,1987,0,0,0,0,0,0,0,0,0,0
64069,1,1,1987,18,18,18,18,18,18,18,18,18,18
64069,2,1,1987,0,0,11,0,0,0,0,0,0,0
64069,3,1,1987,0,0,0,11,0,0,0,0,0,4
64070,1,1,1987,0,0,0,0,0,0,0,0,0,0
64071,1,1,1987,0,0,0,0,0,0,0,0,0,0
64071,2,1,1987,0,0,0,0,0,0,0,0,0,0
64072,1,1,1987,0,0,0,0,0,0,0,0,0,0
64073,0,1,1987,0,0,0,0,0,0,31,0,0,0
64073,0,2,1987,0,0,0,0,0,0,0,0,0,0
64073,1,1,1987,0,0,0,0,0,0,0,0,0,0
64074,1,1,1987,18,18,18,18,18,18,18,18,18,18
64074,2,1,1987,0,0,0,0,0,0,0,0,0,0
64075,1,1,1987,14,14,14,14,14,14,14,14,14,14
64076,1,1,1987,0,0,0,0,0,0,0,0,0,0
64076,2,1,1987,0,0,0,0,0,0,6,0,0,0
64076,3,1,1987,0,0,21,0,0,0,0,26,0,0
64076,4,1,1987,0,0,0,0,0,0,0,0,0,0
64077,0,1,1987,35,35,35,35,35,35,35,35,35,35
64077,1,1,1987,0,0,0,0,0,0,0,0,0,0
64078,1,1,1987,24,24,24,24,24,24,24,24,24,24
64078,2,1,1987,0,0,0,0,0,0,0,0,0,0
64079,1,1,1987,10,10,10,10,10,10,10,10,10,10
64080,1,1,1987,17,17,17,17,17,17,17,17,17,17
64080,2,1,1987,0,0,0,0,14,0,0,0,0,0
64080,3,1,1987,0,0,0,0,0,0,0,0,0,0
64080,4,1,1987,0,12,0,0,0,0,0,0,0,0
64081,1,1,1987,0,0,0,0,0,0,0,0,0,0
64082,1,1,1987,0,0,0,0,0,0,0,0,0,0
64082,2,1,1987,0,0,0,0,0,0,0,0,0,0
64083,1,1,1987,0,0,0,0,0,0,0,0,0,0
64083,2,1,1987,0,0,0,0,0,0,0,0,0,0
64084,1,1,1987,0,0,0,0,0,0,0,0,0,0
64084,2,1,1987,0,0,0,0,0,0,0,0,0,0
64085,1,1,1987,17,17,17,17,17,17,17,17,17,17
64085,2,1,1987,0,0,0,0,0,0,0,0,0,0
64085,3,1,1987,16,10,23,6,11,11,6,14,9,7
64085,4,1,1987,0,0,0,0,0,0,0,0,0,0
64086,1,1,1987,4,4,4,4,4,4,4,4,4,4
64086,2,1,1987,0,0,0,9,0,0,0,0,0,0
64087,1,1,1987,22,22,22,22,22,22,22,22,22,22
64088,1,1,1987,20,20,20,20,20,20,20,20,20,20
64089,0,1,1987,0,0,0,0,0,0,0,0,0,0
64089,1,1,1987,14,14,14,14,14,14,14,14,14,14
64089,2,1,1987,0,0,0,0,0,0,0,0,0,0
64089,3,1,1987,0,0,0,0,0,0,0,0,0,0
64090,1,1,1987,23,23,23,23,23,23,23,23,23,23
64090,2,1,1987,3,0,0,27,0,0,0,0,0,0
64090,3,1,1987,0,0,0,0,0,0,0,0,0,0
64090,4,1,1987,0,0,0,0,0,0,0,0,0,0
64091,1,1,1987,1,1,1,1,1,1,1,1,1,1
64091,2,1,1987,0,0,0,0,0,0,0,0,0,0
64092,0,1,1987,2,2,2,2,2,2,2,2,2,2
64092,1,1,1987,27,28,0,18,29,35,9,0,30,0
64093,1,1,1987,16,16,16,16,16,16,16,16,16,16
64094,1,1,1987,2,2,2,2,2,2,2,2,2,2
64094,2,1,1987,0,0,0,0,0,0,0,0,0,0
64095,1,1,1987,0,0,0,0,0,0,0,9,0,0
64095,2,1,1987,0,0,0,0,0,0,0,0,0,0
64096,1,1,1987,18,18,18,18,18,18,18,18,18,18
64097,1,1,1987,23,23,23,23,23,23,23,23,23,23
64097,2,1,1987,0,0,0,0,0,0,0,0,0,0
64098,1,1,1987,12,12,12,12,12,12,12,12,12,12
64098,2,1,1987,15,0,0,0,0,0,0,0,0,0
64099,0,1,1987,4,4,4,4,4,4,4,4,4,4
64099,1,1,1987,12,0,30,0,15,0,0,0,0,21
64100,1,1,1987,0,0,0,0,0,0,0,0,0,0
64100,2,1,1987,0,0,0,0,0,0,0,0,0,0
64101,1,1,1987,19,19,19,19,19,19,19,19,19,19
64102,0,1,1987,0,0,0,0,0,0,0,0,0,0
64102,1,1,1987,0,0,0,0,0,0,0,0,0,0
64103,0,1,1987,0,0,0,0,0,0,0,0,0,0
64103,1,1,1987,0,0,0,0,0,0,0,0,0,0
64104,1,1,1987,0,0,0,0,0,0,0,0,0,0
64104,2,1,1987,0,0,0,0,0,0,0,0,0,0
64105,1,1,1987,0,0,0,0,0,0,0,0,0,0
64106,1,1,1987,4,4,4,4,4,4,4,4,4,4
64107,1,1,1987,0,9,0,14,0,0,0,0,2,18
64108,1,1,1987,0,0,0,0,0,0,0,0,0,0
64109,1,1,1987,0,0,0,0,0,0,0,0,0,0
64109,2,1,1987,0,0,0,0,0,0,0,0,0,0
64110,1,1,1987,0,0,0,0,0,0,18,0,0,0
64110,2,1,1987,0,0,0,0,0,0,0,0,0,0
64111,1,1,1987,14,0,0,0,0,0,0,0,0,0
64111,2,1,1987,0,0,0,0,0,0,0,0,0,0
64112,1,1,1987,7,7,7,7,7,7,7,7,7,7
64113,1,1,1987,0,0,0,0,0,0,0,0,0,0
64114,1,1,1987,0,0,0,0,0,0,0,0,0,13
64114,2,1,1987,0,0,0,0,0,0,0,0,0,0
64115,0,1,1987,0,0,0,0,0,0,0,14,0,0
64115,1,1,1987,0,0,12,0,0,0,0,0,0,0
64116,1,1,1987,0,0,0,0,0,0,0,0,0,0
64117,1,1,1987,0,0,0,0,0,0,0,0,0,0
64118,1,1,1987,31,31,31,31,31,31,31,31,31,31
64119,0,1,1987,31,31,31,31,31,31,31,31,31,31
64119,1,1,1987,0,12,0,0,0,13,40,0,13,0
64120,1,1,1987,9,9,9,9,9,9,9,9,9,9
64121,1,1,1987,0,0,0,0,0,0,0,0,0,0
64121,2,1,1987,0,0,0,0,0,0,0,0,0,0
64122,1,1,1987,2,2,2,2,2,2,2,2,2,2
64123,1,1,1987,23,23,23,23,23,23,23,23,23,23
64124,1,1,1987,0,0,0,0,0,0,0,0,0,0
64124,2,1,1987,0,0,0,0,0,0,0,0,0,0
64125,1,1,1987,0,0,0,0,0,0,0,0,0,0
64126,1,1,1987,0,0,0,0,0,0,0,0,0,0
64126,2,1,1987,0,0,0,0,0,0,0,0,0,0
64126,3,1,1987,0,0,0,0,0,0,0,0,0,0
64127,1,1,1987,16,16,16,16,16,16,16,16,16,16
64128,1,1,1987,0,0,0,0,0,0,0,0,0,0
64128,2,1,1987,0,0,0,0,0,0,0,0,0,0
64129,0,1,1987,29,29,29,29,29,29,29,29,29,29
64129,1,1,1987,0,0,0,0,0,0,0,0,0,0
64130,1,1,1987,7,0,8,10,0,0,0,9,0,0
64131,1,1,1987,25,25,25,25,25,25,25,25,25,25
64132,1,1,1987,0,0,0,0,0,0,0,0,0,0
64133,1,1,1987,23,23,23,23,23,23,23,23,23,23
64133,2,1,1987,0,0,0,0,0,0,0,0,0,0
64134,1,1,1987,0,12,0,0,0,0,0,0,0,0
64135,1,1,1987,0,0,0,0,0,0,0,0,0,0
64135,2,1,1987,0,0,0,0,0,0,0,0,0,0
64136,1,1,1987,14,14,14,14,14,14,14,14,14,14
64137,1,1,1987,0,0,0,0,9,13,0,16,0,0
64138,1,1,1987,26,26,26,26,26,26,26,26,26,26
64139,0,1,1987,26,26,26,26,26,26,26,26,26,26
64139,1,1,1987,0,15,0,0,0,0,26,31,7,0
64140,1,1,1987,0,0,0,0,0,0,0,0,0,0
64141,1,1,1987,0,0,0,0,0,0,0,0,0,0
64142,1,1,1987,18,18,18,18,18,18,18,18,18,18
64143,0,1,1987,0,0,0,0,0,0,0,0,0,0
64143,1,1,1987,0,0,0,0,0,0,0,0,0,0
64144,1,1,1987,18,18,18,18,18,18,18,18,18,18
64145,1,1,1987,0,0,0,0,0,0,0,0,0,0
64146,1,1,1987,18,18,18,18,18,18,18,18,18,18
64147,1,1,1987,0,0,0,0,0,0,12,8,0,0
64148,1,1,1987,2,2,2,2,2,2,2,2,2,2
64149,1,1,1987,0,0,0,0,0,0,0,0,0,0
64150,1,1,1987,0,0,0,0,0,0,0,0,0,0
64151,0,1,1987,24,24,24,24,24,24,24,24,24,24
64151,1,1,1987,0,0,0,0,0,0,0,0,0,0
64152,1,1,1987,23,23,23,23,23,23,23,23,23,23
64153,1,1,1987,0,0,0,0,0,0,0,0,0,0
64154,1,1,1987,0,0,0,0,0,0,0,0,0,0
64155,0,1,1987,0,0,0,0,0,0,0,0,0,0
64155,0,2,1987,0,0,0,0,0,0,0,0,0,0
64155,0,3,1987,0,0,0,0,0,0,0,0,0,0
64155,0,4,1987,0,0,0,0,0,0,0,0,0,0
64155,1,1,1987,17,17,17,17,17,17,17,17,17,17
64156,1,1,1987,0,0,0,0,0,0,0,0,0,0
64157,1,1,1987,19,6,8,17,0,17,0,29,7,0
64158,1,1,1987,0,0,0,0,0,0,0,0,0,0
64159,1,1,1987,19,19,19,19,19,19,19,19,19,19
64159,2,1,1987,0,0,0,0,0,0,20,0,11,0
64160,1,1,1987,30,21,0,7,11,0,0,0,14,33
64160,2,1,1987,7,7,7,7,7,7,7,7,7,7
64161,1,1,1987,0,0,0,0,0,0,0,0,0,0
64161,2,1,1987,0,0,19,0,0,0,0,39,19,26
64162,1,1,1987,7,7,7,7,7,7,7,7,7,7
64163,1,1,1987,22,22,22,22,22,22,22,22,22,22
64164,1,1,1987,21,21,21,21,21,21,21,21,21,21
64165,1,1,1987,0,5,0,0,0,1,0,0,0,21
64165,2,1,1987,0,0,0,0,0,0,0,0,0,0
64166,1,1,1987,0,0,0,0,0,0,0,0,0,0
64167,1,1,1987,27,27,27,27,27,27,27,27,27,27
64167,2,1,1987,0,0,0,0,0,0,0,0,0,0
64168,1,1,1987,24,24,24,24,24,24,24,24,24,24
64168,2,1,1987,19,19,19,19,19,19,19,19,19,19
64169,1,1,1987,0,0,0,0,0,0,0,0,0,0
64169,2,1,1987,0,0,0,0,0,0,0,17,4,0
64170,1,1,1987,22,22,22,22,22,22,22,22,22,22
64171,1,1,1987,17,17,17,17,17,17,17,17,17,17
64171,2,1,1987,17,17,17,17,17,17,17,17,17,17
64171,3,1,1987,0,0,0,0,0,0,0,0,18,9
64172,1,1,1987,21,21,21,21,21,21,21,21,21,21
64172,2,1,1987,0,0,0,0,0,0,0,0,0,0
64172,3,1,1987,0,0,0,0,0,0,0,0,0,0
64173,2,1,1987,0,11,9,11,0,0,15,0,0,0
64174,1,1,1987,0,0,0,0,0,0,0,0,0,0
64174,2,1,1987,0,0,0,0,0,0,0,0,0,0
64175,1,1,1987,0,0,0,0,0,0,0,0,0,0
64175,2,1,1987,0,0,6,0,0,0,0,0,0,0
64176,1,1,1987,0,0,19,0,0,0,0,0,0,0
64177,1,1,1987,14,14,14,14,14,14,14,14,14,14
64177,2,1,1987,0,0,0,0,0,0,0,0,0,0
64177,3,1,1987,4,8,4,16,5,5,13,12,12,15
64178,1,1,1987,25,9,0,14,0,0,0,18,0,20
64178,2,1,1987,0,0,0,0,17,0,0,0,0,0
64178,3,1,1987,0,0,0,0,0,0,0,0,0,0
64179,1,1,1987,0,0,0,0,0,0,11,0,0,0
64179,2,1,1987,0,0,0,0,0,0,0,0,0,0
64180,0,1,1987,0,0,0,0,0,0,0,0,0,0
64180,1,1,1987,17,17,17,17,17,17,17,17,17,17
64181,1,1,1987,29,29,29,29,29,29,29,29,29,29
64182,1,1,1987,0,0,0,0,0,0,0,0,0,0
64183,1,1,1987,0,0,0,0,0,0,7,0,12,0
64183,2,1,1987,0,0,0,0,0,0,0,0,0,0
64184,1,1,1987,0,0,0,0,0,0,0,0,0,0
64185,1,1,1987,0,0,0,11,6,0,0,0,0,10
64185,2,1,1987,0,0,0,0,0,0,0,0,0,0
64186,0,1,1987,0,0,0,0,0,0,0,0,0,0
64186,1,1,1987,0,0,0,0,0,0,0,0,0,0
64187,1,1,1987,0,0,0,0,0,0,10,0,0,0
64187,2,1,1987,0,0,0,0,0,0,0,0,0,0
64188,0,1,1987,0,0,0,0,0,0,0,0,0,0
64188,1,1,1987,0,0,6,0,0,0,0,0,0,0
64189,1,1,1987,0,0,0,0,10,0,0,0,0,0
64189,2,1,1987,0,0,0,0,0,0,0,0,0,0
64190,1,1,1987,7,7,7,7,7,7,7,7,7,7
64190,2,1,1987,12,12,12,12,12,12,12,12,12,12
64191,1,1,1987,2,2,2,2,2,2,2,2,2,2
64191,2,1,1987,0,0,0,0,0,13,0,0,0,0
64192,0,1,1987,0,0,0,21,0,0,0,0,0,0
64192,1,1,1987,0,0,0,0,0,0,0,0,2,0
64193,1,1,1987,0,0,2,0,0,0,0,25,0,0
64194,1,1,1987,9,9,9,9,9,9,9,9,9,9
64194,2,1,1987,0,0,0,0,0,0,0,0,4,0
64194,3,1,1987,0,0,0,0,0,0,0,0,0,0
64195,0,1,1987,0,0,0,0,0,0,0,0,0,0
64195,1,1,1987,0,0,0,0,0,0,0,0,0,0
64196,1,1,1987,21,21,21,21,21,21,21,21,21,21
64197,0,1,1987,0,0,0,0,0,0,0,0,0,0
64197,1,1,1987,0,0,0,0,0,0,0,0,0,0
64198,1,1,1987,40,40,40,40,40,40,40,40,40,40
64198,2,1,1987,0,0,0,0,0,0,0,0,0,0
64199,1,1,1987,0,0,0,0,0,0,0,0,0,0
64200,1,1,1987,12,12,12,12,12,12,12,12,12,12
64201,1,1,1987,0,0,0,0,0,0,0,0,0,0
64201,2,1,1987,0,0,0,0,0,0,0,0,0,0
64202,1,1,1987,0,0,0,0,0,0,0,0,0,0
64203,0,1,1987,0,0,0,0,0,0,0,0,0,0
64203,1,1,1987,0,0,0,0,0,0,0,0,0,0
64204,0,1,1987,0,0,0,0,0,0,0,0,0,0
64204,1,1,1987,0,0,0,0,0,0,0,0,0,0
64205,1,1,1987,2,2,2,2,2,2,2,2,2,2
64206,1,1,1987,10,0,0,0,0,0,0,0,0,0
64207,0,1,1987,0,0,0,0,0,0,0,0,0,0
64207,1,1,1987,0,0,0,0,0,0,0,2,0,0
64208,0,1,1987,0,0,0,0,0,0,0,0,0,0
64208,1,1,1987,0,0,0,0,0,0,0,0,0,0
64209,0,1,1987,19,19,19,19,19,19,19,19,19,19
64209,1,1,1987,0,10,0,0,8,0,0,0,2,0
64210,1,1,1987,6,0,0,0,0,0,0,0,0,0
64210,2,1,1987,15,15,15,15,15,15,15,15,15,15
64211,1,1,1987,0,0,0,0,0,0,0,0,0,0
64212,1,1,1987,0,14,0,0,0,0,0,0,0,0
64212,2,1,1987,0,0,0,0,0,0,0,0,0,0
64213,1,1,1987,0,0,0,0,0,0,0,0,0,0
64214,1,1,1987,0,11,0,0,20,0,0,0,18,0
64214,2,1,1987,5,5,5,5,5,5,5,5,5,5
64214,3,1,1987,0,0,0,0,0,0,9,0,0,0
64214,4,1,1987,0,0,0,0,18,0,0,0,0,0
64215,1,1,1987,2,2,2,2,2,2,2,2,2,2
64215,2,1,1987,0,0,0,0,0,0,0,0,0,0
64216,0,1,1987,0,0,0,23,0,0,0,0,0,16