ST_CASE,VEH_NO,PER_NO,YEAR,P1,P2,P3,P4,P5,P6,P7,P8,P9,P10
64457,1,1,1987,0,0,0,0,0,0,0,0,0,0
64457,2,1,1987,0,0,0,0,0,0,0,0,0,0
64457,3,1,1987,9,9,9,9,9,9,9,9,9,9
64458,0,1,1987,20,20,20,20,20,20,20,20,20,20
64458,1,1,1987,18,18,18,18,18,18,18,18,18,18
64459,0,1,1987,6,6,6,6,6,6,6,6,6,6
64459,1,1,1987,0,0,0,0,0,0,0,0,0,0
64460,1,1,1987,22,22,22,22,22,22,22,22,22,22
64460,2,1,1987,0,0,0,0,0,0,0,0,0,0
64461,1,1,1987,13,13,13,13,13,13,13,13,13,13
64461,2,1,1987,0,0,0,0,0,0,0,0,0,0
64462,1,1,1987,0,0,0,0,0,0,0,0,0,0
64462,2,1,1987,0,0,0,0,0,0,0,0,0,0
64463,1,1,1987,0,0,0,0,0,0,0,0,0,0
64463,2,1,1987,0,0,0,0,0,0,0,0,0,0
64464,0,1,1987,0,0,0,0,0,0,0,0,0,0
64464,1,1,1987,0,0,0,0,0,0,0,0,0,0
64465,1,1,1987,7,7,7,7,7,7,7,7,7,7
64465,2,1,1987,0,0,0,0,0,0,0,0,0,0
64466,0,1,1987,0,0,0,0,0,0,0,0,0,0
64466,0,2,1987,0,0,0,0,0,0,0,0,0,0
64466,1,1,1987,0,0,0,0,0,0,0,0,0,0
64467,1,1,1987,0,0,0,0,0,0,0,0,0,0
64467,2,1,1987,0,0,0,0,0,0,0,8,0,0
64468,1,1,1987,25,25,25,25,25,25,25,25,25,25
64469,1,1,1987,0,0,0,0,0,0,0,0,0,0
64470,1,1,1987,0,0,0,17,0,0,0,0,0,0
64470,2,1,1987,0,0,0,0,0,0,0,0,0,0
64470,3,1,1987,20,0,0,0,0,0,0,12,0,0
64471,1,1,1987,0,0,0,0,0,0,0,0,0,0
64471,2,1,1987,0,0,0,0,0,0,0,0,0,0
64472,1,1,1987,0,0,0,0,0,0,0,0,0,0
64472,2,1,1987,0,0,0,0,0,10,0,0,0,0
64473,1,1,1987,0,0,9,0,0,0,16,0,0,0
64474,1,1,1987,0,0,0,0,0,0,0,0,0,0
64474,2,1,1987,0,0,0,0,0,0,0,0,0,0
64474,3,1,1987,0,0,0,0,0,0,0,0,0,0
64474,4,1,1987,0,0,0,0,0,0,0,0,0,0
64475,1,1,1987,0,0,0,0,0,0,0,0,0,0
64476,1,1,1987,18,10,0,0,0,0,0,0,0,0
64477,1,1,1987,0,0,0,0,0,0,0,0,0,0
64477,2,1,1987,0,0,0,0,0,0,0,0,0,0
64478,1,1,1987,0,0,0,0,0,0,0,0,0,0
64478,2,1,1987,0,0,0,0,0,0,0,0,0,0
64478,3,1,1987,0,0,0,0,12,0,0,0,0,0
64479,0,1,1987,0,0,0,0,0,0,0,0,0,0
64479,1,1,1987,25,13,0,0,12,0,0,0,0,0
64480,1,1,1987,21,21,21,21,21,21,21,21,21,21
64480,2,1,1987,0,0,0,0,0,0,0,0,0,0
64481,1,1,1987,10,10,10,10,10,10,10,10,10,10
64482,0,1,1987,0,15,0,0,2,0,6,0,0,0
64482,0,2,1987,0,0,0,6,5,0,0,0,0,0
64482,1,1,1987,0,0,0,0,0,0,0,0,0,0
64483,1,1,1987,0,0,0,0,0,0,0,0,0,0
64483,2,1,1987,0,0,0,0,0,0,0,0,0,0
64484,1,1,1987,0,0,0,0,0,0,0,0,0,0
64485,1,1,1987,0,0,0,0,0,0,0,0,0,0
64486,1,1,1987,0,0,0,0,0,0,0,0,0,0
64486,2,1,1987,0,0,0,0,0,0,0,0,0,16
64487,0,1,1987,0,0,0,0,0,0,0,0,0,0
64487,1,1,1987,0,0,0,0,0,7,0,0,0,0
64487,2,1,1987,0,0,0,0,0,12,0,0,0,0
64487,3,1,1987,0,0,0,13,0,0,0,0,0,0
64488,1,1,1987,6,6,6,6,6,6,6,6,6,6
64489,1,1,1987,7,7,7,7,7,7,7,7,7,7
64490,0,1,1987,27,27,27,27,27,27,27,27,27,27
64490,1,1,1987,0,0,0,0,0,0,0,0,0,0
64491,1,1,1987,5,5,5,5,5,5,5,5,5,5
64492,1,1,1987,10,10,10,10,10,10,10,10,10,10
64493,1,1,1987,30,30,30,30,30,30,30,30,30,30
64493,2,1,1987,0,0,0,0,0,0,0,0,0,0
64494,1,1,1987,23,23,23,23,23,23,23,23,23,23
64494,2,1,1987,0,0,0,0,0,0,0,0,0,8
64495,1,1,1987,15,15,15,15,15,15,15,15,15,15
64495,2,1,1987,0,6,0,0,0,0,0,0,7,0
64496,1,1,1987,15,15,15,15,15,15,15,15,15,15
64496,2,1,1987,0,0,0,0,0,0,0,0,0,0
64497,0,1,1987,0,0,0,0,0,0,0,0,0,0
64497,1,1,1987,0,0,0,0,0,0,0,0,0,0
64498,1,1,1987,0,0,0,0,0,0,0,0,0,0
64498,2,1,1987,0,0,0,0,0,0,0,0,0,0
64499,1,1,1987,21,0,13,10,7,10,7,21,10,6
64500,1,1,1987,22,22,22,22,22,22,22,22,22,22
64501,1,1,1987,25,25,25,25,25,25,25,25,25,25
64501,2,1,1987,0,0,0,0,0,0,0,0,0,0
64502,0,1,1987,49,22,23,8,6,38,16,25,13,34
64502,1,1,1987,0,0,0,15,17,0,20,0,0,10
64502,2,1,1987,0,0,0,0,0,0,0,0,0,0
64503,1,1,1987,0,0,0,0,0,0,0,0,0,0
64503,2,1,1987,0,0,0,0,0,0,0,0,0,0
64504,0,1,1987,32,32,32,32,32,32,32,32,32,32
64504,1,1,1987,15,15,15,15,15,15,15,15,15,15
64505,1,1,1987,0,0,0,0,0,0,0,0,0,0
64505,2,1,1987,0,0,0,0,0,0,0,0,0,0
64505,3,1,1987,0,0,0,0,8,0,0,0,0,0
64505,4,1,1987,0,0,0,0,0,0,0,0,0,0
64506,0,1,1987,0,0,0,0,0,0,0,0,0,0
64506,1,1,1987,22,22,22,22,22,22,22,22,22,22
64507,1,1,1987,12,12,12,12,12,12,12,12,12,12
64507,2,1,1987,0,0,0,0,0,0,0,0,0,0
64508,0,1,1987,0,0,0,0,0,0,0,0,0,0
64508,1,1,1987,0,16,0,0,0,0,0,8,21,21
64509,1,1,1987,0,0,0,0,0,0,0,0,0,0
64509,2,1,1987,20,3,22,4,19,8,11,14,11,8
64509,3,1,1987,0,0,0,0,6,0,0,0,0,18
64510,1,1,1987,0,0,0,0,0,0,0,0,0,0
64510,2,1,1987,0,0,0,0,0,0,0,0,0,0
64511,1,1,1987,0,0,0,0,0,0,0,0,0,0
64511,2,1,1987,0,0,0,0,0,0,0,0,0,0
64512,0,1,1987,0,0,0,0,0,0,0,0,0,0
64512,1,1,1987,0,0,0,0,0,0,6,0,0,0
64513,0,1,1987,0,0,0,0,0,0,0,0,0,0
64513,1,1,1987,0,0,0,0,0,0,0,0,0,0
64514,0,1,1987,0,0,0,0,0,0,0,0,0,0
64514,1,1,1987,45,24,0,7,11,0,6,0,0,16
64515,0,1,1987,0,0,0,0,0,0,0,0,0,0
64515,1,1,1987,0,0,0,0,0,0,0,0,0,0
64516,0,1,1987,10,10,10,10,10,10,10,10,10,10
64516,1,1,1987,0,0,0,0,0,0,0,0,0,0
64517,1,1,1987,0,0,0,0,0,0,0,0,0,0
64518,1,1,1987,16,16,16,16,16,16,16,16,16,16
64518,2,1,1987,0,0,0,0,0,0,0,0,0,0
64519,1,1,1987,0,0,0,0,0,0,0,0,0,0
64519,2,1,1987,13,0,0,0,0,0,0,0,0,0
64519,3,1,1987,0,10,0,0,0,0,10,0,0,8
64520,1,1,1987,0,0,0,0,0,0,0,0,0,0
64520,2,1,1987,0,0,0,0,0,0,0,0,0,0
64521,1,1,1987,0,0,0,0,0,0,0,0,0,0
64521,2,1,1987,0,0,0,17,0,0,0,31,0,0
64522,0,1,1987,27,27,27,27,27,27,27,27,27,27
64522,1,1,1987,9,12,22,4,9,14,8,0,13,7
64523,1,1,1987,0,0,0,0,0,0,0,0,0,0
64523,2,1,1987,2,2,2,2,2,2,2,2,2,2
64524,1,1,1987,0,0,0,0,0,0,0,0,0,0
64525,1,1,1987,12,20,0,0,0,0,0,12,31,0
64526,1,1,1987,0,0,0,0,0,0,0,0,0,0
64527,0,1,1987,13,0,15,8,0,25,14,17,18,24
64527,1,1,1987,0,0,17,15,24,22,0,14,0,5
64528,1,1,1987,0,0,0,0,0,0,0,0,0,0
64529,1,1,1987,18,18,18,18,18,18,18,18,18,18
64529,2,1,1987,0,0,13,0,0,0,0,0,0,0
64530,1,1,1987,0,0,0,0,0,0,0,0,0,0
64531,0,1,1987,0,0,0,0,0,0,0,0,0,0
64531,1,1,1987,0,0,8,0,0,0,0,0,0,0
64532,1,1,1987,21,21,21,21,21,21,21,21,21,21
64533,1,1,1987,6,6,6,6,6,6,6,6,6,6
64534,1,1,1987,0,0,0,0,0,0,0,0,0,0
64534,2,1,1987,0,0,0,0,0,0,0,0,0,0
64535,1,1,1987,25,25,25,25,25,25,25,25,25,25
64536,1,1,1987,8,8,8,8,8,8,8,8,8,8
64536,2,1,1987,0,0,0,0,0,0,0,0,0,0
64537,1,1,1987,0,0,0,0,0,0,0,0,0,0
64538,1,1,1987,27,27,27,27,27,27,27,27,27,27
64539,1,1,1987,0,0,0,0,0,0,0,0,0,0
64539,2,1,1987,0,0,0,0,0,0,0,0,0,0
64540,0,1,1987,27,27,27,27,27,27,27,27,27,27
64540,1,1,1987,0,0,0,0,0,0,0,0,0,0
64541,1,1,1987,0,0,0,0,0,0,0,0,0,0
64541,2,1,1987,0,0,0,0,0,0,0,0,0,0
64542,0,1,1987,0,0,0,0,0,0,0,0,0,0
64542,1,1,1987,0,0,0,0,0,0,0,0,0,0
64543,1,1,1987,0,0,0,0,0,0,0,0,0,0
64544,1,1,1987,19,19,19,19,19,19,19,19,19,19
64545,1,1,1987,0,0,0,0,0,0,0,0,0,0
64545,2,1,1987,0,0,0,0,6,0,0,11,0,0
64546,1,1,1987,0,0,0,0,12,0,0,0,0,0
64546,2,1,1987,0,0,0,0,0,0,0,0,0,0
64546,3,1,1987,0,0,13,0,0,0,0,0,0,0
64547,1,1,1987,21,21,21,21,21,21,21,21,21,21
64548,1,1,1987,0,0,0,0,0,0,0,0,0,0
64548,2,1,1987,0,0,0,0,0,0,0,0,0,0
64549,1,1,1987,0,0,0,0,0,0,0,0,0,0
64550,1,1,1987,0,0,0,0,0,0,0,0,0,0
64551,1,1,1987,0,0,0,0,0,0,0,0,0,0
64551,2,1,1987,0,0,0,0,0,0,0,0,0,0
64552,1,1,1987,0,0,0,0,0,0,0,0,0,0
64553,1,1,1987,10,10,10,10,10,10,10,10,10,10
64554,1,1,1987,0,14,0,0,0,0,0,0,0,0
64555,1,1,1987,0,0,0,0,0,0,0,0,0,0
64555,2,1,1987,0,0,0,0,0,0,0,0,0,0
64555,3,1,1987,16,16,16,16,16,16,16,16,16,16
64556,0,1,1987,0,0,0,0,0,0,0,0,0,0
64556,1,1,1987,0,0,0,0,0,0,0,0,0,0
64557,1,1,1987,0,0,0,0,0,0,0,0,0,0
64557,2,1,1987,0,0,0,0,0,0,0,0,0,0
64558,1,1,1987,0,0,0,0,0,0,0,0,0,0
64558,2,1,1987,0,0,0,0,0,0,0,0,0,0
64559,1,1,1987,0,0,0,0,0,0,0,0,0,0
64559,2,1,1987,3,19,8,13,8,10,14,0,21,21
64560,0,1,1987,0,0,22,0,0,0,0,7,0,0
64560,1,1,1987,5,0,0,0,9,0,0,0,0,0
64561,1,1,1987,0,0,0,0,0,0,0,0,0,0
64562,1,1,1987,0,0,0,0,0,0,0,0,0,0
64562,2,1,1987,0,0,0,0,0,0,0,0,0,0
64563,0,1,1987,0,0,0,0,0,0,0,0,0,0
64563,1,1,1987,0,0,0,0,0,0,0,0,0,0
64564,1,1,1987,19,19,19,19,19,19,19,19,19,19
64564,2,1,1987,0,0,0,0,0,0,0,0,0,0
64565,1,1,1987,0,0,0,0,0,0,0,0,0,0
64565,2,1,1987,0,0,0,0,0,0,0,0,0,0
64566,1,1,1987,0,0,0,0,0,0,0,0,0,0
64566,2,1,1987,0,0,0,0,0,0,0,0,0,0
64567,0,1,1987,0,0,0,0,0,0,0,0,0,0
64567,1,1,1987,19,19,19,19,19,19,19,19,19,19
64568,1,1,1987,0,0,0,0,0,0,0,0,0,0
64568,2,1,1987,0,0,0,0,0,0,0,0,0,0
64568,3,1,1987,0,0,0,0,0,0,0,0,0,0
64569,1,1,1987,0,0,0,0,0,0,0,0,0,0
64570,1,1,1987,22,22,22,22,22,22,22,22,22,22
64571,1,1,1987,11,11,11,11,11,11,11,11,11,11
64571,2,1,1987,0,0,0,0,0,0,0,0,0,0
64572,1,1,1987,0,0,0,0,0,0,0,0,0,0
64572,2,1,1987,0,21,0,0,5,4,0,0,0,0
64573,1,1,1987,31,31,31,31,31,31,31,31,31,31
64574,1,1,1987,8,8,8,8,8,8,8,8,8,8
64574,2,1,1987,15,3,24,21,8,9,0,17,12,26
64575,1,1,1987,0,0,0,0,0,0,0,0,0,0
64576,1,1,1987,0,0,0,0,0,0,0,0,0,0
64576,2,1,1987,0,0,0,0,0,0,0,0,0,0
64576,3,1,1987,0,0,0,0,0,0,0,0,0,0
64577,1,1,1987,0,0,0,0,0,0,0,0,0,0
64578,1,1,1987,3,3,3,3,3,3,3,3,3,3
64578,2,1,1987,0,0,0,0,0,0,0,0,0,0
64579,1,1,1987,0,0,0,15,0,0,0,0,0,0
64579,3,1,1987,0,0,0,0,0,0,0,0,0,0
64580,1,1,1987,0,0,0,0,0,0,0,0,0,0
64580,2,1,1987,18,0,0,0,0,0,0,0,0,0
64581,1,1,1987,0,0,0,0,0,0,0,0,0,0
64582,1,1,1987,24,24,24,24,24,24,24,24,24,24
64582,2,1,1987,10,10,10,10,10,10,10,10,10,10
64582,3,1,1987,0,0,0,5,0,0,0,0,0,26
64583,1,1,1987,0,0,0,0,0,0,0,0,0,0
64584,1,1,1987,0,0,0,0,0,0,0,0,0,0
64584,2,1,1987,0,0,0,0,0,0,0,0,0,0
64585,0,1,1987,21,21,21,21,21,21,21,21,21,21
64585,1,1,1987,0,0,0,0,0,6,4,0,0,0
64586,1,1,1987,17,17,17,17,17,17,17,17,17,17
64587,0,1,1987,0,0,0,0,0,0,0,0,0,0
64587,1,1,1987,0,0,0,0,0,0,0,0,0,0
64588,1,1,1987,0,0,0,0,0,0,0,0,0,0
64588,2,1,1987,0,0,0,0,0,0,0,0,0,0
64589,1,1,1987,0,10,15,0,0,22,0,0,0,0
64590,1,1,1987,0,0,0,0,0,0,0,0,0,0
64590,2,1,1987,9,7,13,0,15,0,0,10,9,0
64591,1,1,1987,22,22,22,22,22,22,22,22,22,22
64591,2,1,1987,7,7,7,7,7,7,7,7,7,7
64592,1,1,1987,0,0,0,0,0,0,0,0,0,0
64592,2,1,1987,0,0,0,0,0,0,0,0,0,0
64593,1,1,1987,2,2,2,2,2,2,2,2,2,2
64594,1,1,1987,5,5,5,5,5,5,5,5,5,5
64594,2,1,1987,0,0,0,0,0,0,0,0,0,0
64595,0,1,1987,2,2,2,2,2,2,2,2,2,2
64595,1,1,1987,0,0,11,0,0,0,0,0,0,0
64596,1,1,1987,16,16,16,16,16,16,16,16,16,16
64597,1,1,1987,18,18,18,18,18,18,18,18,18,18
64598,1,1,1987,9,9,9,9,9,9,9,9,9,9
64598,2,1,1987,0,0,0,0,0,0,0,0,0,0
64599,1,1,1987,0,0,0,0,0,0,0,0,0,0
64599,2,1,1987,0,0,0,0,0,0,0,0,0,0
64600,1,1,1987,0,0,23,0,0,0,0,0,7,0
64600,2,1,1987,7,7,7,7,7,7,7,7,7,7
64601,1,1,1987,34,0,0,41,21,0,0,8,12,11
64601,2,1,1987,0,0,0,0,0,0,0,0,0,0
64602,0,1,1987,18,18,18,18,18,18,18,18,18,18
64602,1,1,1987,0,0,0,0,6,10,8,0,19,0
64603,1,1,1987,6,6,6,6,6,6,6,6,6,6
64603,2,1,1987,0,8,4,0,0,0,18,12,0,8
64604,0,1,1987,0,0,0,0,0,0,0,0,0,0
64604,1,1,1987,0,0,0,0,11,0,0,0,0,0
64605,0,1,1987,0,0,0,0,0,0,0,0,0,0
64605,1,1,1987,0,0,0,0,0,0,0,0,0,0
64606,1,1,1987,0,0,0,0,0,0,0,0,0,0
64606,2,1,1987,0,0,0,0,0,0,24,0,0,0
64607,1,1,1987,0,0,0,0,0,0,0,0,0,0
64607,2,1,1987,0,0,0,0,0,0,0,0,0,0
64608,1,1,1987,23,23,23,23,23,23,23,23,23,23
64609,1,1,1987,0,0,0,0,0,0,0,0,0,0
64610,0,1,1987,0,0,0,0,0,0,0,0,0,0
64610,1,1,1987,0,0,0,0,0,0,0,0,0,0
64611,0,1,1987,22,22,22,22,22,22,22,22,22,22
64611,1,1,1987,0,0,0,0,0,0,0,0,0,0
64612,0,1,1987,0,0,0,0,0,0,0,0,0,0
64612,1,1,1987,0,13,0,14,0,0,12,0,16,0
64612,2,1,1987,0,0,0,5,0,16,0,0,0,7
64613,1,1,1987,0,0,0,0,0,0,0,0,0,0
64613,2,1,1987,0,0,0,0,0,0,0,0,0,0
64613,3,1,1987,0,0,0,0,0,0,0,0,0,0
64614,0,1,1987,0,0,0,0,0,0,0,0,0,0
64614,1,1,1987,0,0,0,0,0,0,5,0,0,0
64615,0,1,1987,0,0,0,0,0,0,0,0,0,0
64615,1,1,1987,0,0,0,0,0,0,0,0,0,0
64616,1,1,1987,0,0,0,0,0,0,0,0,0,0
64617,1,1,1987,0,0,0,0,0,0,0,0,0,0
64617,2,1,1987,0,0,0,0,0,0,0,0,0,0
64618,0,1,1987,22,22,22,22,22,22,22,22,22,22
64618,1,1,1987,0,0,0,0,0,0,0,0,0,0
64619,1,1,1987,18,18,18,18,18,18,18,18,18,18
64620,1,1,1987,0,0,0,0,0,0,0,0,0,0
64620,2,1,1987,0,0,0,0,0,0,0,0,0,0
64620,3,1,1987,0,0,0,0,0,0,0,0,0,0
64621,0,1,1987,0,0,0,0,0,0,0,0,0,0
64621,1,1,1987,0,0,0,0,0,7,0,10,0,28
64622,1,1,1987,0,23,14,27,0,0,0,27,0,18
64623,1,1,1987,9,9,9,9,9,9,9,9,9,9
64624,1,1,1987,27,27,27,27,27,27,27,27,27,27
64625,1,1,1987,0,0,0,0,0,0,0,0,0,0
64626,0,1,1987,3,3,3,3,3,3,3,3,3,3
64626,1,1,1987,17,13,0,0,0,0,0,0,5,25
64627,0,1,1987,17,0,24,31,21,17,0,20,27,15
64627,1,1,1987,0,0,0,0,0,0,0,0,0,0
64628,0,1,1987,0,0,14,0,11,0,0,0,0,0
64628,1,1,1987,12,15,12,24,13,0,17,14,22,0
64629,1,1,1987,13,13,13,13,13,13,13,13,13,13
64629,2,1,1987,0,0,0,0,0,0,0,0,0,0
64630,1,1,1987,3,3,3,3,3,3,3,3,3,3
64631,1,1,1987,0,0,0,0,0,0,0,0,0,0
64631,2,1,1987,0,0,0,0,0,0,0,0,0,0
64632,1,1,1987,0,0,6,11,0,0,30,0,0,0
64633,1,1,1987,0,0,0,0,0,0,0,0,0,0
64633,2,1,1987,17,0,0,0,0,0,0,0,0,0
64634,0,1,1987,21,21,21,21,21,21,21,21,21,21
64634,1,1,1987,0,0,0,0,0,0,0,0,0,0
64634,2,1,1987,0,0,0,14,0,0,0,0,0,0
64635,1,1,1987,4,4,4,4,4,4,4,4,4,4
64636,1,1,1987,0,0,0,0,0,0,0,0,0,0
64637,1,1,1987,17,17,17,17,17,17,17,17,17,17
64637,2,1,1987,0,0,0,0,0,0,0,0,0,0
64638,0,1,1987,0,0,0,0,0,0,0,0,0,0
64638,1,1,1987,0,0,0,0,7,0,0,0,0,0
64639,1,1,1987,25,25,25,25,25,25,25,25,25,25
64640,0,1,1987,0,0,0,0,0,0,0,0,0,0
64640,1,1,1987,11,0,0,9,0,0,0,9,0,10
64641,0,1,1987,0,0,0,0,0,0,0,0,0,0
64641,1,1,1987,0,0,0,0,0,0,0,0,0,0
64642,1,1,1987,0,0,0,7,0,0,0,0,0,0
64642,2,1,1987,0,0,0,0,0,0,0,0,0,0
64643,0,1,1987,25,20,11,0,0,0,30,0,35,35
64643,1,1,1987,0,0,0,0,0,0,8,0,0,0
64644,1,1,1987,18,18,18,18,18,18,18,18,18,18
64645,1,1,1987,0,0,0,0,0,0,0,0,0,0
64645,2,1,1987,0,0,0,0,0,0,0,0,0,0
64645,3,1,1987,0,0,0,0,9,0,0,0,0,0
64645,4,1,1987,0,0,0,0,0,0,0,0,0,0
64645,5,1,1987,0,0,0,0,0,0,0,0,0,0
64646,0,1,1987,21,21,21,21,21,21,21,21,21,21
64646,1,1,1987,0,0,0,0,0,0,0,0,0,0
64647,1,1,1987,11,11,11,11,11,11,11,11,11,11
64648,1,1,1987,0,0,0,0,0,0,0,0,0,0
64648,2,1,1987,0,0,0,0,0,0,0,0,0,0
64649,1,1,1987,0,0,0,0,0,0,0,0,0,0
64649,2,1,1987,0,0,0,0,0,0,0,0,0,0
64650,1,1,1987,3,3,3,3,3,3,3,3,3,3
64651,1,1,1987,0,0,0,0,19,0,0,0,0,0
64651,2,1,1987,13,13,13,13,13,13,13,13,13,13
64652,1,1,1987,5,5,5,5,5,5,5,5,5,5
64653,0,1,1987,0,0,0,0,0,0,0,0,0,0
64653,1,1,1987,0,0,0,0,0,0,0,0,0,0
64654,1,1,1987,0,0,0,0,0,0,0,0,0,0
64655,1,1,1987,17,17,17,17,17,17,17,17,17,17
64656,0,1,1987,0,0,0,0,0,0,0,0,0,0
64656,1,1,1987,0,0,0,0,0,0,0,5,0,0
64657,0,1,1987,0,0,0,0,0,0,0,0,0,0
64657,0,2,1987,18,0,0,13,13,6,0,0,0,0
64657,1,1,1987,0,0,0,0,0,11,0,0,0,0
64658,0,1,1987,30,30,30,30,30,30,30,30,30,30
64658,1,1,1987,26,26,26,26,26,26,26,26,26,26
64659,0,1,1987,0,0,0,0,0,0,0,0,0,0
64659,1,1,1987,0,21,0,32,8,16,0,0,13,18
64660,0,1,1987,27,27,27,27,27,27,27,27,27,27
64660,1,1,1987,0,0,0,0,0,0,0,0,0,0
64661,1,1,1987,0,0,0,0,0,0,0,0,0,0
64661,2,1,1987,10,10,10,10,10,10,10,10,10,10
64662,1,1,1987,21,21,21,21,21,21,21,21,21,21
64663,1,1,1987,0,0,0,0,0,0,0,0,0,0
64664,0,1,1987,0,0,0,0,0,0,0,0,0,0
64664,1,1,1987,0,0,0,0,0,0,0,0,0,0
64665,1,1,1987,0,0,0,0,0,0,0,0,0,0
64665,2,1,1987,0,0,0,0,0,0,0,0,0,0
64666,0,1,1987,0,0,0,0,0,0,0,0,0,0
64666,1,1,1987,0,0,0,0,0,0,0,0,0,0
64667,1,1,1987,0,0,0,0,0,0,0,0,0,0
64668,1,1,1987,0,0,0,0,0,0,0,0,0,0
64668,2,1,1987,0,0,0,0,0,0,0,0,0,0
64668,3,1,1987,0,0,0,0,0,0,0,0,0,0
64669,0,1,1987,0,0,0,0,0,0,0,0,0,0
64669,1,1,1987,0,0,0,0,0,0,0,0,0,0
64670,1,1,1987,0,0,0,14,19,0,0,0,21,0
64671,1,1,1987,0,0,0,0,0,0,0,0,0,0
64671,2,1,1987,0,0,0,0,0,0,0,0,0,0
64672,1,1,1987,0,0,0,0,0,0,0,0,0,0
64672,2,1,1987,0,0,0,0,0,0,0,0,0,0
64673,1,1,1987,2,2,2,2,2,2,2,2,2,2
64674,1,1,1987,0,0,0,0,0,0,0,0,0,0
64674,2,1,1987,0,0,0,0,0,0,0,0,0,0
64675,1,1,1987,8,8,8,8,8,8,8,8,8,8
64676,1,1,1987,0,0,0,0,0,0,0,0,0,0
64676,2,1,1987,0,0,0,0,0,0,0,0,0,0
64677,1,1,1987,0,0,0,0,0,0,0,0,0,0
64677,2,1,1987,0,0,0,0,0,0,0,0,0,0
64678,1,1,1987,0,0,0,0,0,0,0,0,0,0
64679,1,1,1987,0,0,0,0,0,0,0,0,0,0
64680,1,1,1987,0,0,0,0,0,0,0,0,0,0
64680,2,1,1987,0,0,0,0,0,0,0,0,0,0
64681,0,1,1987,0,0,0,0,0,0,0,0,0,0
64681,1,1,1987,0,0,0,0,0,0,0,0,0,0
64682,1,1,1987,34,34,34,34,34,34,34,34,34,34
64683,1,1,1987,8,8,8,8,8,8,8,8,8,8
64684,0,1,1987,25,25,25,25,25,25,25,25,25,25
64684,1,1,1987,0,0,0,0,0,0,0,0,0,8
64685,1,1,1987,9,9,9,9,9,9,9,9,9,9
64685,2,1,1987,0,0,15,0,0,0,0,0,0,0
64686,1,1,1987,0,0,0,0,0,0,0,0,0,0
64687,1,1,1987,0,0,0,0,0,0,0,0,0,0
64687,2,1,1987,0,0,0,0,0,0,0,0,0,0
64688,1,1,1987,32,32,32,32,32,32,32,32,32,32
64689,1,1,1987,0,0,0,0,0,0,0,0,0,0
64689,2,1,1987,0,0,0,0,0,0,0,0,0,0
64690,1,1,1987,20,20,20,20,20,20,20,20,20,20
64691,1,1,1987,6,6,6,6,6,6,6,6,6,6
64692,1,1,1987,0,0,0,0,0,0,0,0,0,0
64692,2,1,1987,0,0,0,0,0,0,0,0,0,0
64693,1,1,1987,0,0,0,0,0,0,0,0,0,0
64693,2,1,1987,0,0,0,0,0,0,0,0,0,0
64694,0,1,1987,20,20,20,20,20,20,20,20,20,20
64694,1,1,1987,0,0,0,0,0,0,0,0,0,0
64695,1,1,1987,15,15,15,15,15,15,15,15,15,15
64695,2,1,1987,0,0,0,0,0,0,0,10,0,0
64696,0,1,1987,0,0,0,0,0,0,0,0,0,0
64696,1,1,1987,0,0,0,0,0,0,0,0,0,0
64697,1,1,1987,0,0,0,0,0,0,0,0,0,0
64697,2,1,1987,0,0,0,0,18,18,0,0,0,20
64697,3,1,1987,0,0,0,0,0,0,0,0,0,0
64698,1,1,1987,0,16,30,19,12,24,22,26,0,12
64699,0,1,1987,26,26,26,26,26,26,26,26,26,26
64699,1,1,1987,12,12,9,21,12,16,11,5,17,0
64700,0,1,1987,9,9,9,9,9,9,9,9,9,9
64700,1,1,1987,0,0,0,0,0,0,0,18,0,0
64701,0,1,1987,0,0,0,0,0,0,0,0,0,0
64701,1,1,1987,5,0,0,21,7,0,0,0,0,16
64701,2,1,1987,0,0,8,11,14,0,0,0,0,19
64702,0,1,1987,19,19,19,19,19,19,19,19,19,19
64702,1,1,1987,0,0,0,0,0,0,0,0,0,0
64703,1,1,1987,16,16,16,16,16,16,16,16,16,16
64703,2,1,1987,0,0,0,0,0,0,0,0,0,0
64704,1,1,1987,1,1,1,1,1,1,1,1,1,1
64704,2,1,1987,0,0,0,0,0,0,0,0,0,0
64705,1,2,1987,0,0,0,0,0,0,0,0,0,0
64706,0,1,1987,0,0,0,0,0,0,0,0,0,0
64706,1,1,1987,0,0,0,0,0,0,0,0,0,0
64707,0,1,1987,0,17,0,12,5,7,14,0,13,0
64707,1,1,1987,13,11,17,0,0,0,17,10,21,16
64708,0,1,1987,21,21,21,21,21,21,21,21,21,21
64708,1,1,1987,13,13,13,13,13,13,13,13,13,13
64709,1,1,1987,26,26,26,26,26,26,26,26,26,26
64709,2,1,1987,0,0,0,0,0,0,0,0,0,0
64710,1,1,1987,28,28,28,28,28,28,28,28,28,28