ST_CASE,VEH_NO,PER_NO,YEAR,P1,P2,P3,P4,P5,P6,P7,P8,P9,P10
64710,2,1,1987,0,0,0,0,0,0,0,0,0,0
64710,3,1,1987,0,0,0,0,0,0,0,9,0,0
64711,0,1,1987,0,0,0,11,0,0,0,0,0,0
64711,1,1,1987,10,0,11,0,0,0,0,0,0,0
64712,1,1,1987,17,17,17,17,17,17,17,17,17,17
64713,1,1,1987,7,7,7,7,7,7,7,7,7,7
64713,2,1,1987,18,18,18,18,18,18,18,18,18,18
64715,1,1,1987,17,17,17,17,17,17,17,17,17,17
64716,0,1,1987,0,0,0,0,0,0,0,0,0,0
64716,1,1,1987,0,0,0,0,0,0,0,0,0,0
64717,0,1,1987,0,0,0,0,0,0,0,0,0,0
64717,1,1,1987,0,0,0,0,0,0,0,0,0,0
64718,1,1,1987,0,24,0,0,14,0,16,6,0,19
64719,1,1,1987,0,0,0,0,0,0,0,0,0,0
64720,1,1,1987,0,0,0,0,0,0,0,0,0,0
64721,0,1,1987,31,31,31,31,31,31,31,31,31,31
64721,1,1,1987,0,0,0,0,22,25,0,0,0,0
64722,1,1,1987,0,0,0,0,0,0,0,0,0,0
64722,2,1,1987,0,0,0,0,0,0,0,0,0,0
64723,0,1,1987,0,0,0,0,0,24,0,0,0,0
64723,1,1,1987,0,0,0,0,0,0,0,0,0,0
64724,1,1,1987,0,0,0,0,0,0,0,0,0,0
64725,1,1,1987,0,0,0,0,0,0,0,0,0,0
64725,2,1,1987,0,0,5,0,0,0,0,0,0,0
64725,3,1,1987,0,0,0,0,0,0,0,0,0,0
64726,1,1,1987,13,13,13,13,13,13,13,13,13,13
64726,2,1,1987,0,0,0,0,0,0,0,0,0,0
64726,3,1,1987,0,0,0,0,0,19,0,0,0,0
64727,1,1,1987,0,0,0,0,0,0,0,0,0,0
64727,2,1,1987,0,0,0,0,0,0,0,0,0,0
64728,1,1,1987,0,0,0,0,0,0,0,0,0,0
64729,1,1,1987,2,0,0,0,0,0,0,0,0,0
64729,2,1,1987,0,0,0,0,0,0,0,0,0,0
64730,1,1,1987,0,0,0,0,0,0,0,0,0,0
64730,2,1,1987,0,0,0,0,0,0,0,0,0,0
64731,1,1,1987,30,30,30,30,30,30,30,30,30,30
64731,2,1,1987,0,0,0,0,0,0,0,0,0,0
64732,1,1,1987,0,11,8,0,9,0,0,0,0,0
64732,2,1,1987,0,0,0,0,0,0,0,0,0,0
64733,1,1,1987,13,13,13,13,13,13,13,13,13,13
64734,1,1,1987,13,13,13,13,13,13,13,13,13,13
64735,0,1,1987,0,0,0,0,0,0,0,0,0,0
64735,1,1,1987,0,0,0,0,0,0,0,0,0,0
64736,1,1,1987,0,0,0,0,0,0,0,0,0,0
64737,1,1,1987,0,0,0,0,0,0,0,0,0,0
64737,2,1,1987,0,0,0,0,0,0,0,0,0,0
64737,3,1,1987,0,0,0,0,0,0,0,0,0,0
64738,1,1,1987,0,0,0,0,0,0,0,0,0,0
64738,2,1,1987,0,0,0,0,0,0,0,0,0,0
64739,1,1,1987,15,15,15,15,15,15,15,15,15,15
64740,1,1,1987,0,0,0,0,0,0,0,0,0,0
64741,1,1,1987,20,20,20,20,20,20,20,20,20,20
64741,2,1,1987,0,0,0,0,0,0,0,0,0,0
64742,1,1,1987,21,21,21,21,21,21,21,21,21,21
64742,2,1,1987,0,0,0,0,0,0,0,0,0,0
64743,1,1,1987,23,12,24,19,16,20,8,2,17,39
64743,2,1,1987,4,4,4,4,4,4,4,4,4,4
64744,1,1,1987,13,13,13,13,13,13,13,13,13,13
64745,1,1,1987,11,11,11,11,11,11,11,11,11,11
64746,1,1,1987,22,22,22,22,22,22,22,22,22,22
64746,2,1,1987,0,0,0,0,0,0,0,0,0,0
64747,1,1,1987,23,23,23,23,23,23,23,23,23,23
64748,0,1,1987,0,0,0,0,0,0,0,0,0,0
64748,1,1,1987,0,0,0,0,0,0,0,0,0,0
64749,1,1,1987,0,0,0,0,0,0,0,0,0,0
64749,2,1,1987,0,0,0,0,0,0,0,0,0,0
64750,0,1,1987,30,30,30,30,30,30,30,30,30,30
64750,1,1,1987,0,12,34,38,8,17,0,16,13,0
64751,1,1,1987,0,0,0,0,0,0,0,0,0,0
64752,1,1,1987,0,0,0,0,0,0,0,0,0,0
64752,2,1,1987,0,0,0,0,0,0,0,0,0,0
64753,1,1,1987,24,24,24,24,24,24,24,24,24,24
64753,2,1,1987,0,0,0,0,0,0,0,0,0,0
64754,1,1,1987,15,0,0,24,14,33,21,13,12,18
64755,0,1,1987,0,0,0,0,0,0,0,0,0,0
64755,1,1,1987,0,0,0,0,0,0,0,0,0,0
64756,1,1,1987,34,34,34,34,34,34,34,34,34,34
64757,1,1,1987,0,0,11,0,0,0,0,0,0,0
64758,1,1,1987,0,0,0,0,0,0,0,0,0,0
64759,1,1,1987,23,23,23,23,23,23,23,23,23,23
64759,2,1,1987,8,8,8,8,8,8,8,8,8,8
64760,1,1,1987,0,0,0,0,0,0,0,0,0,0
64760,2,1,1987,0,0,0,0,0,0,0,14,0,0
64760,3,1,1987,0,0,0,0,0,0,0,0,0,0
64760,4,1,1987,0,5,0,0,0,0,0,0,0,0
64761,0,1,1987,0,0,0,0,0,0,0,0,0,0
64761,1,1,1987,0,0,0,25,0,0,0,0,0,0
64762,1,1,1987,0,0,0,0,0,0,0,0,0,0
64763,0,1,1987,0,0,0,0,0,0,0,0,0,0
64763,1,1,1987,0,0,0,0,0,0,0,0,0,0
64764,1,1,1987,0,0,0,0,0,0,0,0,0,0
64764,2,1,1987,0,0,0,0,0,0,0,0,0,0
64765,1,1,1987,23,23,23,23,23,23,23,23,23,23
64765,2,1,1987,3,3,3,3,3,3,3,3,3,3
64766,1,1,1987,0,0,0,0,0,0,0,0,0,0
64767,0,1,1987,31,31,31,31,31,31,31,31,31,31
64767,1,1,1987,0,0,0,12,0,0,0,0,0,0
64767,2,1,1987,16,11,19,12,10,21,13,8,0,2
64767,3,1,1987,0,0,16,0,0,0,0,0,0,0
64767,4,1,1987,19,0,0,0,0,6,0,0,0,11
64767,5,1,1987,0,0,0,0,0,0,9,0,0,7
64768,1,1,1987,21,21,21,21,21,21,21,21,21,21
64769,1,1,1987,29,29,29,29,29,29,29,29,29,29
64769,2,1,1987,0,0,0,0,0,0,0,0,0,0
64770,1,1,1987,0,0,0,0,0,0,0,0,0,0
64771,1,1,1987,11,11,11,11,11,11,11,11,11,11
64771,2,1,1987,0,0,0,0,0,0,0,0,0,0
64771,3,1,1987,0,0,0,0,0,0,0,0,0,0
64772,1,1,1987,0,0,0,0,0,0,0,0,0,0
64772,2,1,1987,0,0,0,0,0,0,0,0,0,0
64773,1,1,1987,0,0,0,0,0,20,0,0,0,0
64773,2,1,1987,0,0,0,0,0,0,0,0,0,0
64774,1,1,1987,0,0,0,0,0,0,0,0,0,0
64774,2,1,1987,0,0,0,0,0,0,0,0,0,0
64775,0,1,1987,0,0,0,0,0,0,0,0,0,0
64775,1,1,1987,0,0,0,0,0,0,0,0,0,0
64776,1,1,1987,0,0,0,0,0,0,0,0,0,0
64777,1,1,1987,23,23,23,23,23,23,23,23,23,23
64777,2,1,1987,0,0,0,0,0,0,0,0,0,0
64778,0,1,1987,0,0,0,0,0,0,0,0,0,0
64778,1,1,1987,0,0,0,0,0,0,0,0,0,0
64779,0,1,1987,0,0,0,0,0,0,0,0,0,0
64779,1,1,1987,0,0,0,0,0,0,0,0,0,0
64780,1,1,1987,15,15,15,15,15,15,15,15,15,15
64780,2,1,1987,0,0,0,0,0,11,0,0,0,0
64781,1,1,1987,17,17,17,17,17,17,17,17,17,17
64781,2,1,1987,0,0,0,0,0,0,0,0,0,0
64782,0,1,1987,0,0,0,0,0,0,0,0,0,0
64782,1,1,1987,0,0,0,0,0,0,0,0,0,0
64783,1,1,1987,0,0,0,0,0,0,0,0,0,0
64783,2,1,1987,0,0,0,0,11,0,0,0,0,0
64783,3,1,1987,0,0,0,0,0,0,0,0,0,0
64784,0,1,1987,12,0,20,0,0,0,0,0,19,15
64784,1,1,1987,0,0,0,0,0,0,0,0,0,0
64785,1,1,1987,17,17,17,17,17,17,17,17,17,17
64786,0,1,1987,27,27,27,27,27,27,27,27,27,27
64786,1,1,1987,16,26,10,24,13,18,10,6,8,11
64786,2,1,1987,0,0,0,0,0,0,0,0,0,0
64787,1,1,1987,7,7,7,7,7,7,7,7,7,7
64788,0,1,1987,2,2,2,2,2,2,2,2,2,2
64788,0,2,1987,0,0,0,0,0,0,0,0,0,0
64788,0,3,1987,0,0,0,0,0,0,0,0,0,0
64788,3,1,1987,6,0,7,0,3,0,0,0,18,0
64788,4,1,1987,0,0,0,0,0,0,0,0,0,0
64788,5,1,1987,0,0,0,0,0,0,0,0,0,0
64789,0,1,1987,0,0,0,0,0,0,0,0,0,0
64789,0,2,1987,0,0,0,0,0,0,0,0,0,0
64789,1,1,1987,0,0,0,0,0,0,0,0,0,0
64790,1,1,1987,0,0,0,0,0,0,0,0,0,0
64790,2,1,1987,0,0,0,0,0,0,0,0,0,0
64790,3,1,1987,0,0,0,0,0,0,0,0,0,0
64791,1,1,1987,22,22,22,22,22,22,22,22,22,22
64792,1,1,1987,11,11,11,11,11,11,11,11,11,11
64792,2,1,1987,0,21,0,0,0,0,6,0,9,0
64793,1,1,1987,0,0,0,0,0,0,0,0,0,0
64794,1,1,1987,0,0,0,0,0,0,0,0,0,0
64795,1,1,1987,0,0,0,0,0,0,0,0,0,0
64796,1,1,1987,18,18,18,18,18,18,18,18,18,18
64797,1,1,1987,0,0,0,0,0,0,0,0,0,0
64797,2,1,1987,0,12,0,0,0,0,0,0,0,0
64798,1,1,1987,17,17,17,17,17,17,17,17,17,17
64799,1,1,1987,0,0,0,0,0,0,0,0,0,0
64800,0,1,1987,15,15,15,15,15,15,15,15,15,15
64800,1,1,1987,14,36,0,9,17,0,0,25,20,8
64801,0,1,1987,0,0,0,0,0,0,0,0,0,0
64801,1,1,1987,0,0,0,0,0,0,0,0,0,0
64802,1,1,1987,13,13,13,13,13,13,13,13,13,13
64803,1,1,1987,0,26,0,0,0,0,0,0,12,0
64804,1,1,1987,10,10,10,10,10,10,10,10,10,10
64805,1,1,1987,0,0,10,0,0,0,0,0,0,0
64805,2,1,1987,0,0,0,0,0,0,0,0,0,12
64806,0,1,1987,24,24,24,24,24,24,24,24,24,24
64806,1,1,1987,0,0,33,23,0,48,0,29,0,8
64807,0,1,1987,0,0,0,0,0,0,0,0,0,0
64807,1,1,1987,0,0,0,0,0,22,0,0,0,0
64808,1,1,1987,38,38,38,38,38,38,38,38,38,38
64809,0,1,1987,0,0,0,0,0,0,0,0,0,0
64809,1,1,1987,0,0,0,0,0,0,0,0,0,0
64810,0,1,1987,29,29,29,29,29,29,29,29,29,29
64810,1,1,1987,18,0,18,4,0,0,0,0,25,0
64811,1,1,1987,0,0,0,0,0,0,0,0,0,0
64811,2,1,1987,0,0,0,0,0,0,0,0,15,0
64812,0,1,1987,0,0,0,0,0,0,0,0,0,0
64812,0,2,1987,0,0,0,0,0,0,0,0,0,0
64812,1,1,1987,0,0,0,0,0,0,0,0,15,0
64813,1,1,1987,18,18,18,18,18,18,18,18,18,18
64813,2,1,1987,0,0,0,0,0,21,0,0,12,0
64814,0,1,1987,0,0,0,0,0,0,0,0,0,0
64814,1,1,1987,0,0,0,0,0,0,0,0,0,0
64815,1,1,1987,0,0,0,0,0,0,0,0,0,0
64815,2,1,1987,0,0,0,0,0,0,0,0,0,0
64816,1,1,1987,14,14,0,21,8,14,0,12,25,11
64817,1,1,1987,0,0,0,0,0,0,0,0,0,0
64818,1,1,1987,0,0,0,0,0,0,0,0,0,0
64818,2,1,1987,6,6,6,6,6,6,6,6,6,6
64818,3,1,1987,0,0,0,0,0,0,0,0,0,0
64819,0,1,1987,0,0,0,0,0,0,0,0,0,0
64819,1,1,1987,0,19,12,0,0,0,0,0,0,0
64820,0,1,1987,0,26,0,0,0,0,17,0,0,0
64820,1,1,1987,17,17,17,17,17,17,17,17,17,17
64821,1,1,1987,17,17,17,17,17,17,17,17,17,17
64821,2,1,1987,0,0,0,0,0,25,11,0,0,0
64821,3,1,1987,0,0,0,0,0,0,12,0,0,0
64821,4,1,1987,0,0,0,0,0,0,0,0,0,0
64822,1,1,1987,0,0,8,0,6,0,0,0,0,0
64822,2,1,1987,0,0,0,0,0,0,0,0,0,0
64823,1,1,1987,12,12,12,12,12,12,12,12,12,12
64823,2,1,1987,0,0,0,0,0,0,0,0,0,0
64823,3,1,1987,0,0,0,0,0,0,0,0,0,0
64823,4,1,1987,0,0,0,0,0,0,0,0,0,0
64824,0,1,1987,28,28,28,28,28,28,28,28,28,28
64824,1,1,1987,0,0,0,0,0,0,0,0,0,7
64825,0,1,1987,20,0,0,0,19,0,0,0,0,0
64825,1,1,1987,0,0,13,0,0,0,0,0,0,0
64826,1,1,1987,29,29,29,29,29,29,29,29,29,29
64826,2,1,1987,8,8,8,8,8,8,8,8,8,8
64827,1,1,1987,16,16,16,16,16,16,16,16,16,16
64828,1,1,1987,0,0,0,0,0,0,0,0,0,0
64829,1,1,1987,0,0,0,0,0,0,0,0,0,0
64829,2,1,1987,0,0,0,0,0,0,0,0,0,0
64830,1,1,1987,20,20,20,20,20,20,20,20,20,20
64831,1,1,1987,18,18,18,18,18,18,18,18,18,18
64831,2,1,1987,0,0,0,0,0,0,0,0,0,5
64832,1,1,1987,11,11,11,11,11,11,11,11,11,11
64833,0,1,1987,0,0,0,0,0,0,0,0,0,0
64833,1,1,1987,31,14,13,0,0,0,0,0,17,0
64833,2,1,1987,0,0,0,0,0,0,0,0,0,0
64834,1,1,1987,19,25,4,0,0,3,16,9,8,8
64835,1,1,1987,0,0,0,0,0,0,0,0,0,0
64835,2,1,1987,0,0,0,0,0,0,0,0,0,0
64836,1,1,1987,0,0,0,0,0,0,0,0,0,0
64837,0,1,1987,0,0,0,0,0,0,0,0,0,0
64837,1,1,1987,0,0,0,0,0,0,0,0,0,0
64838,1,1,1987,18,18,18,18,18,18,18,18,18,18
64839,1,1,1987,18,18,18,18,18,18,18,18,18,18
64840,0,1,1987,0,0,0,0,0,0,0,0,0,0
64840,1,1,1987,0,0,0,0,0,0,0,0,0,0
64841,1,1,1987,0,0,0,0,0,0,0,0,0,0
64841,2,1,1987,0,0,0,0,0,0,0,0,0,0
64842,1,1,1987,0,0,0,0,0,0,0,0,0,0
64842,2,1,1987,17,23,0,0,0,0,0,0,0,0
64843,1,1,1987,0,0,0,0,0,0,0,0,0,0
64844,0,1,1987,0,0,5,0,0,0,0,0,0,0
64844,1,1,1987,0,0,0,0,0,0,0,0,0,0
64845,0,1,1987,0,0,0,0,0,0,0,0,0,0
64845,1,1,1987,0,0,0,0,0,0,15,0,14,0
64846,0,1,1987,0,0,0,0,0,0,0,0,0,0
64846,1,1,1987,0,0,0,0,11,0,0,0,0,0
64846,2,1,1987,0,0,0,4,0,0,0,0,0,0
64847,1,1,1987,0,0,0,0,0,0,0,0,0,0
64847,2,1,1987,0,0,0,0,0,0,0,0,0,0
64848,0,1,1987,0,0,0,0,0,0,0,0,0,0
64848,1,1,1987,0,0,0,0,0,0,0,0,0,0
64849,1,1,1987,28,9,17,19,5,0,0,9,0,0
64850,1,1,1987,0,0,0,0,0,0,0,0,0,0
64850,2,1,1987,0,0,0,0,0,0,0,0,0,0
64851,1,1,1987,0,0,0,0,0,0,0,0,0,0
64851,2,1,1987,0,11,0,0,0,0,0,0,0,0
64852,1,1,1987,0,0,0,0,0,0,0,0,0,0
64852,2,1,1987,0,0,0,0,0,0,0,0,0,0
64853,0,1,1987,0,0,25,0,12,0,0,0,0,0
64853,1,1,1987,0,0,0,0,0,0,0,0,0,0
64854,1,1,1987,0,0,0,0,0,0,0,0,0,0
64855,1,1,1987,0,0,0,0,0,0,0,0,0,0
64856,1,1,1987,16,16,16,16,16,16,16,16,16,16
64857,1,1,1987,25,25,25,25,25,25,25,25,25,25
64857,2,1,1987,11,0,0,0,0,0,0,0,0,0
64858,1,1,1987,0,0,0,0,0,0,0,0,0,0
64858,2,1,1987,0,0,0,0,0,0,0,0,0,0
64859,1,1,1987,15,15,15,15,15,15,15,15,15,15
64860,1,1,1987,0,0,0,0,0,0,0,0,0,0
64861,1,1,1987,0,0,0,19,8,0,8,0,0,7
64862,1,1,1987,0,0,0,0,0,0,0,0,0,0
64862,2,1,1987,0,0,0,9,0,0,0,0,0,0
64863,1,1,1987,0,0,0,0,0,0,0,0,0,0
64863,2,1,1987,0,0,0,0,0,0,0,0,0,0
64865,0,1,1987,0,0,0,0,0,0,0,0,0,0
64865,1,1,1987,0,0,0,0,0,0,0,0,0,0
64866,0,1,1987,0,0,0,12,0,24,0,0,8,0
64866,1,1,1987,0,0,0,0,0,0,0,0,0,0
64867,1,1,1987,0,0,0,0,0,0,0,0,0,0
64867,2,1,1987,0,0,0,0,0,0,0,0,0,0
64868,1,1,1987,18,0,0,0,0,0,0,8,0,21
64868,2,1,1987,0,0,0,0,0,0,0,0,0,0
64869,0,1,1987,19,19,19,19,19,19,19,19,19,19
64869,1,1,1987,0,0,0,0,0,0,0,0,0,0
64870,1,1,1987,0,0,0,0,0,0,0,0,0,0
64870,2,1,1987,0,0,0,0,0,0,0,0,0,0
64871,1,1,1987,0,0,0,0,0,0,0,0,0,0
64871,2,1,1987,0,0,0,0,0,0,0,0,0,0
64871,3,1,1987,0,0,0,0,0,0,0,0,0,0
64872,1,1,1987,0,0,0,0,0,0,0,0,0,0
64872,2,1,1987,0,0,0,0,0,0,0,0,0,0
64873,1,1,1987,31,31,31,31,31,31,31,31,31,31
64874,1,1,1987,23,23,23,23,23,23,23,23,23,23
64874,2,1,1987,0,0,0,0,9,0,0,0,0,0
64875,0,1,1987,3,3,3,3,3,3,3,3,3,3
64875,1,1,1987,0,19,0,0,0,0,16,0,0,0
64876,1,1,1987,0,0,0,0,0,0,0,9,0,0
64876,2,1,1987,0,0,0,0,0,0,0,0,0,0
64876,3,1,1987,0,0,0,0,0,0,0,0,0,0
64877,1,1,1987,19,19,19,19,19,19,19,19,19,19
64878,0,1,1987,0,0,0,0,0,0,0,0,0,0
64878,1,1,1987,0,0,0,0,0,0,0,0,0,0
64879,0,1,1987,0,9,0,0,0,0,0,0,0,0
64879,1,1,1987,30,30,30,30,30,30,30,30,30,30
64880,0,1,1987,20,23,29,16,12,33,17,20,12,42
64880,0,2,1987,0,24,0,0,14,0,0,9,0,0
64880,1,1,1987,15,0,0,19,10,0,0,0,8,0
64881,1,1,1987,14,14,14,14,14,14,14,14,14,14
64882,1,1,1987,21,0,0,0,12,8,20,0,0,5
64883,1,1,1987,29,29,29,29,29,29,29,29,29,29
64884,1,1,1987,0,0,0,0,0,0,0,0,0,0
64885,1,1,1987,0,0,0,0,0,0,0,0,0,0
64886,1,1,1987,0,0,0,0,0,0,0,0,0,0
64886,2,1,1987,0,0,0,0,0,0,0,0,0,0
64887,1,1,1987,0,0,0,0,0,0,0,0,0,0
64887,2,1,1987,0,0,0,0,0,0,0,0,12,0
64888,1,1,1987,0,0,0,0,0,0,0,0,0,0
64888,2,1,1987,0,0,0,0,0,0,0,0,0,0
64889,0,1,1987,0,0,0,0,0,0,0,0,0,0
64889,1,1,1987,0,0,0,0,0,0,0,0,0,0
64890,1,1,1987,6,6,6,6,6,6,6,6,6,6
64890,2,1,1987,14,0,10,9,0,0,0,0,0,0
64891,1,1,1987,10,10,10,10,10,10,10,10,10,10
64891,2,1,1987,0,11,0,0,0,0,0,0,15,0
64892,1,1,1987,21,21,21,21,21,21,21,21,21,21
64893,1,1,1987,0,0,0,0,0,0,0,0,0,0
64894,1,1,1987,19,19,19,19,19,19,19,19,19,19
64894,2,1,1987,0,0,0,0,0,0,0,0,0,0
64895,1,1,1987,25,25,25,25,25,25,25,25,25,25
64895,2,1,1987,0,0,0,0,0,0,0,0,0,0
64896,1,1,1987,1,1,1,1,1,1,1,1,1,1
64896,2,1,1987,11,11,11,11,11,11,11,11,11,11
64896,3,1,1987,0,0,0,0,16,0,0,0,0,0
64896,4,1,1987,0,0,9,0,0,0,0,0,0,0
64897,1,1,1987,0,25,0,16,0,0,0,20,23,11
64897,2,1,1987,0,0,0,0,0,0,20,0,0,0
64898,1,1,1987,21,21,21,21,21,21,21,21,21,21
64898,2,1,1987,6,6,6,6,6,6,6,6,6,6
64899,1,1,1987,22,22,22,22,22,22,22,22,22,22
64899,2,1,1987,0,0,0,0,0,0,0,0,0,0
64899,3,1,1987,0,0,0,0,0,0,0,0,0,0
64900,0,1,1987,0,0,0,0,0,0,0,0,0,0
64900,1,1,1987,0,0,0,0,0,0,0,0,0,0
64901,1,1,1987,12,0,0,0,0,0,0,0,0,0
64901,2,1,1987,0,7,0,0,0,0,0,0,0,0
64901,3,1,1987,0,0,0,0,0,0,0,0,0,0
64901,4,1,1987,0,0,0,0,0,0,0,0,0,0
64902,1,1,1987,0,0,0,0,0,0,0,0,0,0
64902,2,1,1987,0,0,0,0,0,0,0,0,0,0
64903,1,1,1987,4,4,4,4,4,4,4,4,4,4
64904,0,1,1987,5,5,5,5,5,5,5,5,5,5
64904,1,1,1987,0,0,0,0,0,0,0,0,0,0
64905,1,1,1987,0,0,0,0,0,0,0,0,0,0
64906,1,1,1987,0,0,0,0,0,0,0,0,0,0
64906,2,1,1987,0,0,0,0,0,0,0,0,0,0
64906,3,1,1987,0,0,0,0,0,0,0,0,0,0
64907,1,1,1987,0,0,0,0,0,0,0,0,0,0
64908,0,1,1987,0,8,0,0,0,0,33,0,0,0
64908,1,1,1987,0,0,0,0,0,0,0,0,0,0
64909,0,1,1987,0,0,0,0,0,0,0,0,0,0
64909,1,1,1987,0,0,0,0,0,0,0,0,0,0
64910,1,1,1987,0,16,0,14,0,0,0,0,20,0
64911,0,1,1987,7,7,7,7,7,7,7,7,7,7
64911,1,1,1987,0,0,0,0,0,0,0,0,0,0
64912,1,1,1987,20,20,20,20,20,20,20,20,20,20
64913,0,1,1987,0,0,0,0,0,0,0,0,0,0
64913,1,1,1987,0,0,0,0,0,12,0,0,0,0
64914,1,1,1987,0,0,0,0,0,0,0,0,0,0
64914,2,1,1987,0,0,0,0,0,0,0,0,0,0
64914,3,1,1987,6,6,6,6,6,6,6,6,6,6
64915,0,1,1987,23,17,12,19,36,51,11,17,15,6
64915,1,1,1987,0,0,0,0,0,0,0,0,0,0
64916,1,1,1987,0,0,0,0,0,0,0,0,0,0
64916,2,1,1987,0,0,0,0,9,0,0,0,0,0
64917,1,1,1987,7,7,7,7,7,7,7,7,7,7
64918,1,1,1987,2,2,2,2,2,2,2,2,2,2
64918,2,1,1987,0,0,0,0,0,0,0,0,0,0
64919,1,1,1987,15,15,15,15,15,15,15,15,15,15
64920,1,1,1987,0,0,0,0,0,0,0,0,0,0
64920,2,1,1987,0,0,15,9,0,2,0,0,0,7
64921,1,1,1987,0,0,0,0,0,0,0,0,0,0
64922,0,1,1987,0,0,0,0,0,0,0,0,0,0
64922,1,1,1987,0,24,8,14,15,11,0,23,0,21
64923,1,1,1987,0,0,0,0,0,0,0,0,0,0
64924,1,1,1987,0,0,0,0,0,0,0,0,0,0
64924,2,1,1987,0,0,0,0,0,0,0,0,0,0
64925,1,1,1987,16,16,16,16,16,16,16,16,16,16
64925,2,1,1987,22,22,22,22,22,22,22,22,22,22
64926,0,1,1987,19,19,19,19,19,19,19,19,19,19
64926,1,1,1987,6,6,6,6,6,6,6,6,6,6
64927,1,1,1987,17,17,17,17,17,17,17,17,17,17
64927,2,1,1987,13,11,13,7,19,14,27,18,7,8
64928,1,1,1987,20,0,0,0,0,0,0,0,0,0
64929,0,1,1987,15,0,15,15,0,0,0,9,0,9
64929,0,2,1987,0,0,0,0,0,0,0,0,0,0
64929,0,3,1987,0,0,0,0,0,0,0,0,0,0
64929,1,1,1987,0,0,0,0,0,0,0,0,0,0
64930,1,1,1987,0,0,0,0,0,0,0,0,0,0
64930,2,1,1987,0,0,0,0,0,0,0,0,15,0
64931,1,1,1987,0,0,0,0,0,0,0,0,0,0
64931,2,1,1987,0,0,0,0,0,0,0,0,0,0
64932,0,1,1987,28,28,28,28,28,28,28,28,28,28
64932,1,1,1987,0,0,8,0,0,10,0,22,0,0
64933,1,1,1987,0,0,0,0,0,0,0,0,0,0
64933,2,1,1987,0,0,0,0,0,0,0,0,0,0
64934,1,1,1987,2,2,2,2,2,2,2,2,2,2
64934,2,1,1987,0,0,0,0,0,0,0,0,0,0
64935,0,1,1987,0,0,0,0,0,0,0,0,0,0
64935,1,1,1987,0,0,0,0,0,0,0,0,0,0
64936,1,1,1987,14,14,14,14,14,14,14,14,14,14
64936,2,1,1987,0,0,0,0,0,0,0,0,0,0
64937,1,1,1987,0,0,0,0,0,0,0,0,0,0
64937,2,1,1987,0,0,0,0,0,0,0,0,0,0
64938,1,1,1987,0,0,0,0,0,0,0,0,0,0
64939,0,1,1987,0,0,0,0,29,0,0,0,0,0
64939,1,1,1987,0,0,0,0,0,0,0,0,0,0
64940,1,1,1987,16,16,16,16,16,16,16,16,16,16
64941,1,1,1987,0,0,0,0,0,0,0,0,0,0
64941,2,1,1987,0,0,0,0,0,0,0,16,0,15
64942,0,1,1987,0,0,0,0,0,0,0,0,0,0
64942,0,2,1987,0,0,0,0,0,0,0,0,0,0
64942,1,1,1987,12,12,12,12,12,12,12,12,12,12
64943,1,1,1987,30,30,30,30,30,30,30,30,30,30
64943,2,1,1987,8,8,8,8,8,8,8,8,8,8
64944,1,1,1987,0,0,0,0,0,0,0,0,0,0
64944,2,1,1987,0,0,0,0,0,0,0,0,0,0
64945,1,1,1987,0,0,0,0,0,0,0,0,0,0
64945,2,1,1987,0,0,0,0,0,0,0,0,0,0
64946,1,1,1987,9,9,9,9,9,9,9,9,9,9
64947,1,1,1987,0,0,0,0,0,0,0,0,0,0
64948,1,1,1987,0,0,3,4,0,0,0,0,0,0
64948,3,1,1987,0,0,0,0,0,0,0,0,0,0
64949,1,1,1987,0,0,0,0,0,0,0,0,0,0
64949,2,1,1987,0,0,0,0,0,0,0,0,0,0
64950,1,1,1987,0,17,7,0,22,18,14,14,0,13
64950,2,1,1987,0,0,0,0,0,0,0,0,0,0
64951,1,1,1987,0,0,0,0,0,0,0,0,0,0
64952,1,1,1987,0,0,0,0,0,0,0,0,0,0
64952,2,1,1987,10,0,0,0,0,0,0,0,6,0
64953,1,1,1987,25,25,25,25,25,25,25,25,25,25
64954,1,1,1987,0,0,0,0,0,0,0,0,0,0
64954,2,1,1987,0,0,0,0,0,0,0,0,0,0
64955,1,1,1987,3,3,3,3,3,3,3,3,3,3
64955,2,1,1987,0,0,16,0,0,0,0,0,0,0
64956,1,1,1987,0,0,0,0,16,0,0,0,0,0
64956,2,1,1987,0,0,0,0,0,0,0,0,0,0
64957,1,1,1987,0,0,0,0,0,0,0,0,0,0
64958,1,1,1987,11,29,19,24,0,22,20,0,18,0
64959,1,1,1987,9,9,9,9,9,9,9,9,9,9
64959,2,1,1987,0,0,14,0,0,0,0,0,13,0
64960,0,1,1987,0,0,0,0,0,0,0,0,0,0
64960,1,1,1987,0,16,22,13,25,15,0,0,0,8
64962,1,1,1987,0,0,5,0,0,17,0,17,0,0